adp,age,bye_week,draft_pick,draft_round,fantasy_points,player_id,player_name,position,rank_consensus,season,source_count,team
186.0,,,186,16,271.65999999999997,tom_brady,Tom Brady,QB,,2022,0,UNK
,,,,,0.16,andy_lee,Andy Lee,P,,2022,0,UNK
,,,,,0.0,robbie_gould,Robbie Gould,K,,2022,0,UNK
172.0,,,172,15,239.20000000000002,aaron_rodgers,Aaron Rodgers,QB,,2022,0,UNK
158.0,,,158,14,0.0,matt_prater,Matt Prater,K,,2022,0,UNK
,,,,,20.6,marcedes_lewis,Marcedes Lewis,TE,,2022,0,UNK
,,,,,0.0,nick_folk,Nick Folk,K,,2022,0,UNK
,,,,,0.0,mason_crosby,Mason Crosby,K,,2022,0,UNK
,,,,,0.0,brett_kern,Brett Kern,P,,2022,0,UNK
,,,,,0.0,j.j._jansen,J.J. Jansen,LS,,2022,0,UNK
84.0,,,84,7,155.28,matt_ryan,Matt Ryan,QB,,2022,0,UNK
,,,,,48.339999999999996,joe_flacco,Joe Flacco,QB,,2022,0,UNK
,,,,,0.0,duane_brown,Duane Brown,OT,,2022,0,UNK
,,,,,15.3,desean_jackson,DeSean Jackson,WR,,2022,0,UNK
,,,,,0.0,calais_campbell,Calais Campbell,DE,,2022,0,UNK
,,,,,-0.5,chad_henne,Chad Henne,QB,,2022,0,UNK
,,,,,0.0,matthew_slater,Matthew Slater,WR,,2022,0,UNK
,,,,,0.7000000000000001,josh_johnson,Josh Johnson,QB,,2022,0,UNK
24.0,,,24,2,108.38000000000001,matthew_stafford,Matthew Stafford,QB,,2022,0,UNK
,,,,,8.48,chase_daniel,Chase Daniel,QB,,2022,0,UNK
,,,,,1.48,brian_hoyer,Brian Hoyer,QB,,2022,0,UNK
,,,,,0.0,graham_gano,Graham Gano,K,,2022,0,UNK
157.0,,,157,14,0.0,ryan_succop,Ryan Succop,K,,2022,0,UNK
,,,,,0.0,kevin_huber,Kevin Huber,P,,2022,0,UNK
,,,,,0.0,thomas_morstead,Thomas Morstead,P,,2022,0,UNK
,,,,,0.0,matt_overton,Matt Overton,LS,,2022,0,UNK
,,,,,0.0,jon_weeks,Jon Weeks,LS,,2022,0,UNK
,,,,,0.0,morgan_cox,Morgan Cox,LS,,2022,0,UNK
,,,,,0.0,devin_mccourty,Devin McCourty,FS,,2022,0,UNK
,,,,,0.0,rodger_saffold,Rodger Saffold,G,,2022,0,UNK
,,,,,0.0,carlos_dunlap,Carlos Dunlap,DE,,2022,0,UNK
,,,,,0.0,corey_peters,Corey Peters,DE,,2022,0,UNK
,,,,,32.800000000000004,colt_mccoy,Colt McCoy,QB,,2022,0,UNK
,,,,,0.0,andre_roberts,Andre Roberts,WR,,2022,0,UNK
,,,,,0.0,al_woods,Al Woods,DT,,2022,0,UNK
,,,,,0.0,ndamukong_suh,Ndamukong Suh,NT,,2022,0,UNK
,,,,,0.0,trent_williams,Trent Williams,OT,,2022,0,UNK
,,,,,0.0,tyson_alualu,Tyson Alualu,DE,,2022,0,UNK
,,,,,0.0,brandon_graham,Brandon Graham,DE,,2022,0,UNK
,,,,,0.0,jason_pierre-paul,Jason Pierre-Paul,DE,,2022,0,UNK
,,,,,0.0,kareem_jackson,Kareem Jackson,S,,2022,0,UNK
,,,,,0.0,jerry_hughes,Jerry Hughes,DE,,2022,0,UNK
,,,,,0.0,linval_joseph,Linval Joseph,DT,,2022,0,UNK
,,,,,0.0,von_miller,Von Miller,OLB,,2022,0,UNK
,,,,,0.0,a.j._green,A.J. Green,CB,,2022,0,UNK
,,,,,0.0,patrick_peterson,Patrick Peterson,CB,,2022,0,UNK
100.0,,,100,9,46.4,julio_jones,Julio Jones,WR,,2022,0,UNK
,,,,,5.16,blaine_gabbert,Blaine Gabbert,QB,,2022,0,UNK
,,,,,0.0,j.j._watt,J.J. Watt,DE,,2022,0,UNK
,,,,,0.0,robert_quinn,Robert Quinn,DE,,2022,0,UNK
,,,,,0.0,cameron_jordan,Cameron Jordan,LB,,2022,0,UNK
,,,,,34.1,mark_ingram,Mark Ingram,RB,,2022,0,UNK
,,,,,0.0,cameron_heyward,Cameron Heyward,DE,,2022,0,UNK
,,,,,174.24,andy_dalton,Andy Dalton,QB,,2022,0,UNK
,,,,,8.8,kyle_rudolph,Kyle Rudolph,TE,,2022,0,UNK
,,,,,0.0,rodney_hudson,Rodney Hudson,C,,2022,0,UNK
,,,,,47.7,randall_cobb,Randall Cobb,WR,,2022,0,UNK
,,,,,0.0,justin_houston,Justin Houston,OLB,,2022,0,UNK
,,,,,0.0,taiwan_jones,Taiwan Jones,RB,,2022,0,UNK
,,,,,11.32,tyrod_taylor,Tyrod Taylor,QB,,2022,0,UNK
,,,,,0.0,jason_kelce,Jason Kelce,C,,2022,0,UNK
,,,,,0.0,lawrence_guy,Lawrence Guy,DT,,2022,0,UNK
,,,,,0.0,chris_harris,Chris Harris,CB,,2022,0,UNK
,,,,,0.0,josh_bynes,Josh Bynes,ILB,,2022,0,UNK
,,,,,0.0,patrick_scales,Patrick Scales,LS,,2022,0,UNK
,,,,,0.30000000000000004,nick_bellore,Nick Bellore,LB,,2022,0,UNK
,,,,,0.0,mario_addison,Mario Addison,DL,,2022,0,UNK
,,,,,0.0,josh_harris,Josh Harris,LS,,2022,0,UNK
,,,,,0.0,johnny_hekker,Johnny Hekker,P,,2022,0,UNK
,,,,,0.0,rodney_mcleod_jr.,Rodney McLeod Jr.,FS,,2022,0,UNK
52.0,,,52,5,35.1,michael_thomas,Michael Thomas,WR,,2022,0,UNK
,,,,,0.0,tashaun_gipson,Tashaun Gipson,FS,,2022,0,UNK
,,,,,0.0,aaron_brewer,Aaron Brewer,C,,2022,0,UNK
,,,,,0.32,case_keenum,Case Keenum,QB,,2022,0,UNK
,,,,,3.5,cole_beasley,Cole Beasley,WR,,2022,0,UNK
,,,,,0.0,charley_hughlett,Charley Hughlett,LS,,2022,0,UNK
,,,,,0.0,tom_compton,Tom Compton,G,,2022,0,UNK
,,,,,0.0,mike_remmers,Mike Remmers,G,,2022,0,UNK
,,,,,0.0,bruce_irvin,Bruce Irvin,LB,,2022,0,UNK
,,,,,18.3,brandon_bolden,Brandon Bolden,RB,,2022,0,UNK
,,,,,0.0,melvin_ingram,Melvin Ingram,LB,,2022,0,UNK
,,,,,0.0,bobby_wagner,Bobby Wagner,MLB,,2022,0,UNK
,,,,,0.0,casey_hayward,Casey Hayward,CB,,2022,0,UNK
9.0,,,9,1,224.76000000000002,russell_wilson,Russell Wilson,QB,,2022,0,UNK
,,,,,0.0,josh_norman,Josh Norman,CB,,2022,0,UNK
,,,,,70.9,marvin_jones,Marvin Jones,WR,,2022,0,UNK
,,,,,0.0,kelvin_beachum,Kelvin Beachum,OT,,2022,0,UNK
,,,,,0.0,vinny_curry,Vinny Curry,DE,,2022,0,UNK
,,,,,0.0,ben_jones,Ben Jones,C,,2022,0,UNK
,,,,,0.0,dennis_kelly,Dennis Kelly,OT,,2022,0,UNK
,,,,,0.0,randy_bullock,Randy Bullock,K,,2022,0,UNK
,,,,,0.0,justin_bethel,Justin Bethel,CB,,2022,0,UNK
,,,,,0.0,stephon_gilmore,Stephon Gilmore,CB,,2022,0,UNK
,,,,,0.0,lavonte_david,Lavonte David,OLB,,2022,0,UNK
,,,,,1.8,nick_foles,Nick Foles,QB,,2022,0,UNK
,,,,,0.0,chandler_jones,Chandler Jones,DE,,2022,0,UNK
,,,,,0.0,kevin_zeitler,Kevin Zeitler,G,,2022,0,UNK
118.0,,,118,10,0.0,justin_tucker,Justin Tucker,K,,2022,0,UNK
71.0,,,71,6,291.58,kirk_cousins,Kirk Cousins,QB,,2022,0,UNK
,,,,,0.0,harrison_smith,Harrison Smith,FS,,2022,0,UNK
,,,,,0.0,demario_davis,Demario Davis,OLB,,2022,0,UNK
,,,,,12.100000000000001,t.y._hilton,T.Y. Hilton,WR,,2022,0,UNK
,,,,,0.0,greg_zuerlein,Greg Zuerlein,K,,2022,0,UNK
,,,,,0.0,michael_brockers,Michael Brockers,DT,,2022,0,UNK
,,,,,0.0,fletcher_cox,Fletcher Cox,DT,,2022,0,UNK
,,,,,0.0,akiem_hicks,Akiem Hicks,DE,,2022,0,UNK
,,,,,0.0,josh_gordon,Josh Gordon,WR,,2022,0,UNK
,,,,,0.0,riley_reiff,Riley Reiff,OT,,2022,0,UNK
,,,,,0.0,janoris_jenkins,Janoris Jenkins,CB,,2022,0,UNK
,,,,,0.0,greg_van_roten,Greg Van Roten,G,,2022,0,UNK
,,,,,0.0,bryan_anger,Bryan Anger,P,,2022,0,UNK
96.0,,,96,8,161.24,ryan_tannehill,Ryan Tannehill,QB,,2022,0,UNK
,,,,,0.0,ty_nsekhe,Ty Nsekhe,OT,,2022,0,UNK
,,,,,0.0,andrew_depaola,Andrew DePaola,LS,,2022,0,UNK
,,,,,0.0,chris_banjo,Chris Banjo,DB,,2022,0,UNK
,,,,,0.0,cody_davis,Cody Davis,DB,,2022,0,UNK
,,,,,0.0,brandon_mcmanus,Brandon McManus,K,,2022,0,UNK
,,,,,0.0,mike_purcell,Mike Purcell,NT,,2022,0,UNK
,,,,,34.6,kyle_juszczyk,Kyle Juszczyk,FB,,2022,0,UNK
,,,,,0.0,carson_tinker,Carson Tinker,LS,,2022,0,UNK
,,,,,0.0,brandon_copeland,Brandon Copeland,OLB,,2022,0,UNK
47.0,,,47,4,110.0,adam_thielen,Adam Thielen,WR,,2022,0,UNK
51.0,,,51,5,68.6,zach_ertz,Zach Ertz,TE,,2022,0,UNK
,,,,,0.0,darius_slay,Darius Slay,CB,,2022,0,UNK
,,,,,0.0,johnathan_hankins,Johnathan Hankins,DT,,2022,0,UNK
,,,,,0.0,jon_bostic,Jon Bostic,ILB,,2022,0,UNK
,,,,,0.0,terron_armstead,Terron Armstead,OT,,2022,0,UNK
,,,,,63.2,marquise_goodwin,Marquise Goodwin,WR,,2022,0,UNK
,,,,,0.0,john_jenkins,John Jenkins,DT,,2022,0,UNK
,,,,,0.0,david_bakhtiari,David Bakhtiari,OT,,2022,0,UNK
,,,,,0.0,oday_aboushi,Oday Aboushi,G,,2022,0,UNK
,,,,,0.0,micah_hyde,Micah Hyde,S,,2022,0,UNK
,,,,,0.0,sam_martin,Sam Martin,P,,2022,0,UNK
,,,,,0.0,david_quessenberry,David Quessenberry,OT,,2022,0,UNK
,,,,,0.0,dustin_hopkins,Dustin Hopkins,K,,2022,0,UNK
,,,,,2.6,ryan_griffin,Ryan Griffin,TE,,2022,0,UNK
,,,,,0.0,jordan_poyer,Jordan Poyer,FS,,2022,0,UNK
,,,,,0.0,tress_way,Tress Way,P,,2022,0,UNK
23.0,,,23,2,98.0,keenan_allen,Keenan Allen,WR,,2022,0,UNK
,,,,,34.400000000000006,rex_burkhead,Rex Burkhead,RB,,2022,0,UNK
,,,,,0.0,tony_jefferson,Tony Jefferson,S,,2022,0,UNK
,,,,,0.0,brett_maher,Brett Maher,K,,2022,0,UNK
,,,,,0.0,duron_harmon,Duron Harmon,S,,2022,0,UNK
,,,,,0.0,william_gholston,William Gholston,DT,,2022,0,UNK
,,,,,0.0,steven_means,Steven Means,LB,,2022,0,UNK
,,,,,0.0,akeem_spence,Akeem Spence,DT,,2022,0,UNK
,,,,,0.0,logan_ryan,Logan Ryan,CB,,2022,0,UNK
,,,,,0.0,jamie_collins,Jamie Collins,OLB,,2022,0,UNK
68.0,,,68,6,64.7,robert_woods,Robert Woods,WR,,2022,0,UNK
,,,,,2.7,giovani_bernard,Giovani Bernard,RB,,2022,0,UNK
,,,,,0.0,tyrann_mathieu,Tyrann Mathieu,FS,,2022,0,UNK
,,,,,0.0,a.j._klein,A.J. Klein,OLB,,2022,0,UNK
,,,,,0.0,nick_williams,Nick Williams,DT,,2022,0,UNK
13.0,,,13,2,206.3,travis_kelce,Travis Kelce,TE,,2022,0,UNK
,,,,,0.0,brandon_williams,Brandon Williams,DE,,2022,0,UNK
,,,,,127.2,latavius_murray,Latavius Murray,RB,,2022,0,UNK
,,,,,0.0,lane_johnson,Lane Johnson,OT,,2022,0,UNK
57.0,,,57,5,87.7,deandre_hopkins,DeAndre Hopkins,WR,,2022,0,UNK
,,,,,303.88,geno_smith,Geno Smith,QB,,2022,0,UNK
,,,,,0.0,xavier_rhodes,Xavier Rhodes,CB,,2022,0,UNK
79.0,,,79,7,133.7,cordarrelle_patterson,Cordarrelle Patterson,RB,,2022,0,UNK
,,,,,0.0,james_winchester,James Winchester,LS,,2022,0,UNK
,,,,,0.0,daniel_sorensen,Daniel Sorensen,DB,,2022,0,UNK
,,,,,0.0,james_hurst,James Hurst,G,,2022,0,UNK
,,,,,0.0,cornelius_lucas,Cornelius Lucas,OT,,2022,0,UNK
,,,,,0.0,mike_pennel,Mike Pennel,DT,,2022,0,UNK
,,,,,0.0,joe_thomas,Joe Thomas,OLB,,2022,0,UNK
,,,,,0.0,justin_mccray,Justin McCray,G,,2022,0,UNK
,,,,,0.0,tyler_shatley,Tyler Shatley,C,,2022,0,UNK
,,,,,0.0,josh_wells,Josh Wells,OT,,2022,0,UNK
,,,,,0.0,tyler_larsen,Tyler Larsen,C,,2022,0,UNK
,,,,,0.2,damien_williams,Damien Williams,RB,,2022,0,UNK
,,,,,0.0,kerry_hyder,Kerry Hyder,DE,,2022,0,UNK
,,,,,0.0,casey_kreiter,Casey Kreiter,LS,,2022,0,UNK
,,,,,1.0,keith_smith,Keith Smith,FB,,2022,0,UNK
,,,,,0.0,corey_linsley,Corey Linsley,C,,2022,0,UNK
,,,,,0.0,laurent_duvernay-tardif,Laurent Duvernay-Tardif,G,,2022,0,UNK
,,,,,0.0,james_ferentz,James Ferentz,C,,2022,0,UNK
,,,,,0.0,khalil_mack,Khalil Mack,OLB,,2022,0,UNK
,,,,,0.0,kyle_fuller,Kyle Fuller,CB,,2022,0,UNK
,,,,,10.2,john_brown,John Brown,WR,,2022,0,UNK
,,,,,0.0,daquan_jones,DaQuan Jones,DT,,2022,0,UNK
,,,,,0.0,cameron_fleming,Cameron Fleming,OT,,2022,0,UNK
,,,,,0.0,pat_o'donnell,Pat O'Donnell,P,,2022,0,UNK
,,,,,0.0,charles_leno_jr.,Charles Leno Jr.,OT,,2022,0,UNK
,,,,,0.0,terrance_mitchell,Terrance Mitchell,CB,,2022,0,UNK
,,,,,0.0,shaquil_barrett,Shaquil Barrett,LB,,2022,0,UNK
,,,,,0.0,andrew_norwell,Andrew Norwell,G,,2022,0,UNK
,,,,,0.0,christian_jones,Christian Jones,OLB,,2022,0,UNK
,,,,,0.0,chris_boswell,Chris Boswell,K,,2022,0,UNK
,,,,,0.0,matt_feiler,Matt Feiler,G,,2022,0,UNK
,,,,,0.0,brent_urban,Brent Urban,DE,,2022,0,UNK
,,,,,0.0,cairo_santos,Cairo Santos,K,,2022,0,UNK
37.0,,,37,4,88.60000000000001,brandin_cooks,Brandin Cooks,WR,,2022,0,UNK
,,,,,38.02,teddy_bridgewater,Teddy Bridgewater,QB,,2022,0,UNK
,,,,,0.0,devon_kennard,Devon Kennard,OLB,,2022,0,UNK
,,,,,0.0,k'waun_williams,K'Waun Williams,DB,,2022,0,UNK
,,,,,0.0,denico_autry,Denico Autry,DT,,2022,0,UNK
,,,,,0.0,anthony_barr,Anthony Barr,OLB,,2022,0,UNK
,,,,,0.0,jeremiah_attaochu,Jeremiah Attaochu,LB,,2022,0,UNK
,,,,,38.300000000000004,logan_thomas,Logan Thomas,TE,,2022,0,UNK
,,,,,0.0,t.j._carrie,T.J. Carrie,DB,,2022,0,UNK
,,,,,0.0,shelby_harris,Shelby Harris,DE,,2022,0,UNK
,,,,,17.400000000000002,cameron_brate,Cameron Brate,TE,,2022,0,UNK
,,,,,0.0,jake_matthews,Jake Matthews,OT,,2022,0,UNK
27.0,,,27,3,219.07999999999998,derek_carr,Derek Carr,QB,,2022,0,UNK
,,,,,0.0,justin_britt,Justin Britt,C,,2022,0,UNK
,,,,,0.0,c.j._mosley,C.J. Mosley,ILB,,2022,0,UNK
,,,,,0.0,jimmie_ward,Jimmie Ward,SAF,,2022,0,UNK
,,,,,0.0,kevin_pierre-louis,Kevin Pierre-Louis,LB,,2022,0,UNK
125.0,,,125,11,30.5,sammy_watkins,Sammy Watkins,WR,,2022,0,UNK
,,,,,0.0,morgan_moses,Morgan Moses,OT,,2022,0,UNK
,,,,,164.78000000000003,jimmy_garoppolo,Jimmy Garoppolo,QB,,2022,0,UNK
,,,,,0.0,justin_ellis,Justin Ellis,DT,,2022,0,UNK
,,,,,0.0,michael_schofield,Michael Schofield,G,,2022,0,UNK
,,,,,0.0,c.j._goodwin,C.J. Goodwin,CB,,2022,0,UNK
,,,,,0.0,kyle_van_noy,Kyle Van Noy,MLB,,2022,0,UNK
,,,,,0.0,christian_kirksey,Christian Kirksey,OLB,,2022,0,UNK
,,,,,0.0,trai_turner,Trai Turner,G,,2022,0,UNK
,,,,,0.0,michael_palardy,Michael Palardy,P,,2022,0,UNK
,,,,,0.0,jadeveon_clowney,Jadeveon Clowney,OLB,,2022,0,UNK
,,,,,0.0,bradley_roby,Bradley Roby,CB,,2022,0,UNK
,,,,,140.3,jerick_mckinnon,Jerick McKinnon,RB,,2022,0,UNK
6.0,,,6,1,235.5,davante_adams,Davante Adams,WR,,2022,0,UNK
148.0,,,148,13,35.2,jarvis_landry,Jarvis Landry,WR,,2022,0,UNK
,,,,,0.4,richard_rodgers,Richard Rodgers,TE,,2022,0,UNK
,,,,,0.0,aaron_donald,Aaron Donald,DL,,2022,0,UNK
,,,,,0.0,lamarcus_joyner,Lamarcus Joyner,S,,2022,0,UNK
,,,,,0.0,zack_martin,Zack Martin,G,,2022,0,UNK
,,,,,0.0,adrian_phillips,Adrian Phillips,DB,,2022,0,UNK
18.0,,,18,2,148.4,mike_evans,Mike Evans,WR,,2022,0,UNK
,,,,,0.0,demarcus_lawrence,DeMarcus Lawrence,LB,,2022,0,UNK
,,,,,0.0,joel_bitonio,Joel Bitonio,G,,2022,0,UNK
34.0,,,34,3,51.9,allen_robinson,Allen Robinson,WR,,2022,0,UNK
,,,,,0.0,billy_turner,Billy Turner,OT,,2022,0,UNK
,,,,,0.0,taylor_lewan,Taylor Lewan,OT,,2022,0,UNK
,,,,,4.2,chris_manhertz,Chris Manhertz,TE,,2022,0,UNK
,,,,,0.0,jason_myers,Jason Myers,K,,2022,0,UNK
,,,,,0.0,efe_obada,Efe Obada,DE,,2022,0,UNK
72.0,,,72,6,43.92,jameis_winston,Jameis Winston,QB,,2022,0,UNK
,,,,,0.0,la'el_collins,La'el Collins,OT,,2022,0,UNK
63.0,,,63,6,168.0,amari_cooper,Amari Cooper,WR,,2022,0,UNK
,,,,,7.4,kevin_white,Kevin White,WR,,2022,0,UNK
111.0,,,111,10,71.9,devante_parker,DeVante Parker,WR,,2022,0,UNK
,,,,,44.2,nelson_agholor,Nelson Agholor,WR,,2022,0,UNK
,,,,,0.0,shaq_thompson,Shaq Thompson,OLB,,2022,0,UNK
,,,,,0.0,eric_kendricks,Eric Kendricks,MLB,,2022,0,UNK
,,,,,0.0,eric_rowe,Eric Rowe,CB,,2022,0,UNK
,,,,,0.0,jordan_phillips,Jordan Phillips,DT,,2022,0,UNK
,,,,,1.8,maxx_williams,Maxx Williams,TE,,2022,0,UNK
,,,,,0.0,hroniss_grasu,Hroniss Grasu,C,,2022,0,UNK
,,,,,0.0,danielle_hunter,Danielle Hunter,DE,,2022,0,UNK
,,,,,0.0,trey_flowers,Trey Flowers,LB,,2022,0,UNK
,,,,,0.0,za'darius_smith,Za'Darius Smith,DE,,2022,0,UNK
,,,,,0.0,shaq_mason,Shaq Mason,G,,2022,0,UNK
,,,,,0.0,mark_glowinski,Mark Glowinski,G,,2022,0,UNK
,,,,,0.0,grady_jarrett,Grady Jarrett,DT,,2022,0,UNK
,,,,,0.0,adrian_amos,Adrian Amos,S,,2022,0,UNK
,,,,,39.0,mycole_pruitt,MyCole Pruitt,TE,,2022,0,UNK
,,,,,0.0,bobby_mccain,Bobby McCain,CB,,2022,0,UNK
177.0,,,177,15,208.6,stefon_diggs,Stefon Diggs,WR,,2022,0,UNK
,,,,,1.8,michael_burton,Michael Burton,FB,,2022,0,UNK
,,,,,0.0,david_mayo,David Mayo,OLB,,2022,0,UNK
,,,,,0.0,nick_boyle,Nick Boyle,TE,,2022,0,UNK
,,,,,0.0,quandre_diggs,Quandre Diggs,S,,2022,0,UNK
39.0,,,39,4,56.800000000000004,darren_waller,Darren Waller,TE,,2022,0,UNK
,,,,,0.0,christian_ringo,Christian Ringo,DE,,2022,0,UNK
,,,,,0.0,christian_covington,Christian Covington,DE,,2022,0,UNK
123.0,,,123,11,137.3,raheem_mostert,Raheem Mostert,RB,,2022,0,UNK
,,,,,19.9,eric_tomlinson,Eric Tomlinson,TE,,2022,0,UNK
,,,,,0.0,neville_hewitt,Neville Hewitt,LB,,2022,0,UNK
,,,,,68.30000000000001,deandre_carter,DeAndre Carter,WR,,2022,0,UNK
,,,,,0.0,troy_hill,Troy Hill,CB,,2022,0,UNK
,,,,,6.4,jake_kumerow,Jake Kumerow,WR,,2022,0,UNK
,,,,,0.0,deshawn_williams,DeShawn Williams,DE,,2022,0,UNK
,,,,,0.0,justin_coleman,Justin Coleman,CB,,2022,0,UNK
,,,,,115.96000000000001,taylor_heinicke,Taylor Heinicke,QB,,2022,0,UNK
,,,,,17.8,malcolm_brown,Malcolm Brown,RB,,2022,0,UNK
,,,,,0.0,david_andrews,David Andrews,C,,2022,0,UNK
,,,,,38.8,damiere_byrd,Damiere Byrd,WR,,2022,0,UNK
,,,,,0.0,dean_marlowe,Dean Marlowe,S,,2022,0,UNK
,,,,,0.0,alex_singleton,Alex Singleton,LB,,2022,0,UNK
,,,,,0.0,bryce_callahan,Bryce Callahan,CB,,2022,0,UNK
,,,,,0.0,rick_lovato,Rick Lovato,LS,,2022,0,UNK
,,,,,0.0,leonard_williams,Leonard Williams,DE,,2022,0,UNK
,,,,,0.0,preston_smith,Preston Smith,DE,,2022,0,UNK
,,,,,0.0,mitch_morse,Mitch Morse,C,,2022,0,UNK
,,,,,0.0,carl_davis,Carl Davis,DT,,2022,0,UNK
,,,,,6.0,jamison_crowder,Jamison Crowder,WR,,2022,0,UNK
,,,,,0.0,tyeler_davison,Tyeler Davison,DT,,2022,0,UNK
,,,,,0.0,rakeem_nunez-roches,Rakeem Nunez-Roches,DT,,2022,0,UNK
,,,,,0.0,dante_fowler_jr.,Dante Fowler Jr.,DE,,2022,0,UNK
,,,,,0.0,brandon_scherff,Brandon Scherff,G,,2022,0,UNK
,,,,,14.3,breshad_perriman,Breshad Perriman,WR,,2022,0,UNK
,,,,,19.0,tevin_coleman,Tevin Coleman,RB,,2022,0,UNK
,,,,,0.0,p.j._williams,P.J. Williams,S,,2022,0,UNK
,,,,,8.0,blake_bell,Blake Bell,TE,,2022,0,UNK
,,,,,2.2,mike_davis,Mike Davis,RB,,2022,0,UNK
,,,,,0.0,bradley_pinion,Bradley Pinion,P,,2022,0,UNK
,,,,,0.0,trent_brown,Trent Brown,OT,,2022,0,UNK
,,,,,0.0,josh_lambo,Josh Lambo,K,,2022,0,UNK
,,,,,0.0,denzel_perryman,Denzel Perryman,MLB,,2022,0,UNK
,,,,,29.1,ameer_abdullah,Ameer Abdullah,RB,,2022,0,UNK
,,,,,0.0,angelo_blackson,Angelo Blackson,DE,,2022,0,UNK
,,,,,0.0,kwon_alexander,Kwon Alexander,MLB,,2022,0,UNK
,,,,,0.0,markus_golden,Markus Golden,LB,,2022,0,UNK
,,,,,4.6000000000000005,chris_conley,Chris Conley,WR,,2022,0,UNK
,,,,,0.0,jordan_hicks,Jordan Hicks,MLB,,2022,0,UNK
,,,,,0.0,max_garcia,Max Garcia,G,,2022,0,UNK
,,,,,35.2,c.j._uzomah,C.J. Uzomah,TE,,2022,0,UNK
,,,,,11.8,geoff_swaim,Geoff Swaim,TE,,2022,0,UNK
,,,,,62.099999999999994,melvin_gordon,Melvin Gordon,RB,,2022,0,UNK
,,,,,0.0,cameron_erving,Cameron Erving,G,,2022,0,UNK
,,,,,0.0,bud_dupree,Bud Dupree,OLB,,2022,0,UNK
,,,,,0.0,steven_nelson,Steven Nelson,CB,,2022,0,UNK
,,,,,0.0,jon_feliciano,Jon Feliciano,G,,2022,0,UNK
,,,,,10.16,trevor_siemian,Trevor Siemian,QB,,2022,0,UNK
,,,,,0.0,t.y._mcgill,T.Y. McGill,DT,,2022,0,UNK
,,,,,0.0,arik_armstead,Arik Armstead,DE,,2022,0,UNK
,,,,,0.0,marcus_peters,Marcus Peters,CB,,2022,0,UNK
,,,,,5.1000000000000005,david_johnson,David Johnson,RB,,2022,0,UNK
,,,,,0.0,ronald_darby,Ronald Darby,CB,,2022,0,UNK
,,,,,0.0,randy_gregory,Randy Gregory,LB,,2022,0,UNK
,,,,,7.3,ty_montgomery,Ty Montgomery,WR,,2022,0,UNK
,,,,,0.0,andrus_peat,Andrus Peat,G,,2022,0,UNK
,,,,,31.700000000000003,phillip_dorsett,Phillip Dorsett,WR,,2022,0,UNK
,,,,,0.0,frank_clark,Frank Clark,LB,,2022,0,UNK
85.0,,,85,8,155.3,tyler_lockett,Tyler Lockett,WR,,2022,0,UNK
,,,,,5.7,tyler_kroft,Tyler Kroft,TE,,2022,0,UNK
,,,,,0.0,damien_wilson,Damien Wilson,OLB,,2022,0,UNK
,,,,,0.0,donovan_smith,Donovan Smith,OT,,2022,0,UNK
,,,,,0.0,d.j._humphries,D.J. Humphries,OT,,2022,0,UNK
,,,,,0.0,joe_cardona,Joe Cardona,LS,,2022,0,UNK
,,,,,0.0,cedric_ogbuehi,Cedric Ogbuehi,OT,,2022,0,UNK
,,,,,0.0,rob_havenstein,Rob Havenstein,OT,,2022,0,UNK
,,,,,0.0,a.j._cann,A.J. Cann,G,,2022,0,UNK
,,,,,0.4,duke_johnson,Duke Johnson,RB,,2022,0,UNK
,,,,,0.0,landon_collins,Landon Collins,LB,,2022,0,UNK
,,,,,0.0,mario_edwards,Mario Edwards,DT,,2022,0,UNK
120.0,,,120,10,196.56,marcus_mariota,Marcus Mariota,QB,,2022,0,UNK
,,,,,0.0,henry_anderson,Henry Anderson,DE,,2022,0,UNK
,,,,,0.0,erik_harris,Erik Harris,FS,,2022,0,UNK
,,,,,0.0,chester_rogers,Chester Rogers,WR,,2022,0,UNK
,,,,,0.0,tyler_matakevich,Tyler Matakevich,ILB,,2022,0,UNK
,,,,,0.0,deforest_buckner,DeForest Buckner,DT,,2022,0,UNK
,,,,,0.0,eli_apple,Eli Apple,CB,,2022,0,UNK
,,,,,0.0,laremy_tunsil,Laremy Tunsil,OT,,2022,0,UNK
,,,,,0.0,taylor_decker,Taylor Decker,OT,,2022,0,UNK
,,,,,0.0,keanu_neal,Keanu Neal,S,,2022,0,UNK
,,,,,0.0,ryan_kelly,Ryan Kelly,C,,2022,0,UNK
,,,,,21.4,sterling_shepard,Sterling Shepard,WR,,2022,0,UNK
,,,,,0.0,jarran_reed,Jarran Reed,DT,,2022,0,UNK
,,,,,0.0,deion_jones,Deion Jones,LB,,2022,0,UNK
,,,,,0.0,mackensie_alexander,Mackensie Alexander,CB,,2022,0,UNK
,,,,,0.0,joe_thuney,Joe Thuney,G,,2022,0,UNK
,,,,,56.400000000000006,austin_hooper,Austin Hooper,TE,,2022,0,UNK
,,,,,5.5,nick_vannett,Nick Vannett,TE,,2022,0,UNK
,,,,,0.0,graham_glasgow,Graham Glasgow,C,,2022,0,UNK
,,,,,67.1,chris_moore,Chris Moore,WR,,2022,0,UNK
,,,,,0.0,miles_killebrew,Miles Killebrew,SAF,,2022,0,UNK
,,,,,0.0,de'vondre_campbell,De'Vondre Campbell,OLB,,2022,0,UNK
,,,,,0.0,hassan_ridgeway,Hassan Ridgeway,DT,,2022,0,UNK
,,,,,0.0,juston_burris,Juston Burris,FS,,2022,0,UNK
,,,,,0.0,blake_martinez,Blake Martinez,ILB,,2022,0,UNK
,,,,,0.0,dean_lowry,Dean Lowry,DE,,2022,0,UNK
,,,,,0.0,matthew_judon,Matthew Judon,OLB,,2022,0,UNK
,,,,,0.0,quinton_jefferson,Quinton Jefferson,DE,,2022,0,UNK
,,,,,0.0,brandon_shell,Brandon Shell,OT,,2022,0,UNK
,,,,,0.0,dj_reader,DJ Reader,DT,,2022,0,UNK
,,,,,0.0,wes_schweitzer,Wes Schweitzer,G,,2022,0,UNK
,,,,,0.78,brandon_allen,Brandon Allen,QB,,2022,0,UNK
,,,,,16.22,jeff_driskel,Jeff Driskel,QB,,2022,0,UNK
,,,,,0.4,kamu_grugier-hill,Kamu Grugier-Hill,OLB,,2022,0,UNK
,,,,,0.0,elandon_roberts,Elandon Roberts,OLB,,2022,0,UNK
,,,,,0.0,ted_karras,Ted Karras,G,,2022,0,UNK
,,,,,4.5,dwayne_washington,Dwayne Washington,RB,,2022,0,UNK
,,,,,0.0,jayron_kearse,Jayron Kearse,S,,2022,0,UNK
,,,,,0.0,austin_blythe,Austin Blythe,C,,2022,0,UNK
,,,,,0.0,kyle_peko,Kyle Peko,NT,,2022,0,UNK
,,,,,69.2,kalif_raymond,Kalif Raymond,WR,,2022,0,UNK
,,,,,0.0,george_fant,George Fant,OT,,2022,0,UNK
,,,,,-0.30000000000000004,matthias_farley,Matthias Farley,DB,,2022,0,UNK
,,,,,0.0,reid_ferguson,Reid Ferguson,LS,,2022,0,UNK
,,,,,0.0,justin_zimmer,Justin Zimmer,DT,,2022,0,UNK
,,,,,0.0,mike_hilton,Mike Hilton,CB,,2022,0,UNK
,,,,,0.0,alex_erickson,Alex Erickson,WR,,2022,0,UNK
,,,,,0.0,charles_washington,Charles Washington,DB,,2022,0,UNK
,,,,,0.0,wil_lutz,Wil Lutz,K,,2022,0,UNK
,,,,,0.0,michael_pierce,Michael Pierce,DT,,2022,0,UNK
,,,,,0.0,matt_skura,Matt Skura,C,,2022,0,UNK
,,,,,0.0,jonathan_jones,Jonathan Jones,DB,,2022,0,UNK
,,,,,28.8,j.d._mckissic,J.D. McKissic,RB,,2022,0,UNK
,,,,,0.0,andrew_adams,Andrew Adams,DB,,2022,0,UNK
,,,,,0.0,romeo_okwara,Romeo Okwara,DE,,2022,0,UNK
,,,,,0.0,brandin_bryant,Brandin Bryant,DT,,2022,0,UNK
,,,,,0.0,roy_robertson-harris,Roy Robertson-Harris,DE,,2022,0,UNK
,,,,,0.0,taylor_bertolet,Taylor Bertolet,K,,2022,0,UNK
,,,,,0.0,morgan_fox,Morgan Fox,DE,,2022,0,UNK
,,,,,0.0,cory_littleton,Cory Littleton,ILB,,2022,0,UNK
,,,,,32.2,robbie_chosen,Robbie Chosen,WR,,2022,0,UNK
,,,,,0.0,jake_brendel,Jake Brendel,C,,2022,0,UNK
,,,,,0.9,stephen_anderson,Stephen Anderson,TE,,2022,0,UNK
,,,,,0.0,ka'imi_fairbairn,Ka'imi Fairbairn,K,,2022,0,UNK
,,,,,0.0,luke_rhodes,Luke Rhodes,LS,,2022,0,UNK
,,,,,0.0,sheldon_rankins,Sheldon Rankins,DT,,2022,0,UNK
,,,,,0.0,chris_jones,Chris Jones,DE,,2022,0,UNK
,,,,,0.0,austin_johnson,Austin Johnson,NT,,2022,0,UNK
7.0,,,7,1,269.76,derrick_henry,Derrick Henry,RB,,2022,0,UNK
,,,,,0.0,nick_kwiatkoski,Nick Kwiatkoski,ILB,,2022,0,UNK
,,,,,0.0,deon_bush,Deon Bush,SAF,,2022,0,UNK
,,,,,55.800000000000004,demarcus_robinson,Demarcus Robinson,WR,,2022,0,UNK
,,,,,0.1,jordan_howard,Jordan Howard,RB,,2022,0,UNK
,,,,,0.0,matthew_ioannidis,Matthew Ioannidis,DT,,2022,0,UNK
,,,,,0.0,deandre_houston-carson,DeAndre Houston-Carson,DB,,2022,0,UNK
,,,,,-0.4,nate_sudfeld,Nate Sudfeld,QB,,2022,0,UNK
,,,,,0.0,jalen_mills,Jalen Mills,CB,,2022,0,UNK
,,,,,0.0,clayton_fejedelem,Clayton Fejedelem,DB,,2022,0,UNK
,,,,,0.0,antwaun_woods,Antwaun Woods,DT,,2022,0,UNK
,,,,,0.0,a'shawn_robinson,A'Shawn Robinson,DT,,2022,0,UNK
,,,,,0.0,james_bradberry,James Bradberry,CB,,2022,0,UNK
,,,,,0.0,daryl_worley,Daryl Worley,CB,,2022,0,UNK
,,,,,0.0,nick_vigil,Nick Vigil,OLB,,2022,0,UNK
,,,,,15.2,derek_watt,Derek Watt,FB,,2022,0,UNK
,,,,,21.3,c.j._ham,C.J. Ham,FB,,2022,0,UNK
,,,,,0.0,antonio_hamilton,Antonio Hamilton,CB,,2022,0,UNK
,,,,,0.0,vonn_bell,Vonn Bell,S,,2022,0,UNK
,,,,,0.0,kevon_seymour,Kevon Seymour,CB,,2022,0,UNK
,,,,,0.72,riley_dixon,Riley Dixon,P,,2022,0,UNK
115.0,,,115,10,112.8,carson_wentz,Carson Wentz,QB,,2022,0,UNK
,,,,,4.2,laquon_treadwell,Laquon Treadwell,WR,,2022,0,UNK
,,,,,0.0,isaac_seumalo,Isaac Seumalo,G,,2022,0,UNK
,,,,,6.0,will_parks,Will Parks,S,,2022,0,UNK
,,,,,0.0,ronnie_stanley,Ronnie Stanley,OT,,2022,0,UNK
,,,,,0.0,vernon_butler,Vernon Butler,DT,,2022,0,UNK
,,,,,0.0,myles_jack,Myles Jack,MLB,,2022,0,UNK
,,,,,0.0,nick_martin,Nick Martin,C,,2022,0,UNK
,,,,,0.0,justin_simmons,Justin Simmons,FS,,2022,0,UNK
,,,,,19.200000000000003,jonathan_williams,Jonathan Williams,RB,,2022,0,UNK
,,,,,9.9,marcus_johnson,Marcus Johnson,WR,,2022,0,UNK
,,,,,0.0,j.p._holtz,J.P. Holtz,TE,,2022,0,UNK
133.0,,,133,12,109.12,tyler_boyd,Tyler Boyd,WR,,2022,0,UNK
,,,,,0.0,connor_mcgovern,Connor McGovern,G,,2022,0,UNK
,,,,,0.0,eric_murray,Eric Murray,S,,2022,0,UNK
14.0,,,14,2,222.20000000000002,tyreek_hill,Tyreek Hill,WR,,2022,0,UNK
19.0,,,19,2,168.8,ezekiel_elliott,Ezekiel Elliott,RB,,2022,0,UNK
,,,,,0.0,jihad_ward,Jihad Ward,LB,,2022,0,UNK
,,,,,5.58,anthony_brown,Anthony Brown,QB,,2022,0,UNK
,,,,,0.0,xavien_howard,Xavien Howard,CB,,2022,0,UNK
,,,,,0.0,david_onyemata,David Onyemata,DT,,2022,0,UNK
,,,,,0.0,jaylon_smith,Jaylon Smith,MLB,,2022,0,UNK
,,,,,0.0,jalen_ramsey,Jalen Ramsey,CB,,2022,0,UNK
,,,,,0.0,jack_conklin,Jack Conklin,OT,,2022,0,UNK
,,,,,0.0,reggie_ragland,Reggie Ragland,ILB,,2022,0,UNK
,,,,,0.0,zach_wood,Zach Wood,LS,,2022,0,UNK
,,,,,0.0,adam_gotsis,Adam Gotsis,DE,,2022,0,UNK
,,,,,0.0,andrew_billings,Andrew Billings,DT,,2022,0,UNK
,,,,,0.0,leonard_floyd,Leonard Floyd,DE,,2022,0,UNK
,,,,,0.0,emmanuel_ogbah,Emmanuel Ogbah,DE,,2022,0,UNK
22.0,,,22,2,198.6,dak_prescott,Dak Prescott,QB,,2022,0,UNK
,,,,,0.0,lucas_patrick,Lucas Patrick,G,,2022,0,UNK
,,,,,0.0,kendall_fuller,Kendall Fuller,CB,,2022,0,UNK
168.0,,,168,14,62.900000000000006,hunter_henry,Hunter Henry,TE,,2022,0,UNK
,,,,,0.0,jonathan_bullard,Jonathan Bullard,DE,,2022,0,UNK
,,,,,0.0,shaq_lawson,Shaq Lawson,DE,,2022,0,UNK
88.0,,,88,8,283.32,jared_goff,Jared Goff,QB,,2022,0,UNK
,,,,,0.0,william_jackson,William Jackson,CB,,2022,0,UNK
,,,,,0.0,javon_hargrave,Javon Hargrave,NT,,2022,0,UNK
117.0,,,117,10,80.0,tyler_higbee,Tyler Higbee,TE,,2022,0,UNK
,,,,,2.1,pharoh_cooper,Pharoh Cooper,WR,,2022,0,UNK
,,,,,5.800000000000001,mike_thomas,Mike Thomas,WR,,2022,0,UNK
,,,,,87.1,kenyan_drake,Kenyan Drake,RB,,2022,0,UNK
,,,,,168.62,jacoby_brissett,Jacoby Brissett,QB,,2022,0,UNK
,,,,,0.0,kenny_clark,Kenny Clark,NT,,2022,0,UNK
,,,,,0.0,yannick_ngakoue,Yannick Ngakoue,DE,,2022,0,UNK
,,,,,0.0,will_redmond,Will Redmond,CB,,2022,0,UNK
,,,,,0.0,joe_schobert,Joe Schobert,MLB,,2022,0,UNK
,,,,,0.0,carl_nassib,Carl Nassib,LB,,2022,0,UNK
,,,,,0.0,maliek_collins,Maliek Collins,DT,,2022,0,UNK
,,,,,0.0,kevin_byard,Kevin Byard,FS,,2022,0,UNK
,,,,,0.0,joey_bosa,Joey Bosa,DE,,2022,0,UNK
,,,,,0.0,zach_triner,Zach Triner,LS,,2022,0,UNK
,,,,,0.0,taybor_pepper,Taybor Pepper,LS,,2022,0,UNK
,,,,,34.900000000000006,mo_alie-cox,Mo Alie-Cox,TE,,2022,0,UNK
,,,,,0.0,daniel_brunskill,Daniel Brunskill,OT,,2022,0,UNK
,,,,,20.0,johnny_mundt,Johnny Mundt,TE,,2022,0,UNK
,,,,,21.0,zach_pascal,Zach Pascal,WR,,2022,0,UNK
,,,,,0.0,thomas_hennessy,Thomas Hennessy,LS,,2022,0,UNK
,,,,,39.14,pj_walker,PJ Walker,QB,,2022,0,UNK
1.0,,,1,1,271.36,christian_mccaffrey,Christian McCaffrey,RB,,2022,0,UNK
,,,,,0.0,marlon_humphrey,Marlon Humphrey,CB,,2022,0,UNK
,,,,,112.30000000000001,curtis_samuel,Curtis Samuel,WR,,2022,0,UNK
,,,,,0.0,tyus_bowser,Tyus Bowser,LB,,2022,0,UNK
,,,,,0.0,taylor_moton,Taylor Moton,OT,,2022,0,UNK
40.0,,,40,4,140.5,george_kittle,George Kittle,TE,,2022,0,UNK
,,,,,0.0,jermaine_eluemunor,Jermaine Eluemunor,G,,2022,0,UNK
,,,,,7.7,trent_taylor,Trent Taylor,WR,,2022,0,UNK
,,,,,189.6,aaron_jones,Aaron Jones,RB,,2022,0,UNK
,,,,,0.0,chuck_clark,Chuck Clark,SAF,,2022,0,UNK
,,,,,0.0,d.j._jones,D.J. Jones,DT,,2022,0,UNK
,,,,,0.0,conor_mcdermott,Conor McDermott,OT,,2022,0,UNK
146.0,,,146,13,0.0,harrison_butker,Harrison Butker,K,,2022,0,UNK
,,,,,53.300000000000004,kendrick_bourne,Kendrick Bourne,WR,,2022,0,UNK
,,,,,39.800000000000004,matt_breida,Matt Breida,RB,,2022,0,UNK
,,,,,11.760000000000002,nick_mullens,Nick Mullens,QB,,2022,0,UNK
,,,,,0.0,tashawn_bower,Tashawn Bower,DE,,2022,0,UNK
,,,,,0.0,eric_wilson,Eric Wilson,LB,,2022,0,UNK
,,,,,0.0,josh_tupou,Josh Tupou,DT,,2022,0,UNK
,,,,,136.8,taysom_hill,Taysom Hill,TE,,2022,0,UNK
,,,,,0.6000000000000001,c.j._board,C.J. Board,WR,,2022,0,UNK
,,,,,9.0,patrick_ricard,Patrick Ricard,RB,,2022,0,UNK
,,,,,5.4,cody_hollister,Cody Hollister,WR,,2022,0,UNK
,,,,,0.0,harvey_langi,Harvey Langi,LB,,2022,0,UNK
,,,,,0.0,kenny_moore_ii,Kenny Moore II,CB,,2022,0,UNK
,,,,,0.0,matt_haack,Matt Haack,P,,2022,0,UNK
,,,,,0.0,greg_mabin,Greg Mabin,CB,,2022,0,UNK
,,,,,11.700000000000001,pharaoh_brown,Pharaoh Brown,TE,,2022,0,UNK
,,,,,0.0,nicholas_morrow,Nicholas Morrow,LB,,2022,0,UNK
,,,,,0.0,austin_calitro,Austin Calitro,ILB,,2022,0,UNK
,,,,,10.0,anthony_firkser,Anthony Firkser,TE,,2022,0,UNK
,,,,,0.0,raekwon_mcmillan,Raekwon McMillan,MLB,,2022,0,UNK
,,,,,0.0,carl_lawson,Carl Lawson,DE,,2022,0,UNK
113.0,,,113,10,77.80000000000001,isaiah_mckenzie,Isaiah McKenzie,WR,,2022,0,UNK
,,,,,0.0,marcus_kemp,Marcus Kemp,WR,,2022,0,UNK
,,,,,0.0,arthur_maulet,Arthur Maulet,CB,,2022,0,UNK
,,,,,0.0,sean_harlow,Sean Harlow,C,,2022,0,UNK
,,,,,0.0,damontae_kazee,Damontae Kazee,S,,2022,0,UNK
,,,,,0.0,jonathan_allen,Jonathan Allen,DE,,2022,0,UNK
,,,,,0.0,ryan_anderson,Ryan Anderson,LB,,2022,0,UNK
,,,,,104.10000000000001,samaje_perine,Samaje Perine,RB,,2022,0,UNK
192.0,,,192,16,113.5,mike_williams,Mike Williams,WR,,2022,0,UNK
81.0,,,81,7,85.58,deshaun_watson,Deshaun Watson,QB,,2022,0,UNK
,,,,,0.0,garett_bolles,Garett Bolles,OT,,2022,0,UNK
,,,,,0.0,jarrad_davis,Jarrad Davis,MLB,,2022,0,UNK
,,,,,0.0,takk_mckinley,Takk McKinley,DE,,2022,0,UNK
,,,,,0.0,taco_charlton,Taco Charlton,DE,,2022,0,UNK
,,,,,0.0,sidney_jones,Sidney Jones,CB,,2022,0,UNK
,,,,,0.0,teez_tabor,Teez Tabor,CB,,2022,0,UNK
,,,,,0.0,dalvin_tomlinson,Dalvin Tomlinson,DE,,2022,0,UNK
,,,,,0.0,zach_cunningham,Zach Cunningham,ILB,,2022,0,UNK
,,,,,0.0,chidobe_awuzie,Chidobe Awuzie,CB,,2022,0,UNK
,,,,,0.0,duke_riley,Duke Riley,MLB,,2022,0,UNK
,,,,,20.82,davis_webb,Davis Webb,QB,,2022,0,UNK
,,,,,0.0,rasul_douglas,Rasul Douglas,CB,,2022,0,UNK
169.0,,,169,15,154.2,james_conner,James Conner,RB,,2022,0,UNK
,,,,,97.16,mack_hollins,Mack Hollins,WR,,2022,0,UNK
,,,,,0.0,jalen_reeves-maybin,Jalen Reeves-Maybin,LB,,2022,0,UNK
,,,,,0.0,carlos_watkins,Carlos Watkins,DE,,2022,0,UNK
,,,,,0.0,desmond_king,Desmond King,DB,,2022,0,UNK
,,,,,0.0,nate_hairston,Nate Hairston,CB,,2022,0,UNK
,,,,,0.0,anthony_walker,Anthony Walker,MLB,,2022,0,UNK
,,,,,0.0,matt_milano,Matt Milano,OLB,,2022,0,UNK
,,,,,47.3,jamal_agnew,Jamal Agnew,WR,,2022,0,UNK
,,,,,20.8,eric_saubert,Eric Saubert,TE,,2022,0,UNK
,,,,,0.0,xavier_woods,Xavier Woods,FS,,2022,0,UNK
,,,,,0.0,tanner_vallejo,Tanner Vallejo,ILB,,2022,0,UNK
,,,,,0.0,jeremiah_ledbetter,Jeremiah Ledbetter,DT,,2022,0,UNK
,,,,,0.0,isaac_rochell,Isaac Rochell,DE,,2022,0,UNK
,,,,,71.5,noah_brown,Noah Brown,WR,,2022,0,UNK
,,,,,0.0,pat_o'connor,Pat O'Connor,DE,,2022,0,UNK
,,,,,0.0,tanner_gentry,Tanner Gentry,WR,,2022,0,UNK
,,,,,0.0,joe_jones,Joe Jones,LB,,2022,0,UNK
,,,,,56.64,cooper_rush,Cooper Rush,QB,,2022,0,UNK
,,,,,0.0,elijah_wilkinson,Elijah Wilkinson,OT,,2022,0,UNK
,,,,,20.1,keelan_cole,Keelan Cole,WR,,2022,0,UNK
,,,,,0.0,michael_davis,Michael Davis,CB,,2022,0,UNK
4.0,,,4,1,265.70000000000005,austin_ekeler,Austin Ekeler,RB,,2022,0,UNK
144.0,,,144,12,0.0,younghoe_koo,Younghoe Koo,K,,2022,0,UNK
,,,,,16.9,corey_clement,Corey Clement,RB,,2022,0,UNK
,,,,,0.0,cameron_johnston,Cameron Johnston,P,,2022,0,UNK
,,,,,0.0,storm_norton,Storm Norton,OT,,2022,0,UNK
,,,,,59.0,robert_tonyan,Robert Tonyan,TE,,2022,0,UNK
,,,,,0.0,dylan_cole,Dylan Cole,LB,,2022,0,UNK
,,,,,0.0,justin_hardee,Justin Hardee,DB,,2022,0,UNK
,,,,,0.0,demarcus_walker,DeMarcus Walker,DE,,2022,0,UNK
,,,,,0.0,ahkello_witherspoon,Ahkello Witherspoon,CB,,2022,0,UNK
,,,,,0.0,eddie_jackson,Eddie Jackson,FS,,2022,0,UNK
,,,,,0.0,jake_elliott,Jake Elliott,K,,2022,0,UNK
,,,,,0.0,rudy_ford,Rudy Ford,FS,,2022,0,UNK
,,,,,0.0,corey_levin,Corey Levin,G,,2022,0,UNK
,,,,,0.6000000000000001,mason_schreck,Mason Schreck,TE,,2022,0,UNK
,,,,,0.0,andrew_wylie,Andrew Wylie,G,,2022,0,UNK
,,,,,28.700000000000003,dare_ogunbowale,Dare Ogunbowale,RB,,2022,0,UNK
20.0,,,20,2,153.10000000000002,leonard_fournette,Leonard Fournette,RB,,2022,0,UNK
44.0,,,44,4,107.30000000000001,juju_smith-schuster,JuJu Smith-Schuster,WR,,2022,0,UNK
,,,,,25.0,jonnu_smith,Jonnu Smith,TE,,2022,0,UNK
,,,,,0.0,davon_godchaux,Davon Godchaux,DT,,2022,0,UNK
,,,,,0.0,dan_skipper,Dan Skipper,OT,,2022,0,UNK
,,,,,0.0,myles_garrett,Myles Garrett,DE,,2022,0,UNK
131.0,,,131,11,73.88,mitchell_trubisky,Mitchell Trubisky,QB,,2022,0,UNK
,,,,,0.0,solomon_thomas,Solomon Thomas,DE,,2022,0,UNK
,,,,,65.6,corey_davis,Corey Davis,WR,,2022,0,UNK
,,,,,0.0,jamal_adams,Jamal Adams,LB,,2022,0,UNK
2.0,,,2,1,416.4,patrick_mahomes,Patrick Mahomes,QB,,2022,0,UNK
,,,,,0.0,marshon_lattimore,Marshon Lattimore,CB,,2022,0,UNK
,,,,,0.0,haason_reddick,Haason Reddick,OLB,,2022,0,UNK
,,,,,0.0,malik_hooker,Malik Hooker,FS,,2022,0,UNK
,,,,,0.0,adoree'_jackson,Adoree' Jackson,CB,,2022,0,UNK
,,,,,26.5,o.j._howard,O.J. Howard,TE,,2022,0,UNK
,,,,,0.0,charles_harris,Charles Harris,LB,,2022,0,UNK
,,,,,103.9,evan_engram,Evan Engram,TE,,2022,0,UNK
,,,,,0.0,jabrill_peppers,Jabrill Peppers,FS,,2022,0,UNK
,,,,,0.0,tre'davious_white,Tre'Davious White,CB,,2022,0,UNK
151.0,,,151,13,84.0,david_njoku,David Njoku,TE,,2022,0,UNK
,,,,,0.0,t.j._watt,T.J. Watt,OLB,,2022,0,UNK
,,,,,0.0,ryan_ramczyk,Ryan Ramczyk,OT,,2022,0,UNK
,,,,,0.0,cam_robinson,Cam Robinson,OT,,2022,0,UNK
,,,,,0.0,budda_baker,Budda Baker,S,,2022,0,UNK
121.0,,,121,11,116.10000000000001,zay_jones,Zay Jones,WR,,2022,0,UNK
,,,,,0.0,marcus_maye,Marcus Maye,FS,,2022,0,UNK
5.0,,,5,1,198.8,dalvin_cook,Dalvin Cook,RB,,2022,0,UNK
,,,,,0.0,marcus_williams,Marcus Williams,FS,,2022,0,UNK
,,,,,81.5,gerald_everett,Gerald Everett,TE,,2022,0,UNK
11.0,,,11,1,179.5,joe_mixon,Joe Mixon,RB,,2022,0,UNK
,,,,,0.0,justin_evans,Justin Evans,S,,2022,0,UNK
,,,,,0.0,ethan_pocic,Ethan Pocic,C,,2022,0,UNK
,,,,,0.0,tanoh_kpassagnon,Tanoh Kpassagnon,DE,,2022,0,UNK
,,,,,0.0,josh_jones,Josh Jones,OT,,2022,0,UNK
,,,,,0.0,dion_dawkins,Dion Dawkins,OT,,2022,0,UNK
,,,,,0.0,larry_ogunjobi,Larry Ogunjobi,DT,,2022,0,UNK
12.0,,,12,1,154.70000000000002,alvin_kamara,Alvin Kamara,RB,,2022,0,UNK
,,,,,0.0,dawuane_smoot,Dawuane Smoot,DE,,2022,0,UNK
3.0,,,3,1,126.4,cooper_kupp,Cooper Kupp,WR,,2022,0,UNK
,,,,,0.0,pat_elflein,Pat Elflein,C,,2022,0,UNK
,,,,,0.0,jordan_willis,Jordan Willis,DE,,2022,0,UNK
,,,,,0.0,chris_wormley,Chris Wormley,NT,,2022,0,UNK
,,,,,0.0,alex_anzalone,Alex Anzalone,MLB,,2022,0,UNK
,,,,,0.0,tarell_basham,Tarell Basham,LB,,2022,0,UNK
,,,,,0.0,fabian_moreau,Fabian Moreau,CB,,2022,0,UNK
43.0,,,43,4,118.80000000000001,chris_godwin_jr.,Chris Godwin Jr.,WR,,2022,0,UNK
93.0,,,93,8,91.8,kareem_hunt,Kareem Hunt,RB,,2022,0,UNK
,,,,,126.0,d'onta_foreman,D'Onta Foreman,RB,,2022,0,UNK
,,,,,0.0,shaquill_griffin,Shaquill Griffin,CB,,2022,0,UNK
,,,,,0.0,john_johnson,John Johnson,DB,,2022,0,UNK
,,,,,0.0,jourdan_lewis,Jourdan Lewis,CB,,2022,0,UNK
,,,,,0.0,montravius_adams,Montravius Adams,DT,,2022,0,UNK
,,,,,0.0,cameron_sutton,Cameron Sutton,CB,,2022,0,UNK
,,,,,14.1,kenny_golladay,Kenny Golladay,WR,,2022,0,UNK
,,,,,0.0,trey_hendrickson,Trey Hendrickson,DE,,2022,0,UNK
,,,,,-0.9999999999999999,c.j._beathard,C.J. Beathard,QB,,2022,0,UNK
,,,,,0.0,jaleel_johnson,Jaleel Johnson,DT,,2022,0,UNK
,,,,,0.0,rayshawn_jenkins,Rayshawn Jenkins,SAF,,2022,0,UNK
,,,,,65.9,josh_reynolds,Josh Reynolds,WR,,2022,0,UNK
,,,,,0.0,samson_ebukam,Samson Ebukam,DE,,2022,0,UNK
,,,,,0.0,deatrich_wise,Deatrich Wise,DE,,2022,0,UNK
165.0,,,165,14,213.9,jamaal_williams,Jamaal Williams,RB,,2022,0,UNK
,,,,,20.840000000000003,joshua_dobbs,Joshua Dobbs,QB,,2022,0,UNK
,,,,,30.3,marlon_mack,Marlon Mack,RB,,2022,0,UNK
,,,,,0.0,grover_stewart,Grover Stewart,DT,,2022,0,UNK
,,,,,0.0,jayon_brown,Jayon Brown,ILB,,2022,0,UNK
,,,,,8.26,nathan_peterman,Nathan Peterman,QB,,2022,0,UNK
,,,,,0.0,tanzel_smart,Tanzel Smart,DT,,2022,0,UNK
,,,,,0.0,al-quadin_muhammad,Al-Quadin Muhammad,LB,,2022,0,UNK
,,,,,0.0,ifeadi_odenigbo,Ifeadi Odenigbo,DE,,2022,0,UNK
,,,,,0.0,elijah_lee,Elijah Lee,OLB,,2022,0,UNK
,,,,,0.0,michael_dunn,Michael Dunn,OT,,2022,0,UNK
,,,,,13.5,dan_arnold,Dan Arnold,TE,,2022,0,UNK
,,,,,0.0,christian_kuntz,Christian Kuntz,LS,,2022,0,UNK
,,,,,0.0,brandon_zylstra,Brandon Zylstra,WR,,2022,0,UNK
,,,,,22.200000000000003,river_cracraft,River Cracraft,WR,,2022,0,UNK
,,,,,0.0,scott_daly,Scott Daly,LS,,2022,0,UNK
,,,,,0.0,danny_johnson,Danny Johnson,DB,,2022,0,UNK
,,,,,16.5,ross_dwelley,Ross Dwelley,TE,,2022,0,UNK
,,,,,0.0,mike_badgley,Mike Badgley,K,,2022,0,UNK
,,,,,0.0,george_odum,George Odum,DB,,2022,0,UNK
,,,,,0.0,emmanuel_moseley,Emmanuel Moseley,DB,,2022,0,UNK
,,,,,8.9,cam_sims,Cam Sims,WR,,2022,0,UNK
,,,,,8.8,phillip_lindsay,Phillip Lindsay,RB,,2022,0,UNK
,,,,,0.0,austin_schlottmann,Austin Schlottmann,C,,2022,0,UNK
,,,,,0.0,coleman_shelton,Coleman Shelton,C,,2022,0,UNK
,,,,,136.5,jeff_wilson,Jeff Wilson,RB,,2022,0,UNK
,,,,,0.0,j.t._gray,J.T. Gray,DB,,2022,0,UNK
,,,,,0.0,kendal_vickers,Kendal Vickers,DE,,2022,0,UNK
,,,,,0.0,j.c._hassenauer,J.C. Hassenauer,C,,2022,0,UNK
,,,,,0.0,chris_lammons,Chris Lammons,DB,,2022,0,UNK
,,,,,0.0,brian_o'neill,Brian O'Neill,OT,,2022,0,UNK
,,,,,52.9,will_dissly,Will Dissly,TE,,2022,0,UNK
,,,,,-3.8,michael_dickson,Michael Dickson,P,,2022,0,UNK
140.0,,,140,12,0.0,daniel_carlson,Daniel Carlson,K,,2022,0,UNK
,,,,,0.0,j.k._scott,J.K. Scott,P,,2022,0,UNK
,,,,,0.0,jacob_martin,Jacob Martin,DE,,2022,0,UNK
,,,,,0.0,trenton_cannon,Trenton Cannon,RB,,2022,0,UNK
,,,,,0.0,colby_gossett,Colby Gossett,G,,2022,0,UNK
,,,,,0.9,jason_cabinda,Jason Cabinda,FB,,2022,0,UNK
,,,,,0.0,eddy_pineiro,Eddy Pineiro,K,,2022,0,UNK
,,,,,-2.88,tim_boyle,Tim Boyle,QB,,2022,0,UNK
,,,,,59.300000000000004,gus_edwards,Gus Edwards,RB,,2022,0,UNK
,,,,,0.0,kevin_rader,Kevin Rader,TE,,2022,0,UNK
,,,,,0.0,trent_sieg,Trent Sieg,LS,,2022,0,UNK
,,,,,0.0,darious_williams,Darious Williams,CB,,2022,0,UNK
,,,,,0.0,ola_adeniyi,Ola Adeniyi,OLB,,2022,0,UNK
,,,,,19.8,mike_boone,Mike Boone,RB,,2022,0,UNK
,,,,,0.0,poona_ford,Poona Ford,DT,,2022,0,UNK
,,,,,0.0,elijah_campbell,Elijah Campbell,DB,,2022,0,UNK
,,,,,0.0,daniel_ekuale,Daniel Ekuale,DT,,2022,0,UNK
,,,,,56.2,dontrell_hilliard,Dontrell Hilliard,RB,,2022,0,UNK
,,,,,0.0,austin_corbett,Austin Corbett,G,,2022,0,UNK
,,,,,0.0,tarvarius_moore,Tarvarius Moore,DB,,2022,0,UNK
,,,,,0.0,jalyn_holmes,Jalyn Holmes,DT,,2022,0,UNK
,,,,,0.0,anthony_averett,Anthony Averett,CB,,2022,0,UNK
,,,,,0.0,kenny_young,Kenny Young,ILB,,2022,0,UNK
,,,,,73.5,tyler_conklin,Tyler Conklin,TE,,2022,0,UNK
112.0,,,112,10,80.4,marquez_valdes-scantling,Marquez Valdes-Scantling,WR,,2022,0,UNK
,,,,,0.0,foley_fatukasi,Foley Fatukasi,DT,,2022,0,UNK
,,,,,0.0,deshon_elliott,DeShon Elliott,SAF,,2022,0,UNK
,,,,,0.0,tremon_smith,Tremon Smith,CB,,2022,0,UNK
,,,,,43.7,equanimeous_st._brown,Equanimeous St. Brown,WR,,2022,0,UNK
,,,,,0.0,bradley_bozeman,Bradley Bozeman,C,,2022,0,UNK
,,,,,0.0,zach_sieler,Zach Sieler,DE,,2022,0,UNK
,,,,,81.5,richie_james,Richie James,WR,,2022,0,UNK
,,,,,0.0,ben_niemann,Ben Niemann,LB,,2022,0,UNK
,,,,,25.5,byron_pringle,Byron Pringle,WR,,2022,0,UNK
,,,,,17.1,darrel_williams,Darrel Williams,RB,,2022,0,UNK
,,,,,0.0,frankie_luvu,Frankie Luvu,LB,,2022,0,UNK
,,,,,1.8,keith_kirkwood,Keith Kirkwood,WR,,2022,0,UNK
,,,,,0.0,henry_mondeaux,Henry Mondeaux,DT,,2022,0,UNK
,,,,,0.0,kentavius_street,Kentavius Street,DE,,2022,0,UNK
,,,,,0.0,taylor_stallworth,Taylor Stallworth,DT,,2022,0,UNK
,,,,,0.0,daron_payne,Daron Payne,NT,,2022,0,UNK
,,,,,0.0,troy_apke,Troy Apke,DB,,2022,0,UNK
,,,,,0.4,marcus_allen,Marcus Allen,LB,,2022,0,UNK
,,,,,0.0,greg_stroman,Greg Stroman,CB,,2022,0,UNK
,,,,,0.0,quenton_nelson,Quenton Nelson,G,,2022,0,UNK
,,,,,0.0,marcus_davenport,Marcus Davenport,DE,,2022,0,UNK
,,,,,0.0,frank_ragnow,Frank Ragnow,G,,2022,0,UNK
,,,,,0.0,will_hernandez,Will Hernandez,G,,2022,0,UNK
,,,,,0.0,james_daniels,James Daniels,G,,2022,0,UNK
32.0,,,32,3,95.4,courtland_sutton,Courtland Sutton,WR,,2022,0,UNK
,,,,,0.0,uchenna_nwosu,Uchenna Nwosu,LB,,2022,0,UNK
50.0,,,50,5,86.2,dallas_goedert,Dallas Goedert,TE,,2022,0,UNK
,,,,,0.0,connor_williams,Connor Williams,C,,2022,0,UNK
,,,,,0.0,kemoko_turay,Kemoko Turay,DE,,2022,0,UNK
,,,,,0.30000000000000004,m.j._stewart,M.J. Stewart,SAF,,2022,0,UNK
,,,,,0.0,donte_jackson,Donte Jackson,CB,,2022,0,UNK
,,,,,0.0,isaiah_oliver,Isaiah Oliver,FS,,2022,0,UNK
,,,,,0.0,tyquan_lewis,Tyquan Lewis,DE,,2022,0,UNK
,,,,,6.0,lorenzo_carter,Lorenzo Carter,LB,,2022,0,UNK
,,,,,0.0,justin_reid,Justin Reid,S,,2022,0,UNK
,,,,,0.0,deadrin_senat,Deadrin Senat,DT,,2022,0,UNK
,,,,,79.5,jordan_akins,Jordan Akins,TE,,2022,0,UNK
,,,,,19.700000000000003,ian_thomas,Ian Thomas,TE,,2022,0,UNK
,,,,,0.0,keke_coutee,Keke Coutee,WR,,2022,0,UNK
,,,,,51.400000000000006,nyheim_hines,Nyheim Hines,RB,,2022,0,UNK
,,,,,0.0,josey_jewell,Josey Jewell,ILB,,2022,0,UNK
,,,,,0.0,joel_iyiegbuniwe,Joel Iyiegbuniwe,LB,,2022,0,UNK
,,,,,0.0,dorance_armstrong,Dorance Armstrong,DE,,2022,0,UNK
,,,,,0.0,jordan_whitehead,Jordan Whitehead,FS,,2022,0,UNK
,,,,,0.0,kyzir_white,Kyzir White,OLB,,2022,0,UNK
,,,,,0.0,taron_johnson,Taron Johnson,CB,,2022,0,UNK
,,,,,0.0,avonte_maddox,Avonte Maddox,FS,,2022,0,UNK
,,,,,0.0,josh_sweat,Josh Sweat,LB,,2022,0,UNK
,,,,,0.0,marquis_haynes,Marquis Haynes,LB,,2022,0,UNK
53.0,,,53,5,85.7,dalton_schultz,Dalton Schultz,TE,,2022,0,UNK
,,,,,0.0,d.j._reed,D.J. Reed,CB,,2022,0,UNK
,,,,,0.0,ja'whaun_bentley,Ja'Whaun Bentley,LB,,2022,0,UNK
,,,,,43.5,justin_watson,Justin Watson,WR,,2022,0,UNK
,,,,,0.0,bilal_nichols,Bilal Nichols,DT,,2022,0,UNK
,,,,,0.0,davontae_harris,Davontae Harris,CB,,2022,0,UNK
,,,,,0.0,dane_cruikshank,Dane Cruikshank,DB,,2022,0,UNK
,,,,,0.0,siran_neal,Siran Neal,DB,,2022,0,UNK
,,,,,0.0,scott_quessenberry,Scott Quessenberry,C,,2022,0,UNK
,,,,,0.0,andrew_brown,Andrew Brown,DT,,2022,0,UNK
,,,,,0.0,jermaine_carter,Jermaine Carter,LB,,2022,0,UNK
,,,,,0.0,tim_settle,Tim Settle,DT,,2022,0,UNK
,,,,,0.0,wyatt_teller,Wyatt Teller,G,,2022,0,UNK
,,,,,8.700000000000001,jordan_wilkins,Jordan Wilkins,RB,,2022,0,UNK
,,,,,56.58,mike_white,Mike White,QB,,2022,0,UNK
,,,,,44.1,ray-ray_mccloud,Ray-Ray McCloud,WR,,2022,0,UNK
,,,,,72.6,russell_gage,Russell Gage,WR,,2022,0,UNK
,,,,,0.0,foye_oluokun,Foye Oluokun,LB,,2022,0,UNK
,,,,,41.2,boston_scott,Boston Scott,RB,,2022,0,UNK
,,,,,0.0,matt_pryor,Matt Pryor,OT,,2022,0,UNK
,,,,,14.4,cedrick_wilson_jr.,Cedrick Wilson Jr.,WR,,2022,0,UNK
,,,,,39.68,braxton_berrios,Braxton Berrios,WR,,2022,0,UNK
,,,,,0.0,matthew_adams,Matthew Adams,OLB,,2022,0,UNK
,,,,,0.0,jordan_mailata,Jordan Mailata,OT,,2022,0,UNK
,,,,,0.0,andre_smith,Andre Smith,LB,,2022,0,UNK
,,,,,0.0,zaire_franklin,Zaire Franklin,OLB,,2022,0,UNK
,,,,,0.0,keion_crossen,Keion Crossen,DB,,2022,0,UNK
,,,,,0.0,will_clapp,Will Clapp,C,,2022,0,UNK
,,,,,0.0,logan_cooke,Logan Cooke,P,,2022,0,UNK
,,,,,39.1,justin_jackson,Justin Jackson,RB,,2022,0,UNK
,,,,,0.0,nick_gates,Nick Gates,G,,2022,0,UNK
,,,,,0.0,jalen_davis,Jalen Davis,CB,,2022,0,UNK
,,,,,0.0,greg_joseph,Greg Joseph,K,,2022,0,UNK
,,,,,0.0,jeremy_reaves,Jeremy Reaves,DB,,2022,0,UNK
,,,,,0.0,chandon_sullivan,Chandon Sullivan,DB,,2022,0,UNK
,,,,,0.0,dennis_gardeck,Dennis Gardeck,LB,,2022,0,UNK
,,,,,0.0,jonathan_owens,Jonathan Owens,SAF,,2022,0,UNK
,,,,,53.7,trent_sherfield,Trent Sherfield,WR,,2022,0,UNK
,,,,,0.0,tavierre_thomas,Tavierre Thomas,SAF,,2022,0,UNK
,,,,,0.0,ezekiel_turner,Ezekiel Turner,LB,,2022,0,UNK
,,,,,0.0,evan_brown,Evan Brown,C,,2022,0,UNK
,,,,,0.2,sean_chandler,Sean Chandler,DB,,2022,0,UNK
,,,,,0.0,tae_davis,Tae Davis,LB,,2022,0,UNK
,,,,,0.0,grant_haley,Grant Haley,DB,,2022,0,UNK
,,,,,0.0,levi_wallace,Levi Wallace,DB,,2022,0,UNK
,,,,,0.0,dee_delaney,Dee Delaney,DB,,2022,0,UNK
,,,,,0.0,tre_herndon,Tre Herndon,CB,,2022,0,UNK
59.0,,,59,5,114.80000000000001,allen_lazard,Allen Lazard,WR,,2022,0,UNK
,,,,,0.0,kc_mcdermott,KC McDermott,OT,,2022,0,UNK
,,,,,0.0,ryan_neal,Ryan Neal,DB,,2022,0,UNK
,,,,,0.0,tony_brown,Tony Brown,DB,,2022,0,UNK
,,,,,0.0,brandon_facyson,Brandon Facyson,DB,,2022,0,UNK
,,,,,0.0,charvarius_ward,Charvarius Ward,CB,,2022,0,UNK
,,,,,15.940000000000001,kyle_allen,Kyle Allen,QB,,2022,0,UNK
,,,,,0.8,reggie_bonnafon,Reggie Bonnafon,RB,,2022,0,UNK
,,,,,0.0,abdullah_anderson,Abdullah Anderson,DT,,2022,0,UNK
,,,,,0.0,j.c._jackson,J.C. Jackson,DB,,2022,0,UNK
,,,,,0.0,demone_harris,Demone Harris,DE,,2022,0,UNK
,,,,,13.200000000000001,tanner_hudson,Tanner Hudson,TE,,2022,0,UNK
,,,,,0.7000000000000001,godwin_igwebuike,Godwin Igwebuike,RB,,2022,0,UNK
,,,,,0.0,andre_chachere,Andre Chachere,DB,,2022,0,UNK
,,,,,0.0,mike_ford,Mike Ford,DB,,2022,0,UNK
,,,,,23.6,brandon_powell,Brandon Powell,WR,,2022,0,UNK
,,,,,0.0,matt_dickerson,Matt Dickerson,DE,,2022,0,UNK
,,,,,0.0,joshua_kalu,Joshua Kalu,DB,,2022,0,UNK
,,,,,0.0,tremaine_edmunds,Tremaine Edmunds,MLB,,2022,0,UNK
,,,,,0.0,leighton_vander_esch,Leighton Vander Esch,OLB,,2022,0,UNK
,,,,,0.0,jessie_bates,Jessie Bates,FS,,2022,0,UNK
,,,,,0.0,james_washington,James Washington,WR,,2022,0,UNK
,,,,,0.0,justin_jones,Justin Jones,DT,,2022,0,UNK
,,,,,0.0,alex_cappa,Alex Cappa,G,,2022,0,UNK
46.0,,,46,4,58.2,chase_edmonds,Chase Edmonds,RB,,2022,0,UNK
,,,,,0.0,genard_avery,Genard Avery,DE,,2022,0,UNK
,,,,,0.0,darius_phillips,Darius Phillips,CB,,2022,0,UNK
,,,,,0.0,robert_spillane,Robert Spillane,LB,,2022,0,UNK
,,,,,0.0,corey_bojorquez,Corey Bojorquez,P,,2022,0,UNK
,,,,,0.0,dallin_leavitt,Dallin Leavitt,DB,,2022,0,UNK
,,,,,0.0,jaire_alexander,Jaire Alexander,CB,,2022,0,UNK
,,,,,0.0,marcell_harris,Marcell Harris,DB,,2022,0,UNK
,,,,,0.0,rashaan_evans,Rashaan Evans,ILB,,2022,0,UNK
,,,,,0.0,tracy_walker_iii,Tracy Walker III,DB,,2022,0,UNK
73.0,,,73,7,48.2,rashaad_penny,Rashaad Penny,RB,,2022,0,UNK
,,,,,0.0,josh_jackson,Josh Jackson,CB,,2022,0,UNK
,,,,,0.0,orlando_brown,Orlando Brown,OT,,2022,0,UNK
182.0,,,182,16,117.5,mark_andrews,Mark Andrews,TE,,2022,0,UNK
,,,,,0.0,oren_burks,Oren Burks,ILB,,2022,0,UNK
,,,,,0.0,tre_flowers,Tre Flowers,CB,,2022,0,UNK
,,,,,0.0,kolton_miller,Kolton Miller,OT,,2022,0,UNK
,,,,,0.0,nathan_shepherd,Nathan Shepherd,DE,,2022,0,UNK
,,,,,0.0,billy_price,Billy Price,C,,2022,0,UNK
126.0,,,126,11,66.4,michael_gallup,Michael Gallup,WR,,2022,0,UNK
,,,,,33.8,tre'quan_smith,Tre'Quan Smith,WR,,2022,0,UNK
,,,,,0.0,chukwuma_okorafor,Chukwuma Okorafor,OT,,2022,0,UNK
,,,,,0.0,demarquis_gates,DeMarquis Gates,LB,,2022,0,UNK
,,,,,0.0,vita_vea,Vita Vea,DT,,2022,0,UNK
48.0,,,48,4,157.9,christian_kirk,Christian Kirk,WR,,2022,0,UNK
159.0,,,159,14,68.2,dj_chark,DJ Chark,WR,,2022,0,UNK
,,,,,0.0,carlton_davis_iii,Carlton Davis III,CB,,2022,0,UNK
,,,,,0.0,ronnie_harrison,Ronnie Harrison,LB,,2022,0,UNK
,,,,,0.0,isaac_yiadom,Isaac Yiadom,CB,,2022,0,UNK
,,,,,0.0,harrison_phillips,Harrison Phillips,DT,,2022,0,UNK
,,,,,0.0,mason_cole,Mason Cole,C,,2022,0,UNK
,,,,,0.0,chris_board,Chris Board,LB,,2022,0,UNK
,,,,,0.0,minkah_fitzpatrick,Minkah Fitzpatrick,FS,,2022,0,UNK
,,,,,0.0,derwin_james,Derwin James,FS,,2022,0,UNK
16.0,,,16,2,254.39999999999998,nick_chubb,Nick Chubb,RB,,2022,0,UNK
,,,,,0.0,cornell_armstrong,Cornell Armstrong,DB,,2022,0,UNK
,,,,,0.0,jason_sanders,Jason Sanders,K,,2022,0,UNK
8.0,,,8,1,0.0,lamar_jackson,Lamar Jackson,CB,,2022,0,UNK
,,,,,0.0,jerome_baker,Jerome Baker,OLB,,2022,0,UNK
,,,,,25.0,durham_smythe,Durham Smythe,TE,,2022,0,UNK
,,,,,0.0,b.j._hill,B.J. Hill,DE,,2022,0,UNK
,,,,,0.0,josh_woods,Josh Woods,LB,,2022,0,UNK
,,,,,0.0,joe_noteboom,Joe Noteboom,OT,,2022,0,UNK
,,,,,0.0,john_franklin-myers,John Franklin-Myers,DE,,2022,0,UNK
,,,,,0.0,ogbo_okoronkwo,Ogbo Okoronkwo,DE,,2022,0,UNK
,,,,,0.0,sebastian_joseph-day,Sebastian Joseph-Day,DT,,2022,0,UNK
,,,,,0.0,travin_howard,Travin Howard,LB,,2022,0,UNK
,,,,,0.0,fred_warner,Fred Warner,MLB,,2022,0,UNK
,,,,,15.200000000000001,ronald_jones,Ronald Jones,RB,,2022,0,UNK
,,,,,0.0,derrick_nnadi,Derrick Nnadi,NT,,2022,0,UNK
,,,,,0.0,arden_key,Arden Key,DE,,2022,0,UNK
189.0,,,189,16,136.10000000000002,dj_moore,DJ Moore,WR,,2022,0,UNK
,,,,,66.2,mike_gesicki,Mike Gesicki,TE,,2022,0,UNK
,,,,,53.400000000000006,hayden_hurst,Hayden Hurst,TE,,2022,0,UNK
,,,,,0.0,rasheem_green,Rasheem Green,DE,,2022,0,UNK
,,,,,0.0,bradley_chubb,Bradley Chubb,OLB,,2022,0,UNK
,,,,,0.0,isaiah_wynn,Isaiah Wynn,G,,2022,0,UNK
,,,,,0.0,sam_hubbard,Sam Hubbard,DE,,2022,0,UNK
,,,,,0.0,braden_smith,Braden Smith,OT,,2022,0,UNK
,,,,,13.0,royce_freeman,Royce Freeman,RB,,2022,0,UNK
,,,,,0.0,taven_bryan,Taven Bryan,DT,,2022,0,UNK
,,,,,0.0,mike_hughes,Mike Hughes,CB,,2022,0,UNK
17.0,,,17,2,227.0,saquon_barkley,Saquon Barkley,RB,,2022,0,UNK
,,,,,15.9,sony_michel,Sony Michel,RB,,2022,0,UNK
,,,,,0.0,shaquille_leonard,Shaquille Leonard,OLB,,2022,0,UNK
,,,,,0.0,mike_mcglinchey,Mike McGlinchey,OT,,2022,0,UNK
,,,,,28.200000000000003,khadarel_hodge,KhaDarel Hodge,WR,,2022,0,UNK
86.0,,,86,8,121.42,baker_mayfield,Baker Mayfield,QB,,2022,0,UNK
,,,,,0.0,denzel_ward,Denzel Ward,CB,,2022,0,UNK
179.0,,,179,15,395.52,josh_allen,Josh Allen,QB,,2022,0,UNK
,,,,,0.0,terrell_edmunds,Terrell Edmunds,S,,2022,0,UNK
,,,,,46.2,dante_pettis,Dante Pettis,WR,,2022,0,UNK
,,,,,0.0,malik_turner,Malik Turner,WR,,2022,0,UNK
,,,,,86.32,sam_darnold,Sam Darnold,QB,,2022,0,UNK
,,,,,0.0,roquan_smith,Roquan Smith,ILB,,2022,0,UNK
,,,,,0.0,alexander_johnson,Alexander Johnson,LB,,2022,0,UNK
,,,,,14.8,john_wolford,John Wolford,QB,,2022,0,UNK
,,,,,0.0,sam_eguavoen,Sam Eguavoen,LB,,2022,0,UNK
,,,,,0.0,tevaughn_campbell,Tevaughn Campbell,DB,,2022,0,UNK
,,,,,0.0,tristan_vizcaino,Tristan Vizcaino,K,,2022,0,UNK
,,,,,17.400000000000002,steven_sims,Steven Sims,WR,,2022,0,UNK
,,,,,0.0,quinn_bailey,Quinn Bailey,OT,,2022,0,UNK
,,,,,0.0,trinity_benson,Trinity Benson,WR,,2022,0,UNK
,,,,,0.0,mitch_wishnowsky,Mitch Wishnowsky,P,,2022,0,UNK
,,,,,0.0,chase_hansen,Chase Hansen,LB,,2022,0,UNK
,,,,,0.0,malik_reed,Malik Reed,LB,,2022,0,UNK
,,,,,18.02,brett_rypien,Brett Rypien,QB,,2022,0,UNK
,,,,,0.0,calvin_anderson,Calvin Anderson,OT,,2022,0,UNK
,,,,,6.9,andrew_beck,Andrew Beck,FB,,2022,0,UNK
110.0,,,110,10,115.30000000000001,jakobi_meyers,Jakobi Meyers,WR,,2022,0,UNK
,,,,,0.0,rashan_gary,Rashan Gary,LB,,2022,0,UNK
,,,,,0.0,darnell_savage,Darnell Savage,DB,,2022,0,UNK
,,,,,0.0,ben_banogu,Ben Banogu,DE,,2022,0,UNK
,,,,,30.2,irv_smith,Irv Smith,TE,,2022,0,UNK
116.0,,,116,10,73.4,alexander_mattison,Alexander Mattison,RB,,2022,0,UNK
,,,,,0.0,maxx_crosby,Maxx Crosby,DE,,2022,0,UNK
,,,,,0.0,julian_love,Julian Love,SAF,,2022,0,UNK
,,,,,30.0,justice_hill,Justice Hill,RB,,2022,0,UNK
,,,,,0.0,ben_powers,Ben Powers,G,,2022,0,UNK
,,,,,54.2,foster_moreau,Foster Moreau,TE,,2022,0,UNK
,,,,,0.0,dre_greenlaw,Dre Greenlaw,LB,,2022,0,UNK
69.0,,,69,6,43.0,hunter_renfrow,Hunter Renfrow,WR,,2022,0,UNK
,,,,,0.0,e.j._speed,E.J. Speed,LB,,2022,0,UNK
,,,,,0.0,armon_watts,Armon Watts,DT,,2022,0,UNK
,,,,,0.0,marcus_epps,Marcus Epps,SAF,,2022,0,UNK
,,,,,0.0,olisaemeka_udoh,Olisaemeka Udoh,OT,,2022,0,UNK
,,,,,0.0,ty_summers,Ty Summers,LB,,2022,0,UNK
,,,,,0.0,quinton_bell,Quinton Bell,LB,,2022,0,UNK
,,,,,0.0,demetrius_flannigan-fowles,Demetrius Flannigan-Fowles,LB,,2022,0,UNK
,,,,,27.5,ashton_dulin,Ashton Dulin,WR,,2022,0,UNK
,,,,,2.0,penny_hart,Penny Hart,WR,,2022,0,UNK
,,,,,0.0,kevin_givens,Kevin Givens,DT,,2022,0,UNK
,,,,,18.580000000000002,david_blough,David Blough,QB,,2022,0,UNK
,,,,,-0.30000000000000004,jamie_gillan,Jamie Gillan,P,,2022,0,UNK
,,,,,0.0,wyatt_ray,Wyatt Ray,LB,,2022,0,UNK
,,,,,0.0,alex_bars,Alex Bars,G,,2022,0,UNK
,,,,,0.0,sam_mustipher,Sam Mustipher,C,,2022,0,UNK
,,,,,0.0,jonathan_harris,Jonathan Harris,DT,,2022,0,UNK
,,,,,0.0,curtis_bolton,Curtis Bolton,LB,,2022,0,UNK
,,,,,0.0,yosh_nijman,Yosh Nijman,OT,,2022,0,UNK
,,,,,0.0,bryan_mone,Bryan Mone,NT,,2022,0,UNK
,,,,,0.0,micah_abernathy,Micah Abernathy,DB,,2022,0,UNK
,,,,,0.0,khari_blasingame,Khari Blasingame,FB,,2022,0,UNK
,,,,,0.0,patrick_mekari,Patrick Mekari,OT,,2022,0,UNK
,,,,,0.0,matthew_orzech,Matthew Orzech,LS,,2022,0,UNK
,,,,,23.3,alec_ingold,Alec Ingold,FB,,2022,0,UNK
,,,,,0.0,andre_james,Andre James,OT,,2022,0,UNK
,,,,,6.0,keisean_nixon,Keisean Nixon,DB,,2022,0,UNK
,,,,,0.0,marquise_blair,Marquise Blair,DB,,2022,0,UNK
,,,,,68.80000000000001,mecole_hardman,Mecole Hardman,WR,,2022,0,UNK
,,,,,0.0,phil_haynes,Phil Haynes,G,,2022,0,UNK
,,,,,0.0,ugo_amadi,Ugo Amadi,CB,,2022,0,UNK
,,,,,0.0,mack_wilson,Mack Wilson,LB,,2022,0,UNK
,,,,,0.0,austin_seibert,Austin Seibert,K,,2022,0,UNK
,,,,,8.580000000000002,trace_mcsorley,Trace McSorley,QB,,2022,0,UNK
,,,,,0.0,rashad_fenton,Rashad Fenton,CB,,2022,0,UNK
,,,,,0.0,kris_boyd,Kris Boyd,CB,,2022,0,UNK
,,,,,0.24,jack_fox,Jack Fox,P,,2022,0,UNK
,,,,,0.0,darius_harris,Darius Harris,LB,,2022,0,UNK
,,,,,0.0,azeez_al-shaair,Azeez Al-Shaair,LB,,2022,0,UNK
,,,,,0.0,jalen_dalton,Jalen Dalton,DT,,2022,0,UNK
,,,,,0.7000000000000001,devine_ozigbo,Devine Ozigbo,RB,,2022,0,UNK
,,,,,0.0,matthew_wright,Matthew Wright,K,,2022,0,UNK
,,,,,0.0,aj_cole,AJ Cole,P,,2022,0,UNK
,,,,,0.0,joey_slye,Joey Slye,K,,2022,0,UNK
,,,,,0.0,del'shawn_phillips,Del'Shawn Phillips,LB,,2022,0,UNK
,,,,,70.0,olamide_zaccheaus,Olamide Zaccheaus,WR,,2022,0,UNK
,,,,,0.0,herb_miller,Herb Miller,CB,,2022,0,UNK
,,,,,1.3,deonte_harty,Deonte Harty,WR,,2022,0,UNK
188.0,,,188,16,94.7,diontae_johnson,Diontae Johnson,WR,,2022,0,UNK
,,,,,16.700000000000003,benny_snell,Benny Snell,RB,,2022,0,UNK
,,,,,0.0,isaiah_buggs,Isaiah Buggs,DT,,2022,0,UNK
,,,,,13.200000000000001,zach_gentry,Zach Gentry,TE,,2022,0,UNK
,,,,,0.0,ulysees_gilbert,Ulysees Gilbert,LB,,2022,0,UNK
,,,,,0.0,p.j._locke,P.J. Locke,DB,,2022,0,UNK
173.0,,,173,15,200.52,kyler_murray,Kyler Murray,QB,,2022,0,UNK
55.0,,,55,5,131.4,t.j._hockenson,T.J. Hockenson,TE,,2022,0,UNK
,,,,,0.0,ed_oliver,Ed Oliver,DT,,2022,0,UNK
,,,,,0.0,christian_wilkins,Christian Wilkins,DT,,2022,0,UNK
,,,,,0.0,tytus_howard,Tytus Howard,OT,,2022,0,UNK
,,,,,0.0,kaleb_mcgary,Kaleb McGary,OT,,2022,0,UNK
,,,,,0.0,byron_murphy,Byron Murphy,CB,,2022,0,UNK
,,,,,0.0,jawaan_taylor,Jawaan Taylor,OT,,2022,0,UNK
,,,,,0.0,cody_ford,Cody Ford,OT,,2022,0,UNK
,,,,,0.0,sean_murphy-bunting,Sean Murphy-Bunting,CB,,2022,0,UNK
,,,,,0.0,jahlani_tavai,Jahlani Tavai,LB,,2022,0,UNK
,,,,,0.0,erik_mccoy,Erik McCoy,C,,2022,0,UNK
80.0,,,80,7,196.70000000000002,miles_sanders,Miles Sanders,RB,,2022,0,UNK
,,,,,0.0,lonnie_johnson,Lonnie Johnson,SAF,,2022,0,UNK
,,,,,0.0,max_scharping,Max Scharping,G,,2022,0,UNK
,,,,,0.0,trysten_hill,Trysten Hill,DT,,2022,0,UNK
,,,,,0.0,zach_allen,Zach Allen,DE,,2022,0,UNK
,,,,,26.9,josh_oliver,Josh Oliver,TE,,2022,0,UNK
191.0,,,191,16,139.9,devin_singletary,Devin Singletary,RB,,2022,0,UNK
,,,,,0.0,yodny_cajuste,Yodny Cajuste,OT,,2022,0,UNK
,,,,,0.0,c.j._gardner-johnson,C.J. Gardner-Johnson,SAF,,2022,0,UNK
,,,,,0.0,anthony_nelson,Anthony Nelson,LB,,2022,0,UNK
,,,,,0.0,hjalte_froholdt,Hjalte Froholdt,G,,2022,0,UNK
,,,,,4.6,trevon_wesco,Trevon Wesco,TE,,2022,0,UNK
90.0,,,90,8,209.8,tony_pollard,Tony Pollard,RB,,2022,0,UNK
,,,,,0.0,drue_tranquill,Drue Tranquill,LB,,2022,0,UNK
,,,,,42.64,jarrett_stidham,Jarrett Stidham,QB,,2022,0,UNK
,,,,,0.0,john_cominsky,John Cominsky,DE,,2022,0,UNK
,,,,,0.0,mike_jordan,Mike Jordan,G,,2022,0,UNK
129.0,,,129,11,0.0,matt_gay,Matt Gay,K,,2022,0,UNK
,,,,,0.0,amani_oruwariye,Amani Oruwariye,CB,,2022,0,UNK
,,,,,6.0,andrew_van_ginkel,Andrew Van Ginkel,OLB,,2022,0,UNK
,,,,,0.0,qadree_ollison,Qadree Ollison,RB,,2022,0,UNK
,,,,,0.0,blake_cashman,Blake Cashman,LB,,2022,0,UNK
,,,,,6.0,mike_jackson,Mike Jackson,CB,,2022,0,UNK
,,,,,0.0,byron_cowart,Byron Cowart,DT,,2022,0,UNK
,,,,,0.0,charles_omenihu,Charles Omenihu,DE,,2022,0,UNK
,,,,,0.0,jake_bailey,Jake Bailey,P,,2022,0,UNK
,,,,,0.0,cole_holcomb,Cole Holcomb,LB,,2022,0,UNK
,,,,,36.81999999999999,gardner_minshew,Gardner Minshew,QB,,2022,0,UNK
,,,,,0.0,jaquan_johnson,Jaquan Johnson,DB,,2022,0,UNK
,,,,,6.0,trayveon_williams,Trayveon Williams,RB,,2022,0,UNK
,,,,,0.0,david_long_jr.,David Long Jr.,ILB,,2022,0,UNK
,,,,,0.0,xavier_crawford,Xavier Crawford,DB,,2022,0,UNK
,,,,,19.3,scott_miller,Scott Miller,WR,,2022,0,UNK
,,,,,0.0,dennis_daley,Dennis Daley,OT,,2022,0,UNK
,,,,,0.0,donovan_wilson,Donovan Wilson,SAF,,2022,0,UNK
,,,,,0.0,cullen_gillaspia,Cullen Gillaspia,RB,,2022,0,UNK
,,,,,0.0,darryl_johnson,Darryl Johnson,OLB,,2022,0,UNK
,,,,,0.7000000000000001,tommy_sweeney,Tommy Sweeney,TE,,2022,0,UNK
,,,,,5.4,myles_gaskin,Myles Gaskin,RB,,2022,0,UNK
,,,,,0.0,kaden_elliss,Kaden Elliss,LB,,2022,0,UNK
,,,,,5.5,c.j._moore,C.J. Moore,DB,,2022,0,UNK
,,,,,0.0,matt_nelson,Matt Nelson,OT,,2022,0,UNK
,,,,,19.0,donald_parham,Donald Parham,TE,,2022,0,UNK
,,,,,0.0,anthony_pittman,Anthony Pittman,LB,,2022,0,UNK
,,,,,0.0,kevin_strong,Kevin Strong,DT,,2022,0,UNK
,,,,,48.2,trenton_irwin,Trenton Irwin,WR,,2022,0,UNK
,,,,,0.0,jonathan_ledbetter,Jonathan Ledbetter,DE,,2022,0,UNK
,,,,,12.5,chris_myarick,Chris Myarick,TE,,2022,0,UNK
,,,,,0.0,nik_needham,Nik Needham,DB,,2022,0,UNK
,,,,,0.0,tyrel_dodson,Tyrel Dodson,LB,,2022,0,UNK
,,,,,0.0,tyree_jackson,Tyree Jackson,TE,,2022,0,UNK
,,,,,0.0,cam_lewis,Cam Lewis,CB,,2022,0,UNK
,,,,,0.0,chase_mclaughlin,Chase McLaughlin,K,,2022,0,UNK
,,,,,10.600000000000001,david_sills,David Sills,WR,,2022,0,UNK
,,,,,0.0,joe_giles-harris,Joe Giles-Harris,LB,,2022,0,UNK
,,,,,0.0,tae_hayes,Tae Hayes,DB,,2022,0,UNK
,,,,,0.0,saivion_smith,Saivion Smith,S,,2022,0,UNK
,,,,,0.0,andrew_wingard,Andrew Wingard,SAF,,2022,0,UNK
,,,,,0.0,ryan_bates,Ryan Bates,OT,,2022,0,UNK
,,,,,0.0,nate_herbig,Nate Herbig,G,,2022,0,UNK
,,,,,0.0,sua_opeta,Sua Opeta,G,,2022,0,UNK
,,,,,0.0,t.j._edwards,T.J. Edwards,LB,,2022,0,UNK
,,,,,0.0,anthony_rush,Anthony Rush,NT,,2022,0,UNK
,,,,,0.0,anthony_chesley,Anthony Chesley,CB,,2022,0,UNK
,,,,,0.0,stanley_morgan,Stanley Morgan,WR,,2022,0,UNK
,,,,,0.0,carl_granderson,Carl Granderson,DE,,2022,0,UNK
,,,,,2.0,lil'jordan_humphrey,Lil'Jordan Humphrey,WR,,2022,0,UNK
,,,,,0.0,nick_moore,Nick Moore,LS,,2022,0,UNK
,,,,,0.0,shy_tuttle,Shy Tuttle,DT,,2022,0,UNK
,,,,,0.0,andrew_dowell,Andrew Dowell,LB,,2022,0,UNK
,,,,,0.0,luke_gifford,Luke Gifford,LB,,2022,0,UNK
,,,,,6.4,jalen_guyton,Jalen Guyton,WR,,2022,0,UNK
,,,,,0.0,daniel_wise,Daniel Wise,DT,,2022,0,UNK
,,,,,0.5,jason_moore,Jason Moore,WR,,2022,0,UNK
,,,,,0.0,roderic_teamer,Roderic Teamer,DB,,2022,0,UNK
,,,,,0.0,jordan_kunaszyk,Jordan Kunaszyk,ILB,,2022,0,UNK
,,,,,0.8,tyron_johnson,Tyron Johnson,WR,,2022,0,UNK
,,,,,63.1,greg_dortch,Greg Dortch,WR,,2022,0,UNK
,,,,,13.4,jeff_smith,Jeff Smith,WR,,2022,0,UNK
,,,,,0.0,isaiah_mack,Isaiah Mack,DT,,2022,0,UNK
,,,,,0.0,devin_bush,Devin Bush,LB,,2022,0,UNK
,,,,,0.0,elgton_jenkins,Elgton Jenkins,C,,2022,0,UNK
,,,,,2.2,andy_isabella,Andy Isabella,WR,,2022,0,UNK
,,,,,0.0,austin_bryant,Austin Bryant,DE,,2022,0,UNK
,,,,,0.0,deionte_thompson,Deionte Thompson,SAF,,2022,0,UNK
,,,,,0.0,ryan_connelly,Ryan Connelly,ILB,,2022,0,UNK
,,,,,82.4,darius_slayton,Darius Slayton,WR,,2022,0,UNK
,,,,,30.8,ty_johnson,Ty Johnson,RB,,2022,0,UNK
,,,,,0.0,michael_dogbe,Michael Dogbe,DE,,2022,0,UNK
,,,,,0.0,kemon_hall,Kemon Hall,DB,,2022,0,UNK
,,,,,14.100000000000001,tom_kennedy,Tom Kennedy,WR,,2022,0,UNK
,,,,,22.8,joseph_fortson,Joseph Fortson,TE,,2022,0,UNK
,,,,,1.9000000000000001,jesper_horsted,Jesper Horsted,TE,,2022,0,UNK
,,,,,21.8,craig_reynolds,Craig Reynolds,RB,,2022,0,UNK
,,,,,8.9,parker_hesse,Parker Hesse,TE,,2022,0,UNK
,,,,,0.0,garrett_bradbury,Garrett Bradbury,C,,2022,0,UNK
,,,,,0.0,justin_hollins,Justin Hollins,LB,,2022,0,UNK
,,,,,1.7000000000000002,juwann_winfree,Juwann Winfree,WR,,2022,0,UNK
,,,,,27.1,travis_homer,Travis Homer,RB,,2022,0,UNK
,,,,,3.5,kendall_blanton,Kendall Blanton,TE,,2022,0,UNK
,,,,,0.0,marquise_copeland,Marquise Copeland,DT,,2022,0,UNK
,,,,,1.2000000000000002,jake_gervase,Jake Gervase,LB,,2022,0,UNK
,,,,,0.0,troy_reeder,Troy Reeder,LB,,2022,0,UNK
,,,,,1.4000000000000001,nsimba_webster,Nsimba Webster,WR,,2022,0,UNK
,,,,,0.0,chandler_brewer,Chandler Brewer,OT,,2022,0,UNK
,,,,,17.6,n'keal_harry,N'Keal Harry,TE,,2022,0,UNK
,,,,,0.0,juan_thornhill,Juan Thornhill,SAF,,2022,0,UNK
,,,,,2.4000000000000004,d'ernest_johnson,D'Ernest Johnson,RB,,2022,0,UNK
,,,,,0.0,jonah_williams,Jonah Williams,DE,,2022,0,UNK
,,,,,0.0,chris_lindstrom,Chris Lindstrom,G,,2022,0,UNK
,,,,,-0.2,drew_sample,Drew Sample,TE,,2022,0,UNK
,,,,,0.0,amani_hooker,Amani Hooker,SAF,,2022,0,UNK
,,,,,0.0,corey_ballentine,Corey Ballentine,DB,,2022,0,UNK
,,,,,0.0,l.j._collier,L.J. Collier,DE,,2022,0,UNK
,,,,,0.0,rock_ya-sin,Rock Ya-Sin,CB,,2022,0,UNK
,,,,,0.0,greedy_williams,Greedy Williams,CB,,2022,0,UNK
,,,,,86.10000000000001,parris_campbell,Parris Campbell,WR,,2022,0,UNK
31.0,,,31,3,136.8,dk_metcalf,DK Metcalf,WR,,2022,0,UNK
,,,,,0.0,josh_hines-allen,Josh Hines-Allen,DE,,2022,0,UNK
,,,,,0.0,jeffery_simmons,Jeffery Simmons,DT,,2022,0,UNK
,,,,,72.6,noah_fant,Noah Fant,TE,,2022,0,UNK
,,,,,9.200000000000001,gunner_olszewski,Gunner Olszewski,WR,,2022,0,UNK
,,,,,0.0,sione_takitaki,Sione Takitaki,LB,,2022,0,UNK
,,,,,0.0,montez_sweat,Montez Sweat,DE,,2022,0,UNK
,,,,,0.0,nate_davis,Nate Davis,G,,2022,0,UNK
,,,,,0.0,justin_layne,Justin Layne,CB,,2022,0,UNK
,,,,,0.0,chase_winovich,Chase Winovich,DE,,2022,0,UNK
,,,,,0.0,will_harris,Will Harris,SAF,,2022,0,UNK
,,,,,0.0,khalen_saunders,Khalen Saunders,DT,,2022,0,UNK
95.0,,,95,8,73.9,damien_harris,Damien Harris,RB,,2022,0,UNK
190.0,,,190,16,152.0,terry_mclaurin,Terry McLaurin,WR,,2022,0,UNK
,,,,,89.0,marquise_brown,Marquise Brown,WR,,2022,0,UNK
,,,,,0.0,taylor_rapp,Taylor Rapp,SAF,,2022,0,UNK
,,,,,56.5,darrell_henderson,Darrell Henderson,RB,,2022,0,UNK
,,,,,0.0,david_long,David Long,DB,,2022,0,UNK
,,,,,0.0,bobby_evans,Bobby Evans,G,,2022,0,UNK
,,,,,0.0,greg_gaines,Greg Gaines,DT,,2022,0,UNK
,,,,,0.0,david_edwards,David Edwards,OT,,2022,0,UNK
,,,,,0.0,nick_scott,Nick Scott,SAF,,2022,0,UNK
,,,,,0.0,dakota_allen,Dakota Allen,LB,,2022,0,UNK
,,,,,0.0,cody_barton,Cody Barton,LB,,2022,0,UNK
,,,,,0.0,jerry_tillery,Jerry Tillery,DT,,2022,0,UNK
21.0,,,21,2,211.6,a.j._brown,A.J. Brown,WR,,2022,0,UNK
,,,,,0.0,nasir_adderley,Nasir Adderley,FS,,2022,0,UNK
,,,,,0.0,dre'mont_jones,Dre'Mont Jones,DE,,2022,0,UNK
,,,,,0.0,quincy_williams,Quincy Williams,LB,,2022,0,UNK
,,,,,0.0,mike_edwards,Mike Edwards,SAF,,2022,0,UNK
,,,,,0.0,dexter_lawrence,Dexter Lawrence,DT,,2022,0,UNK
61.0,,,61,6,143.7,david_montgomery,David Montgomery,RB,,2022,0,UNK
,,,,,0.0,bobby_okereke,Bobby Okereke,ILB,,2022,0,UNK
,,,,,0.0,trey_pipkins,Trey Pipkins,OT,,2022,0,UNK
49.0,,,49,5,87.7,dawson_knox,Dawson Knox,TE,,2022,0,UNK
,,,,,0.0,clelin_ferrell,Clelin Ferrell,DE,,2022,0,UNK
,,,,,0.0,johnathan_abram,Johnathan Abram,DB,,2022,0,UNK
,,,,,0.0,greg_little,Greg Little,OT,,2022,0,UNK
,,,,,0.0,trayvon_mullen,Trayvon Mullen,CB,,2022,0,UNK
,,,,,0.0,duke_shelley,Duke Shelley,CB,,2022,0,UNK
,,,,,0.0,germaine_pratt,Germaine Pratt,LB,,2022,0,UNK
,,,,,0.0,chuma_edoga,Chuma Edoga,OT,,2022,0,UNK
,,,,,0.0,jamel_dean,Jamel Dean,CB,,2022,0,UNK
33.0,,,33,3,275.3,josh_jacobs,Josh Jacobs,RB,,2022,0,UNK
,,,,,0.0,dalton_risner,Dalton Risner,G,,2022,0,UNK
,,,,,1.1,miles_boykin,Miles Boykin,WR,,2022,0,UNK
,,,,,0.0,jalen_thompson,Jalen Thompson,DB,,2022,0,UNK
,,,,,0.0,devin_white,Devin White,LB,,2022,0,UNK
,,,,,0.0,oshane_ximines,Oshane Ximines,LB,,2022,0,UNK
102.0,,,102,9,289.0,daniel_jones,Daniel Jones,QB,,2022,0,UNK
,,,,,0.0,brian_burns,Brian Burns,LB,,2022,0,UNK
,,,,,0.0,nick_bosa,Nick Bosa,DE,,2022,0,UNK
,,,,,0.0,quinnen_williams,Quinnen Williams,DT,,2022,0,UNK
,,,,,112.4,deebo_samuel_sr.,Deebo Samuel Sr.,WR,,2022,0,UNK
,,,,,1.0,jakob_johnson,Jakob Johnson,RB,,2022,0,UNK
,,,,,9.0,chris_streveler,Chris Streveler,QB,,2022,0,UNK
,,,,,0.0,jonathan_kongbo,Jonathan Kongbo,DE,,2022,0,UNK
,,,,,0.0,jacob_bobenmoyer,Jacob Bobenmoyer,LS,,2022,0,UNK
,,,,,0.0,ramiz_ahmed,Ramiz Ahmed,K,,2022,0,UNK
,,,,,0.0,malcolm_roach,Malcolm Roach,DT,,2022,0,UNK
,,,,,0.0,calvin_throckmorton,Calvin Throckmorton,OT,,2022,0,UNK
,,,,,19.9,mitchell_wilcox,Mitchell Wilcox,TE,,2022,0,UNK
,,,,,0.0,tyler_hall,Tyler Hall,CB,,2022,0,UNK
,,,,,0.0,jared_pinkney,Jared Pinkney,TE,,2022,0,UNK
,,,,,0.0,james_pierre,James Pierre,CB,,2022,0,UNK
,,,,,0.0,jonas_griffith,Jonas Griffith,LB,,2022,0,UNK
,,,,,50.0,jamycal_hasty,JaMycal Hasty,RB,,2022,0,UNK
,,,,,0.0,ben_victor,Ben Victor,WR,,2022,0,UNK
,,,,,0.0,corliss_waitman,Corliss Waitman,P,,2022,0,UNK
,,,,,2.6,ben_ellefson,Ben Ellefson,TE,,2022,0,UNK
,,,,,0.0,ross_matiscik,Ross Matiscik,LS,,2022,0,UNK
109.0,,,109,10,77.6,james_robinson,James Robinson,RB,,2022,0,UNK
,,,,,0.0,benito_jones,Benito Jones,DT,,2022,0,UNK
162.0,,,162,14,0.0,rodrigo_blankenship,Rodrigo Blankenship,K,,2022,0,UNK
,,,,,0.0,kameron_cline,Kameron Cline,DE,,2022,0,UNK
,,,,,0.0,chris_williams,Chris Williams,DT,,2022,0,UNK
,,,,,0.0,blake_gillikin,Blake Gillikin,P,,2022,0,UNK
,,,,,5.4,tony_jones,Tony Jones,RB,,2022,0,UNK
,,,,,0.0,essang_bassey,Essang Bassey,DB,,2022,0,UNK
,,,,,32.4,kendall_hinton,Kendall Hinton,WR,,2022,0,UNK
,,,,,4.5,andre_baccellia,Andre Baccellia,WR,,2022,0,UNK
,,,,,0.0,tommy_townsend,Tommy Townsend,P,,2022,0,UNK
,,,,,0.0,tershawn_wharton,Tershawn Wharton,DE,,2022,0,UNK
,,,,,0.2,cody_white,Cody White,WR,,2022,0,UNK
,,,,,0.0,joe_bachie,Joe Bachie,LB,,2022,0,UNK
,,,,,0.0,cole_christiansen,Cole Christiansen,LB,,2022,0,UNK
,,,,,0.0,joe_gaziano,Joe Gaziano,DE,,2022,0,UNK
,,,,,0.0,t.j._smith,T.J. Smith,DT,,2022,0,UNK
,,,,,3.2,jonathan_ward,Jonathan Ward,RB,,2022,0,UNK
,,,,,0.0,jarren_williams,Jarren Williams,CB,,2022,0,UNK
,,,,,0.0,breiden_fehoko,Breiden Fehoko,DT,,2022,0,UNK
,,,,,0.0,eric_banks,Eric Banks,DT,,2022,0,UNK
,,,,,0.0,michael_hoecht,Michael Hoecht,LB,,2022,0,UNK
,,,,,15.440000000000001,bryce_perkins,Bryce Perkins,QB,,2022,0,UNK
,,,,,0.0,christian_rozeboom,Christian Rozeboom,LB,,2022,0,UNK
,,,,,0.0,myles_adams,Myles Adams,DT,,2022,0,UNK
,,,,,0.0,myles_hartsfield,Myles Hartsfield,FS,,2022,0,UNK
,,,,,10.0,giovanni_ricci,Giovanni Ricci,TE,,2022,0,UNK
,,,,,0.0,krys_barnes,Krys Barnes,LB,,2022,0,UNK
,,,,,0.0,tipa_galeai,Tipa Galeai,LB,,2022,0,UNK
,,,,,4.800000000000001,patrick_taylor,Patrick Taylor,RB,,2022,0,UNK
,,,,,0.0,dan_chisena,Dan Chisena,WR,,2022,0,UNK
,,,,,0.0,myles_dorn,Myles Dorn,SAF,,2022,0,UNK
,,,,,0.0,david_moa,David Moa,DT,,2022,0,UNK
,,,,,50.02,tyler_huntley,Tyler Huntley,QB,,2022,0,UNK
,,,,,0.0,grayland_arnold,Grayland Arnold,SAF,,2022,0,UNK
,,,,,0.0,elijah_riley,Elijah Riley,DB,,2022,0,UNK
,,,,,0.0,noah_togiai,Noah Togiai,TE,,2022,0,UNK
,,,,,0.0,bobby_price,Bobby Price,DB,,2022,0,UNK
,,,,,0.0,arryn_siposs,Arryn Siposs,P,,2022,0,UNK
,,,,,13.2,salvon_ahmed,Salvon Ahmed,RB,,2022,0,UNK
,,,,,0.0,la'darius_hamilton,La'Darius Hamilton,LB,,2022,0,UNK
,,,,,1.1,sean_mckeon,Sean McKeon,TE,,2022,0,UNK
,,,,,0.0,terence_steele,Terence Steele,OT,,2022,0,UNK
,,,,,0.0,sam_franklin_jr.,Sam Franklin Jr.,SAF,,2022,0,UNK
,,,,,92.80000000000001,juwan_johnson,Juwan Johnson,TE,,2022,0,UNK
,,,,,0.0,jace_whittaker,Jace Whittaker,CB,,2022,0,UNK
,,,,,0.0,benning_potoa'e,Benning Potoa'e,DE,,2022,0,UNK
,,,,,6.7,tyler_mabry,Tyler Mabry,TE,,2022,0,UNK
,,,,,0.0,jamir_jones,Jamir Jones,LB,,2022,0,UNK
,,,,,0.0,juju_hughes,JuJu Hughes,S,,2022,0,UNK
,,,,,0.0,broderick_washington,Broderick Washington,DT,,2022,0,UNK
,,,,,0.0,liam_mccullough,Liam McCullough,LS,,2022,0,UNK
,,,,,0.0,myles_bryant,Myles Bryant,CB,,2022,0,UNK
,,,,,1.7000000000000002,j.j._taylor,J.J. Taylor,RB,,2022,0,UNK
,,,,,0.0,nick_leverett,Nick Leverett,G,,2022,0,UNK
,,,,,0.0,brandon_walton,Brandon Walton,OT,,2022,0,UNK
,,,,,0.0,nnamdi_madubuike,Nnamdi Madubuike,DT,,2022,0,UNK
,,,,,0.0,ben_bredeson,Ben Bredeson,G,,2022,0,UNK
,,,,,4.2,james_proche,James Proche,WR,,2022,0,UNK
,,,,,0.0,rico_dowdle,Rico Dowdle,RB,,2022,0,UNK
,,,,,17.8,lawrence_cager,Lawrence Cager,TE,,2022,0,UNK
,,,,,0.0,domenique_davis,Domenique Davis,DL,,2022,0,UNK
,,,,,0.0,bryce_huff,Bryce Huff,DE,,2022,0,UNK
,,,,,0.0,kristian_welch,Kristian Welch,LB,,2022,0,UNK
54.0,,,54,5,74.2,j.k._dobbins,J.K. Dobbins,RB,,2022,0,UNK
,,,,,0.0,joshua_uche,Joshua Uche,LB,,2022,0,UNK
124.0,,,124,11,0.0,tyler_bass,Tyler Bass,K,,2022,0,UNK
,,,,,63.2,isaiah_hodgins,Isaiah Hodgins,WR,,2022,0,UNK
,,,,,0.0,dane_jackson,Dane Jackson,CB,,2022,0,UNK
,,,,,0.0,tae_crowder,Tae Crowder,LB,,2022,0,UNK
,,,,,0.0,dominik_eberle,Dominik Eberle,K,,2022,0,UNK
,,,,,0.30000000000000004,mason_kinsey,Mason Kinsey,WR,,2022,0,UNK
,,,,,0.0,teair_tart,Teair Tart,DT,,2022,0,UNK
,,,,,57.7,nick_westbrook-ikhine,Nick Westbrook-Ikhine,WR,,2022,0,UNK
,,,,,12.9,reggie_gilliam,Reggie Gilliam,RB,,2022,0,UNK
,,,,,0.0,josh_thomas,Josh Thomas,DB,,2022,0,UNK
,,,,,0.0,a.j._epenesa,A.J. Epenesa,DE,,2022,0,UNK
,,,,,0.0,anfernee_jennings,Anfernee Jennings,LB,,2022,0,UNK
,,,,,0.5,devin_asiasi,Devin Asiasi,TE,,2022,0,UNK
58.0,,,58,5,123.60000000000001,gabe_davis,Gabe Davis,WR,,2022,0,UNK
,,,,,0.0,mike_onwenu,Mike Onwenu,G,,2022,0,UNK
,,,,,0.0,geno_stone,Geno Stone,SAF,,2022,0,UNK
75.0,,,75,7,230.92000000000002,tua_tagovailoa,Tua Tagovailoa,QB,,2022,0,UNK
,,,,,0.0,raekwon_davis,Raekwon Davis,DT,,2022,0,UNK
,,,,,0.0,tyre_phillips,Tyre Phillips,G,,2022,0,UNK
,,,,,0.0,danny_pinter,Danny Pinter,G,,2022,0,UNK
,,,,,0.0,blake_ferguson,Blake Ferguson,LS,,2022,0,UNK
,,,,,21.8,marquez_callaway,Marquez Callaway,WR,,2022,0,UNK
,,,,,0.0,derrick_brown,Derrick Brown,DT,,2022,0,UNK
,,,,,0.0,brandon_jones,Brandon Jones,SAF,,2022,0,UNK
,,,,,0.0,isaiah_rodgers,Isaiah Rodgers,CB,,2022,0,UNK
178.0,,,178,15,118.4,jonathan_taylor,Jonathan Taylor,RB,,2022,0,UNK
,,,,,0.0,jonathan_greenard,Jonathan Greenard,LB,,2022,0,UNK
,,,,,0.3599999999999999,jacob_eason,Jacob Eason,QB,,2022,0,UNK
,,,,,2.4000000000000004,dezmon_patmon,Dezmon Patmon,WR,,2022,0,UNK
,,,,,0.0,kyle_dugger,Kyle Dugger,SAF,,2022,0,UNK
,,,,,30.700000000000003,harrison_bryant,Harrison Bryant,TE,,2022,0,UNK
,,,,,106.10000000000001,donovan_peoples-jones,Donovan Peoples-Jones,WR,,2022,0,UNK
,,,,,0.0,logan_stenberg,Logan Stenberg,G,,2022,0,UNK
,,,,,0.0,shaquille_quarterman,Shaquille Quarterman,LB,,2022,0,UNK
,,,,,0.0,larrell_murchison,Larrell Murchison,DT,,2022,0,UNK
,,,,,0.0,jonathan_garvin,Jonathan Garvin,DE,,2022,0,UNK
,,,,,0.0,chris_jackson,Chris Jackson,DB,,2022,0,UNK
,,,,,44.2,colby_parkinson,Colby Parkinson,TE,,2022,0,UNK
,,,,,0.0,jon_runyan,Jon Runyan,G,,2022,0,UNK
,,,,,7.4,freddie_swain,Freddie Swain,WR,,2022,0,UNK
,,,,,0.0,julian_okwara,Julian Okwara,DE,,2022,0,UNK
,,,,,2.6,tyler_davis,Tyler Davis,TE,,2022,0,UNK
160.0,,,160,14,53.5,zack_moss,Zack Moss,RB,,2022,0,UNK
,,,,,117.5,michael_pittman,Michael Pittman,WR,,2022,0,UNK
,,,,,0.0,julian_blackmon,Julian Blackmon,SAF,,2022,0,UNK
,,,,,18.6,denzel_mims,Denzel Mims,WR,,2022,0,UNK
,,,,,0.0,jonah_jackson,Jonah Jackson,G,,2022,0,UNK
,,,,,47.6,jauan_jennings,Jauan Jennings,WR,,2022,0,UNK
,,,,,0.0,javon_kinlaw,Javon Kinlaw,DT,,2022,0,UNK
76.0,,,76,7,149.8,brandon_aiyuk,Brandon Aiyuk,WR,,2022,0,UNK
,,,,,0.0,davon_hamilton,DaVon Hamilton,DT,,2022,0,UNK
,,,,,11.700000000000001,jordan_love,Jordan Love,QB,,2022,0,UNK
42.0,,,42,4,139.60000000000002,aj_dillon,AJ Dillon,RB,,2022,0,UNK
,,,,,0.0,jordan_elliott,Jordan Elliott,DT,,2022,0,UNK
,,,,,0.0,jedrick_wills,Jedrick Wills,OT,,2022,0,UNK
,,,,,45.7,laviska_shenault_jr.,Laviska Shenault Jr.,WR,,2022,0,UNK
,,,,,51.5,quez_watkins,Quez Watkins,WR,,2022,0,UNK
,,,,,0.0,ben_bartch,Ben Bartch,OT,,2022,0,UNK
,,,,,0.0,jeff_okudah,Jeff Okudah,CB,,2022,0,UNK
180.0,,,180,15,143.10000000000002,d'andre_swift,D'Andre Swift,RB,,2022,0,UNK
,,,,,0.0,jacob_phillips,Jacob Phillips,LB,,2022,0,UNK
,,,,,1.5,quintez_cephus,Quintez Cephus,WR,,2022,0,UNK
,,,,,0.0,malik_harrison,Malik Harrison,LB,,2022,0,UNK
,,,,,0.0,c.j._henderson,C.J. Henderson,CB,,2022,0,UNK
,,,,,0.0,grant_delpit,Grant Delpit,SAF,,2022,0,UNK
,,,,,0.0,a.j._terrell,A.J. Terrell,CB,,2022,0,UNK
,,,,,0.0,k'lavon_chaisson,K'Lavon Chaisson,LB,,2022,0,UNK
,,,,,0.0,noah_igbinoghene,Noah Igbinoghene,CB,,2022,0,UNK
,,,,,0.0,yetur_gross-matos,Yetur Gross-Matos,DE,,2022,0,UNK
,,,,,0.0,ross_blacklock,Ross Blacklock,DT,,2022,0,UNK
99.0,,,99,9,97.30000000000001,cole_kmet,Cole Kmet,TE,,2022,0,UNK
,,,,,0.0,jaylon_johnson,Jaylon Johnson,CB,,2022,0,UNK
,,,,,0.0,jeremy_chinn,Jeremy Chinn,SAF,,2022,0,UNK
,,,,,0.0,logan_wilson,Logan Wilson,LB,,2022,0,UNK
,,,,,0.0,jabari_zuniga,Jabari Zuniga,DE,,2022,0,UNK
,,,,,9.700000000000001,darrynton_evans,Darrynton Evans,RB,,2022,0,UNK
,,,,,0.0,akeem_davis-gaither,Akeem Davis-Gaither,LB,,2022,0,UNK
,,,,,0.0,mykal_walker,Mykal Walker,LB,,2022,0,UNK
,,,,,0.0,jaylinn_hawkins,Jaylinn Hawkins,SAF,,2022,0,UNK
,,,,,0.0,josiah_scott,Josiah Scott,CB,,2022,0,UNK
,,,,,0.0,john_reid,John Reid,CB,,2022,0,UNK
,,,,,0.0,trevis_gipson,Trevis Gipson,LB,,2022,0,UNK
,,,,,0.0,daniel_thomas,Daniel Thomas,SAF,,2022,0,UNK
,,,,,0.0,kindle_vildor,Kindle Vildor,CB,,2022,0,UNK
66.0,,,66,6,61.5,darnell_mooney,Darnell Mooney,WR,,2022,0,UNK
,,,,,0.0,hakeem_adeniji,Hakeem Adeniji,OT,,2022,0,UNK
,,,,,0.0,bravvion_roy,Bravvion Roy,DT,,2022,0,UNK
,,,,,0.68,braden_mann,Braden Mann,P,,2022,0,UNK
,,,,,0.0,markus_bailey,Markus Bailey,LB,,2022,0,UNK
,,,,,0.0,stantley_thomas-oliver,Stantley Thomas-Oliver,CB,,2022,0,UNK
,,,,,0.0,chris_claybrooks,Chris Claybrooks,CB,,2022,0,UNK
,,,,,0.0,chase_young,Chase Young,DE,,2022,0,UNK
174.0,,,174,15,240.66000000000003,justin_jefferson,Justin Jefferson,WR,,2022,0,UNK
,,,,,0.0,patrick_queen,Patrick Queen,LB,,2022,0,UNK
,,,,,0.0,robert_hunt,Robert Hunt,OT,,2022,0,UNK
97.0,,,97,9,59.04,chase_claypool,Chase Claypool,WR,,2022,0,UNK
,,,,,0.0,ezra_cleveland,Ezra Cleveland,G,,2022,0,UNK
67.0,,,67,6,119.9,antonio_gibson,Antonio Gibson,RB,,2022,0,UNK
,,,,,0.2,ashtyn_davis,Ashtyn Davis,SAF,,2022,0,UNK
,,,,,0.0,cameron_dantzler,Cameron Dantzler,CB,,2022,0,UNK
153.0,,,153,13,79.1,devin_duvernay,Devin Duvernay,WR,,2022,0,UNK
,,,,,11.4,josiah_deguara,Josiah Deguara,TE,,2022,0,UNK
,,,,,0.0,alex_highsmith,Alex Highsmith,LB,,2022,0,UNK
,,,,,0.0,saahdiq_charles,Saahdiq Charles,OT,,2022,0,UNK
,,,,,0.0,d.j._wonnum,D.J. Wonnum,LB,,2022,0,UNK
,,,,,4.1000000000000005,anthony_mcfarland,Anthony McFarland,RB,,2022,0,UNK
,,,,,0.0,james_lynch,James Lynch,DT,,2022,0,UNK
,,,,,0.0,troy_dye,Troy Dye,LB,,2022,0,UNK
,,,,,0.0,kevin_dotson,Kevin Dotson,G,,2022,0,UNK
,,,,,0.0,khalid_kareem,Khalid Kareem,LB,,2022,0,UNK
,,,,,0.0,khaleke_hudson,Khaleke Hudson,LB,,2022,0,UNK
,,,,,0.0,harrison_hand,Harrison Hand,CB,,2022,0,UNK
,,,,,95.60000000000001,k.j._osborn,K.J. Osborn,WR,,2022,0,UNK
,,,,,0.0,blake_brandel,Blake Brandel,OT,,2022,0,UNK
,,,,,0.0,josh_metellus,Josh Metellus,SAF,,2022,0,UNK
,,,,,0.0,kam_curl,Kam Curl,SAF,,2022,0,UNK
,,,,,0.0,james_smith-williams,James Smith-Williams,DE,,2022,0,UNK
,,,,,0.0,carlos_davis,Carlos Davis,DT,,2022,0,UNK
175.0,,,175,15,279.26,justin_herbert,Justin Herbert,QB,,2022,0,UNK
,,,,,0.0,isaiah_simmons,Isaiah Simmons,SAF,,2022,0,UNK
184.0,,,184,16,194.6,ceedee_lamb,CeeDee Lamb,WR,,2022,0,UNK
70.0,,,70,6,81.30000000000001,clyde_edwards-helaire,Clyde Edwards-Helaire,RB,,2022,0,UNK
,,,,,0.0,trevon_diggs,Trevon Diggs,CB,,2022,0,UNK
,,,,,0.0,willie_gay_jr.,Willie Gay Jr.,LB,,2022,0,UNK
,,,,,1.5,bryan_edwards,Bryan Edwards,WR,,2022,0,UNK
,,,,,0.0,neville_gallimore,Neville Gallimore,DT,,2022,0,UNK
,,,,,0.0,tanner_muse,Tanner Muse,LB,,2022,0,UNK
,,,,,0.0,john_simpson,John Simpson,G,,2022,0,UNK
,,,,,50.800000000000004,joshua_kelley,Joshua Kelley,RB,,2022,0,UNK
,,,,,0.0,leki_fotu,Leki Fotu,DT,,2022,0,UNK
,,,,,0.0,rashard_lawrence,Rashard Lawrence,DT,,2022,0,UNK
,,,,,0.0,l'jarius_sneed,L'Jarius Sneed,SAF,,2022,0,UNK
,,,,,0.0,amik_robertson,Amik Robertson,CB,,2022,0,UNK
,,,,,0.0,tyler_biadasz,Tyler Biadasz,C,,2022,0,UNK
,,,,,0.0,michael_danna,Michael Danna,LB,,2022,0,UNK
,,,,,0.0,alohi_gilman,Alohi Gilman,SAF,,2022,0,UNK
,,,,,64.6,eno_benjamin,Eno Benjamin,RB,,2022,0,UNK
,,,,,0.0,andrew_thomas,Andrew Thomas,OT,,2022,0,UNK
,,,,,18.9,jalen_reagor,Jalen Reagor,WR,,2022,0,UNK
,,,,,0.0,xavier_mckinney,Xavier McKinney,SAF,,2022,0,UNK
183.0,,,183,16,378.03999999999996,jalen_hurts,Jalen Hurts,QB,,2022,0,UNK
,,,,,0.0,lloyd_cushenberry_iii,Lloyd Cushenberry III,C,,2022,0,UNK
,,,,,0.0,matt_peart,Matt Peart,OT,,2022,0,UNK
,,,,,0.0,darnay_holmes,Darnay Holmes,CB,,2022,0,UNK
,,,,,0.0,k'von_wallace,K'Von Wallace,SAF,,2022,0,UNK
,,,,,0.0,jack_driscoll,Jack Driscoll,OT,,2022,0,UNK
,,,,,0.0,netane_muti,Netane Muti,G,,2022,0,UNK
,,,,,0.0,cameron_brown,Cameron Brown,LB,,2022,0,UNK
,,,,,0.0,shaun_bradley,Shaun Bradley,LB,,2022,0,UNK
,,,,,0.0,carter_coughlin,Carter Coughlin,LB,,2022,0,UNK
,,,,,0.0,casey_toohill,Casey Toohill,DE,,2022,0,UNK
,,,,,0.0,tristan_wirfs,Tristan Wirfs,OT,,2022,0,UNK
25.0,,,25,3,137.2,jerry_jeudy,Jerry Jeudy,WR,,2022,0,UNK
,,,,,0.0,cesar_ruiz,Cesar Ruiz,C,,2022,0,UNK
,,,,,0.0,jordyn_brooks,Jordyn Brooks,LB,,2022,0,UNK
170.0,,,170,15,146.9,tee_higgins,Tee Higgins,WR,,2022,0,UNK
,,,,,0.0,antoine_winfield_jr.,Antoine Winfield Jr.,SAF,,2022,0,UNK
,,,,,18.8,kj_hamler,KJ Hamler,WR,,2022,0,UNK
,,,,,0.0,darrell_taylor,Darrell Taylor,DE,,2022,0,UNK
41.0,,,41,4,128.3,cam_akers,Cam Akers,RB,,2022,0,UNK
,,,,,54.9,van_jefferson,Van Jefferson,WR,,2022,0,UNK
,,,,,0.0,kristian_fulton,Kristian Fulton,CB,,2022,0,UNK
,,,,,0.0,damien_lewis,Damien Lewis,G,,2022,0,UNK
,,,,,0.0,zack_baun,Zack Baun,LB,,2022,0,UNK
,,,,,0.0,terrell_lewis,Terrell Lewis,LB,,2022,0,UNK
,,,,,0.0,terrell_burgess,Terrell Burgess,SAF,,2022,0,UNK
,,,,,26.700000000000003,adam_trautman,Adam Trautman,TE,,2022,0,UNK
,,,,,15.5,albert_okwuegbunam,Albert Okwuegbunam,TE,,2022,0,UNK
,,,,,10.9,brycen_hopkins,Brycen Hopkins,TE,,2022,0,UNK
,,,,,29.200000000000003,deejay_dallas,DeeJay Dallas,RB,,2022,0,UNK
,,,,,0.0,justin_strnad,Justin Strnad,LB,,2022,0,UNK
,,,,,0.0,charlie_woerner,Charlie Woerner,TE,,2022,0,UNK
,,,,,0.0,jordan_fuller,Jordan Fuller,SAF,,2022,0,UNK
,,,,,0.0,clay_johnston,Clay Johnston,LB,,2022,0,UNK
,,,,,4.6000000000000005,stephen_sullivan,Stephen Sullivan,TE,,2022,0,UNK
,,,,,2.8000000000000003,tyrie_cleveland,Tyrie Cleveland,WR,,2022,0,UNK
,,,,,0.0,derrek_tuszka,Derrek Tuszka,LB,,2022,0,UNK
,,,,,0.0,"kenneth_murray,_jr.","Kenneth Murray, Jr.",LB,,2022,0,UNK
181.0,,,181,16,350.7,joe_burrow,Joe Burrow,QB,,2022,0,UNK
,,,,,0.0,david_bada,David Bada,DE,,2022,0,UNK
,,,,,7.2,ke'shawn_vaughn,Ke'Shawn Vaughn,RB,,2022,0,UNK
,,,,,0.5,ty'son_williams,Ty'Son Williams,RB,,2022,0,UNK
,,,,,0.0,innis_gaines,Innis Gaines,SAF,,2022,0,UNK
,,,,,0.0,aaron_patrick,Aaron Patrick,LB,,2022,0,UNK
,,,,,0.0,matt_ammendola,Matt Ammendola,K,,2022,0,UNK
,,,,,0.0,kwity_paye,Kwity Paye,DE,,2022,0,UNK
,,,,,0.0,dayo_odeyingbo,Dayo Odeyingbo,DE,,2022,0,UNK
,,,,,5.9,mike_strachan,Mike Strachan,WR,,2022,0,UNK
,,,,,0.0,will_fries,Will Fries,G,,2022,0,UNK
,,,,,54.5,deon_jackson,Deon Jackson,RB,,2022,0,UNK
,,,,,3.0,tim_jones,Tim Jones,WR,,2022,0,UNK
,,,,,0.0,jamien_sherwood,Jamien Sherwood,LB,,2022,0,UNK
,,,,,0.0,michael_carter_ii,Michael Carter II,CB,,2022,0,UNK
,,,,,0.0,jason_pinnock,Jason Pinnock,SAF,,2022,0,UNK
,,,,,0.0,hamsah_nasirildeen,Hamsah Nasirildeen,LB,,2022,0,UNK
,,,,,0.0,brandin_echols,Brandin Echols,CB,,2022,0,UNK
,,,,,0.0,isaiah_dunn,Isaiah Dunn,CB,,2022,0,UNK
,,,,,0.0,michael_dwumfour,Michael Dwumfour,DT,,2022,0,UNK
,,,,,0.0,kenny_yeboah,Kenny Yeboah,TE,,2022,0,UNK
,,,,,0.0,milo_eifler,Milo Eifler,LB,,2022,0,UNK
,,,,,2.6,dj_turner,DJ Turner,WR,,2022,0,UNK
,,,,,30.0,shane_zylstra,Shane Zylstra,TE,,2022,0,UNK
,,,,,0.0,spencer_brown,Spencer Brown,OT,,2022,0,UNK
56.0,,,56,5,38.5,rashod_bateman,Rashod Bateman,WR,,2022,0,UNK
,,,,,0.0,aaron_banks,Aaron Banks,G,,2022,0,UNK
,,,,,0.0,azeez_ojulari,Azeez Ojulari,LB,,2022,0,UNK
,,,,,0.0,carlos_basham,Carlos Basham,LB,,2022,0,UNK
122.0,,,122,11,60.1,nico_collins,Nico Collins,WR,,2022,0,UNK
,,,,,75.7,chuba_hubbard,Chuba Hubbard,RB,,2022,0,UNK
,,,,,12.8,brevin_jordan,Brevin Jordan,TE,,2022,0,UNK
,,,,,0.0,jaylon_moore,Jaylon Moore,OT,,2022,0,UNK
,,,,,0.0,daviyon_nixon,Daviyon Nixon,DT,,2022,0,UNK
,,,,,0.0,shaun_wade,Shaun Wade,CB,,2022,0,UNK
,,,,,0.0,keith_taylor,Keith Taylor,CB,,2022,0,UNK
,,,,,0.0,deommodore_lenoir,Deommodore Lenoir,CB,,2022,0,UNK
,,,,,0.0,talanoa_hufanga,Talanoa Hufanga,SAF,,2022,0,UNK
26.0,,,26,3,40.6,elijah_mitchell,Elijah Mitchell,RB,,2022,0,UNK
,,,,,0.0,roy_lopez,Roy Lopez,DT,,2022,0,UNK
,,,,,24.0,gary_brightwell,Gary Brightwell,RB,,2022,0,UNK
,,,,,0.0,rodarius_williams,Rodarius Williams,CB,,2022,0,UNK
,,,,,39.6,shi_smith,Shi Smith,WR,,2022,0,UNK
,,,,,0.0,rachad_wildgoose,Rachad Wildgoose,CB,,2022,0,UNK
,,,,,0.0,phil_hoskins,Phil Hoskins,DT,,2022,0,UNK
,,,,,0.0,jack_anderson,Jack Anderson,G,,2022,0,UNK
,,,,,0.0,foster_sarell,Foster Sarell,OT,,2022,0,UNK
,,,,,0.0,ar'darius_washington,Ar'Darius Washington,SAF,,2022,0,UNK
,,,,,0.0,nick_mccloud,Nick McCloud,CB,,2022,0,UNK
,,,,,12.4,quintin_morris,Quintin Morris,TE,,2022,0,UNK
,,,,,0.0,robert_jones,Robert Jones,G,,2022,0,UNK
,,,,,0.0,alaric_jackson,Alaric Jackson,OT,,2022,0,UNK
,,,,,0.0,jordan_meredith,Jordan Meredith,G,,2022,0,UNK
36.0,,,36,3,184.20000000000002,jaylen_waddle,Jaylen Waddle,WR,,2022,0,UNK
,,,,,0.0,jamin_davis,Jamin Davis,LB,,2022,0,UNK
,,,,,0.0,caleb_farley,Caleb Farley,CB,,2022,0,UNK
,,,,,0.0,christian_darrisaw,Christian Darrisaw,OT,,2022,0,UNK
,,,,,0.0,asante_samuel_jr.,Asante Samuel Jr.,CB,,2022,0,UNK
,,,,,0.0,sam_cosmi,Sam Cosmi,OT,,2022,0,UNK
,,,,,0.0,dillon_radunz,Dillon Radunz,OT,,2022,0,UNK
,,,,,6.800000000000001,dee_eskridge,Dee Eskridge,WR,,2022,0,UNK
,,,,,0.0,nick_bolton,Nick Bolton,LB,,2022,0,UNK
,,,,,0.0,josh_myers,Josh Myers,C,,2022,0,UNK
,,,,,0.0,creed_humphrey,Creed Humphrey,C,,2022,0,UNK
,,,,,0.0,alim_mcneill,Alim McNeill,DT,,2022,0,UNK
,,,,,0.0,benjamin_st-juste,Benjamin St-Juste,CB,,2022,0,UNK
,,,,,27.8,dyami_brown,Dyami Brown,WR,,2022,0,UNK
,,,,,0.0,dez_fitzpatrick,Dez Fitzpatrick,WR,,2022,0,UNK
,,,,,16.8,john_bates,John Bates,TE,,2022,0,UNK
,,,,,0.0,camryn_bynum,Camryn Bynum,SAF,,2022,0,UNK
,,,,,3.3000000000000003,tylan_wallace,Tylan Wallace,WR,,2022,0,UNK
,,,,,0.0,royce_newman,Royce Newman,G,,2022,0,UNK
,,,,,0.0,caden_sterns,Caden Sterns,SAF,,2022,0,UNK
,,,,,0.0,tony_fields_ii,Tony Fields II,LB,,2022,0,UNK
,,,,,-0.5999999999999999,ihmir_smith-marsette,Ihmir Smith-Marsette,WR,,2022,0,UNK
,,,,,0.0,brenden_jaimes,Brenden Jaimes,OT,,2022,0,UNK
,,,,,42.0,noah_gray,Noah Gray,TE,,2022,0,UNK
,,,,,0.0,darrick_forrest,Darrick Forrest,SAF,,2022,0,UNK
,,,,,0.0,richard_lecounte,Richard LeCounte,SAF,,2022,0,UNK
,,,,,0.0,tedarrell_slaton,Tedarrell Slaton,DT,,2022,0,UNK
,,,,,0.0,k.j._britt,K.J. Britt,LB,,2022,0,UNK
,,,,,0.0,cameron_mcgrone,Cameron McGrone,LB,,2022,0,UNK
,,,,,0.0,shemar_jean-charles,Shemar Jean-Charles,CB,,2022,0,UNK
,,,,,2.4000000000000004,simi_fehoko,Simi Fehoko,WR,,2022,0,UNK
,,,,,0.0,nick_niemann,Nick Niemann,LB,,2022,0,UNK
,,,,,0.0,quinton_bohanna,Quinton Bohanna,DT,,2022,0,UNK
,,,,,3.3000000000000003,larry_rountree_iii,Larry Rountree III,RB,,2022,0,UNK
,,,,,4.4,racey_mcmath,Racey McMath,WR,,2022,0,UNK
,,,,,0.0,stone_forsythe,Stone Forsythe,OT,,2022,0,UNK
,,,,,0.4,demetric_felton,Demetric Felton,RB,,2022,0,UNK
,,,,,0.0,isaiah_mcduffie,Isaiah McDuffie,LB,,2022,0,UNK
,,,,,0.0,camaron_cheeseman,Camaron Cheeseman,LS,,2022,0,UNK
,,,,,0.0,trey_smith,Trey Smith,G,,2022,0,UNK
,,,,,0.0,israel_mukuamu,Israel Mukuamu,CB,,2022,0,UNK
,,,,,0.0,matt_farniok,Matt Farniok,G,,2022,0,UNK
,,,,,0.0,will_bradley-king,Will Bradley-King,DE,,2022,0,UNK
,,,,,0.0,shaka_toney,Shaka Toney,DE,,2022,0,UNK
,,,,,0.7000000000000001,kylin_hill,Kylin Hill,RB,,2022,0,UNK
,,,,,9.7,dax_milne,Dax Milne,WR,,2022,0,UNK
,,,,,0.0,grant_stuard,Grant Stuard,LB,,2022,0,UNK
,,,,,0.0,dicaprio_bootle,Dicaprio Bootle,CB,,2022,0,UNK
,,,,,0.0,malik_herring,Malik Herring,DE,,2022,0,UNK
,,,,,0.0,marvin_wilson,Marvin Wilson,DT,,2022,0,UNK
,,,,,0.0,miller_forristall,Miller Forristall,TE,,2022,0,UNK
,,,,,0.0,naquan_jones,Naquan Jones,DT,,2022,0,UNK
,,,,,0.0,caleb_johnson,Caleb Johnson,LB,,2022,0,UNK
,,,,,0.0,amen_ogbongbemiga,Amen Ogbongbemiga,LB,,2022,0,UNK
,,,,,1.8,adam_prentice,Adam Prentice,FB,,2022,0,UNK
,,,,,0.0,drue_chrisman,Drue Chrisman,P,,2022,0,UNK
,,,,,12.3,jack_stoll,Jack Stoll,TE,,2022,0,UNK
,,,,,0.0,jerry_jacobs,Jerry Jacobs,CB,,2022,0,UNK
,,,,,0.0,aj_parker,AJ Parker,CB,,2022,0,UNK
,,,,,45.6,brock_wright,Brock Wright,TE,,2022,0,UNK
,,,,,7.800000000000001,jaret_patterson,Jaret Patterson,RB,,2022,0,UNK
,,,,,0.0,tyler_coyle,Tyler Coyle,SAF,,2022,0,UNK
,,,,,0.0,bryce_thompson,Bryce Thompson,CB,,2022,0,UNK
,,,,,0.0,jon_rhattigan,Jon Rhattigan,LB,,2022,0,UNK
,,,,,2.1,cade_johnson,Cade Johnson,WR,,2022,0,UNK
,,,,,0.0,christian_elliss,Christian Elliss,LB,,2022,0,UNK
,,,,,0.0,riley_patterson,Riley Patterson,K,,2022,0,UNK
,,,,,0.0,feleipe_franks,Feleipe Franks,TE,,2022,0,UNK
,,,,,42.9,caleb_huntley,Caleb Huntley,RB,,2022,0,UNK
,,,,,1.3,austin_trammell,Austin Trammell,WR,,2022,0,UNK
,,,,,9.5,kene_nwangwu,Kene Nwangwu,RB,,2022,0,UNK
,,,,,0.0,isaiahh_loudermilk,Isaiahh Loudermilk,DE,,2022,0,UNK
,,,,,0.0,garret_wallow,Garret Wallow,LB,,2022,0,UNK
,,,,,0.0,quincy_roche,Quincy Roche,LB,,2022,0,UNK
,,,,,0.0,tre_norwood,Tre Norwood,CB,,2022,0,UNK
,,,,,0.0,pressley_harvin_iii,Pressley Harvin III,P,,2022,0,UNK
,,,,,45.2,tutu_atwell,Tutu Atwell,WR,,2022,0,UNK
,,,,,0.0,cameron_sample,Cameron Sample,DE,,2022,0,UNK
130.0,,,130,11,0.0,evan_mcpherson,Evan McPherson,K,,2022,0,UNK
,,,,,0.0,earnest_brown_iv,Earnest Brown IV,DE,,2022,0,UNK
,,,,,9.8,chris_evans,Chris Evans,RB,,2022,0,UNK
,,,,,0.7000000000000001,jalen_camp,Jalen Camp,WR,,2022,0,UNK
,,,,,0.0,jake_funk,Jake Funk,RB,,2022,0,UNK
,,,,,45.300000000000004,ben_skowronek,Ben Skowronek,WR,,2022,0,UNK
,,,,,0.0,james_hudson,James Hudson,OT,,2022,0,UNK
,,,,,0.0,chris_rumph_ii,Chris Rumph II,LB,,2022,0,UNK
,,,,,0.0,dan_moore_jr.,Dan Moore Jr.,OT,,2022,0,UNK
,,,,,0.0,nate_hobbs,Nate Hobbs,CB,,2022,0,UNK
,,,,,0.0,joshuah_bledsoe,Joshuah Bledsoe,SAF,,2022,0,UNK
,,,,,0.0,pat_surtain_ii,Pat Surtain II,CB,,2022,0,UNK
62.0,,,62,6,180.1,rhamondre_stevenson,Rhamondre Stevenson,RB,,2022,0,UNK
,,,,,30.200000000000003,kylen_granson,Kylen Granson,TE,,2022,0,UNK
,,,,,2.8000000000000003,jaelon_darden,Jaelon Darden,WR,,2022,0,UNK
,,,,,35.620000000000005,sam_ehlinger,Sam Ehlinger,QB,,2022,0,UNK
,,,,,0.9,penei_sewell,Penei Sewell,OT,,2022,0,UNK
,,,,,0.0,jay_tufele,Jay Tufele,DT,,2022,0,UNK
,,,,,0.0,jabril_cox,Jabril Cox,LB,,2022,0,UNK
,,,,,0.0,tommy_togiai,Tommy Togiai,DT,,2022,0,UNK
,,,,,0.0,marco_wilson,Marco Wilson,CB,,2022,0,UNK
,,,,,0.0,tre_brown,Tre Brown,CB,,2022,0,UNK
,,,,,0.0,josh_ball,Josh Ball,OT,,2022,0,UNK
,,,,,4.0,luke_farrell,Luke Farrell,TE,,2022,0,UNK
,,,,,0.0,damar_hamlin,Damar Hamlin,SAF,,2022,0,UNK
,,,,,0.0,alex_leatherwood,Alex Leatherwood,OT,,2022,0,UNK
10.0,,,10,1,184.46,najee_harris,Najee Harris,RB,,2022,0,UNK
104.0,,,104,9,85.2,pat_freiermuth,Pat Freiermuth,TE,,2022,0,UNK
,,,,,0.0,elerson_g._smith,Elerson G. Smith,LB,,2022,0,UNK
,,,,,0.0,victor_dimukeje,Victor Dimukeje,LB,,2022,0,UNK
91.0,,,91,8,181.52,davis_mills,Davis Mills,QB,,2022,0,UNK
,,,,,0.0,aaron_robinson,Aaron Robinson,CB,,2022,0,UNK
176.0,,,176,15,155.4,ja'marr_chase,Ja'Marr Chase,WR,,2022,0,UNK
,,,,,0.0,eric_stokes,Eric Stokes,CB,,2022,0,UNK
,,,,,0.0,joseph_ossai,Joseph Ossai,DE,,2022,0,UNK
,,,,,0.0,bobby_brown_iii,Bobby Brown III,DT,,2022,0,UNK
,,,,,0.0,robert_rochell,Robert Rochell,CB,,2022,0,UNK
,,,,,0.0,larry_borom,Larry Borom,G,,2022,0,UNK
128.0,,,128,11,108.80000000000001,khalil_herbert,Khalil Herbert,RB,,2022,0,UNK
,,,,,0.0,thomas_graham_jr.,Thomas Graham Jr.,CB,,2022,0,UNK
,,,,,0.0,khyiris_tonga,Khyiris Tonga,DT,,2022,0,UNK
64.0,,,64,6,161.60000000000002,devonta_smith,DeVonta Smith,WR,,2022,0,UNK
82.0,,,82,7,43.3,kadarius_toney,Kadarius Toney,WR,,2022,0,UNK
,,,,,0.0,greg_rousseau,Greg Rousseau,LB,,2022,0,UNK
,,,,,0.0,jeremiah_owusu-koramoah,Jeremiah Owusu-Koramoah,LB,,2022,0,UNK
,,,,,0.0,milton_williams,Milton Williams,DT,,2022,0,UNK
,,,,,0.0,zech_mcphearson,Zech McPhearson,CB,,2022,0,UNK
,,,,,0.6000000000000001,jacob_harris,Jacob Harris,WR,,2022,0,UNK
132.0,,,132,11,64.9,kenny_gainwell,Kenny Gainwell,RB,,2022,0,UNK
,,,,,0.0,marlon_tuipulotu,Marlon Tuipulotu,DT,,2022,0,UNK
,,,,,0.0,patrick_johnson,Patrick Johnson,LB,,2022,0,UNK
92.0,,,92,8,85.0,michael_carter,Michael Carter,RB,,2022,0,UNK
,,,,,0.0,payton_turner,Payton Turner,DE,,2022,0,UNK
,,,,,0.0,pete_werner,Pete Werner,LB,,2022,0,UNK
,,,,,0.92,kyle_trask,Kyle Trask,QB,,2022,0,UNK
,,,,,0.0,landon_young,Landon Young,OT,,2022,0,UNK
,,,,,0.0,micah_parsons,Micah Parsons,LB,,2022,0,UNK
,,,,,0.0,zaven_collins,Zaven Collins,LB,,2022,0,UNK
,,,,,0.0,jaelan_phillips,Jaelan Phillips,LB,,2022,0,UNK
,,,,,0.0,kelvin_joseph,Kelvin Joseph,CB,,2022,0,UNK
,,,,,46.900000000000006,rondale_moore,Rondale Moore,WR,,2022,0,UNK
,,,,,0.0,paulson_adebo,Paulson Adebo,CB,,2022,0,UNK
,,,,,0.0,rashad_weaver,Rashad Weaver,LB,,2022,0,UNK
,,,,,0.0,odafe_oweh,Odafe Oweh,LB,,2022,0,UNK
,,,,,0.0,andre_cisco,Andre Cisco,SAF,,2022,0,UNK
,,,,,0.0,osa_odighizuwa,Osa Odighizuwa,DT,,2022,0,UNK
,,,,,0.0,mitchell_fraboni,Mitchell Fraboni,LS,,2022,0,UNK
,,,,,0.0,jaycee_horn,Jaycee Horn,CB,,2022,0,UNK
77.0,,,77,7,295.98,justin_fields,Justin Fields,QB,,2022,0,UNK
,,,,,0.0,ta'quon_graham,Ta'Quon Graham,DT,,2022,0,UNK
,,,,,0.0,adetokunbo_ogundeji,Adetokunbo Ogundeji,LB,,2022,0,UNK
,,,,,23.0,avery_williams,Avery Williams,RB,,2022,0,UNK
,,,,,1.5,frank_darby,Frank Darby,WR,,2022,0,UNK
,,,,,0.0,jonathon_cooper,Jonathon Cooper,LB,,2022,0,UNK
,,,,,0.0,teven_jenkins,Teven Jenkins,G,,2022,0,UNK
,,,,,55.0,terrace_marshall_jr.,Terrace Marshall Jr.,WR,,2022,0,UNK
,,,,,0.0,darren_hall,Darren Hall,CB,,2022,0,UNK
,,,,,0.0,drew_dalman,Drew Dalman,C,,2022,0,UNK
,,,,,8.9,michael_bandy,Michael Bandy,WR,,2022,0,UNK
,,,,,0.0,richie_grant,Richie Grant,SAF,,2022,0,UNK
,,,,,0.0,tre'von_moehrig,Tre'von Moehrig,SAF,,2022,0,UNK
35.0,,,35,3,161.60000000000002,amon-ra_st._brown,Amon-Ra St. Brown,WR,,2022,0,UNK
,,,,,0.0,derrick_barnes,Derrick Barnes,LB,,2022,0,UNK
,,,,,0.0,joe_tryon-shoyinka,Joe Tryon-Shoyinka,DE,,2022,0,UNK
,,,,,0.0,brady_christensen,Brady Christensen,OT,,2022,0,UNK
,,,,,47.6,kyle_pitts,Kyle Pitts,TE,,2022,0,UNK
65.0,,,65,6,295.62,trevor_lawrence,Trevor Lawrence,QB,,2022,0,UNK
87.0,,,87,8,170.07999999999998,mac_jones,Mac Jones,QB,,2022,0,UNK
,,,,,170.1,travis_etienne,Travis Etienne,RB,,2022,0,UNK
,,,,,0.0,tyson_campbell,Tyson Campbell,CB,,2022,0,UNK
,,,,,0.0,walker_little,Walker Little,OT,,2022,0,UNK
,,,,,0.0,ben_cleveland,Ben Cleveland,G,,2022,0,UNK
,,,,,0.0,alijah_vera-tucker,Alijah Vera-Tucker,G,,2022,0,UNK
78.0,,,78,7,51.1,elijah_moore,Elijah Moore,WR,,2022,0,UNK
,,,,,0.0,christian_barmore,Christian Barmore,DT,,2022,0,UNK
,,,,,0.0,chauncey_golston,Chauncey Golston,DE,,2022,0,UNK
,,,,,1.9000000000000001,trey_sermon,Trey Sermon,RB,,2022,0,UNK
,,,,,0.0,robert_hainsey,Robert Hainsey,OT,,2022,0,UNK
,,,,,0.0,nahshon_wright,Nahshon Wright,CB,,2022,0,UNK
,,,,,0.0,brandon_stephens,Brandon Stephens,CB,,2022,0,UNK
150.0,,,150,13,97.30000000000001,josh_palmer,Josh Palmer,WR,,2022,0,UNK
,,,,,0.0,malcolm_koonce,Malcolm Koonce,DE,,2022,0,UNK
,,,,,0.0,divine_deablo,Divine Deablo,LB,,2022,0,UNK
,,,,,27.1,amari_rodgers,Amari Rodgers,WR,,2022,0,UNK
,,,,,0.0,elijah_molden,Elijah Molden,CB,,2022,0,UNK
,,,,,0.0,ifeatu_melifonwu,Ifeatu Melifonwu,SAF,,2022,0,UNK
,,,,,0.0,ernest_jones,Ernest Jones,LB,,2022,0,UNK
,,,,,0.0,baron_browning,Baron Browning,LB,,2022,0,UNK
,,,,,0.0,greg_newsome_ii,Greg Newsome II,CB,,2022,0,UNK
185.0,,,185,16,26.0,javonte_williams,Javonte Williams,RB,,2022,0,UNK
,,,,,0.0,jevon_holland,Jevon Holland,SAF,,2022,0,UNK
,,,,,14.8,anthony_schwartz,Anthony Schwartz,WR,,2022,0,UNK
,,,,,0.0,monty_rice,Monty Rice,LB,,2022,0,UNK
,,,,,0.0,quinn_meinerz,Quinn Meinerz,C,,2022,0,UNK
,,,,,0.0,landon_dickerson,Landon Dickerson,G,,2022,0,UNK
,,,,,0.0,chazz_surratt,Chazz Surratt,LB,,2022,0,UNK
,,,,,0.0,hunter_long,Hunter Long,TE,,2022,0,UNK
,,,,,35.400000000000006,tommy_tremble,Tommy Tremble,TE,,2022,0,UNK
,,,,,0.0,patrick_jones_ii,Patrick Jones II,LB,,2022,0,UNK
,,,,,0.0,ambry_thomas,Ambry Thomas,CB,,2022,0,UNK
,,,,,0.0,rashawn_slater,Rashawn Slater,OT,,2022,0,UNK
,,,,,0.0,liam_eichenberg,Liam Eichenberg,OT,,2022,0,UNK
,,,,,7.2,tre'_mckitty,Tre' McKitty,TE,,2022,0,UNK
28.0,,,28,3,12.46,trey_lance,Trey Lance,QB,,2022,0,UNK
,,,,,97.92,zach_wilson,Zach Wilson,QB,,2022,0,UNK
,,,,,0.0,nikola_kalinic,Nikola Kalinic,TE,,2022,0,UNK
,,,,,0.0,dee_alford,Dee Alford,CB,,2022,0,UNK
,,,,,0.0,amare_barno,Amare Barno,LB,,2022,0,UNK
,,,,,0.0,donovan_jeter,Donovan Jeter,DE,,2022,0,UNK
,,,,,0.0,elijah_garcia,Elijah Garcia,DE,,2022,0,UNK
,,,,,0.0,t.j._carter,T.J. Carter,CB,,2022,0,UNK
,,,,,0.0,lance_mccutcheon,Lance McCutcheon,WR,,2022,0,UNK
,,,,,0.0,keir_thomas,Keir Thomas,LB,,2022,0,UNK
,,,,,0.0,de'shaan_dixon,De'Shaan Dixon,DE,,2022,0,UNK
,,,,,0.0,josh_thompson,Josh Thompson,DB,,2022,0,UNK
,,,,,0.0,jordan_davis,Jordan Davis,DT,,2022,0,UNK
,,,,,0.0,quay_walker,Quay Walker,LB,,2022,0,UNK
,,,,,0.0,devonte_wyatt,Devonte Wyatt,DT,,2022,0,UNK
,,,,,18.259999999999998,sam_howell,Sam Howell,QB,,2022,0,UNK
,,,,,2.3000000000000003,cole_turner,Cole Turner,TE,,2022,0,UNK
,,,,,0.0,riq_woolen,Riq Woolen,CB,,2022,0,UNK
,,,,,0.0,braxton_jones,Braxton Jones,OT,,2022,0,UNK
,,,,,0.0,dominique_robinson,Dominique Robinson,DE,,2022,0,UNK
,,,,,0.0,kingsley_enagbare,Kingsley Enagbare,LB,,2022,0,UNK
,,,,,0.0,kyron_johnson,Kyron Johnson,LB,,2022,0,UNK
,,,,,8.4,tyler_badie,Tyler Badie,RB,,2022,0,UNK
,,,,,8.1,grant_calcaterra,Grant Calcaterra,TE,,2022,0,UNK
,,,,,4.2,trestan_ebner,Trestan Ebner,RB,,2022,0,UNK
,,,,,0.0,tariq_carpenter,Tariq Carpenter,SAF,,2022,0,UNK
,,,,,0.0,chris_paul,Chris Paul,G,,2022,0,UNK
,,,,,2.4000000000000004,dareke_young,Dareke Young,WR,,2022,0,UNK
,,,,,0.0,christian_holmes,Christian Holmes,CB,,2022,0,UNK
,,,,,0.0,elijah_hicks,Elijah Hicks,SAF,,2022,0,UNK
,,,,,0.0,trenton_gill,Trenton Gill,P,,2022,0,UNK
,,,,,14.200000000000001,samori_toure,Samori Toure,WR,,2022,0,UNK
,,,,,0.0,jaylon_jones,Jaylon Jones,DB,,2022,0,UNK
,,,,,0.0,jack_sanborn,Jack Sanborn,LB,,2022,0,UNK
,,,,,0.0,jake_tonges,Jake Tonges,TE,,2022,0,UNK
,,,,,0.0,josh_blackwell,Josh Blackwell,CB,,2022,0,UNK
,,,,,0.0,reed_blankenship,Reed Blankenship,SAF,,2022,0,UNK
,,,,,0.0,britain_covey,Britain Covey,WR,,2022,0,UNK
,,,,,0.0,josh_jobe,Josh Jobe,CB,,2022,0,UNK
,,,,,0.0,joey_blount,Joey Blount,SAF,,2022,0,UNK
,,,,,0.0,joshua_onujiogu,Joshua Onujiogu,LB,,2022,0,UNK
,,,,,0.0,tony_adams,Tony Adams,SAF,,2022,0,UNK
,,,,,46.0,bam_knight,Bam Knight,RB,,2022,0,UNK
,,,,,9.0,armani_rogers,Armani Rogers,TE,,2022,0,UNK
,,,,,0.0,rayshad_nichols,Rayshad Nichols,DT,,2022,0,UNK
,,,,,0.0,josh_ross,Josh Ross,LB,,2022,0,UNK
,,,,,0.0,raleigh_webb,Raleigh Webb,WR,,2022,0,UNK
,,,,,0.0,sauce_gardner,Sauce Gardner,CB,,2022,0,UNK
,,,,,0.0,trent_mcduffie,Trent McDuffie,CB,,2022,0,UNK
,,,,,0.0,george_karlaftis,George Karlaftis,DE,,2022,0,UNK
,,,,,0.0,bryan_cook,Bryan Cook,SAF,,2022,0,UNK
,,,,,0.0,jaylen_watson,Jaylen Watson,CB,,2022,0,UNK
107.0,,,107,9,122.0,isiah_pacheco,Isiah Pacheco,RB,,2022,0,UNK
,,,,,0.0,nazeeh_johnson,Nazeeh Johnson,CB,,2022,0,UNK
,,,,,0.0,damarcus_mitchell,DaMarcus Mitchell,DE,,2022,0,UNK
,,,,,0.0,brenden_schooler,Brenden Schooler,SAF,,2022,0,UNK
,,,,,0.0,jack_cochrane,Jack Cochrane,LB,,2022,0,UNK
,,,,,0.0,a.j._thomas,A.J. Thomas,DB,,2022,0,UNK
,,,,,0.0,cameron_dicker,Cameron Dicker,K,,2022,0,UNK
,,,,,65.30000000000001,jaylen_warren,Jaylen Warren,RB,,2022,0,UNK
,,,,,0.0,ikem_ekwonu,Ikem Ekwonu,OT,,2022,0,UNK
,,,,,0.0,travon_walker,Travon Walker,DE,,2022,0,UNK
,,,,,0.0,aidan_hutchinson,Aidan Hutchinson,DE,,2022,0,UNK
,,,,,0.0,derek_stingley_jr.,Derek Stingley Jr.,CB,,2022,0,UNK
74.0,,,74,7,106.60000000000001,drake_london,Drake London,WR,,2022,0,UNK
101.0,,,101,9,126.19999999999999,chris_olave,Chris Olave,WR,,2022,0,UNK
,,,,,14.1,jameson_williams,Jameson Williams,WR,,2022,0,UNK
,,,,,0.0,trevor_penning,Trevor Penning,OT,,2022,0,UNK
,,,,,0.0,kaiir_elam,Kaiir Elam,CB,,2022,0,UNK
,,,,,0.0,tyler_smith,Tyler Smith,OT,,2022,0,UNK
,,,,,0.0,devin_lloyd,Devin Lloyd,LB,,2022,0,UNK
,,,,,0.0,jalen_pitre,Jalen Pitre,SAF,,2022,0,UNK
89.0,,,89,8,114.5,george_pickens,George Pickens,WR,,2022,0,UNK
,,,,,84.7,james_cook,James Cook,RB,,2022,0,UNK
,,,,,0.0,nik_bonitto,Nik Bonitto,LB,,2022,0,UNK
,,,,,0.0,martin_emerson,Martin Emerson,CB,,2022,0,UNK
,,,,,0.0,alex_wright,Alex Wright,DE,,2022,0,UNK
,,,,,53.1,greg_dulcich,Greg Dulcich,TE,,2022,0,UNK
,,,,,19.8,marcus_jones,Marcus Jones,CB,,2022,0,UNK
,,,,,0.0,terrel_bernard,Terrel Bernard,LB,,2022,0,UNK
,,,,,0.0,dylan_parham,Dylan Parham,G,,2022,0,UNK
154.0,,,154,13,91.10000000000001,rachaad_white,Rachaad White,RB,,2022,0,UNK
,,,,,21.400000000000002,david_bell,David Bell,WR,,2022,0,UNK
38.0,,,38,4,136.4,dameon_pierce,Dameon Pierce,RB,,2022,0,UNK
,,,,,0.0,micah_mcfadden,Micah McFadden,LB,,2022,0,UNK
,,,,,0.0,dj_davidson,DJ Davidson,DT,,2022,0,UNK
,,,,,24.1,khalil_shakir,Khalil Shakir,WR,,2022,0,UNK
,,,,,0.0,thomas_booker,Thomas Booker,DT,,2022,0,UNK
,,,,,143.4,tyler_allgeier,Tyler Allgeier,RB,,2022,0,UNK
,,,,,0.0,delarrin_turner-yell,Delarrin Turner-Yell,SAF,,2022,0,UNK
,,,,,10.2,snoop_conner,Snoop Conner,RB,,2022,0,UNK
,,,,,1.2000000000000002,jerome_ford,Jerome Ford,RB,,2022,0,UNK
,,,,,0.0,zyon_mccollum,Zyon McCollum,CB,,2022,0,UNK
,,,,,0.0,eric_johnson,Eric Johnson,DT,,2022,0,UNK
,,,,,0.0,otito_ogbonnia,Otito Ogbonnia,DT,,2022,0,UNK
,,,,,3.2,montrell_washington,Montrell Washington,WR,,2022,0,UNK
,,,,,7.800000000000001,kyle_philips,Kyle Philips,WR,,2022,0,UNK
,,,,,0.0,esezi_otomewo,Esezi Otomewo,DT,,2022,0,UNK
,,,,,0.0,daron_bland,DaRon Bland,CB,,2022,0,UNK
,,,,,2.0,ty_chandler,Ty Chandler,RB,,2022,0,UNK
,,,,,23.3,teagan_quitoriano,Teagan Quitoriano,TE,,2022,0,UNK
,,,,,0.0,matthew_butler,Matthew Butler,DT,,2022,0,UNK
,,,,,0.0,damone_clark,Damone Clark,LB,,2022,0,UNK
,,,,,17.3,james_mitchell,James Mitchell,TE,,2022,0,UNK
,,,,,0.0,john_ridgeway,John Ridgeway,DT,,2022,0,UNK
,,,,,11.2,kevin_harris,Kevin Harris,RB,,2022,0,UNK
,,,,,0.0,vederian_lowe,Vederian Lowe,OT,,2022,0,UNK
,,,,,0.0,christian_benford,Christian Benford,CB,,2022,0,UNK
,,,,,0.0,malcolm_rodriguez,Malcolm Rodriguez,LB,,2022,0,UNK
,,,,,23.900000000000002,jalen_nailor,Jalen Nailor,WR,,2022,0,UNK
,,,,,0.0,devin_harper,Devin Harper,LB,,2022,0,UNK
,,,,,0.0,jamaree_salyer,Jamaree Salyer,G,,2022,0,UNK
,,,,,0.0,gregory_junior,Gregory Junior,CB,,2022,0,UNK
,,,,,0.0,sam_roberts,Sam Roberts,DT,,2022,0,UNK
,,,,,14.1,keaontay_ingram,Keaontay Ingram,RB,,2022,0,UNK
,,,,,4.0,mike_woods,Mike Woods,WR,,2022,0,UNK
,,,,,0.0,theo_jackson,Theo Jackson,DB,,2022,0,UNK
,,,,,0.0,austin_deculus,Austin Deculus,OT,,2022,0,UNK
,,,,,0.0,matt_henningsen,Matt Henningsen,DE,,2022,0,UNK
,,,,,23.8,connor_heyward,Connor Heyward,FB,,2022,0,UNK
,,,,,0.0,ja'sir_taylor,Ja'Sir Taylor,CB,,2022,0,UNK
,,,,,0.0,lecitus_smith,Lecitus Smith,G,,2022,0,UNK
,,,,,0.0,james_houston,James Houston,DE,,2022,0,UNK
,,,,,14.0,ko_kieft,Ko Kieft,TE,,2022,0,UNK
,,,,,0.0,montaric_brown,Montaric Brown,CB,,2022,0,UNK
,,,,,0.0,isaiah_thomas,Isaiah Thomas,DE,,2022,0,UNK
,,,,,0.0,mark_robinson,Mark Robinson,LB,,2022,0,UNK
,,,,,0.0,baylon_spector,Baylon Spector,LB,,2022,0,UNK
,,,,,0.0,deane_leonard,Deane Leonard,CB,,2022,0,UNK
,,,,,0.0,chase_lucas,Chase Lucas,CB,,2022,0,UNK
,,,,,0.0,thayer_munford_jr.,Thayer Munford Jr.,OT,,2022,0,UNK
,,,,,0.0,rodney_thomas,Rodney Thomas,SAF,,2022,0,UNK
,,,,,17.46,skylar_thompson,Skylar Thompson,QB,,2022,0,UNK
,,,,,0.0,brittain_brown,Brittain Brown,RB,,2022,0,UNK
,,,,,0.0,jesse_luketa,Jesse Luketa,LB,,2022,0,UNK
,,,,,13.6,zander_horvath,Zander Horvath,RB,,2022,0,UNK
,,,,,0.0,d'anthony_bell,D'Anthony Bell,SAF,,2022,0,UNK
,,,,,0.0,roderick_perry_ii,Roderick Perry II,DT,,2022,0,UNK
,,,,,0.0,tanner_conner,Tanner Conner,TE,,2022,0,UNK
,,,,,0.0,kader_kohou,Kader Kohou,CB,,2022,0,UNK
,,,,,0.0,verone_mckinley_iii,Verone McKinley III,SAF,,2022,0,UNK
,,,,,-0.2999999999999998,braylon_sanders,Braylon Sanders,WR,,2022,0,UNK
,,,,,0.0,ben_stille,Ben Stille,DE,,2022,0,UNK
,,,,,0.0,marquan_mccall,Marquan McCall,DT,,2022,0,UNK
,,,,,0.0,arron_mosby,Arron Mosby,DE,,2022,0,UNK
,,,,,0.0,zyon_gilbert,Zyon Gilbert,DB,,2022,0,UNK
,,,,,0.0,christopher_hinton,Christopher Hinton,DT,,2022,0,UNK
,,,,,10.2,brandon_johnson,Brandon Johnson,WR,,2022,0,UNK
,,,,,0.0,ja'quan_mcmillian,Ja'Quan McMillian,CB,,2022,0,UNK
,,,,,13.5,jalen_virgil,Jalen Virgil,WR,,2022,0,UNK
,,,,,6.0,jojo_domann,JoJo Domann,LB,,2022,0,UNK
,,,,,0.0,dallis_flowers,Dallis Flowers,CB,,2022,0,UNK
,,,,,0.0,forrest_rhyne,Forrest Rhyne,LB,,2022,0,UNK
,,,,,0.0,sterling_weatherford,Sterling Weatherford,LB,,2022,0,UNK
,,,,,0.0,cal_adomitis,Cal Adomitis,LS,,2022,0,UNK
,,,,,0.0,allan_george,Allan George,CB,,2022,0,UNK
,,,,,35.0,raheem_blackshear,Raheem Blackshear,RB,,2022,0,UNK
,,,,,0.0,kingsley_jonathan,Kingsley Jonathan,DE,,2022,0,UNK
,,,,,0.0,tomon_fox,Tomon Fox,LB,,2022,0,UNK
,,,,,1.9000000000000001,troy_hairston,Troy Hairston,RB,,2022,0,UNK
,,,,,0.0,jake_hansen,Jake Hansen,LB,,2022,0,UNK
,,,,,0.0,kurt_hinish,Kurt Hinish,DT,,2022,0,UNK
,,,,,0.0,jacobi_francis,Jacobi Francis,DB,,2022,0,UNK
,,,,,0.0,raheem_layne,Raheem Layne,SAF,,2022,0,UNK
,,,,,1.7000000000000002,stone_smartt,Stone Smartt,TE,,2022,0,UNK
,,,,,0.0,olakunle_fatukasi,Olakunle Fatukasi,ILB,,2022,0,UNK
,,,,,5.800000000000001,deven_thompkins,Deven Thompkins,WR,,2022,0,UNK
,,,,,0.0,nolan_turner,Nolan Turner,DB,,2022,0,UNK
,,,,,0.0,j.j._russell,J.J. Russell,ILB,,2022,0,UNK
,,,,,0.0,mike_brown,Mike Brown,SAF,,2022,0,UNK
,,,,,0.0,luiji_vilain,Luiji Vilain,LB,,2022,0,UNK
,,,,,0.52,ryan_wright,Ryan Wright,P,,2022,0,UNK
,,,,,0.0,darien_butler,Darien Butler,LB,,2022,0,UNK
,,,,,0.0,isaiah_pola-mao,Isaiah Pola-Mao,SAF,,2022,0,UNK
,,,,,0.0,sam_webb,Sam Webb,CB,,2022,0,UNK
,,,,,0.0,luke_masterson,Luke Masterson,LB,,2022,0,UNK
,,,,,0.0,tay_martin,Tay Martin,WR,,2022,0,UNK
,,,,,31.8,jordan_mason,Jordan Mason,RB,,2022,0,UNK
,,,,,0.0,segun_olubi,Segun Olubi,LB,,2022,0,UNK
,,,,,72.5,rashid_shaheed,Rashid Shaheed,WR,,2022,0,UNK
,,,,,0.0,darrell_baker_jr.,Darrell Baker Jr.,CB,,2022,0,UNK
,,,,,0.0,stephen_jones,Stephen Jones,DE,,2022,0,UNK
,,,,,5.0,ronnie_rivers,Ronnie Rivers,RB,,2022,0,UNK
,,,,,0.0,chandler_wooten,Chandler Wooten,LB,,2022,0,UNK
,,,,,0.0,markquese_bell,Markquese Bell,SAF,,2022,0,UNK
,,,,,28.400000000000002,malik_davis,Malik Davis,RB,,2022,0,UNK
,,,,,28.5,peyton_hendershot,Peyton Hendershot,TE,,2022,0,UNK
,,,,,1.6,dennis_houston,Dennis Houston,WR,,2022,0,UNK
,,,,,0.0,stanley_berryhill,Stanley Berryhill,WR,,2022,0,UNK
,,,,,0.0,timmy_horne,Timmy Horne,DT,,2022,0,UNK
,,,,,0.0,nate_landman,Nate Landman,LB,,2022,0,UNK
,,,,,0.0,tre_avery,Tre Avery,CB,,2022,0,UNK
,,,,,5.300000000000001,julius_chestnut,Julius Chestnut,RB,,2022,0,UNK
,,,,,0.0,jack_gibbens,Jack Gibbens,LB,,2022,0,UNK
,,,,,0.0,sam_okuayinonu,Sam Okuayinonu,DT,,2022,0,UNK
,,,,,0.0,caleb_shudak,Caleb Shudak,K,,2022,0,UNK
,,,,,0.0,ryan_stonehouse,Ryan Stonehouse,P,,2022,0,UNK
,,,,,0.0,kayvon_thibodeaux,Kayvon Thibodeaux,LB,,2022,0,UNK
,,,,,0.0,evan_neal,Evan Neal,OT,,2022,0,UNK
,,,,,0.0,kenyon_green,Kenyon Green,G,,2022,0,UNK
,,,,,0.0,nakobe_dean,Nakobe Dean,LB,,2022,0,UNK
,,,,,0.0,nick_cross,Nick Cross,SAF,,2022,0,UNK
,,,,,15.0,hassan_haskins,Hassan Haskins,RB,,2022,0,UNK
,,,,,0.0,ryder_anderson,Ryder Anderson,DL,,2022,0,UNK
,,,,,0.0,jacob_hummel,Jacob Hummel,LB,,2022,0,UNK
,,,,,0.0,william_kwenkeu,William Kwenkeu,LB,,2022,0,UNK
,,,,,0.0,nick_sciba,Nick Sciba,K,,2022,0,UNK
,,,,,0.0,prince_emili,Prince Emili,DT,,2022,0,UNK
,,,,,0.0,ja'marcus_ingram,Ja'Marcus Ingram,CB,,2022,0,UNK
,,,,,0.0,c.j._brewer,C.J. Brewer,DT,,2022,0,UNK
,,,,,0.0,jermaine_johnson_ii,Jermaine Johnson II,DE,,2022,0,UNK
,,,,,71.30000000000001,alec_pierce,Alec Pierce,WR,,2022,0,UNK
,,,,,0.0,sam_williams,Sam Williams,DE,,2022,0,UNK
142.0,,,142,12,1.2000000000000002,jalen_tolbert,Jalen Tolbert,WR,,2022,0,UNK
,,,,,0.0,kerby_joseph,Kerby Joseph,SAF,,2022,0,UNK
,,,,,0.7000000000000001,maurice_alexander,Maurice Alexander,WR,,2022,0,UNK
108.0,,,108,9,132.7,garrett_wilson,Garrett Wilson,WR,,2022,0,UNK
163.0,,,163,14,95.6,jahan_dotson,Jahan Dotson,WR,,2022,0,UNK
103.0,,,103,9,55.1,treylon_burks,Treylon Burks,WR,,2022,0,UNK
,,,,,0.0,daxton_hill,Daxton Hill,DB,,2022,0,UNK
,,,,,32.5,trey_mcbride,Trey McBride,TE,,2022,0,UNK
,,,,,31.0,velus_jones_jr.,Velus Jones Jr.,WR,,2022,0,UNK
164.0,,,164,14,103.7,brian_robinson,Brian Robinson,RB,,2022,0,UNK
,,,,,0.0,christian_matthew,Christian Matthew,CB,,2022,0,UNK
,,,,,0.0,jack_coco,Jack Coco,LS,,2022,0,UNK
,,,,,0.0,myjai_sanders,Myjai Sanders,LB,,2022,0,UNK
,,,,,0.0,cam_taylor-britt,Cam Taylor-Britt,CB,,2022,0,UNK
,,,,,0.0,nicholas_petit-frere,Nicholas Petit-Frere,OT,,2022,0,UNK
,,,,,49.2,jelani_woods,Jelani Woods,TE,,2022,0,UNK
,,,,,0.0,travis_jones,Travis Jones,DT,,2022,0,UNK
,,,,,0.0,bernhard_raimann,Bernhard Raimann,OT,,2022,0,UNK
,,,,,0.0,cordale_flott,Cordale Flott,CB,,2022,0,UNK
,,,,,0.0,demarvin_leal,DeMarvin Leal,DE,,2022,0,UNK
,,,,,0.0,jeffrey_gunter,Jeffrey Gunter,DE,,2022,0,UNK
,,,,,2.6,kavontae_turpin,KaVontae Turpin,WR,,2022,0,UNK
,,,,,0.0,zachary_carter,Zachary Carter,DT,,2022,0,UNK
,,,,,0.8,jeremy_ruckert,Jeremy Ruckert,TE,,2022,0,UNK
,,,,,0.0,joshua_ezeudu,Joshua Ezeudu,G,,2022,0,UNK
,,,,,0.0,deangelo_malone,DeAngelo Malone,LB,,2022,0,UNK
,,,,,65.2,chig_okonkwo,Chig Okonkwo,TE,,2022,0,UNK
,,,,,0.0,troy_andersen,Troy Andersen,LB,,2022,0,UNK
,,,,,0.0,chad_muma,Chad Muma,LB,,2022,0,UNK
,,,,,0.0,abraham_lucas,Abraham Lucas,OT,,2022,0,UNK
,,,,,0.0,channing_tindall,Channing Tindall,LB,,2022,0,UNK
,,,,,0.0,luke_fortner,Luke Fortner,C,,2022,0,UNK
,,,,,0.0,cameron_thomas,Cameron Thomas,DE,,2022,0,UNK
137.0,,,137,12,59.6,romeo_doubs,Romeo Doubs,WR,,2022,0,UNK
,,,,,0.0,zach_tom,Zach Tom,G,,2022,0,UNK
,,,,,0.0,zion_johnson,Zion Johnson,G,,2022,0,UNK
,,,,,0.0,leo_chenal,Leo Chenal,LB,,2022,0,UNK
,,,,,0.0,charles_cross,Charles Cross,OT,,2022,0,UNK
,,,,,0.0,brian_asamoah_ii,Brian Asamoah II,LB,,2022,0,UNK
,,,,,0.0,christian_harris,Christian Harris,LB,,2022,0,UNK
,,,,,0.0,tyler_linderbaum,Tyler Linderbaum,C,,2022,0,UNK
,,,,,0.0,drake_jackson,Drake Jackson,DE,,2022,0,UNK
,,,,,9.9,tyrion_davis-price,Tyrion Davis-Price,RB,,2022,0,UNK
,,,,,1.9000000000000001,danny_gray,Danny Gray,WR,,2022,0,UNK
,,,,,0.0,spencer_burford,Spencer Burford,G,,2022,0,UNK
,,,,,0.0,samuel_womack,Samuel Womack,CB,,2022,0,UNK
,,,,,106.26,brock_purdy,Brock Purdy,QB,,2022,0,UNK
,,,,,0.0,luke_goedeke,Luke Goedeke,OT,,2022,0,UNK
,,,,,55.300000000000004,isaiah_likely,Isaiah Likely,TE,,2022,0,UNK
,,,,,0.0,cobie_durant,Cobie Durant,CB,,2022,0,UNK
,,,,,21.5,kyren_williams,Kyren Williams,RB,,2022,0,UNK
,,,,,0.0,quentin_lake,Quentin Lake,SAF,,2022,0,UNK
,,,,,0.0,derion_kendrick,Derion Kendrick,CB,,2022,0,UNK
,,,,,0.0,daniel_hardy,Daniel Hardy,DE,,2022,0,UNK
,,,,,0.0,russ_yeast,Russ Yeast,SAF,,2022,0,UNK
,,,,,0.0,damarion_williams,Damarion Williams,CB,,2022,0,UNK
,,,,,0.0,kyle_hamilton,Kyle Hamilton,SAF,,2022,0,UNK
,,,,,0.0,jack_jones,Jack Jones,CB,,2022,0,UNK
,,,,,7.0,zamir_white,Zamir White,RB,,2022,0,UNK
,,,,,29.400000000000002,jake_ferguson,Jake Ferguson,TE,,2022,0,UNK
,,,,,0.0,jake_camarda,Jake Camarda,P,,2022,0,UNK
,,,,,0.0,joshua_williams,Joshua Williams,CB,,2022,0,UNK
,,,,,5.4,isaiah_spiller,Isaiah Spiller,RB,,2022,0,UNK
,,,,,4.9,charlie_kolar,Charlie Kolar,TE,,2022,0,UNK
114.0,,,114,10,27.400000000000002,skyy_moore,Skyy Moore,WR,,2022,0,UNK
,,,,,0.0,jt_woods,JT Woods,SAF,,2022,0,UNK
,,,,,0.30000000000000004,erik_ezukanma,Erik Ezukanma,WR,,2022,0,UNK
,,,,,0.0,neil_farrell,Neil Farrell,DE,,2022,0,UNK
,,,,,0.0,jordan_stout,Jordan Stout,P,,2022,0,UNK
,,,,,0.0,cordell_volson,Cordell Volson,G,,2022,0,UNK
,,,,,0.0,joshua_paschal,Joshua Paschal,DE,,2022,0,UNK
161.0,,,161,14,0.0,cade_york,Cade York,K,,2022,0,UNK
,,,,,20.200000000000003,pierre_strong,Pierre Strong,RB,,2022,0,UNK
,,,,,0.0,percy_butler,Percy Butler,SAF,,2022,0,UNK
,,,,,0.0,akayleb_evans,Akayleb Evans,CB,,2022,0,UNK
,,,,,149.86,kenny_pickett,Kenny Pickett,QB,,2022,0,UNK
,,,,,0.0,cole_strange,Cole Strange,G,,2022,0,UNK
,,,,,44.3,tyquan_thornton,Tyquan Thornton,WR,,2022,0,UNK
,,,,,0.0,damarri_mathis,Damarri Mathis,DB,,2022,0,UNK
,,,,,0.0,eyioma_uwazurike,Eyioma Uwazurike,DT,,2022,0,UNK
,,,,,0.0,micheal_clemons,Micheal Clemons,DE,,2022,0,UNK
,,,,,38.64,bailey_zappe,Bailey Zappe,QB,,2022,0,UNK
,,,,,0.0,kyler_gordon,Kyler Gordon,CB,,2022,0,UNK
,,,,,0.0,brandon_smith,Brandon Smith,LB,,2022,0,UNK
,,,,,0.0,max_mitchell,Max Mitchell,OT,,2022,0,UNK
,,,,,45.0,daniel_bellinger,Daniel Bellinger,TE,,2022,0,UNK
,,,,,0.0,arnold_ebiketie,Arnold Ebiketie,LB,,2022,0,UNK
166.0,,,166,14,28.6,wan'dale_robinson,Wan'Dale Robinson,WR,,2022,0,UNK
,,,,,0.0,daniel_faalele,Daniel Faalele,G,,2022,0,UNK
,,,,,0.0,jalyn_armour-davis,Jalyn Armour-Davis,CB,,2022,0,UNK
45.0,,,45,4,96.10000000000001,breece_hall,Breece Hall,RB,,2022,0,UNK
,,,,,0.0,alontae_taylor,Alontae Taylor,CB,,2022,0,UNK
,,,,,38.72,desmond_ridder,Desmond Ridder,QB,,2022,0,UNK
,,,,,0.0,dane_belton,Dane Belton,SAF,,2022,0,UNK
,,,,,123.10000000000001,christian_watson,Christian Watson,WR,,2022,0,UNK
,,,,,0.0,roger_mccreary,Roger McCreary,CB,,2022,0,UNK
,,,,,0.0,perrion_winfrey,Perrion Winfrey,DT,,2022,0,UNK
,,,,,0.0,logan_hall,Logan Hall,DE,,2022,0,UNK
,,,,,19.340000000000003,malik_willis,Malik Willis,QB,,2022,0,UNK
,,,,,51.1,cade_otton,Cade Otton,TE,,2022,0,UNK
,,,,,0.0,andrew_booth,Andrew Booth,CB,,2022,0,UNK
,,,,,0.0,ed_ingram,Ed Ingram,G,,2022,0,UNK
,,,,,0.0,boye_mafe,Boye Mafe,DE,,2022,0,UNK
127.0,,,127,11,175.5,kenneth_walker_iii,Kenneth Walker III,RB,,2022,0,UNK
,,,,,0.0,jaquan_brisker,Jaquan Brisker,SAF,,2022,0,UNK
,,,,,0.0,coby_bryant,Coby Bryant,CB,,2022,0,UNK
,,,,,0.0,david_ojabo,David Ojabo,LB,,2022,0,UNK
,,,,,2.5,daylen_baldwin,Daylen Baldwin,WR,,2022,0,UNK
,,,,,0.0,josh_ali,Josh Ali,WR,,2022,0,UNK
,,,,,0.0,jason_peters,Jason Peters,OT,,2023,0,UNK
46.0,,,46,4,0.0,aaron_rodgers,Aaron Rodgers,QB,,2023,0,UNK
,,,,,0.0,matt_prater,Matt Prater,K,,2023,0,UNK
,,,,,8.9,marcedes_lewis,Marcedes Lewis,TE,,2023,0,UNK
,,,,,0.0,nick_folk,Nick Folk,K,,2023,0,UNK
,,,,,0.0,mason_crosby,Mason Crosby,K,,2023,0,UNK
,,,,,0.0,j.j._jansen,J.J. Jansen,LS,,2023,0,UNK
,,,,,100.84,joe_flacco,Joe Flacco,QB,,2023,0,UNK
,,,,,0.0,duane_brown,Duane Brown,OT,,2023,0,UNK
,,,,,0.0,calais_campbell,Calais Campbell,DE,,2023,0,UNK
,,,,,0.0,matthew_slater,Matthew Slater,WR,,2023,0,UNK
73.0,,,73,7,243.1,matthew_stafford,Matthew Stafford,QB,,2023,0,UNK
,,,,,4.94,brian_hoyer,Brian Hoyer,QB,,2023,0,UNK
,,,,,0.0,graham_gano,Graham Gano,K,,2023,0,UNK
,,,,,0.72,thomas_morstead,Thomas Morstead,P,,2023,0,UNK
,,,,,0.0,jon_weeks,Jon Weeks,LS,,2023,0,UNK
,,,,,0.0,morgan_cox,Morgan Cox,LS,,2023,0,UNK
,,,,,27.9,jimmy_graham,Jimmy Graham,TE,,2023,0,UNK
,,,,,0.0,al_woods,Al Woods,DT,,2023,0,UNK
,,,,,0.0,trent_williams,Trent Williams,OT,,2023,0,UNK
,,,,,0.0,tyson_alualu,Tyson Alualu,DE,,2023,0,UNK
,,,,,0.0,brandon_graham,Brandon Graham,DE,,2023,0,UNK
,,,,,0.0,jason_pierre-paul,Jason Pierre-Paul,DE,,2023,0,UNK
,,,,,0.0,kareem_jackson,Kareem Jackson,S,,2023,0,UNK
,,,,,0.0,jerry_hughes,Jerry Hughes,DE,,2023,0,UNK
,,,,,0.0,linval_joseph,Linval Joseph,DT,,2023,0,UNK
,,,,,0.0,von_miller,Von Miller,OLB,,2023,0,UNK
,,,,,0.0,patrick_peterson,Patrick Peterson,CB,,2023,0,UNK
,,,,,25.4,julio_jones,Julio Jones,WR,,2023,0,UNK
,,,,,0.0,tyron_smith,Tyron Smith,OT,,2023,0,UNK
,,,,,5.9,blaine_gabbert,Blaine Gabbert,QB,,2023,0,UNK
,,,,,0.0,cameron_jordan,Cameron Jordan,LB,,2023,0,UNK
,,,,,0.0,cameron_heyward,Cameron Heyward,DE,,2023,0,UNK
,,,,,23.639999999999997,andy_dalton,Andy Dalton,QB,,2023,0,UNK
,,,,,11.9,randall_cobb,Randall Cobb,WR,,2023,0,UNK
,,,,,0.0,justin_houston,Justin Houston,OLB,,2023,0,UNK
,,,,,87.34,tyrod_taylor,Tyrod Taylor,QB,,2023,0,UNK
,,,,,0.0,jason_kelce,Jason Kelce,C,,2023,0,UNK
,,,,,0.0,lawrence_guy,Lawrence Guy,DT,,2023,0,UNK
,,,,,0.0,nick_bellore,Nick Bellore,LB,,2023,0,UNK
,,,,,0.0,jake_mcquaide,Jake McQuaide,LS,,2023,0,UNK
,,,,,0.0,josh_harris,Josh Harris,LS,,2023,0,UNK
,,,,,-2.8200000000000003,johnny_hekker,Johnny Hekker,P,,2023,0,UNK
,,,,,0.0,rodney_mcleod_jr.,Rodney McLeod Jr.,FS,,2023,0,UNK
,,,,,0.0,tashaun_gipson,Tashaun Gipson,FS,,2023,0,UNK
,,,,,9.74,case_keenum,Case Keenum,QB,,2023,0,UNK
,,,,,0.0,charley_hughlett,Charley Hughlett,LS,,2023,0,UNK
,,,,,0.0,bruce_irvin,Bruce Irvin,LB,,2023,0,UNK
,,,,,11.1,brandon_bolden,Brandon Bolden,RB,,2023,0,UNK
,,,,,0.0,melvin_ingram,Melvin Ingram,LB,,2023,0,UNK
,,,,,0.0,bobby_wagner,Bobby Wagner,MLB,,2023,0,UNK
55.0,,,55,5,256.9,russell_wilson,Russell Wilson,QB,,2023,0,UNK
,,,,,0.0,josh_norman,Josh Norman,CB,,2023,0,UNK
,,,,,1.5,marvin_jones,Marvin Jones,WR,,2023,0,UNK
,,,,,0.0,kelvin_beachum,Kelvin Beachum,OT,,2023,0,UNK
,,,,,0.0,randy_bullock,Randy Bullock,K,,2023,0,UNK
,,,,,0.0,justin_bethel,Justin Bethel,CB,,2023,0,UNK
,,,,,0.0,stephon_gilmore,Stephon Gilmore,CB,,2023,0,UNK
,,,,,0.0,lavonte_david,Lavonte David,OLB,,2023,0,UNK
,,,,,0.0,kevin_zeitler,Kevin Zeitler,G,,2023,0,UNK
121.0,,,121,11,0.0,justin_tucker,Justin Tucker,K,,2023,0,UNK
48.0,,,48,4,149.74,kirk_cousins,Kirk Cousins,QB,,2023,0,UNK
,,,,,0.0,harrison_smith,Harrison Smith,FS,,2023,0,UNK
,,,,,0.0,demario_davis,Demario Davis,OLB,,2023,0,UNK
,,,,,0.0,greg_zuerlein,Greg Zuerlein,K,,2023,0,UNK
,,,,,0.0,fletcher_cox,Fletcher Cox,DT,,2023,0,UNK
,,,,,0.5,greg_van_roten,Greg Van Roten,G,,2023,0,UNK
,,,,,2.0,bryan_anger,Bryan Anger,P,,2023,0,UNK
,,,,,80.04,ryan_tannehill,Ryan Tannehill,QB,,2023,0,UNK
,,,,,0.0,andrew_depaola,Andrew DePaola,LS,,2023,0,UNK
,,,,,0.0,cody_davis,Cody Davis,DB,,2023,0,UNK
,,,,,0.0,brandon_mcmanus,Brandon McManus,K,,2023,0,UNK
,,,,,0.0,mike_purcell,Mike Purcell,NT,,2023,0,UNK
,,,,,24.5,kyle_juszczyk,Kyle Juszczyk,FB,,2023,0,UNK
134.0,,,134,12,128.0,adam_thielen,Adam Thielen,WR,,2023,0,UNK
,,,,,24.7,zach_ertz,Zach Ertz,TE,,2023,0,UNK
,,,,,0.0,darius_slay,Darius Slay,CB,,2023,0,UNK
,,,,,0.0,johnathan_hankins,Johnathan Hankins,DT,,2023,0,UNK
,,,,,0.0,terron_armstead,Terron Armstead,OT,,2023,0,UNK
,,,,,10.0,marquise_goodwin,Marquise Goodwin,WR,,2023,0,UNK
,,,,,0.0,john_jenkins,John Jenkins,DT,,2023,0,UNK
,,,,,0.0,micah_hyde,Micah Hyde,S,,2023,0,UNK
,,,,,0.0,sam_martin,Sam Martin,P,,2023,0,UNK
,,,,,0.0,david_quessenberry,David Quessenberry,OT,,2023,0,UNK
,,,,,0.0,dustin_hopkins,Dustin Hopkins,K,,2023,0,UNK
,,,,,0.0,jordan_poyer,Jordan Poyer,FS,,2023,0,UNK
,,,,,0.0,tress_way,Tress Way,P,,2023,0,UNK
,,,,,0.0,brad_wing,Brad Wing,P,,2023,0,UNK
27.0,,,27,3,170.86,keenan_allen,Keenan Allen,WR,,2023,0,UNK
,,,,,0.0,brett_maher,Brett Maher,K,,2023,0,UNK
,,,,,0.0,duron_harmon,Duron Harmon,S,,2023,0,UNK
,,,,,0.0,william_gholston,William Gholston,DT,,2023,0,UNK
,,,,,0.0,logan_ryan,Logan Ryan,CB,,2023,0,UNK
,,,,,49.300000000000004,robert_woods,Robert Woods,WR,,2023,0,UNK
,,,,,0.0,tyrann_mathieu,Tyrann Mathieu,FS,,2023,0,UNK
,,,,,0.0,nick_williams,Nick Williams,DT,,2023,0,UNK
7.0,,,7,1,126.4,travis_kelce,Travis Kelce,TE,,2023,0,UNK
,,,,,65.9,latavius_murray,Latavius Murray,RB,,2023,0,UNK
,,,,,-0.30000000000000004,matt_barkley,Matt Barkley,QB,,2023,0,UNK
,,,,,0.0,lane_johnson,Lane Johnson,OT,,2023,0,UNK
29.0,,,29,3,148.60000000000002,deandre_hopkins,DeAndre Hopkins,WR,,2023,0,UNK
63.0,,,63,6,226.26000000000002,geno_smith,Geno Smith,QB,,2023,0,UNK
,,,,,27.900000000000002,cordarrelle_patterson,Cordarrelle Patterson,RB,,2023,0,UNK
,,,,,0.0,justin_pugh,Justin Pugh,G,,2023,0,UNK
,,,,,0.0,james_winchester,James Winchester,LS,,2023,0,UNK
,,,,,1.4000000000000001,willie_snead,Willie Snead,WR,,2023,0,UNK
,,,,,0.0,james_hurst,James Hurst,G,,2023,0,UNK
,,,,,0.0,cornelius_lucas,Cornelius Lucas,OT,,2023,0,UNK
,,,,,0.0,mike_pennel,Mike Pennel,DT,,2023,0,UNK
,,,,,0.0,justin_mccray,Justin McCray,G,,2023,0,UNK
,,,,,0.0,tyler_larsen,Tyler Larsen,C,,2023,0,UNK
,,,,,5.5,damien_williams,Damien Williams,RB,,2023,0,UNK
,,,,,0.0,kerry_hyder,Kerry Hyder,DE,,2023,0,UNK
,,,,,0.0,casey_kreiter,Casey Kreiter,LS,,2023,0,UNK
,,,,,3.3000000000000003,keith_smith,Keith Smith,FB,,2023,0,UNK
,,,,,0.0,khalil_mack,Khalil Mack,OLB,,2023,0,UNK
,,,,,0.0,daquan_jones,DaQuan Jones,DT,,2023,0,UNK
,,,,,0.0,cameron_fleming,Cameron Fleming,OT,,2023,0,UNK
,,,,,0.0,charles_leno_jr.,Charles Leno Jr.,OT,,2023,0,UNK
,,,,,0.0,shaquil_barrett,Shaquil Barrett,LB,,2023,0,UNK
,,,,,0.0,chris_boswell,Chris Boswell,K,,2023,0,UNK
,,,,,0.0,matt_feiler,Matt Feiler,G,,2023,0,UNK
,,,,,0.0,tyler_ott,Tyler Ott,LS,,2023,0,UNK
,,,,,0.0,brent_urban,Brent Urban,DE,,2023,0,UNK
,,,,,0.0,cairo_santos,Cairo Santos,K,,2023,0,UNK
103.0,,,103,9,72.5,odell_beckham_jr.,Odell Beckham Jr.,WR,,2023,0,UNK
76.0,,,76,7,119.2,brandin_cooks,Brandin Cooks,WR,,2023,0,UNK
,,,,,-0.2,teddy_bridgewater,Teddy Bridgewater,QB,,2023,0,UNK
,,,,,0.0,denico_autry,Denico Autry,DT,,2023,0,UNK
,,,,,0.0,anthony_barr,Anthony Barr,OLB,,2023,0,UNK
,,,,,71.80000000000001,logan_thomas,Logan Thomas,TE,,2023,0,UNK
,,,,,0.0,shelby_harris,Shelby Harris,DE,,2023,0,UNK
,,,,,0.0,jake_matthews,Jake Matthews,OT,,2023,0,UNK
92.0,,,92,8,241.12,derek_carr,Derek Carr,QB,,2023,0,UNK
,,,,,0.76,aj_mccarron,AJ McCarron,QB,,2023,0,UNK
,,,,,0.0,c.j._mosley,C.J. Mosley,ILB,,2023,0,UNK
,,,,,0.0,jimmie_ward,Jimmie Ward,SAF,,2023,0,UNK
,,,,,0.0,morgan_moses,Morgan Moses,OT,,2023,0,UNK
99.0,,,99,9,64.1,jimmy_garoppolo,Jimmy Garoppolo,QB,,2023,0,UNK
,,,,,0.0,c.j._goodwin,C.J. Goodwin,CB,,2023,0,UNK
,,,,,0.0,kyle_van_noy,Kyle Van Noy,MLB,,2023,0,UNK
,,,,,0.0,jadeveon_clowney,Jadeveon Clowney,OLB,,2023,0,UNK
,,,,,0.0,gabe_jackson,Gabe Jackson,G,,2023,0,UNK
,,,,,0.0,bradley_roby,Bradley Roby,CB,,2023,0,UNK
141.0,,,141,12,59.36,jerick_mckinnon,Jerick McKinnon,RB,,2023,0,UNK
15.0,,,15,2,162.4,davante_adams,Davante Adams,WR,,2023,0,UNK
,,,,,0.0,aaron_donald,Aaron Donald,DL,,2023,0,UNK
,,,,,0.0,zack_martin,Zack Martin,G,,2023,0,UNK
,,,,,0.0,adrian_phillips,Adrian Phillips,DB,,2023,0,UNK
69.0,,,69,6,203.5,mike_evans,Mike Evans,WR,,2023,0,UNK
,,,,,0.0,demarcus_lawrence,DeMarcus Lawrence,LB,,2023,0,UNK
,,,,,0.0,joel_bitonio,Joel Bitonio,G,,2023,0,UNK
,,,,,28.0,allen_robinson,Allen Robinson,WR,,2023,0,UNK
,,,,,1.6,chris_manhertz,Chris Manhertz,TE,,2023,0,UNK
161.0,,,161,14,0.0,jason_myers,Jason Myers,K,,2023,0,UNK
,,,,,0.0,efe_obada,Efe Obada,DE,,2023,0,UNK
,,,,,11.960000000000003,jameis_winston,Jameis Winston,QB,,2023,0,UNK
175.0,,,175,15,155.0,amari_cooper,Amari Cooper,WR,,2023,0,UNK
,,,,,39.400000000000006,devante_parker,DeVante Parker,WR,,2023,0,UNK
,,,,,62.1,nelson_agholor,Nelson Agholor,WR,,2023,0,UNK
,,,,,0.0,shaq_thompson,Shaq Thompson,OLB,,2023,0,UNK
,,,,,0.0,eric_kendricks,Eric Kendricks,MLB,,2023,0,UNK
,,,,,0.0,eric_rowe,Eric Rowe,CB,,2023,0,UNK
,,,,,0.0,jordan_phillips,Jordan Phillips,DT,,2023,0,UNK
,,,,,0.0,danielle_hunter,Danielle Hunter,DE,,2023,0,UNK
,,,,,0.0,za'darius_smith,Za'Darius Smith,DE,,2023,0,UNK
,,,,,0.0,shaq_mason,Shaq Mason,G,,2023,0,UNK
,,,,,0.0,mark_glowinski,Mark Glowinski,G,,2023,0,UNK
,,,,,0.0,grady_jarrett,Grady Jarrett,DT,,2023,0,UNK
,,,,,0.0,adrian_amos,Adrian Amos,S,,2023,0,UNK
,,,,,17.0,mycole_pruitt,MyCole Pruitt,TE,,2023,0,UNK
,,,,,0.0,bobby_mccain,Bobby McCain,CB,,2023,0,UNK
9.0,,,9,1,166.8,stefon_diggs,Stefon Diggs,WR,,2023,0,UNK
,,,,,3.7,michael_burton,Michael Burton,FB,,2023,0,UNK
,,,,,0.0,david_mayo,David Mayo,OLB,,2023,0,UNK
,,,,,0.0,quandre_diggs,Quandre Diggs,S,,2023,0,UNK
54.0,,,54,5,61.2,darren_waller,Darren Waller,TE,,2023,0,UNK
91.0,,,91,8,242.7,raheem_mostert,Raheem Mostert,RB,,2023,0,UNK
,,,,,0.0,neville_hewitt,Neville Hewitt,LB,,2023,0,UNK
,,,,,5.7,deandre_carter,DeAndre Carter,WR,,2023,0,UNK
,,,,,0.0,troy_hill,Troy Hill,CB,,2023,0,UNK
,,,,,0.0,deshawn_williams,DeShawn Williams,DE,,2023,0,UNK
,,,,,66.0,taylor_heinicke,Taylor Heinicke,QB,,2023,0,UNK
,,,,,0.0,david_andrews,David Andrews,C,,2023,0,UNK
,,,,,0.0,damiere_byrd,Damiere Byrd,WR,,2023,0,UNK
,,,,,0.0,dean_marlowe,Dean Marlowe,S,,2023,0,UNK
,,,,,0.0,alex_singleton,Alex Singleton,LB,,2023,0,UNK
,,,,,0.0,rick_lovato,Rick Lovato,LS,,2023,0,UNK
,,,,,0.0,leonard_williams,Leonard Williams,DE,,2023,0,UNK
,,,,,0.0,preston_smith,Preston Smith,DE,,2023,0,UNK
,,,,,0.0,mitch_morse,Mitch Morse,C,,2023,0,UNK
,,,,,0.0,carl_davis,Carl Davis,DT,,2023,0,UNK
,,,,,21.9,jamison_crowder,Jamison Crowder,WR,,2023,0,UNK
,,,,,0.0,rakeem_nunez-roches,Rakeem Nunez-Roches,DT,,2023,0,UNK
,,,,,0.0,dante_fowler_jr.,Dante Fowler Jr.,DE,,2023,0,UNK
,,,,,0.0,brandon_scherff,Brandon Scherff,G,,2023,0,UNK
,,,,,6.6,blake_bell,Blake Bell,TE,,2023,0,UNK
,,,,,0.0,bradley_pinion,Bradley Pinion,P,,2023,0,UNK
,,,,,0.0,trent_brown,Trent Brown,OT,,2023,0,UNK
,,,,,0.0,denzel_perryman,Denzel Perryman,MLB,,2023,0,UNK
,,,,,22.0,ameer_abdullah,Ameer Abdullah,RB,,2023,0,UNK
,,,,,0.0,angelo_blackson,Angelo Blackson,DE,,2023,0,UNK
,,,,,0.0,kwon_alexander,Kwon Alexander,MLB,,2023,0,UNK
,,,,,0.0,markus_golden,Markus Golden,LB,,2023,0,UNK
,,,,,6.9,chris_conley,Chris Conley,WR,,2023,0,UNK
,,,,,0.0,jordan_hicks,Jordan Hicks,MLB,,2023,0,UNK
,,,,,0.0,max_garcia,Max Garcia,G,,2023,0,UNK
,,,,,11.8,c.j._uzomah,C.J. Uzomah,TE,,2023,0,UNK
,,,,,9.4,geoff_swaim,Geoff Swaim,TE,,2023,0,UNK
,,,,,16.700000000000003,melvin_gordon,Melvin Gordon,RB,,2023,0,UNK
,,,,,0.0,cameron_erving,Cameron Erving,G,,2023,0,UNK
,,,,,0.0,bud_dupree,Bud Dupree,OLB,,2023,0,UNK
,,,,,0.0,steven_nelson,Steven Nelson,CB,,2023,0,UNK
,,,,,0.0,jon_feliciano,Jon Feliciano,G,,2023,0,UNK
,,,,,26.96,trevor_siemian,Trevor Siemian,QB,,2023,0,UNK
,,,,,0.0,t.y._mcgill,T.Y. McGill,DT,,2023,0,UNK
,,,,,0.0,arik_armstead,Arik Armstead,DE,,2023,0,UNK
,,,,,0.0,marcus_peters,Marcus Peters,CB,,2023,0,UNK
,,,,,0.0,ronald_darby,Ronald Darby,CB,,2023,0,UNK
,,,,,0.0,randy_gregory,Randy Gregory,LB,,2023,0,UNK
,,,,,4.9,ty_montgomery,Ty Montgomery,WR,,2023,0,UNK
,,,,,0.0,andrus_peat,Andrus Peat,G,,2023,0,UNK
,,,,,0.0,phillip_dorsett,Phillip Dorsett,WR,,2023,0,UNK
,,,,,0.0,frank_clark,Frank Clark,LB,,2023,0,UNK
40.0,,,40,4,123.4,tyler_lockett,Tyler Lockett,WR,,2023,0,UNK
,,,,,0.0,tyler_kroft,Tyler Kroft,TE,,2023,0,UNK
,,,,,0.0,donovan_smith,Donovan Smith,OT,,2023,0,UNK
,,,,,0.0,d.j._humphries,D.J. Humphries,OT,,2023,0,UNK
,,,,,0.0,joe_cardona,Joe Cardona,LS,,2023,0,UNK
,,,,,0.0,laken_tomlinson,Laken Tomlinson,G,,2023,0,UNK
,,,,,0.0,rob_havenstein,Rob Havenstein,OT,,2023,0,UNK
,,,,,0.0,mario_edwards,Mario Edwards,DT,,2023,0,UNK
,,,,,11.760000000000002,marcus_mariota,Marcus Mariota,QB,,2023,0,UNK
,,,,,0.0,tyler_matakevich,Tyler Matakevich,ILB,,2023,0,UNK
,,,,,0.0,deforest_buckner,DeForest Buckner,DT,,2023,0,UNK
,,,,,0.0,eli_apple,Eli Apple,CB,,2023,0,UNK
,,,,,0.0,laremy_tunsil,Laremy Tunsil,OT,,2023,0,UNK
,,,,,0.0,taylor_decker,Taylor Decker,OT,,2023,0,UNK
,,,,,0.0,keanu_neal,Keanu Neal,S,,2023,0,UNK
,,,,,0.0,ryan_kelly,Ryan Kelly,C,,2023,0,UNK
,,,,,12.3,sterling_shepard,Sterling Shepard,WR,,2023,0,UNK
,,,,,0.0,jarran_reed,Jarran Reed,DT,,2023,0,UNK
,,,,,0.0,deion_jones,Deion Jones,LB,,2023,0,UNK
,,,,,0.0,joe_thuney,Joe Thuney,G,,2023,0,UNK
,,,,,23.400000000000002,austin_hooper,Austin Hooper,TE,,2023,0,UNK
,,,,,0.30000000000000004,nick_vannett,Nick Vannett,TE,,2023,0,UNK
,,,,,0.0,graham_glasgow,Graham Glasgow,C,,2023,0,UNK
,,,,,46.300000000000004,chris_moore,Chris Moore,WR,,2023,0,UNK
,,,,,0.0,miles_killebrew,Miles Killebrew,SAF,,2023,0,UNK
,,,,,0.0,de'vondre_campbell,De'Vondre Campbell,OLB,,2023,0,UNK
,,,,,0.0,hassan_ridgeway,Hassan Ridgeway,DT,,2023,0,UNK
,,,,,0.0,blake_martinez,Blake Martinez,ILB,,2023,0,UNK
,,,,,0.0,dean_lowry,Dean Lowry,DE,,2023,0,UNK
,,,,,0.0,matthew_judon,Matthew Judon,OLB,,2023,0,UNK
,,,,,0.0,quinton_jefferson,Quinton Jefferson,DE,,2023,0,UNK
,,,,,0.0,dj_reader,DJ Reader,DT,,2023,0,UNK
,,,,,0.0,wes_schweitzer,Wes Schweitzer,G,,2023,0,UNK
,,,,,13.940000000000001,jeff_driskel,Jeff Driskel,QB,,2023,0,UNK
,,,,,0.0,kamu_grugier-hill,Kamu Grugier-Hill,OLB,,2023,0,UNK
,,,,,0.0,elandon_roberts,Elandon Roberts,OLB,,2023,0,UNK
,,,,,0.0,ted_karras,Ted Karras,G,,2023,0,UNK
,,,,,0.0,dwayne_washington,Dwayne Washington,RB,,2023,0,UNK
,,,,,0.0,jayron_kearse,Jayron Kearse,S,,2023,0,UNK
,,,,,0.0,kyle_peko,Kyle Peko,NT,,2023,0,UNK
,,,,,62.400000000000006,kalif_raymond,Kalif Raymond,WR,,2023,0,UNK
,,,,,0.0,george_fant,George Fant,OT,,2023,0,UNK
,,,,,0.0,matthias_farley,Matthias Farley,DB,,2023,0,UNK
,,,,,0.0,reid_ferguson,Reid Ferguson,LS,,2023,0,UNK
,,,,,0.0,mike_hilton,Mike Hilton,CB,,2023,0,UNK
,,,,,29.200000000000003,alex_erickson,Alex Erickson,WR,,2023,0,UNK
,,,,,0.0,wil_lutz,Wil Lutz,K,,2023,0,UNK
,,,,,0.0,michael_pierce,Michael Pierce,DT,,2023,0,UNK
,,,,,0.0,jonathan_jones,Jonathan Jones,DB,,2023,0,UNK
,,,,,0.0,romeo_okwara,Romeo Okwara,DE,,2023,0,UNK
,,,,,0.0,roy_robertson-harris,Roy Robertson-Harris,DE,,2023,0,UNK
,,,,,0.0,morgan_fox,Morgan Fox,DE,,2023,0,UNK
,,,,,0.0,cory_littleton,Cory Littleton,ILB,,2023,0,UNK
,,,,,18.6,robbie_chosen,Robbie Chosen,WR,,2023,0,UNK
,,,,,0.0,jake_brendel,Jake Brendel,C,,2023,0,UNK
,,,,,0.0,stephen_anderson,Stephen Anderson,TE,,2023,0,UNK
,,,,,0.0,ka'imi_fairbairn,Ka'imi Fairbairn,K,,2023,0,UNK
,,,,,0.0,luke_rhodes,Luke Rhodes,LS,,2023,0,UNK
,,,,,0.0,sheldon_rankins,Sheldon Rankins,DT,,2023,0,UNK
,,,,,0.0,chris_jones,Chris Jones,DE,,2023,0,UNK
,,,,,0.0,austin_johnson,Austin Johnson,NT,,2023,0,UNK
18.0,,,18,2,218.66,derrick_henry,Derrick Henry,RB,,2023,0,UNK
90.0,,,90,8,50.800000000000004,michael_thomas,Michael Thomas,WR,,2023,0,UNK
,,,,,0.0,cody_whitehair,Cody Whitehair,G,,2023,0,UNK
,,,,,0.0,deon_bush,Deon Bush,SAF,,2023,0,UNK
,,,,,61.400000000000006,demarcus_robinson,Demarcus Robinson,WR,,2023,0,UNK
,,,,,0.0,deandre_houston-carson,DeAndre Houston-Carson,DB,,2023,0,UNK
,,,,,0.0,jalen_mills,Jalen Mills,CB,,2023,0,UNK
,,,,,0.0,a'shawn_robinson,A'Shawn Robinson,DT,,2023,0,UNK
,,,,,0.0,james_bradberry,James Bradberry,CB,,2023,0,UNK
,,,,,0.0,daryl_worley,Daryl Worley,CB,,2023,0,UNK
,,,,,0.0,nick_vigil,Nick Vigil,OLB,,2023,0,UNK
,,,,,3.2,c.j._ham,C.J. Ham,FB,,2023,0,UNK
,,,,,0.0,antonio_hamilton,Antonio Hamilton,CB,,2023,0,UNK
,,,,,0.0,vonn_bell,Vonn Bell,S,,2023,0,UNK
,,,,,0.0,kevon_seymour,Kevon Seymour,CB,,2023,0,UNK
,,,,,0.0,riley_dixon,Riley Dixon,P,,2023,0,UNK
,,,,,26.12,carson_wentz,Carson Wentz,QB,,2023,0,UNK
,,,,,1.6,laquon_treadwell,Laquon Treadwell,WR,,2023,0,UNK
,,,,,0.0,isaac_seumalo,Isaac Seumalo,G,,2023,0,UNK
,,,,,0.0,ronnie_stanley,Ronnie Stanley,OT,,2023,0,UNK
,,,,,0.0,myles_jack,Myles Jack,MLB,,2023,0,UNK
,,,,,0.0,justin_simmons,Justin Simmons,FS,,2023,0,UNK
,,,,,-0.2,jonathan_williams,Jonathan Williams,RB,,2023,0,UNK
145.0,,,145,13,77.8,tyler_boyd,Tyler Boyd,WR,,2023,0,UNK
,,,,,0.0,sheldon_day,Sheldon Day,DT,,2023,0,UNK
,,,,,0.0,connor_mcgovern,Connor McGovern,G,,2023,0,UNK
,,,,,0.0,eric_murray,Eric Murray,S,,2023,0,UNK
8.0,,,8,1,257.4,tyreek_hill,Tyreek Hill,WR,,2023,0,UNK
143.0,,,143,12,123.5,ezekiel_elliott,Ezekiel Elliott,RB,,2023,0,UNK
,,,,,0.0,jihad_ward,Jihad Ward,LB,,2023,0,UNK
,,,,,0.0,xavien_howard,Xavien Howard,CB,,2023,0,UNK
,,,,,0.0,david_onyemata,David Onyemata,DT,,2023,0,UNK
,,,,,0.0,jaylon_smith,Jaylon Smith,MLB,,2023,0,UNK
,,,,,0.0,jalen_ramsey,Jalen Ramsey,CB,,2023,0,UNK
,,,,,0.0,zach_wood,Zach Wood,LS,,2023,0,UNK
,,,,,0.0,adam_gotsis,Adam Gotsis,DE,,2023,0,UNK
,,,,,0.0,andrew_billings,Andrew Billings,DT,,2023,0,UNK
,,,,,0.0,leonard_floyd,Leonard Floyd,DE,,2023,0,UNK
,,,,,0.0,emmanuel_ogbah,Emmanuel Ogbah,DE,,2023,0,UNK
23.0,,,23,2,342.84,dak_prescott,Dak Prescott,QB,,2023,0,UNK
,,,,,0.0,lucas_patrick,Lucas Patrick,G,,2023,0,UNK
,,,,,0.0,kendall_fuller,Kendall Fuller,CB,,2023,0,UNK
,,,,,77.9,hunter_henry,Hunter Henry,TE,,2023,0,UNK
,,,,,0.0,jonathan_bullard,Jonathan Bullard,DE,,2023,0,UNK
,,,,,0.0,shaq_lawson,Shaq Lawson,DE,,2023,0,UNK
,,,,,0.0,artie_burns,Artie Burns,CB,,2023,0,UNK
65.0,,,65,6,289.1,jared_goff,Jared Goff,QB,,2023,0,UNK
,,,,,0.0,javon_hargrave,Javon Hargrave,NT,,2023,0,UNK
122.0,,,122,11,61.5,tyler_higbee,Tyler Higbee,TE,,2023,0,UNK
,,,,,1.1,kenyan_drake,Kenyan Drake,RB,,2023,0,UNK
,,,,,22.86,jacoby_brissett,Jacoby Brissett,QB,,2023,0,UNK
,,,,,0.0,kenny_clark,Kenny Clark,NT,,2023,0,UNK
,,,,,0.0,yannick_ngakoue,Yannick Ngakoue,DE,,2023,0,UNK
,,,,,0.0,maliek_collins,Maliek Collins,DT,,2023,0,UNK
,,,,,0.0,kevin_byard,Kevin Byard,FS,,2023,0,UNK
,,,,,0.0,joey_bosa,Joey Bosa,DE,,2023,0,UNK
,,,,,0.0,zach_triner,Zach Triner,LS,,2023,0,UNK
,,,,,36.1,mo_alie-cox,Mo Alie-Cox,TE,,2023,0,UNK
,,,,,0.0,daniel_brunskill,Daniel Brunskill,OT,,2023,0,UNK
,,,,,23.2,johnny_mundt,Johnny Mundt,TE,,2023,0,UNK
,,,,,1.9000000000000001,zach_pascal,Zach Pascal,WR,,2023,0,UNK
,,,,,0.0,darrell_daniels,Darrell Daniels,TE,,2023,0,UNK
,,,,,0.0,thomas_hennessy,Thomas Hennessy,LS,,2023,0,UNK
,,,,,0.0,rigoberto_sanchez,Rigoberto Sanchez,P,,2023,0,UNK
,,,,,19.96,pj_walker,PJ Walker,QB,,2023,0,UNK
3.0,,,3,1,324.3,christian_mccaffrey,Christian McCaffrey,RB,,2023,0,UNK
,,,,,0.0,marlon_humphrey,Marlon Humphrey,CB,,2023,0,UNK
,,,,,95.2,curtis_samuel,Curtis Samuel,WR,,2023,0,UNK
,,,,,0.0,taylor_moton,Taylor Moton,OT,,2023,0,UNK
57.0,,,57,5,138.2,george_kittle,George Kittle,TE,,2023,0,UNK
,,,,,0.0,jermaine_eluemunor,Jermaine Eluemunor,G,,2023,0,UNK
,,,,,-0.2,trent_taylor,Trent Taylor,WR,,2023,0,UNK
,,,,,104.9,aaron_jones,Aaron Jones,RB,,2023,0,UNK
,,,,,1.3,alex_armah,Alex Armah,RB,,2023,0,UNK
,,,,,0.0,d.j._jones,D.J. Jones,DT,,2023,0,UNK
,,,,,0.0,conor_mcdermott,Conor McDermott,OT,,2023,0,UNK
147.0,,,147,13,0.0,harrison_butker,Harrison Butker,K,,2023,0,UNK
,,,,,63.0,kendrick_bourne,Kendrick Bourne,WR,,2023,0,UNK
,,,,,29.900000000000002,matt_breida,Matt Breida,RB,,2023,0,UNK
,,,,,66.74000000000001,nick_mullens,Nick Mullens,QB,,2023,0,UNK
,,,,,0.0,eric_wilson,Eric Wilson,LB,,2023,0,UNK
,,,,,0.0,josh_tupou,Josh Tupou,DT,,2023,0,UNK
,,,,,110.52000000000001,taysom_hill,Taysom Hill,TE,,2023,0,UNK
,,,,,11.2,patrick_ricard,Patrick Ricard,RB,,2023,0,UNK
,,,,,0.0,adam_butler,Adam Butler,DT,,2023,0,UNK
,,,,,0.0,kenny_moore_ii,Kenny Moore II,CB,,2023,0,UNK
,,,,,0.0,matt_haack,Matt Haack,P,,2023,0,UNK
,,,,,24.8,pharaoh_brown,Pharaoh Brown,TE,,2023,0,UNK
,,,,,0.0,nicholas_morrow,Nicholas Morrow,LB,,2023,0,UNK
,,,,,0.0,carl_lawson,Carl Lawson,DE,,2023,0,UNK
,,,,,9.600000000000001,isaiah_mckenzie,Isaiah McKenzie,WR,,2023,0,UNK
,,,,,0.0,arthur_maulet,Arthur Maulet,CB,,2023,0,UNK
,,,,,0.0,sean_harlow,Sean Harlow,C,,2023,0,UNK
,,,,,0.0,damontae_kazee,Damontae Kazee,S,,2023,0,UNK
,,,,,0.0,jonathan_allen,Jonathan Allen,DE,,2023,0,UNK
93.0,,,93,8,71.3,samaje_perine,Samaje Perine,RB,,2023,0,UNK
51.0,,,51,5,31.200000000000003,mike_williams,Mike Williams,WR,,2023,0,UNK
35.0,,,35,3,86.8,deshaun_watson,Deshaun Watson,QB,,2023,0,UNK
,,,,,0.0,garett_bolles,Garett Bolles,OT,,2023,0,UNK
,,,,,0.0,sidney_jones,Sidney Jones,CB,,2023,0,UNK
,,,,,0.0,dalvin_tomlinson,Dalvin Tomlinson,DE,,2023,0,UNK
,,,,,0.0,zach_cunningham,Zach Cunningham,ILB,,2023,0,UNK
,,,,,0.0,chidobe_awuzie,Chidobe Awuzie,CB,,2023,0,UNK
,,,,,0.0,duke_riley,Duke Riley,MLB,,2023,0,UNK
,,,,,0.0,rasul_douglas,Rasul Douglas,CB,,2023,0,UNK
190.0,,,190,16,174.5,james_conner,James Conner,RB,,2023,0,UNK
,,,,,25.1,mack_hollins,Mack Hollins,WR,,2023,0,UNK
,,,,,1.54,jalen_reeves-maybin,Jalen Reeves-Maybin,LB,,2023,0,UNK
,,,,,0.0,carlos_watkins,Carlos Watkins,DE,,2023,0,UNK
,,,,,0.0,desmond_king,Desmond King,DB,,2023,0,UNK
,,,,,0.0,anthony_walker,Anthony Walker,MLB,,2023,0,UNK
,,,,,0.0,matt_milano,Matt Milano,OLB,,2023,0,UNK
,,,,,26.3,jamal_agnew,Jamal Agnew,WR,,2023,0,UNK
,,,,,1.2000000000000002,eric_saubert,Eric Saubert,TE,,2023,0,UNK
,,,,,0.0,xavier_woods,Xavier Woods,FS,,2023,0,UNK
,,,,,0.0,jeremiah_ledbetter,Jeremiah Ledbetter,DT,,2023,0,UNK
,,,,,0.0,isaac_rochell,Isaac Rochell,DE,,2023,0,UNK
,,,,,15.4,david_moore,David Moore,WR,,2023,0,UNK
,,,,,68.6,noah_brown,Noah Brown,WR,,2023,0,UNK
,,,,,0.0,pat_o'connor,Pat O'Connor,DE,,2023,0,UNK
,,,,,0.0,eli_ankou,Eli Ankou,DT,,2023,0,UNK
,,,,,0.0,joe_jones,Joe Jones,LB,,2023,0,UNK
,,,,,3.26,cooper_rush,Cooper Rush,QB,,2023,0,UNK
,,,,,0.0,elijah_wilkinson,Elijah Wilkinson,OT,,2023,0,UNK
,,,,,0.0,michael_davis,Michael Davis,CB,,2023,0,UNK
6.0,,,6,1,134.4,austin_ekeler,Austin Ekeler,RB,,2023,0,UNK
140.0,,,140,12,0.0,younghoe_koo,Younghoe Koo,K,,2023,0,UNK
,,,,,0.0,calvin_munson,Calvin Munson,LB,,2023,0,UNK
,,,,,-2.3000000000000003,cameron_johnston,Cameron Johnston,P,,2023,0,UNK
,,,,,0.0,storm_norton,Storm Norton,OT,,2023,0,UNK
,,,,,11.200000000000001,robert_tonyan,Robert Tonyan,TE,,2023,0,UNK
,,,,,0.0,dylan_cole,Dylan Cole,LB,,2023,0,UNK
,,,,,0.0,justin_hardee,Justin Hardee,DB,,2023,0,UNK
,,,,,0.0,demarcus_walker,DeMarcus Walker,DE,,2023,0,UNK
,,,,,0.0,ahkello_witherspoon,Ahkello Witherspoon,CB,,2023,0,UNK
,,,,,0.0,eddie_jackson,Eddie Jackson,FS,,2023,0,UNK
156.0,,,156,13,0.0,jake_elliott,Jake Elliott,K,,2023,0,UNK
,,,,,0.0,rudy_ford,Rudy Ford,FS,,2023,0,UNK
,,,,,0.0,corey_levin,Corey Levin,G,,2023,0,UNK
,,,,,0.0,andrew_wylie,Andrew Wylie,G,,2023,0,UNK
,,,,,5.300000000000001,dare_ogunbowale,Dare Ogunbowale,RB,,2023,0,UNK
,,,,,4.0,leonard_fournette,Leonard Fournette,RB,,2023,0,UNK
94.0,,,94,8,32.0,juju_smith-schuster,JuJu Smith-Schuster,WR,,2023,0,UNK
,,,,,74.2,jonnu_smith,Jonnu Smith,TE,,2023,0,UNK
,,,,,0.0,davon_godchaux,Davon Godchaux,DT,,2023,0,UNK
,,,,,0.4,dan_skipper,Dan Skipper,OT,,2023,0,UNK
,,,,,0.0,myles_garrett,Myles Garrett,DE,,2023,0,UNK
,,,,,48.68,mitchell_trubisky,Mitchell Trubisky,QB,,2023,0,UNK
,,,,,0.0,solomon_thomas,Solomon Thomas,DE,,2023,0,UNK
,,,,,0.0,jamal_adams,Jamal Adams,LB,,2023,0,UNK
2.0,,,2,1,280.22,patrick_mahomes,Patrick Mahomes,QB,,2023,0,UNK
,,,,,0.0,marshon_lattimore,Marshon Lattimore,CB,,2023,0,UNK
,,,,,0.0,haason_reddick,Haason Reddick,OLB,,2023,0,UNK
,,,,,0.0,derek_barnett,Derek Barnett,DE,,2023,0,UNK
,,,,,0.0,malik_hooker,Malik Hooker,FS,,2023,0,UNK
,,,,,0.0,adoree'_jackson,Adoree' Jackson,CB,,2023,0,UNK
,,,,,0.0,charles_harris,Charles Harris,LB,,2023,0,UNK
82.0,,,82,7,116.30000000000001,evan_engram,Evan Engram,TE,,2023,0,UNK
,,,,,0.0,jabrill_peppers,Jabrill Peppers,FS,,2023,0,UNK
,,,,,0.0,tre'davious_white,Tre'Davious White,CB,,2023,0,UNK
97.0,,,97,9,120.2,david_njoku,David Njoku,TE,,2023,0,UNK
,,,,,0.0,t.j._watt,T.J. Watt,OLB,,2023,0,UNK
,,,,,0.0,ryan_ramczyk,Ryan Ramczyk,OT,,2023,0,UNK
,,,,,0.0,cam_robinson,Cam Robinson,OT,,2023,0,UNK
,,,,,0.0,budda_baker,Budda Baker,S,,2023,0,UNK
81.0,,,81,7,44.1,zay_jones,Zay Jones,WR,,2023,0,UNK
,,,,,0.0,marcus_maye,Marcus Maye,FS,,2023,0,UNK
64.0,,,64,6,25.200000000000003,dalvin_cook,Dalvin Cook,RB,,2023,0,UNK
,,,,,0.0,marcus_williams,Marcus Williams,FS,,2023,0,UNK
,,,,,60.1,gerald_everett,Gerald Everett,TE,,2023,0,UNK
30.0,,,30,3,215.0,joe_mixon,Joe Mixon,RB,,2023,0,UNK
,,,,,0.0,justin_evans,Justin Evans,S,,2023,0,UNK
,,,,,0.0,ethan_pocic,Ethan Pocic,C,,2023,0,UNK
,,,,,0.0,tanoh_kpassagnon,Tanoh Kpassagnon,DE,,2023,0,UNK
,,,,,0.0,dion_dawkins,Dion Dawkins,OT,,2023,0,UNK
,,,,,0.0,larry_ogunjobi,Larry Ogunjobi,DT,,2023,0,UNK
53.0,,,53,5,158.0,alvin_kamara,Alvin Kamara,RB,,2023,0,UNK
,,,,,0.0,dawuane_smoot,Dawuane Smoot,DE,,2023,0,UNK
10.0,,,10,1,105.4,cooper_kupp,Cooper Kupp,WR,,2023,0,UNK
,,,,,0.0,dan_feeney,Dan Feeney,G,,2023,0,UNK
,,,,,0.0,chris_wormley,Chris Wormley,NT,,2023,0,UNK
,,,,,0.0,alex_anzalone,Alex Anzalone,MLB,,2023,0,UNK
,,,,,0.0,fabian_moreau,Fabian Moreau,CB,,2023,0,UNK
39.0,,,39,4,126.2,chris_godwin_jr.,Chris Godwin Jr.,WR,,2023,0,UNK
151.0,,,151,13,103.5,kareem_hunt,Kareem Hunt,RB,,2023,0,UNK
,,,,,80.2,d'onta_foreman,D'Onta Foreman,RB,,2023,0,UNK
,,,,,0.0,shaquill_griffin,Shaquill Griffin,CB,,2023,0,UNK
,,,,,0.0,john_johnson,John Johnson,DB,,2023,0,UNK
,,,,,0.0,jourdan_lewis,Jourdan Lewis,CB,,2023,0,UNK
,,,,,0.0,montravius_adams,Montravius Adams,DT,,2023,0,UNK
,,,,,0.0,cameron_sutton,Cameron Sutton,CB,,2023,0,UNK
,,,,,0.0,trey_hendrickson,Trey Hendrickson,DE,,2023,0,UNK
,,,,,21.46,c.j._beathard,C.J. Beathard,QB,,2023,0,UNK
,,,,,0.0,jaleel_johnson,Jaleel Johnson,DT,,2023,0,UNK
,,,,,0.0,rayshawn_jenkins,Rayshawn Jenkins,SAF,,2023,0,UNK
,,,,,88.80000000000001,josh_reynolds,Josh Reynolds,WR,,2023,0,UNK
,,,,,0.0,samson_ebukam,Samson Ebukam,DE,,2023,0,UNK
,,,,,0.0,deatrich_wise,Deatrich Wise,DE,,2023,0,UNK
102.0,,,102,9,42.800000000000004,jamaal_williams,Jamaal Williams,RB,,2023,0,UNK
,,,,,200.66,joshua_dobbs,Joshua Dobbs,QB,,2023,0,UNK
,,,,,0.0,grover_stewart,Grover Stewart,DT,,2023,0,UNK
,,,,,0.0,jeremy_mcnichols,Jeremy McNichols,RB,,2023,0,UNK
,,,,,-0.4,nathan_peterman,Nathan Peterman,QB,,2023,0,UNK
,,,,,0.0,tanzel_smart,Tanzel Smart,DT,,2023,0,UNK
,,,,,0.0,michael_dunn,Michael Dunn,OT,,2023,0,UNK
,,,,,0.0,christian_kuntz,Christian Kuntz,LS,,2023,0,UNK
,,,,,18.1,river_cracraft,River Cracraft,WR,,2023,0,UNK
,,,,,0.0,scott_daly,Scott Daly,LS,,2023,0,UNK
,,,,,0.0,danny_johnson,Danny Johnson,DB,,2023,0,UNK
,,,,,1.2000000000000002,ross_dwelley,Ross Dwelley,TE,,2023,0,UNK
,,,,,0.0,mike_badgley,Mike Badgley,K,,2023,0,UNK
,,,,,0.0,george_odum,George Odum,DB,,2023,0,UNK
,,,,,0.0,austin_schlottmann,Austin Schlottmann,C,,2023,0,UNK
,,,,,0.0,coleman_shelton,Coleman Shelton,C,,2023,0,UNK
,,,,,27.3,jeff_wilson,Jeff Wilson,RB,,2023,0,UNK
,,,,,0.0,j.t._gray,J.T. Gray,DB,,2023,0,UNK
,,,,,0.0,kendal_vickers,Kendal Vickers,DE,,2023,0,UNK
,,,,,0.0,chris_lammons,Chris Lammons,DB,,2023,0,UNK
,,,,,0.0,brian_o'neill,Brian O'Neill,OT,,2023,0,UNK
,,,,,23.2,will_dissly,Will Dissly,TE,,2023,0,UNK
,,,,,0.0,michael_dickson,Michael Dickson,P,,2023,0,UNK
136.0,,,136,12,0.0,daniel_carlson,Daniel Carlson,K,,2023,0,UNK
,,,,,0.0,j.k._scott,J.K. Scott,P,,2023,0,UNK
,,,,,0.0,jacob_martin,Jacob Martin,DE,,2023,0,UNK
,,,,,0.0,jason_cabinda,Jason Cabinda,FB,,2023,0,UNK
,,,,,0.0,eddy_pineiro,Eddy Pineiro,K,,2023,0,UNK
,,,,,10.899999999999999,tim_boyle,Tim Boyle,QB,,2023,0,UNK
,,,,,175.0,gus_edwards,Gus Edwards,RB,,2023,0,UNK
,,,,,0.0,tyler_lancaster,Tyler Lancaster,DT,,2023,0,UNK
,,,,,0.6000000000000001,kevin_rader,Kevin Rader,TE,,2023,0,UNK
,,,,,0.0,trent_sieg,Trent Sieg,LS,,2023,0,UNK
,,,,,0.0,darious_williams,Darious Williams,CB,,2023,0,UNK
,,,,,6.300000000000001,mike_boone,Mike Boone,RB,,2023,0,UNK
,,,,,0.0,poona_ford,Poona Ford,DT,,2023,0,UNK
,,,,,0.0,elijah_campbell,Elijah Campbell,DB,,2023,0,UNK
,,,,,0.0,daniel_ekuale,Daniel Ekuale,DT,,2023,0,UNK
,,,,,0.0,austin_corbett,Austin Corbett,G,,2023,0,UNK
,,,,,0.0,jalyn_holmes,Jalyn Holmes,DT,,2023,0,UNK
,,,,,62.1,tyler_conklin,Tyler Conklin,TE,,2023,0,UNK
,,,,,35.5,marquez_valdes-scantling,Marquez Valdes-Scantling,WR,,2023,0,UNK
,,,,,0.0,parry_nickerson,Parry Nickerson,CB,,2023,0,UNK
,,,,,0.0,foley_fatukasi,Foley Fatukasi,DT,,2023,0,UNK
,,,,,0.0,deshon_elliott,DeShon Elliott,SAF,,2023,0,UNK
,,,,,0.0,tremon_smith,Tremon Smith,CB,,2023,0,UNK
,,,,,6.2,equanimeous_st._brown,Equanimeous St. Brown,WR,,2023,0,UNK
,,,,,0.0,bradley_bozeman,Bradley Bozeman,C,,2023,0,UNK
,,,,,0.0,zach_sieler,Zach Sieler,DE,,2023,0,UNK
,,,,,11.4,richie_james,Richie James,WR,,2023,0,UNK
,,,,,0.0,ben_niemann,Ben Niemann,LB,,2023,0,UNK
,,,,,16.1,byron_pringle,Byron Pringle,WR,,2023,0,UNK
,,,,,0.0,frankie_luvu,Frankie Luvu,LB,,2023,0,UNK
,,,,,0.0,craig_james,Craig James,DB,,2023,0,UNK
,,,,,9.7,keith_kirkwood,Keith Kirkwood,WR,,2023,0,UNK
,,,,,0.0,kentavius_street,Kentavius Street,DE,,2023,0,UNK
,,,,,0.0,daron_payne,Daron Payne,NT,,2023,0,UNK
,,,,,0.0,greg_stroman,Greg Stroman,CB,,2023,0,UNK
,,,,,0.0,quenton_nelson,Quenton Nelson,G,,2023,0,UNK
,,,,,0.0,marcus_davenport,Marcus Davenport,DE,,2023,0,UNK
,,,,,0.0,frank_ragnow,Frank Ragnow,G,,2023,0,UNK
,,,,,0.0,will_hernandez,Will Hernandez,G,,2023,0,UNK
,,,,,0.0,james_daniels,James Daniels,G,,2023,0,UNK
95.0,,,95,8,131.2,courtland_sutton,Courtland Sutton,WR,,2023,0,UNK
,,,,,0.0,uchenna_nwosu,Uchenna Nwosu,LB,,2023,0,UNK
68.0,,,68,6,77.30000000000001,dallas_goedert,Dallas Goedert,TE,,2023,0,UNK
,,,,,0.0,connor_williams,Connor Williams,C,,2023,0,UNK
,,,,,0.0,m.j._stewart,M.J. Stewart,SAF,,2023,0,UNK
,,,,,0.0,donte_jackson,Donte Jackson,CB,,2023,0,UNK
,,,,,0.0,isaiah_oliver,Isaiah Oliver,FS,,2023,0,UNK
,,,,,0.0,tyquan_lewis,Tyquan Lewis,DE,,2023,0,UNK
,,,,,0.0,lorenzo_carter,Lorenzo Carter,LB,,2023,0,UNK
,,,,,0.0,justin_reid,Justin Reid,S,,2023,0,UNK
,,,,,0.0,deadrin_senat,Deadrin Senat,DT,,2023,0,UNK
,,,,,13.200000000000001,jordan_akins,Jordan Akins,TE,,2023,0,UNK
,,,,,5.6000000000000005,ian_thomas,Ian Thomas,TE,,2023,0,UNK
,,,,,0.0,josey_jewell,Josey Jewell,ILB,,2023,0,UNK
,,,,,0.0,da'shawn_hand,Da'Shawn Hand,DE,,2023,0,UNK
,,,,,0.0,dorance_armstrong,Dorance Armstrong,DE,,2023,0,UNK
,,,,,0.0,jordan_whitehead,Jordan Whitehead,FS,,2023,0,UNK
,,,,,0.0,kyzir_white,Kyzir White,OLB,,2023,0,UNK
,,,,,0.0,taron_johnson,Taron Johnson,CB,,2023,0,UNK
,,,,,0.0,avonte_maddox,Avonte Maddox,FS,,2023,0,UNK
,,,,,0.0,josh_sweat,Josh Sweat,LB,,2023,0,UNK
,,,,,0.0,marquis_haynes,Marquis Haynes,LB,,2023,0,UNK
,,,,,91.5,dalton_schultz,Dalton Schultz,TE,,2023,0,UNK
,,,,,0.0,d.j._reed,D.J. Reed,CB,,2023,0,UNK
,,,,,0.0,ja'whaun_bentley,Ja'Whaun Bentley,LB,,2023,0,UNK
,,,,,62.0,justin_watson,Justin Watson,WR,,2023,0,UNK
,,,,,0.0,bilal_nichols,Bilal Nichols,DT,,2023,0,UNK
,,,,,0.0,siran_neal,Siran Neal,DB,,2023,0,UNK
,,,,,0.0,tim_settle,Tim Settle,DT,,2023,0,UNK
,,,,,0.0,wyatt_teller,Wyatt Teller,G,,2023,0,UNK
,,,,,2.0599999999999996,mike_white,Mike White,QB,,2023,0,UNK
,,,,,16.5,ray-ray_mccloud,Ray-Ray McCloud,WR,,2023,0,UNK
,,,,,0.0,foye_oluokun,Foye Oluokun,LB,,2023,0,UNK
,,,,,13.8,boston_scott,Boston Scott,RB,,2023,0,UNK
,,,,,0.0,matt_pryor,Matt Pryor,OT,,2023,0,UNK
,,,,,47.6,cedrick_wilson_jr.,Cedrick Wilson Jr.,WR,,2023,0,UNK
,,,,,30.900000000000002,braxton_berrios,Braxton Berrios,WR,,2023,0,UNK
,,,,,0.0,matthew_adams,Matthew Adams,OLB,,2023,0,UNK
,,,,,0.0,jordan_mailata,Jordan Mailata,OT,,2023,0,UNK
,,,,,0.0,andre_smith,Andre Smith,LB,,2023,0,UNK
,,,,,0.0,zaire_franklin,Zaire Franklin,OLB,,2023,0,UNK
,,,,,8.5,nick_bawden,Nick Bawden,RB,,2023,0,UNK
,,,,,0.0,will_clapp,Will Clapp,C,,2023,0,UNK
,,,,,0.52,logan_cooke,Logan Cooke,P,,2023,0,UNK
,,,,,-0.31999999999999984,logan_woodside,Logan Woodside,QB,,2023,0,UNK
,,,,,0.0,nick_gates,Nick Gates,G,,2023,0,UNK
,,,,,0.0,jalen_davis,Jalen Davis,CB,,2023,0,UNK
,,,,,0.0,greg_joseph,Greg Joseph,K,,2023,0,UNK
,,,,,0.0,bruce_hector,Bruce Hector,DT,,2023,0,UNK
,,,,,0.0,jeremy_reaves,Jeremy Reaves,DB,,2023,0,UNK
,,,,,0.0,chandon_sullivan,Chandon Sullivan,DB,,2023,0,UNK
,,,,,0.0,dennis_gardeck,Dennis Gardeck,LB,,2023,0,UNK
,,,,,0.0,jonathan_owens,Jonathan Owens,SAF,,2023,0,UNK
,,,,,14.6,trent_sherfield,Trent Sherfield,WR,,2023,0,UNK
,,,,,0.0,tavierre_thomas,Tavierre Thomas,SAF,,2023,0,UNK
,,,,,0.2,ezekiel_turner,Ezekiel Turner,LB,,2023,0,UNK
,,,,,0.0,evan_brown,Evan Brown,C,,2023,0,UNK
,,,,,0.0,sean_chandler,Sean Chandler,DB,,2023,0,UNK
,,,,,0.0,tae_davis,Tae Davis,LB,,2023,0,UNK
,,,,,0.0,levi_wallace,Levi Wallace,DB,,2023,0,UNK
,,,,,0.0,dee_delaney,Dee Delaney,DB,,2023,0,UNK
,,,,,0.0,tre_herndon,Tre Herndon,CB,,2023,0,UNK
98.0,,,98,9,37.1,allen_lazard,Allen Lazard,WR,,2023,0,UNK
,,,,,0.0,ryan_neal,Ryan Neal,DB,,2023,0,UNK
,,,,,0.0,tony_brown,Tony Brown,DB,,2023,0,UNK
,,,,,0.0,brandon_facyson,Brandon Facyson,DB,,2023,0,UNK
,,,,,0.0,trent_scott,Trent Scott,OT,,2023,0,UNK
,,,,,0.0,charvarius_ward,Charvarius Ward,CB,,2023,0,UNK
,,,,,-1.0,david_wells,David Wells,TE,,2023,0,UNK
,,,,,-1.3,kyle_allen,Kyle Allen,QB,,2023,0,UNK
,,,,,0.0,abdullah_anderson,Abdullah Anderson,DT,,2023,0,UNK
,,,,,0.0,j.c._jackson,J.C. Jackson,DB,,2023,0,UNK
,,,,,41.2,tanner_hudson,Tanner Hudson,TE,,2023,0,UNK
,,,,,0.0,godwin_igwebuike,Godwin Igwebuike,RB,,2023,0,UNK
,,,,,0.0,andre_chachere,Andre Chachere,DB,,2023,0,UNK
,,,,,0.0,mike_ford,Mike Ford,DB,,2023,0,UNK
,,,,,40.1,brandon_powell,Brandon Powell,WR,,2023,0,UNK
,,,,,0.0,matt_dickerson,Matt Dickerson,DE,,2023,0,UNK
,,,,,0.0,aaron_stinnie,Aaron Stinnie,G,,2023,0,UNK
,,,,,0.0,tremaine_edmunds,Tremaine Edmunds,MLB,,2023,0,UNK
,,,,,0.0,leighton_vander_esch,Leighton Vander Esch,OLB,,2023,0,UNK
,,,,,0.0,jessie_bates,Jessie Bates,FS,,2023,0,UNK
,,,,,0.0,justin_jones,Justin Jones,DT,,2023,0,UNK
,,,,,0.0,alex_cappa,Alex Cappa,G,,2023,0,UNK
,,,,,25.700000000000003,chase_edmonds,Chase Edmonds,RB,,2023,0,UNK
,,,,,0.0,robert_spillane,Robert Spillane,LB,,2023,0,UNK
,,,,,0.0,corey_bojorquez,Corey Bojorquez,P,,2023,0,UNK
,,,,,0.0,nick_thurman,Nick Thurman,DE,,2023,0,UNK
,,,,,0.0,dallin_leavitt,Dallin Leavitt,DB,,2023,0,UNK
,,,,,0.0,jaire_alexander,Jaire Alexander,CB,,2023,0,UNK
,,,,,0.0,rashaan_evans,Rashaan Evans,ILB,,2023,0,UNK
,,,,,0.0,tracy_walker_iii,Tracy Walker III,DB,,2023,0,UNK
,,,,,0.0,maurice_hurst,Maurice Hurst,DT,,2023,0,UNK
114.0,,,114,10,3.8000000000000003,rashaad_penny,Rashaad Penny,RB,,2023,0,UNK
,,,,,0.0,orlando_brown,Orlando Brown,OT,,2023,0,UNK
181.0,,,181,16,90.4,mark_andrews,Mark Andrews,TE,,2023,0,UNK
,,,,,0.0,oren_burks,Oren Burks,ILB,,2023,0,UNK
,,,,,0.0,tre_flowers,Tre Flowers,CB,,2023,0,UNK
,,,,,0.0,kolton_miller,Kolton Miller,OT,,2023,0,UNK
,,,,,0.0,nathan_shepherd,Nathan Shepherd,DE,,2023,0,UNK
,,,,,53.800000000000004,michael_gallup,Michael Gallup,WR,,2023,0,UNK
,,,,,0.0,chukwuma_okorafor,Chukwuma Okorafor,OT,,2023,0,UNK
,,,,,0.0,demarquis_gates,DeMarquis Gates,LB,,2023,0,UNK
,,,,,39.56,mason_rudolph,Mason Rudolph,QB,,2023,0,UNK
,,,,,0.0,vita_vea,Vita Vea,DT,,2023,0,UNK
59.0,,,59,5,93.26,christian_kirk,Christian Kirk,WR,,2023,0,UNK
,,,,,80.5,dj_chark,DJ Chark,WR,,2023,0,UNK
,,,,,0.0,carlton_davis_iii,Carlton Davis III,CB,,2023,0,UNK
,,,,,0.0,ronnie_harrison,Ronnie Harrison,LB,,2023,0,UNK
,,,,,0.0,isaac_yiadom,Isaac Yiadom,CB,,2023,0,UNK
,,,,,0.0,harrison_phillips,Harrison Phillips,DT,,2023,0,UNK
,,,,,0.0,mason_cole,Mason Cole,C,,2023,0,UNK
,,,,,0.0,chris_board,Chris Board,LB,,2023,0,UNK
,,,,,0.0,minkah_fitzpatrick,Minkah Fitzpatrick,FS,,2023,0,UNK
,,,,,0.0,derwin_james,Derwin James,FS,,2023,0,UNK
12.0,,,12,1,19.1,nick_chubb,Nick Chubb,RB,,2023,0,UNK
165.0,,,165,14,0.0,jason_sanders,Jason Sanders,K,,2023,0,UNK
5.0,,,5,1,331.22,lamar_jackson,Lamar Jackson,QB,,2023,0,UNK
,,,,,0.0,jerome_baker,Jerome Baker,OLB,,2023,0,UNK
,,,,,36.6,durham_smythe,Durham Smythe,TE,,2023,0,UNK
,,,,,0.0,b.j._hill,B.J. Hill,DE,,2023,0,UNK
,,,,,0.0,josh_woods,Josh Woods,LB,,2023,0,UNK
,,,,,0.0,joe_noteboom,Joe Noteboom,OT,,2023,0,UNK
,,,,,0.0,john_franklin-myers,John Franklin-Myers,DE,,2023,0,UNK
,,,,,0.0,ogbo_okoronkwo,Ogbo Okoronkwo,DE,,2023,0,UNK
,,,,,0.0,sebastian_joseph-day,Sebastian Joseph-Day,DT,,2023,0,UNK
,,,,,0.0,fred_warner,Fred Warner,MLB,,2023,0,UNK
,,,,,0.0,geron_christian,Geron Christian,OT,,2023,0,UNK
,,,,,0.0,derrick_nnadi,Derrick Nnadi,NT,,2023,0,UNK
,,,,,0.0,arden_key,Arden Key,DE,,2023,0,UNK
32.0,,,32,3,190.5,dj_moore,DJ Moore,WR,,2023,0,UNK
,,,,,0.0,harold_landry_iii,Harold Landry III,LB,,2023,0,UNK
,,,,,36.400000000000006,mike_gesicki,Mike Gesicki,TE,,2023,0,UNK
,,,,,24.400000000000002,hayden_hurst,Hayden Hurst,TE,,2023,0,UNK
,,,,,0.0,rasheem_green,Rasheem Green,DE,,2023,0,UNK
,,,,,0.0,bradley_chubb,Bradley Chubb,OLB,,2023,0,UNK
,,,,,0.0,isaiah_wynn,Isaiah Wynn,G,,2023,0,UNK
,,,,,0.0,sam_hubbard,Sam Hubbard,DE,,2023,0,UNK
,,,,,0.0,malik_jefferson,Malik Jefferson,LB,,2023,0,UNK
,,,,,0.0,braden_smith,Braden Smith,OT,,2023,0,UNK
19.0,,,19,2,153.9,calvin_ridley,Calvin Ridley,WR,,2023,0,UNK
,,,,,45.2,royce_freeman,Royce Freeman,RB,,2023,0,UNK
,,,,,0.0,taven_bryan,Taven Bryan,DT,,2023,0,UNK
,,,,,0.0,mike_hughes,Mike Hughes,CB,,2023,0,UNK
17.0,,,17,2,182.2,saquon_barkley,Saquon Barkley,RB,,2023,0,UNK
,,,,,0.0,shaquille_leonard,Shaquille Leonard,OLB,,2023,0,UNK
,,,,,0.0,mike_mcglinchey,Mike McGlinchey,OT,,2023,0,UNK
,,,,,23.200000000000003,khadarel_hodge,KhaDarel Hodge,WR,,2023,0,UNK
,,,,,274.06,baker_mayfield,Baker Mayfield,QB,,2023,0,UNK
,,,,,0.0,denzel_ward,Denzel Ward,CB,,2023,0,UNK
4.0,,,4,1,392.64,josh_allen,Josh Allen,QB,,2023,0,UNK
,,,,,0.0,terrell_edmunds,Terrell Edmunds,S,,2023,0,UNK
,,,,,23.380000000000003,sam_darnold,Sam Darnold,QB,,2023,0,UNK
,,,,,0.0,roquan_smith,Roquan Smith,ILB,,2023,0,UNK
,,,,,0.0,sam_eguavoen,Sam Eguavoen,LB,,2023,0,UNK
,,,,,0.0,tevaughn_campbell,Tevaughn Campbell,DB,,2023,0,UNK
,,,,,2.6,steven_sims,Steven Sims,WR,,2023,0,UNK
,,,,,0.0,quinn_bailey,Quinn Bailey,OT,,2023,0,UNK
,,,,,0.0,mitch_wishnowsky,Mitch Wishnowsky,P,,2023,0,UNK
,,,,,0.0,malik_reed,Malik Reed,LB,,2023,0,UNK
,,,,,4.78,brett_rypien,Brett Rypien,QB,,2023,0,UNK
,,,,,0.0,calvin_anderson,Calvin Anderson,OT,,2023,0,UNK
,,,,,27.8,andrew_beck,Andrew Beck,FB,,2023,0,UNK
107.0,,,107,9,147.58,jakobi_meyers,Jakobi Meyers,WR,,2023,0,UNK
,,,,,0.0,d'angelo_ross,D'Angelo Ross,CB,,2023,0,UNK
,,,,,0.0,rashan_gary,Rashan Gary,LB,,2023,0,UNK
,,,,,0.0,darnell_savage,Darnell Savage,DB,,2023,0,UNK
,,,,,15.5,irv_smith,Irv Smith,TE,,2023,0,UNK
33.0,,,33,3,103.2,alexander_mattison,Alexander Mattison,RB,,2023,0,UNK
,,,,,0.0,maxx_crosby,Maxx Crosby,DE,,2023,0,UNK
,,,,,0.0,julian_love,Julian Love,SAF,,2023,0,UNK
,,,,,81.30000000000001,justice_hill,Justice Hill,RB,,2023,0,UNK
,,,,,0.0,ben_powers,Ben Powers,G,,2023,0,UNK
,,,,,25.3,foster_moreau,Foster Moreau,TE,,2023,0,UNK
,,,,,0.0,dre_greenlaw,Dre Greenlaw,LB,,2023,0,UNK
164.0,,,164,14,23.5,hunter_renfrow,Hunter Renfrow,WR,,2023,0,UNK
,,,,,0.0,e.j._speed,E.J. Speed,LB,,2023,0,UNK
,,,,,0.0,ka'dar_hollman,Ka'dar Hollman,CB,,2023,0,UNK
,,,,,0.0,armon_watts,Armon Watts,DT,,2023,0,UNK
,,,,,0.0,marcus_epps,Marcus Epps,SAF,,2023,0,UNK
,,,,,0.0,ty_summers,Ty Summers,LB,,2023,0,UNK
,,,,,0.0,demetrius_flannigan-fowles,Demetrius Flannigan-Fowles,LB,,2023,0,UNK
,,,,,0.0,kevin_givens,Kevin Givens,DT,,2023,0,UNK
,,,,,0.0,jamie_gillan,Jamie Gillan,P,,2023,0,UNK
,,,,,11.600000000000001,d.j._montgomery,D.J. Montgomery,WR,,2023,0,UNK
,,,,,0.0,sam_mustipher,Sam Mustipher,C,,2023,0,UNK
,,,,,0.0,jonathan_harris,Jonathan Harris,DT,,2023,0,UNK
,,,,,0.0,curtis_bolton,Curtis Bolton,LB,,2023,0,UNK
,,,,,0.0,yosh_nijman,Yosh Nijman,OT,,2023,0,UNK
,,,,,0.0,micah_abernathy,Micah Abernathy,DB,,2023,0,UNK
,,,,,2.8000000000000003,khari_blasingame,Khari Blasingame,FB,,2023,0,UNK
,,,,,143.44,jake_browning,Jake Browning,QB,,2023,0,UNK
,,,,,0.0,patrick_mekari,Patrick Mekari,OT,,2023,0,UNK
,,,,,0.0,lester_cotton,Lester Cotton,G,,2023,0,UNK
,,,,,3.3000000000000003,keelan_doss,Keelan Doss,WR,,2023,0,UNK
,,,,,11.9,alec_ingold,Alec Ingold,FB,,2023,0,UNK
,,,,,0.0,andre_james,Andre James,OT,,2023,0,UNK
,,,,,1.1,keisean_nixon,Keisean Nixon,DB,,2023,0,UNK
,,,,,12.700000000000001,mecole_hardman,Mecole Hardman,WR,,2023,0,UNK
,,,,,0.0,phil_haynes,Phil Haynes,G,,2023,0,UNK
,,,,,0.0,ugo_amadi,Ugo Amadi,CB,,2023,0,UNK
,,,,,0.0,mack_wilson,Mack Wilson,LB,,2023,0,UNK
,,,,,0.0,austin_seibert,Austin Seibert,K,,2023,0,UNK
,,,,,0.0,kris_boyd,Kris Boyd,CB,,2023,0,UNK
,,,,,0.0,jack_fox,Jack Fox,P,,2023,0,UNK
,,,,,1.0,cody_thompson,Cody Thompson,WR,,2023,0,UNK
,,,,,0.0,azeez_al-shaair,Azeez Al-Shaair,LB,,2023,0,UNK
,,,,,1.3,devine_ozigbo,Devine Ozigbo,RB,,2023,0,UNK
,,,,,0.0,matthew_wright,Matthew Wright,K,,2023,0,UNK
,,,,,0.0,aj_cole,AJ Cole,P,,2023,0,UNK
,,,,,0.0,joey_slye,Joey Slye,K,,2023,0,UNK
,,,,,0.0,del'shawn_phillips,Del'Shawn Phillips,LB,,2023,0,UNK
,,,,,28.400000000000002,olamide_zaccheaus,Olamide Zaccheaus,WR,,2023,0,UNK
,,,,,27.0,deonte_harty,Deonte Harty,WR,,2023,0,UNK
37.0,,,37,4,101.7,diontae_johnson,Diontae Johnson,WR,,2023,0,UNK
,,,,,0.0,isaiah_buggs,Isaiah Buggs,DT,,2023,0,UNK
,,,,,0.0,p.j._locke,P.J. Locke,DB,,2023,0,UNK
115.0,,,115,10,146.36,kyler_murray,Kyler Murray,QB,,2023,0,UNK
52.0,,,52,5,124.0,t.j._hockenson,T.J. Hockenson,TE,,2023,0,UNK
,,,,,0.0,ed_oliver,Ed Oliver,DT,,2023,0,UNK
,,,,,0.0,christian_wilkins,Christian Wilkins,DT,,2023,0,UNK
,,,,,0.0,andre_dillard,Andre Dillard,OT,,2023,0,UNK
,,,,,0.0,tytus_howard,Tytus Howard,OT,,2023,0,UNK
,,,,,0.0,kaleb_mcgary,Kaleb McGary,OT,,2023,0,UNK
,,,,,0.0,byron_murphy,Byron Murphy,CB,,2023,0,UNK
,,,,,0.0,jawaan_taylor,Jawaan Taylor,OT,,2023,0,UNK
,,,,,0.0,sean_murphy-bunting,Sean Murphy-Bunting,CB,,2023,0,UNK
,,,,,0.0,jahlani_tavai,Jahlani Tavai,LB,,2023,0,UNK
,,,,,0.0,joejuan_williams,Joejuan Williams,CB,,2023,0,UNK
,,,,,0.0,erik_mccoy,Erik McCoy,C,,2023,0,UNK
41.0,,,41,4,60.599999999999994,miles_sanders,Miles Sanders,RB,,2023,0,UNK
,,,,,0.0,lonnie_johnson,Lonnie Johnson,SAF,,2023,0,UNK
,,,,,0.0,zach_allen,Zach Allen,DE,,2023,0,UNK
,,,,,31.299999999999997,josh_oliver,Josh Oliver,TE,,2023,0,UNK
,,,,,137.34,devin_singletary,Devin Singletary,RB,,2023,0,UNK
,,,,,0.0,c.j._gardner-johnson,C.J. Gardner-Johnson,SAF,,2023,0,UNK
,,,,,0.0,anthony_nelson,Anthony Nelson,LB,,2023,0,UNK
,,,,,0.0,kendall_sheffield,Kendall Sheffield,DB,,2023,0,UNK
,,,,,0.0,hjalte_froholdt,Hjalte Froholdt,G,,2023,0,UNK
,,,,,2.1,trevon_wesco,Trevon Wesco,TE,,2023,0,UNK
189.0,,,189,16,167.6,tony_pollard,Tony Pollard,RB,,2023,0,UNK
,,,,,0.0,drue_tranquill,Drue Tranquill,LB,,2023,0,UNK
,,,,,26.64,jarrett_stidham,Jarrett Stidham,QB,,2023,0,UNK
,,,,,0.0,john_cominsky,John Cominsky,DE,,2023,0,UNK
,,,,,0.0,matt_gay,Matt Gay,K,,2023,0,UNK
,,,,,0.0,andrew_van_ginkel,Andrew Van Ginkel,OLB,,2023,0,UNK
,,,,,0.0,blake_cashman,Blake Cashman,LB,,2023,0,UNK
,,,,,0.0,mike_jackson,Mike Jackson,CB,,2023,0,UNK
,,,,,0.0,charles_omenihu,Charles Omenihu,DE,,2023,0,UNK
,,,,,0.0,jake_bailey,Jake Bailey,P,,2023,0,UNK
,,,,,67.56,easton_stick,Easton Stick,QB,,2023,0,UNK
,,,,,0.0,cole_holcomb,Cole Holcomb,LB,,2023,0,UNK
,,,,,196.2,gardner_minshew,Gardner Minshew,QB,,2023,0,UNK
,,,,,7.9,trayveon_williams,Trayveon Williams,RB,,2023,0,UNK
,,,,,0.0,david_long_jr.,David Long Jr.,ILB,,2023,0,UNK
,,,,,28.1,scott_miller,Scott Miller,WR,,2023,0,UNK
,,,,,0.0,donovan_wilson,Donovan Wilson,SAF,,2023,0,UNK
,,,,,0.0,kaden_elliss,Kaden Elliss,LB,,2023,0,UNK
,,,,,0.0,matt_nelson,Matt Nelson,OT,,2023,0,UNK
,,,,,52.5,donald_parham,Donald Parham,TE,,2023,0,UNK
,,,,,0.0,anthony_pittman,Anthony Pittman,LB,,2023,0,UNK
,,,,,0.0,kevin_strong,Kevin Strong,DT,,2023,0,UNK
,,,,,37.6,trenton_irwin,Trenton Irwin,WR,,2023,0,UNK
,,,,,0.0,jonathan_ledbetter,Jonathan Ledbetter,DE,,2023,0,UNK
,,,,,0.0,nik_needham,Nik Needham,DB,,2023,0,UNK
,,,,,0.0,tyrel_dodson,Tyrel Dodson,LB,,2023,0,UNK
,,,,,0.0,blake_hance,Blake Hance,OL,,2023,0,UNK
,,,,,0.0,cam_lewis,Cam Lewis,CB,,2023,0,UNK
,,,,,0.0,chase_mclaughlin,Chase McLaughlin,K,,2023,0,UNK
,,,,,0.0,tae_hayes,Tae Hayes,DB,,2023,0,UNK
,,,,,0.0,andrew_wingard,Andrew Wingard,SAF,,2023,0,UNK
,,,,,0.0,sua_opeta,Sua Opeta,G,,2023,0,UNK
,,,,,0.0,t.j._edwards,T.J. Edwards,LB,,2023,0,UNK
,,,,,0.0,stanley_morgan,Stanley Morgan,WR,,2023,0,UNK
,,,,,0.0,carl_granderson,Carl Granderson,DE,,2023,0,UNK
,,,,,34.2,lil'jordan_humphrey,Lil'Jordan Humphrey,WR,,2023,0,UNK
,,,,,0.0,shy_tuttle,Shy Tuttle,DT,,2023,0,UNK
,,,,,0.0,luke_gifford,Luke Gifford,LB,,2023,0,UNK
,,,,,14.9,jalen_guyton,Jalen Guyton,WR,,2023,0,UNK
,,,,,0.0,roderic_teamer,Roderic Teamer,DB,,2023,0,UNK
,,,,,0.0,jordan_kunaszyk,Jordan Kunaszyk,ILB,,2023,0,UNK
,,,,,0.0,albert_huggins,Albert Huggins,DT,,2023,0,UNK
,,,,,1.3,malik_taylor,Malik Taylor,WR,,2023,0,UNK
,,,,,40.5,greg_dortch,Greg Dortch,WR,,2023,0,UNK
,,,,,0.0,kyle_phillips,Kyle Phillips,DE,,2023,0,UNK
,,,,,0.0,devin_bush,Devin Bush,LB,,2023,0,UNK
,,,,,0.0,elgton_jenkins,Elgton Jenkins,C,,2023,0,UNK
,,,,,0.0,andy_isabella,Andy Isabella,WR,,2023,0,UNK
,,,,,0.0,austin_bryant,Austin Bryant,DE,,2023,0,UNK
,,,,,101.0,darius_slayton,Darius Slayton,WR,,2023,0,UNK
,,,,,25.400000000000002,ty_johnson,Ty Johnson,RB,,2023,0,UNK
,,,,,0.0,michael_dogbe,Michael Dogbe,DE,,2023,0,UNK
,,,,,0.4,jesper_horsted,Jesper Horsted,TE,,2023,0,UNK
,,,,,26.6,craig_reynolds,Craig Reynolds,RB,,2023,0,UNK
,,,,,0.0,parker_hesse,Parker Hesse,TE,,2023,0,UNK
,,,,,0.0,garrett_bradbury,Garrett Bradbury,C,,2023,0,UNK
,,,,,0.0,justin_hollins,Justin Hollins,LB,,2023,0,UNK
,,,,,0.0,juwann_winfree,Juwann Winfree,WR,,2023,0,UNK
,,,,,0.0,travis_homer,Travis Homer,RB,,2023,0,UNK
,,,,,0.0,marquise_copeland,Marquise Copeland,DT,,2023,0,UNK
,,,,,0.0,troy_reeder,Troy Reeder,LB,,2023,0,UNK
,,,,,0.0,juan_thornhill,Juan Thornhill,SAF,,2023,0,UNK
,,,,,24.8,d'ernest_johnson,D'Ernest Johnson,RB,,2023,0,UNK
,,,,,0.0,jonah_williams,Jonah Williams,DE,,2023,0,UNK
,,,,,0.0,chris_lindstrom,Chris Lindstrom,G,,2023,0,UNK
,,,,,28.3,drew_sample,Drew Sample,TE,,2023,0,UNK
,,,,,0.2,amani_hooker,Amani Hooker,SAF,,2023,0,UNK
,,,,,0.0,corey_ballentine,Corey Ballentine,DB,,2023,0,UNK
,,,,,0.0,l.j._collier,L.J. Collier,DE,,2023,0,UNK
,,,,,0.0,rock_ya-sin,Rock Ya-Sin,CB,,2023,0,UNK
,,,,,10.4,parris_campbell,Parris Campbell,WR,,2023,0,UNK
22.0,,,22,2,159.4,dk_metcalf,DK Metcalf,WR,,2023,0,UNK
,,,,,0.0,josh_hines-allen,Josh Hines-Allen,DE,,2023,0,UNK
,,,,,6.2,jeffery_simmons,Jeffery Simmons,DT,,2023,0,UNK
,,,,,41.400000000000006,noah_fant,Noah Fant,TE,,2023,0,UNK
,,,,,4.0,gunner_olszewski,Gunner Olszewski,WR,,2023,0,UNK
,,,,,0.0,sione_takitaki,Sione Takitaki,LB,,2023,0,UNK
,,,,,0.0,montez_sweat,Montez Sweat,DE,,2023,0,UNK
,,,,,0.0,nate_davis,Nate Davis,G,,2023,0,UNK
,,,,,0.0,chase_winovich,Chase Winovich,DE,,2023,0,UNK
,,,,,0.0,will_harris,Will Harris,SAF,,2023,0,UNK
,,,,,0.0,khalen_saunders,Khalen Saunders,DT,,2023,0,UNK
162.0,,,162,14,17.0,damien_harris,Damien Harris,RB,,2023,0,UNK
44.0,,,44,4,124.2,terry_mclaurin,Terry McLaurin,WR,,2023,0,UNK
,,,,,83.7,marquise_brown,Marquise Brown,WR,,2023,0,UNK
,,,,,0.0,taylor_rapp,Taylor Rapp,SAF,,2023,0,UNK
,,,,,33.5,darrell_henderson,Darrell Henderson,RB,,2023,0,UNK
,,,,,0.0,david_long,David Long,DB,,2023,0,UNK
,,,,,0.0,greg_gaines,Greg Gaines,DT,,2023,0,UNK
,,,,,0.0,david_edwards,David Edwards,OT,,2023,0,UNK
,,,,,0.0,nick_scott,Nick Scott,SAF,,2023,0,UNK
,,,,,0.0,cody_barton,Cody Barton,LB,,2023,0,UNK
,,,,,0.0,jerry_tillery,Jerry Tillery,DT,,2023,0,UNK
13.0,,,13,2,183.6,a.j._brown,A.J. Brown,WR,,2023,0,UNK
,,,,,0.0,dre'mont_jones,Dre'Mont Jones,DE,,2023,0,UNK
,,,,,0.0,quincy_williams,Quincy Williams,LB,,2023,0,UNK
,,,,,0.0,mike_edwards,Mike Edwards,SAF,,2023,0,UNK
,,,,,0.0,dexter_lawrence,Dexter Lawrence,DT,,2023,0,UNK
62.0,,,62,6,191.2,david_montgomery,David Montgomery,RB,,2023,0,UNK
,,,,,0.0,michael_deiter,Michael Deiter,C,,2023,0,UNK
,,,,,0.0,bobby_okereke,Bobby Okereke,ILB,,2023,0,UNK
,,,,,2.0,trey_pipkins,Trey Pipkins,OT,,2023,0,UNK
,,,,,32.6,dawson_knox,Dawson Knox,TE,,2023,0,UNK
,,,,,0.0,clelin_ferrell,Clelin Ferrell,DE,,2023,0,UNK
,,,,,0.0,johnathan_abram,Johnathan Abram,DB,,2023,0,UNK
,,,,,0.0,duke_shelley,Duke Shelley,CB,,2023,0,UNK
,,,,,0.0,germaine_pratt,Germaine Pratt,LB,,2023,0,UNK
,,,,,0.0,chuma_edoga,Chuma Edoga,OT,,2023,0,UNK
,,,,,0.0,jamel_dean,Jamel Dean,CB,,2023,0,UNK
188.0,,,188,16,144.10000000000002,josh_jacobs,Josh Jacobs,RB,,2023,0,UNK
,,,,,0.0,dalton_risner,Dalton Risner,G,,2023,0,UNK
,,,,,1.7000000000000002,miles_boykin,Miles Boykin,WR,,2023,0,UNK
,,,,,29.119999999999997,drew_lock,Drew Lock,QB,,2023,0,UNK
,,,,,0.0,jalen_thompson,Jalen Thompson,DB,,2023,0,UNK
,,,,,0.0,devin_white,Devin White,LB,,2023,0,UNK
,,,,,0.0,oshane_ximines,Oshane Ximines,LB,,2023,0,UNK
174.0,,,174,15,56.96,daniel_jones,Daniel Jones,QB,,2023,0,UNK
,,,,,0.0,brian_burns,Brian Burns,LB,,2023,0,UNK
,,,,,2.6,derrick_gore,Derrick Gore,RB,,2023,0,UNK
,,,,,0.0,nick_bosa,Nick Bosa,DE,,2023,0,UNK
,,,,,0.0,quinnen_williams,Quinnen Williams,DT,,2023,0,UNK
,,,,,183.7,deebo_samuel_sr.,Deebo Samuel Sr.,WR,,2023,0,UNK
,,,,,1.2000000000000002,jakob_johnson,Jakob Johnson,RB,,2023,0,UNK
,,,,,0.0,brett_toth,Brett Toth,G,,2023,0,UNK
,,,,,0.0,jacob_bobenmoyer,Jacob Bobenmoyer,LS,,2023,0,UNK
,,,,,0.0,malcolm_roach,Malcolm Roach,DT,,2023,0,UNK
,,,,,0.0,calvin_throckmorton,Calvin Throckmorton,OT,,2023,0,UNK
,,,,,5.6000000000000005,mitchell_wilcox,Mitchell Wilcox,TE,,2023,0,UNK
,,,,,0.0,tyler_hall,Tyler Hall,CB,,2023,0,UNK
,,,,,0.0,james_pierre,James Pierre,CB,,2023,0,UNK
,,,,,0.0,jamycal_hasty,JaMycal Hasty,RB,,2023,0,UNK
,,,,,0.0,ross_matiscik,Ross Matiscik,LS,,2023,0,UNK
,,,,,0.0,james_robinson,James Robinson,RB,,2023,0,UNK
,,,,,0.0,benito_jones,Benito Jones,DT,,2023,0,UNK
,,,,,0.0,carter_o'donnell,Carter O'Donnell,G,,2023,0,UNK
,,,,,1.0,blake_gillikin,Blake Gillikin,P,,2023,0,UNK
,,,,,25.200000000000003,tony_jones,Tony Jones,RB,,2023,0,UNK
,,,,,0.0,essang_bassey,Essang Bassey,DB,,2023,0,UNK
,,,,,0.0,andre_baccellia,Andre Baccellia,WR,,2023,0,UNK
,,,,,0.44,tommy_townsend,Tommy Townsend,P,,2023,0,UNK
,,,,,0.0,tershawn_wharton,Tershawn Wharton,DE,,2023,0,UNK
,,,,,0.0,joe_bachie,Joe Bachie,LB,,2023,0,UNK
,,,,,0.0,joe_gaziano,Joe Gaziano,DE,,2023,0,UNK
,,,,,0.0,t.j._smith,T.J. Smith,DT,,2023,0,UNK
,,,,,1.1,jonathan_ward,Jonathan Ward,RB,,2023,0,UNK
,,,,,0.0,eric_banks,Eric Banks,DT,,2023,0,UNK
,,,,,0.0,michael_hoecht,Michael Hoecht,LB,,2023,0,UNK
,,,,,2.9,trishton_jackson,Trishton Jackson,WR,,2023,0,UNK
,,,,,0.0,christian_rozeboom,Christian Rozeboom,LB,,2023,0,UNK
,,,,,0.0,myles_adams,Myles Adams,DT,,2023,0,UNK
,,,,,0.2,giovanni_ricci,Giovanni Ricci,TE,,2023,0,UNK
,,,,,0.0,krys_barnes,Krys Barnes,LB,,2023,0,UNK
,,,,,19.0,patrick_taylor,Patrick Taylor,RB,,2023,0,UNK
,,,,,0.0,dan_chisena,Dan Chisena,WR,,2023,0,UNK
,,,,,0.0,blake_lynch,Blake Lynch,LB,,2023,0,UNK
,,,,,25.62,tyler_huntley,Tyler Huntley,QB,,2023,0,UNK
,,,,,0.0,grayland_arnold,Grayland Arnold,SAF,,2023,0,UNK
,,,,,0.0,elijah_riley,Elijah Riley,DB,,2023,0,UNK
,,,,,0.0,bobby_price,Bobby Price,DB,,2023,0,UNK
,,,,,0.0,arryn_siposs,Arryn Siposs,P,,2023,0,UNK
,,,,,26.9,salvon_ahmed,Salvon Ahmed,RB,,2023,0,UNK
,,,,,0.0,sean_mckeon,Sean McKeon,TE,,2023,0,UNK
,,,,,0.0,terence_steele,Terence Steele,OT,,2023,0,UNK
,,,,,0.0,sam_franklin_jr.,Sam Franklin Jr.,SAF,,2023,0,UNK
,,,,,60.800000000000004,juwan_johnson,Juwan Johnson,TE,,2023,0,UNK
,,,,,0.0,jace_whittaker,Jace Whittaker,CB,,2023,0,UNK
,,,,,0.0,cam_gill,Cam Gill,LB,,2023,0,UNK
,,,,,0.0,benning_potoa'e,Benning Potoa'e,DE,,2023,0,UNK
,,,,,0.0,broderick_washington,Broderick Washington,DT,,2023,0,UNK
,,,,,0.0,liam_mccullough,Liam McCullough,LS,,2023,0,UNK
,,,,,0.0,myles_bryant,Myles Bryant,CB,,2023,0,UNK
,,,,,0.0,de'jon_harris,De'Jon Harris,LB,,2023,0,UNK
,,,,,0.0,nick_leverett,Nick Leverett,G,,2023,0,UNK
,,,,,0.0,a.j._green,A.J. Green,CB,,2023,0,UNK
,,,,,3.1,khalil_dorsey,Khalil Dorsey,CB,,2023,0,UNK
,,,,,0.0,nnamdi_madubuike,Nnamdi Madubuike,DT,,2023,0,UNK
,,,,,0.0,ben_bredeson,Ben Bredeson,G,,2023,0,UNK
,,,,,0.0,james_proche,James Proche,WR,,2023,0,UNK
,,,,,74.5,rico_dowdle,Rico Dowdle,RB,,2023,0,UNK
,,,,,9.6,lawrence_cager,Lawrence Cager,TE,,2023,0,UNK
,,,,,0.0,shyheim_carter,Shyheim Carter,SAF,,2023,0,UNK
,,,,,0.0,bryce_huff,Bryce Huff,DE,,2023,0,UNK
,,,,,0.0,kristian_welch,Kristian Welch,LB,,2023,0,UNK
45.0,,,45,4,9.7,j.k._dobbins,J.K. Dobbins,RB,,2023,0,UNK
,,,,,0.0,joshua_uche,Joshua Uche,LB,,2023,0,UNK
158.0,,,158,14,0.0,tyler_bass,Tyler Bass,K,,2023,0,UNK
,,,,,39.0,isaiah_hodgins,Isaiah Hodgins,WR,,2023,0,UNK
,,,,,0.0,dane_jackson,Dane Jackson,CB,,2023,0,UNK
,,,,,0.0,aaron_brewer,Aaron Brewer,C,,2023,0,UNK
,,,,,0.6000000000000001,mason_kinsey,Mason Kinsey,WR,,2023,0,UNK
,,,,,0.0,teair_tart,Teair Tart,DT,,2023,0,UNK
,,,,,57.0,nick_westbrook-ikhine,Nick Westbrook-Ikhine,WR,,2023,0,UNK
,,,,,0.30000000000000004,reggie_gilliam,Reggie Gilliam,RB,,2023,0,UNK
,,,,,0.0,a.j._epenesa,A.J. Epenesa,DE,,2023,0,UNK
,,,,,0.0,anfernee_jennings,Anfernee Jennings,LB,,2023,0,UNK
,,,,,0.0,charlie_heck,Charlie Heck,OT,,2023,0,UNK
79.0,,,79,7,116.4,gabe_davis,Gabe Davis,WR,,2023,0,UNK
,,,,,0.0,mike_onwenu,Mike Onwenu,G,,2023,0,UNK
,,,,,0.0,geno_stone,Geno Stone,SAF,,2023,0,UNK
,,,,,0.0,lacale_london,LaCale London,DE,,2023,0,UNK
184.0,,,184,16,270.36,tua_tagovailoa,Tua Tagovailoa,QB,,2023,0,UNK
,,,,,0.0,raekwon_davis,Raekwon Davis,DT,,2023,0,UNK
,,,,,0.0,tyre_phillips,Tyre Phillips,G,,2023,0,UNK
,,,,,0.0,blake_ferguson,Blake Ferguson,LS,,2023,0,UNK
,,,,,0.0,derrick_brown,Derrick Brown,DT,,2023,0,UNK
,,,,,0.0,brandon_jones,Brandon Jones,SAF,,2023,0,UNK
31.0,,,31,3,137.4,jonathan_taylor,Jonathan Taylor,RB,,2023,0,UNK
,,,,,0.0,jonathan_greenard,Jonathan Greenard,LB,,2023,0,UNK
,,,,,0.0,kyle_dugger,Kyle Dugger,SAF,,2023,0,UNK
,,,,,24.9,harrison_bryant,Harrison Bryant,TE,,2023,0,UNK
,,,,,15.5,donovan_peoples-jones,Donovan Peoples-Jones,WR,,2023,0,UNK
,,,,,0.0,shaquille_quarterman,Shaquille Quarterman,LB,,2023,0,UNK
,,,,,0.0,nick_harris,Nick Harris,C,,2023,0,UNK
,,,,,0.0,larrell_murchison,Larrell Murchison,DT,,2023,0,UNK
,,,,,0.0,bryce_hall,Bryce Hall,CB,,2023,0,UNK
,,,,,36.7,colby_parkinson,Colby Parkinson,TE,,2023,0,UNK
,,,,,0.0,jon_runyan,Jon Runyan,G,,2023,0,UNK
,,,,,0.0,austin_jackson,Austin Jackson,OT,,2023,0,UNK
,,,,,0.0,julian_okwara,Julian Okwara,DE,,2023,0,UNK
,,,,,142.60000000000002,zack_moss,Zack Moss,RB,,2023,0,UNK
,,,,,143.2,michael_pittman,Michael Pittman,WR,,2023,0,UNK
,,,,,0.0,julian_blackmon,Julian Blackmon,SAF,,2023,0,UNK
,,,,,1.1,collin_johnson,Collin Johnson,WR,,2023,0,UNK
,,,,,0.0,colton_mckivitz,Colton McKivitz,OT,,2023,0,UNK
,,,,,0.0,jonah_jackson,Jonah Jackson,G,,2023,0,UNK
,,,,,32.5,jauan_jennings,Jauan Jennings,WR,,2023,0,UNK
,,,,,0.0,javon_kinlaw,Javon Kinlaw,DT,,2023,0,UNK
47.0,,,47,4,174.20000000000002,brandon_aiyuk,Brandon Aiyuk,WR,,2023,0,UNK
,,,,,0.0,davon_hamilton,DaVon Hamilton,DT,,2023,0,UNK
67.0,,,67,6,319.06,jordan_love,Jordan Love,QB,,2023,0,UNK
77.0,,,77,7,95.60000000000001,aj_dillon,AJ Dillon,RB,,2023,0,UNK
,,,,,0.0,jordan_elliott,Jordan Elliott,DT,,2023,0,UNK
,,,,,0.0,jedrick_wills,Jedrick Wills,OT,,2023,0,UNK
,,,,,11.5,laviska_shenault_jr.,Laviska Shenault Jr.,WR,,2023,0,UNK
,,,,,11.0,la'mical_perine,La'Mical Perine,RB,,2023,0,UNK
,,,,,20.200000000000003,quez_watkins,Quez Watkins,WR,,2023,0,UNK
,,,,,0.0,ben_bartch,Ben Bartch,OT,,2023,0,UNK
,,,,,0.0,jake_hanson,Jake Hanson,C,,2023,0,UNK
,,,,,0.0,jeff_okudah,Jeff Okudah,CB,,2023,0,UNK
66.0,,,66,6,160.3,d'andre_swift,D'Andre Swift,RB,,2023,0,UNK
,,,,,0.0,malik_harrison,Malik Harrison,LB,,2023,0,UNK
,,,,,0.0,c.j._henderson,C.J. Henderson,CB,,2023,0,UNK
,,,,,0.0,grant_delpit,Grant Delpit,SAF,,2023,0,UNK
,,,,,0.0,mekhi_becton,Mekhi Becton,G,,2023,0,UNK
,,,,,0.0,a.j._terrell,A.J. Terrell,CB,,2023,0,UNK
,,,,,0.0,k'lavon_chaisson,K'Lavon Chaisson,LB,,2023,0,UNK
,,,,,6.0,noah_igbinoghene,Noah Igbinoghene,CB,,2023,0,UNK
,,,,,0.0,yetur_gross-matos,Yetur Gross-Matos,DE,,2023,0,UNK
,,,,,0.0,ross_blacklock,Ross Blacklock,DT,,2023,0,UNK
,,,,,108.10000000000001,cole_kmet,Cole Kmet,TE,,2023,0,UNK
,,,,,0.0,marlon_davidson,Marlon Davidson,DE,,2023,0,UNK
,,,,,0.0,jaylon_johnson,Jaylon Johnson,CB,,2023,0,UNK
,,,,,0.0,jeremy_chinn,Jeremy Chinn,SAF,,2023,0,UNK
,,,,,0.0,logan_wilson,Logan Wilson,LB,,2023,0,UNK
,,,,,23.0,darrynton_evans,Darrynton Evans,RB,,2023,0,UNK
,,,,,0.0,akeem_davis-gaither,Akeem Davis-Gaither,LB,,2023,0,UNK
,,,,,0.0,mykal_walker,Mykal Walker,LB,,2023,0,UNK
,,,,,0.0,jaylinn_hawkins,Jaylinn Hawkins,SAF,,2023,0,UNK
,,,,,0.0,josiah_scott,Josiah Scott,CB,,2023,0,UNK
,,,,,0.0,trevis_gipson,Trevis Gipson,LB,,2023,0,UNK
,,,,,0.0,daniel_thomas,Daniel Thomas,SAF,,2023,0,UNK
,,,,,0.0,kindle_vildor,Kindle Vildor,CB,,2023,0,UNK
123.0,,,123,11,47.900000000000006,darnell_mooney,Darnell Mooney,WR,,2023,0,UNK
,,,,,1.12,braden_mann,Braden Mann,P,,2023,0,UNK
,,,,,0.0,markus_bailey,Markus Bailey,LB,,2023,0,UNK
,,,,,0.0,chase_young,Chase Young,DE,,2023,0,UNK
1.0,,,1,1,134.2,justin_jefferson,Justin Jefferson,WR,,2023,0,UNK
,,,,,0.0,patrick_queen,Patrick Queen,LB,,2023,0,UNK
,,,,,0.0,robert_hunt,Robert Hunt,OT,,2023,0,UNK
,,,,,13.7,chase_claypool,Chase Claypool,WR,,2023,0,UNK
,,,,,0.0,ezra_cleveland,Ezra Cleveland,G,,2023,0,UNK
87.0,,,87,8,79.4,antonio_gibson,Antonio Gibson,RB,,2023,0,UNK
,,,,,0.30000000000000004,ashtyn_davis,Ashtyn Davis,SAF,,2023,0,UNK
,,,,,3.3000000000000003,devin_duvernay,Devin Duvernay,WR,,2023,0,UNK
,,,,,6.5,josiah_deguara,Josiah Deguara,TE,,2023,0,UNK
,,,,,0.0,alex_highsmith,Alex Highsmith,LB,,2023,0,UNK
,,,,,0.0,saahdiq_charles,Saahdiq Charles,OT,,2023,0,UNK
,,,,,0.0,d.j._wonnum,D.J. Wonnum,LB,,2023,0,UNK
,,,,,1.1,anthony_mcfarland,Anthony McFarland,RB,,2023,0,UNK
,,,,,0.0,troy_dye,Troy Dye,LB,,2023,0,UNK
,,,,,0.0,kevin_dotson,Kevin Dotson,G,,2023,0,UNK
,,,,,0.0,khalid_kareem,Khalid Kareem,LB,,2023,0,UNK
,,,,,0.0,khaleke_hudson,Khaleke Hudson,LB,,2023,0,UNK
,,,,,72.0,k.j._osborn,K.J. Osborn,WR,,2023,0,UNK
,,,,,0.0,blake_brandel,Blake Brandel,OT,,2023,0,UNK
,,,,,0.0,josh_metellus,Josh Metellus,SAF,,2023,0,UNK
,,,,,0.0,kam_curl,Kam Curl,SAF,,2023,0,UNK
,,,,,0.0,james_smith-williams,James Smith-Williams,DE,,2023,0,UNK
16.0,,,16,2,233.16000000000003,justin_herbert,Justin Herbert,QB,,2023,0,UNK
,,,,,0.0,isaiah_simmons,Isaiah Simmons,SAF,,2023,0,UNK
11.0,,,11,1,268.20000000000005,ceedee_lamb,CeeDee Lamb,WR,,2023,0,UNK
,,,,,53.1,clyde_edwards-helaire,Clyde Edwards-Helaire,RB,,2023,0,UNK
,,,,,0.0,trevon_diggs,Trevon Diggs,CB,,2023,0,UNK
,,,,,0.0,willie_gay_jr.,Willie Gay Jr.,LB,,2023,0,UNK
,,,,,0.0,josh_jones,Josh Jones,OT,,2023,0,UNK
,,,,,11.5,lynn_bowden,Lynn Bowden,WR,,2023,0,UNK
,,,,,0.0,neville_gallimore,Neville Gallimore,DT,,2023,0,UNK
,,,,,0.0,tanner_muse,Tanner Muse,LB,,2023,0,UNK
,,,,,0.0,john_simpson,John Simpson,G,,2023,0,UNK
,,,,,53.7,joshua_kelley,Joshua Kelley,RB,,2023,0,UNK
,,,,,0.0,leki_fotu,Leki Fotu,DT,,2023,0,UNK
,,,,,0.0,l'jarius_sneed,L'Jarius Sneed,SAF,,2023,0,UNK
,,,,,0.0,amik_robertson,Amik Robertson,CB,,2023,0,UNK
,,,,,0.0,tyler_biadasz,Tyler Biadasz,C,,2023,0,UNK
,,,,,0.0,michael_danna,Michael Danna,LB,,2023,0,UNK
,,,,,0.0,alohi_gilman,Alohi Gilman,SAF,,2023,0,UNK
,,,,,0.0,andrew_thomas,Andrew Thomas,OT,,2023,0,UNK
,,,,,21.5,jalen_reagor,Jalen Reagor,WR,,2023,0,UNK
,,,,,0.0,xavier_mckinney,Xavier McKinney,SAF,,2023,0,UNK
186.0,,,186,16,356.82,jalen_hurts,Jalen Hurts,QB,,2023,0,UNK
,,,,,0.0,lloyd_cushenberry_iii,Lloyd Cushenberry III,C,,2023,0,UNK
,,,,,0.0,matt_peart,Matt Peart,OT,,2023,0,UNK
,,,,,0.0,darnay_holmes,Darnay Holmes,CB,,2023,0,UNK
,,,,,0.0,k'von_wallace,K'Von Wallace,SAF,,2023,0,UNK
,,,,,0.0,cameron_brown,Cameron Brown,LB,,2023,0,UNK
,,,,,0.0,carter_coughlin,Carter Coughlin,LB,,2023,0,UNK
,,,,,0.0,casey_toohill,Casey Toohill,DE,,2023,0,UNK
,,,,,0.0,tristan_wirfs,Tristan Wirfs,OT,,2023,0,UNK
171.0,,,171,15,87.8,jerry_jeudy,Jerry Jeudy,WR,,2023,0,UNK
,,,,,0.0,cesar_ruiz,Cesar Ruiz,C,,2023,0,UNK
,,,,,0.0,jordyn_brooks,Jordyn Brooks,LB,,2023,0,UNK
21.0,,,21,2,95.60000000000001,tee_higgins,Tee Higgins,WR,,2023,0,UNK
,,,,,0.0,antoine_winfield_jr.,Antoine Winfield Jr.,SAF,,2023,0,UNK
,,,,,0.0,darrell_taylor,Darrell Taylor,DE,,2023,0,UNK
56.0,,,56,5,35.7,cam_akers,Cam Akers,RB,,2023,0,UNK
133.0,,,133,12,21.3,van_jefferson,Van Jefferson,WR,,2023,0,UNK
,,,,,0.0,kristian_fulton,Kristian Fulton,CB,,2023,0,UNK
,,,,,0.0,damien_lewis,Damien Lewis,G,,2023,0,UNK
,,,,,0.0,zack_baun,Zack Baun,LB,,2023,0,UNK
,,,,,0.0,mctelvin_agim,McTelvin Agim,DT,,2023,0,UNK
,,,,,0.0,terrell_burgess,Terrell Burgess,SAF,,2023,0,UNK
,,,,,38.400000000000006,adam_trautman,Adam Trautman,TE,,2023,0,UNK
,,,,,0.0,albert_okwuegbunam,Albert Okwuegbunam,TE,,2023,0,UNK
,,,,,7.800000000000001,brycen_hopkins,Brycen Hopkins,TE,,2023,0,UNK
,,,,,6.2,deejay_dallas,DeeJay Dallas,RB,,2023,0,UNK
,,,,,6.8,tyler_johnson,Tyler Johnson,WR,,2023,0,UNK
,,,,,0.0,justin_strnad,Justin Strnad,LB,,2023,0,UNK
,,,,,3.2,charlie_woerner,Charlie Woerner,TE,,2023,0,UNK
,,,,,0.0,khalil_davis,Khalil Davis,DT,,2023,0,UNK
,,,,,0.0,jordan_fuller,Jordan Fuller,SAF,,2023,0,UNK
,,,,,0.0,tremayne_anchrum,Tremayne Anchrum,G,,2023,0,UNK
,,,,,12.5,stephen_sullivan,Stephen Sullivan,TE,,2023,0,UNK
,,,,,0.0,"kenneth_murray,_jr.","Kenneth Murray, Jr.",LB,,2023,0,UNK
182.0,,,182,16,147.16000000000003,joe_burrow,Joe Burrow,QB,,2023,0,UNK
,,,,,4.4,ke'shawn_vaughn,Ke'Shawn Vaughn,RB,,2023,0,UNK
,,,,,0.0,innis_gaines,Innis Gaines,SAF,,2023,0,UNK
,,,,,0.0,matt_ammendola,Matt Ammendola,K,,2023,0,UNK
,,,,,0.0,kwity_paye,Kwity Paye,DE,,2023,0,UNK
,,,,,0.0,dayo_odeyingbo,Dayo Odeyingbo,DE,,2023,0,UNK
,,,,,4.5,mike_strachan,Mike Strachan,WR,,2023,0,UNK
,,,,,0.0,will_fries,Will Fries,G,,2023,0,UNK
132.0,,,132,11,-1.0,deon_jackson,Deon Jackson,RB,,2023,0,UNK
,,,,,8.3,tim_jones,Tim Jones,WR,,2023,0,UNK
,,,,,0.0,jamien_sherwood,Jamien Sherwood,LB,,2023,0,UNK
,,,,,0.0,michael_carter_ii,Michael Carter II,CB,,2023,0,UNK
,,,,,0.0,jason_pinnock,Jason Pinnock,SAF,,2023,0,UNK
,,,,,1.8,brandin_echols,Brandin Echols,CB,,2023,0,UNK
,,,,,2.8000000000000003,kenny_yeboah,Kenny Yeboah,TE,,2023,0,UNK
,,,,,0.0,dj_turner,DJ Turner,WR,,2023,0,UNK
,,,,,0.0,nolan_cooney,Nolan Cooney,P,,2023,0,UNK
111.0,,,111,10,44.5,rashod_bateman,Rashod Bateman,WR,,2023,0,UNK
,,,,,0.0,aaron_banks,Aaron Banks,G,,2023,0,UNK
,,,,,0.0,azeez_ojulari,Azeez Ojulari,LB,,2023,0,UNK
,,,,,0.0,carlos_basham,Carlos Basham,LB,,2023,0,UNK
101.0,,,101,9,180.4,nico_collins,Nico Collins,WR,,2023,0,UNK
192.0,,,192,16,143.5,chuba_hubbard,Chuba Hubbard,RB,,2023,0,UNK
,,,,,33.900000000000006,brevin_jordan,Brevin Jordan,TE,,2023,0,UNK
,,,,,0.0,shaun_wade,Shaun Wade,CB,,2023,0,UNK
,,,,,0.0,deommodore_lenoir,Deommodore Lenoir,CB,,2023,0,UNK
,,,,,0.0,talanoa_hufanga,Talanoa Hufanga,SAF,,2023,0,UNK
137.0,,,137,12,41.5,elijah_mitchell,Elijah Mitchell,RB,,2023,0,UNK
,,,,,0.0,roy_lopez,Roy Lopez,DT,,2023,0,UNK
,,,,,6.6000000000000005,gary_brightwell,Gary Brightwell,RB,,2023,0,UNK
,,,,,0.0,phil_hoskins,Phil Hoskins,DT,,2023,0,UNK
,,,,,0.0,ar'darius_washington,Ar'Darius Washington,SAF,,2023,0,UNK
,,,,,0.0,nick_mccloud,Nick McCloud,CB,,2023,0,UNK
,,,,,8.6,quintin_morris,Quintin Morris,TE,,2023,0,UNK
,,,,,0.0,robert_jones,Robert Jones,G,,2023,0,UNK
,,,,,0.0,alaric_jackson,Alaric Jackson,OT,,2023,0,UNK
179.0,,,179,15,126.60000000000001,jaylen_waddle,Jaylen Waddle,WR,,2023,0,UNK
,,,,,0.0,jamin_davis,Jamin Davis,LB,,2023,0,UNK
,,,,,0.0,christian_darrisaw,Christian Darrisaw,OT,,2023,0,UNK
,,,,,0.0,asante_samuel_jr.,Asante Samuel Jr.,CB,,2023,0,UNK
,,,,,0.0,sam_cosmi,Sam Cosmi,OT,,2023,0,UNK
,,,,,0.0,dillon_radunz,Dillon Radunz,OT,,2023,0,UNK
,,,,,0.5,dee_eskridge,Dee Eskridge,WR,,2023,0,UNK
,,,,,0.0,nick_bolton,Nick Bolton,LB,,2023,0,UNK
,,,,,0.0,josh_myers,Josh Myers,C,,2023,0,UNK
,,,,,0.0,creed_humphrey,Creed Humphrey,C,,2023,0,UNK
,,,,,0.0,alim_mcneill,Alim McNeill,DT,,2023,0,UNK
,,,,,0.0,benjamin_st-juste,Benjamin St-Juste,CB,,2023,0,UNK
,,,,,22.96,dyami_brown,Dyami Brown,WR,,2023,0,UNK
,,,,,15.100000000000001,john_bates,John Bates,TE,,2023,0,UNK
,,,,,0.0,camryn_bynum,Camryn Bynum,SAF,,2023,0,UNK
,,,,,7.1,tylan_wallace,Tylan Wallace,WR,,2023,0,UNK
,,,,,0.0,royce_newman,Royce Newman,G,,2023,0,UNK
,,,,,0.0,tony_fields_ii,Tony Fields II,LB,,2023,0,UNK
,,,,,24.5,ihmir_smith-marsette,Ihmir Smith-Marsette,WR,,2023,0,UNK
,,,,,0.0,brenden_jaimes,Brenden Jaimes,OT,,2023,0,UNK
,,,,,42.6,noah_gray,Noah Gray,TE,,2023,0,UNK
,,,,,0.0,darrick_forrest,Darrick Forrest,SAF,,2023,0,UNK
,,,,,0.0,tedarrell_slaton,Tedarrell Slaton,DT,,2023,0,UNK
,,,,,0.0,k.j._britt,K.J. Britt,LB,,2023,0,UNK
,,,,,0.0,cameron_mcgrone,Cameron McGrone,LB,,2023,0,UNK
,,,,,0.0,shemar_jean-charles,Shemar Jean-Charles,CB,,2023,0,UNK
,,,,,6.9,simi_fehoko,Simi Fehoko,WR,,2023,0,UNK
,,,,,0.0,nick_niemann,Nick Niemann,LB,,2023,0,UNK
,,,,,0.0,quinton_bohanna,Quinton Bohanna,DT,,2023,0,UNK
,,,,,0.0,stone_forsythe,Stone Forsythe,OT,,2023,0,UNK
,,,,,0.0,isaiah_mcduffie,Isaiah McDuffie,LB,,2023,0,UNK
,,,,,0.0,camaron_cheeseman,Camaron Cheeseman,LS,,2023,0,UNK
,,,,,0.0,trey_smith,Trey Smith,G,,2023,0,UNK
,,,,,0.0,israel_mukuamu,Israel Mukuamu,CB,,2023,0,UNK
,,,,,6.0,grant_stuard,Grant Stuard,LB,,2023,0,UNK
,,,,,0.0,zayne_anderson,Zayne Anderson,SAF,,2023,0,UNK
,,,,,0.0,dicaprio_bootle,Dicaprio Bootle,CB,,2023,0,UNK
,,,,,0.0,malik_herring,Malik Herring,DE,,2023,0,UNK
,,,,,0.0,kiondre_thomas,Kiondre Thomas,CB,,2023,0,UNK
,,,,,0.0,naquan_jones,Naquan Jones,DT,,2023,0,UNK
,,,,,0.0,caleb_johnson,Caleb Johnson,LB,,2023,0,UNK
,,,,,0.0,sam_kamara,Sam Kamara,DT,,2023,0,UNK
,,,,,0.0,amen_ogbongbemiga,Amen Ogbongbemiga,LB,,2023,0,UNK
,,,,,0.40000000000000036,adam_prentice,Adam Prentice,FB,,2023,0,UNK
,,,,,0.0,curtis_robinson,Curtis Robinson,LB,,2023,0,UNK
,,,,,0.0,kayode_awosika,Kayode Awosika,G,,2023,0,UNK
,,,,,3.8000000000000003,jack_stoll,Jack Stoll,TE,,2023,0,UNK
,,,,,0.0,jerry_jacobs,Jerry Jacobs,CB,,2023,0,UNK
,,,,,0.0,aj_parker,AJ Parker,CB,,2023,0,UNK
,,,,,15.1,brock_wright,Brock Wright,TE,,2023,0,UNK
,,,,,0.0,austin_faoliu,Austin Faoliu,DT,,2023,0,UNK
,,,,,0.0,jack_heflin,Jack Heflin,DT,,2023,0,UNK
,,,,,0.0,jake_curhan,Jake Curhan,OT,,2023,0,UNK
,,,,,0.0,jon_rhattigan,Jon Rhattigan,LB,,2023,0,UNK
,,,,,0.0,christian_elliss,Christian Elliss,LB,,2023,0,UNK
163.0,,,163,14,0.0,riley_patterson,Riley Patterson,K,,2023,0,UNK
,,,,,0.0,ryan_neuzil,Ryan Neuzil,G,,2023,0,UNK
,,,,,0.0,kion_smith,Kion Smith,OT,,2023,0,UNK
,,,,,2.9000000000000004,austin_trammell,Austin Trammell,WR,,2023,0,UNK
,,,,,1.3,kene_nwangwu,Kene Nwangwu,RB,,2023,0,UNK
,,,,,0.0,isaiahh_loudermilk,Isaiahh Loudermilk,DE,,2023,0,UNK
,,,,,0.0,garret_wallow,Garret Wallow,LB,,2023,0,UNK
,,,,,0.0,pressley_harvin_iii,Pressley Harvin III,P,,2023,0,UNK
,,,,,73.4,tutu_atwell,Tutu Atwell,WR,,2023,0,UNK
,,,,,0.0,cameron_sample,Cameron Sample,DE,,2023,0,UNK
138.0,,,138,12,0.0,evan_mcpherson,Evan McPherson,K,,2023,0,UNK
,,,,,0.0,earnest_brown_iv,Earnest Brown IV,DE,,2023,0,UNK
,,,,,1.1,chris_evans,Chris Evans,RB,,2023,0,UNK
,,,,,2.2,jake_funk,Jake Funk,RB,,2023,0,UNK
,,,,,13.5,ben_skowronek,Ben Skowronek,WR,,2023,0,UNK
,,,,,0.0,james_hudson,James Hudson,OT,,2023,0,UNK
,,,,,0.0,chris_rumph_ii,Chris Rumph II,LB,,2023,0,UNK
,,,,,0.0,dan_moore_jr.,Dan Moore Jr.,OT,,2023,0,UNK
,,,,,0.0,buddy_johnson,Buddy Johnson,LB,,2023,0,UNK
,,,,,0.0,nate_hobbs,Nate Hobbs,CB,,2023,0,UNK
,,,,,0.0,pat_surtain_ii,Pat Surtain II,CB,,2023,0,UNK
177.0,,,177,15,107.7,rhamondre_stevenson,Rhamondre Stevenson,RB,,2023,0,UNK
,,,,,43.0,kylen_granson,Kylen Granson,TE,,2023,0,UNK
,,,,,0.0,jaelon_darden,Jaelon Darden,WR,,2023,0,UNK
,,,,,0.0,janarius_robinson,Janarius Robinson,DE,,2023,0,UNK
,,,,,0.0,penei_sewell,Penei Sewell,OT,,2023,0,UNK
,,,,,0.0,jay_tufele,Jay Tufele,DT,,2023,0,UNK
,,,,,0.0,jabril_cox,Jabril Cox,LB,,2023,0,UNK
,,,,,0.0,marco_wilson,Marco Wilson,CB,,2023,0,UNK
,,,,,0.0,tre_brown,Tre Brown,CB,,2023,0,UNK
,,,,,15.5,luke_farrell,Luke Farrell,TE,,2023,0,UNK
,,,,,0.0,damar_hamlin,Damar Hamlin,SAF,,2023,0,UNK
24.0,,,24,2,166.5,najee_harris,Najee Harris,RB,,2023,0,UNK
89.0,,,89,8,44.8,pat_freiermuth,Pat Freiermuth,TE,,2023,0,UNK
,,,,,0.0,victor_dimukeje,Victor Dimukeje,LB,,2023,0,UNK
,,,,,17.82,davis_mills,Davis Mills,QB,,2023,0,UNK
185.0,,,185,16,162.72,ja'marr_chase,Ja'Marr Chase,WR,,2023,0,UNK
,,,,,0.0,eric_stokes,Eric Stokes,CB,,2023,0,UNK
,,,,,0.0,joseph_ossai,Joseph Ossai,DE,,2023,0,UNK
,,,,,0.0,bobby_brown_iii,Bobby Brown III,DT,,2023,0,UNK
,,,,,0.0,robert_rochell,Robert Rochell,CB,,2023,0,UNK
,,,,,0.0,larry_borom,Larry Borom,G,,2023,0,UNK
72.0,,,72,6,92.5,khalil_herbert,Khalil Herbert,RB,,2023,0,UNK
,,,,,0.0,khyiris_tonga,Khyiris Tonga,DT,,2023,0,UNK
173.0,,,173,15,146.60000000000002,devonta_smith,DeVonta Smith,WR,,2023,0,UNK
106.0,,,106,9,26.0,kadarius_toney,Kadarius Toney,WR,,2023,0,UNK
,,,,,0.0,greg_rousseau,Greg Rousseau,LB,,2023,0,UNK
,,,,,0.0,jeremiah_owusu-koramoah,Jeremiah Owusu-Koramoah,LB,,2023,0,UNK
,,,,,0.0,milton_williams,Milton Williams,DT,,2023,0,UNK
148.0,,,148,13,67.38,kenny_gainwell,Kenny Gainwell,RB,,2023,0,UNK
,,,,,0.0,marlon_tuipulotu,Marlon Tuipulotu,DT,,2023,0,UNK
,,,,,0.0,patrick_johnson,Patrick Johnson,LB,,2023,0,UNK
,,,,,34.8,michael_carter,Michael Carter,RB,,2023,0,UNK
,,,,,0.0,payton_turner,Payton Turner,DE,,2023,0,UNK
,,,,,0.0,pete_werner,Pete Werner,LB,,2023,0,UNK
,,,,,-0.1,kyle_trask,Kyle Trask,QB,,2023,0,UNK
,,,,,0.0,landon_young,Landon Young,OT,,2023,0,UNK
,,,,,0.0,micah_parsons,Micah Parsons,LB,,2023,0,UNK
,,,,,0.0,zaven_collins,Zaven Collins,LB,,2023,0,UNK
,,,,,0.0,jaelan_phillips,Jaelan Phillips,LB,,2023,0,UNK
,,,,,0.0,kelvin_joseph,Kelvin Joseph,CB,,2023,0,UNK
160.0,,,160,14,65.0,rondale_moore,Rondale Moore,WR,,2023,0,UNK
,,,,,0.0,paulson_adebo,Paulson Adebo,CB,,2023,0,UNK
,,,,,0.0,rashad_weaver,Rashad Weaver,LB,,2023,0,UNK
,,,,,0.0,odafe_oweh,Odafe Oweh,LB,,2023,0,UNK
,,,,,0.0,andre_cisco,Andre Cisco,SAF,,2023,0,UNK
,,,,,0.0,osa_odighizuwa,Osa Odighizuwa,DT,,2023,0,UNK
,,,,,0.0,mitchell_fraboni,Mitchell Fraboni,LS,,2023,0,UNK
,,,,,0.0,jaycee_horn,Jaycee Horn,CB,,2023,0,UNK
178.0,,,178,15,230.18,justin_fields,Justin Fields,QB,,2023,0,UNK
,,,,,0.0,jalen_mayfield,Jalen Mayfield,OT,,2023,0,UNK
,,,,,0.0,ta'quon_graham,Ta'Quon Graham,DT,,2023,0,UNK
,,,,,0.0,jonathon_cooper,Jonathon Cooper,LB,,2023,0,UNK
,,,,,0.0,teven_jenkins,Teven Jenkins,G,,2023,0,UNK
,,,,,0.0,levi_onwuzurike,Levi Onwuzurike,DT,,2023,0,UNK
,,,,,13.9,terrace_marshall_jr.,Terrace Marshall Jr.,WR,,2023,0,UNK
,,,,,0.0,drew_dalman,Drew Dalman,C,,2023,0,UNK
,,,,,0.0,michael_bandy,Michael Bandy,WR,,2023,0,UNK
,,,,,0.0,richie_grant,Richie Grant,SAF,,2023,0,UNK
,,,,,0.0,tre'von_moehrig,Tre'von Moehrig,SAF,,2023,0,UNK
180.0,,,180,15,211.9,amon-ra_st._brown,Amon-Ra St. Brown,WR,,2023,0,UNK
,,,,,0.0,derrick_barnes,Derrick Barnes,LB,,2023,0,UNK
,,,,,0.0,joe_tryon-shoyinka,Joe Tryon-Shoyinka,DE,,2023,0,UNK
,,,,,84.3,kyle_pitts,Kyle Pitts,TE,,2023,0,UNK
176.0,,,176,15,262.54,trevor_lawrence,Trevor Lawrence,QB,,2023,0,UNK
,,,,,106.4,mac_jones,Mac Jones,QB,,2023,0,UNK
,,,,,224.4,travis_etienne,Travis Etienne,RB,,2023,0,UNK
,,,,,0.0,tyson_campbell,Tyson Campbell,CB,,2023,0,UNK
,,,,,0.0,walker_little,Walker Little,OT,,2023,0,UNK
,,,,,0.0,spencer_brown,Spencer Brown,OT,,2023,0,UNK
,,,,,0.0,ben_cleveland,Ben Cleveland,G,,2023,0,UNK
,,,,,0.0,ronnie_perkins,Ronnie Perkins,LB,,2023,0,UNK
,,,,,0.0,alijah_vera-tucker,Alijah Vera-Tucker,G,,2023,0,UNK
96.0,,,96,8,73.10000000000001,elijah_moore,Elijah Moore,WR,,2023,0,UNK
,,,,,0.0,christian_barmore,Christian Barmore,DT,,2023,0,UNK
,,,,,2.0,chauncey_golston,Chauncey Golston,DE,,2023,0,UNK
,,,,,0.0,kendrick_green,Kendrick Green,G,,2023,0,UNK
,,,,,17.3,trey_sermon,Trey Sermon,RB,,2023,0,UNK
,,,,,-0.30000000000000004,robert_hainsey,Robert Hainsey,OT,,2023,0,UNK
,,,,,0.0,nahshon_wright,Nahshon Wright,CB,,2023,0,UNK
,,,,,0.0,brandon_stephens,Brandon Stephens,CB,,2023,0,UNK
,,,,,68.7,josh_palmer,Josh Palmer,WR,,2023,0,UNK
,,,,,0.0,malcolm_koonce,Malcolm Koonce,DE,,2023,0,UNK
,,,,,0.0,divine_deablo,Divine Deablo,LB,,2023,0,UNK
,,,,,0.0,amari_rodgers,Amari Rodgers,WR,,2023,0,UNK
,,,,,0.0,elijah_molden,Elijah Molden,CB,,2023,0,UNK
,,,,,0.0,ifeatu_melifonwu,Ifeatu Melifonwu,SAF,,2023,0,UNK
,,,,,0.0,ernest_jones,Ernest Jones,LB,,2023,0,UNK
,,,,,0.0,baron_browning,Baron Browning,LB,,2023,0,UNK
,,,,,0.0,greg_newsome_ii,Greg Newsome II,CB,,2023,0,UNK
36.0,,,36,3,132.2,javonte_williams,Javonte Williams,RB,,2023,0,UNK
,,,,,0.0,jevon_holland,Jevon Holland,SAF,,2023,0,UNK
,,,,,0.0,monty_rice,Monty Rice,LB,,2023,0,UNK
,,,,,0.0,quinn_meinerz,Quinn Meinerz,C,,2023,0,UNK
,,,,,0.0,landon_dickerson,Landon Dickerson,G,,2023,0,UNK
,,,,,0.0,chazz_surratt,Chazz Surratt,LB,,2023,0,UNK
,,,,,0.0,hunter_long,Hunter Long,TE,,2023,0,UNK
,,,,,37.400000000000006,tommy_tremble,Tommy Tremble,TE,,2023,0,UNK
,,,,,0.0,patrick_jones_ii,Patrick Jones II,LB,,2023,0,UNK
,,,,,0.0,ambry_thomas,Ambry Thomas,CB,,2023,0,UNK
,,,,,0.0,rashawn_slater,Rashawn Slater,OT,,2023,0,UNK
,,,,,0.0,liam_eichenberg,Liam Eichenberg,OT,,2023,0,UNK
,,,,,0.0,tre'_mckitty,Tre' McKitty,TE,,2023,0,UNK
,,,,,119.94,zach_wilson,Zach Wilson,QB,,2023,0,UNK
,,,,,0.0,dee_alford,Dee Alford,CB,,2023,0,UNK
,,,,,0.0,devon_allen,Devon Allen,WR,,2023,0,UNK
,,,,,0.0,amare_barno,Amare Barno,LB,,2023,0,UNK
,,,,,0.0,elijah_garcia,Elijah Garcia,DE,,2023,0,UNK
,,,,,0.0,keir_thomas,Keir Thomas,LB,,2023,0,UNK
,,,,,0.0,jordan_davis,Jordan Davis,DT,,2023,0,UNK
,,,,,0.0,quay_walker,Quay Walker,LB,,2023,0,UNK
,,,,,0.0,devonte_wyatt,Devonte Wyatt,DT,,2023,0,UNK
109.0,,,109,10,256.54,sam_howell,Sam Howell,QB,,2023,0,UNK
,,,,,12.0,cole_turner,Cole Turner,TE,,2023,0,UNK
,,,,,0.0,riq_woolen,Riq Woolen,CB,,2023,0,UNK
,,,,,0.0,tyreke_smith,Tyreke Smith,DE,,2023,0,UNK
,,,,,0.0,braxton_jones,Braxton Jones,OT,,2023,0,UNK
,,,,,0.0,dominique_robinson,Dominique Robinson,DE,,2023,0,UNK
,,,,,0.0,kingsley_enagbare,Kingsley Enagbare,LB,,2023,0,UNK
,,,,,3.9000000000000004,grant_calcaterra,Grant Calcaterra,TE,,2023,0,UNK
,,,,,0.0,ja'tyre_carter,Ja'Tyre Carter,G,,2023,0,UNK
,,,,,0.0,tariq_carpenter,Tariq Carpenter,SAF,,2023,0,UNK
,,,,,29.900000000000002,bo_melton,Bo Melton,CB,,2023,0,UNK
,,,,,0.0,chris_paul,Chris Paul,G,,2023,0,UNK
,,,,,0.0,dareke_young,Dareke Young,WR,,2023,0,UNK
,,,,,0.0,christian_holmes,Christian Holmes,CB,,2023,0,UNK
,,,,,0.0,elijah_hicks,Elijah Hicks,SAF,,2023,0,UNK
,,,,,0.0,trenton_gill,Trenton Gill,P,,2023,0,UNK
,,,,,9.8,samori_toure,Samori Toure,WR,,2023,0,UNK
,,,,,0.0,jaylon_jones,Jaylon Jones,DB,,2023,0,UNK
,,,,,0.0,jack_sanborn,Jack Sanborn,LB,,2023,0,UNK
,,,,,12.100000000000001,tyler_goodson,Tyler Goodson,RB,,2023,0,UNK
,,,,,0.0,josh_blackwell,Josh Blackwell,CB,,2023,0,UNK
,,,,,0.0,reed_blankenship,Reed Blankenship,SAF,,2023,0,UNK
,,,,,4.2,britain_covey,Britain Covey,WR,,2023,0,UNK
,,,,,0.0,mario_goodrich,Mario Goodrich,CB,,2023,0,UNK
,,,,,0.0,josh_jobe,Josh Jobe,CB,,2023,0,UNK
,,,,,0.0,joey_blount,Joey Blount,SAF,,2023,0,UNK
,,,,,0.0,tony_adams,Tony Adams,SAF,,2023,0,UNK
,,,,,0.0,irvin_charles,Irvin Charles,WR,,2023,0,UNK
,,,,,2.1,bam_knight,Bam Knight,RB,,2023,0,UNK
,,,,,0.0,jeremiah_moon,Jeremiah Moon,LB,,2023,0,UNK
,,,,,0.0,sauce_gardner,Sauce Gardner,CB,,2023,0,UNK
,,,,,0.0,trent_mcduffie,Trent McDuffie,CB,,2023,0,UNK
,,,,,0.0,george_karlaftis,George Karlaftis,DE,,2023,0,UNK
,,,,,0.0,bryan_cook,Bryan Cook,SAF,,2023,0,UNK
,,,,,0.0,jaylen_watson,Jaylen Watson,CB,,2023,0,UNK
,,,,,0.0,rasheed_walker,Rasheed Walker,OT,,2023,0,UNK
61.0,,,61,6,169.9,isiah_pacheco,Isiah Pacheco,RB,,2023,0,UNK
,,,,,0.0,labryan_ray,LaBryan Ray,DT,,2023,0,UNK
,,,,,0.0,brenden_schooler,Brenden Schooler,SAF,,2023,0,UNK
,,,,,0.0,jack_cochrane,Jack Cochrane,LB,,2023,0,UNK
,,,,,5.300000000000001,justyn_ross,Justyn Ross,WR,,2023,0,UNK
146.0,,,146,13,0.0,cameron_dicker,Cameron Dicker,K,,2023,0,UNK
,,,,,0.0,chris_glaser,Chris Glaser,G,,2023,0,UNK
131.0,,,131,11,135.4,jaylen_warren,Jaylen Warren,RB,,2023,0,UNK
,,,,,0.0,ikem_ekwonu,Ikem Ekwonu,OT,,2023,0,UNK
,,,,,0.0,travon_walker,Travon Walker,DE,,2023,0,UNK
,,,,,0.0,aidan_hutchinson,Aidan Hutchinson,DE,,2023,0,UNK
,,,,,0.0,derek_stingley_jr.,Derek Stingley Jr.,CB,,2023,0,UNK
169.0,,,169,15,105.38,drake_london,Drake London,WR,,2023,0,UNK
187.0,,,187,16,144.3,chris_olave,Chris Olave,WR,,2023,0,UNK
117.0,,,117,10,56.300000000000004,jameson_williams,Jameson Williams,WR,,2023,0,UNK
,,,,,0.0,trevor_penning,Trevor Penning,OT,,2023,0,UNK
,,,,,0.0,kaiir_elam,Kaiir Elam,CB,,2023,0,UNK
,,,,,0.0,tyler_smith,Tyler Smith,OT,,2023,0,UNK
,,,,,0.0,devin_lloyd,Devin Lloyd,LB,,2023,0,UNK
,,,,,0.0,lewis_cine,Lewis Cine,SAF,,2023,0,UNK
,,,,,0.0,jalen_pitre,Jalen Pitre,SAF,,2023,0,UNK
50.0,,,50,5,145.8,george_pickens,George Pickens,WR,,2023,0,UNK
,,,,,188.70000000000002,james_cook,James Cook,RB,,2023,0,UNK
,,,,,0.0,nik_bonitto,Nik Bonitto,LB,,2023,0,UNK
,,,,,0.0,martin_emerson,Martin Emerson,CB,,2023,0,UNK
,,,,,0.0,alex_wright,Alex Wright,DE,,2023,0,UNK
,,,,,2.5,greg_dulcich,Greg Dulcich,TE,,2023,0,UNK
,,,,,0.0,marcus_jones,Marcus Jones,CB,,2023,0,UNK
,,,,,0.0,terrel_bernard,Terrel Bernard,LB,,2023,0,UNK
,,,,,0.0,dylan_parham,Dylan Parham,G,,2023,0,UNK
58.0,,,58,5,203.9,rachaad_white,Rachaad White,RB,,2023,0,UNK
,,,,,34.7,david_bell,David Bell,WR,,2023,0,UNK
26.0,,,26,3,69.7,dameon_pierce,Dameon Pierce,RB,,2023,0,UNK
,,,,,0.0,micah_mcfadden,Micah McFadden,LB,,2023,0,UNK
,,,,,0.0,dj_davidson,DJ Davidson,DT,,2023,0,UNK
,,,,,74.1,khalil_shakir,Khalil Shakir,WR,,2023,0,UNK
142.0,,,142,12,119.60000000000001,tyler_allgeier,Tyler Allgeier,RB,,2023,0,UNK
,,,,,0.0,delarrin_turner-yell,Delarrin Turner-Yell,SAF,,2023,0,UNK
,,,,,167.2,jerome_ford,Jerome Ford,RB,,2023,0,UNK
,,,,,0.0,zyon_mccollum,Zyon McCollum,CB,,2023,0,UNK
,,,,,0.0,eric_johnson,Eric Johnson,DT,,2023,0,UNK
,,,,,0.0,otito_ogbonnia,Otito Ogbonnia,DT,,2023,0,UNK
,,,,,0.0,d'marco_jackson,D'Marco Jackson,LB,,2023,0,UNK
,,,,,0.0,montrell_washington,Montrell Washington,WR,,2023,0,UNK
,,,,,18.1,kyle_philips,Kyle Philips,WR,,2023,0,UNK
,,,,,0.0,daron_bland,DaRon Bland,CB,,2023,0,UNK
,,,,,80.0,ty_chandler,Ty Chandler,RB,,2023,0,UNK
,,,,,3.3000000000000003,teagan_quitoriano,Teagan Quitoriano,TE,,2023,0,UNK
,,,,,0.0,matthew_butler,Matthew Butler,DT,,2023,0,UNK
,,,,,0.0,damone_clark,Damone Clark,LB,,2023,0,UNK
,,,,,2.8000000000000003,james_mitchell,James Mitchell,TE,,2023,0,UNK
,,,,,0.0,john_ridgeway,John Ridgeway,DT,,2023,0,UNK
,,,,,18.3,kevin_harris,Kevin Harris,RB,,2023,0,UNK
,,,,,0.0,vederian_lowe,Vederian Lowe,OT,,2023,0,UNK
,,,,,0.0,christian_benford,Christian Benford,CB,,2023,0,UNK
,,,,,0.6000000000000001,malcolm_rodriguez,Malcolm Rodriguez,LB,,2023,0,UNK
,,,,,2.9000000000000004,jalen_nailor,Jalen Nailor,WR,,2023,0,UNK
,,,,,26.700000000000003,andrew_ogletree,Andrew Ogletree,TE,,2023,0,UNK
,,,,,0.0,devin_harper,Devin Harper,LB,,2023,0,UNK
,,,,,0.0,jamaree_salyer,Jamaree Salyer,G,,2023,0,UNK
,,,,,0.0,gregory_junior,Gregory Junior,CB,,2023,0,UNK
,,,,,0.0,cade_mays,Cade Mays,C,,2023,0,UNK
,,,,,0.0,sam_roberts,Sam Roberts,DT,,2023,0,UNK
,,,,,10.0,keaontay_ingram,Keaontay Ingram,RB,,2023,0,UNK
,,,,,0.0,theo_jackson,Theo Jackson,DB,,2023,0,UNK
,,,,,0.0,matt_henningsen,Matt Henningsen,DE,,2023,0,UNK
,,,,,16.7,connor_heyward,Connor Heyward,FB,,2023,0,UNK
,,,,,1.2000000000000002,john_fitzpatrick,John FitzPatrick,TE,,2023,0,UNK
,,,,,0.0,ja'sir_taylor,Ja'Sir Taylor,CB,,2023,0,UNK
,,,,,0.0,james_houston,James Houston,DE,,2023,0,UNK
,,,,,6.2,ko_kieft,Ko Kieft,TE,,2023,0,UNK
,,,,,0.0,chance_campbell,Chance Campbell,LB,,2023,0,UNK
,,,,,0.0,montaric_brown,Montaric Brown,CB,,2023,0,UNK
,,,,,0.0,cameron_goode,Cameron Goode,LB,,2023,0,UNK
,,,,,0.0,mark_robinson,Mark Robinson,LB,,2023,0,UNK
,,,,,2.2,nick_muse,Nick Muse,TE,,2023,0,UNK
,,,,,0.0,baylon_spector,Baylon Spector,LB,,2023,0,UNK
,,,,,0.0,deane_leonard,Deane Leonard,CB,,2023,0,UNK
,,,,,0.0,chase_lucas,Chase Lucas,CB,,2023,0,UNK
,,,,,0.0,thayer_munford_jr.,Thayer Munford Jr.,OT,,2023,0,UNK
,,,,,0.0,rodney_thomas,Rodney Thomas,SAF,,2023,0,UNK
,,,,,0.0,jesse_luketa,Jesse Luketa,LB,,2023,0,UNK
,,,,,0.0,d'anthony_bell,D'Anthony Bell,SAF,,2023,0,UNK
,,,,,0.0,brock_hoffman,Brock Hoffman,C,,2023,0,UNK
,,,,,0.0,kader_kohou,Kader Kohou,CB,,2023,0,UNK
,,,,,0.0,ben_stille,Ben Stille,DE,,2023,0,UNK
,,,,,0.0,christopher_hinton,Christopher Hinton,DT,,2023,0,UNK
,,,,,0.0,trenton_thompson,Trenton Thompson,DB,,2023,0,UNK
,,,,,54.400000000000006,brandon_johnson,Brandon Johnson,WR,,2023,0,UNK
,,,,,0.0,kana'i_mauga,Kana'i Mauga,ILB,,2023,0,UNK
,,,,,0.0,ja'quan_mcmillian,Ja'Quan McMillian,CB,,2023,0,UNK
,,,,,0.0,trevor_denbow,Trevor Denbow,DB,,2023,0,UNK
,,,,,0.0,jojo_domann,JoJo Domann,LB,,2023,0,UNK
,,,,,0.0,dallis_flowers,Dallis Flowers,CB,,2023,0,UNK
,,,,,0.0,wesley_french,Wesley French,C,,2023,0,UNK
,,,,,1.3,jashaun_corbin,Jashaun Corbin,RB,,2023,0,UNK
,,,,,0.0,cal_adomitis,Cal Adomitis,LS,,2023,0,UNK
,,,,,0.2,kwamie_lassiter_ii,Kwamie Lassiter II,WR,,2023,0,UNK
,,,,,11.1,raheem_blackshear,Raheem Blackshear,RB,,2023,0,UNK
,,,,,0.0,kingsley_jonathan,Kingsley Jonathan,DE,,2023,0,UNK
,,,,,0.0,tomon_fox,Tomon Fox,LB,,2023,0,UNK
,,,,,0.0,rod_williams,Rod Williams,TE,,2023,0,UNK
,,,,,0.0,jake_hansen,Jake Hansen,LB,,2023,0,UNK
,,,,,0.0,kurt_hinish,Kurt Hinish,DT,,2023,0,UNK
,,,,,0.0,tristin_mccollum,Tristin McCollum,DB,,2023,0,UNK
,,,,,0.0,raheem_layne,Raheem Layne,SAF,,2023,0,UNK
,,,,,0.0,ty_shelby,Ty Shelby,DE,,2023,0,UNK
,,,,,21.5,stone_smartt,Stone Smartt,TE,,2023,0,UNK
,,,,,0.0,olakunle_fatukasi,Olakunle Fatukasi,ILB,,2023,0,UNK
,,,,,17.9,deven_thompkins,Deven Thompkins,WR,,2023,0,UNK
,,,,,0.0,j.j._russell,J.J. Russell,ILB,,2023,0,UNK
,,,,,0.0,mike_brown,Mike Brown,SAF,,2023,0,UNK
,,,,,0.0,ryan_wright,Ryan Wright,P,,2023,0,UNK
,,,,,0.6000000000000001,cole_fotheringham,Cole Fotheringham,TE,,2023,0,UNK
,,,,,0.0,isaiah_pola-mao,Isaiah Pola-Mao,SAF,,2023,0,UNK
,,,,,0.0,zach_vanvalkenburg,Zach VanValkenburg,LB,,2023,0,UNK
,,,,,0.0,luke_masterson,Luke Masterson,LB,,2023,0,UNK
,,,,,0.0,tayler_hawkins,Tayler Hawkins,SAF,,2023,0,UNK
,,,,,41.7,jordan_mason,Jordan Mason,RB,,2023,0,UNK
,,,,,0.0,segun_olubi,Segun Olubi,LB,,2023,0,UNK
,,,,,0.0,vincent_gray,Vincent Gray,DB,,2023,0,UNK
,,,,,15.5,lucas_krull,Lucas Krull,TE,,2023,0,UNK
,,,,,0.0,nephi_sewell,Nephi Sewell,LB,,2023,0,UNK
,,,,,111.60000000000001,rashid_shaheed,Rashid Shaheed,WR,,2023,0,UNK
,,,,,0.0,daniel_whelan,Daniel Whelan,P,,2023,0,UNK
,,,,,0.0,darrell_baker_jr.,Darrell Baker Jr.,CB,,2023,0,UNK
,,,,,15.100000000000001,ronnie_rivers,Ronnie Rivers,RB,,2023,0,UNK
,,,,,0.0,chandler_wooten,Chandler Wooten,LB,,2023,0,UNK
,,,,,0.0,markquese_bell,Markquese Bell,SAF,,2023,0,UNK
,,,,,0.0,malik_davis,Malik Davis,RB,,2023,0,UNK
,,,,,3.8000000000000003,peyton_hendershot,Peyton Hendershot,TE,,2023,0,UNK
,,,,,0.0,juanyeh_thomas,Juanyeh Thomas,SAF,,2023,0,UNK
,,,,,0.0,timmy_horne,Timmy Horne,DT,,2023,0,UNK
,,,,,0.0,nate_landman,Nate Landman,LB,,2023,0,UNK
,,,,,0.0,tre_avery,Tre Avery,CB,,2023,0,UNK
,,,,,0.0,julius_chestnut,Julius Chestnut,RB,,2023,0,UNK
,,,,,0.0,jack_gibbens,Jack Gibbens,LB,,2023,0,UNK
,,,,,0.0,xavier_newman-johnson,Xavier Newman-Johnson,G,,2023,0,UNK
,,,,,0.0,andrew_rupcich,Andrew Rupcich,G,,2023,0,UNK
,,,,,-3.1,ryan_stonehouse,Ryan Stonehouse,P,,2023,0,UNK
,,,,,0.0,tre_swilling,Tre Swilling,CB,,2023,0,UNK
,,,,,0.0,kayvon_thibodeaux,Kayvon Thibodeaux,LB,,2023,0,UNK
,,,,,0.0,evan_neal,Evan Neal,OT,,2023,0,UNK
,,,,,16.2,john_metchie_iii,John Metchie III,WR,,2023,0,UNK
,,,,,0.0,nakobe_dean,Nakobe Dean,LB,,2023,0,UNK
,,,,,0.0,nick_cross,Nick Cross,SAF,,2023,0,UNK
,,,,,0.0,zach_thomas,Zach Thomas,OT,,2023,0,UNK
,,,,,0.0,mike_greene,Mike Greene,DT,,2023,0,UNK
,,,,,0.0,jacob_hummel,Jacob Hummel,LB,,2023,0,UNK
,,,,,0.0,benton_whitley,Benton Whitley,DE,,2023,0,UNK
,,,,,0.9,tucker_fisk,Tucker Fisk,TE,,2023,0,UNK
,,,,,0.0,ja'marcus_ingram,Ja'Marcus Ingram,CB,,2023,0,UNK
,,,,,0.0,jermaine_johnson_ii,Jermaine Johnson II,DE,,2023,0,UNK
135.0,,,135,12,63.400000000000006,alec_pierce,Alec Pierce,WR,,2023,0,UNK
,,,,,0.0,sam_williams,Sam Williams,DE,,2023,0,UNK
,,,,,38.8,jalen_tolbert,Jalen Tolbert,WR,,2023,0,UNK
,,,,,0.0,kerby_joseph,Kerby Joseph,SAF,,2023,0,UNK
,,,,,0.0,tucker_addington,Tucker Addington,LS,,2023,0,UNK
,,,,,0.0,brandon_aubrey,Brandon Aubrey,K,,2023,0,UNK
,,,,,0.0,jeremiah_pharms_jr.,Jeremiah Pharms Jr.,DT,,2023,0,UNK
172.0,,,172,15,118.2,garrett_wilson,Garrett Wilson,WR,,2023,0,UNK
49.0,,,49,5,75.80000000000001,jahan_dotson,Jahan Dotson,WR,,2023,0,UNK
86.0,,,86,8,23.900000000000002,treylon_burks,Treylon Burks,WR,,2023,0,UNK
,,,,,0.0,daxton_hill,Daxton Hill,DB,,2023,0,UNK
,,,,,100.5,trey_mcbride,Trey McBride,TE,,2023,0,UNK
,,,,,7.1000000000000005,velus_jones_jr.,Velus Jones Jr.,WR,,2023,0,UNK
84.0,,,84,7,162.10000000000002,brian_robinson,Brian Robinson,RB,,2023,0,UNK
,,,,,0.0,christian_matthew,Christian Matthew,CB,,2023,0,UNK
,,,,,0.0,myjai_sanders,Myjai Sanders,LB,,2023,0,UNK
,,,,,0.0,tycen_anderson,Tycen Anderson,SAF,,2023,0,UNK
,,,,,0.0,cam_taylor-britt,Cam Taylor-Britt,CB,,2023,0,UNK
,,,,,0.0,nicholas_petit-frere,Nicholas Petit-Frere,OT,,2023,0,UNK
,,,,,0.0,travis_jones,Travis Jones,DT,,2023,0,UNK
,,,,,0.0,bernhard_raimann,Bernhard Raimann,OT,,2023,0,UNK
,,,,,0.0,cordale_flott,Cordale Flott,CB,,2023,0,UNK
,,,,,0.0,demarvin_leal,DeMarvin Leal,DE,,2023,0,UNK
,,,,,47.7,kavontae_turpin,KaVontae Turpin,WR,,2023,0,UNK
,,,,,0.0,zachary_carter,Zachary Carter,DT,,2023,0,UNK
,,,,,15.100000000000001,jeremy_ruckert,Jeremy Ruckert,TE,,2023,0,UNK
,,,,,0.0,joshua_ezeudu,Joshua Ezeudu,G,,2023,0,UNK
,,,,,0.0,deangelo_malone,DeAngelo Malone,LB,,2023,0,UNK
144.0,,,144,12,59.400000000000006,chig_okonkwo,Chig Okonkwo,TE,,2023,0,UNK
,,,,,0.0,troy_andersen,Troy Andersen,LB,,2023,0,UNK
,,,,,0.0,chad_muma,Chad Muma,LB,,2023,0,UNK
,,,,,0.0,channing_tindall,Channing Tindall,LB,,2023,0,UNK
,,,,,0.0,luke_fortner,Luke Fortner,C,,2023,0,UNK
,,,,,0.0,cameron_thomas,Cameron Thomas,DE,,2023,0,UNK
100.0,,,100,9,115.4,romeo_doubs,Romeo Doubs,WR,,2023,0,UNK
,,,,,0.0,zach_tom,Zach Tom,G,,2023,0,UNK
,,,,,0.0,zion_johnson,Zion Johnson,G,,2023,0,UNK
,,,,,0.0,leo_chenal,Leo Chenal,LB,,2023,0,UNK
,,,,,0.0,charles_cross,Charles Cross,OT,,2023,0,UNK
,,,,,0.0,brian_asamoah_ii,Brian Asamoah II,LB,,2023,0,UNK
,,,,,0.0,christian_harris,Christian Harris,LB,,2023,0,UNK
,,,,,0.0,tyler_linderbaum,Tyler Linderbaum,C,,2023,0,UNK
,,,,,0.0,drake_jackson,Drake Jackson,DE,,2023,0,UNK
,,,,,2.1,tyrion_davis-price,Tyrion Davis-Price,RB,,2023,0,UNK
,,,,,0.0,spencer_burford,Spencer Burford,G,,2023,0,UNK
,,,,,0.0,samuel_womack,Samuel Womack,CB,,2023,0,UNK
,,,,,0.0,kalia_davis,Kalia Davis,DT,,2023,0,UNK
,,,,,0.0,tariq_castro-fields,Tariq Castro-Fields,CB,,2023,0,UNK
60.0,,,60,5,295.6,brock_purdy,Brock Purdy,QB,,2023,0,UNK
,,,,,0.0,luke_goedeke,Luke Goedeke,OT,,2023,0,UNK
,,,,,35.7,calvin_austin_iii,Calvin Austin III,WR,,2023,0,UNK
,,,,,71.1,isaiah_likely,Isaiah Likely,TE,,2023,0,UNK
,,,,,0.0,cobie_durant,Cobie Durant,CB,,2023,0,UNK
,,,,,223.0,kyren_williams,Kyren Williams,RB,,2023,0,UNK
,,,,,0.0,quentin_lake,Quentin Lake,SAF,,2023,0,UNK
,,,,,0.0,derion_kendrick,Derion Kendrick,CB,,2023,0,UNK
,,,,,0.0,russ_yeast,Russ Yeast,SAF,,2023,0,UNK
,,,,,0.0,damarion_williams,Damarion Williams,CB,,2023,0,UNK
,,,,,0.0,kyle_hamilton,Kyle Hamilton,SAF,,2023,0,UNK
,,,,,0.0,jack_jones,Jack Jones,CB,,2023,0,UNK
153.0,,,153,13,58.900000000000006,zamir_white,Zamir White,RB,,2023,0,UNK
,,,,,106.10000000000001,jake_ferguson,Jake Ferguson,TE,,2023,0,UNK
,,,,,0.0,jake_camarda,Jake Camarda,P,,2023,0,UNK
,,,,,0.0,joshua_williams,Joshua Williams,CB,,2023,0,UNK
,,,,,13.0,isaiah_spiller,Isaiah Spiller,RB,,2023,0,UNK
,,,,,14.700000000000001,charlie_kolar,Charlie Kolar,TE,,2023,0,UNK
74.0,,,74,7,32.7,skyy_moore,Skyy Moore,WR,,2023,0,UNK
,,,,,0.0,jt_woods,JT Woods,SAF,,2023,0,UNK
,,,,,2.2,erik_ezukanma,Erik Ezukanma,WR,,2023,0,UNK
,,,,,0.0,neil_farrell,Neil Farrell,DE,,2023,0,UNK
,,,,,0.0,jordan_stout,Jordan Stout,P,,2023,0,UNK
,,,,,0.0,cordell_volson,Cordell Volson,G,,2023,0,UNK
,,,,,0.0,joshua_paschal,Joshua Paschal,DE,,2023,0,UNK
,,,,,37.800000000000004,pierre_strong,Pierre Strong,RB,,2023,0,UNK
,,,,,0.0,phidarian_mathis,Phidarian Mathis,DT,,2023,0,UNK
,,,,,0.0,percy_butler,Percy Butler,SAF,,2023,0,UNK
,,,,,0.0,akayleb_evans,Akayleb Evans,CB,,2023,0,UNK
104.0,,,104,9,110.2,kenny_pickett,Kenny Pickett,QB,,2023,0,UNK
,,,,,0.30000000000000004,cole_strange,Cole Strange,G,,2023,0,UNK
,,,,,14.200000000000001,tyquan_thornton,Tyquan Thornton,WR,,2023,0,UNK
,,,,,0.0,damarri_mathis,Damarri Mathis,DB,,2023,0,UNK
,,,,,0.0,micheal_clemons,Micheal Clemons,DE,,2023,0,UNK
,,,,,69.17999999999999,bailey_zappe,Bailey Zappe,QB,,2023,0,UNK
,,,,,0.0,kyler_gordon,Kyler Gordon,CB,,2023,0,UNK
,,,,,0.0,cam_jurgens,Cam Jurgens,C,,2023,0,UNK
,,,,,0.0,brandon_smith,Brandon Smith,LB,,2023,0,UNK
,,,,,0.0,max_mitchell,Max Mitchell,OT,,2023,0,UNK
,,,,,25.5,daniel_bellinger,Daniel Bellinger,TE,,2023,0,UNK
,,,,,0.0,arnold_ebiketie,Arnold Ebiketie,LB,,2023,0,UNK
,,,,,73.2,wan'dale_robinson,Wan'Dale Robinson,WR,,2023,0,UNK
,,,,,0.0,jalyn_armour-davis,Jalyn Armour-Davis,CB,,2023,0,UNK
170.0,,,170,15,214.5,breece_hall,Breece Hall,RB,,2023,0,UNK
,,,,,0.0,alontae_taylor,Alontae Taylor,CB,,2023,0,UNK
85.0,,,85,8,176.14,desmond_ridder,Desmond Ridder,QB,,2023,0,UNK
,,,,,0.0,dane_belton,Dane Belton,SAF,,2023,0,UNK
43.0,,,43,4,73.30000000000001,christian_watson,Christian Watson,WR,,2023,0,UNK
,,,,,0.0,roger_mccreary,Roger McCreary,CB,,2023,0,UNK
,,,,,0.0,perrion_winfrey,Perrion Winfrey,DT,,2023,0,UNK
,,,,,0.0,logan_hall,Logan Hall,DE,,2023,0,UNK
,,,,,3.0600000000000005,malik_willis,Malik Willis,QB,,2023,0,UNK
,,,,,71.5,cade_otton,Cade Otton,TE,,2023,0,UNK
,,,,,0.0,andrew_booth,Andrew Booth,CB,,2023,0,UNK
,,,,,0.0,ed_ingram,Ed Ingram,G,,2023,0,UNK
,,,,,0.0,boye_mafe,Boye Mafe,DE,,2023,0,UNK
38.0,,,38,4,170.4,kenneth_walker_iii,Kenneth Walker III,RB,,2023,0,UNK
,,,,,0.0,jaquan_brisker,Jaquan Brisker,SAF,,2023,0,UNK
,,,,,0.0,coby_bryant,Coby Bryant,CB,,2023,0,UNK
,,,,,0.0,david_ojabo,David Ojabo,LB,,2023,0,UNK
,,,,,0.0,lucas_havrisik,Lucas Havrisik,K,,2023,0,UNK
,,,,,0.0,alex_ward,Alex Ward,LS,,2023,0,UNK
,,,,,0.0,quindell_johnson,Quindell Johnson,DB,,2023,0,UNK
,,,,,0.0,kyu_blu_kelly,Kyu Blu Kelly,CB,,2023,0,UNK
,,,,,0.0,jalen_carter,Jalen Carter,DT,,2023,0,UNK
,,,,,0.0,colby_wooden,Colby Wooden,DE,,2023,0,UNK
,,,,,0.0,darius_rush,Darius Rush,CB,,2023,0,UNK
,,,,,11.3,israel_abanikanda,Israel Abanikanda,RB,,2023,0,UNK
,,,,,0.0,noah_sewell,Noah Sewell,LB,,2023,0,UNK
,,,,,1.28,sean_clifford,Sean Clifford,QB,,2023,0,UNK
,,,,,80.76,dontayvion_wicks,Dontayvion Wicks,WR,,2023,0,UNK
,,,,,20.700000000000003,will_mallory,Will Mallory,TE,,2023,0,UNK
,,,,,0.0,terell_smith,Terell Smith,CB,,2023,0,UNK
,,,,,7.0,eric_gray,Eric Gray,RB,,2023,0,UNK
,,,,,0.7000000000000001,evan_hull,Evan Hull,RB,,2023,0,UNK
,,,,,0.0,karl_brooks,Karl Brooks,DT,,2023,0,UNK
,,,,,0.0,jarrick_bernard-converse,Jarrick Bernard-Converse,CB,,2023,0,UNK
,,,,,0.0,anders_carlson,Anders Carlson,K,,2023,0,UNK
,,,,,0.0,tre_hawkins_iii,Tre Hawkins III,CB,,2023,0,UNK
,,,,,0.0,travis_bell,Travis Bell,DT,,2023,0,UNK
,,,,,0.0,carrington_valentine,Carrington Valentine,DB,,2023,0,UNK
,,,,,0.0,anthony_johnson_jr.,Anthony Johnson Jr.,SAF,,2023,0,UNK
,,,,,0.0,moro_ojomo,Moro Ojomo,DT,,2023,0,UNK
,,,,,0.0,gervarrius_owens,Gervarrius Owens,SAF,,2023,0,UNK
,,,,,53.26,tyson_bagent,Tyson Bagent,QB,,2023,0,UNK
,,,,,0.0,jalen_harris,Jalen Harris,DE,,2023,0,UNK
,,,,,60.900000000000006,keaton_mitchell,Keaton Mitchell,RB,,2023,0,UNK
,,,,,18.5,malik_heath,Malik Heath,WR,,2023,0,UNK
,,,,,0.0,henry_pearson,Henry Pearson,TE,,2023,0,UNK
,,,,,0.0,benny_sapp_iii,Benny Sapp III,SAF,,2023,0,UNK
,,,,,0.0,alex_cook,Alex Cook,SAF,,2023,0,UNK
,,,,,93.53999999999999,tommy_devito,Tommy DeVito,QB,,2023,0,UNK
,,,,,0.0,eli_ricks,Eli Ricks,CB,,2023,0,UNK
,,,,,0.0,brady_russell,Brady Russell,RB,,2023,0,UNK
,,,,,0.0,ben_vansumeren,Ben VanSumeren,RB,,2023,0,UNK
,,,,,0.0,ty_zentner,Ty Zentner,P,,2023,0,UNK
,,,,,11.600000000000001,jason_brownlee,Jason Brownlee,WR,,2023,0,UNK
,,,,,41.7,xavier_gipson,Xavier Gipson,WR,,2023,0,UNK
,,,,,0.0,trenton_simpson,Trenton Simpson,LB,,2023,0,UNK
,,,,,0.0,tavius_robinson,Tavius Robinson,LB,,2023,0,UNK
,,,,,0.0,jordon_riley,Jordon Riley,DT,,2023,0,UNK
,,,,,0.0,cam_jones,Cam Jones,LB,,2023,0,UNK
,,,,,0.0,kahlef_hailassie,Kahlef Hailassie,DB,,2023,0,UNK
,,,,,0.0,dj_johnson,DJ Johnson,DE,,2023,0,UNK
,,,,,0.0,chandler_zavala,Chandler Zavala,G,,2023,0,UNK
,,,,,0.0,paris_johnson_jr.,Paris Johnson Jr.,OT,,2023,0,UNK
,,,,,0.0,tyree_wilson,Tyree Wilson,DE,,2023,0,UNK
14.0,,,14,2,188.3,bijan_robinson,Bijan Robinson,RB,,2023,0,UNK
83.0,,,83,7,86.80000000000001,jaxon_smith-njigba,Jaxon Smith-Njigba,WR,,2023,0,UNK
105.0,,,105,9,56.0,quentin_johnston,Quentin Johnston,WR,,2023,0,UNK
,,,,,0.0,mazi_smith,Mazi Smith,DT,,2023,0,UNK
,,,,,0.0,myles_murphy,Myles Murphy,DE,,2023,0,UNK
,,,,,18.5,luke_schoonmaker,Luke Schoonmaker,TE,,2023,0,UNK
,,,,,0.0,o'cyrus_torrence,O'Cyrus Torrence,G,,2023,0,UNK
,,,,,0.0,dj_turner_ii,DJ Turner II,CB,,2023,0,UNK
113.0,,,113,10,33.3,kendre_miller,Kendre Miller,RB,,2023,0,UNK
,,,,,0.0,riley_moss,Riley Moss,CB,,2023,0,UNK
,,,,,0.0,daiyan_henley,Daiyan Henley,LB,,2023,0,UNK
,,,,,0.0,ji'ayir_brown,Ji'Ayir Brown,SAF,,2023,0,UNK
88.0,,,88,8,23.8,tank_bigsby,Tank Bigsby,RB,,2023,0,UNK
,,,,,0.0,dorian_williams,Dorian Williams,LB,,2023,0,UNK
,,,,,6.1000000000000005,darnell_washington,Darnell Washington,TE,,2023,0,UNK
,,,,,76.5,michael_wilson,Michael Wilson,WR,,2023,0,UNK
,,,,,0.0,jordan_battle,Jordan Battle,SAF,,2023,0,UNK
,,,,,0.0,siaki_ika,Siaki Ika,DT,,2023,0,UNK
,,,,,0.0,jake_moody,Jake Moody,K,,2023,0,UNK
,,,,,52.800000000000004,tre_tucker,Tre Tucker,WR,,2023,0,UNK
,,,,,0.0,mekhi_blackmon,Mekhi Blackmon,DB,,2023,0,UNK
,,,,,0.0,chad_ryland,Chad Ryland,K,,2023,0,UNK
,,,,,0.0,clark_phillips_iii,Clark Phillips III,CB,,2023,0,UNK
,,,,,0.0,sidy_sow,Sidy Sow,G,,2023,0,UNK
,,,,,0.0,cameron_young,Cameron Young,DT,,2023,0,UNK
,,,,,22.7,derius_davis,Derius Davis,WR,,2023,0,UNK
,,,,,0.0,isaiah_mcguire,Isaiah McGuire,DE,,2023,0,UNK
,,,,,13.7,charlie_jones,Charlie Jones,WR,,2023,0,UNK
,,,,,0.0,nick_herbig,Nick Herbig,LB,,2023,0,UNK
,,,,,0.0,jay_ward,Jay Ward,SAF,,2023,0,UNK
,,,,,125.82,aidan_o'connell,Aidan O'Connell,QB,,2023,0,UNK
,,,,,0.0,yasir_abdullah,Yasir Abdullah,LB,,2023,0,UNK
,,,,,0.0,kj_henry,KJ Henry,DE,,2023,0,UNK
,,,,,7.48,clayton_tune,Clayton Tune,QB,,2023,0,UNK
,,,,,22.1,dorian_thompson-robinson,Dorian Thompson-Robinson,QB,,2023,0,UNK
,,,,,0.0,jaquelin_roy,Jaquelin Roy,DT,,2023,0,UNK
,,,,,0.0,cameron_mitchell,Cameron Mitchell,DB,,2023,0,UNK
,,,,,0.0,atonio_mafi,Atonio Mafi,G,,2023,0,UNK
,,,,,0.0,jammie_robinson,Jammie Robinson,SAF,,2023,0,UNK
,,,,,0.0,jordan_howden,Jordan Howden,SAF,,2023,0,UNK
,,,,,15.4,josh_whyle,Josh Whyle,TE,,2023,0,UNK
,,,,,0.0,mike_morris,Mike Morris,DE,,2023,0,UNK
,,,,,0.0,colby_sorsdal,Colby Sorsdal,G,,2023,0,UNK
,,,,,0.0,olu_oluwatimi,Olu Oluwatimi,C,,2023,0,UNK
,,,,,0.0,darrell_luter_jr.,Darrell Luter Jr.,CB,,2023,0,UNK
,,,,,0.0,antonio_johnson,Antonio Johnson,SAF,,2023,0,UNK
,,,,,39.5,chase_brown,Chase Brown,RB,,2023,0,UNK
,,,,,2.12,jaren_hall,Jaren Hall,QB,,2023,0,UNK
,,,,,0.0,henry_to'oto'o,Henry To'oTo'o,LB,,2023,0,UNK
,,,,,0.0,owen_pappoe,Owen Pappoe,LB,,2023,0,UNK
,,,,,0.0,chris_smith_ii,Chris Smith II,S,,2023,0,UNK
,,,,,0.0,robert_beal_jr.,Robert Beal Jr.,DE,,2023,0,UNK
,,,,,23.200000000000003,parker_washington,Parker Washington,WR,,2023,0,UNK
,,,,,0.0,jaelyn_duncan,Jaelyn Duncan,OT,,2023,0,UNK
,,,,,1.9000000000000001,kayshon_boutte,Kayshon Boutte,WR,,2023,0,UNK
,,,,,0.0,luke_wypler,Luke Wypler,C,,2023,0,UNK
,,,,,0.0,bryce_baringer,Bryce Baringer,P,,2023,0,UNK
,,,,,35.900000000000006,chris_rodriguez_jr.,Chris Rodriguez Jr.,RB,,2023,0,UNK
,,,,,48.6,a.t._perry,A.T. Perry,WR,,2023,0,UNK
,,,,,0.0,jerrick_reed_ii,Jerrick Reed II,SAF,,2023,0,UNK
,,,,,0.0,scott_matlock,Scott Matlock,DT,,2023,0,UNK
,,,,,0.0,jarrett_patterson,Jarrett Patterson,C,,2023,0,UNK
,,,,,0.0,amari_burney,Amari Burney,LB,,2023,0,UNK
,,,,,13.9,xavier_hutchinson,Xavier Hutchinson,WR,,2023,0,UNK
,,,,,35.6,andrei_iosivas,Andrei Iosivas,WR,,2023,0,UNK
,,,,,58.2,demario_douglas,DeMario Douglas,WR,,2023,0,UNK
167.0,,,167,14,8.0,deuce_vaughn,Deuce Vaughn,RB,,2023,0,UNK
,,,,,0.0,dante_stills,Dante Stills,DT,,2023,0,UNK
,,,,,0.0,ameer_speed,Ameer Speed,CB,,2023,0,UNK
,,,,,0.0,dee_winters,Dee Winters,LB,,2023,0,UNK
,,,,,0.0,brad_robbins,Brad Robbins,P,,2023,0,UNK
,,,,,0.2,antoine_green,Antoine Green,WR,,2023,0,UNK
,,,,,0.0,demarcco_hellams,DeMarcco Hellams,SAF,,2023,0,UNK
,,,,,0.30000000000000004,colton_dowell,Colton Dowell,WR,,2023,0,UNK
,,,,,0.0,nesta_jade_silvera,Nesta Jade Silvera,DT,,2023,0,UNK
,,,,,0.0,andre_jones_jr.,Andre Jones Jr.,LB,,2023,0,UNK
,,,,,6.4,jalen_brooks,Jalen Brooks,WR,,2023,0,UNK
,,,,,0.0,d.j._ivey,D.J. Ivey,CB,,2023,0,UNK
,,,,,0.0,brayden_willis,Brayden Willis,TE,,2023,0,UNK
,,,,,0.0,alex_austin,Alex Austin,CB,,2023,0,UNK
,,,,,24.8,ronnie_bell,Ronnie Bell,WR,,2023,0,UNK
,,,,,0.0,jalen_graham,Jalen Graham,LB,,2023,0,UNK
,,,,,0.0,cory_durden,Cory Durden,DT,,2023,0,UNK
,,,,,0.0,mohamed_ibrahim,Mohamed Ibrahim,RB,,2023,0,UNK
,,,,,0.0,trevor_nowaske,Trevor Nowaske,LB,,2023,0,UNK
,,,,,0.0,starling_thomas_v,Starling Thomas V,CB,,2023,0,UNK
,,,,,3.8000000000000003,elijah_cooks,Elijah Cooks,WR,,2023,0,UNK
,,,,,0.0,divaad_wilson,Divaad Wilson,CB,,2023,0,UNK
,,,,,0.0,jordan_mims,Jordan Mims,RB,,2023,0,UNK
,,,,,0.0,ethan_bonner,Ethan Bonner,CB,,2023,0,UNK
,,,,,10.600000000000001,chris_brooks,Chris Brooks,RB,,2023,0,UNK
,,,,,0.0,brandon_pili,Brandon Pili,DT,,2023,0,UNK
,,,,,52.300000000000004,emari_demercado,Emari Demercado,RB,,2023,0,UNK
,,,,,0.0,mohamoud_diabate,Mohamoud Diabate,LB,,2023,0,UNK
,,,,,0.0,ronnie_hickman_jr.,Ronnie Hickman Jr.,SAF,,2023,0,UNK
,,,,,0.0,tanner_mccalister,Tanner McCalister,SAF,,2023,0,UNK
,,,,,0.0,charlie_thomas,Charlie Thomas,LB,,2023,0,UNK
,,,,,2.8000000000000007,julian_hill,Julian Hill,TE,,2023,0,UNK
,,,,,0.0,tj_bass,TJ Bass,OT,,2023,0,UNK
,,,,,0.0,isaiah_land,Isaiah Land,LB,,2023,0,UNK
,,,,,9.7,hunter_luepke,Hunter Luepke,RB,,2023,0,UNK
,,,,,0.0,tyrus_wheat,Tyrus Wheat,DE,,2023,0,UNK
,,,,,37.900000000000006,jake_bobo,Jake Bobo,WR,,2023,0,UNK
,,,,,0.0,patrick_o'connell,Patrick O'Connell,LB,,2023,0,UNK
,,,,,0.0,ty_okada,Ty Okada,SAF,,2023,0,UNK
,,,,,0.0,chris_stoll,Chris Stoll,LS,,2023,0,UNK
,,,,,0.0,nash_jensen,Nash Jensen,G,,2023,0,UNK
,,,,,0.0,eku_leota,Eku Leota,LB,,2023,0,UNK
,,,,,2.2,nate_adkins,Nate Adkins,TE,,2023,0,UNK
,,,,,0.0,thomas_incoom,Thomas Incoom,LB,,2023,0,UNK
,,,,,75.0,jaleel_mclaughlin,Jaleel McLaughlin,RB,,2023,0,UNK
,,,,,0.0,pj_mustipher,PJ Mustipher,DT,,2023,0,UNK
,,,,,10.8,emanuel_wilson,Emanuel Wilson,RB,,2023,0,UNK
,,,,,0.0,andre_carter_ii,Andre Carter II,LB,,2023,0,UNK
,,,,,0.0,ivan_pace_jr.,Ivan Pace Jr.,LB,,2023,0,UNK
,,,,,8.1,ben_sims,Ben Sims,TE,,2023,0,UNK
,,,,,0.0,najee_thompson,NaJee Thompson,CB,,2023,0,UNK
,,,,,0.0,jaylin_williams,Jaylin Williams,DB,,2023,0,UNK
,,,,,0.0,christian_izien,Christian Izien,SAF,,2023,0,UNK
,,,,,6.0,rakim_jarrett,Rakim Jarrett,WR,,2023,0,UNK
,,,,,0.0,kaevon_merriweather,Kaevon Merriweather,SAF,,2023,0,UNK
,,,,,0.0,derrek_pitts,Derrek Pitts,CB,,2023,0,UNK
,,,,,0.0,joshua_pryor,Joshua Pryor,DE,,2023,0,UNK
,,,,,0.0,matthew_jackson,Matthew Jackson,DB,,2023,0,UNK
,,,,,0.0,anthony_kendall,Anthony Kendall,CB,,2023,0,UNK
,,,,,0.0,tk_mclendon_jr.,TK McLendon Jr.,DE,,2023,0,UNK
,,,,,0.0,caleb_murphy,Caleb Murphy,LB,,2023,0,UNK
,,,,,0.0,otis_reese,Otis Reese,LB,,2023,0,UNK
,,,,,1.9000000000000001,elijah_dotson,Elijah Dotson,RB,,2023,0,UNK
,,,,,0.0,andrew_farmer,Andrew Farmer,DE,,2023,0,UNK
,,,,,0.0,aj_finley,AJ Finley,SAF,,2023,0,UNK
,,,,,0.0,d'shawn_jamison,D'Shawn Jamison,DB,,2023,0,UNK
,,,,,0.0,shedrick_jackson,Shedrick Jackson,WR,,2023,0,UNK
,,,,,0.0,blake_grupe,Blake Grupe,K,,2023,0,UNK
,,,,,0.0,lou_hedley,Lou Hedley,P,,2023,0,UNK
,,,,,0.0,malik_cunningham,Malik Cunningham,WR,,2023,0,UNK
,,,,,0.0,drake_thomas,Drake Thomas,LB,,2023,0,UNK
,,,,,0.0,darnell_wright,Darnell Wright,OT,,2023,0,UNK
110.0,,,110,10,77.3,dalton_kincaid,Dalton Kincaid,TE,,2023,0,UNK
,,,,,0.0,anton_harrison,Anton Harrison,OT,,2023,0,UNK
,,,,,9.5,brenton_strange,Brenton Strange,TE,,2023,0,UNK
,,,,,0.0,juice_scruggs,Juice Scruggs,C,,2023,0,UNK
,,,,,0.0,zacch_pickens,Zacch Pickens,DT,,2023,0,UNK
128.0,,,128,11,37.300000000000004,jalin_hyatt,Jalin Hyatt,WR,,2023,0,UNK
,,,,,0.0,brodric_martin,Brodric Martin,DT,,2023,0,UNK
,,,,,0.0,tyler_lacy,Tyler Lacy,DE,,2023,0,UNK
,,,,,18.900000000000002,tyler_scott,Tyler Scott,WR,,2023,0,UNK
,,,,,3.2,sean_tucker,Sean Tucker,RB,,2023,0,UNK
,,,,,0.0,markees_watts,Markees Watts,LB,,2023,0,UNK
,,,,,0.0,eric_garror,Eric Garror,CB,,2023,0,UNK
,,,,,0.0,kearis_jackson,Kearis Jackson,WR,,2023,0,UNK
108.0,,,108,9,52.7,marvin_mims_jr.,Marvin Mims Jr.,WR,,2023,0,UNK
,,,,,118.0,tank_dell,Tank Dell,WR,,2023,0,UNK
,,,,,0.0,byron_young,Byron Young,LB,,2023,0,UNK
,,,,,23.200000000000003,cedric_tillman,Cedric Tillman,WR,,2023,0,UNK
,,,,,0.0,zach_harrison,Zach Harrison,DE,,2023,0,UNK
,,,,,0.0,wanya_morris,Wanya Morris,OT,,2023,0,UNK
,,,,,0.0,chamarri_conner,Chamarri Conner,DB,,2023,0,UNK
,,,,,0.0,bj_thompson,BJ Thompson,DE,,2023,0,UNK
,,,,,0.0,kei'trel_clark,Kei'Trel Clark,CB,,2023,0,UNK
,,,,,0.0,keondre_coburn,Keondre Coburn,DE,,2023,0,UNK
,,,,,0.0,nic_jones,Nic Jones,CB,,2023,0,UNK
75.0,,,75,7,151.3,jordan_addison,Jordan Addison,WR,,2023,0,UNK
,,,,,0.0,bryan_bresee,Bryan Bresee,DT,,2023,0,UNK
,,,,,47.5,tucker_kraft,Tucker Kraft,TE,,2023,0,UNK
,,,,,89.10000000000001,josh_downs,Josh Downs,WR,,2023,0,UNK
,,,,,0.0,deonte_banks,Deonte Banks,CB,,2023,0,UNK
,,,,,0.0,tyler_steen,Tyler Steen,OT,,2023,0,UNK
,,,,,0.0,sydney_brown,Sydney Brown,SAF,,2023,0,UNK
,,,,,0.0,drew_sanders,Drew Sanders,LB,,2023,0,UNK
,,,,,0.0,carter_warren,Carter Warren,OT,,2023,0,UNK
,,,,,0.0,felix_anudike-uzomah,Felix Anudike-Uzomah,DE,,2023,0,UNK
,,,,,0.0,garrett_williams,Garrett Williams,CB,,2023,0,UNK
,,,,,0.0,dylan_horton,Dylan Horton,DE,,2023,0,UNK
,,,,,0.0,nolan_smith,Nolan Smith,LB,,2023,0,UNK
,,,,,0.0,dawand_jones,Dawand Jones,OT,,2023,0,UNK
,,,,,0.0,jack_campbell,Jack Campbell,LB,,2023,0,UNK
,,,,,0.0,john_michael_schmitz,John Michael Schmitz,C,,2023,0,UNK
,,,,,0.0,anthony_bradford,Anthony Bradford,G,,2023,0,UNK
154.0,,,154,13,68.1,roschon_johnson,Roschon Johnson,RB,,2023,0,UNK
,,,,,0.0,adetomiwa_adebawore,Adetomiwa Adebawore,DT,,2023,0,UNK
159.0,,,159,14,101.80000000000001,tyjae_spears,Tyjae Spears,RB,,2023,0,UNK
,,,,,0.0,peter_skoronski,Peter Skoronski,OT,,2023,0,UNK
118.0,,,118,10,163.7,de'von_achane,De'Von Achane,RB,,2023,0,UNK
,,,,,22.3,elijah_higgins,Elijah Higgins,TE,,2023,0,UNK
,,,,,0.0,derick_hall,Derick Hall,LB,,2023,0,UNK
,,,,,0.0,matthew_bergeron,Matthew Bergeron,OL,,2023,0,UNK
,,,,,0.0,sirvocea_dennis,SirVocea Dennis,LB,,2023,0,UNK
,,,,,5.800000000000001,payne_durham,Payne Durham,TE,,2023,0,UNK
,,,,,0.0,josh_hayes,Josh Hayes,DB,,2023,0,UNK
,,,,,56.7,trey_palmer,Trey Palmer,WR,,2023,0,UNK
,,,,,0.0,marte_mapu,Marte Mapu,LB,,2023,0,UNK
,,,,,0.0,steve_avila,Steve Avila,G,,2023,0,UNK
,,,,,0.0,ethan_evans,Ethan Evans,P,,2023,0,UNK
,,,,,0.0,jason_taylor_ii,Jason Taylor II,SAF,,2023,0,UNK
,,,,,0.0,desjuan_johnson,Desjuan Johnson,DE,,2023,0,UNK
130.0,,,130,11,41.800000000000004,jonathan_mingo,Jonathan Mingo,WR,,2023,0,UNK
,,,,,0.0,calijah_kancey,Calijah Kancey,DT,,2023,0,UNK
78.0,,,78,7,129.4,zay_flowers,Zay Flowers,WR,,2023,0,UNK
,,,,,153.3,sam_laporta,Sam LaPorta,TE,,2023,0,UNK
,,,,,44.400000000000006,michael_mayer,Michael Mayer,TE,,2023,0,UNK
126.0,,,126,11,133.5,rashee_rice,Rashee Rice,WR,,2023,0,UNK
,,,,,0.0,yaya_diaby,Yaya Diaby,LB,,2023,0,UNK
,,,,,0.0,gervon_dexter_sr.,Gervon Dexter Sr.,DT,,2023,0,UNK
,,,,,0.0,tyrique_stevenson,Tyrique Stevenson,CB,,2023,0,UNK
,,,,,0.0,jakorian_bennett,Jakorian Bennett,DB,,2023,0,UNK
,,,,,15.5,davis_allen,Davis Allen,TE,,2023,0,UNK
,,,,,193.5,puka_nacua,Puka Nacua,WR,,2023,0,UNK
,,,,,0.0,nick_hampton,Nick Hampton,LB,,2023,0,UNK
,,,,,0.0,will_anderson_jr.,Will Anderson Jr.,DE,,2023,0,UNK
,,,,,0.0,broderick_jones,Broderick Jones,OT,,2023,0,UNK
,,,,,0.0,keeanu_benton,Keeanu Benton,DT,,2023,0,UNK
,,,,,0.0,tuli_tuipulotu,Tuli Tuipulotu,LB,,2023,0,UNK
,,,,,0.0,lukas_van_ness,Lukas Van Ness,LB,,2023,0,UNK
,,,,,0.0,cam_smith,Cam Smith,CB,,2023,0,UNK
,,,,,0.0,tre_tomlinson,Tre Tomlinson,CB,,2023,0,UNK
,,,,,0.0,ochaun_mathis,Ochaun Mathis,LB,,2023,0,UNK
,,,,,1.9000000000000001,zach_evans,Zach Evans,RB,,2023,0,UNK
,,,,,0.0,kobie_turner,Kobie Turner,DE,,2023,0,UNK
20.0,,,20,2,190.10000000000002,jahmyr_gibbs,Jahmyr Gibbs,RB,,2023,0,UNK
,,,,,0.0,kelee_ringo,Kelee Ringo,CB,,2023,0,UNK
,,,,,0.0,brian_branch,Brian Branch,CB,,2023,0,UNK
,,,,,0.0,will_mcdonald_iv,Will McDonald IV,DE,,2023,0,UNK
,,,,,0.0,isaiah_foskey,Isaiah Foskey,DE,,2023,0,UNK
,,,,,41.2,luke_musgrave,Luke Musgrave,TE,,2023,0,UNK
,,,,,0.0,joe_tippmann,Joe Tippmann,C,,2023,0,UNK
139.0,,,139,12,153.2,jayden_reed,Jayden Reed,WR,,2023,0,UNK
,,,,,0.0,christian_gonzalez,Christian Gonzalez,CB,,2023,0,UNK
,,,,,0.0,keion_white,Keion White,DE,,2023,0,UNK
,,,,,0.0,quan_martin,Quan Martin,SAF,,2023,0,UNK
116.0,,,116,10,156.38,bryce_young,Bryce Young,QB,,2023,0,UNK
,,,,,0.0,emmanuel_forbes,Emmanuel Forbes,CB,,2023,0,UNK
,,,,,102.02000000000001,will_levis,Will Levis,QB,,2023,0,UNK
,,,,,0.0,bj_ojulari,BJ Ojulari,LB,,2023,0,UNK
,,,,,0.0,julius_brents,Julius Brents,CB,,2023,0,UNK
,,,,,0.0,cody_mauch,Cody Mauch,G,,2023,0,UNK
,,,,,0.0,blake_freeland,Blake Freeland,OT,,2023,0,UNK
112.0,,,112,10,275.02,c.j._stroud,C.J. Stroud,QB,,2023,0,UNK
,,,,,72.68,anthony_richardson,Anthony Richardson,QB,,2023,0,UNK
71.0,,,71,6,73.10000000000001,zach_charbonnet,Zach Charbonnet,RB,,2023,0,UNK
,,,,,0.0,joey_porter_jr.,Joey Porter Jr.,CB,,2023,0,UNK
,,,,,0.0,devon_witherspoon,Devon Witherspoon,CB,,2023,0,UNK
80.0,,,80,7,256.58,aaron_rodgers,Aaron Rodgers,QB,,2024,0,UNK
,,,,,0.0,matt_prater,Matt Prater,K,,2024,0,UNK
,,,,,0.2,marcedes_lewis,Marcedes Lewis,TE,,2024,0,UNK
,,,,,0.0,nick_folk,Nick Folk,K,,2024,0,UNK
,,,,,0.0,j.j._jansen,J.J. Jansen,LS,,2024,0,UNK
,,,,,99.03999999999999,joe_flacco,Joe Flacco,QB,,2024,0,UNK
,,,,,0.0,calais_campbell,Calais Campbell,DE,,2024,0,UNK
,,,,,0.78,josh_johnson,Josh Johnson,QB,,2024,0,UNK
55.0,,,55,5,214.57999999999998,matthew_stafford,Matthew Stafford,QB,,2024,0,UNK
,,,,,0.0,graham_gano,Graham Gano,K,,2024,0,UNK
,,,,,0.0,thomas_morstead,Thomas Morstead,P,,2024,0,UNK
,,,,,0.0,morgan_cox,Morgan Cox,LS,,2024,0,UNK
,,,,,0.0,trent_williams,Trent Williams,OT,,2024,0,UNK
,,,,,0.0,brandon_graham,Brandon Graham,DE,,2024,0,UNK
,,,,,0.0,kareem_jackson,Kareem Jackson,S,,2024,0,UNK
,,,,,0.0,jerry_hughes,Jerry Hughes,DE,,2024,0,UNK
,,,,,0.0,linval_joseph,Linval Joseph,DT,,2024,0,UNK
,,,,,0.0,von_miller,Von Miller,OLB,,2024,0,UNK
,,,,,0.0,tyron_smith,Tyron Smith,OT,,2024,0,UNK
,,,,,0.0,cameron_jordan,Cameron Jordan,LB,,2024,0,UNK
,,,,,0.0,cameron_heyward,Cameron Heyward,DE,,2024,0,UNK
,,,,,58.96,andy_dalton,Andy Dalton,QB,,2024,0,UNK
,,,,,20.06,tyrod_taylor,Tyrod Taylor,QB,,2024,0,UNK
,,,,,0.0,lawrence_guy,Lawrence Guy,DT,,2024,0,UNK
,,,,,0.0,nick_bellore,Nick Bellore,LB,,2024,0,UNK
,,,,,0.0,josh_harris,Josh Harris,LS,,2024,0,UNK
,,,,,0.0,johnny_hekker,Johnny Hekker,P,,2024,0,UNK
,,,,,6.0,rodney_mcleod_jr.,Rodney McLeod Jr.,FS,,2024,0,UNK
,,,,,0.0,tashaun_gipson,Tashaun Gipson,FS,,2024,0,UNK
,,,,,0.0,aaron_brewer,Aaron Brewer,C,,2024,0,UNK
,,,,,0.0,charley_hughlett,Charley Hughlett,LS,,2024,0,UNK
,,,,,0.0,bobby_wagner,Bobby Wagner,MLB,,2024,0,UNK
127.0,,,127,11,172.78,russell_wilson,Russell Wilson,QB,,2024,0,UNK
,,,,,0.0,kelvin_beachum,Kelvin Beachum,OT,,2024,0,UNK
,,,,,0.0,stephon_gilmore,Stephon Gilmore,CB,,2024,0,UNK
,,,,,0.0,lavonte_david,Lavonte David,OLB,,2024,0,UNK
,,,,,0.0,kevin_zeitler,Kevin Zeitler,G,,2024,0,UNK
,,,,,0.0,justin_tucker,Justin Tucker,K,,2024,0,UNK
83.0,,,83,7,176.32,kirk_cousins,Kirk Cousins,QB,,2024,0,UNK
,,,,,0.0,harrison_smith,Harrison Smith,FS,,2024,0,UNK
,,,,,0.0,demario_davis,Demario Davis,OLB,,2024,0,UNK
,,,,,0.0,greg_zuerlein,Greg Zuerlein,K,,2024,0,UNK
,,,,,0.0,greg_van_roten,Greg Van Roten,G,,2024,0,UNK
,,,,,0.16,bryan_anger,Bryan Anger,P,,2024,0,UNK
,,,,,0.0,andrew_depaola,Andrew DePaola,LS,,2024,0,UNK
,,,,,0.0,brandon_mcmanus,Brandon McManus,K,,2024,0,UNK
,,,,,38.6,kyle_juszczyk,Kyle Juszczyk,FB,,2024,0,UNK
,,,,,0.0,chris_hubbard,Chris Hubbard,OT,,2024,0,UNK
134.0,,,134,12,91.5,adam_thielen,Adam Thielen,WR,,2024,0,UNK
,,,,,111.4,zach_ertz,Zach Ertz,TE,,2024,0,UNK
,,,,,0.0,darius_slay,Darius Slay,CB,,2024,0,UNK
,,,,,0.0,johnathan_hankins,Johnathan Hankins,DT,,2024,0,UNK
,,,,,0.0,terron_armstead,Terron Armstead,OT,,2024,0,UNK
,,,,,0.0,john_jenkins,John Jenkins,DT,,2024,0,UNK
,,,,,0.0,sam_martin,Sam Martin,P,,2024,0,UNK
,,,,,0.0,dustin_hopkins,Dustin Hopkins,K,,2024,0,UNK
,,,,,0.0,jordan_poyer,Jordan Poyer,FS,,2024,0,UNK
,,,,,0.0,tress_way,Tress Way,P,,2024,0,UNK
157.0,,,157,14,114.4,keenan_allen,Keenan Allen,WR,,2024,0,UNK
,,,,,0.0,tony_jefferson,Tony Jefferson,S,,2024,0,UNK
,,,,,0.0,william_gholston,William Gholston,DT,,2024,0,UNK
,,,,,18.3,robert_woods,Robert Woods,WR,,2024,0,UNK
,,,,,0.0,tyrann_mathieu,Tyrann Mathieu,FS,,2024,0,UNK
23.0,,,23,2,98.4,travis_kelce,Travis Kelce,TE,,2024,0,UNK
,,,,,0.0,lane_johnson,Lane Johnson,OT,,2024,0,UNK
85.0,,,85,8,91.0,deandre_hopkins,DeAndre Hopkins,WR,,2024,0,UNK
92.0,,,92,8,266.0,geno_smith,Geno Smith,QB,,2024,0,UNK
,,,,,25.5,cordarrelle_patterson,Cordarrelle Patterson,RB,,2024,0,UNK
,,,,,0.0,james_winchester,James Winchester,LS,,2024,0,UNK
,,,,,0.0,cornelius_lucas,Cornelius Lucas,OT,,2024,0,UNK
,,,,,0.0,mike_pennel,Mike Pennel,DT,,2024,0,UNK
,,,,,0.0,casey_kreiter,Casey Kreiter,LS,,2024,0,UNK
,,,,,0.0,khalil_mack,Khalil Mack,OLB,,2024,0,UNK
,,,,,0.0,daquan_jones,DaQuan Jones,DT,,2024,0,UNK
,,,,,0.0,pat_o'donnell,Pat O'Donnell,P,,2024,0,UNK
,,,,,0.0,shaquil_barrett,Shaquil Barrett,LB,,2024,0,UNK
,,,,,0.0,chris_boswell,Chris Boswell,K,,2024,0,UNK
,,,,,0.0,brent_urban,Brent Urban,DE,,2024,0,UNK
,,,,,0.0,cairo_santos,Cairo Santos,K,,2024,0,UNK
,,,,,5.5,odell_beckham_jr.,Odell Beckham Jr.,WR,,2024,0,UNK
153.0,,,153,13,43.6,brandin_cooks,Brandin Cooks,WR,,2024,0,UNK
,,,,,0.0,denico_autry,Denico Autry,DT,,2024,0,UNK
,,,,,0.0,shelby_harris,Shelby Harris,DE,,2024,0,UNK
,,,,,0.0,jake_matthews,Jake Matthews,OT,,2024,0,UNK
109.0,,,109,10,150.9,derek_carr,Derek Carr,QB,,2024,0,UNK
,,,,,0.0,c.j._mosley,C.J. Mosley,ILB,,2024,0,UNK
,,,,,0.0,jimmie_ward,Jimmie Ward,SAF,,2024,0,UNK
,,,,,0.0,jordan_matthews,Jordan Matthews,TE,,2024,0,UNK
,,,,,0.0,morgan_moses,Morgan Moses,OT,,2024,0,UNK
,,,,,19.86,jimmy_garoppolo,Jimmy Garoppolo,QB,,2024,0,UNK
,,,,,0.0,c.j._goodwin,C.J. Goodwin,CB,,2024,0,UNK
,,,,,0.0,kyle_van_noy,Kyle Van Noy,MLB,,2024,0,UNK
,,,,,0.0,michael_palardy,Michael Palardy,P,,2024,0,UNK
,,,,,0.0,jadeveon_clowney,Jadeveon Clowney,OLB,,2024,0,UNK
16.0,,,16,2,156.3,davante_adams,Davante Adams,WR,,2024,0,UNK
22.0,,,22,2,166.4,mike_evans,Mike Evans,WR,,2024,0,UNK
,,,,,0.0,demarcus_lawrence,DeMarcus Lawrence,LB,,2024,0,UNK
,,,,,0.0,joel_bitonio,Joel Bitonio,G,,2024,0,UNK
,,,,,3.0,allen_robinson,Allen Robinson,WR,,2024,0,UNK
,,,,,9.0,chris_manhertz,Chris Manhertz,TE,,2024,0,UNK
,,,,,0.0,jason_myers,Jason Myers,K,,2024,0,UNK
,,,,,0.0,efe_obada,Efe Obada,DE,,2024,0,UNK
,,,,,131.14,jameis_winston,Jameis Winston,QB,,2024,0,UNK
158.0,,,158,14,78.7,amari_cooper,Amari Cooper,WR,,2024,0,UNK
,,,,,35.1,nelson_agholor,Nelson Agholor,WR,,2024,0,UNK
,,,,,0.0,shaq_thompson,Shaq Thompson,OLB,,2024,0,UNK
,,,,,0.0,eddie_goldman,Eddie Goldman,NT,,2024,0,UNK
,,,,,0.0,eric_kendricks,Eric Kendricks,MLB,,2024,0,UNK
,,,,,0.0,jordan_phillips,Jordan Phillips,DT,,2024,0,UNK
,,,,,0.0,danielle_hunter,Danielle Hunter,DE,,2024,0,UNK
,,,,,0.0,za'darius_smith,Za'Darius Smith,DE,,2024,0,UNK
,,,,,0.0,shaq_mason,Shaq Mason,G,,2024,0,UNK
,,,,,0.0,mark_glowinski,Mark Glowinski,G,,2024,0,UNK
,,,,,0.0,grady_jarrett,Grady Jarrett,DT,,2024,0,UNK
,,,,,10.0,mycole_pruitt,MyCole Pruitt,TE,,2024,0,UNK
,,,,,0.0,bobby_mccain,Bobby McCain,CB,,2024,0,UNK
47.0,,,47,4,74.92000000000002,stefon_diggs,Stefon Diggs,WR,,2024,0,UNK
,,,,,19.3,michael_burton,Michael Burton,FB,,2024,0,UNK
,,,,,0.0,quandre_diggs,Quandre Diggs,S,,2024,0,UNK
52.0,,,52,5,51.900000000000006,raheem_mostert,Raheem Mostert,RB,,2024,0,UNK
,,,,,0.9,eric_tomlinson,Eric Tomlinson,TE,,2024,0,UNK
,,,,,0.0,neville_hewitt,Neville Hewitt,LB,,2024,0,UNK
,,,,,7.2,deandre_carter,DeAndre Carter,WR,,2024,0,UNK
,,,,,0.0,troy_hill,Troy Hill,CB,,2024,0,UNK
,,,,,0.0,deshawn_williams,DeShawn Williams,DE,,2024,0,UNK
,,,,,3.12,taylor_heinicke,Taylor Heinicke,QB,,2024,0,UNK
,,,,,0.0,alex_singleton,Alex Singleton,LB,,2024,0,UNK
,,,,,0.0,rick_lovato,Rick Lovato,LS,,2024,0,UNK
,,,,,0.0,kendall_lamm,Kendall Lamm,OT,,2024,0,UNK
,,,,,0.0,leonard_williams,Leonard Williams,DE,,2024,0,UNK
,,,,,0.0,preston_smith,Preston Smith,DE,,2024,0,UNK
,,,,,0.0,mitch_morse,Mitch Morse,C,,2024,0,UNK
,,,,,0.0,carl_davis,Carl Davis,DT,,2024,0,UNK
,,,,,19.2,jamison_crowder,Jamison Crowder,WR,,2024,0,UNK
,,,,,0.0,rakeem_nunez-roches,Rakeem Nunez-Roches,DT,,2024,0,UNK
,,,,,0.0,dante_fowler_jr.,Dante Fowler Jr.,DE,,2024,0,UNK
,,,,,0.0,brandon_scherff,Brandon Scherff,G,,2024,0,UNK
,,,,,0.0,bradley_pinion,Bradley Pinion,P,,2024,0,UNK
,,,,,0.0,trent_brown,Trent Brown,OT,,2024,0,UNK
,,,,,0.0,denzel_perryman,Denzel Perryman,MLB,,2024,0,UNK
,,,,,85.2,ameer_abdullah,Ameer Abdullah,RB,,2024,0,UNK
,,,,,0.0,angelo_blackson,Angelo Blackson,DE,,2024,0,UNK
,,,,,0.0,kwon_alexander,Kwon Alexander,MLB,,2024,0,UNK
,,,,,7.6000000000000005,chris_conley,Chris Conley,WR,,2024,0,UNK
,,,,,0.0,jordan_hicks,Jordan Hicks,MLB,,2024,0,UNK
,,,,,0.0,c.j._uzomah,C.J. Uzomah,TE,,2024,0,UNK
,,,,,0.7000000000000001,geoff_swaim,Geoff Swaim,TE,,2024,0,UNK
,,,,,0.0,bud_dupree,Bud Dupree,OLB,,2024,0,UNK
,,,,,0.0,t.y._mcgill,T.Y. McGill,DT,,2024,0,UNK
,,,,,0.0,arik_armstead,Arik Armstead,DE,,2024,0,UNK
,,,,,0.0,ronald_darby,Ronald Darby,CB,,2024,0,UNK
94.0,,,94,8,72.0,tyler_lockett,Tyler Lockett,WR,,2024,0,UNK
,,,,,0.0,d.j._humphries,D.J. Humphries,OT,,2024,0,UNK
,,,,,0.0,joe_cardona,Joe Cardona,LS,,2024,0,UNK
,,,,,0.0,laken_tomlinson,Laken Tomlinson,G,,2024,0,UNK
,,,,,0.0,rob_havenstein,Rob Havenstein,OT,,2024,0,UNK
,,,,,0.0,mario_edwards,Mario Edwards,DT,,2024,0,UNK
,,,,,45.760000000000005,marcus_mariota,Marcus Mariota,QB,,2024,0,UNK
,,,,,0.0,tyler_matakevich,Tyler Matakevich,ILB,,2024,0,UNK
,,,,,0.0,deforest_buckner,DeForest Buckner,DT,,2024,0,UNK
,,,,,0.0,eli_apple,Eli Apple,CB,,2024,0,UNK
,,,,,0.0,laremy_tunsil,Laremy Tunsil,OT,,2024,0,UNK
,,,,,0.0,taylor_decker,Taylor Decker,OT,,2024,0,UNK
,,,,,0.0,ryan_kelly,Ryan Kelly,C,,2024,0,UNK
,,,,,0.0,germain_ifedi,Germain Ifedi,OT,,2024,0,UNK
,,,,,48.300000000000004,sterling_shepard,Sterling Shepard,WR,,2024,0,UNK
,,,,,0.0,jarran_reed,Jarran Reed,DT,,2024,0,UNK
,,,,,0.0,deion_jones,Deion Jones,LB,,2024,0,UNK
,,,,,0.0,joe_thuney,Joe Thuney,G,,2024,0,UNK
,,,,,63.599999999999994,austin_hooper,Austin Hooper,TE,,2024,0,UNK
,,,,,31.5,nick_vannett,Nick Vannett,TE,,2024,0,UNK
,,,,,0.0,graham_glasgow,Graham Glasgow,C,,2024,0,UNK
,,,,,0.0,miles_killebrew,Miles Killebrew,SAF,,2024,0,UNK
,,,,,0.0,de'vondre_campbell,De'Vondre Campbell,OLB,,2024,0,UNK
,,,,,0.0,dean_lowry,Dean Lowry,DE,,2024,0,UNK
,,,,,0.0,matthew_judon,Matthew Judon,OLB,,2024,0,UNK
,,,,,0.0,quinton_jefferson,Quinton Jefferson,DE,,2024,0,UNK
,,,,,0.0,dj_reader,DJ Reader,DT,,2024,0,UNK
,,,,,6.360000000000001,brandon_allen,Brandon Allen,QB,,2024,0,UNK
,,,,,0.0,kamu_grugier-hill,Kamu Grugier-Hill,OLB,,2024,0,UNK
,,,,,0.0,elandon_roberts,Elandon Roberts,OLB,,2024,0,UNK
,,,,,0.0,ted_karras,Ted Karras,G,,2024,0,UNK
,,,,,0.0,kyle_peko,Kyle Peko,NT,,2024,0,UNK
,,,,,39.5,kalif_raymond,Kalif Raymond,WR,,2024,0,UNK
,,,,,0.0,reid_ferguson,Reid Ferguson,LS,,2024,0,UNK
,,,,,0.0,mike_hilton,Mike Hilton,CB,,2024,0,UNK
,,,,,0.0,alex_erickson,Alex Erickson,WR,,2024,0,UNK
,,,,,0.0,wil_lutz,Wil Lutz,K,,2024,0,UNK
,,,,,0.0,michael_pierce,Michael Pierce,DT,,2024,0,UNK
,,,,,0.0,jonathan_jones,Jonathan Jones,DB,,2024,0,UNK
,,,,,0.0,roy_robertson-harris,Roy Robertson-Harris,DE,,2024,0,UNK
,,,,,0.0,morgan_fox,Morgan Fox,DE,,2024,0,UNK
,,,,,0.5,robbie_chosen,Robbie Chosen,WR,,2024,0,UNK
,,,,,0.2,jake_brendel,Jake Brendel,C,,2024,0,UNK
,,,,,0.0,ka'imi_fairbairn,Ka'imi Fairbairn,K,,2024,0,UNK
,,,,,0.0,luke_rhodes,Luke Rhodes,LS,,2024,0,UNK
,,,,,0.0,sheldon_rankins,Sheldon Rankins,DT,,2024,0,UNK
,,,,,0.0,chris_jones,Chris Jones,DE,,2024,0,UNK
,,,,,0.0,austin_johnson,Austin Johnson,NT,,2024,0,UNK
19.0,,,19,2,317.4,derrick_henry,Derrick Henry,RB,,2024,0,UNK
,,,,,0.0,cody_whitehair,Cody Whitehair,G,,2024,0,UNK
,,,,,0.0,deon_bush,Deon Bush,SAF,,2024,0,UNK
152.0,,,152,13,92.5,demarcus_robinson,Demarcus Robinson,WR,,2024,0,UNK
,,,,,0.0,jalen_mills,Jalen Mills,CB,,2024,0,UNK
,,,,,0.0,a'shawn_robinson,A'Shawn Robinson,DT,,2024,0,UNK
,,,,,0.0,daryl_worley,Daryl Worley,CB,,2024,0,UNK
,,,,,0.0,nick_vigil,Nick Vigil,OLB,,2024,0,UNK
,,,,,8.5,c.j._ham,C.J. Ham,FB,,2024,0,UNK
,,,,,0.0,antonio_hamilton,Antonio Hamilton,CB,,2024,0,UNK
,,,,,0.0,vonn_bell,Vonn Bell,S,,2024,0,UNK
,,,,,0.0,kevon_seymour,Kevon Seymour,CB,,2024,0,UNK
,,,,,0.12,riley_dixon,Riley Dixon,P,,2024,0,UNK
,,,,,4.72,carson_wentz,Carson Wentz,QB,,2024,0,UNK
,,,,,0.0,isaac_seumalo,Isaac Seumalo,G,,2024,0,UNK
,,,,,0.0,ronnie_stanley,Ronnie Stanley,OT,,2024,0,UNK
,,,,,0.0,justin_simmons,Justin Simmons,FS,,2024,0,UNK
,,,,,39.300000000000004,tyler_boyd,Tyler Boyd,WR,,2024,0,UNK
,,,,,0.0,sheldon_day,Sheldon Day,DT,,2024,0,UNK
,,,,,0.0,connor_mcgovern,Connor McGovern,G,,2024,0,UNK
,,,,,0.0,eric_murray,Eric Murray,S,,2024,0,UNK
2.0,,,2,1,137.2,tyreek_hill,Tyreek Hill,WR,,2024,0,UNK
107.0,,,107,9,45.5,ezekiel_elliott,Ezekiel Elliott,RB,,2024,0,UNK
,,,,,0.0,jihad_ward,Jihad Ward,LB,,2024,0,UNK
,,,,,0.0,david_onyemata,David Onyemata,DT,,2024,0,UNK
,,,,,0.0,jalen_ramsey,Jalen Ramsey,CB,,2024,0,UNK
,,,,,0.0,jack_conklin,Jack Conklin,OT,,2024,0,UNK
,,,,,0.0,zach_wood,Zach Wood,LS,,2024,0,UNK
,,,,,0.0,adam_gotsis,Adam Gotsis,DE,,2024,0,UNK
,,,,,0.0,andrew_billings,Andrew Billings,DT,,2024,0,UNK
,,,,,0.0,leonard_floyd,Leonard Floyd,DE,,2024,0,UNK
,,,,,0.0,emmanuel_ogbah,Emmanuel Ogbah,DE,,2024,0,UNK
25.0,,,25,3,116.52000000000001,dak_prescott,Dak Prescott,QB,,2024,0,UNK
,,,,,0.0,lucas_patrick,Lucas Patrick,G,,2024,0,UNK
,,,,,0.0,kendall_fuller,Kendall Fuller,CB,,2024,0,UNK
,,,,,79.4,hunter_henry,Hunter Henry,TE,,2024,0,UNK
,,,,,0.0,jonathan_bullard,Jonathan Bullard,DE,,2024,0,UNK
,,,,,0.0,artie_burns,Artie Burns,CB,,2024,0,UNK
40.0,,,40,4,323.46,jared_goff,Jared Goff,QB,,2024,0,UNK
,,,,,0.0,javon_hargrave,Javon Hargrave,NT,,2024,0,UNK
,,,,,18.6,tyler_higbee,Tyler Higbee,TE,,2024,0,UNK
,,,,,45.24,jacoby_brissett,Jacoby Brissett,QB,,2024,0,UNK
,,,,,0.0,kenny_clark,Kenny Clark,NT,,2024,0,UNK
,,,,,0.0,yannick_ngakoue,Yannick Ngakoue,DE,,2024,0,UNK
,,,,,0.0,maliek_collins,Maliek Collins,DT,,2024,0,UNK
,,,,,0.0,kevin_byard,Kevin Byard,FS,,2024,0,UNK
,,,,,0.0,joey_bosa,Joey Bosa,DE,,2024,0,UNK
,,,,,20.700000000000003,mo_alie-cox,Mo Alie-Cox,TE,,2024,0,UNK
,,,,,0.0,daniel_brunskill,Daniel Brunskill,OT,,2024,0,UNK
,,,,,26.200000000000003,johnny_mundt,Johnny Mundt,TE,,2024,0,UNK
,,,,,0.0,zach_pascal,Zach Pascal,WR,,2024,0,UNK
,,,,,0.0,thomas_hennessy,Thomas Hennessy,LS,,2024,0,UNK
,,,,,0.0,rigoberto_sanchez,Rigoberto Sanchez,P,,2024,0,UNK
1.0,,,1,1,32.800000000000004,christian_mccaffrey,Christian McCaffrey,RB,,2024,0,UNK
,,,,,0.0,marlon_humphrey,Marlon Humphrey,CB,,2024,0,UNK
116.0,,,116,10,32.7,curtis_samuel,Curtis Samuel,WR,,2024,0,UNK
,,,,,0.0,tyus_bowser,Tyus Bowser,LB,,2024,0,UNK
59.0,,,59,5,158.60000000000002,george_kittle,George Kittle,TE,,2024,0,UNK
,,,,,0.0,jermaine_eluemunor,Jermaine Eluemunor,G,,2024,0,UNK
,,,,,1.1,trent_taylor,Trent Taylor,WR,,2024,0,UNK
,,,,,190.60000000000002,aaron_jones,Aaron Jones,RB,,2024,0,UNK
,,,,,0.0,chuck_clark,Chuck Clark,SAF,,2024,0,UNK
,,,,,0.0,d.j._jones,D.J. Jones,DT,,2024,0,UNK
,,,,,0.0,adrian_colbert,Adrian Colbert,FS,,2024,0,UNK
,,,,,0.0,harrison_butker,Harrison Butker,K,,2024,0,UNK
,,,,,37.1,kendrick_bourne,Kendrick Bourne,WR,,2024,0,UNK
,,,,,1.32,nick_mullens,Nick Mullens,QB,,2024,0,UNK
,,,,,0.0,eric_wilson,Eric Wilson,LB,,2024,0,UNK
,,,,,0.0,josh_tupou,Josh Tupou,DT,,2024,0,UNK
149.0,,,149,13,79.34,taysom_hill,Taysom Hill,TE,,2024,0,UNK
,,,,,59.400000000000006,tim_patrick,Tim Patrick,WR,,2024,0,UNK
,,,,,8.2,patrick_ricard,Patrick Ricard,RB,,2024,0,UNK
,,,,,0.0,adam_butler,Adam Butler,DT,,2024,0,UNK
,,,,,0.0,kenny_moore_ii,Kenny Moore II,CB,,2024,0,UNK
,,,,,0.0,matt_haack,Matt Haack,P,,2024,0,UNK
,,,,,4.5,pharaoh_brown,Pharaoh Brown,TE,,2024,0,UNK
,,,,,0.0,nicholas_morrow,Nicholas Morrow,LB,,2024,0,UNK
,,,,,0.0,anthony_firkser,Anthony Firkser,TE,,2024,0,UNK
,,,,,0.6000000000000001,john_ross,John Ross,WR,,2024,0,UNK
,,,,,0.0,raekwon_mcmillan,Raekwon McMillan,MLB,,2024,0,UNK
,,,,,0.0,carl_lawson,Carl Lawson,DE,,2024,0,UNK
,,,,,0.0,arthur_maulet,Arthur Maulet,CB,,2024,0,UNK
,,,,,0.0,damontae_kazee,Damontae Kazee,S,,2024,0,UNK
,,,,,0.0,jonathan_allen,Jonathan Allen,DE,,2024,0,UNK
,,,,,0.0,kevin_king,Kevin King,CB,,2024,0,UNK
,,,,,53.400000000000006,samaje_perine,Samaje Perine,RB,,2024,0,UNK
131.0,,,131,11,35.8,mike_williams,Mike Williams,WR,,2024,0,UNK
44.0,,,44,4,76.72,deshaun_watson,Deshaun Watson,QB,,2024,0,UNK
,,,,,0.0,garett_bolles,Garett Bolles,OT,,2024,0,UNK
,,,,,0.0,takk_mckinley,Takk McKinley,DE,,2024,0,UNK
,,,,,0.0,dalvin_tomlinson,Dalvin Tomlinson,DE,,2024,0,UNK
,,,,,0.0,zach_cunningham,Zach Cunningham,ILB,,2024,0,UNK
,,,,,0.0,chidobe_awuzie,Chidobe Awuzie,CB,,2024,0,UNK
,,,,,0.0,duke_riley,Duke Riley,MLB,,2024,0,UNK
,,,,,0.0,rasul_douglas,Rasul Douglas,CB,,2024,0,UNK
45.0,,,45,4,206.8,james_conner,James Conner,RB,,2024,0,UNK
,,,,,67.80000000000001,mack_hollins,Mack Hollins,WR,,2024,0,UNK
,,,,,0.1,jalen_reeves-maybin,Jalen Reeves-Maybin,LB,,2024,0,UNK
,,,,,0.0,carlos_watkins,Carlos Watkins,DE,,2024,0,UNK
,,,,,0.0,desmond_king,Desmond King,DB,,2024,0,UNK
,,,,,0.0,anthony_walker,Anthony Walker,MLB,,2024,0,UNK
,,,,,0.0,matt_milano,Matt Milano,OLB,,2024,0,UNK
,,,,,15.700000000000001,eric_saubert,Eric Saubert,TE,,2024,0,UNK
,,,,,0.0,xavier_woods,Xavier Woods,FS,,2024,0,UNK
,,,,,0.0,jeremiah_ledbetter,Jeremiah Ledbetter,DT,,2024,0,UNK
,,,,,53.1,david_moore,David Moore,WR,,2024,0,UNK
,,,,,51.300000000000004,noah_brown,Noah Brown,WR,,2024,0,UNK
,,,,,0.0,pat_o'connor,Pat O'Connor,DE,,2024,0,UNK
,,,,,0.0,eli_ankou,Eli Ankou,DT,,2024,0,UNK
,,,,,109.56,cooper_rush,Cooper Rush,QB,,2024,0,UNK
,,,,,0.0,michael_davis,Michael Davis,CB,,2024,0,UNK
81.0,,,81,7,97.3,austin_ekeler,Austin Ekeler,RB,,2024,0,UNK
,,,,,0.0,younghoe_koo,Younghoe Koo,K,,2024,0,UNK
,,,,,0.0,cameron_johnston,Cameron Johnston,P,,2024,0,UNK
,,,,,0.0,alex_barrett,Alex Barrett,DE,,2024,0,UNK
,,,,,0.0,storm_norton,Storm Norton,OT,,2024,0,UNK
,,,,,0.0,justin_hardee,Justin Hardee,DB,,2024,0,UNK
,,,,,0.0,demarcus_walker,DeMarcus Walker,DE,,2024,0,UNK
,,,,,0.0,ahkello_witherspoon,Ahkello Witherspoon,CB,,2024,0,UNK
,,,,,0.0,eddie_jackson,Eddie Jackson,FS,,2024,0,UNK
,,,,,0.0,jake_elliott,Jake Elliott,K,,2024,0,UNK
,,,,,0.0,corey_levin,Corey Levin,G,,2024,0,UNK
,,,,,0.0,andrew_wylie,Andrew Wylie,G,,2024,0,UNK
,,,,,37.0,dare_ogunbowale,Dare Ogunbowale,RB,,2024,0,UNK
,,,,,35.1,juju_smith-schuster,JuJu Smith-Schuster,WR,,2024,0,UNK
,,,,,134.3,jonnu_smith,Jonnu Smith,TE,,2024,0,UNK
,,,,,0.0,davon_godchaux,Davon Godchaux,DT,,2024,0,UNK
,,,,,0.0,zane_gonzalez,Zane Gonzalez,K,,2024,0,UNK
,,,,,6.9,dan_skipper,Dan Skipper,OT,,2024,0,UNK
,,,,,0.0,myles_garrett,Myles Garrett,DE,,2024,0,UNK
,,,,,15.26,mitchell_trubisky,Mitchell Trubisky,QB,,2024,0,UNK
,,,,,0.0,solomon_thomas,Solomon Thomas,DE,,2024,0,UNK
,,,,,0.0,jamal_adams,Jamal Adams,LB,,2024,0,UNK
9.0,,,9,1,282.02,patrick_mahomes,Patrick Mahomes,QB,,2024,0,UNK
,,,,,0.0,marshon_lattimore,Marshon Lattimore,CB,,2024,0,UNK
,,,,,0.0,haason_reddick,Haason Reddick,OLB,,2024,0,UNK
,,,,,0.0,derek_barnett,Derek Barnett,DE,,2024,0,UNK
,,,,,0.0,malik_hooker,Malik Hooker,FS,,2024,0,UNK
,,,,,0.0,adoree'_jackson,Adoree' Jackson,CB,,2024,0,UNK
,,,,,0.0,charles_harris,Charles Harris,LB,,2024,0,UNK
82.0,,,82,7,42.5,evan_engram,Evan Engram,TE,,2024,0,UNK
,,,,,0.0,jabrill_peppers,Jabrill Peppers,FS,,2024,0,UNK
,,,,,0.0,tre'davious_white,Tre'Davious White,CB,,2024,0,UNK
108.0,,,108,9,84.5,david_njoku,David Njoku,TE,,2024,0,UNK
,,,,,0.0,t.j._watt,T.J. Watt,OLB,,2024,0,UNK
,,,,,0.0,cam_robinson,Cam Robinson,OT,,2024,0,UNK
,,,,,0.0,budda_baker,Budda Baker,S,,2024,0,UNK
,,,,,8.4,zay_jones,Zay Jones,WR,,2024,0,UNK
,,,,,0.0,marcus_maye,Marcus Maye,FS,,2024,0,UNK
,,,,,3.0,dalvin_cook,Dalvin Cook,RB,,2024,0,UNK
,,,,,0.0,marcus_williams,Marcus Williams,FS,,2024,0,UNK
,,,,,3.6,gerald_everett,Gerald Everett,TE,,2024,0,UNK
162.0,,,162,14,204.5,joe_mixon,Joe Mixon,RB,,2024,0,UNK
,,,,,0.0,ethan_pocic,Ethan Pocic,C,,2024,0,UNK
,,,,,0.0,tanoh_kpassagnon,Tanoh Kpassagnon,DE,,2024,0,UNK
,,,,,0.0,dion_dawkins,Dion Dawkins,OT,,2024,0,UNK
,,,,,0.0,larry_ogunjobi,Larry Ogunjobi,DT,,2024,0,UNK
160.0,,,160,14,197.3,alvin_kamara,Alvin Kamara,RB,,2024,0,UNK
,,,,,0.0,dawuane_smoot,Dawuane Smoot,DE,,2024,0,UNK
15.0,,,15,2,108.0,cooper_kupp,Cooper Kupp,WR,,2024,0,UNK
,,,,,0.0,chris_wormley,Chris Wormley,NT,,2024,0,UNK
,,,,,0.0,alex_anzalone,Alex Anzalone,MLB,,2024,0,UNK
,,,,,0.0,fabian_moreau,Fabian Moreau,CB,,2024,0,UNK
53.0,,,53,5,87.80000000000001,chris_godwin_jr.,Chris Godwin Jr.,WR,,2024,0,UNK
,,,,,132.4,kareem_hunt,Kareem Hunt,RB,,2024,0,UNK
,,,,,26.6,d'onta_foreman,D'Onta Foreman,RB,,2024,0,UNK
,,,,,0.0,shaquill_griffin,Shaquill Griffin,CB,,2024,0,UNK
,,,,,0.0,john_johnson,John Johnson,DB,,2024,0,UNK
,,,,,0.0,jourdan_lewis,Jourdan Lewis,CB,,2024,0,UNK
,,,,,0.0,montravius_adams,Montravius Adams,DT,,2024,0,UNK
,,,,,0.0,cameron_sutton,Cameron Sutton,CB,,2024,0,UNK
,,,,,0.0,trey_hendrickson,Trey Hendrickson,DE,,2024,0,UNK
,,,,,0.0,rayshawn_jenkins,Rayshawn Jenkins,SAF,,2024,0,UNK
,,,,,25.400000000000002,josh_reynolds,Josh Reynolds,WR,,2024,0,UNK
,,,,,0.0,deatrich_wise,Deatrich Wise,DE,,2024,0,UNK
,,,,,28.1,jamaal_williams,Jamaal Williams,RB,,2024,0,UNK
,,,,,30.839999999999996,joshua_dobbs,Joshua Dobbs,QB,,2024,0,UNK
,,,,,0.0,grover_stewart,Grover Stewart,DT,,2024,0,UNK
,,,,,54.8,jeremy_mcnichols,Jeremy McNichols,RB,,2024,0,UNK
,,,,,0.0,al-quadin_muhammad,Al-Quadin Muhammad,LB,,2024,0,UNK
,,,,,0.0,michael_dunn,Michael Dunn,OT,,2024,0,UNK
,,,,,0.0,christian_kuntz,Christian Kuntz,LS,,2024,0,UNK
,,,,,6.6000000000000005,river_cracraft,River Cracraft,WR,,2024,0,UNK
,,,,,0.0,scott_daly,Scott Daly,LS,,2024,0,UNK
,,,,,0.5,ross_dwelley,Ross Dwelley,TE,,2024,0,UNK
,,,,,0.0,george_odum,George Odum,DB,,2024,0,UNK
,,,,,0.0,emmanuel_moseley,Emmanuel Moseley,DB,,2024,0,UNK
,,,,,0.0,coleman_shelton,Coleman Shelton,C,,2024,0,UNK
,,,,,7.6000000000000005,jeff_wilson,Jeff Wilson,RB,,2024,0,UNK
,,,,,0.0,j.t._gray,J.T. Gray,DB,,2024,0,UNK
,,,,,0.0,kendal_vickers,Kendal Vickers,DE,,2024,0,UNK
,,,,,0.0,chris_lammons,Chris Lammons,DB,,2024,0,UNK
,,,,,0.0,brian_o'neill,Brian O'Neill,OT,,2024,0,UNK
,,,,,60.1,will_dissly,Will Dissly,TE,,2024,0,UNK
,,,,,0.0,michael_dickson,Michael Dickson,P,,2024,0,UNK
,,,,,0.0,daniel_carlson,Daniel Carlson,K,,2024,0,UNK
,,,,,0.12,j.k._scott,J.K. Scott,P,,2024,0,UNK
,,,,,0.0,jacob_martin,Jacob Martin,DE,,2024,0,UNK
,,,,,0.0,eddy_pineiro,Eddy Pineiro,K,,2024,0,UNK
,,,,,13.940000000000001,tim_boyle,Tim Boyle,QB,,2024,0,UNK
106.0,,,106,9,61.1,gus_edwards,Gus Edwards,RB,,2024,0,UNK
,,,,,0.0,trent_sieg,Trent Sieg,LS,,2024,0,UNK
,,,,,0.0,darious_williams,Darious Williams,CB,,2024,0,UNK
,,,,,4.9,mike_boone,Mike Boone,RB,,2024,0,UNK
,,,,,0.0,poona_ford,Poona Ford,DT,,2024,0,UNK
,,,,,0.0,elijah_campbell,Elijah Campbell,DB,,2024,0,UNK
,,,,,0.0,daniel_ekuale,Daniel Ekuale,DT,,2024,0,UNK
,,,,,0.0,austin_corbett,Austin Corbett,G,,2024,0,UNK
,,,,,0.0,tarvarius_moore,Tarvarius Moore,DB,,2024,0,UNK
,,,,,0.0,jalyn_holmes,Jalyn Holmes,DT,,2024,0,UNK
,,,,,70.9,tyler_conklin,Tyler Conklin,TE,,2024,0,UNK
,,,,,65.5,marquez_valdes-scantling,Marquez Valdes-Scantling,WR,,2024,0,UNK
,,,,,0.0,foley_fatukasi,Foley Fatukasi,DT,,2024,0,UNK
,,,,,0.0,deshon_elliott,DeShon Elliott,SAF,,2024,0,UNK
,,,,,0.0,tremon_smith,Tremon Smith,CB,,2024,0,UNK
,,,,,0.0,bradley_bozeman,Bradley Bozeman,C,,2024,0,UNK
,,,,,0.0,zach_sieler,Zach Sieler,DE,,2024,0,UNK
,,,,,0.0,ben_niemann,Ben Niemann,LB,,2024,0,UNK
,,,,,0.0,frankie_luvu,Frankie Luvu,LB,,2024,0,UNK
,,,,,0.0,kentavius_street,Kentavius Street,DE,,2024,0,UNK
,,,,,0.0,daron_payne,Daron Payne,NT,,2024,0,UNK
,,,,,0.0,greg_stroman,Greg Stroman,CB,,2024,0,UNK
,,,,,0.0,quenton_nelson,Quenton Nelson,G,,2024,0,UNK
,,,,,0.0,marcus_davenport,Marcus Davenport,DE,,2024,0,UNK
,,,,,0.0,frank_ragnow,Frank Ragnow,G,,2024,0,UNK
,,,,,0.0,will_hernandez,Will Hernandez,G,,2024,0,UNK
87.0,,,87,8,159.3,courtland_sutton,Courtland Sutton,WR,,2024,0,UNK
,,,,,0.0,uchenna_nwosu,Uchenna Nwosu,LB,,2024,0,UNK
91.0,,,91,8,61.6,dallas_goedert,Dallas Goedert,TE,,2024,0,UNK
,,,,,0.0,connor_williams,Connor Williams,C,,2024,0,UNK
,,,,,1.6,anthony_miller,Anthony Miller,WR,,2024,0,UNK
,,,,,0.0,m.j._stewart,M.J. Stewart,SAF,,2024,0,UNK
,,,,,0.0,donte_jackson,Donte Jackson,CB,,2024,0,UNK
,,,,,0.0,isaiah_oliver,Isaiah Oliver,FS,,2024,0,UNK
,,,,,0.0,tyquan_lewis,Tyquan Lewis,DE,,2024,0,UNK
,,,,,0.0,lorenzo_carter,Lorenzo Carter,LB,,2024,0,UNK
,,,,,0.0,justin_reid,Justin Reid,S,,2024,0,UNK
,,,,,51.0,jordan_akins,Jordan Akins,TE,,2024,0,UNK
,,,,,0.7000000000000001,ian_thomas,Ian Thomas,TE,,2024,0,UNK
,,,,,0.0,josey_jewell,Josey Jewell,ILB,,2024,0,UNK
,,,,,0.0,da'shawn_hand,Da'Shawn Hand,DE,,2024,0,UNK
,,,,,0.0,dorance_armstrong,Dorance Armstrong,DE,,2024,0,UNK
,,,,,0.0,jordan_whitehead,Jordan Whitehead,FS,,2024,0,UNK
,,,,,0.0,kyzir_white,Kyzir White,OLB,,2024,0,UNK
,,,,,0.0,taron_johnson,Taron Johnson,CB,,2024,0,UNK
,,,,,0.0,avonte_maddox,Avonte Maddox,FS,,2024,0,UNK
,,,,,0.0,josh_sweat,Josh Sweat,LB,,2024,0,UNK
,,,,,0.0,marquis_haynes,Marquis Haynes,LB,,2024,0,UNK
113.0,,,113,10,65.2,dalton_schultz,Dalton Schultz,TE,,2024,0,UNK
,,,,,0.0,d.j._reed,D.J. Reed,CB,,2024,0,UNK
,,,,,0.0,ja'whaun_bentley,Ja'Whaun Bentley,LB,,2024,0,UNK
,,,,,40.900000000000006,justin_watson,Justin Watson,WR,,2024,0,UNK
,,,,,0.0,bilal_nichols,Bilal Nichols,DT,,2024,0,UNK
,,,,,0.0,siran_neal,Siran Neal,DB,,2024,0,UNK
,,,,,0.0,tim_settle,Tim Settle,DT,,2024,0,UNK
,,,,,0.0,wyatt_teller,Wyatt Teller,G,,2024,0,UNK
,,,,,1.12,mike_white,Mike White,QB,,2024,0,UNK
,,,,,80.5,ray-ray_mccloud,Ray-Ray McCloud,WR,,2024,0,UNK
,,,,,0.0,foye_oluokun,Foye Oluokun,LB,,2024,0,UNK
,,,,,0.0,matt_pryor,Matt Pryor,OT,,2024,0,UNK
,,,,,31.94,cedrick_wilson_jr.,Cedrick Wilson Jr.,WR,,2024,0,UNK
,,,,,0.0,braxton_berrios,Braxton Berrios,WR,,2024,0,UNK
,,,,,0.0,matthew_adams,Matthew Adams,OLB,,2024,0,UNK
,,,,,0.0,jordan_mailata,Jordan Mailata,OT,,2024,0,UNK
,,,,,0.0,zaire_franklin,Zaire Franklin,OLB,,2024,0,UNK
,,,,,0.0,logan_cooke,Logan Cooke,P,,2024,0,UNK
,,,,,0.0,nick_gates,Nick Gates,G,,2024,0,UNK
,,,,,0.0,jalen_davis,Jalen Davis,CB,,2024,0,UNK
,,,,,0.0,greg_joseph,Greg Joseph,K,,2024,0,UNK
,,,,,0.0,bruce_hector,Bruce Hector,DT,,2024,0,UNK
,,,,,0.0,jeremy_reaves,Jeremy Reaves,DB,,2024,0,UNK
,,,,,0.0,dennis_gardeck,Dennis Gardeck,LB,,2024,0,UNK
,,,,,6.0,jonathan_owens,Jonathan Owens,SAF,,2024,0,UNK
,,,,,14.3,trent_sherfield,Trent Sherfield,WR,,2024,0,UNK
,,,,,-0.2,tavierre_thomas,Tavierre Thomas,SAF,,2024,0,UNK
,,,,,0.0,ezekiel_turner,Ezekiel Turner,LB,,2024,0,UNK
,,,,,0.0,evan_brown,Evan Brown,C,,2024,0,UNK
,,,,,0.0,levi_wallace,Levi Wallace,DB,,2024,0,UNK
,,,,,89.0,allen_lazard,Allen Lazard,WR,,2024,0,UNK
,,,,,0.0,ryan_neal,Ryan Neal,DB,,2024,0,UNK
,,,,,0.0,tony_brown,Tony Brown,DB,,2024,0,UNK
,,,,,6.1,trent_scott,Trent Scott,OT,,2024,0,UNK
,,,,,0.0,charvarius_ward,Charvarius Ward,CB,,2024,0,UNK
,,,,,0.76,kyle_allen,Kyle Allen,QB,,2024,0,UNK
,,,,,0.0,demone_harris,Demone Harris,DE,,2024,0,UNK
,,,,,19.5,tanner_hudson,Tanner Hudson,TE,,2024,0,UNK
,,,,,0.0,andre_chachere,Andre Chachere,DB,,2024,0,UNK
,,,,,0.0,mike_ford,Mike Ford,DB,,2024,0,UNK
,,,,,7.1000000000000005,brandon_powell,Brandon Powell,WR,,2024,0,UNK
,,,,,0.0,aaron_stinnie,Aaron Stinnie,G,,2024,0,UNK
,,,,,0.0,tremaine_edmunds,Tremaine Edmunds,MLB,,2024,0,UNK
,,,,,0.0,jessie_bates,Jessie Bates,FS,,2024,0,UNK
,,,,,0.0,justin_jones,Justin Jones,DT,,2024,0,UNK
,,,,,0.0,alex_cappa,Alex Cappa,G,,2024,0,UNK
,,,,,0.0,robert_spillane,Robert Spillane,LB,,2024,0,UNK
,,,,,0.0,corey_bojorquez,Corey Bojorquez,P,,2024,0,UNK
,,,,,0.0,nick_thurman,Nick Thurman,DE,,2024,0,UNK
,,,,,0.0,jaire_alexander,Jaire Alexander,CB,,2024,0,UNK
,,,,,0.0,maurice_hurst,Maurice Hurst,DT,,2024,0,UNK
,,,,,0.0,orlando_brown,Orlando Brown,OT,,2024,0,UNK
33.0,,,33,3,133.8,mark_andrews,Mark Andrews,TE,,2024,0,UNK
,,,,,0.0,oren_burks,Oren Burks,ILB,,2024,0,UNK
,,,,,0.0,tre_flowers,Tre Flowers,CB,,2024,0,UNK
,,,,,0.0,kolton_miller,Kolton Miller,OT,,2024,0,UNK
,,,,,0.0,nathan_shepherd,Nathan Shepherd,DE,,2024,0,UNK
,,,,,95.80000000000001,mason_rudolph,Mason Rudolph,QB,,2024,0,UNK
,,,,,0.0,vita_vea,Vita Vea,DT,,2024,0,UNK
63.0,,,63,6,43.9,christian_kirk,Christian Kirk,WR,,2024,0,UNK
,,,,,9.1,dj_chark,DJ Chark,WR,,2024,0,UNK
,,,,,0.0,carlton_davis_iii,Carlton Davis III,CB,,2024,0,UNK
,,,,,0.0,ronnie_harrison,Ronnie Harrison,LB,,2024,0,UNK
,,,,,0.0,isaac_yiadom,Isaac Yiadom,CB,,2024,0,UNK
,,,,,0.0,harrison_phillips,Harrison Phillips,DT,,2024,0,UNK
,,,,,0.0,chris_board,Chris Board,LB,,2024,0,UNK
,,,,,0.0,minkah_fitzpatrick,Minkah Fitzpatrick,FS,,2024,0,UNK
,,,,,0.0,derwin_james,Derwin James,FS,,2024,0,UNK
100.0,,,100,9,58.300000000000004,nick_chubb,Nick Chubb,RB,,2024,0,UNK
,,,,,0.0,jason_sanders,Jason Sanders,K,,2024,0,UNK
10.0,,,10,1,430.38,lamar_jackson,Lamar Jackson,QB,,2024,0,UNK
,,,,,0.0,jerome_baker,Jerome Baker,OLB,,2024,0,UNK
,,,,,5.300000000000001,durham_smythe,Durham Smythe,TE,,2024,0,UNK
,,,,,0.0,b.j._hill,B.J. Hill,DE,,2024,0,UNK
,,,,,0.0,josh_woods,Josh Woods,LB,,2024,0,UNK
,,,,,0.0,joe_noteboom,Joe Noteboom,OT,,2024,0,UNK
,,,,,0.0,john_franklin-myers,John Franklin-Myers,DE,,2024,0,UNK
,,,,,0.0,ogbo_okoronkwo,Ogbo Okoronkwo,DE,,2024,0,UNK
,,,,,0.0,john_kelly,John Kelly,RB,,2024,0,UNK
,,,,,0.0,sebastian_joseph-day,Sebastian Joseph-Day,DT,,2024,0,UNK
,,,,,0.0,fred_warner,Fred Warner,MLB,,2024,0,UNK
,,,,,0.0,derrick_nnadi,Derrick Nnadi,NT,,2024,0,UNK
,,,,,0.0,arden_key,Arden Key,DE,,2024,0,UNK
174.0,,,174,15,140.10000000000002,dj_moore,DJ Moore,WR,,2024,0,UNK
,,,,,0.0,harold_landry_iii,Harold Landry III,LB,,2024,0,UNK
,,,,,76.5,mike_gesicki,Mike Gesicki,TE,,2024,0,UNK
,,,,,7.300000000000001,hayden_hurst,Hayden Hurst,TE,,2024,0,UNK
,,,,,0.0,isaiah_wynn,Isaiah Wynn,G,,2024,0,UNK
,,,,,6.2,sam_hubbard,Sam Hubbard,DE,,2024,0,UNK
,,,,,0.0,braden_smith,Braden Smith,OT,,2024,0,UNK
39.0,,,39,4,135.2,calvin_ridley,Calvin Ridley,WR,,2024,0,UNK
,,,,,0.0,taven_bryan,Taven Bryan,DT,,2024,0,UNK
,,,,,0.0,mike_hughes,Mike Hughes,CB,,2024,0,UNK
14.0,,,14,2,322.3,saquon_barkley,Saquon Barkley,RB,,2024,0,UNK
,,,,,0.0,mike_mcglinchey,Mike McGlinchey,OT,,2024,0,UNK
,,,,,19.1,khadarel_hodge,KhaDarel Hodge,WR,,2024,0,UNK
48.0,,,48,4,365.8,baker_mayfield,Baker Mayfield,QB,,2024,0,UNK
,,,,,0.0,denzel_ward,Denzel Ward,CB,,2024,0,UNK
3.0,,,3,1,379.04,josh_allen,Josh Allen,QB,,2024,0,UNK
,,,,,0.0,terrell_edmunds,Terrell Edmunds,S,,2024,0,UNK
,,,,,20.0,dante_pettis,Dante Pettis,WR,,2024,0,UNK
139.0,,,139,12,307.96,sam_darnold,Sam Darnold,QB,,2024,0,UNK
,,,,,0.0,roquan_smith,Roquan Smith,ILB,,2024,0,UNK
,,,,,0.0,sam_eguavoen,Sam Eguavoen,LB,,2024,0,UNK
,,,,,0.0,steven_sims,Steven Sims,WR,,2024,0,UNK
,,,,,0.0,mitch_wishnowsky,Mitch Wishnowsky,P,,2024,0,UNK
,,,,,0.0,fred_johnson,Fred Johnson,OT,,2024,0,UNK
,,,,,0.0,andrew_beck,Andrew Beck,FB,,2024,0,UNK
99.0,,,99,9,131.0,jakobi_meyers,Jakobi Meyers,WR,,2024,0,UNK
,,,,,0.0,d'angelo_ross,D'Angelo Ross,CB,,2024,0,UNK
,,,,,0.0,rashan_gary,Rashan Gary,LB,,2024,0,UNK
,,,,,0.0,darnell_savage,Darnell Savage,DB,,2024,0,UNK
135.0,,,135,12,101.4,alexander_mattison,Alexander Mattison,RB,,2024,0,UNK
,,,,,0.0,maxx_crosby,Maxx Crosby,DE,,2024,0,UNK
,,,,,0.2,julian_love,Julian Love,SAF,,2024,0,UNK
,,,,,85.1,justice_hill,Justice Hill,RB,,2024,0,UNK
,,,,,0.0,ben_powers,Ben Powers,G,,2024,0,UNK
,,,,,71.30000000000001,foster_moreau,Foster Moreau,TE,,2024,0,UNK
,,,,,0.0,dre_greenlaw,Dre Greenlaw,LB,,2024,0,UNK
,,,,,0.0,e.j._speed,E.J. Speed,LB,,2024,0,UNK
,,,,,0.0,justin_skule,Justin Skule,OT,,2024,0,UNK
,,,,,0.0,ka'dar_hollman,Ka'dar Hollman,CB,,2024,0,UNK
,,,,,0.0,armon_watts,Armon Watts,DT,,2024,0,UNK
,,,,,0.0,marcus_epps,Marcus Epps,SAF,,2024,0,UNK
,,,,,0.0,olisaemeka_udoh,Olisaemeka Udoh,OT,,2024,0,UNK
,,,,,0.0,ty_summers,Ty Summers,LB,,2024,0,UNK
,,,,,0.0,quinton_bell,Quinton Bell,LB,,2024,0,UNK
,,,,,0.0,jackson_barton,Jackson Barton,OT,,2024,0,UNK
,,,,,0.0,demetrius_flannigan-fowles,Demetrius Flannigan-Fowles,LB,,2024,0,UNK
,,,,,17.200000000000003,ashton_dulin,Ashton Dulin,WR,,2024,0,UNK
,,,,,0.0,kevin_givens,Kevin Givens,DT,,2024,0,UNK
,,,,,0.0,jamie_gillan,Jamie Gillan,P,,2024,0,UNK
,,,,,0.0,sam_mustipher,Sam Mustipher,C,,2024,0,UNK
,,,,,0.0,jonathan_harris,Jonathan Harris,DT,,2024,0,UNK
,,,,,0.0,yosh_nijman,Yosh Nijman,OT,,2024,0,UNK
,,,,,0.0,micah_abernathy,Micah Abernathy,DB,,2024,0,UNK
,,,,,0.0,khari_blasingame,Khari Blasingame,FB,,2024,0,UNK
,,,,,-0.2,jake_browning,Jake Browning,QB,,2024,0,UNK
,,,,,0.0,patrick_mekari,Patrick Mekari,OT,,2024,0,UNK
,,,,,0.0,matthew_orzech,Matthew Orzech,LS,,2024,0,UNK
,,,,,15.3,alec_ingold,Alec Ingold,FB,,2024,0,UNK
,,,,,0.0,andre_james,Andre James,OT,,2024,0,UNK
,,,,,0.0,keisean_nixon,Keisean Nixon,DB,,2024,0,UNK
,,,,,0.0,marquise_blair,Marquise Blair,DB,,2024,0,UNK
,,,,,21.200000000000003,mecole_hardman,Mecole Hardman,WR,,2024,0,UNK
,,,,,0.0,ugo_amadi,Ugo Amadi,CB,,2024,0,UNK
,,,,,0.0,mack_wilson,Mack Wilson,LB,,2024,0,UNK
,,,,,0.0,austin_seibert,Austin Seibert,K,,2024,0,UNK
,,,,,0.0,nick_allegretti,Nick Allegretti,G,,2024,0,UNK
,,,,,0.0,kris_boyd,Kris Boyd,CB,,2024,0,UNK
,,,,,0.68,jack_fox,Jack Fox,P,,2024,0,UNK
,,,,,0.0,darius_harris,Darius Harris,LB,,2024,0,UNK
,,,,,0.0,cody_thompson,Cody Thompson,WR,,2024,0,UNK
,,,,,0.0,azeez_al-shaair,Azeez Al-Shaair,LB,,2024,0,UNK
,,,,,0.0,matthew_wright,Matthew Wright,K,,2024,0,UNK
,,,,,1.36,aj_cole,AJ Cole,P,,2024,0,UNK
,,,,,0.0,joey_slye,Joey Slye,K,,2024,0,UNK
,,,,,0.0,del'shawn_phillips,Del'Shawn Phillips,LB,,2024,0,UNK
,,,,,69.4,olamide_zaccheaus,Olamide Zaccheaus,WR,,2024,0,UNK
,,,,,0.0,deonte_harty,Deonte Harty,WR,,2024,0,UNK
62.0,,,62,6,56.1,diontae_johnson,Diontae Johnson,WR,,2024,0,UNK
,,,,,0.0,p.j._locke,P.J. Locke,DB,,2024,0,UNK
12.0,,,12,1,297.24,kyler_murray,Kyler Murray,QB,,2024,0,UNK
114.0,,,114,10,45.5,t.j._hockenson,T.J. Hockenson,TE,,2024,0,UNK
,,,,,0.0,ed_oliver,Ed Oliver,DT,,2024,0,UNK
,,,,,0.0,christian_wilkins,Christian Wilkins,DT,,2024,0,UNK
,,,,,0.0,tytus_howard,Tytus Howard,OT,,2024,0,UNK
,,,,,0.0,kaleb_mcgary,Kaleb McGary,OT,,2024,0,UNK
,,,,,0.0,byron_murphy,Byron Murphy,CB,,2024,0,UNK
,,,,,0.0,jawaan_taylor,Jawaan Taylor,OT,,2024,0,UNK
,,,,,0.0,cody_ford,Cody Ford,OT,,2024,0,UNK
,,,,,0.0,sean_murphy-bunting,Sean Murphy-Bunting,CB,,2024,0,UNK
,,,,,0.0,jahlani_tavai,Jahlani Tavai,LB,,2024,0,UNK
,,,,,0.0,erik_mccoy,Erik McCoy,C,,2024,0,UNK
,,,,,53.300000000000004,miles_sanders,Miles Sanders,RB,,2024,0,UNK
,,,,,0.0,lonnie_johnson,Lonnie Johnson,SAF,,2024,0,UNK
,,,,,0.0,zach_allen,Zach Allen,DE,,2024,0,UNK
,,,,,43.8,josh_oliver,Josh Oliver,TE,,2024,0,UNK
96.0,,,96,8,75.6,devin_singletary,Devin Singletary,RB,,2024,0,UNK
,,,,,0.0,c.j._gardner-johnson,C.J. Gardner-Johnson,SAF,,2024,0,UNK
,,,,,0.0,anthony_nelson,Anthony Nelson,LB,,2024,0,UNK
,,,,,0.0,kendall_sheffield,Kendall Sheffield,DB,,2024,0,UNK
,,,,,0.0,hjalte_froholdt,Hjalte Froholdt,G,,2024,0,UNK
64.0,,,64,6,159.70000000000002,tony_pollard,Tony Pollard,RB,,2024,0,UNK
,,,,,0.0,drue_tranquill,Drue Tranquill,LB,,2024,0,UNK
,,,,,0.5,jarrett_stidham,Jarrett Stidham,QB,,2024,0,UNK
,,,,,0.0,mike_jordan,Mike Jordan,G,,2024,0,UNK
,,,,,0.0,matt_gay,Matt Gay,K,,2024,0,UNK
,,,,,0.0,amani_oruwariye,Amani Oruwariye,CB,,2024,0,UNK
,,,,,0.0,andrew_van_ginkel,Andrew Van Ginkel,OLB,,2024,0,UNK
,,,,,0.0,blake_cashman,Blake Cashman,LB,,2024,0,UNK
,,,,,0.0,mike_jackson,Mike Jackson,CB,,2024,0,UNK
,,,,,0.0,byron_cowart,Byron Cowart,DT,,2024,0,UNK
,,,,,0.0,charles_omenihu,Charles Omenihu,DE,,2024,0,UNK
,,,,,0.0,jake_bailey,Jake Bailey,P,,2024,0,UNK
,,,,,96.32,gardner_minshew,Gardner Minshew,QB,,2024,0,UNK
,,,,,0.0,trayveon_williams,Trayveon Williams,RB,,2024,0,UNK
,,,,,0.0,david_long_jr.,David Long Jr.,ILB,,2024,0,UNK
,,,,,0.0,isaiah_prince,Isaiah Prince,OT,,2024,0,UNK
,,,,,6.9,scott_miller,Scott Miller,WR,,2024,0,UNK
,,,,,0.0,donovan_wilson,Donovan Wilson,SAF,,2024,0,UNK
,,,,,1.0,myles_gaskin,Myles Gaskin,RB,,2024,0,UNK
,,,,,0.0,kaden_elliss,Kaden Elliss,LB,,2024,0,UNK
,,,,,0.0,anthony_pittman,Anthony Pittman,LB,,2024,0,UNK
,,,,,1.5,trenton_irwin,Trenton Irwin,WR,,2024,0,UNK
,,,,,0.0,nik_needham,Nik Needham,DB,,2024,0,UNK
,,,,,0.0,tyrel_dodson,Tyrel Dodson,LB,,2024,0,UNK
,,,,,0.0,cam_lewis,Cam Lewis,CB,,2024,0,UNK
,,,,,0.0,chase_mclaughlin,Chase McLaughlin,K,,2024,0,UNK
,,,,,0.0,joe_giles-harris,Joe Giles-Harris,LB,,2024,0,UNK
,,,,,0.0,andrew_wingard,Andrew Wingard,SAF,,2024,0,UNK
,,,,,0.0,t.j._edwards,T.J. Edwards,LB,,2024,0,UNK
,,,,,0.0,carl_granderson,Carl Granderson,DE,,2024,0,UNK
,,,,,33.3,lil'jordan_humphrey,Lil'Jordan Humphrey,WR,,2024,0,UNK
,,,,,0.0,nick_moore,Nick Moore,LS,,2024,0,UNK
,,,,,0.0,shy_tuttle,Shy Tuttle,DT,,2024,0,UNK
,,,,,0.0,luke_gifford,Luke Gifford,LB,,2024,0,UNK
,,,,,0.0,roderic_teamer,Roderic Teamer,DB,,2024,0,UNK
,,,,,53.300000000000004,greg_dortch,Greg Dortch,WR,,2024,0,UNK
,,,,,0.0,devin_bush,Devin Bush,LB,,2024,0,UNK
,,,,,0.0,elgton_jenkins,Elgton Jenkins,C,,2024,0,UNK
,,,,,71.0,darius_slayton,Darius Slayton,WR,,2024,0,UNK
,,,,,73.7,ty_johnson,Ty Johnson,RB,,2024,0,UNK
,,,,,0.0,kemon_hall,Kemon Hall,DB,,2024,0,UNK
,,,,,0.0,tom_kennedy,Tom Kennedy,WR,,2024,0,UNK
,,,,,0.5,joseph_fortson,Joseph Fortson,TE,,2024,0,UNK
,,,,,17.900000000000002,craig_reynolds,Craig Reynolds,RB,,2024,0,UNK
,,,,,0.0,garrett_bradbury,Garrett Bradbury,C,,2024,0,UNK
,,,,,3.4000000000000004,travis_homer,Travis Homer,RB,,2024,0,UNK
,,,,,3.1,alex_bachman,Alex Bachman,WR,,2024,0,UNK
,,,,,0.0,troy_reeder,Troy Reeder,LB,,2024,0,UNK
,,,,,0.0,juan_thornhill,Juan Thornhill,SAF,,2024,0,UNK
,,,,,23.900000000000002,d'ernest_johnson,D'Ernest Johnson,RB,,2024,0,UNK
,,,,,0.0,jonah_williams,Jonah Williams,DE,,2024,0,UNK
,,,,,0.0,chris_lindstrom,Chris Lindstrom,G,,2024,0,UNK
,,,,,16.5,drew_sample,Drew Sample,TE,,2024,0,UNK
,,,,,0.0,amani_hooker,Amani Hooker,SAF,,2024,0,UNK
,,,,,0.0,corey_ballentine,Corey Ballentine,DB,,2024,0,UNK
,,,,,0.0,l.j._collier,L.J. Collier,DE,,2024,0,UNK
,,,,,0.0,rock_ya-sin,Rock Ya-Sin,CB,,2024,0,UNK
,,,,,9.0,parris_campbell,Parris Campbell,WR,,2024,0,UNK
24.0,,,24,2,125.19999999999999,dk_metcalf,DK Metcalf,WR,,2024,0,UNK
,,,,,0.0,josh_hines-allen,Josh Hines-Allen,DE,,2024,0,UNK
,,,,,0.0,jeffery_simmons,Jeffery Simmons,DT,,2024,0,UNK
,,,,,56.0,noah_fant,Noah Fant,TE,,2024,0,UNK
,,,,,0.0,sione_takitaki,Sione Takitaki,LB,,2024,0,UNK
,,,,,0.0,montez_sweat,Montez Sweat,DE,,2024,0,UNK
,,,,,0.0,nate_davis,Nate Davis,G,,2024,0,UNK
,,,,,0.0,will_harris,Will Harris,SAF,,2024,0,UNK
,,,,,0.0,khalen_saunders,Khalen Saunders,DT,,2024,0,UNK
54.0,,,54,5,185.8,terry_mclaurin,Terry McLaurin,WR,,2024,0,UNK
,,,,,9.1,marquise_brown,Marquise Brown,WR,,2024,0,UNK
,,,,,0.0,taylor_rapp,Taylor Rapp,SAF,,2024,0,UNK
,,,,,0.0,david_long,David Long,DB,,2024,0,UNK
,,,,,0.0,greg_gaines,Greg Gaines,DT,,2024,0,UNK
,,,,,0.0,david_edwards,David Edwards,OT,,2024,0,UNK
,,,,,0.0,nick_scott,Nick Scott,SAF,,2024,0,UNK
,,,,,0.0,cody_barton,Cody Barton,LB,,2024,0,UNK
,,,,,0.0,jerry_tillery,Jerry Tillery,DT,,2024,0,UNK
8.0,,,8,1,149.9,a.j._brown,A.J. Brown,WR,,2024,0,UNK
,,,,,0.0,dre'mont_jones,Dre'Mont Jones,DE,,2024,0,UNK
,,,,,0.0,quincy_williams,Quincy Williams,LB,,2024,0,UNK
,,,,,0.0,mike_edwards,Mike Edwards,SAF,,2024,0,UNK
,,,,,0.0,dexter_lawrence,Dexter Lawrence,DT,,2024,0,UNK
60.0,,,60,5,185.72000000000003,david_montgomery,David Montgomery,RB,,2024,0,UNK
,,,,,0.0,bobby_okereke,Bobby Okereke,ILB,,2024,0,UNK
,,,,,0.0,trey_pipkins,Trey Pipkins,OT,,2024,0,UNK
,,,,,37.1,dawson_knox,Dawson Knox,TE,,2024,0,UNK
,,,,,0.0,clelin_ferrell,Clelin Ferrell,DE,,2024,0,UNK
,,,,,0.0,johnathan_abram,Johnathan Abram,DB,,2024,0,UNK
,,,,,0.0,duke_shelley,Duke Shelley,CB,,2024,0,UNK
,,,,,0.0,germaine_pratt,Germaine Pratt,LB,,2024,0,UNK
,,,,,0.0,chuma_edoga,Chuma Edoga,OT,,2024,0,UNK
,,,,,0.0,jamel_dean,Jamel Dean,CB,,2024,0,UNK
32.0,,,32,3,257.1,josh_jacobs,Josh Jacobs,RB,,2024,0,UNK
,,,,,80.14,drew_lock,Drew Lock,QB,,2024,0,UNK
,,,,,0.0,jalen_thompson,Jalen Thompson,DB,,2024,0,UNK
,,,,,0.0,devin_white,Devin White,LB,,2024,0,UNK
,,,,,0.0,oshane_ximines,Oshane Ximines,LB,,2024,0,UNK
125.0,,,125,11,135.3,daniel_jones,Daniel Jones,QB,,2024,0,UNK
,,,,,0.0,brian_burns,Brian Burns,LB,,2024,0,UNK
,,,,,0.0,nick_bosa,Nick Bosa,DE,,2024,0,UNK
,,,,,0.0,quinnen_williams,Quinnen Williams,DT,,2024,0,UNK
,,,,,104.60000000000001,deebo_samuel_sr.,Deebo Samuel Sr.,WR,,2024,0,UNK
,,,,,0.0,jakob_johnson,Jakob Johnson,RB,,2024,0,UNK
,,,,,0.0,jacob_bobenmoyer,Jacob Bobenmoyer,LS,,2024,0,UNK
,,,,,0.0,malcolm_roach,Malcolm Roach,DT,,2024,0,UNK
,,,,,0.0,james_pierre,James Pierre,CB,,2024,0,UNK
,,,,,18.8,jamycal_hasty,JaMycal Hasty,RB,,2024,0,UNK
,,,,,0.0,corliss_waitman,Corliss Waitman,P,,2024,0,UNK
,,,,,0.0,ross_matiscik,Ross Matiscik,LS,,2024,0,UNK
,,,,,0.0,austen_pleasants,Austen Pleasants,OL,,2024,0,UNK
,,,,,0.0,benito_jones,Benito Jones,DT,,2024,0,UNK
,,,,,0.0,chris_williams,Chris Williams,DT,,2024,0,UNK
,,,,,0.0,blake_gillikin,Blake Gillikin,P,,2024,0,UNK
,,,,,11.5,tony_jones,Tony Jones,RB,,2024,0,UNK
,,,,,0.0,tommy_townsend,Tommy Townsend,P,,2024,0,UNK
,,,,,0.0,tershawn_wharton,Tershawn Wharton,DE,,2024,0,UNK
,,,,,4.4,cody_white,Cody White,WR,,2024,0,UNK
,,,,,0.0,joe_bachie,Joe Bachie,LB,,2024,0,UNK
,,,,,0.0,cole_christiansen,Cole Christiansen,LB,,2024,0,UNK
,,,,,0.0,joe_gaziano,Joe Gaziano,DE,,2024,0,UNK
,,,,,0.0,t.j._smith,T.J. Smith,DT,,2024,0,UNK
,,,,,2.2,jonathan_ward,Jonathan Ward,RB,,2024,0,UNK
,,,,,0.0,michael_hoecht,Michael Hoecht,LB,,2024,0,UNK
,,,,,0.0,christian_rozeboom,Christian Rozeboom,LB,,2024,0,UNK
,,,,,0.0,myles_adams,Myles Adams,DT,,2024,0,UNK
,,,,,0.0,krys_barnes,Krys Barnes,LB,,2024,0,UNK
,,,,,26.8,patrick_taylor,Patrick Taylor,RB,,2024,0,UNK
,,,,,3.7,dan_chisena,Dan Chisena,WR,,2024,0,UNK
,,,,,0.0,blake_lynch,Blake Lynch,LB,,2024,0,UNK
,,,,,0.0,trystan_colon,Trystan Colon,C,,2024,0,UNK
,,,,,60.66,tyler_huntley,Tyler Huntley,QB,,2024,0,UNK
,,,,,0.0,jalen_elliott,Jalen Elliott,DB,,2024,0,UNK
,,,,,0.0,bobby_price,Bobby Price,DB,,2024,0,UNK
,,,,,0.0,terence_steele,Terence Steele,OT,,2024,0,UNK
,,,,,0.0,sam_franklin_jr.,Sam Franklin Jr.,SAF,,2024,0,UNK
,,,,,72.80000000000001,juwan_johnson,Juwan Johnson,TE,,2024,0,UNK
,,,,,0.0,cam_gill,Cam Gill,LB,,2024,0,UNK
,,,,,0.0,broderick_washington,Broderick Washington,DT,,2024,0,UNK
,,,,,0.0,myles_bryant,Myles Bryant,CB,,2024,0,UNK
,,,,,4.4,j.j._taylor,J.J. Taylor,RB,,2024,0,UNK
,,,,,0.0,nick_leverett,Nick Leverett,G,,2024,0,UNK
,,,,,0.0,khalil_dorsey,Khalil Dorsey,CB,,2024,0,UNK
,,,,,0.0,nnamdi_madubuike,Nnamdi Madubuike,DT,,2024,0,UNK
,,,,,0.0,ben_bredeson,Ben Bredeson,G,,2024,0,UNK
,,,,,2.1,james_proche,James Proche,WR,,2024,0,UNK
118.0,,,118,10,158.8,rico_dowdle,Rico Dowdle,RB,,2024,0,UNK
,,,,,0.0,bryce_huff,Bryce Huff,DE,,2024,0,UNK
,,,,,0.0,kristian_welch,Kristian Welch,LB,,2024,0,UNK
140.0,,,140,12,159.8,j.k._dobbins,J.K. Dobbins,RB,,2024,0,UNK
,,,,,0.0,joshua_uche,Joshua Uche,LB,,2024,0,UNK
,,,,,0.0,tyler_bass,Tyler Bass,K,,2024,0,UNK
,,,,,1.2000000000000002,isaiah_hodgins,Isaiah Hodgins,WR,,2024,0,UNK
,,,,,0.0,dane_jackson,Dane Jackson,CB,,2024,0,UNK
,,,,,1.7000000000000002,mason_kinsey,Mason Kinsey,WR,,2024,0,UNK
,,,,,0.0,teair_tart,Teair Tart,DT,,2024,0,UNK
,,,,,103.7,nick_westbrook-ikhine,Nick Westbrook-Ikhine,WR,,2024,0,UNK
,,,,,7.8,kristian_wilkerson,Kristian Wilkerson,WR,,2024,0,UNK
,,,,,0.7000000000000001,reggie_gilliam,Reggie Gilliam,RB,,2024,0,UNK
,,,,,0.0,a.j._epenesa,A.J. Epenesa,DE,,2024,0,UNK
,,,,,0.0,anfernee_jennings,Anfernee Jennings,LB,,2024,0,UNK
,,,,,0.0,charlie_heck,Charlie Heck,OT,,2024,0,UNK
121.0,,,121,11,33.900000000000006,gabe_davis,Gabe Davis,WR,,2024,0,UNK
,,,,,0.0,mike_onwenu,Mike Onwenu,G,,2024,0,UNK
,,,,,0.0,geno_stone,Geno Stone,SAF,,2024,0,UNK
38.0,,,38,4,181.58,tua_tagovailoa,Tua Tagovailoa,QB,,2024,0,UNK
,,,,,0.0,raekwon_davis,Raekwon Davis,DT,,2024,0,UNK
,,,,,0.0,danny_pinter,Danny Pinter,G,,2024,0,UNK
,,,,,0.0,blake_ferguson,Blake Ferguson,LS,,2024,0,UNK
,,,,,0.0,derrick_brown,Derrick Brown,DT,,2024,0,UNK
,,,,,0.0,brandon_jones,Brandon Jones,SAF,,2024,0,UNK
,,,,,0.0,isaiah_rodgers,Isaiah Rodgers,CB,,2024,0,UNK
179.0,,,179,15,226.70000000000002,jonathan_taylor,Jonathan Taylor,RB,,2024,0,UNK
,,,,,0.0,jonathan_greenard,Jonathan Greenard,LB,,2024,0,UNK
,,,,,0.0,kyle_dugger,Kyle Dugger,SAF,,2024,0,UNK
,,,,,8.6,harrison_bryant,Harrison Bryant,TE,,2024,0,UNK
,,,,,0.0,shaquille_quarterman,Shaquille Quarterman,LB,,2024,0,UNK
,,,,,0.0,nick_harris,Nick Harris,C,,2024,0,UNK
,,,,,35.400000000000006,colby_parkinson,Colby Parkinson,TE,,2024,0,UNK
,,,,,0.0,jon_runyan,Jon Runyan,G,,2024,0,UNK
,,,,,0.0,austin_jackson,Austin Jackson,OT,,2024,0,UNK
,,,,,0.0,julian_okwara,Julian Okwara,DE,,2024,0,UNK
76.0,,,76,7,58.900000000000006,zack_moss,Zack Moss,RB,,2024,0,UNK
,,,,,96.80000000000001,michael_pittman,Michael Pittman,WR,,2024,0,UNK
,,,,,0.0,julian_blackmon,Julian Blackmon,SAF,,2024,0,UNK
,,,,,0.6000000000000001,collin_johnson,Collin Johnson,WR,,2024,0,UNK
,,,,,0.0,colton_mckivitz,Colton McKivitz,OT,,2024,0,UNK
,,,,,133.5,jauan_jennings,Jauan Jennings,WR,,2024,0,UNK
,,,,,0.0,javon_kinlaw,Javon Kinlaw,DT,,2024,0,UNK
35.0,,,35,3,37.4,brandon_aiyuk,Brandon Aiyuk,WR,,2024,0,UNK
,,,,,0.0,davon_hamilton,DaVon Hamilton,DT,,2024,0,UNK
165.0,,,165,14,233.86,jordan_love,Jordan Love,QB,,2024,0,UNK
,,,,,0.0,jordan_elliott,Jordan Elliott,DT,,2024,0,UNK
,,,,,0.0,jedrick_wills,Jedrick Wills,OT,,2024,0,UNK
,,,,,9.7,laviska_shenault_jr.,Laviska Shenault Jr.,WR,,2024,0,UNK
,,,,,0.0,ben_bartch,Ben Bartch,OT,,2024,0,UNK
,,,,,0.0,jeff_okudah,Jeff Okudah,CB,,2024,0,UNK
61.0,,,61,6,172.5,d'andre_swift,D'Andre Swift,RB,,2024,0,UNK
,,,,,0.0,malik_harrison,Malik Harrison,LB,,2024,0,UNK
,,,,,0.0,grant_delpit,Grant Delpit,SAF,,2024,0,UNK
,,,,,0.0,mekhi_becton,Mekhi Becton,G,,2024,0,UNK
,,,,,0.0,a.j._terrell,A.J. Terrell,CB,,2024,0,UNK
,,,,,0.0,k'lavon_chaisson,K'Lavon Chaisson,LB,,2024,0,UNK
,,,,,0.0,noah_igbinoghene,Noah Igbinoghene,CB,,2024,0,UNK
,,,,,0.0,yetur_gross-matos,Yetur Gross-Matos,DE,,2024,0,UNK
,,,,,73.4,cole_kmet,Cole Kmet,TE,,2024,0,UNK
,,,,,0.0,jaylon_johnson,Jaylon Johnson,CB,,2024,0,UNK
,,,,,0.0,jeremy_chinn,Jeremy Chinn,SAF,,2024,0,UNK
,,,,,0.0,logan_wilson,Logan Wilson,LB,,2024,0,UNK
,,,,,0.30000000000000004,darrynton_evans,Darrynton Evans,RB,,2024,0,UNK
,,,,,0.0,akeem_davis-gaither,Akeem Davis-Gaither,LB,,2024,0,UNK
,,,,,0.0,troy_pride,Troy Pride,CB,,2024,0,UNK
,,,,,0.0,mykal_walker,Mykal Walker,LB,,2024,0,UNK
,,,,,0.0,jaylinn_hawkins,Jaylinn Hawkins,SAF,,2024,0,UNK
,,,,,0.0,trevis_gipson,Trevis Gipson,LB,,2024,0,UNK
,,,,,0.0,daniel_thomas,Daniel Thomas,SAF,,2024,0,UNK
,,,,,0.0,kindle_vildor,Kindle Vildor,CB,,2024,0,UNK
,,,,,129.2,darnell_mooney,Darnell Mooney,WR,,2024,0,UNK
,,,,,0.0,braden_mann,Braden Mann,P,,2024,0,UNK
,,,,,0.0,chase_young,Chase Young,DE,,2024,0,UNK
4.0,,,4,1,214.48000000000002,justin_jefferson,Justin Jefferson,WR,,2024,0,UNK
,,,,,0.0,patrick_queen,Patrick Queen,LB,,2024,0,UNK
,,,,,0.0,robert_hunt,Robert Hunt,OT,,2024,0,UNK
,,,,,0.0,ezra_cleveland,Ezra Cleveland,G,,2024,0,UNK
133.0,,,133,12,80.4,antonio_gibson,Antonio Gibson,RB,,2024,0,UNK
,,,,,2.1,ashtyn_davis,Ashtyn Davis,SAF,,2024,0,UNK
,,,,,8.200000000000001,devin_duvernay,Devin Duvernay,WR,,2024,0,UNK
,,,,,1.4000000000000001,josiah_deguara,Josiah Deguara,TE,,2024,0,UNK
,,,,,0.0,alex_highsmith,Alex Highsmith,LB,,2024,0,UNK
,,,,,0.0,d.j._wonnum,D.J. Wonnum,LB,,2024,0,UNK
,,,,,0.0,james_lynch,James Lynch,DT,,2024,0,UNK
,,,,,0.0,troy_dye,Troy Dye,LB,,2024,0,UNK
,,,,,0.0,kevin_dotson,Kevin Dotson,G,,2024,0,UNK
,,,,,0.0,khalid_kareem,Khalid Kareem,LB,,2024,0,UNK
,,,,,0.0,khaleke_hudson,Khaleke Hudson,LB,,2024,0,UNK
,,,,,11.7,k.j._osborn,K.J. Osborn,WR,,2024,0,UNK
,,,,,0.0,blake_brandel,Blake Brandel,OT,,2024,0,UNK
,,,,,0.0,josh_metellus,Josh Metellus,SAF,,2024,0,UNK
,,,,,0.0,kam_curl,Kam Curl,SAF,,2024,0,UNK
,,,,,0.0,james_smith-williams,James Smith-Williams,DE,,2024,0,UNK
,,,,,0.0,kyle_hinton,Kyle Hinton,G,,2024,0,UNK
46.0,,,46,4,285.40000000000003,justin_herbert,Justin Herbert,QB,,2024,0,UNK
,,,,,0.0,isaiah_simmons,Isaiah Simmons,SAF,,2024,0,UNK
5.0,,,5,1,162.4,ceedee_lamb,CeeDee Lamb,WR,,2024,0,UNK
,,,,,7.0,clyde_edwards-helaire,Clyde Edwards-Helaire,RB,,2024,0,UNK
,,,,,0.0,trevon_diggs,Trevon Diggs,CB,,2024,0,UNK
,,,,,0.0,willie_gay_jr.,Willie Gay Jr.,LB,,2024,0,UNK
,,,,,0.0,josh_jones,Josh Jones,OT,,2024,0,UNK
,,,,,0.0,neville_gallimore,Neville Gallimore,DT,,2024,0,UNK
,,,,,0.0,tanner_muse,Tanner Muse,LB,,2024,0,UNK
,,,,,0.0,john_simpson,John Simpson,G,,2024,0,UNK
,,,,,0.2,joshua_kelley,Joshua Kelley,RB,,2024,0,UNK
,,,,,0.0,leki_fotu,Leki Fotu,DT,,2024,0,UNK
,,,,,0.0,l'jarius_sneed,L'Jarius Sneed,SAF,,2024,0,UNK
,,,,,0.0,amik_robertson,Amik Robertson,CB,,2024,0,UNK
,,,,,0.0,tyler_biadasz,Tyler Biadasz,C,,2024,0,UNK
,,,,,0.0,michael_danna,Michael Danna,LB,,2024,0,UNK
,,,,,0.0,alohi_gilman,Alohi Gilman,SAF,,2024,0,UNK
,,,,,0.0,andrew_thomas,Andrew Thomas,OT,,2024,0,UNK
,,,,,7.700000000000001,jalen_reagor,Jalen Reagor,WR,,2024,0,UNK
,,,,,0.0,xavier_mckinney,Xavier McKinney,SAF,,2024,0,UNK
6.0,,,6,1,315.12,jalen_hurts,Jalen Hurts,QB,,2024,0,UNK
,,,,,0.0,lloyd_cushenberry_iii,Lloyd Cushenberry III,C,,2024,0,UNK
,,,,,0.0,darnay_holmes,Darnay Holmes,CB,,2024,0,UNK
,,,,,0.0,k'von_wallace,K'Von Wallace,SAF,,2024,0,UNK
,,,,,0.0,casey_toohill,Casey Toohill,DE,,2024,0,UNK
,,,,,0.9,tristan_wirfs,Tristan Wirfs,OT,,2024,0,UNK
129.0,,,129,11,150.9,jerry_jeudy,Jerry Jeudy,WR,,2024,0,UNK
,,,,,0.0,cesar_ruiz,Cesar Ruiz,C,,2024,0,UNK
,,,,,0.0,jordyn_brooks,Jordyn Brooks,LB,,2024,0,UNK
42.0,,,42,4,149.10000000000002,tee_higgins,Tee Higgins,WR,,2024,0,UNK
,,,,,0.0,antoine_winfield_jr.,Antoine Winfield Jr.,SAF,,2024,0,UNK
,,,,,0.0,darrell_taylor,Darrell Taylor,DE,,2024,0,UNK
,,,,,79.2,cam_akers,Cam Akers,RB,,2024,0,UNK
,,,,,39.6,van_jefferson,Van Jefferson,WR,,2024,0,UNK
,,,,,0.0,kristian_fulton,Kristian Fulton,CB,,2024,0,UNK
,,,,,0.0,damien_lewis,Damien Lewis,G,,2024,0,UNK
,,,,,0.0,zack_baun,Zack Baun,LB,,2024,0,UNK
,,,,,30.8,adam_trautman,Adam Trautman,TE,,2024,0,UNK
,,,,,18.0,deejay_dallas,DeeJay Dallas,RB,,2024,0,UNK
,,,,,35.1,tyler_johnson,Tyler Johnson,WR,,2024,0,UNK
,,,,,0.0,justin_strnad,Justin Strnad,LB,,2024,0,UNK
,,,,,4.6000000000000005,charlie_woerner,Charlie Woerner,TE,,2024,0,UNK
,,,,,0.0,khalil_davis,Khalil Davis,DT,,2024,0,UNK
,,,,,0.0,jordan_fuller,Jordan Fuller,SAF,,2024,0,UNK
,,,,,0.0,stephen_sullivan,Stephen Sullivan,TE,,2024,0,UNK
,,,,,0.0,"kenneth_murray,_jr.","Kenneth Murray, Jr.",LB,,2024,0,UNK
17.0,,,17,2,372.82000000000005,joe_burrow,Joe Burrow,QB,,2024,0,UNK
,,,,,0.0,rex_sunahara,Rex Sunahara,LS,,2024,0,UNK
,,,,,0.4,ke'shawn_vaughn,Ke'Shawn Vaughn,RB,,2024,0,UNK
,,,,,1.7000000000000002,chris_blair,Chris Blair,WR,,2024,0,UNK
,,,,,0.0,kwity_paye,Kwity Paye,DE,,2024,0,UNK
,,,,,0.0,dayo_odeyingbo,Dayo Odeyingbo,DE,,2024,0,UNK
,,,,,0.0,will_fries,Will Fries,G,,2024,0,UNK
,,,,,4.1000000000000005,tim_jones,Tim Jones,WR,,2024,0,UNK
,,,,,0.0,jamien_sherwood,Jamien Sherwood,LB,,2024,0,UNK
,,,,,0.0,michael_carter_ii,Michael Carter II,CB,,2024,0,UNK
,,,,,0.0,jason_pinnock,Jason Pinnock,SAF,,2024,0,UNK
,,,,,0.0,brandin_echols,Brandin Echols,CB,,2024,0,UNK
,,,,,10.7,kenny_yeboah,Kenny Yeboah,TE,,2024,0,UNK
,,,,,31.1,dj_turner,DJ Turner,WR,,2024,0,UNK
,,,,,2.2,shane_zylstra,Shane Zylstra,TE,,2024,0,UNK
,,,,,129.60000000000002,rashod_bateman,Rashod Bateman,WR,,2024,0,UNK
,,,,,0.0,aaron_banks,Aaron Banks,G,,2024,0,UNK
,,,,,0.0,azeez_ojulari,Azeez Ojulari,LB,,2024,0,UNK
,,,,,0.0,carlos_basham,Carlos Basham,LB,,2024,0,UNK
170.0,,,170,15,142.60000000000002,nico_collins,Nico Collins,WR,,2024,0,UNK
123.0,,,123,11,198.6,chuba_hubbard,Chuba Hubbard,RB,,2024,0,UNK
,,,,,0.7000000000000001,brevin_jordan,Brevin Jordan,TE,,2024,0,UNK
,,,,,0.0,keith_taylor,Keith Taylor,CB,,2024,0,UNK
,,,,,6.0,deommodore_lenoir,Deommodore Lenoir,CB,,2024,0,UNK
,,,,,0.0,talanoa_hufanga,Talanoa Hufanga,SAF,,2024,0,UNK
,,,,,0.0,roy_lopez,Roy Lopez,DT,,2024,0,UNK
,,,,,0.0,gary_brightwell,Gary Brightwell,RB,,2024,0,UNK
,,,,,0.0,ar'darius_washington,Ar'Darius Washington,SAF,,2024,0,UNK
,,,,,0.0,nick_mccloud,Nick McCloud,CB,,2024,0,UNK
,,,,,9.6,quintin_morris,Quintin Morris,TE,,2024,0,UNK
,,,,,0.0,robert_jones,Robert Jones,G,,2024,0,UNK
,,,,,0.0,alaric_jackson,Alaric Jackson,OT,,2024,0,UNK
,,,,,0.0,jordan_meredith,Jordan Meredith,G,,2024,0,UNK
167.0,,,167,14,91.60000000000001,jaylen_waddle,Jaylen Waddle,WR,,2024,0,UNK
,,,,,0.0,jamin_davis,Jamin Davis,LB,,2024,0,UNK
,,,,,0.0,caleb_farley,Caleb Farley,CB,,2024,0,UNK
,,,,,0.0,christian_darrisaw,Christian Darrisaw,OT,,2024,0,UNK
,,,,,0.0,asante_samuel_jr.,Asante Samuel Jr.,CB,,2024,0,UNK
,,,,,0.0,sam_cosmi,Sam Cosmi,OT,,2024,0,UNK
,,,,,0.0,dillon_radunz,Dillon Radunz,OT,,2024,0,UNK
,,,,,4.4,dee_eskridge,Dee Eskridge,WR,,2024,0,UNK
,,,,,0.0,nick_bolton,Nick Bolton,LB,,2024,0,UNK
,,,,,0.0,josh_myers,Josh Myers,C,,2024,0,UNK
,,,,,0.0,creed_humphrey,Creed Humphrey,C,,2024,0,UNK
,,,,,0.0,alim_mcneill,Alim McNeill,DT,,2024,0,UNK
,,,,,0.0,benjamin_st-juste,Benjamin St-Juste,CB,,2024,0,UNK
,,,,,37.4,dyami_brown,Dyami Brown,WR,,2024,0,UNK
,,,,,6.4,john_bates,John Bates,TE,,2024,0,UNK
,,,,,0.0,camryn_bynum,Camryn Bynum,SAF,,2024,0,UNK
,,,,,25.3,tylan_wallace,Tylan Wallace,WR,,2024,0,UNK
,,,,,0.0,tony_fields_ii,Tony Fields II,LB,,2024,0,UNK
,,,,,6.0,ihmir_smith-marsette,Ihmir Smith-Marsette,WR,,2024,0,UNK
,,,,,73.30000000000001,noah_gray,Noah Gray,TE,,2024,0,UNK
,,,,,0.0,darrick_forrest,Darrick Forrest,SAF,,2024,0,UNK
,,,,,0.5,zach_davidson,Zach Davidson,TE,,2024,0,UNK
,,,,,0.0,tedarrell_slaton,Tedarrell Slaton,DT,,2024,0,UNK
,,,,,0.0,k.j._britt,K.J. Britt,LB,,2024,0,UNK
,,,,,0.0,cameron_mcgrone,Cameron McGrone,LB,,2024,0,UNK
,,,,,0.0,shemar_jean-charles,Shemar Jean-Charles,CB,,2024,0,UNK
,,,,,10.600000000000001,simi_fehoko,Simi Fehoko,WR,,2024,0,UNK
,,,,,0.0,nick_niemann,Nick Niemann,LB,,2024,0,UNK
,,,,,0.0,stone_forsythe,Stone Forsythe,OT,,2024,0,UNK
,,,,,0.0,cole_van_lanen,Cole Van Lanen,G,,2024,0,UNK
,,,,,0.0,isaiah_mcduffie,Isaiah McDuffie,LB,,2024,0,UNK
,,,,,0.0,trey_smith,Trey Smith,G,,2024,0,UNK
,,,,,0.0,israel_mukuamu,Israel Mukuamu,CB,,2024,0,UNK
,,,,,3.2,jermar_jefferson,Jermar Jefferson,RB,,2024,0,UNK
,,,,,0.0,grant_stuard,Grant Stuard,LB,,2024,0,UNK
,,,,,0.0,zayne_anderson,Zayne Anderson,SAF,,2024,0,UNK
,,,,,0.0,dicaprio_bootle,Dicaprio Bootle,CB,,2024,0,UNK
,,,,,0.0,malik_herring,Malik Herring,DE,,2024,0,UNK
,,,,,0.0,devon_key,Devon Key,SAF,,2024,0,UNK
,,,,,0.0,naquan_jones,Naquan Jones,DT,,2024,0,UNK
,,,,,0.0,caleb_johnson,Caleb Johnson,LB,,2024,0,UNK
,,,,,0.0,sam_kamara,Sam Kamara,DT,,2024,0,UNK
,,,,,0.0,charles_snowden,Charles Snowden,LB,,2024,0,UNK
,,,,,0.0,amen_ogbongbemiga,Amen Ogbongbemiga,LB,,2024,0,UNK
,,,,,0.0,adam_prentice,Adam Prentice,FB,,2024,0,UNK
,,,,,0.0,curtis_robinson,Curtis Robinson,LB,,2024,0,UNK
,,,,,0.0,kayode_awosika,Kayode Awosika,G,,2024,0,UNK
,,,,,1.0,jack_stoll,Jack Stoll,TE,,2024,0,UNK
,,,,,22.0,brock_wright,Brock Wright,TE,,2024,0,UNK
,,,,,0.0,ryan_mccollum,Ryan McCollum,C,,2024,0,UNK
,,,,,0.0,jake_curhan,Jake Curhan,OT,,2024,0,UNK
,,,,,0.0,jon_rhattigan,Jon Rhattigan,LB,,2024,0,UNK
,,,,,0.0,christian_elliss,Christian Elliss,LB,,2024,0,UNK
,,,,,0.0,riley_patterson,Riley Patterson,K,,2024,0,UNK
,,,,,1.2000000000000002,feleipe_franks,Feleipe Franks,TE,,2024,0,UNK
,,,,,0.0,ryan_neuzil,Ryan Neuzil,G,,2024,0,UNK
,,,,,4.0,austin_trammell,Austin Trammell,WR,,2024,0,UNK
,,,,,6.0,kene_nwangwu,Kene Nwangwu,RB,,2024,0,UNK
,,,,,0.0,isaiahh_loudermilk,Isaiahh Loudermilk,DE,,2024,0,UNK
,,,,,56.900000000000006,tutu_atwell,Tutu Atwell,WR,,2024,0,UNK
,,,,,0.0,evan_mcpherson,Evan McPherson,K,,2024,0,UNK
,,,,,6.9,ben_skowronek,Ben Skowronek,WR,,2024,0,UNK
,,,,,0.0,jackson_carman,Jackson Carman,G,,2024,0,UNK
,,,,,0.0,james_hudson,James Hudson,OT,,2024,0,UNK
,,,,,0.0,dan_moore_jr.,Dan Moore Jr.,OT,,2024,0,UNK
,,,,,0.0,buddy_johnson,Buddy Johnson,LB,,2024,0,UNK
,,,,,0.0,nate_hobbs,Nate Hobbs,CB,,2024,0,UNK
,,,,,0.0,pat_surtain_ii,Pat Surtain II,CB,,2024,0,UNK
51.0,,,51,5,142.9,rhamondre_stevenson,Rhamondre Stevenson,RB,,2024,0,UNK
,,,,,18.2,kylen_granson,Kylen Granson,TE,,2024,0,UNK
,,,,,0.6000000000000001,jaelon_darden,Jaelon Darden,WR,,2024,0,UNK
,,,,,0.0,janarius_robinson,Janarius Robinson,DE,,2024,0,UNK
,,,,,0.0,penei_sewell,Penei Sewell,OT,,2024,0,UNK
,,,,,0.0,jay_tufele,Jay Tufele,DT,,2024,0,UNK
,,,,,0.0,tommy_togiai,Tommy Togiai,DT,,2024,0,UNK
,,,,,0.0,marco_wilson,Marco Wilson,CB,,2024,0,UNK
,,,,,0.0,tre_brown,Tre Brown,CB,,2024,0,UNK
,,,,,6.7,luke_farrell,Luke Farrell,TE,,2024,0,UNK
,,,,,0.0,damar_hamlin,Damar Hamlin,SAF,,2024,0,UNK
68.0,,,68,6,168.6,najee_harris,Najee Harris,RB,,2024,0,UNK
126.0,,,126,11,105.3,pat_freiermuth,Pat Freiermuth,TE,,2024,0,UNK
,,,,,0.0,elerson_g._smith,Elerson G. Smith,LB,,2024,0,UNK
,,,,,0.0,victor_dimukeje,Victor Dimukeje,LB,,2024,0,UNK
,,,,,9.58,davis_mills,Davis Mills,QB,,2024,0,UNK
11.0,,,11,1,276.0,ja'marr_chase,Ja'Marr Chase,WR,,2024,0,UNK
,,,,,0.0,eric_stokes,Eric Stokes,CB,,2024,0,UNK
,,,,,0.0,joseph_ossai,Joseph Ossai,DE,,2024,0,UNK
,,,,,0.0,bobby_brown_iii,Bobby Brown III,DT,,2024,0,UNK
,,,,,0.0,robert_rochell,Robert Rochell,CB,,2024,0,UNK
,,,,,0.0,larry_borom,Larry Borom,G,,2024,0,UNK
,,,,,21.5,khalil_herbert,Khalil Herbert,RB,,2024,0,UNK
,,,,,0.0,khyiris_tonga,Khyiris Tonga,DT,,2024,0,UNK
177.0,,,177,15,131.4,devonta_smith,DeVonta Smith,WR,,2024,0,UNK
,,,,,-0.4,kadarius_toney,Kadarius Toney,WR,,2024,0,UNK
,,,,,0.0,greg_rousseau,Greg Rousseau,LB,,2024,0,UNK
,,,,,0.0,jeremiah_owusu-koramoah,Jeremiah Owusu-Koramoah,LB,,2024,0,UNK
,,,,,0.0,milton_williams,Milton Williams,DT,,2024,0,UNK
,,,,,46.6,kenny_gainwell,Kenny Gainwell,RB,,2024,0,UNK
,,,,,0.0,marlon_tuipulotu,Marlon Tuipulotu,DT,,2024,0,UNK
,,,,,0.0,patrick_johnson,Patrick Johnson,LB,,2024,0,UNK
,,,,,24.8,michael_carter,Michael Carter,RB,,2024,0,UNK
,,,,,0.0,payton_turner,Payton Turner,DE,,2024,0,UNK
,,,,,0.0,pete_werner,Pete Werner,LB,,2024,0,UNK
,,,,,-0.2,kyle_trask,Kyle Trask,QB,,2024,0,UNK
,,,,,0.0,landon_young,Landon Young,OT,,2024,0,UNK
,,,,,0.0,micah_parsons,Micah Parsons,LB,,2024,0,UNK
,,,,,0.0,zaven_collins,Zaven Collins,LB,,2024,0,UNK
,,,,,0.0,jaelan_phillips,Jaelan Phillips,LB,,2024,0,UNK
,,,,,0.0,kelvin_joseph,Kelvin Joseph,CB,,2024,0,UNK
,,,,,0.0,paulson_adebo,Paulson Adebo,CB,,2024,0,UNK
,,,,,0.0,odafe_oweh,Odafe Oweh,LB,,2024,0,UNK
,,,,,0.0,andre_cisco,Andre Cisco,SAF,,2024,0,UNK
,,,,,0.0,osa_odighizuwa,Osa Odighizuwa,DT,,2024,0,UNK
,,,,,0.0,mitchell_fraboni,Mitchell Fraboni,LS,,2024,0,UNK
,,,,,0.0,jaycee_horn,Jaycee Horn,CB,,2024,0,UNK
,,,,,119.14000000000001,justin_fields,Justin Fields,QB,,2024,0,UNK
,,,,,0.0,ta'quon_graham,Ta'Quon Graham,DT,,2024,0,UNK
,,,,,0.0,adetokunbo_ogundeji,Adetokunbo Ogundeji,LB,,2024,0,UNK
,,,,,0.0,avery_williams,Avery Williams,RB,,2024,0,UNK
,,,,,0.0,jonathon_cooper,Jonathon Cooper,LB,,2024,0,UNK
,,,,,0.0,teven_jenkins,Teven Jenkins,G,,2024,0,UNK
,,,,,0.0,levi_onwuzurike,Levi Onwuzurike,DT,,2024,0,UNK
,,,,,4.1000000000000005,terrace_marshall_jr.,Terrace Marshall Jr.,WR,,2024,0,UNK
,,,,,0.0,darren_hall,Darren Hall,CB,,2024,0,UNK
,,,,,0.0,drew_dalman,Drew Dalman,C,,2024,0,UNK
,,,,,0.0,richie_grant,Richie Grant,SAF,,2024,0,UNK
,,,,,0.0,tre'von_moehrig,Tre'von Moehrig,SAF,,2024,0,UNK
159.0,,,159,14,201.18,amon-ra_st._brown,Amon-Ra St. Brown,WR,,2024,0,UNK
,,,,,0.0,derrick_barnes,Derrick Barnes,LB,,2024,0,UNK
,,,,,0.0,joe_tryon-shoyinka,Joe Tryon-Shoyinka,DE,,2024,0,UNK
,,,,,0.0,brady_christensen,Brady Christensen,OT,,2024,0,UNK
,,,,,84.2,kyle_pitts,Kyle Pitts,TE,,2024,0,UNK
43.0,,,43,4,145.2,trevor_lawrence,Trevor Lawrence,QB,,2024,0,UNK
,,,,,96.08,mac_jones,Mac Jones,QB,,2024,0,UNK
,,,,,91.2,travis_etienne,Travis Etienne,RB,,2024,0,UNK
,,,,,0.0,tyson_campbell,Tyson Campbell,CB,,2024,0,UNK
,,,,,0.0,walker_little,Walker Little,OT,,2024,0,UNK
,,,,,0.0,spencer_brown,Spencer Brown,OT,,2024,0,UNK
,,,,,0.0,ben_cleveland,Ben Cleveland,G,,2024,0,UNK
,,,,,0.0,alijah_vera-tucker,Alijah Vera-Tucker,G,,2024,0,UNK
,,,,,59.900000000000006,elijah_moore,Elijah Moore,WR,,2024,0,UNK
,,,,,0.0,christian_barmore,Christian Barmore,DT,,2024,0,UNK
,,,,,0.0,chauncey_golston,Chauncey Golston,DE,,2024,0,UNK
,,,,,37.8,trey_sermon,Trey Sermon,RB,,2024,0,UNK
,,,,,0.0,brandon_stephens,Brandon Stephens,CB,,2024,0,UNK
110.0,,,110,10,68.4,josh_palmer,Josh Palmer,WR,,2024,0,UNK
,,,,,3.4000000000000004,divine_deablo,Divine Deablo,LB,,2024,0,UNK
,,,,,0.0,elijah_molden,Elijah Molden,CB,,2024,0,UNK
,,,,,0.0,ifeatu_melifonwu,Ifeatu Melifonwu,SAF,,2024,0,UNK
,,,,,0.0,ernest_jones,Ernest Jones,LB,,2024,0,UNK
,,,,,0.0,baron_browning,Baron Browning,LB,,2024,0,UNK
,,,,,0.0,greg_newsome_ii,Greg Newsome II,CB,,2024,0,UNK
67.0,,,67,6,105.9,javonte_williams,Javonte Williams,RB,,2024,0,UNK
,,,,,0.0,jevon_holland,Jevon Holland,SAF,,2024,0,UNK
,,,,,0.0,monty_rice,Monty Rice,LB,,2024,0,UNK
,,,,,0.0,quinn_meinerz,Quinn Meinerz,C,,2024,0,UNK
,,,,,0.0,landon_dickerson,Landon Dickerson,G,,2024,0,UNK
,,,,,0.0,chazz_surratt,Chazz Surratt,LB,,2024,0,UNK
,,,,,12.0,hunter_long,Hunter Long,TE,,2024,0,UNK
,,,,,33.400000000000006,tommy_tremble,Tommy Tremble,TE,,2024,0,UNK
,,,,,0.0,patrick_jones_ii,Patrick Jones II,LB,,2024,0,UNK
,,,,,0.0,rashawn_slater,Rashawn Slater,OT,,2024,0,UNK
,,,,,0.0,liam_eichenberg,Liam Eichenberg,OT,,2024,0,UNK
,,,,,12.740000000000002,trey_lance,Trey Lance,QB,,2024,0,UNK
,,,,,0.0,dee_alford,Dee Alford,CB,,2024,0,UNK
,,,,,0.0,amare_barno,Amare Barno,LB,,2024,0,UNK
,,,,,0.0,elijah_garcia,Elijah Garcia,DE,,2024,0,UNK
,,,,,0.0,keir_thomas,Keir Thomas,LB,,2024,0,UNK
,,,,,0.0,jordan_davis,Jordan Davis,DT,,2024,0,UNK
,,,,,0.0,quay_walker,Quay Walker,LB,,2024,0,UNK
,,,,,0.0,devonte_wyatt,Devonte Wyatt,DT,,2024,0,UNK
,,,,,0.0,sean_rhyan,Sean Rhyan,OT,,2024,0,UNK
,,,,,-0.8400000000000001,sam_howell,Sam Howell,QB,,2024,0,UNK
,,,,,0.0,riq_woolen,Riq Woolen,CB,,2024,0,UNK
,,,,,0.0,braxton_jones,Braxton Jones,OT,,2024,0,UNK
,,,,,0.0,dominique_robinson,Dominique Robinson,DE,,2024,0,UNK
,,,,,0.0,kingsley_enagbare,Kingsley Enagbare,LB,,2024,0,UNK
,,,,,6.4,tyler_badie,Tyler Badie,RB,,2024,0,UNK
,,,,,35.8,grant_calcaterra,Grant Calcaterra,TE,,2024,0,UNK
,,,,,0.0,doug_kramer,Doug Kramer,C,,2024,0,UNK
,,,,,14.5,bo_melton,Bo Melton,CB,,2024,0,UNK
,,,,,0.0,dareke_young,Dareke Young,WR,,2024,0,UNK
,,,,,0.0,jonathan_ford,Jonathan Ford,DT,,2024,0,UNK
,,,,,0.0,elijah_hicks,Elijah Hicks,SAF,,2024,0,UNK
,,,,,0.0,trenton_gill,Trenton Gill,P,,2024,0,UNK
,,,,,0.0,jaylon_jones,Jaylon Jones,DB,,2024,0,UNK
,,,,,0.0,jack_sanborn,Jack Sanborn,LB,,2024,0,UNK
,,,,,0.0,jake_tonges,Jake Tonges,TE,,2024,0,UNK
,,,,,33.400000000000006,tyler_goodson,Tyler Goodson,RB,,2024,0,UNK
,,,,,6.0,josh_blackwell,Josh Blackwell,CB,,2024,0,UNK
,,,,,0.0,reed_blankenship,Reed Blankenship,SAF,,2024,0,UNK
,,,,,3.4000000000000004,britain_covey,Britain Covey,WR,,2024,0,UNK
,,,,,0.0,josh_jobe,Josh Jobe,CB,,2024,0,UNK
,,,,,0.0,joey_blount,Joey Blount,SAF,,2024,0,UNK
,,,,,0.0,vi_jones,Vi Jones,LB,,2024,0,UNK
,,,,,0.0,tony_adams,Tony Adams,SAF,,2024,0,UNK
,,,,,0.0,irvin_charles,Irvin Charles,WR,,2024,0,UNK
,,,,,0.0,jeremiah_moon,Jeremiah Moon,LB,,2024,0,UNK
,,,,,0.0,josh_ross,Josh Ross,LB,,2024,0,UNK
,,,,,0.0,sauce_gardner,Sauce Gardner,CB,,2024,0,UNK
,,,,,0.0,trent_mcduffie,Trent McDuffie,CB,,2024,0,UNK
,,,,,0.0,george_karlaftis,George Karlaftis,DE,,2024,0,UNK
,,,,,0.0,bryan_cook,Bryan Cook,SAF,,2024,0,UNK
,,,,,0.0,jaylen_watson,Jaylen Watson,CB,,2024,0,UNK
,,,,,0.0,rasheed_walker,Rasheed Walker,OT,,2024,0,UNK
20.0,,,20,2,44.900000000000006,isiah_pacheco,Isiah Pacheco,RB,,2024,0,UNK
,,,,,0.0,nazeeh_johnson,Nazeeh Johnson,CB,,2024,0,UNK
,,,,,0.0,labryan_ray,LaBryan Ray,DT,,2024,0,UNK
,,,,,0.0,brenden_schooler,Brenden Schooler,SAF,,2024,0,UNK
,,,,,0.5,mike_caliendo,Mike Caliendo,G,,2024,0,UNK
,,,,,0.0,jack_cochrane,Jack Cochrane,LB,,2024,0,UNK
,,,,,0.0,justyn_ross,Justyn Ross,WR,,2024,0,UNK
,,,,,0.0,cameron_dicker,Cameron Dicker,K,,2024,0,UNK
71.0,,,71,6,86.10000000000001,jaylen_warren,Jaylen Warren,RB,,2024,0,UNK
,,,,,0.0,ikem_ekwonu,Ikem Ekwonu,OT,,2024,0,UNK
,,,,,16.0,kevin_austin_jr.,Kevin Austin Jr.,WR,,2024,0,UNK
,,,,,0.0,travon_walker,Travon Walker,DE,,2024,0,UNK
,,,,,0.0,aidan_hutchinson,Aidan Hutchinson,DE,,2024,0,UNK
,,,,,0.0,derek_stingley_jr.,Derek Stingley Jr.,CB,,2024,0,UNK
169.0,,,169,15,180.8,drake_london,Drake London,WR,,2024,0,UNK
175.0,,,175,15,44.7,chris_olave,Chris Olave,WR,,2024,0,UNK
88.0,,,88,8,154.2,jameson_williams,Jameson Williams,WR,,2024,0,UNK
,,,,,0.0,trevor_penning,Trevor Penning,OT,,2024,0,UNK
,,,,,0.0,kaiir_elam,Kaiir Elam,CB,,2024,0,UNK
,,,,,0.0,tyler_smith,Tyler Smith,OT,,2024,0,UNK
,,,,,0.0,devin_lloyd,Devin Lloyd,LB,,2024,0,UNK
,,,,,0.0,jalen_pitre,Jalen Pitre,SAF,,2024,0,UNK
37.0,,,37,4,105.4,george_pickens,George Pickens,WR,,2024,0,UNK
,,,,,234.7,james_cook,James Cook,RB,,2024,0,UNK
,,,,,0.0,nik_bonitto,Nik Bonitto,LB,,2024,0,UNK
,,,,,0.0,martin_emerson,Martin Emerson,CB,,2024,0,UNK
,,,,,0.0,alex_wright,Alex Wright,DE,,2024,0,UNK
,,,,,2.8000000000000003,greg_dulcich,Greg Dulcich,TE,,2024,0,UNK
,,,,,2.3000000000000003,marcus_jones,Marcus Jones,CB,,2024,0,UNK
,,,,,0.0,terrel_bernard,Terrel Bernard,LB,,2024,0,UNK
,,,,,0.0,dylan_parham,Dylan Parham,G,,2024,0,UNK
34.0,,,34,3,148.60000000000002,rachaad_white,Rachaad White,RB,,2024,0,UNK
,,,,,2.7,david_bell,David Bell,WR,,2024,0,UNK
,,,,,41.5,dameon_pierce,Dameon Pierce,RB,,2024,0,UNK
,,,,,0.0,micah_mcfadden,Micah McFadden,LB,,2024,0,UNK
,,,,,0.0,dj_davidson,DJ Davidson,DT,,2024,0,UNK
111.0,,,111,10,106.5,khalil_shakir,Khalil Shakir,WR,,2024,0,UNK
,,,,,0.0,thomas_booker,Thomas Booker,DT,,2024,0,UNK
147.0,,,147,13,93.2,tyler_allgeier,Tyler Allgeier,RB,,2024,0,UNK
,,,,,0.0,matt_waletzko,Matt Waletzko,OT,,2024,0,UNK
101.0,,,101,9,97.0,jerome_ford,Jerome Ford,RB,,2024,0,UNK
,,,,,0.0,zyon_mccollum,Zyon McCollum,CB,,2024,0,UNK
,,,,,0.0,eric_johnson,Eric Johnson,DT,,2024,0,UNK
,,,,,0.0,otito_ogbonnia,Otito Ogbonnia,DT,,2024,0,UNK
,,,,,0.0,d'marco_jackson,D'Marco Jackson,LB,,2024,0,UNK
,,,,,0.0,montrell_washington,Montrell Washington,WR,,2024,0,UNK
,,,,,0.0,esezi_otomewo,Esezi Otomewo,DT,,2024,0,UNK
,,,,,0.0,daron_bland,DaRon Bland,CB,,2024,0,UNK
73.0,,,73,7,22.400000000000002,ty_chandler,Ty Chandler,RB,,2024,0,UNK
,,,,,0.0,luke_wattenberg,Luke Wattenberg,C,,2024,0,UNK
,,,,,0.0,matthew_butler,Matthew Butler,DT,,2024,0,UNK
,,,,,0.0,damone_clark,Damone Clark,LB,,2024,0,UNK
,,,,,0.0,john_ridgeway,John Ridgeway,DT,,2024,0,UNK
,,,,,0.0,matt_araiza,Matt Araiza,P,,2024,0,UNK
,,,,,6.4,vederian_lowe,Vederian Lowe,OT,,2024,0,UNK
,,,,,0.0,christian_benford,Christian Benford,CB,,2024,0,UNK
,,,,,0.0,malcolm_rodriguez,Malcolm Rodriguez,LB,,2024,0,UNK
,,,,,77.0,jalen_nailor,Jalen Nailor,WR,,2024,0,UNK
,,,,,16.9,andrew_ogletree,Andrew Ogletree,TE,,2024,0,UNK
,,,,,0.0,jordan_jackson,Jordan Jackson,DT,,2024,0,UNK
,,,,,0.0,jamaree_salyer,Jamaree Salyer,G,,2024,0,UNK
,,,,,0.0,cade_mays,Cade Mays,C,,2024,0,UNK
,,,,,0.0,sam_roberts,Sam Roberts,DT,,2024,0,UNK
,,,,,0.0,keaontay_ingram,Keaontay Ingram,RB,,2024,0,UNK
,,,,,6.5,mike_woods,Mike Woods,WR,,2024,0,UNK
,,,,,0.0,theo_jackson,Theo Jackson,DB,,2024,0,UNK
,,,,,10.0,connor_heyward,Connor Heyward,FB,,2024,0,UNK
,,,,,0.2,john_fitzpatrick,John FitzPatrick,TE,,2024,0,UNK
,,,,,0.0,ja'sir_taylor,Ja'Sir Taylor,CB,,2024,0,UNK
,,,,,0.0,james_houston,James Houston,DE,,2024,0,UNK
,,,,,0.0,ko_kieft,Ko Kieft,TE,,2024,0,UNK
,,,,,0.0,montaric_brown,Montaric Brown,CB,,2024,0,UNK
,,,,,0.0,isaiah_thomas,Isaiah Thomas,DE,,2024,0,UNK
,,,,,0.0,cameron_goode,Cameron Goode,LB,,2024,0,UNK
,,,,,0.0,mark_robinson,Mark Robinson,LB,,2024,0,UNK
,,,,,0.0,baylon_spector,Baylon Spector,LB,,2024,0,UNK
,,,,,0.0,faion_hicks,Faion Hicks,CB,,2024,0,UNK
,,,,,0.0,deane_leonard,Deane Leonard,CB,,2024,0,UNK
,,,,,0.0,rodney_thomas,Rodney Thomas,SAF,,2024,0,UNK
,,,,,0.5,chris_oladokun,Chris Oladokun,QB,,2024,0,UNK
,,,,,7.880000000000001,skylar_thompson,Skylar Thompson,QB,,2024,0,UNK
,,,,,0.0,jesse_luketa,Jesse Luketa,LB,,2024,0,UNK
,,,,,0.0,d'anthony_bell,D'Anthony Bell,SAF,,2024,0,UNK
,,,,,0.0,brock_hoffman,Brock Hoffman,C,,2024,0,UNK
,,,,,1.6,tanner_conner,Tanner Conner,TE,,2024,0,UNK
,,,,,0.0,kader_kohou,Kader Kohou,CB,,2024,0,UNK
,,,,,0.0,ben_stille,Ben Stille,DE,,2024,0,UNK
,,,,,0.0,arron_mosby,Arron Mosby,DE,,2024,0,UNK
,,,,,0.0,kaden_davis,Kaden Davis,WR,,2024,0,UNK
,,,,,0.9,brandon_johnson,Brandon Johnson,WR,,2024,0,UNK
,,,,,0.0,kana'i_mauga,Kana'i Mauga,ILB,,2024,0,UNK
,,,,,0.0,ja'quan_mcmillian,Ja'Quan McMillian,CB,,2024,0,UNK
,,,,,0.0,michael_niese,Michael Niese,G,,2024,0,UNK
,,,,,0.0,jalen_virgil,Jalen Virgil,WR,,2024,0,UNK
,,,,,0.0,trevor_denbow,Trevor Denbow,DB,,2024,0,UNK
,,,,,0.0,dallis_flowers,Dallis Flowers,CB,,2024,0,UNK
,,,,,0.0,ryan_van_demark,Ryan Van Demark,OT,,2024,0,UNK
,,,,,0.0,cal_adomitis,Cal Adomitis,LS,,2024,0,UNK
,,,,,0.0,ben_brown,Ben Brown,C,,2024,0,UNK
,,,,,0.0,devin_cochran,Devin Cochran,OT,,2024,0,UNK
,,,,,0.9,kendric_pryor,Kendric Pryor,WR,,2024,0,UNK
,,,,,0.0,alec_anderson,Alec Anderson,OT,,2024,0,UNK
,,,,,8.0,raheem_blackshear,Raheem Blackshear,RB,,2024,0,UNK
,,,,,0.0,kingsley_jonathan,Kingsley Jonathan,DE,,2024,0,UNK
,,,,,0.0,tomon_fox,Tomon Fox,LB,,2024,0,UNK
,,,,,1.1,tyreik_mcallister,Tyreik McAllister,WR,,2024,0,UNK
,,,,,0.0,rod_williams,Rod Williams,TE,,2024,0,UNK
,,,,,0.0,troy_hairston,Troy Hairston,RB,,2024,0,UNK
,,,,,0.0,jake_hansen,Jake Hansen,LB,,2024,0,UNK
,,,,,0.0,kurt_hinish,Kurt Hinish,DT,,2024,0,UNK
,,,,,0.0,tristin_mccollum,Tristin McCollum,DB,,2024,0,UNK
,,,,,0.0,raheem_layne,Raheem Layne,SAF,,2024,0,UNK
,,,,,18.8,stone_smartt,Stone Smartt,TE,,2024,0,UNK
,,,,,2.7,deven_thompkins,Deven Thompkins,WR,,2024,0,UNK
,,,,,6.0,j.j._russell,J.J. Russell,ILB,,2024,0,UNK
,,,,,0.0,mike_brown,Mike Brown,SAF,,2024,0,UNK
,,,,,0.0,ryan_wright,Ryan Wright,P,,2024,0,UNK
,,,,,21.200000000000003,sincere_mccormick,Sincere McCormick,RB,,2024,0,UNK
,,,,,0.0,isaiah_pola-mao,Isaiah Pola-Mao,SAF,,2024,0,UNK
,,,,,0.0,sam_webb,Sam Webb,CB,,2024,0,UNK
,,,,,0.0,luke_masterson,Luke Masterson,LB,,2024,0,UNK
,,,,,10.9,tay_martin,Tay Martin,WR,,2024,0,UNK
,,,,,104.0,jordan_mason,Jordan Mason,RB,,2024,0,UNK
,,,,,0.0,marcelino_mccrary-ball,Marcelino McCrary-Ball,LB,,2024,0,UNK
,,,,,0.0,segun_olubi,Segun Olubi,LB,,2024,0,UNK
,,,,,15.200000000000001,lucas_krull,Lucas Krull,TE,,2024,0,UNK
,,,,,0.0,john_parker_romo,John Parker Romo,K,,2024,0,UNK
,,,,,0.0,nephi_sewell,Nephi Sewell,LB,,2024,0,UNK
122.0,,,122,11,61.800000000000004,rashid_shaheed,Rashid Shaheed,WR,,2024,0,UNK
,,,,,0.0,daniel_whelan,Daniel Whelan,P,,2024,0,UNK
,,,,,0.0,darrell_baker_jr.,Darrell Baker Jr.,CB,,2024,0,UNK
,,,,,13.3,ronnie_rivers,Ronnie Rivers,RB,,2024,0,UNK
,,,,,0.0,chandler_wooten,Chandler Wooten,LB,,2024,0,UNK
,,,,,0.0,markquese_bell,Markquese Bell,SAF,,2024,0,UNK
,,,,,5.1000000000000005,peyton_hendershot,Peyton Hendershot,TE,,2024,0,UNK
,,,,,6.4,juanyeh_thomas,Juanyeh Thomas,SAF,,2024,0,UNK
,,,,,0.0,nate_landman,Nate Landman,LB,,2024,0,UNK
,,,,,0.0,leroy_watson_iv,Leroy Watson IV,OT,,2024,0,UNK
,,,,,0.0,tre_avery,Tre Avery,CB,,2024,0,UNK
,,,,,11.3,julius_chestnut,Julius Chestnut,RB,,2024,0,UNK
,,,,,0.0,jack_gibbens,Jack Gibbens,LB,,2024,0,UNK
,,,,,0.0,sam_okuayinonu,Sam Okuayinonu,DT,,2024,0,UNK
,,,,,0.0,jayden_peevy,Jayden Peevy,DT,,2024,0,UNK
,,,,,0.0,ryan_stonehouse,Ryan Stonehouse,P,,2024,0,UNK
,,,,,1.7000000000000002,aaron_shampklin,Aaron Shampklin,RB,,2024,0,UNK
,,,,,0.0,kayvon_thibodeaux,Kayvon Thibodeaux,LB,,2024,0,UNK
,,,,,0.0,evan_neal,Evan Neal,OT,,2024,0,UNK
,,,,,0.0,kenyon_green,Kenyon Green,G,,2024,0,UNK
,,,,,31.400000000000002,john_metchie_iii,John Metchie III,WR,,2024,0,UNK
,,,,,0.0,nakobe_dean,Nakobe Dean,LB,,2024,0,UNK
,,,,,0.0,nick_cross,Nick Cross,SAF,,2024,0,UNK
,,,,,29.8,hassan_haskins,Hassan Haskins,RB,,2024,0,UNK
,,,,,0.0,mike_greene,Mike Greene,DT,,2024,0,UNK
,,,,,0.0,jacob_hummel,Jacob Hummel,LB,,2024,0,UNK
,,,,,0.0,william_kwenkeu,William Kwenkeu,LB,,2024,0,UNK
,,,,,3.9000000000000004,tucker_fisk,Tucker Fisk,TE,,2024,0,UNK
,,,,,0.0,ja'marcus_ingram,Ja'Marcus Ingram,CB,,2024,0,UNK
,,,,,0.0,c.j._brewer,C.J. Brewer,DT,,2024,0,UNK
,,,,,0.0,jermaine_johnson_ii,Jermaine Johnson II,DE,,2024,0,UNK
,,,,,124.4,alec_pierce,Alec Pierce,WR,,2024,0,UNK
,,,,,103.0,jalen_tolbert,Jalen Tolbert,WR,,2024,0,UNK
,,,,,0.0,kerby_joseph,Kerby Joseph,SAF,,2024,0,UNK
,,,,,0.0,brandon_aubrey,Brandon Aubrey,K,,2024,0,UNK
,,,,,0.0,maurice_alexander,Maurice Alexander,WR,,2024,0,UNK
,,,,,0.0,jeremiah_pharms_jr.,Jeremiah Pharms Jr.,DT,,2024,0,UNK
171.0,,,171,15,150.9,garrett_wilson,Garrett Wilson,WR,,2024,0,UNK
104.0,,,104,9,22.900000000000002,jahan_dotson,Jahan Dotson,WR,,2024,0,UNK
,,,,,3.5,treylon_burks,Treylon Burks,WR,,2024,0,UNK
,,,,,0.0,daxton_hill,Daxton Hill,DB,,2024,0,UNK
41.0,,,41,4,132.8,trey_mcbride,Trey McBride,TE,,2024,0,UNK
,,,,,1.9000000000000001,velus_jones_jr.,Velus Jones Jr.,WR,,2024,0,UNK
77.0,,,77,7,139.8,brian_robinson,Brian Robinson,RB,,2024,0,UNK
,,,,,0.0,tycen_anderson,Tycen Anderson,SAF,,2024,0,UNK
,,,,,0.0,cam_taylor-britt,Cam Taylor-Britt,CB,,2024,0,UNK
,,,,,0.0,nicholas_petit-frere,Nicholas Petit-Frere,OT,,2024,0,UNK
,,,,,0.0,travis_jones,Travis Jones,DT,,2024,0,UNK
,,,,,0.0,bernhard_raimann,Bernhard Raimann,OT,,2024,0,UNK
,,,,,0.0,cordale_flott,Cordale Flott,CB,,2024,0,UNK
,,,,,0.0,demarvin_leal,DeMarvin Leal,DE,,2024,0,UNK
,,,,,0.0,dondrea_tillman,Dondrea Tillman,LB,,2024,0,UNK
,,,,,73.2,kavontae_turpin,KaVontae Turpin,WR,,2024,0,UNK
,,,,,0.0,zachary_carter,Zachary Carter,DT,,2024,0,UNK
,,,,,10.5,jeremy_ruckert,Jeremy Ruckert,TE,,2024,0,UNK
,,,,,0.0,joshua_ezeudu,Joshua Ezeudu,G,,2024,0,UNK
,,,,,0.0,deangelo_malone,DeAngelo Malone,LB,,2024,0,UNK
,,,,,61.6,chig_okonkwo,Chig Okonkwo,TE,,2024,0,UNK
,,,,,0.0,troy_andersen,Troy Andersen,LB,,2024,0,UNK
,,,,,0.0,chad_muma,Chad Muma,LB,,2024,0,UNK
,,,,,0.0,abraham_lucas,Abraham Lucas,OT,,2024,0,UNK
,,,,,0.0,channing_tindall,Channing Tindall,LB,,2024,0,UNK
,,,,,0.0,cameron_thomas,Cameron Thomas,DE,,2024,0,UNK
102.0,,,102,9,86.1,romeo_doubs,Romeo Doubs,WR,,2024,0,UNK
,,,,,0.0,zach_tom,Zach Tom,G,,2024,0,UNK
,,,,,0.0,zion_johnson,Zion Johnson,G,,2024,0,UNK
,,,,,0.0,leo_chenal,Leo Chenal,LB,,2024,0,UNK
,,,,,0.0,charles_cross,Charles Cross,OT,,2024,0,UNK
,,,,,0.0,brian_asamoah_ii,Brian Asamoah II,LB,,2024,0,UNK
,,,,,0.0,christian_harris,Christian Harris,LB,,2024,0,UNK
,,,,,0.0,tyler_linderbaum,Tyler Linderbaum,C,,2024,0,UNK
,,,,,0.7000000000000001,tyrion_davis-price,Tyrion Davis-Price,RB,,2024,0,UNK
,,,,,0.0,samuel_womack,Samuel Womack,CB,,2024,0,UNK
,,,,,0.0,nick_zakelj,Nick Zakelj,OT,,2024,0,UNK
,,,,,0.0,kalia_davis,Kalia Davis,DT,,2024,0,UNK
178.0,,,178,15,266.86,brock_purdy,Brock Purdy,QB,,2024,0,UNK
,,,,,0.0,luke_goedeke,Luke Goedeke,OT,,2024,0,UNK
,,,,,84.80000000000001,calvin_austin_iii,Calvin Austin III,WR,,2024,0,UNK
155.0,,,155,13,81.7,isaiah_likely,Isaiah Likely,TE,,2024,0,UNK
,,,,,0.0,cobie_durant,Cobie Durant,CB,,2024,0,UNK
164.0,,,164,14,238.1,kyren_williams,Kyren Williams,RB,,2024,0,UNK
,,,,,0.0,quentin_lake,Quentin Lake,SAF,,2024,0,UNK
,,,,,0.0,daniel_hardy,Daniel Hardy,DE,,2024,0,UNK
,,,,,0.0,russ_yeast,Russ Yeast,SAF,,2024,0,UNK
,,,,,0.0,a.j._arcuri,A.J. Arcuri,OT,,2024,0,UNK
,,,,,0.0,kyle_hamilton,Kyle Hamilton,SAF,,2024,0,UNK
,,,,,0.0,jack_jones,Jack Jones,CB,,2024,0,UNK
58.0,,,58,5,23.3,zamir_white,Zamir White,RB,,2024,0,UNK
84.0,,,84,7,45.400000000000006,jake_ferguson,Jake Ferguson,TE,,2024,0,UNK
,,,,,0.0,jake_camarda,Jake Camarda,P,,2024,0,UNK
,,,,,0.0,joshua_williams,Joshua Williams,CB,,2024,0,UNK
,,,,,19.3,charlie_kolar,Charlie Kolar,TE,,2024,0,UNK
,,,,,0.0,skyy_moore,Skyy Moore,WR,,2024,0,UNK
,,,,,0.0,erik_ezukanma,Erik Ezukanma,WR,,2024,0,UNK
,,,,,0.0,neil_farrell,Neil Farrell,DE,,2024,0,UNK
,,,,,0.0,jordan_stout,Jordan Stout,P,,2024,0,UNK
,,,,,0.0,cordell_volson,Cordell Volson,G,,2024,0,UNK
,,,,,0.0,joshua_paschal,Joshua Paschal,DE,,2024,0,UNK
,,,,,0.0,cade_york,Cade York,K,,2024,0,UNK
,,,,,21.200000000000003,pierre_strong,Pierre Strong,RB,,2024,0,UNK
,,,,,0.0,phidarian_mathis,Phidarian Mathis,DT,,2024,0,UNK
,,,,,0.0,percy_butler,Percy Butler,SAF,,2024,0,UNK
,,,,,0.0,akayleb_evans,Akayleb Evans,CB,,2024,0,UNK
,,,,,25.14,kenny_pickett,Kenny Pickett,QB,,2024,0,UNK
,,,,,0.0,cole_strange,Cole Strange,G,,2024,0,UNK
,,,,,4.7,tyquan_thornton,Tyquan Thornton,WR,,2024,0,UNK
,,,,,0.0,damarri_mathis,Damarri Mathis,DB,,2024,0,UNK
,,,,,0.0,eyioma_uwazurike,Eyioma Uwazurike,DT,,2024,0,UNK
,,,,,0.0,micheal_clemons,Micheal Clemons,DE,,2024,0,UNK
,,,,,7.000000000000001,bailey_zappe,Bailey Zappe,QB,,2024,0,UNK
,,,,,0.0,kyler_gordon,Kyler Gordon,CB,,2024,0,UNK
,,,,,0.0,cam_jurgens,Cam Jurgens,C,,2024,0,UNK
,,,,,0.0,max_mitchell,Max Mitchell,OT,,2024,0,UNK
,,,,,12.5,daniel_bellinger,Daniel Bellinger,TE,,2024,0,UNK
,,,,,0.0,arnold_ebiketie,Arnold Ebiketie,LB,,2024,0,UNK
,,,,,89.7,wan'dale_robinson,Wan'Dale Robinson,WR,,2024,0,UNK
,,,,,0.0,daniel_faalele,Daniel Faalele,G,,2024,0,UNK
,,,,,0.0,jalyn_armour-davis,Jalyn Armour-Davis,CB,,2024,0,UNK
166.0,,,166,14,183.9,breece_hall,Breece Hall,RB,,2024,0,UNK
,,,,,0.0,alontae_taylor,Alontae Taylor,CB,,2024,0,UNK
,,,,,21.92,desmond_ridder,Desmond Ridder,QB,,2024,0,UNK
,,,,,1.0,dane_belton,Dane Belton,SAF,,2024,0,UNK
75.0,,,75,7,76.3,christian_watson,Christian Watson,WR,,2024,0,UNK
,,,,,0.0,roger_mccreary,Roger McCreary,CB,,2024,0,UNK
,,,,,0.0,logan_hall,Logan Hall,DE,,2024,0,UNK
,,,,,51.8,malik_willis,Malik Willis,QB,,2024,0,UNK
,,,,,81.6,cade_otton,Cade Otton,TE,,2024,0,UNK
,,,,,0.0,andrew_booth,Andrew Booth,CB,,2024,0,UNK
,,,,,0.0,ed_ingram,Ed Ingram,G,,2024,0,UNK
,,,,,0.0,boye_mafe,Boye Mafe,DE,,2024,0,UNK
36.0,,,36,3,135.2,kenneth_walker_iii,Kenneth Walker III,RB,,2024,0,UNK
,,,,,0.0,jaquan_brisker,Jaquan Brisker,SAF,,2024,0,UNK
,,,,,0.0,coby_bryant,Coby Bryant,CB,,2024,0,UNK
,,,,,0.0,david_ojabo,David Ojabo,LB,,2024,0,UNK
,,,,,0.0,josh_butler,Josh Butler,DB,,2024,0,UNK
,,,,,4.2,xavier_smith,Xavier Smith,WR,,2024,0,UNK
,,,,,0.0,kyu_blu_kelly,Kyu Blu Kelly,CB,,2024,0,UNK
,,,,,0.0,andrew_vorhees,Andrew Vorhees,G,,2024,0,UNK
,,,,,0.0,jalen_carter,Jalen Carter,DT,,2024,0,UNK
,,,,,0.0,colby_wooden,Colby Wooden,DE,,2024,0,UNK
,,,,,0.0,noah_sewell,Noah Sewell,LB,,2024,0,UNK
120.0,,,120,10,71.5,dontayvion_wicks,Dontayvion Wicks,WR,,2024,0,UNK
,,,,,2.9000000000000004,will_mallory,Will Mallory,TE,,2024,0,UNK
,,,,,0.0,terell_smith,Terell Smith,CB,,2024,0,UNK
,,,,,9.3,eric_gray,Eric Gray,RB,,2024,0,UNK
,,,,,0.0,karl_brooks,Karl Brooks,DT,,2024,0,UNK
,,,,,28.82,tanner_mckee,Tanner McKee,QB,,2024,0,UNK
,,,,,0.0,jarrick_bernard-converse,Jarrick Bernard-Converse,CB,,2024,0,UNK
,,,,,0.0,anders_carlson,Anders Carlson,K,,2024,0,UNK
,,,,,0.0,tre_hawkins_iii,Tre Hawkins III,CB,,2024,0,UNK
,,,,,0.0,titus_leo,Titus Leo,DE,,2024,0,UNK
,,,,,0.0,carrington_valentine,Carrington Valentine,DB,,2024,0,UNK
,,,,,0.0,anthony_johnson_jr.,Anthony Johnson Jr.,SAF,,2024,0,UNK
,,,,,0.0,moro_ojomo,Moro Ojomo,DT,,2024,0,UNK
,,,,,0.0,kendall_williamson,Kendall Williamson,SAF,,2024,0,UNK
,,,,,-0.26000000000000006,tyson_bagent,Tyson Bagent,QB,,2024,0,UNK
,,,,,5.800000000000001,keaton_mitchell,Keaton Mitchell,RB,,2024,0,UNK
,,,,,0.0,brenton_cox_jr.,Brenton Cox Jr.,DE,,2024,0,UNK
,,,,,21.700000000000003,malik_heath,Malik Heath,WR,,2024,0,UNK
,,,,,13.48,tommy_devito,Tommy DeVito,QB,,2024,0,UNK
,,,,,6.0,bryce_ford-wheaton,Bryce Ford-Wheaton,WR,,2024,0,UNK
,,,,,0.0,dyontae_johnson,Dyontae Johnson,LB,,2024,0,UNK
,,,,,0.0,eli_ricks,Eli Ricks,CB,,2024,0,UNK
,,,,,0.0,brady_russell,Brady Russell,RB,,2024,0,UNK
,,,,,0.0,ben_vansumeren,Ben VanSumeren,RB,,2024,0,UNK
,,,,,0.0,ty_zentner,Ty Zentner,P,,2024,0,UNK
,,,,,0.0,claudin_cherelus,Claudin Cherelus,LB,,2024,0,UNK
,,,,,10.4,xavier_gipson,Xavier Gipson,WR,,2024,0,UNK
,,,,,6.7,e.j._jenkins,E.J. Jenkins,TE,,2024,0,UNK
,,,,,0.0,trenton_simpson,Trenton Simpson,LB,,2024,0,UNK
,,,,,0.0,tavius_robinson,Tavius Robinson,LB,,2024,0,UNK
,,,,,0.0,jordon_riley,Jordon Riley,DT,,2024,0,UNK
,,,,,1.1,grant_dubose,Grant DuBose,WR,,2024,0,UNK
,,,,,0.0,cam_jones,Cam Jones,LB,,2024,0,UNK
,,,,,0.0,truman_jones,Truman Jones,DE,,2024,0,UNK
,,,,,4.800000000000001,nikko_remigio,Nikko Remigio,WR,,2024,0,UNK
,,,,,0.0,dj_johnson,DJ Johnson,DE,,2024,0,UNK
,,,,,0.0,chandler_zavala,Chandler Zavala,G,,2024,0,UNK
,,,,,0.0,paris_johnson_jr.,Paris Johnson Jr.,OT,,2024,0,UNK
,,,,,0.0,tyree_wilson,Tyree Wilson,DE,,2024,0,UNK
7.0,,,7,1,280.70000000000005,bijan_robinson,Bijan Robinson,RB,,2024,0,UNK
72.0,,,72,6,153.0,jaxon_smith-njigba,Jaxon Smith-Njigba,WR,,2024,0,UNK
,,,,,119.7,quentin_johnston,Quentin Johnston,WR,,2024,0,UNK
,,,,,0.0,mazi_smith,Mazi Smith,DT,,2024,0,UNK
,,,,,0.0,myles_murphy,Myles Murphy,DE,,2024,0,UNK
,,,,,30.1,luke_schoonmaker,Luke Schoonmaker,TE,,2024,0,UNK
,,,,,0.0,o'cyrus_torrence,O'Cyrus Torrence,G,,2024,0,UNK
,,,,,0.0,dj_turner_ii,DJ Turner II,CB,,2024,0,UNK
,,,,,2.68,hendon_hooker,Hendon Hooker,QB,,2024,0,UNK
150.0,,,150,13,24.1,kendre_miller,Kendre Miller,RB,,2024,0,UNK
,,,,,0.0,riley_moss,Riley Moss,CB,,2024,0,UNK
,,,,,0.0,daiyan_henley,Daiyan Henley,LB,,2024,0,UNK
,,,,,0.0,ji'ayir_brown,Ji'Ayir Brown,SAF,,2024,0,UNK
,,,,,122.0,tank_bigsby,Tank Bigsby,RB,,2024,0,UNK
,,,,,0.0,demarvion_overshown,DeMarvion Overshown,LB,,2024,0,UNK
,,,,,0.0,dorian_williams,Dorian Williams,LB,,2024,0,UNK
,,,,,26.0,darnell_washington,Darnell Washington,TE,,2024,0,UNK
,,,,,77.5,michael_wilson,Michael Wilson,WR,,2024,0,UNK
,,,,,0.0,jordan_battle,Jordan Battle,SAF,,2024,0,UNK
,,,,,0.0,jake_moody,Jake Moody,K,,2024,0,UNK
,,,,,82.30000000000001,tre_tucker,Tre Tucker,WR,,2024,0,UNK
,,,,,0.0,chad_ryland,Chad Ryland,K,,2024,0,UNK
,,,,,0.0,clark_phillips_iii,Clark Phillips III,CB,,2024,0,UNK
,,,,,0.0,sidy_sow,Sidy Sow,G,,2024,0,UNK
,,,,,0.0,ventrell_miller,Ventrell Miller,LB,,2024,0,UNK
,,,,,27.1,derius_davis,Derius Davis,WR,,2024,0,UNK
,,,,,0.0,isaiah_mcguire,Isaiah McGuire,DE,,2024,0,UNK
,,,,,6.5,charlie_jones,Charlie Jones,WR,,2024,0,UNK
,,,,,0.0,nick_herbig,Nick Herbig,LB,,2024,0,UNK
,,,,,0.0,jay_ward,Jay Ward,SAF,,2024,0,UNK
,,,,,93.48,aidan_o'connell,Aidan O'Connell,QB,,2024,0,UNK
,,,,,0.0,yasir_abdullah,Yasir Abdullah,LB,,2024,0,UNK
,,,,,0.0,kj_henry,KJ Henry,DE,,2024,0,UNK
,,,,,-2.08,clayton_tune,Clayton Tune,QB,,2024,0,UNK
,,,,,15.800000000000004,dorian_thompson-robinson,Dorian Thompson-Robinson,QB,,2024,0,UNK
,,,,,0.0,jaquelin_roy,Jaquelin Roy,DT,,2024,0,UNK
,,,,,0.0,cameron_mitchell,Cameron Mitchell,DB,,2024,0,UNK
,,,,,0.0,jammie_robinson,Jammie Robinson,SAF,,2024,0,UNK
,,,,,0.0,jordan_howden,Jordan Howden,SAF,,2024,0,UNK
,,,,,32.8,josh_whyle,Josh Whyle,TE,,2024,0,UNK
,,,,,0.0,justin_shorter,Justin Shorter,TE,,2024,0,UNK
,,,,,0.0,mike_morris,Mike Morris,DE,,2024,0,UNK
,,,,,0.0,olu_oluwatimi,Olu Oluwatimi,C,,2024,0,UNK
,,,,,0.0,darrell_luter_jr.,Darrell Luter Jr.,CB,,2024,0,UNK
,,,,,0.0,antonio_johnson,Antonio Johnson,SAF,,2024,0,UNK
89.0,,,89,8,201.0,chase_brown,Chase Brown,RB,,2024,0,UNK
,,,,,0.0,henry_to'oto'o,Henry To'oTo'o,LB,,2024,0,UNK
,,,,,0.0,owen_pappoe,Owen Pappoe,LB,,2024,0,UNK
,,,,,0.0,asim_richards,Asim Richards,OT,,2024,0,UNK
,,,,,0.0,chris_smith_ii,Chris Smith II,S,,2024,0,UNK
,,,,,0.0,robert_beal_jr.,Robert Beal Jr.,DE,,2024,0,UNK
,,,,,0.0,jl_skinner,JL Skinner,SAF,,2024,0,UNK
,,,,,65.0,parker_washington,Parker Washington,WR,,2024,0,UNK
,,,,,78.9,kayshon_boutte,Kayshon Boutte,WR,,2024,0,UNK
,,,,,0.0,bryce_baringer,Bryce Baringer,P,,2024,0,UNK
,,,,,30.5,chris_rodriguez_jr.,Chris Rodriguez Jr.,RB,,2024,0,UNK
,,,,,0.0,jerrick_reed_ii,Jerrick Reed II,SAF,,2024,0,UNK
,,,,,2.8000000000000003,scott_matlock,Scott Matlock,DT,,2024,0,UNK
,,,,,0.0,jarrett_patterson,Jarrett Patterson,C,,2024,0,UNK
,,,,,0.0,christian_braswell,Christian Braswell,CB,,2024,0,UNK
,,,,,0.0,amari_burney,Amari Burney,LB,,2024,0,UNK
,,,,,11.700000000000001,xavier_hutchinson,Xavier Hutchinson,WR,,2024,0,UNK
,,,,,83.9,andrei_iosivas,Andrei Iosivas,WR,,2024,0,UNK
,,,,,81.7,demario_douglas,DeMario Douglas,WR,,2024,0,UNK
,,,,,8.8,deuce_vaughn,Deuce Vaughn,RB,,2024,0,UNK
,,,,,0.0,dante_stills,Dante Stills,DT,,2024,0,UNK
,,,,,0.0,dee_winters,Dee Winters,LB,,2024,0,UNK
,,,,,0.0,nesta_jade_silvera,Nesta Jade Silvera,DT,,2024,0,UNK
,,,,,0.0,andre_jones_jr.,Andre Jones Jr.,LB,,2024,0,UNK
,,,,,19.400000000000002,kenny_mcintosh,Kenny McIntosh,RB,,2024,0,UNK
,,,,,0.0,cory_trice_jr.,Cory Trice Jr.,CB,,2024,0,UNK
,,,,,23.7,jalen_brooks,Jalen Brooks,WR,,2024,0,UNK
,,,,,0.0,isaiah_bolden,Isaiah Bolden,CB,,2024,0,UNK
,,,,,0.0,d.j._ivey,D.J. Ivey,CB,,2024,0,UNK
,,,,,0.0,brayden_willis,Brayden Willis,TE,,2024,0,UNK
,,,,,0.0,spencer_anderson,Spencer Anderson,G,,2024,0,UNK
,,,,,0.0,alex_austin,Alex Austin,CB,,2024,0,UNK
,,,,,2.2,ronnie_bell,Ronnie Bell,WR,,2024,0,UNK
,,,,,0.0,jalen_graham,Jalen Graham,LB,,2024,0,UNK
,,,,,0.0,cory_durden,Cory Durden,DT,,2024,0,UNK
,,,,,0.0,brandon_joseph,Brandon Joseph,S,,2024,0,UNK
,,,,,0.0,trevor_nowaske,Trevor Nowaske,LB,,2024,0,UNK
,,,,,0.0,chris_smith,Chris Smith,DT,,2024,0,UNK
,,,,,0.0,starling_thomas_v,Starling Thomas V,CB,,2024,0,UNK
,,,,,0.0,dj_coleman,DJ Coleman,DE,,2024,0,UNK
,,,,,0.0,divaad_wilson,Divaad Wilson,CB,,2024,0,UNK
,,,,,14.100000000000001,jordan_mims,Jordan Mims,RB,,2024,0,UNK
,,,,,12.9,tyrell_shavers,Tyrell Shavers,WR,,2024,0,UNK
,,,,,0.0,mitchell_agude,Mitchell Agude,LB,,2024,0,UNK
,,,,,0.0,ethan_bonner,Ethan Bonner,CB,,2024,0,UNK
,,,,,31.200000000000003,chris_brooks,Chris Brooks,RB,,2024,0,UNK
,,,,,0.0,brandon_pili,Brandon Pili,DT,,2024,0,UNK
,,,,,0.0,keidron_smith,Keidron Smith,DB,,2024,0,UNK
,,,,,0.0,kendell_brooks,Kendell Brooks,SAF,,2024,0,UNK
,,,,,38.7,emari_demercado,Emari Demercado,RB,,2024,0,UNK
,,,,,11.100000000000001,blake_whiteheart,Blake Whiteheart,TE,,2024,0,UNK
,,,,,0.0,mohamoud_diabate,Mohamoud Diabate,LB,,2024,0,UNK
,,,,,0.0,ronnie_hickman_jr.,Ronnie Hickman Jr.,SAF,,2024,0,UNK
,,,,,0.0,tanner_mccalister,Tanner McCalister,SAF,,2024,0,UNK
,,,,,10.0,julian_hill,Julian Hill,TE,,2024,0,UNK
,,,,,0.0,ali_gaye,Ali Gaye,DE,,2024,0,UNK
,,,,,0.0,tj_bass,TJ Bass,OT,,2024,0,UNK
,,,,,0.0,princeton_fant,Princeton Fant,TE,,2024,0,UNK
,,,,,0.0,isaiah_land,Isaiah Land,LB,,2024,0,UNK
,,,,,14.9,hunter_luepke,Hunter Luepke,RB,,2024,0,UNK
,,,,,0.0,tyrus_wheat,Tyrus Wheat,DE,,2024,0,UNK
,,,,,16.700000000000003,jake_bobo,Jake Bobo,WR,,2024,0,UNK
,,,,,0.0,patrick_o'connell,Patrick O'Connell,LB,,2024,0,UNK
,,,,,0.0,ty_okada,Ty Okada,SAF,,2024,0,UNK
,,,,,0.0,jalen_redmond,Jalen Redmond,DL,,2024,0,UNK
,,,,,0.0,eku_leota,Eku Leota,LB,,2024,0,UNK
,,,,,29.5,nate_adkins,Nate Adkins,TE,,2024,0,UNK
,,,,,0.0,art_green,Art Green,CB,,2024,0,UNK
,,,,,0.0,thomas_incoom,Thomas Incoom,LB,,2024,0,UNK
,,,,,0.0,demontrey_jacobs,Demontrey Jacobs,OT,,2024,0,UNK
130.0,,,130,11,73.2,jaleel_mclaughlin,Jaleel McLaughlin,RB,,2024,0,UNK
,,,,,0.0,alex_palczewski,Alex Palczewski,OT,,2024,0,UNK
,,,,,85.0,emanuel_wilson,Emanuel Wilson,RB,,2024,0,UNK
,,,,,0.0,andre_carter_ii,Andre Carter II,LB,,2024,0,UNK
,,,,,0.0,ivan_pace_jr.,Ivan Pace Jr.,LB,,2024,0,UNK
,,,,,4.2,ben_sims,Ben Sims,TE,,2024,0,UNK
,,,,,0.0,evan_deckers,Evan Deckers,LS,,2024,0,UNK
,,,,,0.0,christian_izien,Christian Izien,SAF,,2024,0,UNK
,,,,,12.4,rakim_jarrett,Rakim Jarrett,WR,,2024,0,UNK
,,,,,0.0,kaevon_merriweather,Kaevon Merriweather,SAF,,2024,0,UNK
,,,,,24.8,ryan_miller,Ryan Miller,WR,,2024,0,UNK
,,,,,-0.2,brycen_tremayne,Brycen Tremayne,WR,,2024,0,UNK
,,,,,0.0,caleb_murphy,Caleb Murphy,LB,,2024,0,UNK
,,,,,0.0,john_ojukwu,John Ojukwu,OT,,2024,0,UNK
,,,,,0.0,otis_reese,Otis Reese,LB,,2024,0,UNK
,,,,,0.0,aj_finley,AJ Finley,SAF,,2024,0,UNK
,,,,,0.0,shaka_heyward,Shaka Heyward,LB,,2024,0,UNK
,,,,,0.0,blake_grupe,Blake Grupe,K,,2024,0,UNK
,,,,,0.0,anfernee_orji,Anfernee Orji,LB,,2024,0,UNK
,,,,,0.0,mcclendon_curtis,McClendon Curtis,G,,2024,0,UNK
,,,,,0.7000000000000001,john_shenker,John Shenker,TE,,2024,0,UNK
,,,,,0.0,drake_thomas,Drake Thomas,LB,,2024,0,UNK
,,,,,0.0,darnell_wright,Darnell Wright,OT,,2024,0,UNK
49.0,,,49,5,56.800000000000004,dalton_kincaid,Dalton Kincaid,TE,,2024,0,UNK
,,,,,0.0,anton_harrison,Anton Harrison,OT,,2024,0,UNK
,,,,,51.1,brenton_strange,Brenton Strange,TE,,2024,0,UNK
,,,,,0.0,juice_scruggs,Juice Scruggs,C,,2024,0,UNK
,,,,,0.0,zacch_pickens,Zacch Pickens,DT,,2024,0,UNK
,,,,,6.2,jalin_hyatt,Jalin Hyatt,WR,,2024,0,UNK
,,,,,0.0,brodric_martin,Brodric Martin,DT,,2024,0,UNK
,,,,,0.0,tyler_lacy,Tyler Lacy,DE,,2024,0,UNK
,,,,,0.5,tyler_scott,Tyler Scott,WR,,2024,0,UNK
,,,,,59.7,sean_tucker,Sean Tucker,RB,,2024,0,UNK
,,,,,0.0,natrone_brooks,Natrone Brooks,DB,,2024,0,UNK
,,,,,90.5,marvin_mims_jr.,Marvin Mims Jr.,WR,,2024,0,UNK
56.0,,,56,5,89.0,tank_dell,Tank Dell,WR,,2024,0,UNK
,,,,,51.4,cedric_tillman,Cedric Tillman,WR,,2024,0,UNK
,,,,,0.0,zach_harrison,Zach Harrison,DE,,2024,0,UNK
,,,,,6.1,wanya_morris,Wanya Morris,OT,,2024,0,UNK
,,,,,0.0,chamarri_conner,Chamarri Conner,DB,,2024,0,UNK
,,,,,0.0,kei'trel_clark,Kei'Trel Clark,CB,,2024,0,UNK
,,,,,0.0,keondre_coburn,Keondre Coburn,DE,,2024,0,UNK
70.0,,,70,6,149.5,jordan_addison,Jordan Addison,WR,,2024,0,UNK
,,,,,0.0,bryan_bresee,Bryan Bresee,DT,,2024,0,UNK
,,,,,113.3,tucker_kraft,Tucker Kraft,TE,,2024,0,UNK
132.0,,,132,11,111.5,josh_downs,Josh Downs,WR,,2024,0,UNK
,,,,,13.240000000000002,jake_haener,Jake Haener,QB,,2024,0,UNK
,,,,,0.0,deonte_banks,Deonte Banks,CB,,2024,0,UNK
,,,,,0.0,tyler_steen,Tyler Steen,OT,,2024,0,UNK
,,,,,0.0,sydney_brown,Sydney Brown,SAF,,2024,0,UNK
,,,,,0.0,drew_sanders,Drew Sanders,LB,,2024,0,UNK
,,,,,0.0,carter_warren,Carter Warren,OT,,2024,0,UNK
,,,,,0.0,felix_anudike-uzomah,Felix Anudike-Uzomah,DE,,2024,0,UNK
,,,,,0.0,garrett_williams,Garrett Williams,CB,,2024,0,UNK
,,,,,0.0,dylan_horton,Dylan Horton,DE,,2024,0,UNK
,,,,,0.0,nolan_smith,Nolan Smith,LB,,2024,0,UNK
,,,,,0.0,dawand_jones,Dawand Jones,OT,,2024,0,UNK
,,,,,0.0,jack_campbell,Jack Campbell,LB,,2024,0,UNK
,,,,,0.0,john_michael_schmitz,John Michael Schmitz,C,,2024,0,UNK
,,,,,0.0,anthony_bradford,Anthony Bradford,G,,2024,0,UNK
,,,,,61.400000000000006,roschon_johnson,Roschon Johnson,RB,,2024,0,UNK
,,,,,0.0,adetomiwa_adebawore,Adetomiwa Adebawore,DT,,2024,0,UNK
95.0,,,95,8,83.6,tyjae_spears,Tyjae Spears,RB,,2024,0,UNK
,,,,,0.0,peter_skoronski,Peter Skoronski,OT,,2024,0,UNK
180.0,,,180,15,221.9,de'von_achane,De'Von Achane,RB,,2024,0,UNK
,,,,,29.2,elijah_higgins,Elijah Higgins,TE,,2024,0,UNK
,,,,,0.0,derick_hall,Derick Hall,LB,,2024,0,UNK
,,,,,0.0,matthew_bergeron,Matthew Bergeron,OL,,2024,0,UNK
,,,,,0.0,sirvocea_dennis,SirVocea Dennis,LB,,2024,0,UNK
,,,,,23.5,payne_durham,Payne Durham,TE,,2024,0,UNK
,,,,,0.0,josh_hayes,Josh Hayes,DB,,2024,0,UNK
,,,,,23.2,trey_palmer,Trey Palmer,WR,,2024,0,UNK
,,,,,0.0,jose_ramirez,Jose Ramirez,LB,,2024,0,UNK
,,,,,0.0,marte_mapu,Marte Mapu,LB,,2024,0,UNK
,,,,,0.0,steve_avila,Steve Avila,G,,2024,0,UNK
,,,,,0.0,ethan_evans,Ethan Evans,P,,2024,0,UNK
,,,,,0.0,desjuan_johnson,Desjuan Johnson,DE,,2024,0,UNK
,,,,,15.2,jonathan_mingo,Jonathan Mingo,WR,,2024,0,UNK
,,,,,0.0,calijah_kancey,Calijah Kancey,DT,,2024,0,UNK
50.0,,,50,5,135.5,zay_flowers,Zay Flowers,WR,,2024,0,UNK
28.0,,,28,3,114.60000000000001,sam_laporta,Sam LaPorta,TE,,2024,0,UNK
,,,,,15.600000000000001,michael_mayer,Michael Mayer,TE,,2024,0,UNK
163.0,,,163,14,40.900000000000006,rashee_rice,Rashee Rice,WR,,2024,0,UNK
,,,,,0.0,yaya_diaby,Yaya Diaby,LB,,2024,0,UNK
,,,,,0.0,gervon_dexter_sr.,Gervon Dexter Sr.,DT,,2024,0,UNK
,,,,,0.0,tyrique_stevenson,Tyrique Stevenson,CB,,2024,0,UNK
,,,,,0.0,jakorian_bennett,Jakorian Bennett,DB,,2024,0,UNK
,,,,,3.9000000000000004,davis_allen,Davis Allen,TE,,2024,0,UNK
173.0,,,173,15,127.60000000000001,puka_nacua,Puka Nacua,WR,,2024,0,UNK
,,,,,0.0,nick_hampton,Nick Hampton,LB,,2024,0,UNK
,,,,,0.0,warren_mcclendon_jr.,Warren McClendon Jr.,OT,,2024,0,UNK
,,,,,0.0,will_anderson_jr.,Will Anderson Jr.,DE,,2024,0,UNK
,,,,,0.0,broderick_jones,Broderick Jones,OT,,2024,0,UNK
,,,,,0.0,keeanu_benton,Keeanu Benton,DT,,2024,0,UNK
,,,,,0.0,tuli_tuipulotu,Tuli Tuipulotu,LB,,2024,0,UNK
,,,,,0.0,lukas_van_ness,Lukas Van Ness,LB,,2024,0,UNK
,,,,,0.0,cam_smith,Cam Smith,CB,,2024,0,UNK
,,,,,0.0,ochaun_mathis,Ochaun Mathis,LB,,2024,0,UNK
,,,,,0.0,byron_young,Byron Young,LB,,2024,0,UNK
,,,,,0.0,kobie_turner,Kobie Turner,DE,,2024,0,UNK
18.0,,,18,2,310.9,jahmyr_gibbs,Jahmyr Gibbs,RB,,2024,0,UNK
,,,,,0.0,kelee_ringo,Kelee Ringo,CB,,2024,0,UNK
,,,,,0.0,brian_branch,Brian Branch,CB,,2024,0,UNK
,,,,,0.0,will_mcdonald_iv,Will McDonald IV,DE,,2024,0,UNK
,,,,,0.0,isaiah_foskey,Isaiah Foskey,DE,,2024,0,UNK
145.0,,,145,13,4.5,luke_musgrave,Luke Musgrave,TE,,2024,0,UNK
,,,,,0.0,joe_tippmann,Joe Tippmann,C,,2024,0,UNK
69.0,,,69,6,142.0,jayden_reed,Jayden Reed,WR,,2024,0,UNK
,,,,,0.0,christian_gonzalez,Christian Gonzalez,CB,,2024,0,UNK
,,,,,0.0,keion_white,Keion White,DE,,2024,0,UNK
,,,,,0.0,quan_martin,Quan Martin,SAF,,2024,0,UNK
143.0,,,143,12,195.02,bryce_young,Bryce Young,QB,,2024,0,UNK
,,,,,0.0,emmanuel_forbes,Emmanuel Forbes,CB,,2024,0,UNK
105.0,,,105,9,119.94,will_levis,Will Levis,QB,,2024,0,UNK
,,,,,0.0,julius_brents,Julius Brents,CB,,2024,0,UNK
,,,,,0.0,cody_mauch,Cody Mauch,G,,2024,0,UNK
172.0,,,172,15,220.38000000000002,c.j._stroud,C.J. Stroud,QB,,2024,0,UNK
,,,,,162.36,anthony_richardson,Anthony Richardson,QB,,2024,0,UNK
119.0,,,119,10,144.9,zach_charbonnet,Zach Charbonnet,RB,,2024,0,UNK
,,,,,0.0,joey_porter_jr.,Joey Porter Jr.,CB,,2024,0,UNK
,,,,,0.0,devon_witherspoon,Devon Witherspoon,CB,,2024,0,UNK
,,,,,0.0,jake_bates,Jake Bates,K,,2024,0,UNK
,,,,,0.0,dante_miller,Dante Miller,RB,,2024,0,UNK
,,,,,0.0,nate_wiggins,Nate Wiggins,CB,,2024,0,UNK
,,,,,0.0,roger_rosengarten,Roger Rosengarten,OT,,2024,0,UNK
,,,,,0.0,t.j._tampa,T.J. Tampa,CB,,2024,0,UNK
,,,,,0.0,sanoussi_kane,Sanoussi Kane,SAF,,2024,0,UNK
,,,,,9.8,johnny_wilson,Johnny Wilson,WR,,2024,0,UNK
,,,,,0.0,beau_brade,Beau Brade,SAF,,2024,0,UNK
,,,,,0.8,chris_collier,Chris Collier,RB,,2024,0,UNK
,,,,,0.0,andre'_sam,Andre' Sam,SAF,,2024,0,UNK
,,,,,0.0,braiden_mcgregor,Braiden McGregor,DE,,2024,0,UNK
,,,,,0.0,jarius_monroe,Jarius Monroe,SAF,,2024,0,UNK
,,,,,0.0,leonard_taylor_iii,Leonard Taylor III,DT,,2024,0,UNK
,,,,,0.0,eric_watts,Eric Watts,DE,,2024,0,UNK
,,,,,0.0,shemar_bartholomew,Shemar Bartholomew,CB,,2024,0,UNK
,,,,,0.9,george_holani,George Holani,RB,,2024,0,UNK
,,,,,0.0,dee_williams,Dee Williams,CB,,2024,0,UNK
,,,,,0.0,byron_murphy_ii,Byron Murphy II,DT,,2024,0,UNK
,,,,,0.0,miles_battle,Miles Battle,CB,,2024,0,UNK
,,,,,0.0,swayze_bozeman,Swayze Bozeman,LB,,2024,0,UNK
,,,,,0.0,baylor_cupp,Baylor Cupp,TE,,2024,0,UNK
,,,,,0.0,curtis_jacobs,Curtis Jacobs,LB,,2024,0,UNK
,,,,,0.0,ryan_rehkow,Ryan Rehkow,P,,2024,0,UNK
,,,,,0.0,christian_roland-wallace,Christian Roland-Wallace,CB,,2024,0,UNK
,,,,,16.900000000000002,carson_steele,Carson Steele,RB,,2024,0,UNK
,,,,,0.0,brandon_codrington,Brandon Codrington,CB,,2024,0,UNK
29.0,,,29,3,164.60000000000002,malik_nabers,Malik Nabers,WR,,2024,0,UNK
97.0,,,97,9,150.7,brock_bowers,Brock Bowers,TE,,2024,0,UNK
,,,,,0.0,taliese_fuaga,Taliese Fuaga,OT,,2024,0,UNK
,,,,,0.0,laiatu_latu,Laiatu Latu,DE,,2024,0,UNK
,,,,,0.0,tyler_guyton,Tyler Guyton,OT,,2024,0,UNK
117.0,,,117,10,76.1,xavier_legette,Xavier Legette,WR,,2024,0,UNK
,,,,,0.0,kamari_lassiter,Kamari Lassiter,CB,,2024,0,UNK
90.0,,,90,8,4.5,jonathon_brooks,Jonathon Brooks,RB,,2024,0,UNK
,,,,,0.0,renardo_green,Renardo Green,CB,,2024,0,UNK
,,,,,0.0,junior_colson,Junior Colson,LB,,2024,0,UNK
,,,,,0.0,trevin_wallace,Trevin Wallace,LB,,2024,0,UNK
,,,,,0.0,cooper_beebe,Cooper Beebe,G,,2024,0,UNK
,,,,,0.0,dj_glaze,DJ Glaze,OT,,2024,0,UNK
,,,,,0.0,zak_zinter,Zak Zinter,G,,2024,0,UNK
,,,,,-0.30000000000000004,dominick_puni,Dominick Puni,OT,,2024,0,UNK
,,,,,0.0,marist_liufau,Marist Liufau,LB,,2024,0,UNK
,,,,,0.0,jarrian_jones,Jarrian Jones,CB,,2024,0,UNK
,,,,,0.0,mckinnley_jackson,McKinnley Jackson,DT,,2024,0,UNK
,,,,,16.8,luke_mccaffrey,Luke McCaffrey,WR,,2024,0,UNK
,,,,,40.2,ja'tavion_sanders,Ja'Tavion Sanders,TE,,2024,0,UNK
,,,,,0.0,decamerion_richardson,Decamerion Richardson,CB,,2024,0,UNK
,,,,,0.0,mason_mccormick,Mason McCormick,G,,2024,0,UNK
,,,,,19.3,cade_stover,Cade Stover,TE,,2024,0,UNK
,,,,,0.0,malik_mustapha,Malik Mustapha,SAF,,2024,0,UNK
156.0,,,156,13,197.4,bucky_irving,Bucky Irving,RB,,2024,0,UNK
,,,,,81.2,isaac_guerendo,Isaac Guerendo,RB,,2024,0,UNK
,,,,,5.1000000000000005,sione_vaki,Sione Vaki,RB,,2024,0,UNK
,,,,,8.700000000000001,jacob_cowing,Jacob Cowing,WR,,2024,0,UNK
,,,,,0.0,tarheeb_still,Tarheeb Still,CB,,2024,0,UNK
,,,,,0.0,xavier_thomas,Xavier Thomas,LB,,2024,0,UNK
,,,,,0.0,jordan_magee,Jordan Magee,LB,,2024,0,UNK
,,,,,0.0,cam_hart,Cam Hart,CB,,2024,0,UNK
,,,,,0.0,jd_bertrand,JD Bertrand,LB,,2024,0,UNK
,,,,,0.0,kris_abrams-draine,Kris Abrams-Draine,CB,,2024,0,UNK
,,,,,0.0,jarvis_brownlee_jr.,Jarvis Brownlee Jr.,DB,,2024,0,UNK
,,,,,43.7,audric_estimé,Audric Estimé,RB,,2024,0,UNK
,,,,,0.0,tommy_eichenberg,Tommy Eichenberg,LB,,2024,0,UNK
,,,,,0.0,josh_newton,Josh Newton,CB,,2024,0,UNK
,,,,,67.28,spencer_rattler,Spencer Rattler,QB,,2024,0,UNK
,,,,,0.0,jaylon_carlies,Jaylon Carlies,LB,,2024,0,UNK
,,,,,0.0,deantre_prince,Deantre Prince,CB,,2024,0,UNK
,,,,,2.2,jamari_thrash,Jamari Thrash,WR,,2024,0,UNK
,,,,,0.0,chau_smith-wade,Chau Smith-Wade,CB,,2024,0,UNK
,,,,,144.3,tyrone_tracy_jr.,Tyrone Tracy Jr.,RB,,2024,0,UNK
,,,,,0.0,keilan_robinson,Keilan Robinson,RB,,2024,0,UNK
,,,,,17.8,bub_means,Bub Means,WR,,2024,0,UNK
,,,,,0.0,caelen_carson,Caelen Carson,DB,,2024,0,UNK
,,,,,0.0,jaylan_ford,Jaylan Ford,LB,,2024,0,UNK
,,,,,0.0,marcellas_dial_jr.,Marcellas Dial Jr.,CB,,2024,0,UNK
128.0,,,128,11,27.700000000000003,kimani_vidal,Kimani Vidal,RB,,2024,0,UNK
,,,,,0.30000000000000004,jha'quan_jackson,Jha'Quan Jackson,WR,,2024,0,UNK
,,,,,3.2,jase_mcclellan,Jase McClellan,RB,,2024,0,UNK
,,,,,1.4000000000000001,casey_washington,Casey Washington,WR,,2024,0,UNK
,,,,,0.0,jamal_hill,Jamal Hill,LB,,2024,0,UNK
,,,,,0.0,mekhi_wingo,Mekhi Wingo,DT,,2024,0,UNK
,,,,,19.240000000000002,joe_milton_iii,Joe Milton III,QB,,2024,0,UNK
,,,,,0.0,zion_logue,Zion Logue,DT,,2024,0,UNK
,,,,,0.0,khristian_boyd,Khristian Boyd,DT,,2024,0,UNK
,,,,,0.0,jaden_crumedy,Jaden Crumedy,DT,,2024,0,UNK
,,,,,0.0,will_reichard,Will Reichard,K,,2024,0,UNK
,,,,,0.0,nathaniel_watson,Nathaniel Watson,LB,,2024,0,UNK
,,,,,-2.0,dylan_laube,Dylan Laube,RB,,2024,0,UNK
,,,,,0.0,christian_mahogany,Christian Mahogany,G,,2024,0,UNK
,,,,,0.0,cam_little,Cam Little,K,,2024,0,UNK
,,,,,8.200000000000001,ryan_flournoy,Ryan Flournoy,WR,,2024,0,UNK
,,,,,0.0,javontae_jean-baptiste,Javontae Jean-Baptiste,LB,,2024,0,UNK
,,,,,0.0,daijahn_anthony,Daijahn Anthony,SAF,,2024,0,UNK
,,,,,0.0,myles_harden,Myles Harden,CB,,2024,0,UNK
,,,,,2.0,jaheim_bell,Jaheim Bell,TE,,2024,0,UNK
,,,,,0.0,levi_drake_rodriguez,Levi Drake Rodriguez,DL,,2024,0,UNK
,,,,,0.0,jonah_laulu,Jonah Laulu,DT,,2024,0,UNK
,,,,,65.5,devaughn_vele,Devaughn Vele,WR,,2024,0,UNK
,,,,,0.0,myles_cole,Myles Cole,DE,,2024,0,UNK
,,,,,0.0,matt_lee,Matt Lee,C,,2024,0,UNK
,,,,,0.0,solomon_byrd,Solomon Byrd,DE,,2024,0,UNK
,,,,,0.0,james_williams,James Williams,LB,,2024,0,UNK
,,,,,0.0,jowon_briggs,Jowon Briggs,DE,,2024,0,UNK
,,,,,0.0,tatum_bethune,Tatum Bethune,LB,,2024,0,UNK
,,,,,0.0,jaylen_harrell,Jaylen Harrell,DE,,2024,0,UNK
,,,,,0.0,hogan_hatten,Hogan Hatten,LS,,2024,0,UNK
,,,,,0.0,isaac_ukwu,Isaac Ukwu,DE,,2024,0,UNK
,,,,,0.6000000000000001,isaiah_williams,Isaiah Williams,WR,,2024,0,UNK
,,,,,0.0,morice_norris_jr.,Morice Norris Jr.,DB,,2024,0,UNK
,,,,,0.0,beanie_bishop_jr.,Beanie Bishop Jr.,CB,,2024,0,UNK
,,,,,0.0,jacoby_windmon,Jacoby Windmon,LB,,2024,0,UNK
,,,,,0.0,brenden_bates,Brenden Bates,TE,,2024,0,UNK
,,,,,0.0,reddy_steward,Reddy Steward,DB,,2024,0,UNK
,,,,,0.0,jack_browning,Jack Browning,P,,2024,0,UNK
,,,,,0.0,storm_duck,Storm Duck,CB,,2024,0,UNK
,,,,,60.56,jalen_coker,Jalen Coker,WR,,2024,0,UNK
,,,,,0.0,kenny_dyson,Kenny Dyson,LB,,2024,0,UNK
,,,,,0.0,jake_kubas,Jake Kubas,G,,2024,0,UNK
,,,,,0.0,casey_rogers,Casey Rogers,DT,,2024,0,UNK
,,,,,0.0,winston_reid,Winston Reid,LB,,2024,0,UNK
,,,,,0.0,xavier_weaver,Xavier Weaver,WR,,2024,0,UNK
,,,,,8.8,brevyn_spann-ford,Brevyn Spann-Ford,TE,,2024,0,UNK
,,,,,0.0,julius_wood,Julius Wood,SAF,,2024,0,UNK
,,,,,0.0,amari_gainer,Amari Gainer,LB,,2024,0,UNK
,,,,,0.7000000000000001,ramel_keyton,Ramel Keyton,WR,,2024,0,UNK
,,,,,0.0,levelle_bailey,Levelle Bailey,LB,,2024,0,UNK
,,,,,2.3000000000000003,blake_watson,Blake Watson,RB,,2024,0,UNK
,,,,,0.0,spencer_shrader,Spencer Shrader,K,,2024,0,UNK
,,,,,0.0,dalton_tucker,Dalton Tucker,G,,2024,0,UNK
,,,,,0.0,tyrek_funderburk,Tyrek Funderburk,CB,,2024,0,UNK
,,,,,0.0,antonio_grier_jr.,Antonio Grier Jr.,LB,,2024,0,UNK
,,,,,1.1,kameron_johnson,Kameron Johnson,WR,,2024,0,UNK
,,,,,0.0,d.j._williams,D.J. Williams,RB,,2024,0,UNK
,,,,,0.0,demani_richardson,Demani Richardson,SAF,,2024,0,UNK
,,,,,0.2,british_brooks,British Brooks,RB,,2024,0,UNK
,,,,,0.0,millard_bradford,Millard Bradford,DB,,2024,0,UNK
,,,,,1.1,matthew_hayball,Matthew Hayball,P,,2024,0,UNK
,,,,,2.1,dallin_holker,Dallin Holker,TE,,2024,0,UNK
,,,,,-0.1,jermaine_jackson,Jermaine Jackson,WR,,2024,0,UNK
,,,,,3.9000000000000004,jacob_kibodi,Jacob Kibodi,RB,,2024,0,UNK
,,,,,0.0,rico_payton,Rico Payton,CB,,2024,0,UNK
,,,,,0.0,isaiah_stalbird,Isaiah Stalbird,LB,,2024,0,UNK
,,,,,9.9,mason_tipton,Mason Tipton,WR,,2024,0,UNK
,,,,,0.0,kyle_hergel,Kyle Hergel,OL,,2024,0,UNK
,,,,,2.8000000000000003,cam_grandy,Cam Grandy,TE,,2024,0,UNK
,,,,,0.0,maema_njongmeta,Maema Njongmeta,LB,,2024,0,UNK
,,,,,0.0,khalid_duke,Khalid Duke,DE,,2024,0,UNK
,,,,,0.6000000000000001,david_martin-robinson,David Martin-Robinson,TE,,2024,0,UNK
,,,,,0.0,brayden_narveson,Brayden Narveson,K,,2024,0,UNK
,,,,,9.5,bryce_oliver,Bryce Oliver,WR,,2024,0,UNK
,,,,,0.0,thomas_harper,Thomas Harper,SAF,,2024,0,UNK
,,,,,0.0,tyler_owens,Tyler Owens,DB,,2024,0,UNK
,,,,,0.0,colson_yankoff,Colson Yankoff,TE,,2024,0,UNK
,,,,,0.2,dell_pettus,Dell Pettus,SAF,,2024,0,UNK
,,,,,0.0,evan_anderson,Evan Anderson,DL,,2024,0,UNK
,,,,,0.0,jaylen_mahoney,Jaylen Mahoney,SAF,,2024,0,UNK
,,,,,0.9,cody_schrader,Cody Schrader,RB,,2024,0,UNK
,,,,,0.0,dallas_gant,Dallas Gant,LB,,2024,0,UNK
,,,,,0.0,dwight_mcglothern,Dwight McGlothern,CB,,2024,0,UNK
,,,,,0.0,gabriel_murphy,Gabriel Murphy,LB,,2024,0,UNK
,,,,,0.0,bo_richter,Bo Richter,LB,,2024,0,UNK
,,,,,0.0,taki_taimani,Taki Taimani,DL,,2024,0,UNK
,,,,,0.0,jc_latham,JC Latham,OT,,2024,0,UNK
66.0,,,66,6,316.2,bo_nix,Bo Nix,QB,,2024,0,UNK
,,,,,0.0,ruke_orhorhoro,Ruke Orhorhoro,DT,,2024,0,UNK
,,,,,0.0,braden_fiske,Braden Fiske,DT,,2024,0,UNK
,,,,,0.0,jackson_powers-johnson,Jackson Powers-Johnson,C,,2024,0,UNK
,,,,,0.0,matt_goncalves,Matt Goncalves,G,,2024,0,UNK
,,,,,3.7,tip_reiman,Tip Reiman,TE,,2024,0,UNK
112.0,,,112,10,26.5,blake_corum,Blake Corum,RB,,2024,0,UNK
,,,,,0.0,jalyx_hunt,Jalyx Hunt,LB,,2024,0,UNK
,,,,,0.0,payton_wilson,Payton Wilson,LB,,2024,0,UNK
,,,,,0.0,jordan_jefferson,Jordan Jefferson,DT,,2024,0,UNK
,,,,,0.0,tanor_bortolini,Tanor Bortolini,G,,2024,0,UNK
,,,,,0.0,tory_taylor,Tory Taylor,P,,2024,0,UNK
,,,,,11.700000000000001,will_shipley,Will Shipley,RB,,2024,0,UNK
,,,,,10.7,ainias_smith,Ainias Smith,WR,,2024,0,UNK
,,,,,0.0,tyler_davis,Tyler Davis,DE,,2024,0,UNK
,,,,,0.0,joshua_karty,Joshua Karty,K,,2024,0,UNK
,,,,,30.5,jordan_whittington,Jordan Whittington,WR,,2024,0,UNK
,,,,,0.0,cedric_johnson,Cedric Johnson,DE,,2024,0,UNK
,,,,,0.0,beaux_limmer,Beaux Limmer,G,,2024,0,UNK
,,,,,8.8,devin_culp,Devin Culp,TE,,2024,0,UNK
,,,,,3.3000000000000003,terrell_jennings,Terrell Jennings,RB,,2024,0,UNK
,,,,,0.0,joe_andreessen,Joe Andreessen,LB,,2024,0,UNK
,,,,,0.0,elijah_chatman,Elijah Chatman,DT,,2024,0,UNK
,,,,,0.0,charles_woods,Charles Woods,CB,,2024,0,UNK
,,,,,0.0,josh_wallace,Josh Wallace,CB,,2024,0,UNK
,,,,,0.0,omar_speights,Omar Speights,LB,,2024,0,UNK
,,,,,0.0,jaylen_mccollough,Jaylen McCollough,SAF,,2024,0,UNK
,,,,,0.0,cam_lampkin,Cam Lampkin,DB,,2024,0,UNK
,,,,,0.0,justin_dedich,Justin Dedich,OL,,2024,0,UNK
,,,,,0.0,qwan'tez_stiggers,Qwan'tez Stiggers,DB,,2024,0,UNK
,,,,,0.0,olumuyiwa_fashanu,Olumuyiwa Fashanu,OT,,2024,0,UNK
,,,,,0.0,adisa_isaac,Adisa Isaac,LB,,2024,0,UNK
151.0,,,151,13,8.1,devontez_walker,Devontez Walker,WR,,2024,0,UNK
,,,,,48.5,aj_barner,AJ Barner,TE,,2024,0,UNK
,,,,,66.2,braelon_allen,Braelon Allen,RB,,2024,0,UNK
,,,,,0.0,nehemiah_pritchett,Nehemiah Pritchett,CB,,2024,0,UNK
,,,,,3.1,rasheen_ali,Rasheen Ali,RB,,2024,0,UNK
,,,,,36.900000000000006,isaiah_davis,Isaiah Davis,RB,,2024,0,UNK
,,,,,0.0,sataoa_laumea,Sataoa Laumea,OT,,2024,0,UNK
,,,,,0.0,max_melton,Max Melton,CB,,2024,0,UNK
,,,,,0.0,isaiah_adams,Isaiah Adams,G,,2024,0,UNK
,,,,,0.0,jonah_elliss,Jonah Elliss,LB,,2024,0,UNK
,,,,,10.700000000000001,jermaine_burton,Jermaine Burton,WR,,2024,0,UNK
,,,,,1.8,marshawn_lloyd,MarShawn Lloyd,RB,,2024,0,UNK
,,,,,0.0,ty'ron_hopper,Ty'Ron Hopper,LB,,2024,0,UNK
,,,,,0.0,evan_williams,Evan Williams,SAF,,2024,0,UNK
,,,,,15.8,erick_all,Erick All,TE,,2024,0,UNK
,,,,,0.0,tyrice_knight,Tyrice Knight,LB,,2024,0,UNK
,,,,,2.3000000000000003,anthony_gould,Anthony Gould,WR,,2024,0,UNK
,,,,,0.0,kitan_oladapo,Kitan Oladapo,SAF,,2024,0,UNK
,,,,,0.0,andru_phillips,Andru Phillips,DB,,2024,0,UNK
,,,,,0.0,kiran_amegadjie,Kiran Amegadjie,OT,,2024,0,UNK
,,,,,0.7000000000000001,jared_wiley,Jared Wiley,TE,,2024,0,UNK
,,,,,0.1,jaden_hicks,Jaden Hicks,SAF,,2024,0,UNK
,,,,,0.0,jeremiah_trotter_jr.,Jeremiah Trotter Jr.,LB,,2024,0,UNK
,,,,,0.0,darius_muasau,Darius Muasau,LB,,2024,0,UNK
,,,,,0.0,dylan_mcmahon,Dylan McMahon,C,,2024,0,UNK
,,,,,0.0,kamal_hadden,Kamal Hadden,DB,,2024,0,UNK
,,,,,0.0,c.j._hanson,C.J. Hanson,G,,2024,0,UNK
,,,,,0.0,kamren_kinchens,Kamren Kinchens,SAF,,2024,0,UNK
,,,,,0.0,justin_eboigbe,Justin Eboigbe,DT,,2024,0,UNK
,,,,,0.0,brennan_jackson,Brennan Jackson,LB,,2024,0,UNK
,,,,,0.0,calen_bullock,Calen Bullock,SAF,,2024,0,UNK
,,,,,0.0,christian_haynes,Christian Haynes,G,,2024,0,UNK
,,,,,0.0,austin_booker,Austin Booker,DE,,2024,0,UNK
,,,,,0.0,cooper_dejean,Cooper DeJean,CB,,2024,0,UNK
,,,,,0.0,michael_jerrell,Michael Jerrell,OT,,2024,0,UNK
,,,,,0.0,kingsley_suamataia,Kingsley Suamataia,OT,,2024,0,UNK
,,,,,0.0,tykee_smith,Tykee Smith,DB,,2024,0,UNK
,,,,,39.1,theo_johnson,Theo Johnson,TE,,2024,0,UNK
13.0,,,13,2,134.5,marvin_harrison_jr.,Marvin Harrison Jr.,WR,,2024,0,UNK
,,,,,0.0,edgerrin_cooper,Edgerrin Cooper,LB,,2024,0,UNK
,,,,,177.14000000000001,drake_maye,Drake Maye,QB,,2024,0,UNK
,,,,,0.0,jared_verse,Jared Verse,DE,,2024,0,UNK
,,,,,1.2000000000000002,javon_baker,Javon Baker,WR,,2024,0,UNK
,,,,,0.0,darius_robinson,Darius Robinson,DL,,2024,0,UNK
,,,,,98.4,jalen_mcmillan,Jalen McMillan,WR,,2024,0,UNK
,,,,,0.0,blake_fisher,Blake Fisher,OT,,2024,0,UNK
,,,,,0.0,cedric_gray,Cedric Gray,LB,,2024,0,UNK
,,,,,0.0,brandon_dorlus,Brandon Dorlus,DE,,2024,0,UNK
,,,,,0.0,kool-aid_mckinstry,Kool-Aid McKinstry,CB,,2024,0,UNK
,,,,,0.0,tyler_nubin,Tyler Nubin,SAF,,2024,0,UNK
,,,,,0.0,ennis_rakestraw_jr.,Ennis Rakestraw Jr.,CB,,2024,0,UNK
,,,,,0.0,caedan_wallace,Caedan Wallace,OT,,2024,0,UNK
,,,,,0.0,dadrion_taylor-demerson,Dadrion Taylor-Demerson,SAF,,2024,0,UNK
,,,,,0.0,javon_bullard,Javon Bullard,SAF,,2024,0,UNK
,,,,,39.1,troy_franklin,Troy Franklin,WR,,2024,0,UNK
,,,,,0.0,cole_bishop,Cole Bishop,SAF,,2024,0,UNK
,,,,,0.0,dewayne_carter,DeWayne Carter,DT,,2024,0,UNK
,,,,,23.700000000000003,jaylen_wright,Jaylen Wright,RB,,2024,0,UNK
,,,,,99.1,ray_davis,Ray Davis,RB,,2024,0,UNK
,,,,,0.0,mohamed_kamara,Mohamed Kamara,LB,,2024,0,UNK
,,,,,0.0,edefuan_ulofoshio,Edefuan Ulofoshio,LB,,2024,0,UNK
,,,,,0.0,javon_solomon,Javon Solomon,LB,,2024,0,UNK
,,,,,30.8,malik_washington,Malik Washington,WR,,2024,0,UNK
,,,,,0.0,patrick_mcmorris,Patrick McMorris,SAF,,2024,0,UNK
,,,,,0.0,tylan_grable,Tylan Grable,OT,,2024,0,UNK
,,,,,0.0,t'vondre_sweat,T'Vondre Sweat,DT,,2024,0,UNK
,,,,,0.0,layden_robinson,Layden Robinson,G,,2024,0,UNK
,,,,,0.0,quinyon_mitchell,Quinyon Mitchell,CB,,2024,0,UNK
,,,,,0.0,maason_smith,Maason Smith,DT,,2024,0,UNK
115.0,,,115,10,30.759999999999998,adonai_mitchell,Adonai Mitchell,WR,,2024,0,UNK
78.0,,,78,7,197.0,brian_thomas_jr.,Brian Thomas Jr.,WR,,2024,0,UNK
65.0,,,65,6,128.2,xavier_worthy,Xavier Worthy,WR,,2024,0,UNK
,,,,,0.0,mike_hall_jr.,Mike Hall Jr.,DT,,2024,0,UNK
,,,,,-0.2,zach_frazier,Zach Frazier,C,,2024,0,UNK
,,,,,0.0,joe_alt,Joe Alt,OT,,2024,0,UNK
,,,,,0.0,mike_sainristil,Mike Sainristil,CB,,2024,0,UNK
,,,,,0.0,patrick_paul,Patrick Paul,OT,,2024,0,UNK
,,,,,0.0,marshawn_kneeland,Marshawn Kneeland,DE,,2024,0,UNK
98.0,,,98,9,82.5,keon_coleman,Keon Coleman,WR,,2024,0,UNK
,,,,,0.0,chris_braswell,Chris Braswell,LB,,2024,0,UNK
,,,,,0.0,terrion_arnold,Terrion Arnold,CB,,2024,0,UNK
,,,,,0.0,jordan_morgan,Jordan Morgan,OT,,2024,0,UNK
,,,,,0.0,graham_barton,Graham Barton,C,,2024,0,UNK
,,,,,0.0,jer'zhan_newton,Jer'Zhan Newton,DT,,2024,0,UNK
141.0,,,141,12,20.700000000000003,ja'lynn_polk,Ja'Lynn Polk,WR,,2024,0,UNK
,,,,,0.0,kris_jenkins,Kris Jenkins,DT,,2024,0,UNK
26.0,,,26,3,355.82,jayden_daniels,Jayden Daniels,QB,,2024,0,UNK
,,,,,0.0,chop_robinson,Chop Robinson,LB,,2024,0,UNK
,,,,,8.8,ben_sinnott,Ben Sinnott,TE,,2024,0,UNK
,,,,,0.0,brandon_coleman,Brandon Coleman,G,,2024,0,UNK
79.0,,,79,7,158.9,ladd_mcconkey,Ladd McConkey,WR,,2024,0,UNK
124.0,,,124,11,62.5,ricky_pearsall,Ricky Pearsall,WR,,2024,0,UNK
,,,,,44.1,michael_penix_jr.,Michael Penix Jr.,QB,,2024,0,UNK
30.0,,,30,3,254.54000000000002,caleb_williams,Caleb Williams,QB,,2024,0,UNK
74.0,,,74,7,90.9,rome_odunze,Rome Odunze,WR,,2024,0,UNK
,,,,,2.2,malachi_corley,Malachi Corley,WR,,2024,0,UNK
103.0,,,103,9,41.0,trey_benson,Trey Benson,RB,,2024,0,UNK
,,,,,0.0,dallas_turner,Dallas Turner,LB,,2024,0,UNK
,,,,,0.0,amarius_mims,Amarius Mims,OT,,2024,0,UNK
,,,,,0.0,jude_mcatamney,Jude McAtamney,K,,2024,0,UNK
,,,,,31.660000000000004,philip_rivers,Philip Rivers,QB,,2025,0,UNK
138.0,,,138,12,226.07999999999998,aaron_rodgers,Aaron Rodgers,QB,,2025,0,UNK
,,,,,0.0,matt_prater,Matt Prater,K,,2025,0,UNK
,,,,,0.0,marcedes_lewis,Marcedes Lewis,TE,,2025,0,UNK
,,,,,0.0,nick_folk,Nick Folk,K,,2025,0,UNK
,,,,,146.66,joe_flacco,Joe Flacco,QB,,2025,0,UNK
,,,,,0.0,calais_campbell,Calais Campbell,DE,,2025,0,UNK
,,,,,24.380000000000003,josh_johnson,Josh Johnson,QB,,2025,0,UNK
126.0,,,126,11,350.38,matthew_stafford,Matthew Stafford,QB,,2025,0,UNK
,,,,,0.0,graham_gano,Graham Gano,K,,2025,0,UNK
,,,,,0.0,thomas_morstead,Thomas Morstead,P,,2025,0,UNK
,,,,,0.0,jon_weeks,Jon Weeks,LS,,2025,0,UNK
,,,,,0.0,trent_williams,Trent Williams,OT,,2025,0,UNK
,,,,,0.0,brandon_graham,Brandon Graham,DE,,2025,0,UNK
,,,,,0.0,jason_pierre-paul,Jason Pierre-Paul,DE,,2025,0,UNK
,,,,,0.0,von_miller,Von Miller,OLB,,2025,0,UNK
,,,,,0.0,cameron_jordan,Cameron Jordan,LB,,2025,0,UNK
,,,,,0.0,cameron_heyward,Cameron Heyward,DE,,2025,0,UNK
,,,,,9.520000000000001,andy_dalton,Andy Dalton,QB,,2025,0,UNK
,,,,,59.459999999999994,tyrod_taylor,Tyrod Taylor,QB,,2025,0,UNK
,,,,,0.0,nick_bellore,Nick Bellore,LB,,2025,0,UNK
,,,,,0.0,jake_mcquaide,Jake McQuaide,LS,,2025,0,UNK
,,,,,0.0,josh_harris,Josh Harris,LS,,2025,0,UNK
,,,,,0.0,johnny_hekker,Johnny Hekker,P,,2025,0,UNK
,,,,,0.0,aaron_brewer,Aaron Brewer,C,,2025,0,UNK
,,,,,0.0,charley_hughlett,Charley Hughlett,LS,,2025,0,UNK
,,,,,0.0,bobby_wagner,Bobby Wagner,MLB,,2025,0,UNK
,,,,,49.84,russell_wilson,Russell Wilson,QB,,2025,0,UNK
,,,,,0.0,kelvin_beachum,Kelvin Beachum,OT,,2025,0,UNK
,,,,,0.0,lavonte_david,Lavonte David,OLB,,2025,0,UNK
,,,,,0.0,kevin_zeitler,Kevin Zeitler,G,,2025,0,UNK
,,,,,103.54,kirk_cousins,Kirk Cousins,QB,,2025,0,UNK
,,,,,0.0,harrison_smith,Harrison Smith,FS,,2025,0,UNK
,,,,,0.0,demario_davis,Demario Davis,OLB,,2025,0,UNK
,,,,,0.0,greg_van_roten,Greg Van Roten,G,,2025,0,UNK
,,,,,0.0,bryan_anger,Bryan Anger,P,,2025,0,UNK
,,,,,0.0,andrew_depaola,Andrew DePaola,LS,,2025,0,UNK
,,,,,0.0,brandon_mcmanus,Brandon McManus,K,,2025,0,UNK
,,,,,33.0,kyle_juszczyk,Kyle Juszczyk,FB,,2025,0,UNK
,,,,,0.0,chris_hubbard,Chris Hubbard,OT,,2025,0,UNK
146.0,,,146,13,20.6,adam_thielen,Adam Thielen,WR,,2025,0,UNK
132.0,,,132,11,76.4,zach_ertz,Zach Ertz,TE,,2025,0,UNK
,,,,,0.0,darius_slay,Darius Slay,CB,,2025,0,UNK
,,,,,0.0,john_jenkins,John Jenkins,DT,,2025,0,UNK
,,,,,0.0,sam_martin,Sam Martin,P,,2025,0,UNK
,,,,,0.0,jordan_poyer,Jordan Poyer,FS,,2025,0,UNK
,,,,,0.0,tress_way,Tress Way,P,,2025,0,UNK
103.0,,,103,9,101.7,keenan_allen,Keenan Allen,WR,,2025,0,UNK
,,,,,0.0,tony_jefferson,Tony Jefferson,S,,2025,0,UNK
57.0,,,57,5,117.2,travis_kelce,Travis Kelce,TE,,2025,0,UNK
,,,,,0.0,lane_johnson,Lane Johnson,OT,,2025,0,UNK
,,,,,45.0,deandre_hopkins,DeAndre Hopkins,WR,,2025,0,UNK
141.0,,,141,12,173.9,geno_smith,Geno Smith,QB,,2025,0,UNK
,,,,,0.0,james_winchester,James Winchester,LS,,2025,0,UNK
,,,,,0.0,cornelius_lucas,Cornelius Lucas,OT,,2025,0,UNK
,,,,,0.0,mike_pennel,Mike Pennel,DT,,2025,0,UNK
,,,,,0.0,khalil_mack,Khalil Mack,OLB,,2025,0,UNK
,,,,,0.0,daquan_jones,DaQuan Jones,DT,,2025,0,UNK
,,,,,0.0,pat_o'donnell,Pat O'Donnell,P,,2025,0,UNK
,,,,,0.0,chris_boswell,Chris Boswell,K,,2025,0,UNK
,,,,,0.0,tyler_ott,Tyler Ott,LS,,2025,0,UNK
,,,,,0.0,brent_urban,Brent Urban,DE,,2025,0,UNK
,,,,,0.0,cairo_santos,Cairo Santos,K,,2025,0,UNK
,,,,,27.900000000000002,brandin_cooks,Brandin Cooks,WR,,2025,0,UNK
,,,,,2.88,teddy_bridgewater,Teddy Bridgewater,QB,,2025,0,UNK
,,,,,0.0,denico_autry,Denico Autry,DT,,2025,0,UNK
,,,,,0.0,shelby_harris,Shelby Harris,DE,,2025,0,UNK
,,,,,0.0,jake_matthews,Jake Matthews,OT,,2025,0,UNK
,,,,,0.0,morgan_moses,Morgan Moses,OT,,2025,0,UNK
,,,,,-1.0,jimmy_garoppolo,Jimmy Garoppolo,QB,,2025,0,UNK
,,,,,0.0,c.j._goodwin,C.J. Goodwin,CB,,2025,0,UNK
,,,,,0.0,kyle_van_noy,Kyle Van Noy,MLB,,2025,0,UNK
,,,,,0.0,jadeveon_clowney,Jadeveon Clowney,OLB,,2025,0,UNK
34.0,,,34,3,162.9,davante_adams,Davante Adams,WR,,2025,0,UNK
23.0,,,23,2,54.800000000000004,mike_evans,Mike Evans,WR,,2025,0,UNK
,,,,,0.0,demarcus_lawrence,DeMarcus Lawrence,LB,,2025,0,UNK
,,,,,0.0,joel_bitonio,Joel Bitonio,G,,2025,0,UNK
,,,,,0.7000000000000001,chris_manhertz,Chris Manhertz,TE,,2025,0,UNK
,,,,,0.0,jason_myers,Jason Myers,K,,2025,0,UNK
,,,,,42.28,jameis_winston,Jameis Winston,QB,,2025,0,UNK
,,,,,0.0,shaq_thompson,Shaq Thompson,OLB,,2025,0,UNK
,,,,,0.0,eddie_goldman,Eddie Goldman,NT,,2025,0,UNK
,,,,,0.0,eric_kendricks,Eric Kendricks,MLB,,2025,0,UNK
,,,,,0.0,jordan_phillips,Jordan Phillips,DT,,2025,0,UNK
,,,,,0.0,danielle_hunter,Danielle Hunter,DE,,2025,0,UNK
,,,,,0.0,za'darius_smith,Za'Darius Smith,DE,,2025,0,UNK
,,,,,0.0,grady_jarrett,Grady Jarrett,DT,,2025,0,UNK
68.0,,,68,6,125.30000000000001,stefon_diggs,Stefon Diggs,WR,,2025,0,UNK
,,,,,0.0,quandre_diggs,Quandre Diggs,S,,2025,0,UNK
152.0,,,152,13,64.7,darren_waller,Darren Waller,TE,,2025,0,UNK
,,,,,0.0,bobby_hart,Bobby Hart,OT,,2025,0,UNK
,,,,,17.400000000000002,raheem_mostert,Raheem Mostert,RB,,2025,0,UNK
,,,,,0.0,neville_hewitt,Neville Hewitt,LB,,2025,0,UNK
,,,,,0.0,deandre_carter,DeAndre Carter,WR,,2025,0,UNK
,,,,,0.0,alex_singleton,Alex Singleton,LB,,2025,0,UNK
,,,,,0.0,leonard_williams,Leonard Williams,DE,,2025,0,UNK
,,,,,0.0,preston_smith,Preston Smith,DE,,2025,0,UNK
,,,,,0.0,rakeem_nunez-roches,Rakeem Nunez-Roches,DT,,2025,0,UNK
,,,,,0.0,dante_fowler_jr.,Dante Fowler Jr.,DE,,2025,0,UNK
,,,,,0.0,bradley_pinion,Bradley Pinion,P,,2025,0,UNK
,,,,,0.0,trent_brown,Trent Brown,OT,,2025,0,UNK
,,,,,0.0,denzel_perryman,Denzel Perryman,MLB,,2025,0,UNK
,,,,,21.9,ameer_abdullah,Ameer Abdullah,RB,,2025,0,UNK
,,,,,0.0,bud_dupree,Bud Dupree,OLB,,2025,0,UNK
,,,,,0.0,arik_armstead,Arik Armstead,DE,,2025,0,UNK
,,,,,0.0,andrus_peat,Andrus Peat,G,,2025,0,UNK
,,,,,35.1,tyler_lockett,Tyler Lockett,WR,,2025,0,UNK
,,,,,0.0,d.j._humphries,D.J. Humphries,OT,,2025,0,UNK
,,,,,0.0,joe_cardona,Joe Cardona,LS,,2025,0,UNK
,,,,,0.0,laken_tomlinson,Laken Tomlinson,G,,2025,0,UNK
,,,,,0.0,rob_havenstein,Rob Havenstein,OT,,2025,0,UNK
,,,,,0.0,mario_edwards,Mario Edwards,DT,,2025,0,UNK
,,,,,125.5,marcus_mariota,Marcus Mariota,QB,,2025,0,UNK
,,,,,0.0,deforest_buckner,DeForest Buckner,DT,,2025,0,UNK
,,,,,0.0,eli_apple,Eli Apple,CB,,2025,0,UNK
,,,,,0.0,laremy_tunsil,Laremy Tunsil,OT,,2025,0,UNK
,,,,,0.0,taylor_decker,Taylor Decker,OT,,2025,0,UNK
,,,,,0.0,ryan_kelly,Ryan Kelly,C,,2025,0,UNK
,,,,,43.0,sterling_shepard,Sterling Shepard,WR,,2025,0,UNK
,,,,,0.0,jarran_reed,Jarran Reed,DT,,2025,0,UNK
,,,,,0.0,deion_jones,Deion Jones,LB,,2025,0,UNK
,,,,,0.0,joe_thuney,Joe Thuney,G,,2025,0,UNK
,,,,,38.3,austin_hooper,Austin Hooper,TE,,2025,0,UNK
,,,,,0.0,graham_glasgow,Graham Glasgow,C,,2025,0,UNK
,,,,,27.6,chris_moore,Chris Moore,WR,,2025,0,UNK
,,,,,0.0,miles_killebrew,Miles Killebrew,SAF,,2025,0,UNK
,,,,,0.0,matthew_judon,Matthew Judon,OLB,,2025,0,UNK
,,,,,0.0,dj_reader,DJ Reader,DT,,2025,0,UNK
,,,,,0.8799999999999999,brandon_allen,Brandon Allen,QB,,2025,0,UNK
,,,,,0.0,elandon_roberts,Elandon Roberts,OLB,,2025,0,UNK
,,,,,0.0,ted_karras,Ted Karras,G,,2025,0,UNK
,,,,,42.8,kalif_raymond,Kalif Raymond,WR,,2025,0,UNK
,,,,,0.0,reid_ferguson,Reid Ferguson,LS,,2025,0,UNK
,,,,,0.0,mike_hilton,Mike Hilton,CB,,2025,0,UNK
,,,,,0.0,wil_lutz,Wil Lutz,K,,2025,0,UNK
,,,,,0.0,jonathan_jones,Jonathan Jones,DB,,2025,0,UNK
,,,,,0.0,roy_robertson-harris,Roy Robertson-Harris,DE,,2025,0,UNK
,,,,,5.300000000000001,robbie_chosen,Robbie Chosen,WR,,2025,0,UNK
,,,,,0.0,jake_brendel,Jake Brendel,C,,2025,0,UNK
,,,,,0.0,ka'imi_fairbairn,Ka'imi Fairbairn,K,,2025,0,UNK
,,,,,0.0,luke_rhodes,Luke Rhodes,LS,,2025,0,UNK
,,,,,0.0,sheldon_rankins,Sheldon Rankins,DT,,2025,0,UNK
,,,,,0.0,chris_jones,Chris Jones,DE,,2025,0,UNK
,,,,,0.0,austin_johnson,Austin Johnson,NT,,2025,0,UNK
12.0,,,12,1,264.5,derrick_henry,Derrick Henry,RB,,2025,0,UNK
,,,,,36.2,demarcus_robinson,Demarcus Robinson,WR,,2025,0,UNK
,,,,,0.0,jalen_mills,Jalen Mills,CB,,2025,0,UNK
,,,,,0.0,a'shawn_robinson,A'Shawn Robinson,DT,,2025,0,UNK
,,,,,13.6,c.j._ham,C.J. Ham,FB,,2025,0,UNK
,,,,,0.0,antonio_hamilton,Antonio Hamilton,CB,,2025,0,UNK
,,,,,0.0,riley_dixon,Riley Dixon,P,,2025,0,UNK
,,,,,70.34,carson_wentz,Carson Wentz,QB,,2025,0,UNK
,,,,,0.0,laquon_treadwell,Laquon Treadwell,WR,,2025,0,UNK
,,,,,0.0,ronnie_stanley,Ronnie Stanley,OT,,2025,0,UNK
,,,,,0.0,sheldon_day,Sheldon Day,DT,,2025,0,UNK
,,,,,0.0,eric_murray,Eric Murray,S,,2025,0,UNK
27.0,,,27,3,32.5,tyreek_hill,Tyreek Hill,WR,,2025,0,UNK
,,,,,0.0,jihad_ward,Jihad Ward,LB,,2025,0,UNK
,,,,,0.0,xavien_howard,Xavien Howard,CB,,2025,0,UNK
,,,,,0.0,david_onyemata,David Onyemata,DT,,2025,0,UNK
,,,,,0.0,jalen_ramsey,Jalen Ramsey,CB,,2025,0,UNK
,,,,,0.0,jack_conklin,Jack Conklin,OT,,2025,0,UNK
,,,,,0.0,zach_wood,Zach Wood,LS,,2025,0,UNK
,,,,,0.0,adam_gotsis,Adam Gotsis,DE,,2025,0,UNK
,,,,,0.0,andrew_billings,Andrew Billings,DT,,2025,0,UNK
,,,,,0.0,leonard_floyd,Leonard Floyd,DE,,2025,0,UNK
,,,,,0.0,emmanuel_ogbah,Emmanuel Ogbah,DE,,2025,0,UNK
69.0,,,69,6,313.78000000000003,dak_prescott,Dak Prescott,QB,,2025,0,UNK
124.0,,,124,11,118.80000000000001,hunter_henry,Hunter Henry,TE,,2025,0,UNK
,,,,,0.0,jonathan_bullard,Jonathan Bullard,DE,,2025,0,UNK
170.0,,,170,15,297.06,jared_goff,Jared Goff,QB,,2025,0,UNK
,,,,,0.0,javon_hargrave,Javon Hargrave,NT,,2025,0,UNK
,,,,,46.1,tyler_higbee,Tyler Higbee,TE,,2025,0,UNK
,,,,,227.44000000000003,jacoby_brissett,Jacoby Brissett,QB,,2025,0,UNK
,,,,,0.0,kenny_clark,Kenny Clark,NT,,2025,0,UNK
,,,,,0.0,maliek_collins,Maliek Collins,DT,,2025,0,UNK
,,,,,0.0,kevin_byard,Kevin Byard,FS,,2025,0,UNK
,,,,,0.0,joey_bosa,Joey Bosa,DE,,2025,0,UNK
,,,,,17.700000000000003,mo_alie-cox,Mo Alie-Cox,TE,,2025,0,UNK
,,,,,11.100000000000001,johnny_mundt,Johnny Mundt,TE,,2025,0,UNK
,,,,,0.0,thomas_hennessy,Thomas Hennessy,LS,,2025,0,UNK
,,,,,0.64,rigoberto_sanchez,Rigoberto Sanchez,P,,2025,0,UNK
15.0,,,15,2,314.6,christian_mccaffrey,Christian McCaffrey,RB,,2025,0,UNK
,,,,,0.0,marlon_humphrey,Marlon Humphrey,CB,,2025,0,UNK
,,,,,14.1,curtis_samuel,Curtis Samuel,WR,,2025,0,UNK
,,,,,0.0,taylor_moton,Taylor Moton,OT,,2025,0,UNK
158.0,,,158,14,104.5,george_kittle,George Kittle,TE,,2025,0,UNK
,,,,,0.0,jermaine_eluemunor,Jermaine Eluemunor,G,,2025,0,UNK
,,,,,90.7,aaron_jones,Aaron Jones,RB,,2025,0,UNK
,,,,,0.0,chuck_clark,Chuck Clark,SAF,,2025,0,UNK
,,,,,0.0,d.j._jones,D.J. Jones,DT,,2025,0,UNK
,,,,,0.0,harrison_butker,Harrison Butker,K,,2025,0,UNK
,,,,,55.1,kendrick_bourne,Kendrick Bourne,WR,,2025,0,UNK
,,,,,-0.040000000000000036,nick_mullens,Nick Mullens,QB,,2025,0,UNK
,,,,,0.0,eric_wilson,Eric Wilson,LB,,2025,0,UNK
,,,,,0.0,josh_tupou,Josh Tupou,DT,,2025,0,UNK
,,,,,30.78,taysom_hill,Taysom Hill,TE,,2025,0,UNK
,,,,,36.7,tim_patrick,Tim Patrick,WR,,2025,0,UNK
,,,,,1.1,patrick_ricard,Patrick Ricard,RB,,2025,0,UNK
,,,,,0.0,adam_butler,Adam Butler,DT,,2025,0,UNK
,,,,,0.0,kenny_moore_ii,Kenny Moore II,CB,,2025,0,UNK
,,,,,1.12,matt_haack,Matt Haack,P,,2025,0,UNK
,,,,,0.1,pharaoh_brown,Pharaoh Brown,TE,,2025,0,UNK
,,,,,5.300000000000001,anthony_firkser,Anthony Firkser,TE,,2025,0,UNK
,,,,,0.0,carl_lawson,Carl Lawson,DE,,2025,0,UNK
,,,,,0.0,arthur_maulet,Arthur Maulet,CB,,2025,0,UNK
,,,,,0.0,jonathan_allen,Jonathan Allen,DE,,2025,0,UNK
,,,,,60.900000000000006,samaje_perine,Samaje Perine,RB,,2025,0,UNK
,,,,,0.0,garett_bolles,Garett Bolles,OT,,2025,0,UNK
,,,,,0.0,dalvin_tomlinson,Dalvin Tomlinson,DE,,2025,0,UNK
,,,,,0.0,zach_cunningham,Zach Cunningham,ILB,,2025,0,UNK
,,,,,0.0,chidobe_awuzie,Chidobe Awuzie,CB,,2025,0,UNK
,,,,,0.0,rasul_douglas,Rasul Douglas,CB,,2025,0,UNK
171.0,,,171,15,25.3,james_conner,James Conner,RB,,2025,0,UNK
,,,,,67.4,mack_hollins,Mack Hollins,WR,,2025,0,UNK
,,,,,0.0,jalen_reeves-maybin,Jalen Reeves-Maybin,LB,,2025,0,UNK
,,,,,0.0,matt_milano,Matt Milano,OLB,,2025,0,UNK
,,,,,0.0,jamal_agnew,Jamal Agnew,WR,,2025,0,UNK
,,,,,5.1,eric_saubert,Eric Saubert,TE,,2025,0,UNK
,,,,,0.0,xavier_woods,Xavier Woods,FS,,2025,0,UNK
,,,,,1.7000000000000002,david_moore,David Moore,WR,,2025,0,UNK
,,,,,8.3,noah_brown,Noah Brown,WR,,2025,0,UNK
,,,,,0.0,pat_o'connor,Pat O'Connor,DE,,2025,0,UNK
,,,,,1.720000000000001,cooper_rush,Cooper Rush,QB,,2025,0,UNK
,,,,,0.0,elijah_wilkinson,Elijah Wilkinson,OT,,2025,0,UNK
,,,,,0.0,michael_davis,Michael Davis,CB,,2025,0,UNK
84.0,,,84,7,8.1,austin_ekeler,Austin Ekeler,RB,,2025,0,UNK
,,,,,0.0,younghoe_koo,Younghoe Koo,K,,2025,0,UNK
,,,,,0.0,cameron_johnston,Cameron Johnston,P,,2025,0,UNK
,,,,,0.1,robert_tonyan,Robert Tonyan,TE,,2025,0,UNK
,,,,,0.0,demarcus_walker,DeMarcus Walker,DE,,2025,0,UNK
,,,,,0.0,ahkello_witherspoon,Ahkello Witherspoon,CB,,2025,0,UNK
,,,,,0.0,jake_elliott,Jake Elliott,K,,2025,0,UNK
,,,,,0.0,andrew_wylie,Andrew Wylie,G,,2025,0,UNK
,,,,,14.100000000000001,dare_ogunbowale,Dare Ogunbowale,RB,,2025,0,UNK
,,,,,40.5,juju_smith-schuster,JuJu Smith-Schuster,WR,,2025,0,UNK
,,,,,47.2,jonnu_smith,Jonnu Smith,TE,,2025,0,UNK
,,,,,0.0,davon_godchaux,Davon Godchaux,DT,,2025,0,UNK
,,,,,0.0,zane_gonzalez,Zane Gonzalez,K,,2025,0,UNK
,,,,,0.0,dan_skipper,Dan Skipper,OT,,2025,0,UNK
,,,,,0.0,myles_garrett,Myles Garrett,DE,,2025,0,UNK
,,,,,31.12,mitchell_trubisky,Mitchell Trubisky,QB,,2025,0,UNK
,,,,,0.0,solomon_thomas,Solomon Thomas,DE,,2025,0,UNK
,,,,,0.0,jamal_adams,Jamal Adams,LB,,2025,0,UNK
14.0,,,14,2,284.68,patrick_mahomes,Patrick Mahomes,QB,,2025,0,UNK
,,,,,0.0,marshon_lattimore,Marshon Lattimore,CB,,2025,0,UNK
,,,,,0.0,haason_reddick,Haason Reddick,OLB,,2025,0,UNK
,,,,,0.0,derek_barnett,Derek Barnett,DE,,2025,0,UNK
,,,,,0.0,malik_hooker,Malik Hooker,FS,,2025,0,UNK
,,,,,0.0,adoree'_jackson,Adoree' Jackson,CB,,2025,0,UNK
93.0,,,93,8,52.800000000000004,evan_engram,Evan Engram,TE,,2025,0,UNK
,,,,,0.0,jabrill_peppers,Jabrill Peppers,FS,,2025,0,UNK
,,,,,0.0,tre'davious_white,Tre'Davious White,CB,,2025,0,UNK
83.0,,,83,7,53.3,david_njoku,David Njoku,TE,,2025,0,UNK
,,,,,0.0,t.j._watt,T.J. Watt,OLB,,2025,0,UNK
,,,,,0.0,cam_robinson,Cam Robinson,OT,,2025,0,UNK
,,,,,0.0,budda_baker,Budda Baker,S,,2025,0,UNK
,,,,,18.3,zay_jones,Zay Jones,WR,,2025,0,UNK
,,,,,0.0,marcus_maye,Marcus Maye,FS,,2025,0,UNK
,,,,,0.0,marcus_williams,Marcus Williams,FS,,2025,0,UNK
,,,,,0.0,ethan_pocic,Ethan Pocic,C,,2025,0,UNK
,,,,,0.0,tanoh_kpassagnon,Tanoh Kpassagnon,DE,,2025,0,UNK
,,,,,0.0,dion_dawkins,Dion Dawkins,OT,,2025,0,UNK
,,,,,0.0,larry_ogunjobi,Larry Ogunjobi,DT,,2025,0,UNK
31.0,,,31,3,67.7,alvin_kamara,Alvin Kamara,RB,,2025,0,UNK
,,,,,0.0,dawuane_smoot,Dawuane Smoot,DE,,2025,0,UNK
81.0,,,81,7,69.30000000000001,cooper_kupp,Cooper Kupp,WR,,2025,0,UNK
,,,,,0.0,chris_wormley,Chris Wormley,NT,,2025,0,UNK
,,,,,0.0,alex_anzalone,Alex Anzalone,MLB,,2025,0,UNK
,,,,,0.0,fabian_moreau,Fabian Moreau,CB,,2025,0,UNK
101.0,,,101,9,50.0,chris_godwin_jr.,Chris Godwin Jr.,WR,,2025,0,UNK
,,,,,127.4,kareem_hunt,Kareem Hunt,RB,,2025,0,UNK
,,,,,0.0,shaquill_griffin,Shaquill Griffin,CB,,2025,0,UNK
,,,,,0.0,jourdan_lewis,Jourdan Lewis,CB,,2025,0,UNK
,,,,,0.0,trey_hendrickson,Trey Hendrickson,DE,,2025,0,UNK
,,,,,0.0,rayshawn_jenkins,Rayshawn Jenkins,SAF,,2025,0,UNK
,,,,,12.100000000000001,josh_reynolds,Josh Reynolds,WR,,2025,0,UNK
,,,,,0.0,samson_ebukam,Samson Ebukam,DE,,2025,0,UNK
,,,,,0.0,deatrich_wise,Deatrich Wise,DE,,2025,0,UNK
,,,,,2.1,joshua_dobbs,Joshua Dobbs,QB,,2025,0,UNK
,,,,,0.0,grover_stewart,Grover Stewart,DT,,2025,0,UNK
,,,,,47.7,jeremy_mcnichols,Jeremy McNichols,RB,,2025,0,UNK
,,,,,0.0,al-quadin_muhammad,Al-Quadin Muhammad,LB,,2025,0,UNK
,,,,,0.0,christian_kuntz,Christian Kuntz,LS,,2025,0,UNK
,,,,,0.0,river_cracraft,River Cracraft,WR,,2025,0,UNK
,,,,,0.0,scott_daly,Scott Daly,LS,,2025,0,UNK
,,,,,0.7000000000000001,ross_dwelley,Ross Dwelley,TE,,2025,0,UNK
,,,,,0.0,mike_badgley,Mike Badgley,K,,2025,0,UNK
,,,,,0.0,george_odum,George Odum,DB,,2025,0,UNK
,,,,,0.0,austin_schlottmann,Austin Schlottmann,C,,2025,0,UNK
,,,,,0.0,coleman_shelton,Coleman Shelton,C,,2025,0,UNK
,,,,,0.0,j.t._gray,J.T. Gray,DB,,2025,0,UNK
,,,,,0.0,chris_lammons,Chris Lammons,DB,,2025,0,UNK
,,,,,0.0,brian_o'neill,Brian O'Neill,OT,,2025,0,UNK
,,,,,9.700000000000001,will_dissly,Will Dissly,TE,,2025,0,UNK
,,,,,0.0,michael_dickson,Michael Dickson,P,,2025,0,UNK
,,,,,0.0,daniel_carlson,Daniel Carlson,K,,2025,0,UNK
,,,,,0.0,j.k._scott,J.K. Scott,P,,2025,0,UNK
,,,,,0.0,jacob_martin,Jacob Martin,DE,,2025,0,UNK
,,,,,0.0,eddy_pineiro,Eddy Pineiro,K,,2025,0,UNK
,,,,,0.0,trent_sieg,Trent Sieg,LS,,2025,0,UNK
,,,,,0.0,darious_williams,Darious Williams,CB,,2025,0,UNK
,,,,,0.0,poona_ford,Poona Ford,DT,,2025,0,UNK
,,,,,0.0,elijah_campbell,Elijah Campbell,DB,,2025,0,UNK
,,,,,0.0,daniel_ekuale,Daniel Ekuale,DT,,2025,0,UNK
,,,,,0.0,austin_corbett,Austin Corbett,G,,2025,0,UNK
,,,,,0.0,jalyn_holmes,Jalyn Holmes,DT,,2025,0,UNK
,,,,,10.3,tyler_conklin,Tyler Conklin,TE,,2025,0,UNK
,,,,,18.0,marquez_valdes-scantling,Marquez Valdes-Scantling,WR,,2025,0,UNK
,,,,,0.0,parry_nickerson,Parry Nickerson,CB,,2025,0,UNK
,,,,,0.0,foley_fatukasi,Foley Fatukasi,DT,,2025,0,UNK
,,,,,0.0,deshon_elliott,DeShon Elliott,SAF,,2025,0,UNK
,,,,,0.0,tremon_smith,Tremon Smith,CB,,2025,0,UNK
,,,,,0.0,bradley_bozeman,Bradley Bozeman,C,,2025,0,UNK
,,,,,0.0,zach_sieler,Zach Sieler,DE,,2025,0,UNK
,,,,,0.0,frankie_luvu,Frankie Luvu,LB,,2025,0,UNK
,,,,,0.0,kentavius_street,Kentavius Street,DE,,2025,0,UNK
,,,,,0.0,daron_payne,Daron Payne,NT,,2025,0,UNK
,,,,,0.0,quenton_nelson,Quenton Nelson,G,,2025,0,UNK
,,,,,0.0,marcus_davenport,Marcus Davenport,DE,,2025,0,UNK
,,,,,0.0,will_hernandez,Will Hernandez,G,,2025,0,UNK
41.0,,,41,4,145.7,courtland_sutton,Courtland Sutton,WR,,2025,0,UNK
,,,,,0.0,uchenna_nwosu,Uchenna Nwosu,LB,,2025,0,UNK
72.0,,,72,6,125.1,dallas_goedert,Dallas Goedert,TE,,2025,0,UNK
,,,,,0.0,m.j._stewart,M.J. Stewart,SAF,,2025,0,UNK
,,,,,0.0,donte_jackson,Donte Jackson,CB,,2025,0,UNK
,,,,,0.0,isaiah_oliver,Isaiah Oliver,FS,,2025,0,UNK
,,,,,0.0,tyquan_lewis,Tyquan Lewis,DE,,2025,0,UNK
,,,,,0.0,justin_reid,Justin Reid,S,,2025,0,UNK
,,,,,11.4,ian_thomas,Ian Thomas,TE,,2025,0,UNK
,,,,,-0.2,nyheim_hines,Nyheim Hines,RB,,2025,0,UNK
,,,,,0.0,da'shawn_hand,Da'Shawn Hand,DE,,2025,0,UNK
,,,,,0.0,dorance_armstrong,Dorance Armstrong,DE,,2025,0,UNK
,,,,,0.0,kyzir_white,Kyzir White,OLB,,2025,0,UNK
,,,,,0.0,taron_johnson,Taron Johnson,CB,,2025,0,UNK
,,,,,0.0,avonte_maddox,Avonte Maddox,FS,,2025,0,UNK
,,,,,0.0,josh_sweat,Josh Sweat,LB,,2025,0,UNK
,,,,,95.7,dalton_schultz,Dalton Schultz,TE,,2025,0,UNK
,,,,,0.0,d.j._reed,D.J. Reed,CB,,2025,0,UNK
,,,,,3.0,justin_watson,Justin Watson,WR,,2025,0,UNK
,,,,,0.0,bilal_nichols,Bilal Nichols,DT,,2025,0,UNK
,,,,,0.0,siran_neal,Siran Neal,DB,,2025,0,UNK
,,,,,0.0,tim_settle,Tim Settle,DT,,2025,0,UNK
,,,,,0.0,wyatt_teller,Wyatt Teller,G,,2025,0,UNK
,,,,,6.9,ray-ray_mccloud,Ray-Ray McCloud,WR,,2025,0,UNK
,,,,,0.0,foye_oluokun,Foye Oluokun,LB,,2025,0,UNK
,,,,,4.4,cedrick_wilson_jr.,Cedrick Wilson Jr.,WR,,2025,0,UNK
,,,,,3.7,braxton_berrios,Braxton Berrios,WR,,2025,0,UNK
,,,,,0.0,jordan_mailata,Jordan Mailata,OT,,2025,0,UNK
,,,,,0.0,zaire_franklin,Zaire Franklin,OLB,,2025,0,UNK
,,,,,0.0,logan_cooke,Logan Cooke,P,,2025,0,UNK
,,,,,0.0,jalen_davis,Jalen Davis,CB,,2025,0,UNK
,,,,,0.0,jeremy_reaves,Jeremy Reaves,DB,,2025,0,UNK
,,,,,0.0,dennis_gardeck,Dennis Gardeck,LB,,2025,0,UNK
,,,,,0.0,jonathan_owens,Jonathan Owens,SAF,,2025,0,UNK
,,,,,2.1,trent_sherfield,Trent Sherfield,WR,,2025,0,UNK
,,,,,0.0,tavierre_thomas,Tavierre Thomas,SAF,,2025,0,UNK
,,,,,0.0,evan_brown,Evan Brown,C,,2025,0,UNK
,,,,,13.0,allen_lazard,Allen Lazard,WR,,2025,0,UNK
,,,,,0.0,trent_scott,Trent Scott,OT,,2025,0,UNK
,,,,,0.0,charvarius_ward,Charvarius Ward,CB,,2025,0,UNK
,,,,,-0.30000000000000004,kyle_allen,Kyle Allen,QB,,2025,0,UNK
,,,,,28.8,tanner_hudson,Tanner Hudson,TE,,2025,0,UNK
,,,,,0.0,mike_ford,Mike Ford,DB,,2025,0,UNK
,,,,,0.0,matt_dickerson,Matt Dickerson,DE,,2025,0,UNK
,,,,,0.0,aaron_stinnie,Aaron Stinnie,G,,2025,0,UNK
,,,,,0.0,tremaine_edmunds,Tremaine Edmunds,MLB,,2025,0,UNK
,,,,,0.0,jessie_bates,Jessie Bates,FS,,2025,0,UNK
,,,,,0.0,alex_cappa,Alex Cappa,G,,2025,0,UNK
,,,,,0.0,chase_edmonds,Chase Edmonds,RB,,2025,0,UNK
,,,,,0.0,robert_spillane,Robert Spillane,LB,,2025,0,UNK
,,,,,0.0,corey_bojorquez,Corey Bojorquez,P,,2025,0,UNK
,,,,,0.0,jaire_alexander,Jaire Alexander,CB,,2025,0,UNK
,,,,,0.0,maurice_hurst,Maurice Hurst,DT,,2025,0,UNK
,,,,,0.0,orlando_brown,Orlando Brown,OT,,2025,0,UNK
66.0,,,66,6,83.0,mark_andrews,Mark Andrews,TE,,2025,0,UNK
,,,,,0.0,oren_burks,Oren Burks,ILB,,2025,0,UNK
,,,,,0.0,nathan_shepherd,Nathan Shepherd,DE,,2025,0,UNK
,,,,,15.0,mason_rudolph,Mason Rudolph,QB,,2025,0,UNK
,,,,,0.0,vita_vea,Vita Vea,DT,,2025,0,UNK
122.0,,,122,11,29.900000000000002,christian_kirk,Christian Kirk,WR,,2025,0,UNK
,,,,,0.0,carlton_davis_iii,Carlton Davis III,CB,,2025,0,UNK
,,,,,0.0,ronnie_harrison,Ronnie Harrison,LB,,2025,0,UNK
,,,,,0.0,isaac_yiadom,Isaac Yiadom,CB,,2025,0,UNK
,,,,,0.0,harrison_phillips,Harrison Phillips,DT,,2025,0,UNK
,,,,,0.0,chris_board,Chris Board,LB,,2025,0,UNK
,,,,,0.0,minkah_fitzpatrick,Minkah Fitzpatrick,FS,,2025,0,UNK
,,,,,0.0,derwin_james,Derwin James,FS,,2025,0,UNK
102.0,,,102,9,75.30000000000001,nick_chubb,Nick Chubb,RB,,2025,0,UNK
,,,,,0.0,cornell_armstrong,Cornell Armstrong,DB,,2025,0,UNK
3.0,,,3,1,214.86,lamar_jackson,Lamar Jackson,QB,,2025,0,UNK
,,,,,0.0,jerome_baker,Jerome Baker,OLB,,2025,0,UNK
,,,,,2.5,durham_smythe,Durham Smythe,TE,,2025,0,UNK
,,,,,0.0,b.j._hill,B.J. Hill,DE,,2025,0,UNK
,,,,,0.0,josh_woods,Josh Woods,LB,,2025,0,UNK
,,,,,0.0,joe_noteboom,Joe Noteboom,OT,,2025,0,UNK
,,,,,0.0,john_franklin-myers,John Franklin-Myers,DE,,2025,0,UNK
,,,,,0.0,sebastian_joseph-day,Sebastian Joseph-Day,DT,,2025,0,UNK
,,,,,0.0,fred_warner,Fred Warner,MLB,,2025,0,UNK
,,,,,0.0,derrick_nnadi,Derrick Nnadi,NT,,2025,0,UNK
,,,,,0.0,arden_key,Arden Key,DE,,2025,0,UNK
174.0,,,174,15,122.18,dj_moore,DJ Moore,WR,,2025,0,UNK
,,,,,0.0,harold_landry_iii,Harold Landry III,LB,,2025,0,UNK
,,,,,42.7,mike_gesicki,Mike Gesicki,TE,,2025,0,UNK
,,,,,0.0,bradley_chubb,Bradley Chubb,OLB,,2025,0,UNK
,,,,,0.0,braden_smith,Braden Smith,OT,,2025,0,UNK
173.0,,,173,15,30.3,calvin_ridley,Calvin Ridley,WR,,2025,0,UNK
,,,,,0.0,taven_bryan,Taven Bryan,DT,,2025,0,UNK
,,,,,0.0,mike_hughes,Mike Hughes,CB,,2025,0,UNK
9.0,,,9,1,195.3,saquon_barkley,Saquon Barkley,RB,,2025,0,UNK
,,,,,0.0,mike_mcglinchey,Mike McGlinchey,OT,,2025,0,UNK
,,,,,3.1,khadarel_hodge,KhaDarel Hodge,WR,,2025,0,UNK
168.0,,,168,14,271.92,baker_mayfield,Baker Mayfield,QB,,2025,0,UNK
,,,,,0.0,denzel_ward,Denzel Ward,CB,,2025,0,UNK
2.0,,,2,1,364.62,josh_allen,Josh Allen,QB,,2025,0,UNK
,,,,,10.700000000000001,dante_pettis,Dante Pettis,WR,,2025,0,UNK
,,,,,0.0,malik_turner,Malik Turner,WR,,2025,0,UNK
142.0,,,142,12,235.42000000000002,sam_darnold,Sam Darnold,QB,,2025,0,UNK
,,,,,0.0,roquan_smith,Roquan Smith,ILB,,2025,0,UNK
,,,,,0.0,steven_sims,Steven Sims,WR,,2025,0,UNK
,,,,,0.0,mitch_wishnowsky,Mitch Wishnowsky,P,,2025,0,UNK
,,,,,0.0,fred_johnson,Fred Johnson,OT,,2025,0,UNK
,,,,,0.0,brett_rypien,Brett Rypien,QB,,2025,0,UNK
,,,,,17.0,andrew_beck,Andrew Beck,FB,,2025,0,UNK
62.0,,,62,6,100.80000000000001,jakobi_meyers,Jakobi Meyers,WR,,2025,0,UNK
,,,,,0.0,d'angelo_ross,D'Angelo Ross,CB,,2025,0,UNK
,,,,,0.0,rashan_gary,Rashan Gary,LB,,2025,0,UNK
,,,,,0.0,darnell_savage,Darnell Savage,DB,,2025,0,UNK
,,,,,0.0,maxx_crosby,Maxx Crosby,DE,,2025,0,UNK
,,,,,0.0,julian_love,Julian Love,SAF,,2025,0,UNK
,,,,,44.2,justice_hill,Justice Hill,RB,,2025,0,UNK
,,,,,0.0,ben_powers,Ben Powers,G,,2025,0,UNK
,,,,,5.9,foster_moreau,Foster Moreau,TE,,2025,0,UNK
,,,,,0.0,dre_greenlaw,Dre Greenlaw,LB,,2025,0,UNK
,,,,,20.9,hunter_renfrow,Hunter Renfrow,WR,,2025,0,UNK
,,,,,0.0,e.j._speed,E.J. Speed,LB,,2025,0,UNK
,,,,,0.0,justin_skule,Justin Skule,OT,,2025,0,UNK
,,,,,0.0,marcus_epps,Marcus Epps,SAF,,2025,0,UNK
,,,,,0.0,olisaemeka_udoh,Olisaemeka Udoh,OT,,2025,0,UNK
,,,,,0.0,ty_summers,Ty Summers,LB,,2025,0,UNK
,,,,,0.0,quinton_bell,Quinton Bell,LB,,2025,0,UNK
,,,,,0.0,demetrius_flannigan-fowles,Demetrius Flannigan-Fowles,LB,,2025,0,UNK
,,,,,15.0,ashton_dulin,Ashton Dulin,WR,,2025,0,UNK
,,,,,0.0,kevin_givens,Kevin Givens,DT,,2025,0,UNK
,,,,,-1.3,jamie_gillan,Jamie Gillan,P,,2025,0,UNK
,,,,,0.0,yosh_nijman,Yosh Nijman,OT,,2025,0,UNK
,,,,,48.74,jake_browning,Jake Browning,QB,,2025,0,UNK
,,,,,0.0,patrick_mekari,Patrick Mekari,OT,,2025,0,UNK
,,,,,0.0,matthew_orzech,Matthew Orzech,LS,,2025,0,UNK
,,,,,6.1000000000000005,alec_ingold,Alec Ingold,FB,,2025,0,UNK
,,,,,0.0,keisean_nixon,Keisean Nixon,DB,,2025,0,UNK
,,,,,0.0,mecole_hardman,Mecole Hardman,WR,,2025,0,UNK
,,,,,0.0,ugo_amadi,Ugo Amadi,CB,,2025,0,UNK
,,,,,0.0,mack_wilson,Mack Wilson,LB,,2025,0,UNK
,,,,,0.0,nick_allegretti,Nick Allegretti,G,,2025,0,UNK
,,,,,0.0,jack_fox,Jack Fox,P,,2025,0,UNK
,,,,,0.0,darius_harris,Darius Harris,LB,,2025,0,UNK
,,,,,0.0,azeez_al-shaair,Azeez Al-Shaair,LB,,2025,0,UNK
,,,,,0.0,matthew_wright,Matthew Wright,K,,2025,0,UNK
,,,,,0.0,aj_cole,AJ Cole,P,,2025,0,UNK
,,,,,0.0,joey_slye,Joey Slye,K,,2025,0,UNK
,,,,,0.0,del'shawn_phillips,Del'Shawn Phillips,LB,,2025,0,UNK
,,,,,45.800000000000004,olamide_zaccheaus,Olamide Zaccheaus,WR,,2025,0,UNK
,,,,,0.0,p.j._locke,P.J. Locke,DB,,2025,0,UNK
40.0,,,40,4,77.78,kyler_murray,Kyler Murray,QB,,2025,0,UNK
63.0,,,63,6,61.800000000000004,t.j._hockenson,T.J. Hockenson,TE,,2025,0,UNK
,,,,,0.0,ed_oliver,Ed Oliver,DT,,2025,0,UNK
,,,,,0.0,tytus_howard,Tytus Howard,OT,,2025,0,UNK
,,,,,0.0,byron_murphy,Byron Murphy,CB,,2025,0,UNK
,,,,,0.0,jawaan_taylor,Jawaan Taylor,OT,,2025,0,UNK
,,,,,2.1,cody_ford,Cody Ford,OT,,2025,0,UNK
,,,,,0.0,jahlani_tavai,Jahlani Tavai,LB,,2025,0,UNK
,,,,,0.0,erik_mccoy,Erik McCoy,C,,2025,0,UNK
,,,,,18.700000000000003,miles_sanders,Miles Sanders,RB,,2025,0,UNK
,,,,,0.0,lonnie_johnson,Lonnie Johnson,SAF,,2025,0,UNK
,,,,,0.0,zach_allen,Zach Allen,DE,,2025,0,UNK
,,,,,40.0,josh_oliver,Josh Oliver,TE,,2025,0,UNK
,,,,,90.80000000000001,devin_singletary,Devin Singletary,RB,,2025,0,UNK
,,,,,0.0,c.j._gardner-johnson,C.J. Gardner-Johnson,SAF,,2025,0,UNK
,,,,,0.0,anthony_nelson,Anthony Nelson,LB,,2025,0,UNK
,,,,,0.0,kendall_sheffield,Kendall Sheffield,DB,,2025,0,UNK
,,,,,0.0,hjalte_froholdt,Hjalte Froholdt,G,,2025,0,UNK
46.0,,,46,4,152.8,tony_pollard,Tony Pollard,RB,,2025,0,UNK
,,,,,0.0,drue_tranquill,Drue Tranquill,LB,,2025,0,UNK
,,,,,-0.1,jarrett_stidham,Jarrett Stidham,QB,,2025,0,UNK
,,,,,0.0,mike_jordan,Mike Jordan,G,,2025,0,UNK
,,,,,0.0,matt_gay,Matt Gay,K,,2025,0,UNK
,,,,,0.0,amani_oruwariye,Amani Oruwariye,CB,,2025,0,UNK
,,,,,0.0,andrew_van_ginkel,Andrew Van Ginkel,OLB,,2025,0,UNK
,,,,,0.0,blake_cashman,Blake Cashman,LB,,2025,0,UNK
,,,,,0.0,mike_jackson,Mike Jackson,CB,,2025,0,UNK
,,,,,0.0,charles_omenihu,Charles Omenihu,DE,,2025,0,UNK
,,,,,0.0,jake_bailey,Jake Bailey,P,,2025,0,UNK
,,,,,0.0,cole_holcomb,Cole Holcomb,LB,,2025,0,UNK
,,,,,-0.32,gardner_minshew,Gardner Minshew,QB,,2025,0,UNK
,,,,,9.1,trayveon_williams,Trayveon Williams,RB,,2025,0,UNK
,,,,,6.2,scott_miller,Scott Miller,WR,,2025,0,UNK
,,,,,0.0,donovan_wilson,Donovan Wilson,SAF,,2025,0,UNK
,,,,,0.6000000000000001,myles_gaskin,Myles Gaskin,RB,,2025,0,UNK
,,,,,0.0,kaden_elliss,Kaden Elliss,LB,,2025,0,UNK
,,,,,0.0,anthony_pittman,Anthony Pittman,LB,,2025,0,UNK
,,,,,0.0,tyrel_dodson,Tyrel Dodson,LB,,2025,0,UNK
,,,,,0.0,blake_hance,Blake Hance,OL,,2025,0,UNK
,,,,,0.0,cam_lewis,Cam Lewis,CB,,2025,0,UNK
,,,,,0.0,chase_mclaughlin,Chase McLaughlin,K,,2025,0,UNK
,,,,,31.1,david_sills,David Sills,WR,,2025,0,UNK
,,,,,0.0,joe_giles-harris,Joe Giles-Harris,LB,,2025,0,UNK
,,,,,0.0,andrew_wingard,Andrew Wingard,SAF,,2025,0,UNK
,,,,,0.0,t.j._edwards,T.J. Edwards,LB,,2025,0,UNK
,,,,,0.0,carl_granderson,Carl Granderson,DE,,2025,0,UNK
,,,,,21.6,lil'jordan_humphrey,Lil'Jordan Humphrey,WR,,2025,0,UNK
,,,,,0.0,shy_tuttle,Shy Tuttle,DT,,2025,0,UNK
,,,,,0.0,luke_gifford,Luke Gifford,LB,,2025,0,UNK
,,,,,46.1,greg_dortch,Greg Dortch,WR,,2025,0,UNK
,,,,,0.0,devin_bush,Devin Bush,LB,,2025,0,UNK
,,,,,0.0,elgton_jenkins,Elgton Jenkins,C,,2025,0,UNK
,,,,,61.800000000000004,darius_slayton,Darius Slayton,WR,,2025,0,UNK
,,,,,76.30000000000001,ty_johnson,Ty Johnson,RB,,2025,0,UNK
,,,,,0.0,kemon_hall,Kemon Hall,DB,,2025,0,UNK
,,,,,3.6,tom_kennedy,Tom Kennedy,WR,,2025,0,UNK
,,,,,0.4,craig_reynolds,Craig Reynolds,RB,,2025,0,UNK
,,,,,0.0,garrett_bradbury,Garrett Bradbury,C,,2025,0,UNK
,,,,,-0.2,travis_homer,Travis Homer,RB,,2025,0,UNK
,,,,,1.2000000000000002,alex_bachman,Alex Bachman,WR,,2025,0,UNK
,,,,,0.0,troy_reeder,Troy Reeder,LB,,2025,0,UNK
,,,,,0.0,juan_thornhill,Juan Thornhill,SAF,,2025,0,UNK
,,,,,2.5,d'ernest_johnson,D'Ernest Johnson,RB,,2025,0,UNK
,,,,,0.0,jonah_williams,Jonah Williams,DE,,2025,0,UNK
,,,,,0.0,chris_lindstrom,Chris Lindstrom,G,,2025,0,UNK
,,,,,16.9,drew_sample,Drew Sample,TE,,2025,0,UNK
,,,,,0.0,amani_hooker,Amani Hooker,SAF,,2025,0,UNK
,,,,,0.0,corey_ballentine,Corey Ballentine,DB,,2025,0,UNK
,,,,,0.0,l.j._collier,L.J. Collier,DE,,2025,0,UNK
,,,,,0.0,rock_ya-sin,Rock Ya-Sin,CB,,2025,0,UNK
,,,,,0.0,parris_campbell,Parris Campbell,WR,,2025,0,UNK
43.0,,,43,4,128.2,dk_metcalf,DK Metcalf,WR,,2025,0,UNK
,,,,,0.0,josh_hines-allen,Josh Hines-Allen,DE,,2025,0,UNK
,,,,,6.1,jeffery_simmons,Jeffery Simmons,DT,,2025,0,UNK
,,,,,40.8,noah_fant,Noah Fant,TE,,2025,0,UNK
,,,,,25.82,gunner_olszewski,Gunner Olszewski,WR,,2025,0,UNK
,,,,,0.0,sione_takitaki,Sione Takitaki,LB,,2025,0,UNK
,,,,,0.0,montez_sweat,Montez Sweat,DE,,2025,0,UNK
,,,,,0.0,will_harris,Will Harris,SAF,,2025,0,UNK
,,,,,0.0,khalen_saunders,Khalen Saunders,DT,,2025,0,UNK
20.0,,,20,2,76.2,terry_mclaurin,Terry McLaurin,WR,,2025,0,UNK
,,,,,88.7,marquise_brown,Marquise Brown,WR,,2025,0,UNK
,,,,,0.0,taylor_rapp,Taylor Rapp,SAF,,2025,0,UNK
,,,,,0.0,greg_gaines,Greg Gaines,DT,,2025,0,UNK
,,,,,0.0,david_edwards,David Edwards,OT,,2025,0,UNK
,,,,,0.0,nick_scott,Nick Scott,SAF,,2025,0,UNK
,,,,,0.0,cody_barton,Cody Barton,LB,,2025,0,UNK
,,,,,0.0,jerry_tillery,Jerry Tillery,DT,,2025,0,UNK
18.0,,,18,2,142.3,a.j._brown,A.J. Brown,WR,,2025,0,UNK
,,,,,0.0,dre'mont_jones,Dre'Mont Jones,DE,,2025,0,UNK
,,,,,0.0,connor_mcgovern,Connor McGovern,G,,2025,0,UNK
,,,,,0.0,quincy_williams,Quincy Williams,LB,,2025,0,UNK
,,,,,0.0,mike_edwards,Mike Edwards,SAF,,2025,0,UNK
,,,,,0.0,dexter_lawrence,Dexter Lawrence,DT,,2025,0,UNK
49.0,,,49,5,142.92000000000002,david_montgomery,David Montgomery,RB,,2025,0,UNK
,,,,,0.0,bobby_okereke,Bobby Okereke,ILB,,2025,0,UNK
,,,,,0.0,trey_pipkins,Trey Pipkins,OT,,2025,0,UNK
,,,,,67.7,dawson_knox,Dawson Knox,TE,,2025,0,UNK
,,,,,0.0,clelin_ferrell,Clelin Ferrell,DE,,2025,0,UNK
,,,,,0.0,germaine_pratt,Germaine Pratt,LB,,2025,0,UNK
,,,,,0.0,chuma_edoga,Chuma Edoga,OT,,2025,0,UNK
,,,,,0.0,jamel_dean,Jamel Dean,CB,,2025,0,UNK
176.0,,,176,15,201.10000000000002,josh_jacobs,Josh Jacobs,RB,,2025,0,UNK
,,,,,0.0,dalton_risner,Dalton Risner,G,,2025,0,UNK
,,,,,0.09999999999999998,drew_lock,Drew Lock,QB,,2025,0,UNK
,,,,,0.0,jalen_thompson,Jalen Thompson,DB,,2025,0,UNK
,,,,,0.0,devin_white,Devin White,LB,,2025,0,UNK
,,,,,226.44000000000003,daniel_jones,Daniel Jones,QB,,2025,0,UNK
,,,,,0.0,brian_burns,Brian Burns,LB,,2025,0,UNK
,,,,,0.0,nick_bosa,Nick Bosa,DE,,2025,0,UNK
,,,,,0.0,quinnen_williams,Quinnen Williams,DT,,2025,0,UNK
,,,,,116.2,deebo_samuel_sr.,Deebo Samuel Sr.,WR,,2025,0,UNK
,,,,,0.0,jakob_johnson,Jakob Johnson,RB,,2025,0,UNK
,,,,,0.0,brett_toth,Brett Toth,G,,2025,0,UNK
,,,,,0.0,jacob_bobenmoyer,Jacob Bobenmoyer,LS,,2025,0,UNK
,,,,,0.0,malcolm_roach,Malcolm Roach,DT,,2025,0,UNK
,,,,,0.0,james_pierre,James Pierre,CB,,2025,0,UNK
,,,,,0.0,corliss_waitman,Corliss Waitman,P,,2025,0,UNK
,,,,,0.0,ross_matiscik,Ross Matiscik,LS,,2025,0,UNK
,,,,,0.0,benito_jones,Benito Jones,DT,,2025,0,UNK
,,,,,0.0,chris_williams,Chris Williams,DT,,2025,0,UNK
,,,,,0.0,blake_gillikin,Blake Gillikin,P,,2025,0,UNK
,,,,,0.8,andre_baccellia,Andre Baccellia,WR,,2025,0,UNK
,,,,,0.0,tommy_townsend,Tommy Townsend,P,,2025,0,UNK
,,,,,0.0,tershawn_wharton,Tershawn Wharton,DE,,2025,0,UNK
,,,,,15.0,cody_white,Cody White,WR,,2025,0,UNK
,,,,,0.0,joe_bachie,Joe Bachie,LB,,2025,0,UNK
,,,,,0.0,cole_christiansen,Cole Christiansen,LB,,2025,0,UNK
,,,,,0.0,michael_hoecht,Michael Hoecht,LB,,2025,0,UNK
,,,,,0.0,christian_rozeboom,Christian Rozeboom,LB,,2025,0,UNK
,,,,,0.0,giovanni_ricci,Giovanni Ricci,TE,,2025,0,UNK
,,,,,0.0,krys_barnes,Krys Barnes,LB,,2025,0,UNK
,,,,,40.14,tyler_huntley,Tyler Huntley,QB,,2025,0,UNK
,,,,,0.0,terence_steele,Terence Steele,OT,,2025,0,UNK
,,,,,0.0,sam_franklin_jr.,Sam Franklin Jr.,SAF,,2025,0,UNK
140.0,,,140,12,102.9,juwan_johnson,Juwan Johnson,TE,,2025,0,UNK
,,,,,0.0,broderick_washington,Broderick Washington,DT,,2025,0,UNK
,,,,,0.0,liam_mccullough,Liam McCullough,LS,,2025,0,UNK
,,,,,0.0,myles_bryant,Myles Bryant,CB,,2025,0,UNK
,,,,,0.0,a.j._green,A.J. Green,CB,,2025,0,UNK
,,,,,0.0,brandon_walton,Brandon Walton,OT,,2025,0,UNK
,,,,,0.0,khalil_dorsey,Khalil Dorsey,CB,,2025,0,UNK
,,,,,0.0,nnamdi_madubuike,Nnamdi Madubuike,DT,,2025,0,UNK
,,,,,0.0,ben_bredeson,Ben Bredeson,G,,2025,0,UNK
,,,,,6.5,james_proche,James Proche,WR,,2025,0,UNK
,,,,,177.3,rico_dowdle,Rico Dowdle,RB,,2025,0,UNK
,,,,,0.0,bryce_huff,Bryce Huff,DE,,2025,0,UNK
,,,,,0.0,kristian_welch,Kristian Welch,LB,,2025,0,UNK
75.0,,,75,7,104.9,j.k._dobbins,J.K. Dobbins,RB,,2025,0,UNK
,,,,,0.0,joshua_uche,Joshua Uche,LB,,2025,0,UNK
,,,,,17.5,isaiah_hodgins,Isaiah Hodgins,WR,,2025,0,UNK
,,,,,0.0,dane_jackson,Dane Jackson,CB,,2025,0,UNK
,,,,,4.800000000000001,mason_kinsey,Mason Kinsey,WR,,2025,0,UNK
,,,,,0.0,teair_tart,Teair Tart,DT,,2025,0,UNK
,,,,,8.9,nick_westbrook-ikhine,Nick Westbrook-Ikhine,WR,,2025,0,UNK
,,,,,2.8000000000000003,reggie_gilliam,Reggie Gilliam,RB,,2025,0,UNK
,,,,,0.0,a.j._epenesa,A.J. Epenesa,DE,,2025,0,UNK
,,,,,0.0,anfernee_jennings,Anfernee Jennings,LB,,2025,0,UNK
,,,,,0.0,charlie_heck,Charlie Heck,OT,,2025,0,UNK
,,,,,18.9,gabe_davis,Gabe Davis,WR,,2025,0,UNK
,,,,,0.0,mike_onwenu,Mike Onwenu,G,,2025,0,UNK
,,,,,0.0,geno_stone,Geno Stone,SAF,,2025,0,UNK
,,,,,0.0,lacale_london,LaCale London,DE,,2025,0,UNK
143.0,,,143,12,160.70000000000002,tua_tagovailoa,Tua Tagovailoa,QB,,2025,0,UNK
,,,,,0.0,danny_pinter,Danny Pinter,G,,2025,0,UNK
,,,,,0.0,derrick_brown,Derrick Brown,DT,,2025,0,UNK
,,,,,0.0,brandon_jones,Brandon Jones,SAF,,2025,0,UNK
,,,,,0.0,isaiah_rodgers,Isaiah Rodgers,CB,,2025,0,UNK
179.0,,,179,15,316.3,jonathan_taylor,Jonathan Taylor,RB,,2025,0,UNK
,,,,,0.0,jonathan_greenard,Jonathan Greenard,LB,,2025,0,UNK
,,,,,0.0,kyle_dugger,Kyle Dugger,SAF,,2025,0,UNK
,,,,,0.7000000000000001,harrison_bryant,Harrison Bryant,TE,,2025,0,UNK
,,,,,0.0,larrell_murchison,Larrell Murchison,DT,,2025,0,UNK
,,,,,86.80000000000001,colby_parkinson,Colby Parkinson,TE,,2025,0,UNK
,,,,,0.0,jon_runyan,Jon Runyan,G,,2025,0,UNK
,,,,,0.0,austin_jackson,Austin Jackson,OT,,2025,0,UNK
,,,,,122.4,michael_pittman,Michael Pittman,WR,,2025,0,UNK
,,,,,0.0,julian_blackmon,Julian Blackmon,SAF,,2025,0,UNK
,,,,,0.0,colton_mckivitz,Colton McKivitz,OT,,2025,0,UNK
,,,,,0.0,jonah_jackson,Jonah Jackson,G,,2025,0,UNK
89.0,,,89,8,118.3,jauan_jennings,Jauan Jennings,WR,,2025,0,UNK
,,,,,0.0,javon_kinlaw,Javon Kinlaw,DT,,2025,0,UNK
,,,,,0.0,davon_hamilton,DaVon Hamilton,DT,,2025,0,UNK
78.0,,,78,7,235.14000000000001,jordan_love,Jordan Love,QB,,2025,0,UNK
,,,,,6.1,aj_dillon,AJ Dillon,RB,,2025,0,UNK
,,,,,0.0,jordan_elliott,Jordan Elliott,DT,,2025,0,UNK
,,,,,0.0,jeff_okudah,Jeff Okudah,CB,,2025,0,UNK
44.0,,,44,4,194.6,d'andre_swift,D'Andre Swift,RB,,2025,0,UNK
,,,,,0.0,malik_harrison,Malik Harrison,LB,,2025,0,UNK
,,,,,0.0,c.j._henderson,C.J. Henderson,CB,,2025,0,UNK
,,,,,0.0,grant_delpit,Grant Delpit,SAF,,2025,0,UNK
,,,,,0.0,mekhi_becton,Mekhi Becton,G,,2025,0,UNK
,,,,,0.0,a.j._terrell,A.J. Terrell,CB,,2025,0,UNK
,,,,,0.0,k'lavon_chaisson,K'Lavon Chaisson,LB,,2025,0,UNK
,,,,,0.0,noah_igbinoghene,Noah Igbinoghene,CB,,2025,0,UNK
,,,,,0.0,yetur_gross-matos,Yetur Gross-Matos,DE,,2025,0,UNK
,,,,,48.7,cole_kmet,Cole Kmet,TE,,2025,0,UNK
,,,,,0.0,marlon_davidson,Marlon Davidson,DE,,2025,0,UNK
,,,,,0.0,jaylon_johnson,Jaylon Johnson,CB,,2025,0,UNK
,,,,,0.0,jeremy_chinn,Jeremy Chinn,SAF,,2025,0,UNK
,,,,,0.0,logan_wilson,Logan Wilson,LB,,2025,0,UNK
,,,,,0.0,akeem_davis-gaither,Akeem Davis-Gaither,LB,,2025,0,UNK
,,,,,0.0,mykal_walker,Mykal Walker,LB,,2025,0,UNK
,,,,,0.0,jaylinn_hawkins,Jaylinn Hawkins,SAF,,2025,0,UNK
,,,,,0.0,trevis_gipson,Trevis Gipson,LB,,2025,0,UNK
,,,,,0.0,daniel_thomas,Daniel Thomas,SAF,,2025,0,UNK
,,,,,0.0,kindle_vildor,Kindle Vildor,CB,,2025,0,UNK
131.0,,,131,11,50.300000000000004,darnell_mooney,Darnell Mooney,WR,,2025,0,UNK
,,,,,0.0,hakeem_adeniji,Hakeem Adeniji,OT,,2025,0,UNK
,,,,,-3.4000000000000004,braden_mann,Braden Mann,P,,2025,0,UNK
,,,,,0.0,chase_young,Chase Young,DE,,2025,0,UNK
7.0,,,7,1,117.5,justin_jefferson,Justin Jefferson,WR,,2025,0,UNK
,,,,,0.0,patrick_queen,Patrick Queen,LB,,2025,0,UNK
,,,,,0.0,robert_hunt,Robert Hunt,OT,,2025,0,UNK
,,,,,0.0,ezra_cleveland,Ezra Cleveland,G,,2025,0,UNK
,,,,,21.200000000000003,antonio_gibson,Antonio Gibson,RB,,2025,0,UNK
,,,,,0.0,ashtyn_davis,Ashtyn Davis,SAF,,2025,0,UNK
,,,,,2.6,devin_duvernay,Devin Duvernay,WR,,2025,0,UNK
,,,,,8.1,josiah_deguara,Josiah Deguara,TE,,2025,0,UNK
,,,,,0.0,alex_highsmith,Alex Highsmith,LB,,2025,0,UNK
,,,,,0.0,d.j._wonnum,D.J. Wonnum,LB,,2025,0,UNK
,,,,,0.0,james_lynch,James Lynch,DT,,2025,0,UNK
,,,,,0.0,troy_dye,Troy Dye,LB,,2025,0,UNK
,,,,,0.0,kevin_dotson,Kevin Dotson,G,,2025,0,UNK
,,,,,0.0,khalid_kareem,Khalid Kareem,LB,,2025,0,UNK
,,,,,0.0,blake_brandel,Blake Brandel,OT,,2025,0,UNK
,,,,,0.0,josh_metellus,Josh Metellus,SAF,,2025,0,UNK
,,,,,0.0,kam_curl,Kam Curl,SAF,,2025,0,UNK
55.0,,,55,5,286.88,justin_herbert,Justin Herbert,QB,,2025,0,UNK
,,,,,0.0,isaiah_simmons,Isaiah Simmons,SAF,,2025,0,UNK
8.0,,,8,1,125.9,ceedee_lamb,CeeDee Lamb,WR,,2025,0,UNK
,,,,,0.0,damon_arnette,Damon Arnette,CB,,2025,0,UNK
,,,,,2.2,clyde_edwards-helaire,Clyde Edwards-Helaire,RB,,2025,0,UNK
,,,,,0.0,trevon_diggs,Trevon Diggs,CB,,2025,0,UNK
,,,,,0.0,willie_gay_jr.,Willie Gay Jr.,LB,,2025,0,UNK
,,,,,0.0,neville_gallimore,Neville Gallimore,DT,,2025,0,UNK
,,,,,0.0,john_simpson,John Simpson,G,,2025,0,UNK
,,,,,0.0,leki_fotu,Leki Fotu,DT,,2025,0,UNK
,,,,,0.0,l'jarius_sneed,L'Jarius Sneed,SAF,,2025,0,UNK
,,,,,0.0,amik_robertson,Amik Robertson,CB,,2025,0,UNK
,,,,,0.0,tyler_biadasz,Tyler Biadasz,C,,2025,0,UNK
,,,,,0.0,michael_danna,Michael Danna,LB,,2025,0,UNK
,,,,,0.0,alohi_gilman,Alohi Gilman,SAF,,2025,0,UNK
,,,,,0.0,andrew_thomas,Andrew Thomas,OT,,2025,0,UNK
,,,,,0.0,xavier_mckinney,Xavier McKinney,SAF,,2025,0,UNK
5.0,,,5,1,301.06,jalen_hurts,Jalen Hurts,QB,,2025,0,UNK
,,,,,0.0,lloyd_cushenberry_iii,Lloyd Cushenberry III,C,,2025,0,UNK
,,,,,0.0,matt_peart,Matt Peart,OT,,2025,0,UNK
,,,,,0.0,darnay_holmes,Darnay Holmes,CB,,2025,0,UNK
,,,,,0.0,k'von_wallace,K'Von Wallace,SAF,,2025,0,UNK
,,,,,6.2,tristan_wirfs,Tristan Wirfs,OT,,2025,0,UNK
70.0,,,70,6,70.7,jerry_jeudy,Jerry Jeudy,WR,,2025,0,UNK
,,,,,0.0,cesar_ruiz,Cesar Ruiz,C,,2025,0,UNK
,,,,,0.0,jordyn_brooks,Jordyn Brooks,LB,,2025,0,UNK
169.0,,,169,15,152.60000000000002,tee_higgins,Tee Higgins,WR,,2025,0,UNK
,,,,,0.0,antoine_winfield_jr.,Antoine Winfield Jr.,SAF,,2025,0,UNK
,,,,,0.0,darrell_taylor,Darrell Taylor,DE,,2025,0,UNK
,,,,,7.180000000000001,cam_akers,Cam Akers,RB,,2025,0,UNK
,,,,,41.0,van_jefferson,Van Jefferson,WR,,2025,0,UNK
,,,,,0.0,kristian_fulton,Kristian Fulton,CB,,2025,0,UNK
,,,,,0.0,damien_lewis,Damien Lewis,G,,2025,0,UNK
,,,,,0.0,zack_baun,Zack Baun,LB,,2025,0,UNK
,,,,,0.0,terrell_burgess,Terrell Burgess,SAF,,2025,0,UNK
,,,,,25.5,adam_trautman,Adam Trautman,TE,,2025,0,UNK
,,,,,3.6,albert_okwuegbunam,Albert Okwuegbunam,TE,,2025,0,UNK
,,,,,2.1,deejay_dallas,DeeJay Dallas,RB,,2025,0,UNK
,,,,,25.700000000000003,tyler_johnson,Tyler Johnson,WR,,2025,0,UNK
,,,,,0.0,justin_strnad,Justin Strnad,LB,,2025,0,UNK
,,,,,4.800000000000001,charlie_woerner,Charlie Woerner,TE,,2025,0,UNK
,,,,,0.0,jordan_fuller,Jordan Fuller,SAF,,2025,0,UNK
,,,,,0.0,"kenneth_murray,_jr.","Kenneth Murray, Jr.",LB,,2025,0,UNK
11.0,,,11,1,134.46,joe_burrow,Joe Burrow,QB,,2025,0,UNK
,,,,,0.0,rex_sunahara,Rex Sunahara,LS,,2025,0,UNK
,,,,,0.0,chris_blair,Chris Blair,WR,,2025,0,UNK
,,,,,0.0,kwity_paye,Kwity Paye,DE,,2025,0,UNK
,,,,,0.0,dayo_odeyingbo,Dayo Odeyingbo,DE,,2025,0,UNK
,,,,,0.0,will_fries,Will Fries,G,,2025,0,UNK
,,,,,1.5,tim_jones,Tim Jones,WR,,2025,0,UNK
,,,,,0.0,jamien_sherwood,Jamien Sherwood,LB,,2025,0,UNK
,,,,,0.0,michael_carter_ii,Michael Carter II,CB,,2025,0,UNK
,,,,,0.0,jason_pinnock,Jason Pinnock,SAF,,2025,0,UNK
,,,,,0.0,brandin_echols,Brandin Echols,CB,,2025,0,UNK
,,,,,0.0,dj_turner,DJ Turner,WR,,2025,0,UNK
,,,,,2.0,shane_zylstra,Shane Zylstra,TE,,2025,0,UNK
121.0,,,121,11,36.400000000000006,rashod_bateman,Rashod Bateman,WR,,2025,0,UNK
,,,,,0.0,aaron_banks,Aaron Banks,G,,2025,0,UNK
,,,,,0.0,azeez_ojulari,Azeez Ojulari,LB,,2025,0,UNK
,,,,,0.0,carlos_basham,Carlos Basham,LB,,2025,0,UNK
159.0,,,159,14,155.2,nico_collins,Nico Collins,WR,,2025,0,UNK
165.0,,,165,14,95.4,chuba_hubbard,Chuba Hubbard,RB,,2025,0,UNK
,,,,,0.0,keith_taylor,Keith Taylor,CB,,2025,0,UNK
,,,,,0.0,deommodore_lenoir,Deommodore Lenoir,CB,,2025,0,UNK
,,,,,0.0,talanoa_hufanga,Talanoa Hufanga,SAF,,2025,0,UNK
,,,,,0.0,elijah_mitchell,Elijah Mitchell,RB,,2025,0,UNK
,,,,,0.0,roy_lopez,Roy Lopez,DT,,2025,0,UNK
,,,,,0.0,gary_brightwell,Gary Brightwell,RB,,2025,0,UNK
,,,,,0.0,ar'darius_washington,Ar'Darius Washington,SAF,,2025,0,UNK
,,,,,0.0,nick_mccloud,Nick McCloud,CB,,2025,0,UNK
,,,,,11.5,quintin_morris,Quintin Morris,TE,,2025,0,UNK
,,,,,0.0,alaric_jackson,Alaric Jackson,OT,,2025,0,UNK
,,,,,0.0,jordan_meredith,Jordan Meredith,G,,2025,0,UNK
38.0,,,38,4,130.12,jaylen_waddle,Jaylen Waddle,WR,,2025,0,UNK
,,,,,0.0,jamin_davis,Jamin Davis,LB,,2025,0,UNK
,,,,,0.0,christian_darrisaw,Christian Darrisaw,OT,,2025,0,UNK
,,,,,0.0,asante_samuel_jr.,Asante Samuel Jr.,CB,,2025,0,UNK
,,,,,0.0,sam_cosmi,Sam Cosmi,OT,,2025,0,UNK
,,,,,0.0,dillon_radunz,Dillon Radunz,OT,,2025,0,UNK
,,,,,6.2,dee_eskridge,Dee Eskridge,WR,,2025,0,UNK
,,,,,0.0,nick_bolton,Nick Bolton,LB,,2025,0,UNK
,,,,,0.0,josh_myers,Josh Myers,C,,2025,0,UNK
,,,,,0.0,creed_humphrey,Creed Humphrey,C,,2025,0,UNK
,,,,,0.0,alim_mcneill,Alim McNeill,DT,,2025,0,UNK
,,,,,0.0,benjamin_st-juste,Benjamin St-Juste,CB,,2025,0,UNK
,,,,,29.700000000000003,dyami_brown,Dyami Brown,WR,,2025,0,UNK
,,,,,16.3,john_bates,John Bates,TE,,2025,0,UNK
,,,,,0.0,camryn_bynum,Camryn Bynum,SAF,,2025,0,UNK
,,,,,10.5,tylan_wallace,Tylan Wallace,WR,,2025,0,UNK
,,,,,17.8,noah_gray,Noah Gray,TE,,2025,0,UNK
,,,,,0.0,tedarrell_slaton,Tedarrell Slaton,DT,,2025,0,UNK
,,,,,0.0,k.j._britt,K.J. Britt,LB,,2025,0,UNK
,,,,,0.0,cameron_mcgrone,Cameron McGrone,LB,,2025,0,UNK
,,,,,0.0,simi_fehoko,Simi Fehoko,WR,,2025,0,UNK
,,,,,0.0,nick_niemann,Nick Niemann,LB,,2025,0,UNK
,,,,,0.0,quinton_bohanna,Quinton Bohanna,DT,,2025,0,UNK
,,,,,0.0,stone_forsythe,Stone Forsythe,OT,,2025,0,UNK
,,,,,0.0,cole_van_lanen,Cole Van Lanen,G,,2025,0,UNK
,,,,,0.0,isaiah_mcduffie,Isaiah McDuffie,LB,,2025,0,UNK
,,,,,0.0,trey_smith,Trey Smith,G,,2025,0,UNK
,,,,,0.0,israel_mukuamu,Israel Mukuamu,CB,,2025,0,UNK
,,,,,0.0,grant_stuard,Grant Stuard,LB,,2025,0,UNK
,,,,,0.0,zayne_anderson,Zayne Anderson,SAF,,2025,0,UNK
,,,,,3.92,shane_buechele,Shane Buechele,QB,,2025,0,UNK
,,,,,0.0,devon_key,Devon Key,SAF,,2025,0,UNK
,,,,,0.0,naquan_jones,Naquan Jones,DT,,2025,0,UNK
,,,,,0.0,caleb_johnson,Caleb Johnson,LB,,2025,0,UNK
,,,,,0.0,sam_kamara,Sam Kamara,DT,,2025,0,UNK
,,,,,0.0,charles_snowden,Charles Snowden,LB,,2025,0,UNK
,,,,,0.0,amen_ogbongbemiga,Amen Ogbongbemiga,LB,,2025,0,UNK
,,,,,9.700000000000001,adam_prentice,Adam Prentice,FB,,2025,0,UNK
,,,,,0.0,curtis_robinson,Curtis Robinson,LB,,2025,0,UNK
,,,,,10.600000000000001,jack_stoll,Jack Stoll,TE,,2025,0,UNK
,,,,,22.8,brock_wright,Brock Wright,TE,,2025,0,UNK
,,,,,22.7,jaret_patterson,Jaret Patterson,RB,,2025,0,UNK
,,,,,0.0,jack_heflin,Jack Heflin,DT,,2025,0,UNK
,,,,,0.0,jon_rhattigan,Jon Rhattigan,LB,,2025,0,UNK
,,,,,0.0,christian_elliss,Christian Elliss,LB,,2025,0,UNK
,,,,,0.0,riley_patterson,Riley Patterson,K,,2025,0,UNK
,,,,,0.4,feleipe_franks,Feleipe Franks,TE,,2025,0,UNK
,,,,,0.0,ryan_neuzil,Ryan Neuzil,G,,2025,0,UNK
,,,,,0.0,kion_smith,Kion Smith,OT,,2025,0,UNK
,,,,,4.6000000000000005,austin_trammell,Austin Trammell,WR,,2025,0,UNK
,,,,,10.9,kene_nwangwu,Kene Nwangwu,RB,,2025,0,UNK
,,,,,0.0,garret_wallow,Garret Wallow,LB,,2025,0,UNK
,,,,,25.200000000000003,tutu_atwell,Tutu Atwell,WR,,2025,0,UNK
,,,,,0.0,cameron_sample,Cameron Sample,DE,,2025,0,UNK
,,,,,0.0,evan_mcpherson,Evan McPherson,K,,2025,0,UNK
,,,,,12.9,ben_skowronek,Ben Skowronek,WR,,2025,0,UNK
,,,,,0.0,james_hudson,James Hudson,OT,,2025,0,UNK
,,,,,0.0,chris_rumph_ii,Chris Rumph II,LB,,2025,0,UNK
,,,,,0.0,dan_moore_jr.,Dan Moore Jr.,OT,,2025,0,UNK
,,,,,0.0,buddy_johnson,Buddy Johnson,LB,,2025,0,UNK
,,,,,0.0,nate_hobbs,Nate Hobbs,CB,,2025,0,UNK
,,,,,0.0,pat_surtain_ii,Pat Surtain II,CB,,2025,0,UNK
110.0,,,110,10,146.8,rhamondre_stevenson,Rhamondre Stevenson,RB,,2025,0,UNK
,,,,,4.0,kylen_granson,Kylen Granson,TE,,2025,0,UNK
,,,,,0.0,penei_sewell,Penei Sewell,OT,,2025,0,UNK
,,,,,0.0,jay_tufele,Jay Tufele,DT,,2025,0,UNK
,,,,,0.0,tommy_togiai,Tommy Togiai,DT,,2025,0,UNK
,,,,,0.0,marco_wilson,Marco Wilson,CB,,2025,0,UNK
,,,,,0.0,tre_brown,Tre Brown,CB,,2025,0,UNK
,,,,,18.5,luke_farrell,Luke Farrell,TE,,2025,0,UNK
,,,,,0.0,damar_hamlin,Damar Hamlin,SAF,,2025,0,UNK
113.0,,,113,10,8.6,najee_harris,Najee Harris,RB,,2025,0,UNK
,,,,,72.6,pat_freiermuth,Pat Freiermuth,TE,,2025,0,UNK
,,,,,0.0,victor_dimukeje,Victor Dimukeje,LB,,2025,0,UNK
,,,,,68.6,davis_mills,Davis Mills,QB,,2025,0,UNK
1.0,,,1,1,188.6,ja'marr_chase,Ja'Marr Chase,WR,,2025,0,UNK
,,,,,0.0,eric_stokes,Eric Stokes,CB,,2025,0,UNK
,,,,,0.0,joseph_ossai,Joseph Ossai,DE,,2025,0,UNK
,,,,,0.0,bobby_brown_iii,Bobby Brown III,DT,,2025,0,UNK
,,,,,0.0,robert_rochell,Robert Rochell,CB,,2025,0,UNK
,,,,,0.0,larry_borom,Larry Borom,G,,2025,0,UNK
,,,,,5.6000000000000005,khalil_herbert,Khalil Herbert,RB,,2025,0,UNK
,,,,,0.0,khyiris_tonga,Khyiris Tonga,DT,,2025,0,UNK
30.0,,,30,3,124.80000000000001,devonta_smith,DeVonta Smith,WR,,2025,0,UNK
,,,,,0.0,greg_rousseau,Greg Rousseau,LB,,2025,0,UNK
,,,,,0.0,milton_williams,Milton Williams,DT,,2025,0,UNK
,,,,,148.3,kenny_gainwell,Kenny Gainwell,RB,,2025,0,UNK
,,,,,0.0,marlon_tuipulotu,Marlon Tuipulotu,DT,,2025,0,UNK
,,,,,0.0,patrick_johnson,Patrick Johnson,LB,,2025,0,UNK
,,,,,66.0,michael_carter,Michael Carter,RB,,2025,0,UNK
,,,,,0.0,pete_werner,Pete Werner,LB,,2025,0,UNK
,,,,,0.0,micah_parsons,Micah Parsons,LB,,2025,0,UNK
,,,,,0.0,zaven_collins,Zaven Collins,LB,,2025,0,UNK
,,,,,0.0,jaelan_phillips,Jaelan Phillips,LB,,2025,0,UNK
,,,,,0.0,paulson_adebo,Paulson Adebo,CB,,2025,0,UNK
,,,,,0.0,odafe_oweh,Odafe Oweh,LB,,2025,0,UNK
,,,,,0.0,andre_cisco,Andre Cisco,SAF,,2025,0,UNK
,,,,,0.0,osa_odighizuwa,Osa Odighizuwa,DT,,2025,0,UNK
,,,,,0.0,mitchell_fraboni,Mitchell Fraboni,LS,,2025,0,UNK
,,,,,0.0,jaycee_horn,Jaycee Horn,CB,,2025,0,UNK
54.0,,,54,5,142.66,justin_fields,Justin Fields,QB,,2025,0,UNK
,,,,,0.0,ta'quon_graham,Ta'Quon Graham,DT,,2025,0,UNK
,,,,,0.0,avery_williams,Avery Williams,RB,,2025,0,UNK
,,,,,0.0,jonathon_cooper,Jonathon Cooper,LB,,2025,0,UNK
,,,,,0.0,teven_jenkins,Teven Jenkins,G,,2025,0,UNK
,,,,,0.0,darren_hall,Darren Hall,CB,,2025,0,UNK
,,,,,0.0,drew_dalman,Drew Dalman,C,,2025,0,UNK
,,,,,11.0,michael_bandy,Michael Bandy,WR,,2025,0,UNK
,,,,,0.0,richie_grant,Richie Grant,SAF,,2025,0,UNK
,,,,,0.0,tre'von_moehrig,Tre'von Moehrig,SAF,,2025,0,UNK
10.0,,,10,1,207.0,amon-ra_st._brown,Amon-Ra St. Brown,WR,,2025,0,UNK
,,,,,0.0,derrick_barnes,Derrick Barnes,LB,,2025,0,UNK
,,,,,0.0,joe_tryon-shoyinka,Joe Tryon-Shoyinka,DE,,2025,0,UNK
,,,,,0.0,brady_christensen,Brady Christensen,OT,,2025,0,UNK
,,,,,122.80000000000001,kyle_pitts,Kyle Pitts,TE,,2025,0,UNK
65.0,,,65,6,338.17999999999995,trevor_lawrence,Trevor Lawrence,QB,,2025,0,UNK
,,,,,130.04000000000002,mac_jones,Mac Jones,QB,,2025,0,UNK
,,,,,217.9,travis_etienne,Travis Etienne,RB,,2025,0,UNK
,,,,,0.0,tyson_campbell,Tyson Campbell,CB,,2025,0,UNK
,,,,,0.0,walker_little,Walker Little,OT,,2025,0,UNK
,,,,,0.0,spencer_brown,Spencer Brown,OT,,2025,0,UNK
,,,,,19.6,elijah_moore,Elijah Moore,WR,,2025,0,UNK
,,,,,0.0,christian_barmore,Christian Barmore,DT,,2025,0,UNK
,,,,,0.0,chauncey_golston,Chauncey Golston,DE,,2025,0,UNK
,,,,,0.0,trey_sermon,Trey Sermon,RB,,2025,0,UNK
,,,,,0.0,robert_hainsey,Robert Hainsey,OT,,2025,0,UNK
,,,,,0.0,nahshon_wright,Nahshon Wright,CB,,2025,0,UNK
,,,,,0.0,brandon_stephens,Brandon Stephens,CB,,2025,0,UNK
156.0,,,156,13,30.3,josh_palmer,Josh Palmer,WR,,2025,0,UNK
,,,,,0.0,malcolm_koonce,Malcolm Koonce,DE,,2025,0,UNK
,,,,,0.0,divine_deablo,Divine Deablo,LB,,2025,0,UNK
,,,,,0.0,elijah_molden,Elijah Molden,CB,,2025,0,UNK
,,,,,0.0,ifeatu_melifonwu,Ifeatu Melifonwu,SAF,,2025,0,UNK
,,,,,0.0,ernest_jones,Ernest Jones,LB,,2025,0,UNK
,,,,,0.0,baron_browning,Baron Browning,LB,,2025,0,UNK
,,,,,0.0,greg_newsome_ii,Greg Newsome II,CB,,2025,0,UNK
88.0,,,88,8,207.8,javonte_williams,Javonte Williams,RB,,2025,0,UNK
,,,,,0.0,jevon_holland,Jevon Holland,SAF,,2025,0,UNK
,,,,,0.0,monty_rice,Monty Rice,LB,,2025,0,UNK
,,,,,0.0,quinn_meinerz,Quinn Meinerz,C,,2025,0,UNK
,,,,,0.0,landon_dickerson,Landon Dickerson,G,,2025,0,UNK
,,,,,0.0,chazz_surratt,Chazz Surratt,LB,,2025,0,UNK
,,,,,20.5,hunter_long,Hunter Long,TE,,2025,0,UNK
,,,,,36.900000000000006,tommy_tremble,Tommy Tremble,TE,,2025,0,UNK
,,,,,0.0,patrick_jones_ii,Patrick Jones II,LB,,2025,0,UNK
,,,,,13.540000000000001,trey_lance,Trey Lance,QB,,2025,0,UNK
,,,,,1.3800000000000001,zach_wilson,Zach Wilson,QB,,2025,0,UNK
,,,,,1.1,sal_cannella,Sal Cannella,TE,,2025,0,UNK
,,,,,0.0,nikola_kalinic,Nikola Kalinic,TE,,2025,0,UNK
,,,,,0.0,dee_alford,Dee Alford,CB,,2025,0,UNK
,,,,,0.0,haggai_ndubuisi,Haggai Ndubuisi,DT,,2025,0,UNK
,,,,,0.0,elijah_garcia,Elijah Garcia,DE,,2025,0,UNK
,,,,,6.0,jordan_davis,Jordan Davis,DT,,2025,0,UNK
,,,,,0.0,quay_walker,Quay Walker,LB,,2025,0,UNK
,,,,,0.0,devonte_wyatt,Devonte Wyatt,DT,,2025,0,UNK
,,,,,0.0,sean_rhyan,Sean Rhyan,OT,,2025,0,UNK
,,,,,0.0,riq_woolen,Riq Woolen,CB,,2025,0,UNK
,,,,,0.0,braxton_jones,Braxton Jones,OT,,2025,0,UNK
,,,,,0.0,dominique_robinson,Dominique Robinson,DE,,2025,0,UNK
,,,,,0.0,kingsley_enagbare,Kingsley Enagbare,LB,,2025,0,UNK
,,,,,16.400000000000002,tyler_badie,Tyler Badie,RB,,2025,0,UNK
,,,,,13.600000000000001,grant_calcaterra,Grant Calcaterra,TE,,2025,0,UNK
,,,,,20.200000000000003,bo_melton,Bo Melton,CB,,2025,0,UNK
,,,,,0.0,chris_paul,Chris Paul,G,,2025,0,UNK
,,,,,4.800000000000001,dareke_young,Dareke Young,WR,,2025,0,UNK
,,,,,0.0,jonathan_ford,Jonathan Ford,DT,,2025,0,UNK
,,,,,0.0,elijah_hicks,Elijah Hicks,SAF,,2025,0,UNK
,,,,,0.30000000000000004,samori_toure,Samori Toure,WR,,2025,0,UNK
,,,,,0.0,jaylon_jones,Jaylon Jones,DB,,2025,0,UNK
,,,,,0.0,jack_sanborn,Jack Sanborn,LB,,2025,0,UNK
,,,,,59.3,jake_tonges,Jake Tonges,TE,,2025,0,UNK
,,,,,3.2,tyler_goodson,Tyler Goodson,RB,,2025,0,UNK
,,,,,0.0,josh_blackwell,Josh Blackwell,CB,,2025,0,UNK
,,,,,0.0,reed_blankenship,Reed Blankenship,SAF,,2025,0,UNK
,,,,,2.0,britain_covey,Britain Covey,WR,,2025,0,UNK
,,,,,0.0,josh_jobe,Josh Jobe,CB,,2025,0,UNK
,,,,,0.0,tony_adams,Tony Adams,SAF,,2025,0,UNK
,,,,,70.9,bam_knight,Bam Knight,RB,,2025,0,UNK
,,,,,0.0,jeremiah_moon,Jeremiah Moon,LB,,2025,0,UNK
,,,,,0.0,sauce_gardner,Sauce Gardner,CB,,2025,0,UNK
,,,,,0.0,trent_mcduffie,Trent McDuffie,CB,,2025,0,UNK
,,,,,0.0,george_karlaftis,George Karlaftis,DE,,2025,0,UNK
,,,,,0.0,bryan_cook,Bryan Cook,SAF,,2025,0,UNK
,,,,,0.0,darian_kinnard,Darian Kinnard,G,,2025,0,UNK
,,,,,0.0,jaylen_watson,Jaylen Watson,CB,,2025,0,UNK
,,,,,0.0,rasheed_walker,Rasheed Walker,OT,,2025,0,UNK
50.0,,,50,5,68.30000000000001,isiah_pacheco,Isiah Pacheco,RB,,2025,0,UNK
,,,,,0.0,nazeeh_johnson,Nazeeh Johnson,CB,,2025,0,UNK
,,,,,0.0,labryan_ray,LaBryan Ray,DT,,2025,0,UNK
,,,,,0.0,brenden_schooler,Brenden Schooler,SAF,,2025,0,UNK
,,,,,0.0,mike_caliendo,Mike Caliendo,G,,2025,0,UNK
,,,,,0.0,jack_cochrane,Jack Cochrane,LB,,2025,0,UNK
,,,,,0.0,cameron_dicker,Cameron Dicker,K,,2025,0,UNK
71.0,,,71,6,177.1,jaylen_warren,Jaylen Warren,RB,,2025,0,UNK
,,,,,0.0,ikem_ekwonu,Ikem Ekwonu,OT,,2025,0,UNK
,,,,,20.0,kevin_austin_jr.,Kevin Austin Jr.,WR,,2025,0,UNK
,,,,,0.0,travon_walker,Travon Walker,DE,,2025,0,UNK
,,,,,0.0,aidan_hutchinson,Aidan Hutchinson,DE,,2025,0,UNK
,,,,,0.0,derek_stingley_jr.,Derek Stingley Jr.,CB,,2025,0,UNK
13.0,,,13,2,133.9,drake_london,Drake London,WR,,2025,0,UNK
51.0,,,51,5,168.0,chris_olave,Chris Olave,WR,,2025,0,UNK
167.0,,,167,14,154.9,jameson_williams,Jameson Williams,WR,,2025,0,UNK
,,,,,0.0,trevor_penning,Trevor Penning,OT,,2025,0,UNK
,,,,,0.0,kaiir_elam,Kaiir Elam,CB,,2025,0,UNK
,,,,,0.0,tyler_smith,Tyler Smith,OT,,2025,0,UNK
,,,,,0.0,devin_lloyd,Devin Lloyd,LB,,2025,0,UNK
,,,,,0.0,jalen_pitre,Jalen Pitre,SAF,,2025,0,UNK
172.0,,,172,15,198.9,george_pickens,George Pickens,WR,,2025,0,UNK
,,,,,269.20000000000005,james_cook,James Cook,RB,,2025,0,UNK
,,,,,0.0,nik_bonitto,Nik Bonitto,LB,,2025,0,UNK
,,,,,0.0,alex_wright,Alex Wright,DE,,2025,0,UNK
,,,,,36.800000000000004,greg_dulcich,Greg Dulcich,TE,,2025,0,UNK
,,,,,12.0,marcus_jones,Marcus Jones,CB,,2025,0,UNK
,,,,,0.0,terrel_bernard,Terrel Bernard,LB,,2025,0,UNK
,,,,,0.0,dylan_parham,Dylan Parham,G,,2025,0,UNK
,,,,,103.0,rachaad_white,Rachaad White,RB,,2025,0,UNK
,,,,,3.6,dameon_pierce,Dameon Pierce,RB,,2025,0,UNK
,,,,,0.0,micah_mcfadden,Micah McFadden,LB,,2025,0,UNK
,,,,,0.0,dj_davidson,DJ Davidson,DT,,2025,0,UNK
82.0,,,82,7,94.4,khalil_shakir,Khalil Shakir,WR,,2025,0,UNK
,,,,,0.0,thomas_booker,Thomas Booker,DT,,2025,0,UNK
153.0,,,153,13,109.0,tyler_allgeier,Tyler Allgeier,RB,,2025,0,UNK
,,,,,0.0,delarrin_turner-yell,Delarrin Turner-Yell,SAF,,2025,0,UNK
155.0,,,155,13,17.6,jerome_ford,Jerome Ford,RB,,2025,0,UNK
,,,,,0.0,zyon_mccollum,Zyon McCollum,CB,,2025,0,UNK
,,,,,0.0,eric_johnson,Eric Johnson,DT,,2025,0,UNK
,,,,,0.0,otito_ogbonnia,Otito Ogbonnia,DT,,2025,0,UNK
,,,,,0.0,d'marco_jackson,D'Marco Jackson,LB,,2025,0,UNK
,,,,,0.0,esezi_otomewo,Esezi Otomewo,DT,,2025,0,UNK
,,,,,0.0,daron_bland,DaRon Bland,CB,,2025,0,UNK
,,,,,5.800000000000001,ty_chandler,Ty Chandler,RB,,2025,0,UNK
,,,,,0.0,teagan_quitoriano,Teagan Quitoriano,TE,,2025,0,UNK
,,,,,0.0,luke_wattenberg,Luke Wattenberg,C,,2025,0,UNK
,,,,,0.0,matthew_butler,Matthew Butler,DT,,2025,0,UNK
,,,,,0.0,damone_clark,Damone Clark,LB,,2025,0,UNK
,,,,,2.8000000000000003,james_mitchell,James Mitchell,TE,,2025,0,UNK
,,,,,0.0,john_ridgeway,John Ridgeway,DT,,2025,0,UNK
,,,,,0.0,matt_araiza,Matt Araiza,P,,2025,0,UNK
,,,,,0.0,vederian_lowe,Vederian Lowe,OT,,2025,0,UNK
,,,,,0.0,christian_benford,Christian Benford,CB,,2025,0,UNK
,,,,,0.0,malcolm_rodriguez,Malcolm Rodriguez,LB,,2025,0,UNK
,,,,,71.7,jalen_nailor,Jalen Nailor,WR,,2025,0,UNK
,,,,,8.7,andrew_ogletree,Andrew Ogletree,TE,,2025,0,UNK
,,,,,0.0,jordan_jackson,Jordan Jackson,DT,,2025,0,UNK
,,,,,0.0,jamaree_salyer,Jamaree Salyer,G,,2025,0,UNK
,,,,,0.0,cade_mays,Cade Mays,C,,2025,0,UNK
,,,,,0.0,sam_roberts,Sam Roberts,DT,,2025,0,UNK
,,,,,0.0,theo_jackson,Theo Jackson,DB,,2025,0,UNK
,,,,,0.0,austin_deculus,Austin Deculus,OT,,2025,0,UNK
,,,,,24.4,connor_heyward,Connor Heyward,FB,,2025,0,UNK
,,,,,13.2,john_fitzpatrick,John FitzPatrick,TE,,2025,0,UNK
,,,,,0.0,ja'sir_taylor,Ja'Sir Taylor,CB,,2025,0,UNK
,,,,,0.0,james_houston,James Houston,DE,,2025,0,UNK
,,,,,0.0,ko_kieft,Ko Kieft,TE,,2025,0,UNK
,,,,,0.0,montaric_brown,Montaric Brown,CB,,2025,0,UNK
,,,,,0.0,cameron_goode,Cameron Goode,LB,,2025,0,UNK
,,,,,0.0,mark_robinson,Mark Robinson,LB,,2025,0,UNK
,,,,,0.0,baylon_spector,Baylon Spector,LB,,2025,0,UNK
,,,,,0.0,deane_leonard,Deane Leonard,CB,,2025,0,UNK
,,,,,0.0,chase_lucas,Chase Lucas,CB,,2025,0,UNK
,,,,,0.30000000000000004,rodney_thomas,Rodney Thomas,SAF,,2025,0,UNK
,,,,,11.200000000000001,chris_oladokun,Chris Oladokun,QB,,2025,0,UNK
,,,,,9.7,brittain_brown,Brittain Brown,RB,,2025,0,UNK
,,,,,0.0,d'anthony_bell,D'Anthony Bell,SAF,,2025,0,UNK
,,,,,0.0,brock_hoffman,Brock Hoffman,C,,2025,0,UNK
,,,,,1.7000000000000002,zaire_mitchell-paden,Zaire Mitchell-Paden,TE,,2025,0,UNK
,,,,,9.1,tanner_conner,Tanner Conner,TE,,2025,0,UNK
,,,,,0.0,arron_mosby,Arron Mosby,DE,,2025,0,UNK
,,,,,0.0,kaden_davis,Kaden Davis,WR,,2025,0,UNK
,,,,,0.0,ja'quan_mcmillian,Ja'Quan McMillian,CB,,2025,0,UNK
,,,,,0.0,dallis_flowers,Dallis Flowers,CB,,2025,0,UNK
,,,,,0.0,ryan_van_demark,Ryan Van Demark,OT,,2025,0,UNK
,,,,,0.0,cal_adomitis,Cal Adomitis,LS,,2025,0,UNK
,,,,,0.0,ben_brown,Ben Brown,C,,2025,0,UNK
,,,,,0.0,alec_anderson,Alec Anderson,OT,,2025,0,UNK
,,,,,0.0,kingsley_jonathan,Kingsley Jonathan,DE,,2025,0,UNK
,,,,,0.0,tomon_fox,Tomon Fox,LB,,2025,0,UNK
,,,,,0.0,jake_hansen,Jake Hansen,LB,,2025,0,UNK
,,,,,0.0,tristin_mccollum,Tristin McCollum,DB,,2025,0,UNK
,,,,,0.0,raheem_layne,Raheem Layne,SAF,,2025,0,UNK
,,,,,5.2,stone_smartt,Stone Smartt,TE,,2025,0,UNK
,,,,,0.0,dylan_cook,Dylan Cook,OT,,2025,0,UNK
,,,,,3.2,deven_thompkins,Deven Thompkins,WR,,2025,0,UNK
,,,,,0.0,mike_brown,Mike Brown,SAF,,2025,0,UNK
,,,,,0.0,ryan_wright,Ryan Wright,P,,2025,0,UNK
,,,,,0.30000000000000004,isaiah_pola-mao,Isaiah Pola-Mao,SAF,,2025,0,UNK
,,,,,0.0,sam_webb,Sam Webb,CB,,2025,0,UNK
,,,,,2.3000000000000003,tay_martin,Tay Martin,WR,,2025,0,UNK
86.0,,,86,8,114.9,jordan_mason,Jordan Mason,RB,,2025,0,UNK
,,,,,0.0,marcelino_mccrary-ball,Marcelino McCrary-Ball,LB,,2025,0,UNK
,,,,,0.0,segun_olubi,Segun Olubi,LB,,2025,0,UNK
,,,,,1.5,lucas_krull,Lucas Krull,TE,,2025,0,UNK
,,,,,0.0,john_parker_romo,John Parker Romo,K,,2025,0,UNK
,,,,,0.0,nephi_sewell,Nephi Sewell,LB,,2025,0,UNK
100.0,,,100,9,97.60000000000001,rashid_shaheed,Rashid Shaheed,WR,,2025,0,UNK
,,,,,0.0,daniel_whelan,Daniel Whelan,P,,2025,0,UNK
,,,,,0.0,darrell_baker_jr.,Darrell Baker Jr.,CB,,2025,0,UNK
,,,,,4.6000000000000005,ronnie_rivers,Ronnie Rivers,RB,,2025,0,UNK
,,,,,0.0,markquese_bell,Markquese Bell,SAF,,2025,0,UNK
,,,,,38.6,malik_davis,Malik Davis,RB,,2025,0,UNK
,,,,,0.0,juanyeh_thomas,Juanyeh Thomas,SAF,,2025,0,UNK
,,,,,0.0,nate_landman,Nate Landman,LB,,2025,0,UNK
,,,,,0.0,tre_avery,Tre Avery,CB,,2025,0,UNK
,,,,,4.0,julius_chestnut,Julius Chestnut,RB,,2025,0,UNK
,,,,,0.0,jack_gibbens,Jack Gibbens,LB,,2025,0,UNK
,,,,,0.0,sam_okuayinonu,Sam Okuayinonu,DT,,2025,0,UNK
,,,,,0.0,kayvon_thibodeaux,Kayvon Thibodeaux,LB,,2025,0,UNK
,,,,,38.900000000000006,john_metchie_iii,John Metchie III,WR,,2025,0,UNK
,,,,,0.0,nakobe_dean,Nakobe Dean,LB,,2025,0,UNK
,,,,,0.0,nick_cross,Nick Cross,SAF,,2025,0,UNK
,,,,,6.0,hassan_haskins,Hassan Haskins,RB,,2025,0,UNK
,,,,,0.0,jacob_hummel,Jacob Hummel,LB,,2025,0,UNK
,,,,,1.9000000000000001,tucker_fisk,Tucker Fisk,TE,,2025,0,UNK
,,,,,0.0,ja'marcus_ingram,Ja'Marcus Ingram,CB,,2025,0,UNK
,,,,,0.0,c.j._brewer,C.J. Brewer,DT,,2025,0,UNK
,,,,,0.0,jermaine_johnson_ii,Jermaine Johnson II,DE,,2025,0,UNK
,,,,,136.3,alec_pierce,Alec Pierce,WR,,2025,0,UNK
,,,,,0.0,sam_williams,Sam Williams,DE,,2025,0,UNK
,,,,,28.3,jalen_tolbert,Jalen Tolbert,WR,,2025,0,UNK
,,,,,0.0,kerby_joseph,Kerby Joseph,SAF,,2025,0,UNK
,,,,,0.6000000000000001,brandon_aubrey,Brandon Aubrey,K,,2025,0,UNK
,,,,,0.0,jeremiah_pharms_jr.,Jeremiah Pharms Jr.,DT,,2025,0,UNK
33.0,,,33,3,63.5,garrett_wilson,Garrett Wilson,WR,,2025,0,UNK
,,,,,32.2,jahan_dotson,Jahan Dotson,WR,,2025,0,UNK
,,,,,19.0,treylon_burks,Treylon Burks,WR,,2025,0,UNK
,,,,,0.0,daxton_hill,Daxton Hill,DB,,2025,0,UNK
157.0,,,157,14,189.9,trey_mcbride,Trey McBride,TE,,2025,0,UNK
,,,,,3.2,velus_jones_jr.,Velus Jones Jr.,WR,,2025,0,UNK
130.0,,,130,11,54.5,brian_robinson,Brian Robinson,RB,,2025,0,UNK
,,,,,0.0,tycen_anderson,Tycen Anderson,SAF,,2025,0,UNK
,,,,,0.0,cam_taylor-britt,Cam Taylor-Britt,CB,,2025,0,UNK
,,,,,0.4,jelani_woods,Jelani Woods,TE,,2025,0,UNK
,,,,,0.0,travis_jones,Travis Jones,DT,,2025,0,UNK
,,,,,0.0,bernhard_raimann,Bernhard Raimann,OT,,2025,0,UNK
,,,,,0.0,cordale_flott,Cordale Flott,CB,,2025,0,UNK
,,,,,0.0,demarvin_leal,DeMarvin Leal,DE,,2025,0,UNK
,,,,,0.0,dondrea_tillman,Dondrea Tillman,LB,,2025,0,UNK
,,,,,58.5,kavontae_turpin,KaVontae Turpin,WR,,2025,0,UNK
,,,,,0.0,zachary_carter,Zachary Carter,DT,,2025,0,UNK
,,,,,23.900000000000002,jeremy_ruckert,Jeremy Ruckert,TE,,2025,0,UNK
,,,,,0.0,deangelo_malone,DeAngelo Malone,LB,,2025,0,UNK
144.0,,,144,12,68.0,chig_okonkwo,Chig Okonkwo,TE,,2025,0,UNK
,,,,,0.0,chad_muma,Chad Muma,LB,,2025,0,UNK
,,,,,0.0,abraham_lucas,Abraham Lucas,OT,,2025,0,UNK
,,,,,0.0,channing_tindall,Channing Tindall,LB,,2025,0,UNK
,,,,,0.0,luke_fortner,Luke Fortner,C,,2025,0,UNK
,,,,,0.0,cameron_thomas,Cameron Thomas,DE,,2025,0,UNK
,,,,,110.4,romeo_doubs,Romeo Doubs,WR,,2025,0,UNK
,,,,,0.0,zach_tom,Zach Tom,G,,2025,0,UNK
,,,,,0.0,zion_johnson,Zion Johnson,G,,2025,0,UNK
,,,,,0.0,leo_chenal,Leo Chenal,LB,,2025,0,UNK
,,,,,0.0,charles_cross,Charles Cross,OT,,2025,0,UNK
,,,,,0.0,christian_harris,Christian Harris,LB,,2025,0,UNK
,,,,,0.0,tyler_linderbaum,Tyler Linderbaum,C,,2025,0,UNK
,,,,,0.0,drake_jackson,Drake Jackson,DE,,2025,0,UNK
,,,,,0.0,spencer_burford,Spencer Burford,G,,2025,0,UNK
,,,,,0.0,samuel_womack,Samuel Womack,CB,,2025,0,UNK
,,,,,0.0,kalia_davis,Kalia Davis,DT,,2025,0,UNK
164.0,,,164,14,177.38,brock_purdy,Brock Purdy,QB,,2025,0,UNK
,,,,,0.0,luke_goedeke,Luke Goedeke,OT,,2025,0,UNK
,,,,,55.2,calvin_austin_iii,Calvin Austin III,WR,,2025,0,UNK
,,,,,34.7,isaiah_likely,Isaiah Likely,TE,,2025,0,UNK
,,,,,0.0,cobie_durant,Cobie Durant,CB,,2025,0,UNK
21.0,,,21,2,227.3,kyren_williams,Kyren Williams,RB,,2025,0,UNK
,,,,,0.0,quentin_lake,Quentin Lake,SAF,,2025,0,UNK
,,,,,0.0,derion_kendrick,Derion Kendrick,CB,,2025,0,UNK
,,,,,0.0,daniel_hardy,Daniel Hardy,DE,,2025,0,UNK
,,,,,0.0,kyle_hamilton,Kyle Hamilton,SAF,,2025,0,UNK
,,,,,0.0,jack_jones,Jack Jones,CB,,2025,0,UNK
,,,,,5.6000000000000005,zamir_white,Zamir White,RB,,2025,0,UNK
114.0,,,114,10,106.1,jake_ferguson,Jake Ferguson,TE,,2025,0,UNK
,,,,,0.0,joshua_williams,Joshua Williams,CB,,2025,0,UNK
,,,,,26.200000000000003,charlie_kolar,Charlie Kolar,TE,,2025,0,UNK
,,,,,9.8,skyy_moore,Skyy Moore,WR,,2025,0,UNK
,,,,,0.0,jordan_stout,Jordan Stout,P,,2025,0,UNK
,,,,,0.0,phidarian_mathis,Phidarian Mathis,DT,,2025,0,UNK
,,,,,0.0,percy_butler,Percy Butler,SAF,,2025,0,UNK
,,,,,0.0,akayleb_evans,Akayleb Evans,CB,,2025,0,UNK
,,,,,7.719999999999999,kenny_pickett,Kenny Pickett,QB,,2025,0,UNK
,,,,,0.0,cole_strange,Cole Strange,G,,2025,0,UNK
,,,,,61.800000000000004,tyquan_thornton,Tyquan Thornton,WR,,2025,0,UNK
,,,,,0.0,eyioma_uwazurike,Eyioma Uwazurike,DT,,2025,0,UNK
,,,,,0.0,micheal_clemons,Micheal Clemons,DE,,2025,0,UNK
,,,,,0.0,kyler_gordon,Kyler Gordon,CB,,2025,0,UNK
,,,,,0.0,cam_jurgens,Cam Jurgens,C,,2025,0,UNK
,,,,,0.0,max_mitchell,Max Mitchell,OT,,2025,0,UNK
,,,,,40.6,daniel_bellinger,Daniel Bellinger,TE,,2025,0,UNK
,,,,,0.0,arnold_ebiketie,Arnold Ebiketie,LB,,2025,0,UNK
127.0,,,127,11,125.9,wan'dale_robinson,Wan'Dale Robinson,WR,,2025,0,UNK
,,,,,0.0,daniel_faalele,Daniel Faalele,G,,2025,0,UNK
,,,,,0.0,jalyn_armour-davis,Jalyn Armour-Davis,CB,,2025,0,UNK
26.0,,,26,3,171.66,breece_hall,Breece Hall,RB,,2025,0,UNK
,,,,,0.0,alontae_taylor,Alontae Taylor,CB,,2025,0,UNK
,,,,,0.0,dane_belton,Dane Belton,SAF,,2025,0,UNK
,,,,,97.4,christian_watson,Christian Watson,WR,,2025,0,UNK
,,,,,0.0,roger_mccreary,Roger McCreary,CB,,2025,0,UNK
,,,,,0.0,perrion_winfrey,Perrion Winfrey,DT,,2025,0,UNK
,,,,,0.0,logan_hall,Logan Hall,DE,,2025,0,UNK
,,,,,51.18,malik_willis,Malik Willis,QB,,2025,0,UNK
,,,,,63.2,cade_otton,Cade Otton,TE,,2025,0,UNK
,,,,,0.0,ed_ingram,Ed Ingram,G,,2025,0,UNK
,,,,,0.0,boye_mafe,Boye Mafe,DE,,2025,0,UNK
29.0,,,29,3,160.9,kenneth_walker_iii,Kenneth Walker III,RB,,2025,0,UNK
,,,,,0.0,jaquan_brisker,Jaquan Brisker,SAF,,2025,0,UNK
,,,,,0.0,coby_bryant,Coby Bryant,CB,,2025,0,UNK
,,,,,0.0,david_ojabo,David Ojabo,LB,,2025,0,UNK
,,,,,0.0,lucas_havrisik,Lucas Havrisik,K,,2025,0,UNK
,,,,,0.0,josh_butler,Josh Butler,DB,,2025,0,UNK
,,,,,30.3,xavier_smith,Xavier Smith,WR,,2025,0,UNK
,,,,,0.0,alex_ward,Alex Ward,LS,,2025,0,UNK
,,,,,0.0,tanner_ingle,Tanner Ingle,SAF,,2025,0,UNK
,,,,,0.0,kyu_blu_kelly,Kyu Blu Kelly,CB,,2025,0,UNK
,,,,,0.0,andrew_vorhees,Andrew Vorhees,G,,2025,0,UNK
,,,,,0.0,jalen_carter,Jalen Carter,DT,,2025,0,UNK
,,,,,0.0,colby_wooden,Colby Wooden,DE,,2025,0,UNK
,,,,,0.0,noah_sewell,Noah Sewell,LB,,2025,0,UNK
,,,,,0.0,daniel_scott,Daniel Scott,SAF,,2025,0,UNK
,,,,,45.800000000000004,dontayvion_wicks,Dontayvion Wicks,WR,,2025,0,UNK
,,,,,1.6,will_mallory,Will Mallory,TE,,2025,0,UNK
,,,,,0.0,eric_gray,Eric Gray,RB,,2025,0,UNK
,,,,,5.4,evan_hull,Evan Hull,RB,,2025,0,UNK
,,,,,0.0,karl_brooks,Karl Brooks,DT,,2025,0,UNK
,,,,,0.0,zaire_barnes,Zaire Barnes,LB,,2025,0,UNK
,,,,,13.760000000000002,tanner_mckee,Tanner McKee,QB,,2025,0,UNK
,,,,,0.0,jarrick_bernard-converse,Jarrick Bernard-Converse,CB,,2025,0,UNK
,,,,,0.0,carrington_valentine,Carrington Valentine,DB,,2025,0,UNK
,,,,,0.0,lew_nichols_iii,Lew Nichols III,RB,,2025,0,UNK
,,,,,0.0,moro_ojomo,Moro Ojomo,DT,,2025,0,UNK
,,,,,0.0,kendall_williamson,Kendall Williamson,SAF,,2025,0,UNK
,,,,,2.58,tyson_bagent,Tyson Bagent,QB,,2025,0,UNK
,,,,,0.0,andre_szmyt,Andre Szmyt,K,,2025,0,UNK
,,,,,25.200000000000003,zavier_scott,Zavier Scott,RB,,2025,0,UNK
,,,,,46.400000000000006,keaton_mitchell,Keaton Mitchell,RB,,2025,0,UNK
,,,,,0.0,travis_vokolek,Travis Vokolek,TE,,2025,0,UNK
,,,,,0.6000000000000001,owen_wright,Owen Wright,RB,,2025,0,UNK
,,,,,0.0,brenton_cox_jr.,Brenton Cox Jr.,DE,,2025,0,UNK
,,,,,8.6,malik_heath,Malik Heath,WR,,2025,0,UNK
,,,,,0.0,brady_russell,Brady Russell,RB,,2025,0,UNK
,,,,,0.0,jason_brownlee,Jason Brownlee,WR,,2025,0,UNK
,,,,,0.0,claudin_cherelus,Claudin Cherelus,LB,,2025,0,UNK
,,,,,0.6000000000000001,xavier_gipson,Xavier Gipson,WR,,2025,0,UNK
,,,,,0.0,e.j._jenkins,E.J. Jenkins,TE,,2025,0,UNK
,,,,,0.0,trenton_simpson,Trenton Simpson,LB,,2025,0,UNK
,,,,,0.0,tavius_robinson,Tavius Robinson,LB,,2025,0,UNK
,,,,,0.0,jordon_riley,Jordon Riley,DT,,2025,0,UNK
,,,,,0.0,cam_jones,Cam Jones,LB,,2025,0,UNK
,,,,,0.0,truman_jones,Truman Jones,DE,,2025,0,UNK
,,,,,3.2,nikko_remigio,Nikko Remigio,WR,,2025,0,UNK
,,,,,0.0,reese_taylor,Reese Taylor,DB,,2025,0,UNK
,,,,,0.0,dj_johnson,DJ Johnson,DE,,2025,0,UNK
,,,,,0.0,chandler_zavala,Chandler Zavala,G,,2025,0,UNK
,,,,,0.0,paris_johnson_jr.,Paris Johnson Jr.,OT,,2025,0,UNK
,,,,,0.0,tyree_wilson,Tyree Wilson,DE,,2025,0,UNK
4.0,,,4,1,291.8,bijan_robinson,Bijan Robinson,RB,,2025,0,UNK
22.0,,,22,2,240.9,jaxon_smith-njigba,Jaxon Smith-Njigba,WR,,2025,0,UNK
,,,,,120.2,quentin_johnston,Quentin Johnston,WR,,2025,0,UNK
,,,,,0.0,mazi_smith,Mazi Smith,DT,,2025,0,UNK
,,,,,0.0,myles_murphy,Myles Murphy,DE,,2025,0,UNK
,,,,,13.200000000000001,luke_schoonmaker,Luke Schoonmaker,TE,,2025,0,UNK
,,,,,0.0,o'cyrus_torrence,O'Cyrus Torrence,G,,2025,0,UNK
,,,,,0.0,dj_turner_ii,DJ Turner II,CB,,2025,0,UNK
,,,,,28.3,kendre_miller,Kendre Miller,RB,,2025,0,UNK
,,,,,0.0,riley_moss,Riley Moss,CB,,2025,0,UNK
,,,,,0.0,daiyan_henley,Daiyan Henley,LB,,2025,0,UNK
,,,,,0.0,ji'ayir_brown,Ji'Ayir Brown,SAF,,2025,0,UNK
97.0,,,97,9,50.800000000000004,tank_bigsby,Tank Bigsby,RB,,2025,0,UNK
,,,,,0.0,demarvion_overshown,DeMarvion Overshown,LB,,2025,0,UNK
,,,,,0.0,dorian_williams,Dorian Williams,LB,,2025,0,UNK
,,,,,42.4,darnell_washington,Darnell Washington,TE,,2025,0,UNK
,,,,,142.60000000000002,michael_wilson,Michael Wilson,WR,,2025,0,UNK
,,,,,0.0,jordan_battle,Jordan Battle,SAF,,2025,0,UNK
,,,,,0.0,jake_moody,Jake Moody,K,,2025,0,UNK
,,,,,104.7,tre_tucker,Tre Tucker,WR,,2025,0,UNK
,,,,,0.0,cameron_latu,Cameron Latu,TE,,2025,0,UNK
,,,,,0.0,mekhi_blackmon,Mekhi Blackmon,DB,,2025,0,UNK
,,,,,0.0,chad_ryland,Chad Ryland,K,,2025,0,UNK
,,,,,0.0,clark_phillips_iii,Clark Phillips III,CB,,2025,0,UNK
,,,,,0.0,ventrell_miller,Ventrell Miller,LB,,2025,0,UNK
,,,,,0.0,jon_gaines_ii,Jon Gaines II,G,,2025,0,UNK
,,,,,1.5,derius_davis,Derius Davis,WR,,2025,0,UNK
,,,,,0.0,isaiah_mcguire,Isaiah McGuire,DE,,2025,0,UNK
,,,,,6.0,charlie_jones,Charlie Jones,WR,,2025,0,UNK
,,,,,0.0,nick_herbig,Nick Herbig,LB,,2025,0,UNK
,,,,,0.0,jay_ward,Jay Ward,SAF,,2025,0,UNK
,,,,,4.78,aidan_o'connell,Aidan O'Connell,QB,,2025,0,UNK
,,,,,0.0,yasir_abdullah,Yasir Abdullah,LB,,2025,0,UNK
,,,,,1.9800000000000002,clayton_tune,Clayton Tune,QB,,2025,0,UNK
,,,,,0.0,cameron_mitchell,Cameron Mitchell,DB,,2025,0,UNK
,,,,,0.0,atonio_mafi,Atonio Mafi,G,,2025,0,UNK
,,,,,0.0,jammie_robinson,Jammie Robinson,SAF,,2025,0,UNK
,,,,,0.0,jordan_howden,Jordan Howden,SAF,,2025,0,UNK
,,,,,9.6,josh_whyle,Josh Whyle,TE,,2025,0,UNK
,,,,,0.0,justin_shorter,Justin Shorter,TE,,2025,0,UNK
,,,,,0.0,mike_morris,Mike Morris,DE,,2025,0,UNK
,,,,,0.0,olu_oluwatimi,Olu Oluwatimi,C,,2025,0,UNK
,,,,,0.0,darrell_luter_jr.,Darrell Luter Jr.,CB,,2025,0,UNK
,,,,,0.0,antonio_johnson,Antonio Johnson,SAF,,2025,0,UNK
19.0,,,19,2,213.6,chase_brown,Chase Brown,RB,,2025,0,UNK
,,,,,0.0,henry_to'oto'o,Henry To'oTo'o,LB,,2025,0,UNK
,,,,,0.0,owen_pappoe,Owen Pappoe,LB,,2025,0,UNK
,,,,,0.0,asim_richards,Asim Richards,OT,,2025,0,UNK
,,,,,0.0,chris_smith_ii,Chris Smith II,S,,2025,0,UNK
,,,,,0.0,robert_beal_jr.,Robert Beal Jr.,DE,,2025,0,UNK
,,,,,0.0,jl_skinner,JL Skinner,SAF,,2025,0,UNK
,,,,,126.7,parker_washington,Parker Washington,WR,,2025,0,UNK
,,,,,91.1,kayshon_boutte,Kayshon Boutte,WR,,2025,0,UNK
,,,,,0.0,luke_wypler,Luke Wypler,C,,2025,0,UNK
,,,,,0.0,bryce_baringer,Bryce Baringer,P,,2025,0,UNK
116.0,,,116,10,89.0,chris_rodriguez_jr.,Chris Rodriguez Jr.,RB,,2025,0,UNK
,,,,,0.0,jerrick_reed_ii,Jerrick Reed II,SAF,,2025,0,UNK
,,,,,7.2,scott_matlock,Scott Matlock,DT,,2025,0,UNK
,,,,,0.0,jarrett_patterson,Jarrett Patterson,C,,2025,0,UNK
,,,,,0.0,christian_braswell,Christian Braswell,CB,,2025,0,UNK
,,,,,63.0,xavier_hutchinson,Xavier Hutchinson,WR,,2025,0,UNK
,,,,,56.900000000000006,andrei_iosivas,Andrei Iosivas,WR,,2025,0,UNK
,,,,,0.0,erick_hallett,Erick Hallett,SAF,,2025,0,UNK
,,,,,64.80000000000001,demario_douglas,DeMario Douglas,WR,,2025,0,UNK
,,,,,0.0,dante_stills,Dante Stills,DT,,2025,0,UNK
,,,,,0.0,ameer_speed,Ameer Speed,CB,,2025,0,UNK
,,,,,0.0,dee_winters,Dee Winters,LB,,2025,0,UNK
,,,,,0.0,brad_robbins,Brad Robbins,P,,2025,0,UNK
,,,,,0.0,demarcco_hellams,DeMarcco Hellams,SAF,,2025,0,UNK
,,,,,0.0,andre_jones_jr.,Andre Jones Jr.,LB,,2025,0,UNK
,,,,,5.1000000000000005,jalen_brooks,Jalen Brooks,WR,,2025,0,UNK
,,,,,0.0,d.j._ivey,D.J. Ivey,CB,,2025,0,UNK
,,,,,0.0,brayden_willis,Brayden Willis,TE,,2025,0,UNK
,,,,,0.4,spencer_anderson,Spencer Anderson,G,,2025,0,UNK
,,,,,0.0,alex_austin,Alex Austin,CB,,2025,0,UNK
,,,,,8.3,ronnie_bell,Ronnie Bell,WR,,2025,0,UNK
,,,,,0.0,jalen_graham,Jalen Graham,LB,,2025,0,UNK
,,,,,0.0,cory_durden,Cory Durden,DT,,2025,0,UNK
,,,,,-0.1,adrian_martinez,Adrian Martinez,QB,,2025,0,UNK
,,,,,0.0,trevor_nowaske,Trevor Nowaske,LB,,2025,0,UNK
,,,,,0.0,jordan_mims,Jordan Mims,RB,,2025,0,UNK
,,,,,30.5,tyrell_shavers,Tyrell Shavers,WR,,2025,0,UNK
,,,,,0.0,ethan_bonner,Ethan Bonner,CB,,2025,0,UNK
,,,,,19.700000000000003,chris_brooks,Chris Brooks,RB,,2025,0,UNK
,,,,,0.0,brandon_pili,Brandon Pili,DT,,2025,0,UNK
,,,,,0.0,keidron_smith,Keidron Smith,DB,,2025,0,UNK
,,,,,0.0,kendell_brooks,Kendell Brooks,SAF,,2025,0,UNK
,,,,,45.300000000000004,emari_demercado,Emari Demercado,RB,,2025,0,UNK
,,,,,0.4,blake_whiteheart,Blake Whiteheart,TE,,2025,0,UNK
,,,,,0.0,mohamoud_diabate,Mohamoud Diabate,LB,,2025,0,UNK
,,,,,0.0,ronnie_hickman_jr.,Ronnie Hickman Jr.,SAF,,2025,0,UNK
,,,,,16.0,julian_hill,Julian Hill,TE,,2025,0,UNK
,,,,,0.0,ali_gaye,Ali Gaye,DE,,2025,0,UNK
,,,,,2.0,jared_wayne,Jared Wayne,WR,,2025,0,UNK
,,,,,0.0,tj_bass,TJ Bass,OT,,2025,0,UNK
,,,,,0.0,princeton_fant,Princeton Fant,TE,,2025,0,UNK
,,,,,24.0,hunter_luepke,Hunter Luepke,RB,,2025,0,UNK
,,,,,0.0,jalen_moreno-cropper,Jalen Moreno-Cropper,WR,,2025,0,UNK
,,,,,0.0,tyrus_wheat,Tyrus Wheat,DE,,2025,0,UNK
,,,,,2.0,jake_bobo,Jake Bobo,WR,,2025,0,UNK
,,,,,0.0,patrick_o'connell,Patrick O'Connell,LB,,2025,0,UNK
,,,,,0.0,ty_okada,Ty Okada,SAF,,2025,0,UNK
,,,,,0.0,chris_stoll,Chris Stoll,LS,,2025,0,UNK
,,,,,0.0,jalen_redmond,Jalen Redmond,DL,,2025,0,UNK
,,,,,0.0,eku_leota,Eku Leota,LB,,2025,0,UNK
,,,,,10.8,nate_adkins,Nate Adkins,TE,,2025,0,UNK
,,,,,0.0,art_green,Art Green,CB,,2025,0,UNK
,,,,,0.0,thomas_incoom,Thomas Incoom,LB,,2025,0,UNK
,,,,,27.400000000000002,jaleel_mclaughlin,Jaleel McLaughlin,RB,,2025,0,UNK
,,,,,0.0,pj_mustipher,PJ Mustipher,DT,,2025,0,UNK
,,,,,0.0,alex_palczewski,Alex Palczewski,OT,,2025,0,UNK
,,,,,79.5,emanuel_wilson,Emanuel Wilson,RB,,2025,0,UNK
,,,,,0.0,ivan_pace_jr.,Ivan Pace Jr.,LB,,2025,0,UNK
,,,,,3.0,ben_sims,Ben Sims,TE,,2025,0,UNK
,,,,,0.0,evan_deckers,Evan Deckers,LS,,2025,0,UNK
,,,,,0.0,luke_haggard,Luke Haggard,OT,,2025,0,UNK
,,,,,0.0,christian_izien,Christian Izien,SAF,,2025,0,UNK
,,,,,0.0,kaevon_merriweather,Kaevon Merriweather,SAF,,2025,0,UNK
,,,,,9.4,ryan_miller,Ryan Miller,WR,,2025,0,UNK
,,,,,23.6,mitchell_tinsley,Mitchell Tinsley,WR,,2025,0,UNK
,,,,,16.0,brycen_tremayne,Brycen Tremayne,WR,,2025,0,UNK
,,,,,0.0,nick_whiteside,Nick Whiteside,DB,,2025,0,UNK
,,,,,0.0,caleb_murphy,Caleb Murphy,LB,,2025,0,UNK
,,,,,0.0,john_ojukwu,John Ojukwu,OT,,2025,0,UNK
,,,,,0.0,d'shawn_jamison,D'Shawn Jamison,DB,,2025,0,UNK
,,,,,0.0,shaka_heyward,Shaka Heyward,LB,,2025,0,UNK
,,,,,11.9,shedrick_jackson,Shedrick Jackson,WR,,2025,0,UNK
,,,,,1.1,jacob_saylors,Jacob Saylors,RB,,2025,0,UNK
,,,,,0.0,blake_grupe,Blake Grupe,K,,2025,0,UNK
,,,,,0.1,malik_cunningham,Malik Cunningham,WR,,2025,0,UNK
,,,,,0.0,drake_thomas,Drake Thomas,LB,,2025,0,UNK
,,,,,0.0,darnell_wright,Darnell Wright,OT,,2025,0,UNK
117.0,,,117,10,87.1,dalton_kincaid,Dalton Kincaid,TE,,2025,0,UNK
,,,,,0.0,anton_harrison,Anton Harrison,OT,,2025,0,UNK
,,,,,72.0,brenton_strange,Brenton Strange,TE,,2025,0,UNK
,,,,,0.0,juice_scruggs,Juice Scruggs,C,,2025,0,UNK
,,,,,0.0,zacch_pickens,Zacch Pickens,DT,,2025,0,UNK
,,,,,3.5,jalin_hyatt,Jalin Hyatt,WR,,2025,0,UNK
,,,,,0.0,tyler_lacy,Tyler Lacy,DE,,2025,0,UNK
,,,,,83.4,sean_tucker,Sean Tucker,RB,,2025,0,UNK
,,,,,4.2,dylan_drummond,Dylan Drummond,WR,,2025,0,UNK
,,,,,0.0,markees_watts,Markees Watts,LB,,2025,0,UNK
,,,,,0.0,natrone_brooks,Natrone Brooks,DB,,2025,0,UNK
,,,,,58.0,marvin_mims_jr.,Marvin Mims Jr.,WR,,2025,0,UNK
,,,,,0.0,byron_young,Byron Young,LB,,2025,0,UNK
125.0,,,125,11,39.0,cedric_tillman,Cedric Tillman,WR,,2025,0,UNK
,,,,,0.0,zach_harrison,Zach Harrison,DE,,2025,0,UNK
,,,,,0.0,wanya_morris,Wanya Morris,OT,,2025,0,UNK
,,,,,0.0,chamarri_conner,Chamarri Conner,DB,,2025,0,UNK
,,,,,0.0,kei'trel_clark,Kei'Trel Clark,CB,,2025,0,UNK
,,,,,0.0,nic_jones,Nic Jones,CB,,2025,0,UNK
79.0,,,79,7,93.10000000000001,jordan_addison,Jordan Addison,WR,,2025,0,UNK
,,,,,0.0,bryan_bresee,Bryan Bresee,DT,,2025,0,UNK
67.0,,,67,6,85.2,tucker_kraft,Tucker Kraft,TE,,2025,0,UNK
95.0,,,95,8,80.4,josh_downs,Josh Downs,WR,,2025,0,UNK
,,,,,6.0,deonte_banks,Deonte Banks,CB,,2025,0,UNK
,,,,,0.0,tyler_steen,Tyler Steen,OT,,2025,0,UNK
,,,,,6.0,sydney_brown,Sydney Brown,SAF,,2025,0,UNK
,,,,,0.0,garrett_williams,Garrett Williams,CB,,2025,0,UNK
,,,,,0.0,dylan_horton,Dylan Horton,DE,,2025,0,UNK
,,,,,0.0,nolan_smith,Nolan Smith,LB,,2025,0,UNK
,,,,,0.0,dawand_jones,Dawand Jones,OT,,2025,0,UNK
,,,,,0.0,jack_campbell,Jack Campbell,LB,,2025,0,UNK
,,,,,0.0,john_michael_schmitz,John Michael Schmitz,C,,2025,0,UNK
,,,,,0.0,anthony_bradford,Anthony Bradford,G,,2025,0,UNK
,,,,,1.7000000000000002,roschon_johnson,Roschon Johnson,RB,,2025,0,UNK
,,,,,0.0,jake_andrews,Jake Andrews,C,,2025,0,UNK
,,,,,0.0,adetomiwa_adebawore,Adetomiwa Adebawore,DT,,2025,0,UNK
,,,,,66.7,tyjae_spears,Tyjae Spears,RB,,2025,0,UNK
,,,,,0.0,peter_skoronski,Peter Skoronski,OT,,2025,0,UNK
175.0,,,175,15,255.8,de'von_achane,De'Von Achane,RB,,2025,0,UNK
,,,,,28.1,elijah_higgins,Elijah Higgins,TE,,2025,0,UNK
,,,,,0.0,derick_hall,Derick Hall,LB,,2025,0,UNK
,,,,,0.0,matthew_bergeron,Matthew Bergeron,OL,,2025,0,UNK
,,,,,0.0,sirvocea_dennis,SirVocea Dennis,LB,,2025,0,UNK
,,,,,1.1,payne_durham,Payne Durham,TE,,2025,0,UNK
,,,,,0.0,josh_hayes,Josh Hayes,DB,,2025,0,UNK
,,,,,0.0,marte_mapu,Marte Mapu,LB,,2025,0,UNK
,,,,,0.0,steve_avila,Steve Avila,G,,2025,0,UNK
,,,,,0.0,ethan_evans,Ethan Evans,P,,2025,0,UNK
,,,,,0.0,desjuan_johnson,Desjuan Johnson,DE,,2025,0,UNK
,,,,,2.5,jonathan_mingo,Jonathan Mingo,WR,,2025,0,UNK
,,,,,0.0,calijah_kancey,Calijah Kancey,DT,,2025,0,UNK
45.0,,,45,4,157.3,zay_flowers,Zay Flowers,WR,,2025,0,UNK
47.0,,,47,4,66.9,sam_laporta,Sam LaPorta,TE,,2025,0,UNK
,,,,,38.800000000000004,michael_mayer,Michael Mayer,TE,,2025,0,UNK
56.0,,,56,5,97.1,rashee_rice,Rashee Rice,WR,,2025,0,UNK
,,,,,0.0,yaya_diaby,Yaya Diaby,LB,,2025,0,UNK
,,,,,0.0,gervon_dexter_sr.,Gervon Dexter Sr.,DT,,2025,0,UNK
,,,,,0.0,tyrique_stevenson,Tyrique Stevenson,CB,,2025,0,UNK
,,,,,0.0,jakorian_bennett,Jakorian Bennett,DB,,2025,0,UNK
,,,,,38.8,davis_allen,Davis Allen,TE,,2025,0,UNK
177.0,,,177,15,246.0,puka_nacua,Puka Nacua,WR,,2025,0,UNK
,,,,,0.0,nick_hampton,Nick Hampton,LB,,2025,0,UNK
,,,,,0.0,will_anderson_jr.,Will Anderson Jr.,DE,,2025,0,UNK
,,,,,0.0,broderick_jones,Broderick Jones,OT,,2025,0,UNK
,,,,,0.0,keeanu_benton,Keeanu Benton,DT,,2025,0,UNK
,,,,,0.0,tuli_tuipulotu,Tuli Tuipulotu,LB,,2025,0,UNK
,,,,,0.0,lukas_van_ness,Lukas Van Ness,LB,,2025,0,UNK
,,,,,0.0,kobie_turner,Kobie Turner,DE,,2025,0,UNK
6.0,,,6,1,289.9,jahmyr_gibbs,Jahmyr Gibbs,RB,,2025,0,UNK
,,,,,0.0,kelee_ringo,Kelee Ringo,CB,,2025,0,UNK
,,,,,0.0,brian_branch,Brian Branch,CB,,2025,0,UNK
,,,,,6.0,will_mcdonald_iv,Will McDonald IV,DE,,2025,0,UNK
,,,,,0.0,isaiah_foskey,Isaiah Foskey,DE,,2025,0,UNK
,,,,,25.200000000000003,luke_musgrave,Luke Musgrave,TE,,2025,0,UNK
,,,,,0.0,joe_tippmann,Joe Tippmann,C,,2025,0,UNK
106.0,,,106,9,29.5,jayden_reed,Jayden Reed,WR,,2025,0,UNK
,,,,,0.0,christian_gonzalez,Christian Gonzalez,CB,,2025,0,UNK
,,,,,0.0,keion_white,Keion White,DE,,2025,0,UNK
,,,,,0.0,quan_martin,Quan Martin,SAF,,2025,0,UNK
105.0,,,105,9,218.04,bryce_young,Bryce Young,QB,,2025,0,UNK
,,,,,0.0,emmanuel_forbes,Emmanuel Forbes,CB,,2025,0,UNK
,,,,,0.0,bj_ojulari,BJ Ojulari,LB,,2025,0,UNK
,,,,,0.0,julius_brents,Julius Brents,CB,,2025,0,UNK
,,,,,0.0,cody_mauch,Cody Mauch,G,,2025,0,UNK
85.0,,,85,8,208.54,c.j._stroud,C.J. Stroud,QB,,2025,0,UNK
,,,,,1.1600000000000001,anthony_richardson,Anthony Richardson,QB,,2025,0,UNK
76.0,,,76,7,161.4,zach_charbonnet,Zach Charbonnet,RB,,2025,0,UNK
,,,,,0.0,joey_porter_jr.,Joey Porter Jr.,CB,,2025,0,UNK
,,,,,0.0,devon_witherspoon,Devon Witherspoon,CB,,2025,0,UNK
,,,,,0.0,jake_bates,Jake Bates,K,,2025,0,UNK
,,,,,0.0,chukwuebuka_godrick,Chukwuebuka Godrick,OT,,2025,0,UNK
,,,,,0.0,basil_okoye,Basil Okoye,DT,,2025,0,UNK
,,,,,0.0,austin_ajiake,Austin Ajiake,LB,,2025,0,UNK
,,,,,0.0,durell_nchami,Durell Nchami,DE,,2025,0,UNK
,,,,,0.0,charlie_smyth,Charlie Smyth,K,,2025,0,UNK
,,,,,0.0,nate_wiggins,Nate Wiggins,CB,,2025,0,UNK
,,,,,0.0,roger_rosengarten,Roger Rosengarten,OT,,2025,0,UNK
,,,,,0.0,t.j._tampa,T.J. Tampa,CB,,2025,0,UNK
,,,,,0.0,sanoussi_kane,Sanoussi Kane,SAF,,2025,0,UNK
,,,,,0.0,beau_brade,Beau Brade,SAF,,2025,0,UNK
,,,,,0.2,kendall_milton,Kendall Milton,RB,,2025,0,UNK
,,,,,0.0,andre'_sam,Andre' Sam,SAF,,2025,0,UNK
,,,,,0.0,braiden_mcgregor,Braiden McGregor,DE,,2025,0,UNK
,,,,,0.0,jarius_monroe,Jarius Monroe,SAF,,2025,0,UNK
,,,,,0.0,jackson_sirmon,Jackson Sirmon,LB,,2025,0,UNK
,,,,,0.0,leonard_taylor_iii,Leonard Taylor III,DT,,2025,0,UNK
,,,,,0.0,eric_watts,Eric Watts,DE,,2025,0,UNK
,,,,,0.0,shemar_bartholomew,Shemar Bartholomew,CB,,2025,0,UNK
,,,,,18.8,george_holani,George Holani,RB,,2025,0,UNK
,,,,,0.0,jack_westover,Jack Westover,FB,,2025,0,UNK
,,,,,0.0,byron_murphy_ii,Byron Murphy II,DT,,2025,0,UNK
,,,,,0.0,miles_battle,Miles Battle,CB,,2025,0,UNK
,,,,,0.0,swayze_bozeman,Swayze Bozeman,LB,,2025,0,UNK
,,,,,0.0,ryan_rehkow,Ryan Rehkow,P,,2025,0,UNK
,,,,,0.0,christian_roland-wallace,Christian Roland-Wallace,CB,,2025,0,UNK
,,,,,0.0,c.j._ravenell,C.J. Ravenell,DE,,2025,0,UNK
,,,,,0.0,brandon_codrington,Brandon Codrington,CB,,2025,0,UNK
160.0,,,160,14,39.1,malik_nabers,Malik Nabers,WR,,2025,0,UNK
161.0,,,161,14,112.2,brock_bowers,Brock Bowers,TE,,2025,0,UNK
,,,,,0.0,taliese_fuaga,Taliese Fuaga,OT,,2025,0,UNK
,,,,,0.0,laiatu_latu,Laiatu Latu,DE,,2025,0,UNK
,,,,,0.0,tyler_guyton,Tyler Guyton,OT,,2025,0,UNK
135.0,,,135,12,54.300000000000004,xavier_legette,Xavier Legette,WR,,2025,0,UNK
,,,,,0.0,kamari_lassiter,Kamari Lassiter,CB,,2025,0,UNK
,,,,,0.0,renardo_green,Renardo Green,CB,,2025,0,UNK
,,,,,0.0,trevin_wallace,Trevin Wallace,LB,,2025,0,UNK
,,,,,0.0,cooper_beebe,Cooper Beebe,G,,2025,0,UNK
,,,,,0.0,dj_glaze,DJ Glaze,OT,,2025,0,UNK
,,,,,0.0,dominick_puni,Dominick Puni,OT,,2025,0,UNK
,,,,,0.0,marist_liufau,Marist Liufau,LB,,2025,0,UNK
,,,,,0.0,jarrian_jones,Jarrian Jones,CB,,2025,0,UNK
,,,,,0.0,mckinnley_jackson,McKinnley Jackson,DT,,2025,0,UNK
,,,,,40.3,luke_mccaffrey,Luke McCaffrey,WR,,2025,0,UNK
,,,,,25.0,ja'tavion_sanders,Ja'Tavion Sanders,TE,,2025,0,UNK
,,,,,0.0,decamerion_richardson,Decamerion Richardson,CB,,2025,0,UNK
,,,,,0.0,mason_mccormick,Mason McCormick,G,,2025,0,UNK
,,,,,7.9,cade_stover,Cade Stover,TE,,2025,0,UNK
,,,,,0.0,malik_mustapha,Malik Mustapha,SAF,,2025,0,UNK
17.0,,,17,2,108.5,bucky_irving,Bucky Irving,RB,,2025,0,UNK
,,,,,0.0,isaac_guerendo,Isaac Guerendo,RB,,2025,0,UNK
,,,,,0.4,sione_vaki,Sione Vaki,RB,,2025,0,UNK
,,,,,0.0,tarheeb_still,Tarheeb Still,CB,,2025,0,UNK
,,,,,0.0,jordan_magee,Jordan Magee,LB,,2025,0,UNK
,,,,,0.0,cam_hart,Cam Hart,CB,,2025,0,UNK
,,,,,0.0,jd_bertrand,JD Bertrand,LB,,2025,0,UNK
,,,,,0.0,kris_abrams-draine,Kris Abrams-Draine,CB,,2025,0,UNK
,,,,,0.0,jarvis_brownlee_jr.,Jarvis Brownlee Jr.,DB,,2025,0,UNK
,,,,,36.1,audric_estimé,Audric Estimé,RB,,2025,0,UNK
,,,,,0.0,tommy_eichenberg,Tommy Eichenberg,LB,,2025,0,UNK
,,,,,0.0,josh_newton,Josh Newton,CB,,2025,0,UNK
,,,,,98.14,spencer_rattler,Spencer Rattler,QB,,2025,0,UNK
,,,,,0.0,jaylon_carlies,Jaylon Carlies,LB,,2025,0,UNK
,,,,,10.700000000000001,jamari_thrash,Jamari Thrash,WR,,2025,0,UNK
,,,,,0.0,chau_smith-wade,Chau Smith-Wade,CB,,2025,0,UNK
,,,,,0.0,jaylin_simpson,Jaylin Simpson,CB,,2025,0,UNK
53.0,,,53,5,124.80000000000001,tyrone_tracy_jr.,Tyrone Tracy Jr.,RB,,2025,0,UNK
,,,,,0.0,caelen_carson,Caelen Carson,DB,,2025,0,UNK
,,,,,0.0,jaylan_ford,Jaylan Ford,LB,,2025,0,UNK
,,,,,0.0,logan_lee,Logan Lee,DT,,2025,0,UNK
,,,,,101.9,kimani_vidal,Kimani Vidal,RB,,2025,0,UNK
,,,,,9.4,casey_washington,Casey Washington,WR,,2025,0,UNK
,,,,,0.0,jamal_hill,Jamal Hill,LB,,2025,0,UNK
,,,,,0.0,mekhi_wingo,Mekhi Wingo,DT,,2025,0,UNK
,,,,,10.32,joe_milton_iii,Joe Milton III,QB,,2025,0,UNK
,,,,,0.0,zion_logue,Zion Logue,DT,,2025,0,UNK
,,,,,0.0,khristian_boyd,Khristian Boyd,DT,,2025,0,UNK
,,,,,0.0,jaden_crumedy,Jaden Crumedy,DT,,2025,0,UNK
,,,,,0.0,will_reichard,Will Reichard,K,,2025,0,UNK
,,,,,22.700000000000003,jawhar_jordan,Jawhar Jordan,RB,,2025,0,UNK
,,,,,2.7,dylan_laube,Dylan Laube,RB,,2025,0,UNK
,,,,,0.0,christian_mahogany,Christian Mahogany,G,,2025,0,UNK
,,,,,0.0,cam_little,Cam Little,K,,2025,0,UNK
,,,,,74.0,ryan_flournoy,Ryan Flournoy,WR,,2025,0,UNK
,,,,,0.0,elijah_klein,Elijah Klein,G,,2025,0,UNK
,,,,,0.0,javontae_jean-baptiste,Javontae Jean-Baptiste,LB,,2025,0,UNK
,,,,,0.0,daijahn_anthony,Daijahn Anthony,SAF,,2025,0,UNK
,,,,,0.0,jaden_davis,Jaden Davis,DB,,2025,0,UNK
,,,,,0.0,myles_harden,Myles Harden,CB,,2025,0,UNK
,,,,,0.0,michael_jurgens,Michael Jurgens,G,,2025,0,UNK
,,,,,0.0,levi_drake_rodriguez,Levi Drake Rodriguez,DL,,2025,0,UNK
,,,,,0.0,nathan_thomas,Nathan Thomas,OT,,2025,0,UNK
,,,,,0.0,jonah_laulu,Jonah Laulu,DT,,2025,0,UNK
,,,,,41.3,devaughn_vele,Devaughn Vele,WR,,2025,0,UNK
,,,,,0.0,james_williams,James Williams,LB,,2025,0,UNK
,,,,,0.0,jowon_briggs,Jowon Briggs,DE,,2025,0,UNK
,,,,,0.0,tatum_bethune,Tatum Bethune,LB,,2025,0,UNK
,,,,,0.0,jaylen_harrell,Jaylen Harrell,DE,,2025,0,UNK
,,,,,0.0,kingsley_eguakun,Kingsley Eguakun,C,,2025,0,UNK
,,,,,0.0,hogan_hatten,Hogan Hatten,LS,,2025,0,UNK
,,,,,0.0,loren_strickland,Loren Strickland,SAF,,2025,0,UNK
,,,,,34.7,isaiah_williams,Isaiah Williams,WR,,2025,0,UNK
,,,,,4.800000000000001,brenden_bates,Brenden Bates,TE,,2025,0,UNK
,,,,,0.0,theo_benedet,Theo Benedet,OL,,2025,0,UNK
,,,,,0.0,carl_jones,Carl Jones,LB,,2025,0,UNK
,,,,,0.0,reddy_steward,Reddy Steward,DB,,2025,0,UNK
,,,,,0.0,jordan_colbert,Jordan Colbert,SAF,,2025,0,UNK
,,,,,0.0,storm_duck,Storm Duck,CB,,2025,0,UNK
,,,,,0.0,isaiah_johnson,Isaiah Johnson,CB,,2025,0,UNK
,,,,,0.0,andrew_meyer,Andrew Meyer,C,,2025,0,UNK
,,,,,0.0,hayden_rucci,Hayden Rucci,TE,,2025,0,UNK
,,,,,57.400000000000006,jalen_coker,Jalen Coker,WR,,2025,0,UNK
,,,,,0.0,harrison_mevis,Harrison Mevis,K,,2025,0,UNK
,,,,,0.0,chris_edmonds,Chris Edmonds,SAF,,2025,0,UNK
,,,,,6.7,xavier_weaver,Xavier Weaver,WR,,2025,0,UNK
,,,,,15.0,brevyn_spann-ford,Brevyn Spann-Ford,TE,,2025,0,UNK
,,,,,0.0,will_putnam,Will Putnam,C,,2025,0,UNK
,,,,,0.0,frank_crum,Frank Crum,OT,,2025,0,UNK
,,,,,0.0,spencer_shrader,Spencer Shrader,K,,2025,0,UNK
,,,,,-0.08,kedon_slovis,Kedon Slovis,QB,,2025,0,UNK
,,,,,0.0,dalton_tucker,Dalton Tucker,G,,2025,0,UNK
,,,,,13.7,kameron_johnson,Kameron Johnson,WR,,2025,0,UNK
,,,,,0.0,rashad_wisdom,Rashad Wisdom,SAF,,2025,0,UNK
,,,,,0.0,demani_richardson,Demani Richardson,SAF,,2025,0,UNK
,,,,,7.800000000000001,british_brooks,British Brooks,RB,,2025,0,UNK
,,,,,0.0,rico_payton,Rico Payton,CB,,2025,0,UNK
,,,,,0.0,isaiah_stalbird,Isaiah Stalbird,LB,,2025,0,UNK
,,,,,9.4,mason_tipton,Mason Tipton,WR,,2025,0,UNK
,,,,,0.7000000000000001,cam_grandy,Cam Grandy,TE,,2025,0,UNK
,,,,,0.0,pj_jules,PJ Jules,SAF,,2025,0,UNK
,,,,,0.12,austin_mcnamara,Austin McNamara,P,,2025,0,UNK
,,,,,0.0,maema_njongmeta,Maema Njongmeta,LB,,2025,0,UNK
,,,,,9.0,david_martin-robinson,David Martin-Robinson,TE,,2025,0,UNK
,,,,,0.8,bryce_oliver,Bryce Oliver,WR,,2025,0,UNK
,,,,,0.0,thomas_harper,Thomas Harper,SAF,,2025,0,UNK
,,,,,0.0,chigozie_anusiem,Chigozie Anusiem,DB,,2025,0,UNK
,,,,,0.0,tyler_owens,Tyler Owens,DB,,2025,0,UNK
,,,,,1.8,colson_yankoff,Colson Yankoff,TE,,2025,0,UNK
,,,,,0.0,dell_pettus,Dell Pettus,SAF,,2025,0,UNK
,,,,,0.0,jeshaun_jones,Jeshaun Jones,WR,,2025,0,UNK
,,,,,0.0,dwight_mcglothern,Dwight McGlothern,CB,,2025,0,UNK
,,,,,0.0,gabriel_murphy,Gabriel Murphy,LB,,2025,0,UNK
,,,,,0.0,bo_richter,Bo Richter,LB,,2025,0,UNK
,,,,,0.0,taki_taimani,Taki Taimani,DL,,2025,0,UNK
,,,,,0.0,jc_latham,JC Latham,OT,,2025,0,UNK
37.0,,,37,4,304.84000000000003,bo_nix,Bo Nix,QB,,2025,0,UNK
,,,,,0.0,ruke_orhorhoro,Ruke Orhorhoro,DT,,2025,0,UNK
,,,,,0.0,braden_fiske,Braden Fiske,DT,,2025,0,UNK
,,,,,0.0,jackson_powers-johnson,Jackson Powers-Johnson,C,,2025,0,UNK
,,,,,0.0,matt_goncalves,Matt Goncalves,G,,2025,0,UNK
,,,,,1.8,tip_reiman,Tip Reiman,TE,,2025,0,UNK
,,,,,114.2,blake_corum,Blake Corum,RB,,2025,0,UNK
,,,,,26.6,roman_wilson,Roman Wilson,WR,,2025,0,UNK
,,,,,0.0,jalyx_hunt,Jalyx Hunt,LB,,2025,0,UNK
,,,,,0.0,payton_wilson,Payton Wilson,LB,,2025,0,UNK
,,,,,0.0,jordan_jefferson,Jordan Jefferson,DT,,2025,0,UNK
,,,,,0.0,tanor_bortolini,Tanor Bortolini,G,,2025,0,UNK
,,,,,0.0,tory_taylor,Tory Taylor,P,,2025,0,UNK
,,,,,10.5,will_shipley,Will Shipley,RB,,2025,0,UNK
,,,,,0.0,tyler_davis,Tyler Davis,DE,,2025,0,UNK
,,,,,0.0,joshua_karty,Joshua Karty,K,,2025,0,UNK
,,,,,18.3,jordan_whittington,Jordan Whittington,WR,,2025,0,UNK
,,,,,0.0,cedric_johnson,Cedric Johnson,DE,,2025,0,UNK
,,,,,0.0,beaux_limmer,Beaux Limmer,G,,2025,0,UNK
,,,,,6.6,devin_culp,Devin Culp,TE,,2025,0,UNK
,,,,,0.0,kt_leveston,KT Leveston,OT,,2025,0,UNK
,,,,,14.200000000000001,terrell_jennings,Terrell Jennings,RB,,2025,0,UNK
,,,,,0.0,joe_andreessen,Joe Andreessen,LB,,2025,0,UNK
,,,,,0.0,elijah_chatman,Elijah Chatman,DT,,2025,0,UNK
,,,,,0.0,charles_woods,Charles Woods,CB,,2025,0,UNK
,,,,,0.0,josh_wallace,Josh Wallace,CB,,2025,0,UNK
,,,,,0.0,omar_speights,Omar Speights,LB,,2025,0,UNK
,,,,,0.0,jaylen_mccollough,Jaylen McCollough,SAF,,2025,0,UNK
,,,,,0.0,anthony_goodlow,Anthony Goodlow,DE,,2025,0,UNK
,,,,,0.0,justin_dedich,Justin Dedich,OL,,2025,0,UNK
,,,,,0.0,qwan'tez_stiggers,Qwan'tez Stiggers,DB,,2025,0,UNK
,,,,,0.0,olumuyiwa_fashanu,Olumuyiwa Fashanu,OT,,2025,0,UNK
,,,,,31.6,devontez_walker,Devontez Walker,WR,,2025,0,UNK
,,,,,95.30000000000001,aj_barner,AJ Barner,TE,,2025,0,UNK
90.0,,,90,8,13.3,braelon_allen,Braelon Allen,RB,,2025,0,UNK
,,,,,0.0,nehemiah_pritchett,Nehemiah Pritchett,CB,,2025,0,UNK
,,,,,15.200000000000001,rasheen_ali,Rasheen Ali,RB,,2025,0,UNK
,,,,,50.2,isaiah_davis,Isaiah Davis,RB,,2025,0,UNK
,,,,,0.0,dj_james,DJ James,CB,,2025,0,UNK
,,,,,0.0,max_melton,Max Melton,CB,,2025,0,UNK
,,,,,0.0,isaiah_adams,Isaiah Adams,G,,2025,0,UNK
,,,,,0.0,jonah_elliss,Jonah Elliss,LB,,2025,0,UNK
,,,,,0.0,ty'ron_hopper,Ty'Ron Hopper,LB,,2025,0,UNK
,,,,,0.0,evan_williams,Evan Williams,SAF,,2025,0,UNK
,,,,,0.0,tyrice_knight,Tyrice Knight,LB,,2025,0,UNK
,,,,,0.6000000000000001,anthony_gould,Anthony Gould,WR,,2025,0,UNK
,,,,,0.0,kitan_oladapo,Kitan Oladapo,SAF,,2025,0,UNK
,,,,,0.0,andru_phillips,Andru Phillips,DB,,2025,0,UNK
,,,,,0.0,elijah_jones,Elijah Jones,CB,,2025,0,UNK
,,,,,0.4,jared_wiley,Jared Wiley,TE,,2025,0,UNK
,,,,,0.0,jaden_hicks,Jaden Hicks,SAF,,2025,0,UNK
,,,,,0.0,jeremiah_trotter_jr.,Jeremiah Trotter Jr.,LB,,2025,0,UNK
,,,,,0.0,walter_rouse,Walter Rouse,OT,,2025,0,UNK
,,,,,0.0,darius_muasau,Darius Muasau,LB,,2025,0,UNK
,,,,,0.0,kamal_hadden,Kamal Hadden,DB,,2025,0,UNK
,,,,,0.0,kamren_kinchens,Kamren Kinchens,SAF,,2025,0,UNK
,,,,,0.0,justin_eboigbe,Justin Eboigbe,DT,,2025,0,UNK
,,,,,0.0,brennan_jackson,Brennan Jackson,LB,,2025,0,UNK
,,,,,0.0,calen_bullock,Calen Bullock,SAF,,2025,0,UNK
,,,,,0.0,austin_booker,Austin Booker,DE,,2025,0,UNK
,,,,,0.0,cooper_dejean,Cooper DeJean,CB,,2025,0,UNK
,,,,,0.0,kingsley_suamataia,Kingsley Suamataia,OT,,2025,0,UNK
,,,,,0.0,tykee_smith,Tykee Smith,DB,,2025,0,UNK
,,,,,82.80000000000001,theo_johnson,Theo Johnson,TE,,2025,0,UNK
28.0,,,28,3,86.80000000000001,marvin_harrison_jr.,Marvin Harrison Jr.,WR,,2025,0,UNK
,,,,,0.0,edgerrin_cooper,Edgerrin Cooper,LB,,2025,0,UNK
166.0,,,166,14,350.96,drake_maye,Drake Maye,QB,,2025,0,UNK
,,,,,6.0,jared_verse,Jared Verse,DE,,2025,0,UNK
,,,,,0.0,darius_robinson,Darius Robinson,DL,,2025,0,UNK
,,,,,17.900000000000002,jalen_mcmillan,Jalen McMillan,WR,,2025,0,UNK
,,,,,0.0,blake_fisher,Blake Fisher,OT,,2025,0,UNK
,,,,,0.0,cedric_gray,Cedric Gray,LB,,2025,0,UNK
,,,,,0.0,brandon_dorlus,Brandon Dorlus,DE,,2025,0,UNK
,,,,,0.0,kool-aid_mckinstry,Kool-Aid McKinstry,CB,,2025,0,UNK
,,,,,0.0,tyler_nubin,Tyler Nubin,SAF,,2025,0,UNK
,,,,,0.0,dadrion_taylor-demerson,Dadrion Taylor-Demerson,SAF,,2025,0,UNK
,,,,,0.0,javon_bullard,Javon Bullard,SAF,,2025,0,UNK
,,,,,112.10000000000001,troy_franklin,Troy Franklin,WR,,2025,0,UNK
,,,,,0.0,troy_fautanu,Troy Fautanu,OT,,2025,0,UNK
,,,,,0.0,cole_bishop,Cole Bishop,SAF,,2025,0,UNK
,,,,,43.2,jaylen_wright,Jaylen Wright,RB,,2025,0,UNK
154.0,,,154,13,54.1,ray_davis,Ray Davis,RB,,2025,0,UNK
,,,,,0.0,sedrick_van_pran-granger,Sedrick Van Pran-Granger,C,,2025,0,UNK
,,,,,0.0,javon_solomon,Javon Solomon,LB,,2025,0,UNK
,,,,,70.7,malik_washington,Malik Washington,WR,,2025,0,UNK
,,,,,1.7000000000000002,tahj_washington,Tahj Washington,WR,,2025,0,UNK
,,,,,0.0,t'vondre_sweat,T'Vondre Sweat,DT,,2025,0,UNK
,,,,,0.0,quinyon_mitchell,Quinyon Mitchell,CB,,2025,0,UNK
,,,,,0.0,maason_smith,Maason Smith,DT,,2025,0,UNK
,,,,,54.900000000000006,adonai_mitchell,Adonai Mitchell,WR,,2025,0,UNK
163.0,,,163,14,90.8,brian_thomas_jr.,Brian Thomas Jr.,WR,,2025,0,UNK
35.0,,,35,3,67.9,xavier_worthy,Xavier Worthy,WR,,2025,0,UNK
,,,,,0.0,mike_hall_jr.,Mike Hall Jr.,DT,,2025,0,UNK
,,,,,0.0,zach_frazier,Zach Frazier,C,,2025,0,UNK
,,,,,0.0,joe_alt,Joe Alt,OT,,2025,0,UNK
,,,,,0.0,mike_sainristil,Mike Sainristil,CB,,2025,0,UNK
,,,,,0.0,patrick_paul,Patrick Paul,OT,,2025,0,UNK
,,,,,6.0,marshawn_kneeland,Marshawn Kneeland,DE,,2025,0,UNK
96.0,,,96,8,64.4,keon_coleman,Keon Coleman,WR,,2025,0,UNK
,,,,,0.0,chris_braswell,Chris Braswell,LB,,2025,0,UNK
,,,,,0.0,terrion_arnold,Terrion Arnold,CB,,2025,0,UNK
,,,,,0.0,jordan_morgan,Jordan Morgan,OT,,2025,0,UNK
,,,,,0.0,graham_barton,Graham Barton,C,,2025,0,UNK
,,,,,0.0,jer'zhan_newton,Jer'Zhan Newton,DT,,2025,0,UNK
,,,,,0.0,kris_jenkins,Kris Jenkins,DT,,2025,0,UNK
178.0,,,178,15,114.28,jayden_daniels,Jayden Daniels,QB,,2025,0,UNK
,,,,,0.0,chop_robinson,Chop Robinson,LB,,2025,0,UNK
,,,,,17.4,ben_sinnott,Ben Sinnott,TE,,2025,0,UNK
,,,,,0.0,brandon_coleman,Brandon Coleman,G,,2025,0,UNK
180.0,,,180,15,114.9,ladd_mcconkey,Ladd McConkey,WR,,2025,0,UNK
52.0,,,52,5,52.6,ricky_pearsall,Ricky Pearsall,WR,,2025,0,UNK
111.0,,,111,10,120.28,michael_penix_jr.,Michael Penix Jr.,QB,,2025,0,UNK
73.0,,,73,7,316.18,caleb_williams,Caleb Williams,QB,,2025,0,UNK
162.0,,,162,14,102.10000000000001,rome_odunze,Rome Odunze,WR,,2025,0,UNK
,,,,,20.6,malachi_corley,Malachi Corley,WR,,2025,0,UNK
123.0,,,123,11,22.400000000000002,trey_benson,Trey Benson,RB,,2025,0,UNK
60.0,,,60,5,125.38,j.j._mccarthy,J.J. McCarthy,QB,,2025,0,UNK
,,,,,0.0,dallas_turner,Dallas Turner,LB,,2025,0,UNK
,,,,,0.0,amarius_mims,Amarius Mims,OT,,2025,0,UNK
,,,,,0.0,jalen_sundell,Jalen Sundell,OT,,2025,0,UNK
,,,,,0.0,jude_mcatamney,Jude McAtamney,K,,2025,0,UNK
,,,,,0.0,jamie_sheriff,Jamie Sheriff,LB,,2025,0,UNK
,,,,,0.0,t.j._maguranyanga,T.J. Maguranyanga,DE,,2025,0,UNK
,,,,,0.0,tyler_booker,Tyler Booker,G,,2025,0,UNK
,,,,,0.0,shavon_revel_jr.,Shavon Revel Jr.,CB,,2025,0,UNK
,,,,,15.5,savion_williams,Savion Williams,WR,,2025,0,UNK
,,,,,0.0,barryn_sorrell,Barryn Sorrell,DE,,2025,0,UNK
,,,,,0.0,shemar_james,Shemar James,LB,,2025,0,UNK
,,,,,0.0,collin_oliver,Collin Oliver,LB,,2025,0,UNK
,,,,,0.0,smael_mondon_jr.,Smael Mondon Jr.,LB,,2025,0,UNK
,,,,,0.0,warren_brinson,Warren Brinson,DT,,2025,0,UNK
,,,,,0.0,jay_toia,Jay Toia,DT,,2025,0,UNK
,,,,,0.0,micah_robinson,Micah Robinson,CB,,2025,0,UNK
,,,,,8.9,phil_mafah,Phil Mafah,RB,,2025,0,UNK
,,,,,9.200000000000001,darius_cooper,Darius Cooper,WR,,2025,0,UNK
,,,,,0.0,brandon_johnson,Brandon Johnson,CB,,2025,0,UNK
,,,,,0.0,johnathan_baldwin,Johnathan Baldwin,SAF,,2025,0,UNK
,,,,,0.0,jamon_johnson,Jamon Johnson,LB,,2025,0,UNK
,,,,,0.8,amar_johnson,Amar Johnson,RB,,2025,0,UNK
,,,,,0.0,nazir_stackhouse,Nazir Stackhouse,DT,,2025,0,UNK
,,,,,0.0,zion_childress,Zion Childress,DB,,2025,0,UNK
,,,,,0.0,alijah_clark,Alijah Clark,DB,,2025,0,UNK
,,,,,0.0,nick_kallerup,Nick Kallerup,TE,,2025,0,UNK
,,,,,0.0,connor_o'toole,Connor O'Toole,LB,,2025,0,UNK
,,,,,0.0,jackson_woodard,Jackson Woodard,LB,,2025,0,UNK
,,,,,2.0,jacardia_wright,Jacardia Wright,RB,,2025,0,UNK
,,,,,0.0,emery_jones_jr.,Emery Jones Jr.,OT,,2025,0,UNK
,,,,,0.0,teddye_buchanan,Teddye Buchanan,LB,,2025,0,UNK
,,,,,0.0,mac_mcwilliams,Mac McWilliams,CB,,2025,0,UNK
,,,,,0.0,jeffrey_bassa,Jeffrey Bassa,LB,,2025,0,UNK
,,,,,0.0,tyler_loop,Tyler Loop,K,,2025,0,UNK
,,,,,0.0,lajohntay_wester,LaJohntay Wester,WR,,2025,0,UNK
,,,,,0.0,aeneas_peebles,Aeneas Peebles,DT,,2025,0,UNK
,,,,,38.300000000000004,brashard_smith,Brashard Smith,RB,,2025,0,UNK
,,,,,0.0,kevin_knowles,Kevin Knowles,DB,,2025,0,UNK
,,,,,0.0,esa_pole,Esa Pole,OL,,2025,0,UNK
,,,,,0.0,jay_higgins,Jay Higgins,LB,,2025,0,UNK
,,,,,0.0,keondre_jackson,Keondre Jackson,SAF,,2025,0,UNK
,,,,,0.0,reuben_lowery,Reuben Lowery,SAF,,2025,0,UNK
,,,,,0.0,chandler_martin,Chandler Martin,LB,,2025,0,UNK
,,,,,0.0,josh_simmons,Josh Simmons,OT,,2025,0,UNK
,,,,,0.0,cooper_mcdonald,Cooper McDonald,LB,,2025,0,UNK
16.0,,,16,2,190.1,ashton_jeanty,Ashton Jeanty,RB,,2025,0,UNK
,,,,,0.0,armand_membou,Armand Membou,OT,,2025,0,UNK
32.0,,,32,3,143.4,tetairoa_mcmillan,Tetairoa McMillan,WR,,2025,0,UNK
,,,,,0.0,kelvin_banks_jr.,Kelvin Banks Jr.,OT,,2025,0,UNK
118.0,,,118,10,107.10000000000001,colston_loveland,Colston Loveland,TE,,2025,0,UNK
,,,,,0.0,kenneth_grant,Kenneth Grant,DT,,2025,0,UNK
64.0,,,64,6,112.5,tyler_warren,Tyler Warren,TE,,2025,0,UNK
58.0,,,58,5,132.7,emeka_egbuka,Emeka Egbuka,WR,,2025,0,UNK
109.0,,,109,10,88.5,jayden_higgins,Jayden Higgins,WR,,2025,0,UNK
137.0,,,137,12,39.2,kyle_williams,Kyle Williams,WR,,2025,0,UNK
,,,,,0.0,azareye'h_thomas,Azareye'h Thomas,CB,,2025,0,UNK
,,,,,43.800000000000004,pat_bryant,Pat Bryant,WR,,2025,0,UNK
,,,,,0.0,nick_martin,Nick Martin,LB,,2025,0,UNK
,,,,,0.0,princely_umanmielen,Princely Umanmielen,LB,,2025,0,UNK
,,,,,0.0,jordan_burch,Jordan Burch,LB,,2025,0,UNK
,,,,,42.400000000000006,jaylin_noel,Jaylin Noel,WR,,2025,0,UNK
,,,,,0.0,dylan_fairchild,Dylan Fairchild,G,,2025,0,UNK
,,,,,0.0,kevin_winston_jr.,Kevin Winston Jr.,SAF,,2025,0,UNK
77.0,,,77,7,7.800000000000001,kaleb_johnson,Kaleb Johnson,RB,,2025,0,UNK
,,,,,0.0,jacob_parrish,Jacob Parrish,CB,,2025,0,UNK
,,,,,0.0,jamaree_caldwell,Jamaree Caldwell,DT,,2025,0,UNK
,,,,,0.0,jared_wilson,Jared Wilson,C,,2025,0,UNK
,,,,,0.0,xavier_watts,Xavier Watts,SAF,,2025,0,UNK
,,,,,0.0,jaylin_smith,Jaylin Smith,CB,,2025,0,UNK
,,,,,0.0,caleb_rogers,Caleb Rogers,OT,,2025,0,UNK
,,,,,0.0,upton_stout,Upton Stout,CB,,2025,0,UNK
,,,,,0.0,sai'vion_jones,Sai'vion Jones,DE,,2025,0,UNK
,,,,,2.5,tai_felton,Tai Felton,WR,,2025,0,UNK
,,,,,0.0,danny_stutsman,Danny Stutsman,LB,,2025,0,UNK
,,,,,0.0,billy_bowman_jr.,Billy Bowman Jr.,CB,,2025,0,UNK
,,,,,0.0,barrett_carter,Barrett Carter,LB,,2025,0,UNK
,,,,,0.0,lathan_ransom,Lathan Ransom,SAF,,2025,0,UNK
,,,,,0.0,jack_sawyer,Jack Sawyer,LB,,2025,0,UNK
,,,,,0.0,kyle_kennard,Kyle Kennard,LB,,2025,0,UNK
94.0,,,94,8,54.6,dylan_sampson,Dylan Sampson,RB,,2025,0,UNK
,,,,,0.0,jalen_travis,Jalen Travis,OT,,2025,0,UNK
,,,,,35.2,jaylin_lane,Jaylin Lane,WR,,2025,0,UNK
,,,,,0.30000000000000004,malachi_moore,Malachi Moore,SAF,,2025,0,UNK
,,,,,0.0,quincy_riley,Quincy Riley,CB,,2025,0,UNK
,,,,,0.0,ruben_hyppolite_ii,Ruben Hyppolite II,LB,,2025,0,UNK
,,,,,0.0,que_robinson,Que Robinson,LB,,2025,0,UNK
,,,,,0.0,tonka_hemingway,Tonka Hemingway,DT,,2025,0,UNK
147.0,,,147,13,75.5,elic_ayomanor,Elic Ayomanor,WR,,2025,0,UNK
,,,,,0.0,joshua_farmer,Joshua Farmer,DT,,2025,0,UNK
,,,,,2.6,jordan_watkins,Jordan Watkins,WR,,2025,0,UNK
,,,,,0.0,tyrion_ingram-dawkins,Tyrion Ingram-Dawkins,DT,,2025,0,UNK
,,,,,0.0,cam_jackson,Cam Jackson,DT,,2025,0,UNK
,,,,,0.0,bradyn_swinson,Bradyn Swinson,LB,,2025,0,UNK
,,,,,0.0,jason_marshall_jr.,Jason Marshall Jr.,CB,,2025,0,UNK
,,,,,9.600000000000001,dj_giddens,DJ Giddens,RB,,2025,0,UNK
,,,,,0.0,jalen_rivers,Jalen Rivers,OT,,2025,0,UNK
,,,,,0.0,marcus_mbow,Marcus Mbow,G,,2025,0,UNK
,,,,,0.0,dante_trader_jr.,Dante Trader Jr.,SAF,,2025,0,UNK
,,,,,0.0,elijah_roberts,Elijah Roberts,DE,,2025,0,UNK
,,,,,11.100000000000001,keandre_lambert-smith,KeAndre Lambert-Smith,WR,,2025,0,UNK
,,,,,0.0,marques_sigle,Marques Sigle,SAF,,2025,0,UNK
,,,,,0.0,francisco_mauigoa,Francisco Mauigoa,LB,,2025,0,UNK
,,,,,29.2,mitchell_evans,Mitchell Evans,TE,,2025,0,UNK
,,,,,0.0,yahya_black,Yahya Black,DE,,2025,0,UNK
,,,,,82.4,oronde_gadsden_ii,Oronde Gadsden II,TE,,2025,0,UNK
,,,,,0.0,jordan_hancock,Jordan Hancock,CB,,2025,0,UNK
,,,,,0.0,miles_frazier,Miles Frazier,G,,2025,0,UNK
,,,,,36.7,jackson_hawes,Jackson Hawes,TE,,2025,0,UNK
,,,,,0.0,denzel_burke,Denzel Burke,CB,,2025,0,UNK
,,,,,0.0,tyler_baron,Tyler Baron,DE,,2025,0,UNK
,,,,,0.0,dorian_strong,Dorian Strong,CB,,2025,0,UNK
129.0,,,129,11,47.1,ollie_gordon_ii,Ollie Gordon II,RB,,2025,0,UNK
,,,,,0.0,jj_pegues,JJ Pegues,DT,,2025,0,UNK
,,,,,0.0,andy_borregales,Andy Borregales,K,,2025,0,UNK
,,,,,0.0,marcus_harris,Marcus Harris,CB,,2025,0,UNK
,,,,,43.0,devin_neal,Devin Neal,RB,,2025,0,UNK
,,,,,0.0,jaylen_reed,Jaylen Reed,SAF,,2025,0,UNK
,,,,,0.7000000000000001,kalel_mullings,Kalel Mullings,RB,,2025,0,UNK
,,,,,31.0,riley_leonard,Riley Leonard,QB,,2025,0,UNK
,,,,,5.4,tahj_brooks,Tahj Brooks,RB,,2025,0,UNK
,,,,,0.0,branson_taylor,Branson Taylor,OT,,2025,0,UNK
,,,,,0.0,rayuan_lane_iii,Rayuan Lane III,SAF,,2025,0,UNK
,,,,,0.0,kobe_king,Kobe King,LB,,2025,0,UNK
,,,,,0.0,kain_medrano,Kain Medrano,LB,,2025,0,UNK
,,,,,17.7,jimmy_horn_jr.,Jimmy Horn Jr.,WR,,2025,0,UNK
,,,,,0.0,r.j._mickens,R.J. Mickens,SAF,,2025,0,UNK
,,,,,0.0,jeremy_crawshaw,Jeremy Crawshaw,P,,2025,0,UNK
,,,,,0.0,jack_nelson,Jack Nelson,OT,,2025,0,UNK
,,,,,0.0,thomas_fidone_ii,Thomas Fidone II,TE,,2025,0,UNK
,,,,,0.0,cody_lindenberg,Cody Lindenberg,LB,,2025,0,UNK
,,,,,0.0,kitan_crawford,Kitan Crawford,SAF,,2025,0,UNK
,,,,,0.0,carson_bruener,Carson Bruener,LB,,2025,0,UNK
,,,,,32.17999999999999,quinn_ewers,Quinn Ewers,QB,,2025,0,UNK
,,,,,128.7,kyle_monangai,Kyle Monangai,RB,,2025,0,UNK
,,,,,64.4,tez_johnson,Tez Johnson,WR,,2025,0,UNK
,,,,,14.8,lequint_allen_jr.,LeQuint Allen Jr.,RB,,2025,0,UNK
,,,,,0.0,dominic_lovett,Dominic Lovett,WR,,2025,0,UNK
87.0,,,87,8,131.3,jacory_croskey-merritt,Jacory Croskey-Merritt,RB,,2025,0,UNK
,,,,,0.0,korie_black,Korie Black,CB,,2025,0,UNK
,,,,,1.0,moliki_matavao,Moliki Matavao,TE,,2025,0,UNK
,,,,,-0.1,connor_colby,Connor Colby,G,,2025,0,UNK
,,,,,0.0,julian_ashby,Julian Ashby,LS,,2025,0,UNK
,,,,,0.0,zeek_biggers,Zeek Biggers,DT,,2025,0,UNK
,,,,,0.0,fadil_diggs,Fadil Diggs,DE,,2025,0,UNK
,,,,,0.0,trikweze_bridges,Trikweze Bridges,DB,,2025,0,UNK
,,,,,0.0,kobee_minor,Kobee Minor,DB,,2025,0,UNK
,,,,,0.0,adin_huntington,Adin Huntington,DE,,2025,0,UNK
,,,,,0.0,dom_jones,Dom Jones,CB,,2025,0,UNK
,,,,,7.4,gage_larvadain,Gage Larvadain,WR,,2025,0,UNK
,,,,,0.0,easton_mascarenas-arnold,Easton Mascarenas-Arnold,LB,,2025,0,UNK
,,,,,0.0,donovan_mcmillon,Donovan McMillon,SAF,,2025,0,UNK
,,,,,20.700000000000003,jahdae_walker,Jahdae Walker,WR,,2025,0,UNK
,,,,,0.0,ryan_fitzgerald,Ryan Fitzgerald,K,,2025,0,UNK
,,,,,0.0,bam_martin-scott,Bam Martin-Scott,LB,,2025,0,UNK
,,,,,0.0,trevian_thomas,Trevian Thomas,SAF,,2025,0,UNK
,,,,,0.0,corey_thornton,Corey Thornton,CB,,2025,0,UNK
,,,,,19.9,theo_wease_jr.,Theo Wease Jr.,WR,,2025,0,UNK
,,,,,0.0,ricky_barber,Ricky Barber,DT,,2025,0,UNK
,,,,,2.5,jacoby_jones,Jacoby Jones,WR,,2025,0,UNK
,,,,,0.0,ale_kaho,Ale Kaho,LB,,2025,0,UNK
,,,,,0.0,branson_combs,Branson Combs,LB,,2025,0,UNK
,,,,,0.0,ethan_downs,Ethan Downs,LB,,2025,0,UNK
,,,,,0.0,bj_green_ii,BJ Green II,DE,,2025,0,UNK
,,,,,0.0,cam'ron_silmon-craig,Cam'Ron Silmon-Craig,DB,,2025,0,UNK
,,,,,0.0,danny_striggow,Danny Striggow,DE,,2025,0,UNK
,,,,,0.0,johnathan_edwards,Johnathan Edwards,DB,,2025,0,UNK
,,,,,0.0,coleman_owen,Coleman Owen,WR,,2025,0,UNK
,,,,,0.0,trey_washington,Trey Washington,SAF,,2025,0,UNK
,,,,,0.0,keonta_jenkins,Keonta Jenkins,LB,,2025,0,UNK
,,,,,3.5,keleki_latu,Keleki Latu,TE,,2025,0,UNK
,,,,,0.0,howard_cross_iii,Howard Cross III,DT,,2025,0,UNK
,,,,,0.0,eric_gregory,Eric Gregory,DT,,2025,0,UNK
,,,,,0.0,bralyn_lux,Bralyn Lux,DB,,2025,0,UNK
,,,,,0.0,william_wagner,William Wagner,LS,,2025,0,UNK
,,,,,0.0,josh_fryar,Josh Fryar,OT,,2025,0,UNK
,,,,,0.0,elijah_simmons,Elijah Simmons,DL,,2025,0,UNK
,,,,,1.5,jakobie_keeney-james,Jakobie Keeney-James,WR,,2025,0,UNK
,,,,,0.0,dean_clark,Dean Clark,SAF,,2025,0,UNK
,,,,,0.0,jordan_clark,Jordan Clark,CB,,2025,0,UNK
,,,,,28.46,brady_cook,Brady Cook,QB,,2025,0,UNK
,,,,,0.0,payton_page,Payton Page,DT,,2025,0,UNK
,,,,,3.0,quentin_skinner,Quentin Skinner,WR,,2025,0,UNK
,,,,,0.0,ja'markis_weston,Ja'Markis Weston,LB,,2025,0,UNK
,,,,,0.0,austin_brinkman,Austin Brinkman,LS,,2025,0,UNK
,,,,,0.0,alijah_huzzie,Alijah Huzzie,CB,,2025,0,UNK
,,,,,0.0,john_bullock,John Bullock,LB,,2025,0,UNK
,,,,,0.0,benjamin_chukwuma,Benjamin Chukwuma,OT,,2025,0,UNK
,,,,,1.1,josh_williams,Josh Williams,RB,,2025,0,UNK
,,,,,0.0,dalen_cambre,Dalen Cambre,WR,,2025,0,UNK
,,,,,2.5,beaux_collins,Beaux Collins,WR,,2025,0,UNK
,,,,,0.0,karene_reid,Karene Reid,LB,,2025,0,UNK
,,,,,0.0,xavier_truss,Xavier Truss,G,,2025,0,UNK
,,,,,0.0,marlowe_wax,Marlowe Wax,LB,,2025,0,UNK
,,,,,17.3,raheim_sanders,Raheim Sanders,RB,,2025,0,UNK
,,,,,0.0,nikko_reed,Nikko Reed,DB,,2025,0,UNK
,,,,,0.0,ulysses_bentley_iv,Ulysses Bentley IV,RB,,2025,0,UNK
,,,,,0.30000000000000004,carter_runyon,Carter Runyon,TE,,2025,0,UNK
,,,,,0.0,greedy_vance,Greedy Vance,CB,,2025,0,UNK
,,,,,0.0,tyler_batty,Tyler Batty,LB,,2025,0,UNK
,,,,,4.220000000000001,max_brosmer,Max Brosmer,QB,,2025,0,UNK
,,,,,0.0,chaz_chambliss,Chaz Chambliss,LB,,2025,0,UNK
,,,,,0.0,joe_huber,Joe Huber,G,,2025,0,UNK
,,,,,0.0,austin_keys,Austin Keys,LB,,2025,0,UNK
,,,,,0.0,dorian_mausi,Dorian Mausi,LB,,2025,0,UNK
,,,,,0.0,myles_price,Myles Price,WR,,2025,0,UNK
,,,,,1.4000000000000001,ben_yurosek,Ben Yurosek,TE,,2025,0,UNK
,,,,,4.1000000000000005,xavier_restrepo,Xavier Restrepo,WR,,2025,0,UNK
,,,,,0.0,sebastian_castro,Sebastian Castro,SAF,,2025,0,UNK
,,,,,0.0,ben_sauls,Ben Sauls,K,,2025,0,UNK
,,,,,1.5,ke'shawn_williams,Ke'Shawn Williams,WR,,2025,0,UNK
,,,,,0.0,torricelli_simpkins_iii,Torricelli Simpkins III,OL,,2025,0,UNK
,,,,,0.0,cobee_bryant,Cobee Bryant,CB,,2025,0,UNK
,,,,,4.0,nate_carter,Nate Carter,RB,,2025,0,UNK
,,,,,7.300000000000001,corey_kiner,Corey Kiner,RB,,2025,0,UNK
,,,,,13.5,efton_chism_iii,Efton Chism III,WR,,2025,0,UNK
,,,,,0.0,elijah_ponder,Elijah Ponder,LB,,2025,0,UNK
,,,,,0.0,jalon_walker,Jalon Walker,LB,,2025,0,UNK
,,,,,0.0,james_pearce_jr.,James Pearce Jr.,DE,,2025,0,UNK
,,,,,0.0,carson_schwesinger,Carson Schwesinger,LB,,2025,0,UNK
,,,,,0.0,josaiah_stewart,Josaiah Stewart,LB,,2025,0,UNK
,,,,,13.5,dont'e_thornton_jr.,Dont'e Thornton Jr.,WR,,2025,0,UNK
,,,,,6.5,arian_smith,Arian Smith,WR,,2025,0,UNK
,,,,,121.10000000000001,woody_marks,Woody Marks,RB,,2025,0,UNK
,,,,,47.7,gunnar_helm,Gunnar Helm,TE,,2025,0,UNK
,,,,,0.0,ty_hamilton,Ty Hamilton,DT,,2025,0,UNK
104.0,,,104,9,19.4,jaydon_blue,Jaydon Blue,RB,,2025,0,UNK
,,,,,15.200000000000001,konata_mumpfield,Konata Mumpfield,WR,,2025,0,UNK
,,,,,0.0,jahfari_harvey,Jahfari Harvey,DE,,2025,0,UNK
,,,,,0.0,shaun_dolac,Shaun Dolac,LB,,2025,0,UNK
,,,,,0.0,elijah_williams,Elijah Williams,DE,,2025,0,UNK
,,,,,0.0,nick_jackson,Nick Jackson,LB,,2025,0,UNK
,,,,,0.30000000000000004,drake_dabney,Drake Dabney,TE,,2025,0,UNK
,,,,,0.0,dalevon_campbell,Dalevon Campbell,WR,,2025,0,UNK
,,,,,0.0,jordan_turner,Jordan Turner,LB,,2025,0,UNK
,,,,,0.0,keyon_martin,Keyon Martin,CB,,2025,0,UNK
,,,,,0.0,grey_zabel,Grey Zabel,G,,2025,0,UNK
,,,,,0.0,ashton_gillotte,Ashton Gillotte,DE,,2025,0,UNK
,,,,,0.0,darien_porter,Darien Porter,CB,,2025,0,UNK
,,,,,0.0,vernon_broughton,Vernon Broughton,DT,,2025,0,UNK
,,,,,0.0,jonas_sanker,Jonas Sanker,SAF,,2025,0,UNK
,,,,,10.700000000000001,trevor_etienne,Trevor Etienne,RB,,2025,0,UNK
,,,,,0.0,cody_simon,Cody Simon,LB,,2025,0,UNK
,,,,,0.4,jalen_royals,Jalen Royals,WR,,2025,0,UNK
,,,,,0.0,rylie_mills,Rylie Mills,DT,,2025,0,UNK
,,,,,52.1,tory_horton,Tory Horton,WR,,2025,0,UNK
,,,,,0.0,robbie_ouzts,Robbie Ouzts,RB,,2025,0,UNK
,,,,,0.0,bryce_cabeldue,Bryce Cabeldue,G,,2025,0,UNK
,,,,,0.0,kai_kroeger,Kai Kroeger,P,,2025,0,UNK
,,,,,0.0,mykel_williams,Mykel Williams,DE,,2025,0,UNK
,,,,,0.0,donovan_jackson,Donovan Jackson,G,,2025,0,UNK
,,,,,0.0,ty_robinson,Ty Robinson,DT,,2025,0,UNK
,,,,,114.4,harold_fannin_jr.,Harold Fannin Jr.,TE,,2025,0,UNK
24.0,,,24,2,103.7,omarion_hampton,Omarion Hampton,RB,,2025,0,UNK
61.0,,,61,6,41.0,matthew_golden,Matthew Golden,WR,,2025,0,UNK
,,,,,84.9,shedeur_sanders,Shedeur Sanders,QB,,2025,0,UNK
139.0,,,139,12,59.900000000000006,isaac_teslaa,Isaac TeSlaa,WR,,2025,0,UNK
,,,,,0.0,nohl_williams,Nohl Williams,CB,,2025,0,UNK
,,,,,0.0,tyleik_williams,Tyleik Williams,DT,,2025,0,UNK
,,,,,-1.6,jalen_milroe,Jalen Milroe,QB,,2025,0,UNK
112.0,,,112,10,186.66,cam_ward,Cam Ward,QB,,2025,0,UNK
,,,,,0.0,abdul_carter,Abdul Carter,LB,,2025,0,UNK
,,,,,0.0,derrick_harmon,Derrick Harmon,DT,,2025,0,UNK
,,,,,0.0,mason_graham,Mason Graham,DT,,2025,0,UNK
,,,,,0.0,josh_conerly_jr.,Josh Conerly Jr.,OT,,2025,0,UNK
,,,,,0.0,malaki_starks,Malaki Starks,SAF,,2025,0,UNK
,,,,,241.57999999999998,jaxson_dart,Jaxson Dart,QB,,2025,0,UNK
,,,,,0.0,darius_alexander,Darius Alexander,DT,,2025,0,UNK
,,,,,0.0,will_campbell,Will Campbell,OT,,2025,0,UNK
,,,,,70.08,dillon_gabriel,Dillon Gabriel,QB,,2025,0,UNK
,,,,,80.1,chimere_dike,Chimere Dike,WR,,2025,0,UNK
,,,,,0.0,walter_nolen,Walter Nolen,DT,,2025,0,UNK
,,,,,0.0,jihaad_campbell,Jihaad Campbell,LB,,2025,0,UNK
,,,,,0.0,maxwell_hairston,Maxwell Hairston,CB,,2025,0,UNK
,,,,,0.0,deone_walker,Deone Walker,DT,,2025,0,UNK
,,,,,0.0,cj_west,CJ West,DT,,2025,0,UNK
80.0,,,80,7,103.7,cam_skattebo,Cam Skattebo,RB,,2025,0,UNK
,,,,,0.0,craig_woodson,Craig Woodson,SAF,,2025,0,UNK
48.0,,,48,4,35.8,travis_hunter,Travis Hunter,CB,,2025,0,UNK
91.0,,,91,8,78.6,bhayshul_tuten,Bhayshul Tuten,RB,,2025,0,UNK
,,,,,0.0,jahdae_barron,Jahdae Barron,CB,,2025,0,UNK
,,,,,0.0,alfred_collins,Alfred Collins,DT,,2025,0,UNK
,,,,,0.0,mike_green,Mike Green,LB,,2025,0,UNK
,,,,,0.0,jack_kiser,Jack Kiser,LB,,2025,0,UNK
,,,,,0.0,t.j._sanders,T.J. Sanders,DT,,2025,0,UNK
,,,,,0.0,donovan_ezeiruaku,Donovan Ezeiruaku,DE,,2025,0,UNK
,,,,,0.0,anthony_belton,Anthony Belton,OT,,2025,0,UNK
,,,,,39.4,tre_harris,Tre Harris,WR,,2025,0,UNK
,,,,,0.0,tate_ratledge,Tate Ratledge,G,,2025,0,UNK
,,,,,22.400000000000002,jack_bech,Jack Bech,WR,,2025,0,UNK
39.0,,,39,4,159.60000000000002,rj_harvey,RJ Harvey,RB,,2025,0,UNK
,,,,,0.0,trey_amos,Trey Amos,CB,,2025,0,UNK
,,,,,0.0,nick_emmanwori,Nick Emmanwori,SAF,,2025,0,UNK
36.0,,,36,3,171.2,treveyon_henderson,TreVeyon Henderson,RB,,2025,0,UNK
108.0,,,108,9,80.9,luther_burden_iii,Luther Burden III,WR,,2025,0,UNK
,,,,,44.9,mason_taylor,Mason Taylor,TE,,2025,0,UNK
,,,,,41.1,terrance_ferguson,Terrance Ferguson,TE,,2025,0,UNK
,,,,,0.0,demetrius_knight_jr.,Demetrius Knight Jr.,LB,,2025,0,UNK
,,,,,21.900000000000002,elijah_arroyo,Elijah Arroyo,TE,,2025,0,UNK
,,,,,0.0,ozzy_trapilo,Ozzy Trapilo,OT,,2025,0,UNK
,,,,,0.0,shemar_turner,Shemar Turner,DT,,2025,0,UNK
,,,,,0.0,jonah_savaiinaea,Jonah Savaiinaea,G,,2025,0,UNK
,,,,,157.96,tyler_shough,Tyler Shough,QB,,2025,0,UNK
,,,,,0.0,jaylahn_tuimolaou,Jaylahn Tuimolaou,DE,,2025,0,UNK
,,,,,0.0,aireontae_ersery,Aireontae Ersery,OT,,2025,0,UNK
,,,,,0.0,nic_scourton,Nic Scourton,LB,,2025,0,UNK
,,,,,0.0,benjamin_morrison,Benjamin Morrison,CB,,2025,0,UNK
,,,,,0.0,omarr_norman-lott,Omarr Norman-Lott,DT,,2025,0,UNK
,,,,,0.0,andrew_mukuba,Andrew Mukuba,SAF,,2025,0,UNK
,,,,,0.0,will_johnson,Will Johnson,CB,,2025,0,UNK
,,,,,0.0,oluwafemi_oladejo,Oluwafemi Oladejo,DE,,2025,0,UNK
,,,,,0.0,shemar_stewart,Shemar Stewart,DE,,2025,0,UNK
,,,,,36.7,isaiah_bond,Isaiah Bond,WR,,2025,0,UNK
119.0,,,119,10,143.8,quinshon_judkins,Quinshon Judkins,RB,,2025,0,UNK
