player_id,player_name,player_display_name,position,position_group,headshot_url,season,season_type,recent_team,games,completions,attempts,passing_yards,passing_tds,passing_interceptions,sacks_suffered,sack_yards_lost,sack_fumbles,sack_fumbles_lost,passing_air_yards,passing_yards_after_catch,passing_first_downs,passing_epa,passing_cpoe,passing_2pt_conversions,pacr,passing_10,passing_16,passing_20,passing_40,carries,rushing_yards,rushing_tds,rushing_fumbles,rushing_fumbles_lost,rushing_first_downs,rushing_epa,rushing_2pt_conversions,rushing_10,rushing_12,rushing_20,rushing_40,receptions,targets,receiving_yards,receiving_tds,receiving_fumbles,receiving_fumbles_lost,receiving_air_yards,receiving_yards_after_catch,receiving_first_downs,receiving_epa,receiving_2pt_conversions,receiving_10,receiving_16,receiving_20,receiving_40,racr,target_share,air_yards_share,wopr,special_teams_tds,def_tackles_solo,def_tackles_with_assist,def_tackle_assists,def_tackles_for_loss,def_tackles_for_loss_yards,def_fumbles_forced,def_sacks,def_sack_yards,def_qb_hits,def_interceptions,def_interception_yards,def_pass_defended,def_tds,def_fumbles,def_safeties,misc_yards,fumble_recovery_own,fumble_recovery_yards_own,fumble_recovery_opp,fumble_recovery_yards_opp,fumble_recovery_tds,penalties,penalty_yards,fumbles_forced_by_opp,fumbles_not_forced,fumbles_out_of_bounds,fumbles_total,fumbles_lost_total,punt_returns,punt_return_yards,kickoff_returns,kickoff_return_yards,fg_made,fg_att,fg_missed,fg_blocked,fg_long,fg_pct,fg_made_0_19,fg_made_20_29,fg_made_30_39,fg_made_40_49,fg_made_50_59,fg_made_60_,fg_missed_0_19,fg_missed_20_29,fg_missed_30_39,fg_missed_40_49,fg_missed_50_59,fg_missed_60_,fg_made_list,fg_missed_list,fg_blocked_list,fg_made_distance,fg_missed_distance,fg_blocked_distance,pat_made,pat_att,pat_missed,pat_blocked,pat_pct,gwfg_made,gwfg_att,gwfg_missed,gwfg_blocked,gwfg_distance_list,pt_att,pt_blocked,pt_long,pt_yards,pt_inside_20,pt_out_of_bounds,pt_downed,pt_touchback,pt_fair_caught,pt_returned,pt_return_yards,pt_return_tds,pt_net_yards,fantasy_points,fantasy_points_ppr
00-0022531,J.Peters,Jason Peters,OT,OL,"https://static.www.nfl.com/image/upload/f_auto,q_auto/league/xcsyqvrlrpe6s3d0rodq",2023,REG,SEA,2,0,0,0,0,0,0,0,0,0,0,0,0,,,0,,0,0,0,0,0,0,0,0,0,0,,0,0,0,0,0,0,0,0,0,0,0,0,0,0,,0,0,0,0,0,,0.0,0.0,0.0,0,0,0,0,0,0,0,0.0,0.0,0,0,0,0,0,0,0,0,0,0,0,0,0,2,9,0,0,0,0,0,0,0,0,0,0,0,0,0,,,0,0,0,0,0,0,0,0,0,0,0,0,,,,0,0,0,0,0,0,0,,0,0,0,0,,0,0,,0,0,0,0,0,0,0,0,0,0,0.0,0.0
00-0023459,A.Rodgers,Aaron Rodgers,QB,QB,"https://static.www.nfl.com/image/upload/f_auto,q_auto/league/dypvakakxhccxs67tb0y",2023,REG,NYJ,1,0,1,0,0,0,1,-10,0,0,17,0,0,-2.0319598843343556,,0,0.0,0,0,0,0,0,0,0,0,0,0,,0,0,0,0,0,0,0,0,0,0,0,0,0,0,,0,0,0,0,0,,0.0,0.0,0.0,0,0,0,0,0,0,0,0.0,0.0,0,0,0,0,0,0,0,0,0,0,0,0,0,0,0,0,0,0,0,0,0,0,0,0,0,0,0,0,,,0,0,0,0,0,0,0,0,0,0,0,0,,,,0,0,0,0,0,0,0,,0,0,0,0,,0,0,,0,0,0,0,0,0,0,0,0,0,0.0,0.0
00-0023853,M.Prater,Matt Prater,K,SPEC,"https://static.www.nfl.com/image/upload/f_auto,q_auto/league/pj981bi535y4jwy6skr1",2023,REG,ARI,17,0,0,0,0,0,0,0,0,0,0,0,0,,,0,,0,0,0,0,0,0,0,0,0,0,,0,0,0,0,0,0,0,0,0,0,0,0,0,0,,0,0,0,0,0,,0.0,0.0,0.0,0,0,0,0,0,0,0,0.0,0.0,0,0,0,0,0,0,0,0,0,0,0,0,0,0,0,0,0,0,0,0,0,0,0,0,28,33,5,0,62,0.8484848484848485,0,6,7,6,8,1,0,0,1,1,3,0,28;54;37;37;44;39;43;62;38;55;32;27;44;47;51;46;56;23;57;51;58;43;28;55;28;34;23;34,55;34;56;43;51,,1174,239,0,22,23,1,0,0.9565217391304348,1,2,1,0,23;51,0,0,,0,0,0,0,0,0,0,0,0,0,0.0,0.0
00-0024243,M.Lewis,Marcedes Lewis,TE,TE,"https://static.www.nfl.com/image/private/f_auto,q_auto/league/ppq07tipygpftz5csipx",2023,REG,CHI,6,0,0,0,0,0,0,0,0,0,0,0,0,,,0,,0,0,0,0,0,0,0,0,0,0,,0,0,0,0,0,4,5,29,1,0,0,9,29,2,2.4860826230142266,0,1,1,0,0,3.2222222222222223,0.010482180293501049,0.0023841059602649007,0.017392144612437002,0,0,0,0,0,0,0,0.0,0.0,0,0,0,0,0,0,0,0,0,0,0,0,0,2,15,0,0,0,0,0,0,0,0,0,0,0,0,0,,,0,0,0,0,0,0,0,0,0,0,0,0,,,,0,0,0,0,0,0,0,,0,0,0,0,,0,0,,0,0,0,0,0,0,0,0,0,0,8.9,12.9
00-0025565,N.Folk,Nick Folk,K,SPEC,"https://static.www.nfl.com/image/upload/f_auto,q_auto/league/qcfiv2cc7ky37yq9iklp",2023,REG,TEN,17,0,0,0,0,0,0,0,0,0,0,0,0,,,0,,0,0,0,0,0,0,0,0,0,0,,0,0,0,0,0,0,0,0,0,0,0,0,0,0,,0,0,0,0,0,,0.0,0.0,0.0,0,0,0,0,0,0,0,0.0,0.0,0,0,0,0,0,0,0,0,0,0,0,0,0,0,0,0,0,0,0,0,0,0,0,0,29,30,1,0,53,0.9666666666666667,0,9,9,6,5,0,0,0,0,0,1,0,50;27;31;45;29;33;41;44;53;35;27;53;34;26;27;38;36;36;48;38;27;53;24;46;28;23;45;33;53,51,,1083,51,0,28,30,2,0,0.9333333333333333,1,1,0,0,41,2,0,41,81,0,0,0,0,1,1,3,0,78,0.0,0.0
00-0025580,M.Crosby,Mason Crosby,K,SPEC,"https://static.www.nfl.com/image/private/f_auto,q_auto/league/usbwgcjsdcugjafgjzvt",2023,REG,NYG,3,0,0,0,0,0,0,0,0,0,0,0,0,,,0,,0,0,0,0,0,0,0,0,0,0,,0,0,0,0,0,0,0,0,0,0,0,0,0,0,,0,0,0,0,0,,0.0,0.0,0.0,0,0,0,0,0,0,0,0.0,0.0,0,0,0,0,0,0,0,0,0,0,0,0,0,0,0,0,0,0,0,0,0,0,0,0,5,7,2,0,52,0.7142857142857143,0,2,2,0,1,0,0,0,0,1,1,0,52;31;32;24;21,54;45,,160,99,0,6,7,1,0,0.8571428571428571,0,1,1,0,54,0,0,,0,0,0,0,0,0,0,0,0,0,0.0,0.0
00-0026027,J.Jansen,J.J. Jansen,LS,SPEC,"https://static.www.nfl.com/image/upload/f_auto,q_auto/league/vmbidsuvur7zfmpt9xak",2023,REG,CAR,2,0,0,0,0,0,0,0,0,0,0,0,0,,,0,,0,0,0,0,0,0,0,0,0,0,,0,0,0,0,0,0,0,0,0,0,0,0,0,0,,0,0,0,0,0,,0.0,0.0,0.0,0,1,0,1,0,0,0,0.0,0.0,0,0,0,0,0,0,0,0,0,0,0,0,0,0,0,0,0,0,0,0,0,0,0,0,0,0,0,0,,,0,0,0,0,0,0,0,0,0,0,0,0,,,,0,0,0,0,0,0,0,,0,0,0,0,,0,0,,0,0,0,0,0,0,0,0,0,0,0.0,0.0
00-0026158,J.Flacco,Joe Flacco,QB,QB,"https://static.www.nfl.com/image/upload/f_auto,q_auto/league/vbqptn8emdlbeaz1kvmx",2023,REG,CLE,5,123,204,1616,13,8,8,-57,3,1,1910,678,60,-0.5545871609025785,-2.875606239144572,1,0.8460732984293193,52,32,27,9,9,2,0,1,0,3,-0.4699459768101306,0,0,0,0,0,0,0,0,0,0,0,0,0,0,,0,0,0,0,0,,0.0,0.0,0.0,0,0,0,0,0,0,0,0.0,0.0,0,0,0,0,0,0,0,0,1,-2,0,0,0,1,11,2,2,1,4,1,0,0,0,0,0,0,0,0,,,0,0,0,0,0,0,0,0,0,0,0,0,,,,0,0,0,0,0,0,0,,0,0,0,0,,0,0,,0,0,0,0,0,0,0,0,0,0,100.84,100.84
00-0026166,D.Brown,Duane Brown,OT,OL,"https://static.www.nfl.com/image/private/f_auto,q_auto/league/oo4wdp0wxeyowhqtbor9",2023,REG,NYJ,1,0,0,0,0,0,0,0,0,0,0,0,0,,,0,,0,0,0,0,0,0,0,0,0,0,,0,0,0,0,0,0,0,0,0,0,0,0,0,0,,0,0,0,0,0,,0.0,0.0,0.0,0,1,0,0,0,0,0,0.0,0.0,0,0,0,0,0,0,0,0,0,0,0,0,0,0,0,0,0,0,0,0,0,0,0,0,0,0,0,0,,,0,0,0,0,0,0,0,0,0,0,0,0,,,,0,0,0,0,0,0,0,,0,0,0,0,,0,0,,0,0,0,0,0,0,0,0,0,0,0.0,0.0
00-0026190,C.Campbell,Calais Campbell,DE,DL,"https://static.www.nfl.com/image/upload/f_auto,q_auto/league/juvpepl8uc1p9rs7upsf",2023,REG,ATL,16,0,0,0,0,0,0,0,0,0,0,0,0,,,0,,0,0,0,0,0,0,0,0,0,0,,0,0,0,0,0,0,0,0,0,0,0,0,0,0,,0,0,0,0,0,,0.0,0.0,0.0,0,25,7,24,9,35,1,6.5,29.0,17,0,0,1,0,0,1,0,0,0,1,0,0,1,5,0,0,0,0,0,0,0,0,0,0,0,0,0,,,0,0,0,0,0,0,0,0,0,0,0,0,,,,0,0,0,0,0,0,0,,0,0,0,0,,0,0,,0,0,0,0,0,0,0,0,0,0,0.0,0.0
00-0026293,M.Slater,Matthew Slater,WR,WR,"https://static.www.nfl.com/image/private/f_auto,q_auto/league/cs1ojdzhxjuanbw6vflv",2023,REG,NE,5,0,0,0,0,0,0,0,0,0,0,0,0,,,0,,0,0,0,0,0,0,0,0,0,0,,0,0,0,0,0,0,0,0,0,0,0,0,0,0,,0,0,0,0,0,,0.0,0.0,0.0,0,4,1,1,0,0,0,0.0,0.0,0,0,0,0,0,0,0,0,0,0,0,0,0,2,15,0,0,0,0,0,0,0,0,0,0,0,0,0,,,0,0,0,0,0,0,0,0,0,0,0,0,,,,0,0,0,0,0,0,0,,0,0,0,0,,0,0,,0,0,0,0,0,0,0,0,0,0,0.0,0.0
00-0026498,M.Stafford,Matthew Stafford,QB,QB,"https://static.www.nfl.com/image/upload/f_auto,q_auto/league/svxl2pk2cuqf26zrhii4",2023,REG,LA,15,326,521,3965,24,11,30,-205,0,0,4033,1890,187,54.19110787712952,-2.556787711201292,1,0.9831391024051575,154,82,62,8,21,65,0,0,0,4,3.9656354920298327,0,0,0,0,0,0,0,0,0,0,0,0,0,0,1.053,1,0,0,0,0,,0.0,0.0,0.0,0,0,0,0,0,0,0,0.0,0.0,0,0,0,0,0,0,0,0,0,0,0,0,0,3,32,0,0,0,0,0,0,0,0,0,0,0,0,0,,,0,0,0,0,0,0,0,0,0,0,0,0,,,,0,0,0,0,0,0,0,,0,0,0,0,,0,0,,0,0,0,0,0,0,0,0,0,0,243.1,243.1
00-0026625,B.Hoyer,Brian Hoyer,QB,QB,"https://static.www.nfl.com/image/private/f_auto,q_auto/league/japt3mj2xctm7saqndxn",2023,REG,LV,2,23,42,231,0,2,1,-8,0,0,344,80,14,-8.780772753364403,-11.167931982449122,0,0.6715116279069767,9,2,2,1,3,-3,0,0,0,0,-1.8153455403517,0,0,0,0,0,0,0,0,0,0,0,0,0,0,,0,0,0,0,0,,0.0,0.0,0.0,0,0,0,0,0,0,0,0.0,0.0,0,0,0,0,0,0,0,0,0,0,0,0,0,0,0,0,0,0,0,0,0,0,0,0,0,0,0,0,,,0,0,0,0,0,0,0,0,0,0,0,0,,,,0,0,0,0,0,0,0,,0,0,0,0,,0,0,,0,0,0,0,0,0,0,0,0,0,4.94,4.94
00-0026858,G.Gano,Graham Gano,K,SPEC,"https://static.www.nfl.com/image/upload/f_auto,q_auto/league/wp5wochy7uuqcgyjcrrd",2023,REG,NYG,8,0,0,0,0,0,0,0,0,0,0,0,0,,,0,,0,0,0,0,0,0,0,0,0,0,,0,0,0,0,0,0,0,0,0,0,0,0,0,0,,0,0,0,0,0,,0.0,0.0,0.0,0,0,0,0,0,0,0,0.0,0.0,0,0,0,0,0,0,0,0,0,0,0,0,0,0,0,0,0,0,0,0,0,0,0,0,11,17,5,1,57,0.6470588235294118,0,2,3,3,3,0,0,0,2,2,1,0,34;44;57;55;49;37;51;29;43;29;31,36;55;42;47;35,45,459,215,45,8,8,0,0,1.0,1,1,0,0,34,0,0,,0,0,0,0,0,0,0,0,0,0,0.0,0.0
00-0027114,T.Morstead,Thomas Morstead,P,SPEC,"https://static.www.nfl.com/image/upload/f_auto,q_auto/league/uicxa9bwvrenvcwnoklm",2023,REG,NYJ,17,1,1,18,0,0,0,0,0,0,10,8,1,2.6709000263363123,39.819127321243286,0,1.8,1,1,0,0,0,0,0,0,0,0,,0,0,0,0,0,0,0,0,0,0,0,0,0,0,,0,0,0,0,0,,0.0,0.0,0.0,0,0,0,0,0,0,0,0.0,0.0,0,0,0,0,0,0,0,0,0,0,0,0,0,0,0,0,0,0,0,0,0,0,0,0,0,0,0,0,,,0,0,0,0,0,0,0,0,0,0,0,0,,,,0,0,0,0,0,0,0,,0,0,0,0,,99,0,62,4831,36,8,7,8,28,48,535,1,4136,0.72,0.72
00-0027224,J.Weeks,Jon Weeks,LS,SPEC,"https://static.www.nfl.com/image/upload/f_auto,q_auto/league/efqsxmef1aoqnw6co1au",2023,REG,HOU,1,0,0,0,0,0,0,0,0,0,0,0,0,,,0,,0,0,0,0,0,0,0,0,0,0,,0,0,0,0,0,0,0,0,0,0,0,0,0,0,,0,0,0,0,0,,0.0,0.0,0.0,0,0,0,1,0,0,0,0.0,0.0,0,0,0,0,0,0,0,0,0,0,0,0,0,0,0,0,0,0,0,0,0,0,0,0,0,0,0,0,,,0,0,0,0,0,0,0,0,0,0,0,0,,,,0,0,0,0,0,0,0,,0,0,0,0,,0,0,,0,0,0,0,0,0,0,0,0,0,0.0,0.0
00-0027557,M.Cox,Morgan Cox,LS,SPEC,"https://static.www.nfl.com/image/upload/f_auto,q_auto/league/lqdswjw8fzenqmc06zbe",2023,REG,TEN,1,0,0,0,0,0,0,0,0,0,0,0,0,,,0,,0,0,0,0,0,0,0,0,0,0,,0,0,0,0,0,0,0,0,0,0,0,0,0,0,,0,0,0,0,0,,0.0,0.0,0.0,0,1,0,0,0,0,0,0.0,0.0,0,0,0,0,0,0,0,0,0,0,0,0,0,0,0,0,0,0,0,0,0,0,0,0,0,0,0,0,,,0,0,0,0,0,0,0,0,0,0,0,0,,,,0,0,0,0,0,0,0,,0,0,0,0,,0,0,,0,0,0,0,0,0,0,0,0,0,0.0,0.0
00-0027696,J.Graham,Jimmy Graham,TE,TE,"https://static.www.nfl.com/image/private/f_auto,q_auto/league/h7xs06oj6g03mippwtse",2023,REG,NO,6,0,0,0,0,0,0,0,0,0,0,0,0,,,0,,0,0,0,0,0,0,0,0,0,0,,0,0,0,0,0,6,7,39,4,0,0,42,3,6,8.155974590627011,0,1,0,0,0,0.9285714285714286,0.012089810017271158,0.008373205741626795,0.023995959045045492,0,0,0,0,0,0,0,0.0,0.0,0,0,0,0,0,0,0,0,0,0,0,0,0,1,10,0,0,0,0,0,0,0,0,0,0,0,0,0,,,0,0,0,0,0,0,0,0,0,0,0,0,,,,0,0,0,0,0,0,0,,0,0,0,0,,0,0,,0,0,0,0,0,0,0,0,0,0,27.9,33.9
00-0027723,A.Woods,Al Woods,DT,DL,"https://static.www.nfl.com/image/private/f_auto,q_auto/league/prcuuwfcof1uok4lxb11",2023,REG,NYJ,4,0,0,0,0,0,0,0,0,0,0,0,0,,,0,,0,0,0,0,0,0,0,0,0,0,,0,0,0,0,0,0,0,0,0,0,0,0,0,0,,0,0,0,0,0,,0.0,0.0,0.0,0,3,1,2,1,2,0,1.0,2.0,2,0,0,0,0,0,0,0,0,0,0,0,0,0,0,0,0,0,0,0,0,0,0,0,0,0,0,0,,,0,0,0,0,0,0,0,0,0,0,0,0,,,,0,0,0,0,0,0,0,,0,0,0,0,,0,0,,0,0,0,0,0,0,0,0,0,0,0.0,0.0
00-0027857,T.Williams,Trent Williams,OT,OL,"https://static.www.nfl.com/image/upload/f_auto,q_auto/league/z3rgsbkzy0sripzunidx",2023,REG,SF,7,0,0,0,0,0,0,0,0,0,0,0,0,,,0,,0,0,0,0,0,0,0,0,0,0,,0,0,0,0,0,0,0,0,0,0,0,0,0,0,,0,0,0,0,0,,0.0,0.0,0.0,0,0,0,1,0,0,0,0.0,0.0,0,0,0,0,0,0,0,0,0,0,0,0,0,7,54,0,0,0,0,0,0,0,0,0,0,0,0,0,,,0,0,0,0,0,0,0,0,0,0,0,0,,,,0,0,0,0,0,0,0,,0,0,0,0,,0,0,,0,0,0,0,0,0,0,0,0,0,0.0,0.0
00-0027862,T.Alualu,Tyson Alualu,DE,DL,"https://static.www.nfl.com/image/private/f_auto,q_auto/league/wz7lyukjawvr7xfdszmb",2023,REG,DET,2,0,0,0,0,0,0,0,0,0,0,0,0,,,0,,0,0,0,0,0,0,0,0,0,0,,0,0,0,0,0,0,0,0,0,0,0,0,0,0,,0,0,0,0,0,,0.0,0.0,0.0,0,2,1,1,0,0,0,0.0,0.0,0,0,0,0,0,0,0,0,0,0,0,0,0,0,0,0,0,0,0,0,0,0,0,0,0,0,0,0,,,0,0,0,0,0,0,0,0,0,0,0,0,,,,0,0,0,0,0,0,0,,0,0,0,0,,0,0,,0,0,0,0,0,0,0,0,0,0,0.0,0.0
00-0027865,B.Graham,Brandon Graham,DE,DL,"https://static.www.nfl.com/image/upload/f_auto,q_auto/league/e6iqegrredwqev7qx81m",2023,REG,PHI,10,0,0,0,0,0,0,0,0,0,0,0,0,,,0,,0,0,0,0,0,0,0,0,0,0,,0,0,0,0,0,0,0,0,0,0,0,0,0,0,,0,0,0,0,0,,0.0,0.0,0.0,0,9,2,5,4,17,0,3.0,19.0,6,0,0,1,0,0,0,0,0,0,0,0,0,0,0,0,0,0,0,0,0,0,0,0,0,0,0,0,,,0,0,0,0,0,0,0,0,0,0,0,0,,,,0,0,0,0,0,0,0,,0,0,0,0,,0,0,,0,0,0,0,0,0,0,0,0,0,0.0,0.0
00-0027867,J.Pierre-Paul,Jason Pierre-Paul,DE,DL,"https://static.www.nfl.com/image/private/f_auto,q_auto/league/pwl0fkpfwut1rizcarub",2023,REG,NO,1,0,0,0,0,0,0,0,0,0,0,0,0,,,0,,0,0,0,0,0,0,0,0,0,0,,0,0,0,0,0,0,0,0,0,0,0,0,0,0,,0,0,0,0,0,,0.0,0.0,0.0,0,1,0,1,0,0,0,0.0,0.0,0,0,0,0,0,0,0,0,0,0,0,0,0,0,0,0,0,0,0,0,0,0,0,0,0,0,0,0,,,0,0,0,0,0,0,0,0,0,0,0,0,,,,0,0,0,0,0,0,0,,0,0,0,0,,0,0,,0,0,0,0,0,0,0,0,0,0,0.0,0.0
00-0027872,K.Jackson,Kareem Jackson,S,DB,"https://static.www.nfl.com/image/upload/f_auto,q_auto/league/vzmcqsvgotnfsmmzgtwa",2023,REG,HOU,10,0,0,0,0,0,0,0,0,0,0,0,0,,,0,,0,0,0,0,0,0,0,0,0,0,,0,0,0,0,0,0,0,0,0,0,0,0,0,0,,0,0,0,0,0,,0.0,0.0,0.0,0,34,3,16,0,0,0,0.0,0.0,0,2,5,3,0,0,0,0,0,0,0,0,0,4,41,0,0,0,0,0,0,0,0,0,0,0,0,0,,,0,0,0,0,0,0,0,0,0,0,0,0,,,,0,0,0,0,0,0,0,,0,0,0,0,,0,0,,0,0,0,0,0,0,0,0,0,0,0.0,0.0
00-0027881,J.Hughes,Jerry Hughes,DE,DL,"https://static.www.nfl.com/image/upload/f_auto,q_auto/league/holacsltnj1mvxkeqgp0",2023,REG,HOU,14,0,0,0,0,0,0,0,0,0,0,0,0,,,0,,0,0,0,0,0,0,0,0,0,0,,0,0,0,0,0,0,0,0,0,0,0,0,0,0,,0,0,0,0,0,,0.0,0.0,0.0,0,16,7,9,2,18,1,3.0,28.0,3,0,0,0,0,0,0,0,0,0,0,0,0,1,5,0,0,0,0,0,0,0,0,0,0,0,0,0,,,0,0,0,0,0,0,0,0,0,0,0,0,,,,0,0,0,0,0,0,0,,0,0,0,0,,0,0,,0,0,0,0,0,0,0,0,0,0,0.0,0.0
00-0027885,L.Joseph,Linval Joseph,DT,DL,"https://static.www.nfl.com/image/upload/f_auto,q_auto/league/xm9kvvx4uujqqjkqxngq",2023,REG,BUF,7,0,0,0,0,0,0,0,0,0,0,0,0,,,0,,0,0,0,0,0,0,0,0,0,0,,0,0,0,0,0,0,0,0,0,0,0,0,0,0,,0,0,0,0,0,,0.0,0.0,0.0,0,6,1,5,1,3,0,1.0,3.0,1,0,0,0,0,0,0,0,0,0,0,0,0,0,0,0,0,0,0,0,0,0,0,0,0,0,0,0,,,0,0,0,0,0,0,0,0,0,0,0,0,,,,0,0,0,0,0,0,0,,0,0,0,0,,0,0,,0,0,0,0,0,0,0,0,0,0,0.0,0.0
00-0027940,V.Miller,Von Miller,OLB,LB,"https://static.www.nfl.com/image/upload/f_auto,q_auto/league/cqkgo6uw5ha7bjajkewf",2023,REG,BUF,5,0,0,0,0,0,0,0,0,0,0,0,0,,,0,,0,0,0,0,0,0,0,0,0,0,,0,0,0,0,0,0,0,0,0,0,0,0,0,0,,0,0,0,0,0,,0.0,0.0,0.0,0,1,1,1,0,0,0,0.0,0.0,3,0,0,0,0,0,0,0,0,0,0,0,0,1,5,0,0,0,0,0,0,0,0,0,0,0,0,0,,,0,0,0,0,0,0,0,0,0,0,0,0,,,,0,0,0,0,0,0,0,,0,0,0,0,,0,0,,0,0,0,0,0,0,0,0,0,0,0.0,0.0
00-0027943,P.Peterson,Patrick Peterson,CB,DB,"https://static.www.nfl.com/image/private/f_auto,q_auto/league/hefuj7lvfmgvr4tme7te",2023,REG,PIT,16,0,0,0,0,0,0,0,0,0,0,0,0,,,0,,0,0,0,0,0,0,0,0,0,0,,0,0,0,0,0,0,0,0,0,0,0,0,0,0,,0,0,0,0,0,,0.0,0.0,0.0,0,29,5,8,0,0,0,0.0,0.0,0,2,0,11,0,0,0,0,0,0,0,0,0,6,27,0,0,0,0,0,0,0,0,0,0,0,0,0,,,0,0,0,0,0,0,0,0,0,0,0,0,,,,0,0,0,0,0,0,0,,0,0,0,0,,0,0,,0,0,0,0,0,0,0,0,0,0,0.0,0.0
00-0027944,J.Jones,Julio Jones,WR,WR,"https://static.www.nfl.com/image/upload/f_auto,q_auto/league/omrddf2phtyztzx2nup1",2023,REG,PHI,8,0,0,0,0,0,0,0,0,0,0,0,0,,,0,,0,0,0,0,0,0,0,0,0,0,,0,0,0,0,0,11,19,74,3,0,0,131,28,4,2.2336344543156166,0,2,1,1,0,0.5648854961832062,0.03619047619047619,0.02704376548307184,0.07321635012386457,0,0,0,0,0,0,0,0.0,0.0,0,0,0,0,0,0,0,0,0,0,0,0,0,0,0,0,0,0,0,0,0,0,0,0,0,0,0,0,,,0,0,0,0,0,0,0,0,0,0,0,0,,,,0,0,0,0,0,0,0,,0,0,0,0,,0,0,,0,0,0,0,0,0,0,0,0,0,25.4,36.4
00-0027947,Tyr.Smith,Tyron Smith,OT,OL,"https://static.www.nfl.com/image/upload/f_auto,q_auto/league/w7doljwg9c9jqwejqf8b",2023,REG,DAL,3,0,0,0,0,0,0,0,0,0,0,0,0,,,0,,0,0,0,0,0,0,0,0,0,0,,0,0,0,0,0,0,0,0,0,0,0,0,0,0,,0,0,0,0,0,,0.0,0.0,0.0,0,0,0,0,0,0,0,0.0,0.0,0,0,0,0,0,0,0,0,0,0,0,0,0,3,25,0,0,0,0,0,0,0,0,0,0,0,0,0,,,0,0,0,0,0,0,0,0,0,0,0,0,,,,0,0,0,0,0,0,0,,0,0,0,0,,0,0,,0,0,0,0,0,0,0,0,0,0,0.0,0.0
00-0027948,B.Gabbert,Blaine Gabbert,QB,QB,"https://static.www.nfl.com/image/private/f_auto,q_auto/league/fphhd3wedamgkps6e0dl",2023,REG,KC,2,18,35,185,0,3,1,-9,0,0,198,118,8,-16.14328710516377,-15.38081028882195,0,0.9343434343434344,8,2,2,0,7,45,0,0,0,2,-0.6197695613373071,0,2,2,1,0,0,0,0,0,0,0,0,0,0,,0,0,0,0,0,,0.0,0.0,0.0,0,0,0,0,0,0,0,0.0,0.0,0,0,0,0,0,0,0,0,0,0,0,0,0,0,0,0,0,0,0,0,0,0,0,0,0,0,0,0,,,0,0,0,0,0,0,0,0,0,0,0,0,,,,0,0,0,0,0,0,0,,0,0,0,0,,0,0,,0,0,0,0,0,0,0,0,0,0,5.9,5.9
00-0027962,C.Jordan,Cameron Jordan,LB,LB,"https://static.www.nfl.com/image/upload/f_auto,q_auto/league/eauqz3xbdtl0wfoy71da",2023,REG,NO,14,0,0,0,0,0,0,0,0,0,0,0,0,,,0,,0,0,0,0,0,0,0,0,0,0,,0,0,0,0,0,0,0,0,0,0,0,0,0,0,,0,0,0,0,0,,0.0,0.0,0.0,0,15,5,23,2,5,0,2.0,8.0,6,0,0,3,0,0,0,0,0,0,1,0,0,1,4,0,0,0,0,0,0,0,0,0,0,0,0,0,,,0,0,0,0,0,0,0,0,0,0,0,0,,,,0,0,0,0,0,0,0,,0,0,0,0,,0,0,,0,0,0,0,0,0,0,0,0,0,0.0,0.0
00-0027969,C.Heyward,Cameron Heyward,DE,DL,"https://static.www.nfl.com/image/upload/f_auto,q_auto/league/vfql05jp29d2pltrlwqz",2023,REG,PIT,10,0,0,0,0,0,0,0,0,0,0,0,0,,,0,,0,0,0,0,0,0,0,0,0,0,,0,0,0,0,0,0,0,0,0,0,0,0,0,0,,0,0,0,0,0,,0.0,0.0,0.0,0,18,7,8,3,22,0,2.0,14.0,3,0,0,1,0,0,0,0,0,0,0,0,0,0,0,0,0,0,0,0,0,0,0,0,0,0,0,0,,,0,0,0,0,0,0,0,0,0,0,0,0,,,,0,0,0,0,0,0,0,,0,0,0,0,,0,0,,0,0,0,0,0,0,0,0,0,0,0.0,0.0
00-0027973,A.Dalton,Andy Dalton,QB,QB,"https://static.www.nfl.com/image/upload/f_auto,q_auto/league/nyjb97rajdqckaxsoniv",2023,REG,CAR,2,34,58,361,2,0,3,-27,0,0,477,128,17,4.548329591227218,-5.506343590585809,0,0.7568134171907757,13,5,5,1,3,12,0,0,0,2,1.4284599639941007,0,1,0,0,0,0,0,0,0,0,0,0,0,0,,0,0,0,0,0,,0.0,0.0,0.0,0,0,0,0,0,0,0,0.0,0.0,0,0,0,0,0,0,0,0,0,0,0,0,0,0,0,0,0,0,0,0,0,0,0,0,0,0,0,0,,,0,0,0,0,0,0,0,0,0,0,0,0,,,,0,0,0,0,0,0,0,,0,0,0,0,,0,0,,0,0,0,0,0,0,0,0,0,0,23.639999999999997,23.639999999999997
00-0028002,R.Cobb,Randall Cobb,WR,WR,"https://static.www.nfl.com/image/private/f_auto,q_auto/league/kuwo5hnkbtesfw6n9w1s",2023,REG,NYJ,9,0,0,0,0,0,0,0,0,0,0,0,0,,,0,,0,0,0,0,0,0,0,0,0,0,,0,0,0,0,0,5,17,39,1,0,0,165,23,3,-14.41447042973763,1,2,0,0,0,0.23636363636363636,0.03019538188277087,0.04125,0.0741680728241563,0,0,0,0,0,0,0,0.0,0.0,0,0,0,0,0,0,0,0,0,0,0,0,0,0,0,0,0,0,0,0,0,0,0,0,0,0,0,0,,,0,0,0,0,0,0,0,0,0,0,0,0,,,,0,0,0,0,0,0,0,,0,0,0,0,,0,0,,0,0,0,0,0,0,0,0,0,0,11.9,16.9
00-0028008,J.Houston,Justin Houston,OLB,LB,"https://static.www.nfl.com/image/upload/f_auto,q_auto/league/uvob2wz6eezshbjclcya",2023,REG,CAR,6,0,0,0,0,0,0,0,0,0,0,0,0,,,0,,0,0,0,0,0,0,0,0,0,0,,0,0,0,0,0,0,0,0,0,0,0,0,0,0,,0,0,0,0,0,,0.0,0.0,0.0,0,4,1,4,2,7,0,0.5,3.5,3,0,0,1,0,0,0,0,0,0,0,0,0,1,15,0,0,0,0,0,0,0,0,0,0,0,0,0,,,0,0,0,0,0,0,0,0,0,0,0,0,,,,0,0,0,0,0,0,0,,0,0,0,0,,0,0,,0,0,0,0,0,0,0,0,0,0,0.0,0.0
00-0028118,T.Taylor,Tyrod Taylor,QB,QB,"https://static.www.nfl.com/image/upload/f_auto,q_auto/league/nqpyumxuo0e9sitk0a0o",2023,REG,NYG,10,116,180,1341,5,3,17,-94,2,0,1541,578,52,1.1690156966539602,4.384998795462818,0,0.8702141466580143,45,29,19,4,38,197,0,2,0,10,-0.41283654625414945,0,5,5,2,0,0,0,0,0,0,0,0,0,0,,0,0,0,0,0,,0.0,0.0,0.0,0,0,0,0,0,0,0,0.0,0.0,0,0,0,0,0,0,0,0,3,-6,0,0,0,0,0,0,4,0,4,0,0,0,0,0,0,0,0,0,,,0,0,0,0,0,0,0,0,0,0,0,0,,,,0,0,0,0,0,0,0,,0,0,0,0,,0,0,,0,0,0,0,0,0,0,0,0,0,87.34,87.34
00-0028129,J.Kelce,Jason Kelce,C,OL,"https://static.www.nfl.com/image/private/f_auto,q_auto/league/jkleqefsugfjxde0hzci",2023,REG,PHI,5,0,0,0,0,0,0,0,0,0,0,0,0,,,0,,0,0,0,0,0,0,0,0,0,0,,0,0,0,0,0,0,0,0,0,0,0,0,0,0,,0,0,0,0,0,,0.0,0.0,0.0,0,0,0,0,0,0,0,0.0,0.0,0,0,0,0,0,0,0,0,0,0,0,0,0,6,30,0,0,0,0,0,0,0,0,0,0,0,0,0,,,0,0,0,0,0,0,0,0,0,0,0,0,,,,0,0,0,0,0,0,0,,0,0,0,0,,0,0,,0,0,0,0,0,0,0,0,0,0,0.0,0.0
00-0028171,L.Guy,Lawrence Guy,DT,DL,"https://static.www.nfl.com/image/private/f_auto,q_auto/league/jyc3hf6lyt5js3b7oon8",2023,REG,NE,15,0,0,0,0,0,0,0,0,0,0,0,0,,,0,,0,0,0,0,0,0,0,0,0,0,,0,0,0,0,0,0,0,0,0,0,0,0,0,0,,0,0,0,0,0,,0.0,0.0,0.0,0,10,6,22,0,0,0,0.0,0.0,0,0,0,1,0,0,0,0,0,0,0,0,0,0,0,0,0,0,0,0,0,0,0,0,0,0,0,0,,,0,0,0,0,0,0,0,0,0,0,0,0,,,,0,0,0,0,0,0,0,,0,0,0,0,,0,0,,0,0,0,0,0,0,0,0,0,0,0.0,0.0
00-0028292,N.Bellore,Nick Bellore,LB,LB,"https://static.www.nfl.com/image/upload/f_auto,q_auto/league/wlj7zdf6h9p9dnhdtmih",2023,REG,SEA,8,0,0,0,0,0,0,0,0,0,0,0,0,,,0,,0,0,0,0,0,0,0,0,0,0,,0,0,0,0,0,0,0,0,0,0,0,0,0,0,,0,0,0,0,0,,0.0,0.0,0.0,0,7,1,6,0,0,0,0.0,0.0,0,0,0,0,0,0,0,0,0,0,0,0,0,0,0,0,0,0,0,0,0,0,0,0,0,0,0,0,,,0,0,0,0,0,0,0,0,0,0,0,0,,,,0,0,0,0,0,0,0,,0,0,0,0,,0,0,,0,0,0,0,0,0,0,0,0,0,0.0,0.0
00-0028394,J.McQuaide,Jake McQuaide,LS,SPEC,"https://static.www.nfl.com/image/upload/f_auto,q_auto/league/gjtq2nbl0i8ejcx4dx9u",2023,REG,DET,1,0,0,0,0,0,0,0,0,0,0,0,0,,,0,,0,0,0,0,0,0,0,0,0,0,,0,0,0,0,0,0,0,0,0,0,0,0,0,0,,0,0,0,0,0,,0.0,0.0,0.0,0,0,0,1,0,0,0,0.0,0.0,0,0,0,0,0,0,0,0,0,0,0,0,0,0,0,0,0,0,0,0,0,0,0,0,0,0,0,0,,,0,0,0,0,0,0,0,0,0,0,0,0,,,,0,0,0,0,0,0,0,,0,0,0,0,,0,0,,0,0,0,0,0,0,0,0,0,0,0.0,0.0
00-0028845,J.Harris,Josh Harris,LS,SPEC,"https://static.www.nfl.com/image/upload/f_auto,q_auto/league/agckpghgjhwbacdexqyd",2023,REG,LAC,4,0,0,0,0,0,0,0,0,0,0,0,0,,,0,,0,0,0,0,0,0,0,0,0,0,,0,0,0,0,0,0,0,0,0,0,0,0,0,0,,0,0,0,0,0,,0.0,0.0,0.0,0,3,0,2,0,0,0,0.0,0.0,0,0,0,0,0,0,0,0,0,0,0,0,0,0,0,0,0,0,0,0,0,0,0,0,0,0,0,0,,,0,0,0,0,0,0,0,0,0,0,0,0,,,,0,0,0,0,0,0,0,,0,0,0,0,,0,0,,0,0,0,0,0,0,0,0,0,0,0.0,0.0
00-0028872,J.Hekker,Johnny Hekker,P,SPEC,"https://static.www.nfl.com/image/upload/f_auto,q_auto/league/qqxvnynrahubphl6gjvw",2023,REG,CAR,17,1,1,7,0,0,0,0,0,0,-4,11,0,-1.9410884017124772,16.285216808319092,0,0.0,0,0,0,0,1,-11,0,1,1,0,-6.053601038409397,0,0,0,0,0,0,0,0,0,0,0,0,0,0,,0,0,0,0,0,,0.0,0.0,0.0,0,0,0,0,0,0,0,0.0,0.0,0,0,0,0,0,0,0,0,0,0,0,0,0,0,0,1,0,0,1,1,0,0,0,0,0,0,0,0,,,0,0,0,0,0,0,0,0,0,0,0,0,,,,0,0,0,0,0,0,0,,0,0,0,0,,82,0,69,3838,25,6,14,5,26,31,210,0,3528,-2.8200000000000003,-2.8200000000000003
00-0028899,R.McLeod,Rodney McLeod Jr.,FS,DB,"https://static.www.nfl.com/image/upload/f_auto,q_auto/league/ettne7rdpnkozuyhx8be",2023,REG,CLE,10,0,0,0,0,0,0,0,0,0,0,0,0,,,0,,0,0,0,0,0,0,0,0,0,0,,0,0,0,0,0,0,0,0,0,0,0,0,0,0,,0,0,0,0,0,,0.0,0.0,0.0,0,14,2,13,1,1,0,0.0,0.0,0,0,0,1,0,0,0,0,0,0,0,0,0,0,0,0,0,0,0,0,0,0,0,0,0,0,0,0,,,0,0,0,0,0,0,0,0,0,0,0,0,,,,0,0,0,0,0,0,0,,0,0,0,0,,0,0,,0,0,0,0,0,0,0,0,0,0,0.0,0.0
00-0028924,T.Gipson,Tashaun Gipson,FS,DB,"https://static.www.nfl.com/image/private/f_auto,q_auto/league/mbniabicepxxcetygjhk",2023,REG,SF,16,0,0,0,0,0,0,0,0,0,0,0,0,,,0,,0,0,0,0,0,0,0,0,0,0,,0,0,0,0,0,0,0,0,0,0,0,0,0,0,,0,0,0,0,0,,0.0,0.0,0.0,0,35,6,19,1,9,0,1.0,9.0,1,1,26,3,0,0,0,0,0,0,0,0,0,3,52,0,0,0,0,0,0,0,0,0,0,0,0,0,,,0,0,0,0,0,0,0,0,0,0,0,0,,,,0,0,0,0,0,0,0,,0,0,0,0,,0,0,,0,0,0,0,0,0,0,0,0,0,0.0,0.0
00-0028986,C.Keenum,Case Keenum,QB,QB,"https://static.www.nfl.com/image/upload/f_auto,q_auto/league/weixhyzal4ntsyszyepu",2023,REG,HOU,2,34,53,291,1,3,6,-60,0,0,377,146,14,-20.65132938160174,-2.8929756552565333,0,0.7718832891246684,9,5,3,1,2,1,0,1,0,0,-1.650933435827028,0,0,0,0,0,0,0,0,0,0,0,0,0,0,,0,0,0,0,0,,0.0,0.0,0.0,0,0,0,0,0,0,0,0.0,0.0,0,0,0,0,0,0,0,0,0,-8,0,0,0,1,12,0,1,0,1,0,0,0,0,0,0,0,0,0,,,0,0,0,0,0,0,0,0,0,0,0,0,,,,0,0,0,0,0,0,0,,0,0,0,0,,0,0,,0,0,0,0,0,0,0,0,0,0,9.74,9.74
00-0029008,C.Hughlett,Charley Hughlett,LS,SPEC,"https://static.www.nfl.com/image/upload/f_auto,q_auto/league/cowm2qllr7vpyktisnln",2023,REG,CLE,5,0,0,0,0,0,0,0,0,0,0,0,0,,,0,,0,0,0,0,0,0,0,0,0,0,,0,0,0,0,0,0,0,0,0,0,0,0,0,0,,0,0,0,0,0,,0.0,0.0,0.0,0,0,0,5,0,0,0,0.0,0.0,0,0,0,0,0,0,0,0,0,0,0,0,0,0,0,0,0,0,0,0,0,0,0,0,0,0,0,0,,,0,0,0,0,0,0,0,0,0,0,0,0,,,,0,0,0,0,0,0,0,,0,0,0,0,,0,0,,0,0,0,0,0,0,0,0,0,0,0.0,0.0
00-0029193,B.Irvin,Bruce Irvin,LB,LB,"https://static.www.nfl.com/image/private/f_auto,q_auto/league/jxsrulnbvfvmls7u6w7s",2023,REG,DET,2,0,0,0,0,0,0,0,0,0,0,0,0,,,0,,0,0,0,0,0,0,0,0,0,0,,0,0,0,0,0,0,0,0,0,0,0,0,0,0,,0,0,0,0,0,,0.0,0.0,0.0,0,1,0,0,1,10,0,1.0,10.0,2,0,0,0,0,0,0,0,0,0,0,0,0,1,15,0,0,0,0,0,0,0,0,0,0,0,0,0,,,0,0,0,0,0,0,0,0,0,0,0,0,,,,0,0,0,0,0,0,0,,0,0,0,0,,0,0,,0,0,0,0,0,0,0,0,0,0,0.0,0.0
00-0029239,B.Bolden,Brandon Bolden,RB,RB,"https://static.www.nfl.com/image/private/f_auto,q_auto/league/kqqwz35z9brhkzbs4bcn",2023,REG,LV,5,0,0,0,0,0,0,0,0,0,0,0,0,,,0,,0,0,0,0,4,31,1,0,0,2,4.732027994337957,1,1,1,1,0,0,0,0,0,0,0,0,0,0,,0,0,0,0,0,,0.0,0.0,0.0,0,3,0,1,0,0,0,0.0,0.0,0,0,0,0,0,0,0,0,0,0,0,0,0,0,0,0,0,0,0,0,0,0,0,0,0,0,0,0,,,0,0,0,0,0,0,0,0,0,0,0,0,,,,0,0,0,0,0,0,0,,0,0,0,0,,0,0,,0,0,0,0,0,0,0,0,0,0,11.1,11.1
00-0029249,M.Ingram,Melvin Ingram,LB,LB,"https://static.www.nfl.com/image/private/f_auto,q_auto/league/kbnd1mhegpg4n5kj7rac",2023,REG,MIA,2,0,0,0,0,0,0,0,0,0,0,0,0,,,0,,0,0,0,0,0,0,0,0,0,0,,0,0,0,0,0,0,0,0,0,0,0,0,0,0,,0,0,0,0,0,,0.0,0.0,0.0,0,4,2,1,1,8,0,1.5,8.0,2,0,0,0,0,0,0,0,0,0,0,0,0,0,0,0,0,0,0,0,0,0,0,0,0,0,0,0,,,0,0,0,0,0,0,0,0,0,0,0,0,,,,0,0,0,0,0,0,0,,0,0,0,0,,0,0,,0,0,0,0,0,0,0,0,0,0,0.0,0.0
00-0029255,B.Wagner,Bobby Wagner,MLB,LB,"https://static.www.nfl.com/image/upload/f_auto,q_auto/league/msulezmb9dk3klpgymoj",2023,REG,SEA,17,0,0,0,0,0,0,0,0,0,0,0,0,,,0,,0,0,0,0,0,0,0,0,0,0,,0,0,0,0,0,0,0,0,0,0,0,0,0,0,,0,0,0,0,0,,0.0,0.0,0.0,0,77,19,87,8,30,0,3.5,24.0,6,0,0,3,0,0,0,0,0,0,1,0,0,1,2,0,0,0,0,0,0,0,0,0,0,0,0,0,,,0,0,0,0,0,0,0,0,0,0,0,0,,,,0,0,0,0,0,0,0,,0,0,0,0,,0,0,,0,0,0,0,0,0,0,0,0,0,0.0,0.0
00-0029263,R.Wilson,Russell Wilson,QB,QB,"https://static.www.nfl.com/image/upload/f_auto,q_auto/league/vkstxj0evgkjiycu4glc",2023,REG,DEN,15,297,447,3070,26,8,45,-258,7,4,3189,1735,135,-15.177197524169003,4.853044374879584,2,0.962684227030417,114,58,36,10,80,341,3,3,1,38,17.565661727054515,0,13,9,2,0,0,0,0,0,0,0,0,0,0,,0,0,0,0,0,,0.0,0.0,0.0,0,1,0,0,0,0,0,0.0,0.0,0,0,0,0,0,0,0,0,2,-3,0,0,0,1,6,9,1,2,10,5,0,0,0,0,0,0,0,0,,,0,0,0,0,0,0,0,0,0,0,0,0,,,,0,0,0,0,0,0,0,,0,0,0,0,,0,0,,0,0,0,0,0,0,0,0,0,0,256.9,256.9
00-0029285,J.Norman,Josh Norman,CB,DB,"https://static.www.nfl.com/image/private/f_auto,q_auto/league/i2bihsraophhbhvhhypb",2023,REG,BUF,2,0,0,0,0,0,0,0,0,0,0,0,0,,,0,,0,0,0,0,0,0,0,0,0,0,,0,0,0,0,0,0,0,0,0,0,0,0,0,0,,0,0,0,0,0,,0.0,0.0,0.0,0,3,0,1,0,0,0,0.0,0.0,0,0,0,0,0,0,0,0,0,0,0,0,0,0,0,0,0,0,0,0,0,0,0,0,0,0,0,0,,,0,0,0,0,0,0,0,0,0,0,0,0,,,,0,0,0,0,0,0,0,,0,0,0,0,,0,0,,0,0,0,0,0,0,0,0,0,0,0.0,0.0
00-0029293,M.Jones,Marvin Jones,WR,WR,"https://static.www.nfl.com/image/private/f_auto,q_auto/league/ciy9sxefmcnwjw7ln3h2",2023,REG,DET,4,0,0,0,0,0,0,0,0,0,0,0,0,,,0,,0,0,0,0,0,0,0,0,0,0,,0,0,0,0,0,5,10,35,0,1,1,80,9,2,-5.426966988511735,0,1,1,0,0,0.4375,0.017421602787456445,0.01957905041605482,0.03983773947242304,0,0,0,0,0,0,0,0.0,0.0,0,0,0,0,0,0,0,0,0,0,0,0,0,0,0,1,0,0,1,1,0,0,0,0,0,0,0,0,,,0,0,0,0,0,0,0,0,0,0,0,0,,,,0,0,0,0,0,0,0,,0,0,0,0,,0,0,,0,0,0,0,0,0,0,0,0,0,1.5,6.5
00-0029316,K.Beachum,Kelvin Beachum,OT,OL,"https://static.www.nfl.com/image/upload/f_auto,q_auto/league/dgul4jljoasida1h8tag",2023,REG,ARI,1,0,0,0,0,0,0,0,0,0,0,0,0,,,0,,0,0,0,0,0,0,0,0,0,0,,0,0,0,0,0,0,0,0,0,0,0,0,0,0,,0,0,0,0,0,,0.0,0.0,0.0,0,0,0,0,0,0,0,0.0,0.0,0,0,0,0,0,0,0,0,0,0,0,0,0,1,10,0,0,0,0,0,0,0,0,0,0,0,0,0,,,0,0,0,0,0,0,0,0,0,0,0,0,,,,0,0,0,0,0,0,0,,0,0,0,0,,0,0,,0,0,0,0,0,0,0,0,0,0,0.0,0.0
00-0029421,R.Bullock,Randy Bullock,K,SPEC,"https://static.www.nfl.com/image/private/f_auto,q_auto/league/pim6xbwsdnk5xwhlwde8",2023,REG,NYG,6,0,0,0,0,0,0,0,0,0,0,0,0,,,0,,0,0,0,0,0,0,0,0,0,0,,0,0,0,0,0,0,0,0,0,0,0,0,0,0,,0,0,0,0,0,,0.0,0.0,0.0,0,0,0,0,0,0,0,0.0,0.0,0,0,0,0,0,0,0,0,0,0,0,0,0,0,0,0,0,0,0,0,0,0,0,0,5,6,1,0,56,0.8333333333333334,0,0,2,2,1,0,0,0,0,1,0,0,40;36;42;37;56,48,,211,48,0,10,10,0,0,1.0,1,1,0,0,37,0,0,,0,0,0,0,0,0,0,0,0,0,0.0,0.0
00-0029530,J.Bethel,Justin Bethel,CB,DB,"https://static.www.nfl.com/image/private/f_auto,q_auto/league/ctqpivwrs2u9gwrohbce",2023,REG,MIA,10,0,0,0,0,0,0,0,0,0,0,0,0,,,0,,0,0,0,0,0,0,0,0,0,0,,0,0,0,0,0,0,0,0,0,0,0,0,0,0,,0,0,0,0,0,,0.0,0.0,0.0,0,11,4,4,2,5,0,0.5,4.5,1,0,0,1,0,0,0,0,0,0,0,0,0,2,15,0,0,0,0,0,0,0,0,0,0,0,0,0,,,0,0,0,0,0,0,0,0,0,0,0,0,,,,0,0,0,0,0,0,0,,0,0,0,0,,0,0,,0,0,0,0,0,0,0,0,0,0,0.0,0.0
00-0029542,S.Gilmore,Stephon Gilmore,CB,DB,"https://static.www.nfl.com/image/upload/f_auto,q_auto/league/rzqv9harev8c0excxzfz",2023,REG,DAL,17,0,0,0,0,0,0,0,0,0,0,0,0,,,0,,0,0,0,0,0,0,0,0,0,0,,0,0,0,0,0,0,0,0,0,0,0,0,0,0,,0,0,0,0,0,,0.0,0.0,0.0,0,50,4,14,0,0,1,0.0,0.0,0,2,0,13,0,0,0,0,0,0,0,0,0,4,55,0,0,0,0,0,0,0,0,0,0,0,0,0,,,0,0,0,0,0,0,0,0,0,0,0,0,,,,0,0,0,0,0,0,0,,0,0,0,0,,0,0,,0,0,0,0,0,0,0,0,0,0,0.0,0.0
00-0029562,L.David,Lavonte David,OLB,LB,"https://static.www.nfl.com/image/upload/f_auto,q_auto/league/gicyoxodiwdzvybrzddk",2023,REG,TB,15,0,0,0,0,0,0,0,0,0,0,0,0,,,0,,0,0,0,0,0,0,0,0,0,0,,0,0,0,0,0,0,0,0,0,0,0,0,0,0,,0,0,0,0,0,,0.0,0.0,0.0,0,69,17,48,12,51,1,4.5,43.5,5,0,0,5,0,0,0,0,0,0,0,0,0,2,20,0,0,0,0,0,0,0,0,0,0,0,0,0,,,0,0,0,0,0,0,0,0,0,0,0,0,,,,0,0,0,0,0,0,0,,0,0,0,0,,0,0,,0,0,0,0,0,0,0,0,0,0,0.0,0.0
00-0029592,K.Zeitler,Kevin Zeitler,G,OL,"https://static.www.nfl.com/image/upload/f_auto,q_auto/league/nfb14plexvixmjo0p5ye",2023,REG,BAL,5,0,0,0,0,0,0,0,0,0,0,0,0,,,0,,0,0,0,0,0,0,0,0,0,0,,0,0,0,0,0,0,0,0,0,0,0,0,0,0,,0,0,0,0,0,,0.0,0.0,0.0,0,1,0,0,0,0,0,0.0,0.0,0,0,0,0,0,0,0,0,1,0,0,0,0,3,20,0,0,0,0,0,0,0,0,0,0,0,0,0,,,0,0,0,0,0,0,0,0,0,0,0,0,,,,0,0,0,0,0,0,0,,0,0,0,0,,0,0,,0,0,0,0,0,0,0,0,0,0,0.0,0.0
00-0029597,J.Tucker,Justin Tucker,K,SPEC,"https://static.www.nfl.com/image/upload/f_auto,q_auto/league/thawkkxcbyuddwuidgb0",2023,REG,BAL,17,0,0,0,0,0,0,0,0,0,0,0,0,,,0,,0,0,0,0,0,0,0,0,0,0,,0,0,0,0,0,0,0,0,0,0,0,0,0,0,,0,0,0,0,0,,0.0,0.0,0.0,0,0,0,0,0,0,0,0.0,0.0,0,0,0,0,0,0,0,0,0,0,0,0,0,0,0,0,0,0,0,0,0,0,0,0,32,37,4,1,50,0.8648648648648649,0,10,10,11,1,0,0,0,0,1,2,1,39;44;40;50;23;41;28;23;29;20;36;32;48;37;45;31;37;25;47;42;48;31;47;33;43;26;34;28;41;28;24;36,59;61;53;44,55,1136,217,55,51,52,0,1,0.9807692307692307,0,0,0,0,,0,0,,0,0,0,0,0,0,0,0,0,0,0.0,0.0
00-0029604,K.Cousins,Kirk Cousins,QB,QB,"https://static.www.nfl.com/image/upload/f_auto,q_auto/league/hmdqr7gju0dciapvdjcv",2023,REG,MIN,8,216,311,2331,18,5,17,-110,4,3,2252,996,112,37.10304547110406,4.28785780901151,0,1.0350799289520427,95,49,34,4,14,25,0,2,1,6,1.6873686246108264,0,1,0,0,0,0,0,0,0,0,0,0,0,0,,0,0,0,0,0,,0.0,0.0,0.0,0,0,0,0,0,0,0,0.0,0.0,0,0,0,0,0,0,0,0,2,-1,0,0,0,2,20,4,3,1,7,4,0,0,0,0,0,0,0,0,,,0,0,0,0,0,0,0,0,0,0,0,0,,,,0,0,0,0,0,0,0,,0,0,0,0,,0,0,,0,0,0,0,0,0,0,0,0,0,149.74,149.74
00-0029606,H.Smith,Harrison Smith,FS,DB,"https://static.www.nfl.com/image/upload/f_auto,q_auto/league/kadw1bk0cxsarjrwbdrq",2023,REG,MIN,17,0,0,0,0,0,0,0,0,0,0,0,0,,,0,,0,0,0,0,0,0,0,0,0,0,,0,0,0,0,0,0,0,0,0,0,0,0,0,0,,0,0,0,0,0,,0.0,0.0,0.0,0,49,11,33,2,14,3,3.0,35.0,6,0,0,3,0,0,0,0,0,0,0,0,0,1,31,0,0,0,0,0,0,0,0,0,0,0,0,0,,,0,0,0,0,0,0,0,0,0,0,0,0,,,,0,0,0,0,0,0,0,,0,0,0,0,,0,0,,0,0,0,0,0,0,0,0,0,0,0.0,0.0
00-0029607,D.Davis,Demario Davis,OLB,LB,"https://static.www.nfl.com/image/upload/f_auto,q_auto/league/fx9oohbyik0ibdlvyr8z",2023,REG,NO,17,0,0,0,0,0,0,0,0,0,0,0,0,,,0,,0,0,0,0,0,0,0,0,0,0,,0,0,0,0,0,0,0,0,0,0,0,0,0,0,,0,0,0,0,0,,0.0,0.0,0.0,0,67,7,47,11,48,1,6.5,48.5,11,0,0,4,0,0,0,0,0,0,1,20,0,0,0,0,0,0,0,0,0,0,0,0,0,0,0,0,,,0,0,0,0,0,0,0,0,0,0,0,0,,,,0,0,0,0,0,0,0,,0,0,0,0,,0,0,,0,0,0,0,0,0,0,0,0,0,0.0,0.0
00-0029621,G.Zuerlein,Greg Zuerlein,K,SPEC,"https://static.www.nfl.com/image/private/f_auto,q_auto/league/gzuks9rryzy90fecvi9l",2023,REG,NYJ,16,0,0,0,0,0,0,0,0,0,0,0,0,,,0,,0,0,0,0,0,0,0,0,0,0,,0,0,0,0,0,0,0,0,0,0,0,0,0,0,,0,0,0,0,0,,0.0,0.0,0.0,0,0,0,0,0,0,0,0.0,0.0,0,0,0,0,0,0,0,0,0,0,0,0,0,0,0,0,0,0,0,0,0,0,0,0,35,38,2,1,55,0.9210526315789473,0,8,9,13,5,0,0,0,0,1,1,0,26;43;30;52;31;30;26;27;22;49;43;42;35;38;35;33;47;46;47;53;30;45;27;46;51;55;44;25;27;54;46;44;21;40;33,52;49,31,1343,101,31,15,16,1,0,0.9375,2,2,0,0,33;54,0,0,,0,0,0,0,0,0,0,0,0,0,0.0,0.0
00-0029653,F.Cox,Fletcher Cox,DT,DL,"https://static.www.nfl.com/image/private/f_auto,q_auto/league/guiegvu50wdv6lzspebo",2023,REG,PHI,14,0,0,0,0,0,0,0,0,0,0,0,0,,,0,,0,0,0,0,0,0,0,0,0,0,,0,0,0,0,0,0,0,0,0,0,0,0,0,0,,0,0,0,0,0,,0.0,0.0,0.0,0,12,3,18,2,6,1,5.0,20.5,17,0,0,2,0,0,0,0,0,0,1,8,0,2,20,0,0,0,0,0,0,0,0,0,0,0,0,0,,,0,0,0,0,0,0,0,0,0,0,0,0,,,,0,0,0,0,0,0,0,,0,0,0,0,,0,0,,0,0,0,0,0,0,0,0,0,0,0.0,0.0
00-0029685,G.Van Roten,Greg Van Roten,G,OL,"https://static.www.nfl.com/image/upload/f_auto,q_auto/league/iey1sirxc8ggdt5yeunm",2023,REG,LV,1,0,0,0,0,0,0,0,0,0,0,0,0,,,0,,0,0,0,0,0,0,0,0,0,0,,0,0,0,0,0,0,0,5,0,0,0,0,5,0,,0,0,0,0,0,0.0,0.0,0.0,0.0,0,0,0,0,0,0,0,0.0,0.0,0,0,0,0,0,0,0,0,0,0,0,0,0,0,0,0,1,0,1,1,0,0,0,0,0,0,0,0,,,0,0,0,0,0,0,0,0,0,0,0,0,,,,0,0,0,0,0,0,0,,0,0,0,0,,0,0,,0,0,0,0,0,0,0,0,0,0,0.5,0.5
00-0029692,B.Anger,Bryan Anger,P,SPEC,"https://static.www.nfl.com/image/upload/f_auto,q_auto/league/e1fozrp2fhprrkheqt0x",2023,REG,DAL,15,0,0,0,0,0,0,0,0,0,0,0,0,1.053,,1,,0,0,0,0,0,0,0,0,0,0,,0,0,0,0,0,0,0,0,0,0,0,0,0,0,,0,0,0,0,0,,0.0,0.0,0.0,0,1,0,0,0,0,0,0.0,0.0,0,0,0,0,0,0,0,0,0,0,0,0,0,0,0,0,0,0,0,0,0,0,0,0,0,0,0,0,,,0,0,0,0,0,0,0,0,0,0,0,0,,,,0,0,0,0,0,0,0,,0,0,0,0,,44,0,63,2262,17,2,3,2,13,24,247,0,1975,2.0,2.0
00-0029701,R.Tannehill,Ryan Tannehill,QB,QB,"https://static.www.nfl.com/image/private/f_auto,q_auto/league/yvwju12dl6haf3r8uzrm",2023,REG,TEN,9,149,230,1616,4,7,32,-230,2,0,1816,795,74,-22.866367662793895,1.0427043244645402,0,0.8898678414096917,63,29,21,4,17,74,1,1,0,4,-4.0678950850560796,0,4,4,1,0,0,1,0,0,0,0,-1,0,0,-0.4180150681640953,0,0,0,0,0,0.0,0.0020920502092050207,-0.0002188662727073758,0.002984868922912368,0,1,0,0,0,0,0,0.0,0.0,0,0,0,0,0,0,0,0,2,-12,0,0,0,0,0,2,2,0,4,0,0,0,0,0,0,0,0,0,,,0,0,0,0,0,0,0,0,0,0,0,0,,,,0,0,0,0,0,0,0,,0,0,0,0,,0,0,,0,0,0,0,0,0,0,0,0,0,80.04,80.04
00-0029714,A.DePaola,Andrew DePaola,LS,SPEC,"https://static.www.nfl.com/image/upload/f_auto,q_auto/league/jcrvuhkivwjhbqmzp5tm",2023,REG,MIN,3,0,0,0,0,0,0,0,0,0,0,0,0,,,0,,0,0,0,0,0,0,0,0,0,0,,0,0,0,0,0,0,0,0,0,0,0,0,0,0,,0,0,0,0,0,,0.0,0.0,0.0,0,1,0,2,0,0,0,0.0,0.0,0,0,0,0,0,0,0,0,0,0,0,0,0,0,0,0,0,0,0,0,0,0,0,0,0,0,0,0,,,0,0,0,0,0,0,0,0,0,0,0,0,,,,0,0,0,0,0,0,0,,0,0,0,0,,0,0,,0,0,0,0,0,0,0,0,0,0,0.0,0.0
00-0029764,C.Davis,Cody Davis,DB,DB,"https://static.www.nfl.com/image/private/f_auto,q_auto/league/pdijtrs1tnltal8g6cmx",2023,REG,NE,5,0,0,0,0,0,0,0,0,0,0,0,0,,,0,,0,0,0,0,0,0,0,0,0,0,,0,0,0,0,0,0,0,0,0,0,0,0,0,0,,0,0,0,0,0,,0.0,0.0,0.0,0,4,0,1,0,0,0,0.0,0.0,0,0,0,0,0,0,0,0,0,0,1,1,1,0,0,0,0,0,0,0,0,0,0,0,0,0,0,0,,,0,0,0,0,0,0,0,0,0,0,0,0,,,,0,0,0,0,0,0,0,,0,0,0,0,,0,0,,0,0,0,0,0,0,0,0,0,0,0.0,0.0
00-0029822,B.McManus,Brandon McManus,K,SPEC,"https://static.www.nfl.com/image/upload/f_auto,q_auto/league/qvwi9b1vfkn0wlmdl7ej",2023,REG,JAX,17,0,0,0,0,0,0,0,0,0,0,0,0,,,0,,0,0,0,0,0,0,0,0,0,0,,0,0,0,0,0,0,0,0,0,0,0,0,0,0,,0,0,0,0,0,,0.0,0.0,0.0,0,1,0,0,0,0,0,0.0,0.0,0,0,0,0,0,0,0,0,0,0,0,0,0,0,0,0,0,0,0,0,0,0,0,0,30,37,6,1,56,0.8108108108108109,0,4,10,11,5,0,0,0,0,2,4,0,45;32;49;22;33;56;43;38;44;48;49;51;43;50;51;38;37;37;30;25;40;48;53;40;35;26;24;34;44;30,48;55;48;50;55;52,51,1195,308,51,35,35,0,0,1.0,0,0,0,0,,0,0,,0,0,0,0,0,0,0,0,0,0,0.0,0.0
00-0029890,M.Purcell,Mike Purcell,NT,DL,"https://static.www.nfl.com/image/private/f_auto,q_auto/league/thcksouge8z0pgfli6xt",2023,REG,DEN,16,0,0,0,0,0,0,0,0,0,0,0,0,,,0,,0,0,0,0,0,0,0,0,0,0,,0,0,0,0,0,0,0,0,0,0,0,0,0,0,,0,0,0,0,0,,0.0,0.0,0.0,0,6,5,14,0,0,0,0.0,0.0,5,0,0,3,0,0,0,0,0,0,1,0,0,2,6,0,0,0,0,0,0,0,0,0,0,0,0,0,,,0,0,0,0,0,0,0,0,0,0,0,0,,,,0,0,0,0,0,0,0,,0,0,0,0,,0,0,,0,0,0,0,0,0,0,0,0,0,0.0,0.0
00-0029892,K.Juszczyk,Kyle Juszczyk,FB,RB,"https://static.www.nfl.com/image/upload/f_auto,q_auto/league/qflumv1aag7yw9mgwpga",2023,REG,SF,11,0,0,0,0,0,0,0,0,0,0,0,0,,,0,,0,0,0,0,5,6,0,0,0,2,-1.9073626617027912,0,0,0,0,0,14,17,119,2,0,0,73,58,8,9.338851278327638,0,2,2,1,0,1.63013698630137,0.036093418259023353,0.018168242906918864,0.06685789742337823,0,1,0,0,0,0,0,0.0,0.0,0,0,0,0,0,0,0,0,0,0,0,0,0,1,5,0,0,0,0,0,0,0,1,18,0,0,0,0,,,0,0,0,0,0,0,0,0,0,0,0,0,,,,0,0,0,0,0,0,0,,0,0,0,0,,0,0,,0,0,0,0,0,0,0,0,0,0,24.5,38.5
00-0030035,A.Thielen,Adam Thielen,WR,WR,"https://static.www.nfl.com/image/upload/f_auto,q_auto/league/pv6gajxtt6zhum2unnsl",2023,REG,CAR,17,0,0,0,0,0,0,0,0,0,0,0,0,,,0,,0,0,0,0,1,6,0,0,0,0,0.2364210255909711,0,0,0,0,0,103,137,1014,4,2,0,1058,340,56,60.728397488386285,1,40,17,9,0,0.9584120982986768,0.2565543071161049,0.23605533244087462,0.5500701933827695,0,0,0,0,0,0,0,0.0,0.0,0,0,0,0,0,0,0,0,0,0,0,0,0,4,27,2,0,1,2,0,0,0,0,0,0,0,0,0,,,0,0,0,0,0,0,0,0,0,0,0,0,,,,0,0,0,0,0,0,0,,0,0,0,0,,0,0,,0,0,0,0,0,0,0,0,0,0,128.0,231.0
00-0030061,Z.Ertz,Zach Ertz,TE,TE,"https://static.www.nfl.com/image/upload/f_auto,q_auto/league/xktmmeumuoglbuam75iz",2023,REG,ARI,7,0,0,0,0,0,0,0,0,0,0,0,0,,,0,,0,0,0,0,0,0,0,0,0,0,,0,0,0,0,0,27,43,187,1,0,0,332,46,8,-14.025217831120045,0,7,1,0,0,0.5632530120481928,0.07962962962962963,0.07931199235547062,0.17496283909327387,0,1,0,0,0,0,0,0.0,0.0,0,0,0,0,0,0,0,0,0,0,0,0,0,0,0,0,0,0,0,0,0,0,0,0,0,0,0,0,,,0,0,0,0,0,0,0,0,0,0,0,0,,,,0,0,0,0,0,0,0,,0,0,0,0,,0,0,,0,0,0,0,0,0,0,0,0,0,24.7,51.7
00-0030062,D.Slay,Darius Slay,CB,DB,"https://static.www.nfl.com/image/upload/f_auto,q_auto/league/r7dwifb7wrqvqj714dgh",2023,REG,PHI,12,0,0,0,0,0,0,0,0,0,0,0,0,,,0,,0,0,0,0,0,0,0,0,0,0,,0,0,0,0,0,0,0,0,0,0,0,0,0,0,,0,0,0,0,0,,0.0,0.0,0.0,0,41,7,9,1,5,0,0.0,0.0,0,2,86,15,1,0,0,0,0,0,0,0,0,3,36,0,0,0,0,0,0,0,0,0,0,0,0,0,,,0,0,0,0,0,0,0,0,0,0,0,0,,,,0,0,0,0,0,0,0,,0,0,0,0,,0,0,,0,0,0,0,0,0,0,0,0,0,0.0,0.0
00-0030063,J.Hankins,Johnathan Hankins,DT,DL,"https://static.www.nfl.com/image/upload/f_auto,q_auto/league/iqrq5urtdwurus6hievb",2023,REG,DAL,13,0,0,0,0,0,0,0,0,0,0,0,0,,,0,,0,0,0,0,0,0,0,0,0,0,,0,0,0,0,0,0,0,0,0,0,0,0,0,0,,0,0,0,0,0,,0.0,0.0,0.0,0,10,3,14,2,18,0,3.0,18.0,3,0,0,2,0,0,0,0,0,0,0,0,0,3,25,0,0,0,0,0,0,0,0,0,0,0,0,0,,,0,0,0,0,0,0,0,0,0,0,0,0,,,,0,0,0,0,0,0,0,,0,0,0,0,,0,0,,0,0,0,0,0,0,0,0,0,0,0.0,0.0
00-0030067,T.Armstead,Terron Armstead,OT,OL,"https://static.www.nfl.com/image/private/f_auto,q_auto/league/zjqocz6fl2qrhxqkgdbp",2023,REG,MIA,2,0,0,0,0,0,0,0,0,0,0,0,0,,,0,,0,0,0,0,0,0,0,0,0,0,,0,0,0,0,0,0,0,0,0,0,0,0,0,0,,0,0,0,0,0,,0.0,0.0,0.0,0,0,0,0,0,0,0,0.0,0.0,0,0,0,0,0,0,0,0,0,0,0,0,0,3,19,0,0,0,0,0,0,0,0,0,0,0,0,0,,,0,0,0,0,0,0,0,0,0,0,0,0,,,,0,0,0,0,0,0,0,,0,0,0,0,,0,0,,0,0,0,0,0,0,0,0,0,0,0.0,0.0
00-0030068,M.Goodwin,Marquise Goodwin,WR,WR,"https://static.www.nfl.com/image/upload/f_auto,q_auto/league/cof5bbih1o9dtnonwmjp",2023,REG,CLE,10,0,0,0,0,0,0,0,0,0,0,0,0,,,0,,0,0,0,0,4,33,0,0,0,2,1.4552314696484245,0,2,2,1,0,4,13,67,0,0,0,391,21,1,-8.266660540830372,0,1,1,1,1,0.17135549872122763,0.021775544388609715,0.07378750707680694,0.08431457153667943,0,0,0,0,0,0,0,0.0,0.0,0,0,0,0,0,0,0,0,0,0,0,0,0,0,0,0,0,0,0,0,0,0,0,0,0,0,0,0,,,0,0,0,0,0,0,0,0,0,0,0,0,,,,0,0,0,0,0,0,0,,0,0,0,0,,0,0,,0,0,0,0,0,0,0,0,0,0,10.0,14.0
00-0030070,J.Jenkins,John Jenkins,DT,DL,"https://static.www.nfl.com/image/upload/f_auto,q_auto/league/cgamzernsuzy7zamg3rx",2023,REG,LV,16,0,0,0,0,0,0,0,0,0,0,0,0,,,0,,0,0,0,0,0,0,0,0,0,0,,0,0,0,0,0,0,0,0,0,0,0,0,0,0,,0,0,0,0,0,,0.0,0.0,0.0,0,13,11,37,3,8,0,1.0,4.0,2,0,0,4,0,0,0,0,0,0,1,44,1,0,0,0,0,0,0,0,0,0,0,0,0,0,0,0,,,0,0,0,0,0,0,0,0,0,0,0,0,,,,0,0,0,0,0,0,0,,0,0,0,0,,0,0,,0,0,0,0,0,0,0,0,0,0,0.0,0.0
00-0030090,M.Hyde,Micah Hyde,S,DB,"https://static.www.nfl.com/image/private/f_auto,q_auto/league/xxdwo2ndjc4qm9q5lpgx",2023,REG,BUF,14,0,0,0,0,0,0,0,0,0,0,0,0,,,0,,0,0,0,0,0,0,0,0,0,0,,0,0,0,0,0,0,0,0,0,0,0,0,0,0,,0,0,0,0,0,,0.0,0.0,0.0,0,28,9,17,1,3,0,0.0,0.0,1,2,24,7,0,0,0,0,0,0,0,0,0,0,0,0,0,0,0,0,0,0,0,0,0,0,0,0,,,0,0,0,0,0,0,0,0,0,0,0,0,,,,0,0,0,0,0,0,0,,0,0,0,0,,0,0,,0,0,0,0,0,0,0,0,0,0,0.0,0.0
00-0030092,S.Martin,Sam Martin,P,SPEC,"https://static.www.nfl.com/image/upload/f_auto,q_auto/league/hkewwfpluyhrcdgquthf",2023,REG,BUF,17,0,0,0,0,0,0,0,0,0,0,0,0,,,0,,0,0,0,0,0,0,0,0,0,0,,0,0,0,0,0,0,0,0,0,0,0,0,0,0,,0,0,0,0,0,,0.0,0.0,0.0,0,0,0,0,0,0,0,0.0,0.0,0,0,0,0,0,0,0,0,0,0,0,0,0,0,0,0,0,0,0,0,0,0,0,0,0,0,0,0,,,0,0,0,0,0,0,0,0,0,0,0,0,,,,0,0,0,0,0,0,0,,0,0,0,0,,51,0,70,2334,24,5,7,3,17,19,237,1,2037,0.0,0.0
00-0030097,D.Quessenberry,David Quessenberry,OT,OL,"https://static.www.nfl.com/image/upload/f_auto,q_auto/league/u9tqc6zzwioplioiixpm",2023,REG,MIN,2,0,0,0,0,0,0,0,0,0,0,0,0,,,0,,0,0,0,0,0,0,0,0,0,0,,0,0,0,0,0,0,0,0,0,0,0,0,0,0,,0,0,0,0,0,,0.0,0.0,0.0,0,1,0,0,0,0,0,0.0,0.0,0,0,0,0,0,0,0,0,0,0,0,0,0,1,5,0,0,0,0,0,0,0,0,0,0,0,0,0,,,0,0,0,0,0,0,0,0,0,0,0,0,,,,0,0,0,0,0,0,0,,0,0,0,0,,0,0,,0,0,0,0,0,0,0,0,0,0,0.0,0.0
00-0030098,D.Hopkins,Dustin Hopkins,K,SPEC,"https://static.www.nfl.com/image/upload/f_auto,q_auto/league/b8xhu9uud3finj0x9hpf",2023,REG,CLE,15,0,0,0,0,0,0,0,0,0,0,0,0,,,0,,0,0,0,0,0,0,0,0,0,0,,0,0,0,0,0,0,0,0,0,0,0,0,0,0,,0,0,0,0,0,,0.0,0.0,0.0,0,2,0,0,0,0,0,0.0,0.0,0,0,0,0,0,0,0,0,0,0,0,0,0,0,0,0,0,0,0,0,0,0,0,0,33,36,3,0,58,0.9166666666666666,0,8,7,10,8,0,0,0,0,3,0,0,42;34;43;43;55;48;52;53;42;46;50;29;44;54;54;58;25;27;30;45;36;28;23;40;25;34;36;24;40;24;55;33;34,43;47;48,,1306,138,0,24,26,2,0,0.9230769230769231,2,2,0,0,40;34,0,0,,0,0,0,0,0,0,0,0,0,0,0.0,0.0
00-0030114,J.Poyer,Jordan Poyer,FS,DB,"https://static.www.nfl.com/image/upload/f_auto,q_auto/league/jv5ibhkljw1u9knlwqzy",2023,REG,BUF,16,0,0,0,0,0,0,0,0,0,0,0,0,,,0,,0,0,0,0,0,0,0,0,0,0,,0,0,0,0,0,0,0,0,0,0,0,0,0,0,,0,0,0,0,0,,0.0,0.0,0.0,0,58,9,34,2,8,1,1.0,4.0,2,0,0,4,0,0,0,0,0,0,0,0,0,3,27,0,0,0,0,0,0,0,0,0,0,0,0,0,,,0,0,0,0,0,0,0,0,0,0,0,0,,,,0,0,0,0,0,0,0,,0,0,0,0,,0,0,,0,0,0,0,0,0,0,0,0,0,0.0,0.0
00-0030140,T.Way,Tress Way,P,SPEC,"https://static.www.nfl.com/image/upload/f_auto,q_auto/league/c9oijuzo666bwebj9yuj",2023,REG,WAS,17,0,0,0,0,0,0,0,0,0,0,0,0,,,0,,0,0,0,0,1,0,0,0,0,0,-4.317329486482777,0,0,0,0,0,0,0,0,0,0,0,0,0,0,,0,0,0,0,0,,0.0,0.0,0.0,0,0,0,0,0,0,0,0.0,0.0,0,0,0,0,0,0,0,0,1,0,0,0,0,0,0,0,0,0,0,0,0,0,0,0,0,0,0,0,,,0,0,0,0,0,0,0,0,0,0,0,0,,,,0,0,0,0,0,0,0,,0,0,0,0,,73,2,66,3361,30,1,11,2,25,34,271,0,3050,0.0,0.0
00-0030142,B.Wing,Brad Wing,P,SPEC,"https://static.www.nfl.com/image/private/f_auto,q_auto/league/breqxoaezzig1jriolcm",2023,REG,PIT,2,0,0,0,0,0,0,0,0,0,0,0,0,,,0,,0,0,0,0,0,0,0,0,0,0,,0,0,0,0,0,0,0,0,0,0,0,0,0,0,,0,0,0,0,0,,0.0,0.0,0.0,0,0,0,0,0,0,0,0.0,0.0,0,0,0,0,0,0,0,0,0,0,0,0,0,0,0,0,0,0,0,0,0,0,0,0,0,0,0,0,,,0,0,0,0,0,0,0,0,0,0,0,0,,,,0,0,0,0,0,0,0,,0,0,0,0,,11,0,52,495,3,1,0,2,4,4,27,0,428,0.0,0.0
00-0030279,K.Allen,Keenan Allen,WR,WR,"https://static.www.nfl.com/image/upload/f_auto,q_auto/league/ri267r6lzfwarh89hsn6",2023,REG,LAC,13,1,2,49,1,0,0,0,0,0,39,27,1,3.514876914501656,-5.947259068489075,0,1.2564102564102564,1,1,1,1,2,6,0,0,0,1,0.15395117574371397,0,0,0,0,0,108,150,1243,7,2,1,1452,396,57,60.83327256819727,0,47,23,19,1,0.8560606060606061,0.24429967426710097,0.3067821677582928,0.5811970288314564,0,0,0,0,0,0,0,0.0,0.0,0,0,0,0,0,0,0,0,1,0,0,0,0,1,10,2,0,0,2,1,0,0,0,0,0,0,0,0,,,0,0,0,0,0,0,0,0,0,0,0,0,,,,0,0,0,0,0,0,0,,0,0,0,0,,0,0,,0,0,0,0,0,0,0,0,0,0,170.86,278.86
00-0030332,B.Maher,Brett Maher,K,SPEC,"https://static.www.nfl.com/image/private/f_auto,q_auto/league/v5fuzaeucyftknl6hwoe",2023,REG,LA,8,0,0,0,0,0,0,0,0,0,0,0,0,,,0,,0,0,0,0,0,0,0,0,0,0,,0,0,0,0,0,0,0,0,0,0,0,0,0,0,,0,0,0,0,0,,0.0,0.0,0.0,0,0,0,0,0,0,0,0.0,0.0,0,0,0,0,0,0,0,0,0,0,0,0,0,0,0,0,0,0,0,0,0,0,0,0,17,23,5,1,54,0.7391304347826086,0,3,4,7,3,0,0,0,0,2,3,0,38;54;45;43;48;38;30;23;42;40;54;51;29;35;25;43;41,56;46;48;53;51,57,679,254,57,13,15,2,0,0.8666666666666667,0,0,0,0,,0,0,,0,0,0,0,0,0,0,0,0,0,0.0,0.0
00-0030383,D.Harmon,Duron Harmon,S,DB,"https://static.www.nfl.com/image/upload/f_auto,q_auto/league/spklqujyj6a7dmacc74l",2023,REG,CLE,6,0,0,0,0,0,0,0,0,0,0,0,0,,,0,,0,0,0,0,0,0,0,0,0,0,,0,0,0,0,0,0,0,0,0,0,0,0,0,0,,0,0,0,0,0,,0.0,0.0,0.0,0,16,2,4,3,12,0,1.0,9.0,1,1,0,2,0,0,0,0,0,0,0,0,0,0,0,0,0,0,0,0,0,0,0,0,0,0,0,0,,,0,0,0,0,0,0,0,0,0,0,0,0,,,,0,0,0,0,0,0,0,,0,0,0,0,,0,0,,0,0,0,0,0,0,0,0,0,0,0.0,0.0
00-0030386,W.Gholston,William Gholston,DT,DL,"https://static.www.nfl.com/image/upload/f_auto,q_auto/league/yn9hugzuf7g8ve2xjtwi",2023,REG,TB,12,0,0,0,0,0,0,0,0,0,0,0,0,,,0,,0,0,0,0,0,0,0,0,0,0,,0,0,0,0,0,0,0,0,0,0,0,0,0,0,,0,0,0,0,0,,0.0,0.0,0.0,0,8,2,9,0,0,0,0.0,0.0,0,1,0,2,0,0,0,0,0,0,0,0,0,1,15,0,0,0,0,0,0,0,0,0,0,0,0,0,,,0,0,0,0,0,0,0,0,0,0,0,0,,,,0,0,0,0,0,0,0,,0,0,0,0,,0,0,,0,0,0,0,0,0,0,0,0,0,0.0,0.0
00-0030411,L.Ryan,Logan Ryan,CB,DB,"https://static.www.nfl.com/image/private/f_auto,q_auto/league/cx2auxfuxnuduesro2ww",2023,REG,SF,4,0,0,0,0,0,0,0,0,0,0,0,0,,,0,,0,0,0,0,0,0,0,0,0,0,,0,0,0,0,0,0,0,0,0,0,0,0,0,0,,0,0,0,0,0,,0.0,0.0,0.0,0,8,1,4,1,1,0,0.0,0.0,0,0,0,0,0,0,0,0,0,0,0,0,0,1,5,0,0,0,0,0,0,0,0,0,0,0,0,0,,,0,0,0,0,0,0,0,0,0,0,0,0,,,,0,0,0,0,0,0,0,,0,0,0,0,,0,0,,0,0,0,0,0,0,0,0,0,0,0.0,0.0
00-0030431,R.Woods,Robert Woods,WR,WR,"https://static.www.nfl.com/image/upload/f_auto,q_auto/league/ydjg5fylwkf5aaxiul6v",2023,REG,HOU,14,0,0,0,0,0,0,0,0,0,0,0,0,,,0,,0,0,0,0,1,7,0,0,0,0,0.13571642304304987,0,0,0,0,0,40,75,426,1,0,0,732,126,26,2.1483266097997857,0,20,8,2,0,0.5819672131147541,0.13250883392226148,0.14139463009464942,0.29773949194964683,0,1,0,1,0,0,0,0.0,0.0,0,0,0,0,0,0,0,0,0,0,0,0,0,2,5,0,0,0,0,0,7,42,0,0,0,0,0,0,,,0,0,0,0,0,0,0,0,0,0,0,0,,,,0,0,0,0,0,0,0,,0,0,0,0,,0,0,,0,0,0,0,0,0,0,0,0,0,49.300000000000004,89.30000000000001
00-0030459,T.Mathieu,Tyrann Mathieu,FS,DB,"https://static.www.nfl.com/image/upload/f_auto,q_auto/league/k3fywj4kodnfuyscnujy",2023,REG,NO,17,0,0,0,0,0,0,0,0,0,0,0,0,,,0,,0,0,0,0,0,0,0,0,0,0,,0,0,0,0,0,0,0,0,0,0,0,0,0,0,,0,0,0,0,0,,0.0,0.0,0.0,0,42,8,25,0,0,0,0.0,0.0,1,4,122,9,1,0,0,0,0,0,0,0,0,2,30,0,0,0,0,0,0,0,0,0,0,0,0,0,,,0,0,0,0,0,0,0,0,0,0,0,0,,,,0,0,0,0,0,0,0,,0,0,0,0,,0,0,,0,0,0,0,0,0,0,0,0,0,0.0,0.0
00-0030500,N.Williams,Nick Williams,DT,DL,"https://static.www.nfl.com/image/private/f_auto,q_auto/league/lphbl2t0w052unkblknq",2023,REG,LAC,13,0,0,0,0,0,0,0,0,0,0,0,0,,,0,,0,0,0,0,0,0,0,0,0,0,,0,0,0,0,0,0,0,0,0,0,0,0,0,0,,0,0,0,0,0,,0.0,0.0,0.0,0,13,3,16,6,17,0,1.0,8.0,1,0,0,0,0,0,0,0,0,0,2,0,0,0,0,0,0,0,0,0,0,0,0,0,0,0,0,0,,,0,0,0,0,0,0,0,0,0,0,0,0,,,,0,0,0,0,0,0,0,,0,0,0,0,,0,0,,0,0,0,0,0,0,0,0,0,0,0.0,0.0
00-0030506,T.Kelce,Travis Kelce,TE,TE,"https://static.www.nfl.com/image/upload/f_auto,q_auto/league/ebc5j60djpinc9elvlc5",2023,REG,KC,15,0,0,0,0,0,0,0,0,0,0,0,0,,,0,,0,0,0,0,0,0,0,0,0,0,,0,0,0,0,0,93,121,984,5,1,1,807,470,51,48.01501512007571,0,39,17,12,2,1.2193308550185873,0.2020033388981636,0.19706959706959706,0.44095372629596336,0,1,0,0,0,0,0,0.0,0.0,0,0,0,0,0,0,0,0,0,0,0,0,0,7,70,1,0,0,1,1,0,0,0,0,0,0,0,0,,,0,0,0,0,0,0,0,0,0,0,0,0,,,,0,0,0,0,0,0,0,,0,0,0,0,,0,0,,0,0,0,0,0,0,0,0,0,0,126.4,219.4
00-0030513,L.Murray,Latavius Murray,RB,RB,"https://static.www.nfl.com/image/private/f_auto,q_auto/league/zepm7ghltyeqydn0qxcg",2023,REG,BUF,15,0,0,0,0,0,0,0,0,0,0,0,0,,,0,,0,0,0,0,79,300,4,0,0,27,-2.5622984387688468,0,6,5,2,0,17,22,119,0,1,0,34,92,7,6.6656454447588995,0,3,3,2,0,3.5,0.04036697247706422,0.0067702110712863405,0.06528960646549677,0,1,0,0,0,0,0,0.0,0.0,0,0,0,0,0,0,0,0,0,0,0,0,0,1,10,0,1,1,1,0,0,0,0,0,0,0,0,0,,,0,0,0,0,0,0,0,0,0,0,0,0,,,,0,0,0,0,0,0,0,,0,0,0,0,,0,0,,0,0,0,0,0,0,0,0,0,0,65.9,82.9
00-0030533,M.Barkley,Matt Barkley,QB,QB,"https://static.www.nfl.com/image/private/f_auto,q_auto/league/ejvscebj0ufugx5vrouq",2023,REG,JAX,1,0,0,0,0,0,0,0,0,0,0,0,0,,,0,,0,0,0,0,3,-3,0,0,0,0,-4.012016120250337,0,0,0,0,0,0,0,0,0,0,0,0,0,0,,0,0,0,0,0,,0.0,0.0,0.0,0,0,0,0,0,0,0,0.0,0.0,0,0,0,0,0,0,0,0,0,0,0,0,0,0,0,0,0,0,0,0,0,0,0,0,0,0,0,0,,,0,0,0,0,0,0,0,0,0,0,0,0,,,,0,0,0,0,0,0,0,,0,0,0,0,,0,0,,0,0,0,0,0,0,0,0,0,0,-0.30000000000000004,-0.30000000000000004
00-0030561,L.Johnson,Lane Johnson,OT,OL,"https://static.www.nfl.com/image/upload/f_auto,q_auto/league/ukibsn5yxozyzompfbxm",2023,REG,PHI,5,0,0,0,0,0,0,0,0,0,0,0,0,,,0,,0,0,0,0,0,0,0,0,0,0,,0,0,0,0,0,0,0,0,0,0,0,0,0,0,,0,0,0,0,0,,0.0,0.0,0.0,0,0,0,0,0,0,0,0.0,0.0,0,0,0,0,0,0,0,0,1,0,0,0,0,4,25,0,0,0,0,0,0,0,0,0,0,0,0,0,,,0,0,0,0,0,0,0,0,0,0,0,0,,,,0,0,0,0,0,0,0,,0,0,0,0,,0,0,,0,0,0,0,0,0,0,0,0,0,0.0,0.0
00-0030564,D.Hopkins,DeAndre Hopkins,WR,WR,"https://static.www.nfl.com/image/upload/f_auto,q_auto/league/snvo6holyfdjmrlqxqxu",2023,REG,TEN,17,0,1,0,0,0,0,0,0,0,-1,0,0,-0.4180150681640953,-59.53988432884216,0,0.0,0,0,0,0,2,9,0,0,0,0,0.2670170360361226,0,0,0,0,0,75,137,1057,7,0,0,1934,223,48,19.165303081635933,0,41,27,15,4,0.546535677352637,0.28661087866108786,0.42328737141606476,0.7262174779828771,0,3,0,0,0,0,0,0.0,0.0,0,0,0,0,0,0,0,0,0,0,0,0,0,4,24,0,0,0,0,0,0,0,0,0,0,0,0,0,,,0,0,0,0,0,0,0,0,0,0,0,0,,,,0,0,0,0,0,0,0,,0,0,0,0,,0,0,,0,0,0,0,0,0,0,0,0,0,148.60000000000002,223.60000000000002
00-0030565,G.Smith,Geno Smith,QB,QB,"https://static.www.nfl.com/image/upload/f_auto,q_auto/league/tqy0933vz5yogwlefb1s",2023,REG,SEA,15,323,499,3624,20,9,31,-231,4,2,3500,1714,169,34.54653651417416,2.444135994350506,2,1.0354285714285714,142,74,46,5,37,155,1,1,1,10,-4.9264974177931435,0,6,4,2,0,1,1,-2,0,0,0,-8,6,0,-1.4415200678631663,0,0,0,0,0,0.0,0.0018281535648994515,-0.001941276389225916,0.0013833368748910361,0,0,0,0,0,0,0,0.0,0.0,0,0,0,0,0,0,0,0,2,-3,0,0,0,5,44,4,1,0,5,3,0,0,0,0,0,0,0,0,,,0,0,0,0,0,0,0,0,0,0,0,0,,,,0,0,0,0,0,0,0,,0,0,0,0,,0,0,,0,0,0,0,0,0,0,0,0,0,226.26000000000002,227.26000000000002
00-0030578,C.Patterson,Cordarrelle Patterson,RB,RB,"https://static.www.nfl.com/image/upload/f_auto,q_auto/league/jktdrwmujfuqp94csnav",2023,REG,ATL,12,0,0,0,0,0,0,0,0,0,0,0,0,,,0,,0,0,0,0,50,181,0,1,0,9,-7.982268733801776,0,5,3,0,0,9,12,38,1,0,0,10,37,2,-4.695393458852777,0,1,0,0,0,3.8,0.023622047244094488,0.0023014959723820483,0.03704411804680917,0,0,0,0,0,0,0,0.0,0.0,0,0,0,0,0,0,0,0,0,0,0,0,0,0,0,1,0,1,1,0,0,0,7,153,0,0,0,0,,,0,0,0,0,0,0,0,0,0,0,0,0,,,,0,0,0,0,0,0,0,,0,0,0,0,,0,0,,0,0,0,0,0,0,0,0,0,0,27.900000000000002,36.900000000000006
00-0030585,J.Pugh,Justin Pugh,G,OL,"https://static.www.nfl.com/image/upload/f_auto,q_auto/league/vjpj5hrfb568u8ni8bvs",2023,REG,NYG,4,0,0,0,0,0,0,0,0,0,0,0,0,,,0,,0,0,0,0,0,0,0,0,0,0,,0,0,0,0,0,0,0,0,0,0,0,0,0,0,,0,0,0,0,0,,0.0,0.0,0.0,0,1,0,0,0,0,0,0.0,0.0,0,0,0,0,0,0,0,0,0,0,0,0,0,4,25,0,0,0,0,0,0,0,0,0,0,0,0,0,,,0,0,0,0,0,0,0,0,0,0,0,0,,,,0,0,0,0,0,0,0,,0,0,0,0,,0,0,,0,0,0,0,0,0,0,0,0,0,0.0,0.0
00-0030615,J.Winchester,James Winchester,LS,SPEC,"https://static.www.nfl.com/image/upload/f_auto,q_auto/league/qw1jmfvcpwxx12cewfqg",2023,REG,KC,1,0,0,0,0,0,0,0,0,0,0,0,0,,,0,,0,0,0,0,0,0,0,0,0,0,,0,0,0,0,0,0,0,0,0,0,0,0,0,0,,0,0,0,0,0,,0.0,0.0,0.0,0,0,1,0,0,0,0,0.0,0.0,0,0,0,0,0,0,0,0,0,0,0,0,0,0,0,0,0,0,0,0,0,0,0,0,0,0,0,0,,,0,0,0,0,0,0,0,0,0,0,0,0,,,,0,0,0,0,0,0,0,,0,0,0,0,,0,0,,0,0,0,0,0,0,0,0,0,0,0.0,0.0
00-0030663,W.Snead,Willie Snead,WR,WR,"https://static.www.nfl.com/image/private/f_auto,q_auto/league/fr5xckiwhguuaishnbju",2023,REG,SF,2,0,0,0,0,0,0,0,0,0,0,0,0,,,0,,0,0,0,0,0,0,0,0,0,0,,0,0,0,0,0,2,3,14,0,0,0,18,3,0,-0.5363106988370419,0,0,0,0,0,0.7777777777777778,0.006369426751592357,0.004479840716774514,0.012690028629130696,0,0,0,0,0,0,0,0.0,0.0,0,0,0,0,0,0,0,0,0,0,0,0,0,0,0,0,0,0,0,0,0,0,0,0,0,0,0,0,,,0,0,0,0,0,0,0,0,0,0,0,0,,,,0,0,0,0,0,0,0,,0,0,0,0,,0,0,,0,0,0,0,0,0,0,0,0,0,1.4000000000000001,3.4000000000000004
00-0030694,J.Hurst,James Hurst,G,OL,"https://static.www.nfl.com/image/private/f_auto,q_auto/league/mzpvnvadsssb2qnrhihk",2023,REG,NO,5,0,0,0,0,0,0,0,0,0,0,0,0,,,0,,0,0,0,0,0,0,0,0,0,0,,0,0,0,0,0,0,0,0,0,0,0,0,0,0,,0,0,0,0,0,,0.0,0.0,0.0,0,1,0,0,0,0,0,0.0,0.0,0,0,0,0,0,0,0,0,1,0,0,0,0,3,25,0,0,0,0,0,0,0,0,0,0,0,0,0,,,0,0,0,0,0,0,0,0,0,0,0,0,,,,0,0,0,0,0,0,0,,0,0,0,0,,0,0,,0,0,0,0,0,0,0,0,0,0,0.0,0.0
00-0030725,C.Lucas,Cornelius Lucas,OT,OL,"https://static.www.nfl.com/image/upload/f_auto,q_auto/league/ii9b9lb3szz5vehvqh5a",2023,REG,WAS,1,0,0,0,0,0,0,0,0,0,0,0,0,,,0,,0,0,0,0,0,0,0,0,0,0,,0,0,0,0,0,0,0,0,0,0,0,0,0,0,,0,0,0,0,0,,0.0,0.0,0.0,0,0,0,1,0,0,0,0.0,0.0,0,0,0,0,0,0,0,0,0,0,0,0,0,1,5,0,0,0,0,0,0,0,0,0,0,0,0,0,,,0,0,0,0,0,0,0,0,0,0,0,0,,,,0,0,0,0,0,0,0,,0,0,0,0,,0,0,,0,0,0,0,0,0,0,0,0,0,0.0,0.0
00-0030757,M.Pennel,Mike Pennel,DT,DL,"https://static.www.nfl.com/image/upload/f_auto,q_auto/league/ezpbko1gvvdrrtqhkhnu",2023,REG,KC,3,0,0,0,0,0,0,0,0,0,0,0,0,,,0,,0,0,0,0,0,0,0,0,0,0,,0,0,0,0,0,0,0,0,0,0,0,0,0,0,,0,0,0,0,0,,0.0,0.0,0.0,0,2,0,2,1,2,0,0.0,0.0,0,0,0,0,0,0,0,0,0,0,0,0,0,0,0,0,0,0,0,0,0,0,0,0,0,0,0,0,,,0,0,0,0,0,0,0,0,0,0,0,0,,,,0,0,0,0,0,0,0,,0,0,0,0,,0,0,,0,0,0,0,0,0,0,0,0,0,0.0,0.0
00-0030792,J.McCray,Justin McCray,G,OL,"https://static.www.nfl.com/image/private/f_auto,q_auto/league/tihyxej2wcfcbnjwqrks",2023,REG,CAR,1,0,0,0,0,0,0,0,0,0,0,0,0,,,0,,0,0,0,0,0,0,0,0,0,0,,0,0,0,0,0,0,0,0,0,0,0,0,0,0,,0,0,0,0,0,,0.0,0.0,0.0,0,0,0,0,0,0,0,0.0,0.0,0,0,0,0,0,0,0,0,0,0,0,0,0,2,20,0,0,0,0,0,0,0,0,0,0,0,0,0,,,0,0,0,0,0,0,0,0,0,0,0,0,,,,0,0,0,0,0,0,0,,0,0,0,0,,0,0,,0,0,0,0,0,0,0,0,0,0,0.0,0.0
00-0030869,T.Larsen,Tyler Larsen,C,OL,"https://static.www.nfl.com/image/private/f_auto,q_auto/league/xjh0aim1nsreygu0jynm",2023,REG,WAS,1,0,0,0,0,0,0,0,0,0,0,0,0,,,0,,0,0,0,0,0,0,0,0,0,0,,0,0,0,0,0,0,0,0,0,0,0,0,0,0,,0,0,0,0,0,,0.0,0.0,0.0,0,0,0,1,0,0,0,0.0,0.0,0,0,0,0,0,0,0,0,0,0,0,0,0,0,0,0,0,0,0,0,0,0,0,0,0,0,0,0,,,0,0,0,0,0,0,0,0,0,0,0,0,,,,0,0,0,0,0,0,0,,0,0,0,0,,0,0,,0,0,0,0,0,0,0,0,0,0,0.0,0.0
00-0030874,D.Williams,Damien Williams,RB,RB,"https://static.www.nfl.com/image/private/f_auto,q_auto/league/ga4vusnfwfvhp2ksqw7x",2023,REG,ARI,3,0,0,0,0,0,0,0,0,0,0,0,0,,,0,,0,0,0,0,11,43,0,0,0,1,-1.9082171723712236,0,0,0,0,0,2,2,12,0,0,0,1,11,0,-0.06445121543947607,0,0,0,0,0,12.0,0.003703703703703704,0.00023889154323936931,0.0057227796358231145,0,0,0,0,0,0,0,0.0,0.0,0,0,0,0,0,0,0,0,0,0,0,0,0,0,0,0,0,0,0,0,0,0,0,0,0,0,0,0,,,0,0,0,0,0,0,0,0,0,0,0,0,,,,0,0,0,0,0,0,0,,0,0,0,0,,0,0,,0,0,0,0,0,0,0,0,0,0,5.5,7.5
00-0030946,K.Hyder,Kerry Hyder,DE,DL,"https://static.www.nfl.com/image/private/f_auto,q_auto/league/vbv4vdg8aakzmjp5heae",2023,REG,HOU,2,0,0,0,0,0,0,0,0,0,0,0,0,,,0,,0,0,0,0,0,0,0,0,0,0,,0,0,0,0,0,0,0,0,0,0,0,0,0,0,,0,0,0,0,0,,0.0,0.0,0.0,0,3,0,0,2,10,0,1.0,7.0,1,0,0,0,0,0,0,0,0,0,0,0,0,0,0,0,0,0,0,0,0,0,0,0,0,0,0,0,,,0,0,0,0,0,0,0,0,0,0,0,0,,,,0,0,0,0,0,0,0,,0,0,0,0,,0,0,,0,0,0,0,0,0,0,0,0,0,0.0,0.0
00-0030957,C.Kreiter,Casey Kreiter,LS,SPEC,"https://static.www.nfl.com/image/upload/f_auto,q_auto/league/wgpfei7r2zzbjqojtiu5",2023,REG,NYG,4,0,0,0,0,0,0,0,0,0,0,0,0,,,0,,0,0,0,0,0,0,0,0,0,0,,0,0,0,0,0,0,0,0,0,0,0,0,0,0,,0,0,0,0,0,,0.0,0.0,0.0,0,3,1,0,0,0,0,0.0,0.0,0,0,0,0,0,0,0,0,0,0,0,0,0,1,10,0,0,0,0,0,0,0,0,0,0,0,0,0,,,0,0,0,0,0,0,0,0,0,0,0,0,,,,0,0,0,0,0,0,0,,0,0,0,0,,0,0,,0,0,0,0,0,0,0,0,0,0,0.0,0.0
00-0030968,K.Smith,Keith Smith,FB,RB,"https://static.www.nfl.com/image/private/f_auto,q_auto/league/jolwasweebgk37nkl7ia",2023,REG,ATL,11,0,0,0,0,0,0,0,0,0,0,0,0,,,0,,0,0,0,0,0,0,0,0,0,0,,0,0,0,0,0,3,3,33,0,0,0,18,15,1,0.8641505975974724,0,1,1,1,0,1.8333333333333333,0.005905511811023622,0.004142692750287687,0.011758152641736814,0,3,0,5,0,0,1,0.0,0.0,0,0,0,0,0,0,0,0,2,1,0,0,0,0,0,0,0,0,0,0,0,0,1,10,0,0,0,0,,,0,0,0,0,0,0,0,0,0,0,0,0,,,,0,0,0,0,0,0,0,,0,0,0,0,,0,0,,0,0,0,0,0,0,0,0,0,0,3.3000000000000003,6.300000000000001
00-0031040,K.Mack,Khalil Mack,OLB,LB,"https://static.www.nfl.com/image/upload/f_auto,q_auto/league/jzqh3otccfpx2aue7xys",2023,REG,LAC,17,0,0,0,0,0,0,0,0,0,0,0,0,,,0,,0,0,0,0,0,0,0,0,0,0,,0,0,0,0,0,0,0,0,0,0,0,0,0,0,,0,0,0,0,0,,0.0,0.0,0.0,0,45,12,17,17,110,5,17.0,134.0,22,0,0,10,0,0,0,0,0,0,0,0,0,0,0,0,0,0,0,0,0,0,0,0,0,0,0,0,,,0,0,0,0,0,0,0,0,0,0,0,0,,,,0,0,0,0,0,0,0,,0,0,0,0,,0,0,,0,0,0,0,0,0,0,0,0,0,0.0,0.0
00-0031054,D.Jones,DaQuan Jones,DT,DL,"https://static.www.nfl.com/image/upload/f_auto,q_auto/league/w7qkicdj6v0figbmfp0u",2023,REG,BUF,6,0,0,0,0,0,0,0,0,0,0,0,0,,,0,,0,0,0,0,0,0,0,0,0,0,,0,0,0,0,0,0,0,0,0,0,0,0,0,0,,0,0,0,0,0,,0.0,0.0,0.0,0,6,2,8,4,20,0,2.5,17.0,5,0,0,0,0,0,0,0,0,0,0,0,0,1,6,0,0,0,0,0,0,0,0,0,0,0,0,0,,,0,0,0,0,0,0,0,0,0,0,0,0,,,,0,0,0,0,0,0,0,,0,0,0,0,,0,0,,0,0,0,0,0,0,0,0,0,0,0.0,0.0
00-0031067,C.Fleming,Cameron Fleming,OT,OL,"https://static.www.nfl.com/image/private/f_auto,q_auto/league/kgcna4dcqcklfl0wra3k",2023,REG,DEN,1,0,0,0,0,0,0,0,0,0,0,0,0,,,0,,0,0,0,0,0,0,0,0,0,0,,0,0,0,0,0,0,0,0,0,0,0,0,0,0,,0,0,0,0,0,,0.0,0.0,0.0,0,0,0,0,0,0,0,0.0,0.0,0,0,0,0,0,0,0,0,0,0,0,0,0,1,10,0,0,0,0,0,0,0,0,0,0,0,0,0,,,0,0,0,0,0,0,0,0,0,0,0,0,,,,0,0,0,0,0,0,0,,0,0,0,0,,0,0,,0,0,0,0,0,0,0,0,0,0,0.0,0.0
00-0031095,C.Leno,Charles Leno Jr.,OT,OL,"https://static.www.nfl.com/image/private/f_auto,q_auto/league/mf75xcgnj9ogavslg383",2023,REG,WAS,7,0,0,0,0,0,0,0,0,0,0,0,0,,,0,,0,0,0,0,0,0,0,0,0,0,,0,0,0,0,0,0,0,0,0,0,0,0,0,0,,0,0,0,0,0,,0.0,0.0,0.0,0,0,0,0,0,0,0,0.0,0.0,0,0,0,0,0,0,0,0,0,0,0,0,0,8,54,0,0,0,0,0,0,0,0,0,0,0,0,0,,,0,0,0,0,0,0,0,0,0,0,0,0,,,,0,0,0,0,0,0,0,,0,0,0,0,,0,0,,0,0,0,0,0,0,0,0,0,0,0.0,0.0
00-0031101,S.Barrett,Shaquil Barrett,LB,LB,"https://static.www.nfl.com/image/private/f_auto,q_auto/league/eiilfj6qiri4n9xrclwe",2023,REG,TB,16,0,0,0,0,0,0,0,0,0,0,0,0,,,0,,0,0,0,0,0,0,0,0,0,0,,0,0,0,0,0,0,0,0,0,0,0,0,0,0,,0,0,0,0,0,,0.0,0.0,0.0,0,29,4,19,3,16,3,4.5,32.5,9,1,4,2,1,0,0,0,0,0,0,0,0,5,45,0,0,0,0,0,0,0,0,0,0,0,0,0,,,0,0,0,0,0,0,0,0,0,0,0,0,,,,0,0,0,0,0,0,0,,0,0,0,0,,0,0,,0,0,0,0,0,0,0,0,0,0,0.0,0.0
00-0031136,C.Boswell,Chris Boswell,K,SPEC,"https://static.www.nfl.com/image/upload/f_auto,q_auto/league/rxbnhvnfjmheuryvdmuf",2023,REG,PIT,17,0,0,0,0,0,0,0,0,0,0,0,0,,,0,,0,0,0,0,0,0,0,0,0,0,,0,0,0,0,0,0,0,0,0,0,0,0,0,0,,0,0,0,0,0,,0.0,0.0,0.0,0,0,0,0,0,0,0,0.0,0.0,0,0,0,0,0,0,0,0,0,0,0,0,0,0,0,0,0,0,0,0,0,0,0,0,29,31,2,0,57,0.9354838709677419,0,9,7,7,6,0,0,0,0,1,0,1,52;50;43;42;57;35;23;43;25;42;53;22;29;30;42;49;35;28;41;34;33;29;56;50;30;39;26;21;25,61;45,,1084,106,0,27,28,1,0,0.9642857142857143,0,0,0,0,,0,0,,0,0,0,0,0,0,0,0,0,0,0.0,0.0
00-0031142,M.Feiler,Matt Feiler,G,OL,"https://static.www.nfl.com/image/private/f_auto,q_auto/league/zekayzyqn4nqbpwe9yzf",2023,REG,TB,2,0,0,0,0,0,0,0,0,0,0,0,0,,,0,,0,0,0,0,0,0,0,0,0,0,,0,0,0,0,0,0,0,0,0,0,0,0,0,0,,0,0,0,0,0,,0.0,0.0,0.0,0,1,0,0,0,0,0,0.0,0.0,0,0,0,0,0,0,0,0,0,0,0,0,0,2,6,0,0,0,0,0,0,0,0,0,0,0,0,0,,,0,0,0,0,0,0,0,0,0,0,0,0,,,,0,0,0,0,0,0,0,,0,0,0,0,,0,0,,0,0,0,0,0,0,0,0,0,0,0.0,0.0
00-0031156,T.Ott,Tyler Ott,LS,SPEC,"https://static.www.nfl.com/image/upload/f_auto,q_auto/league/ppnihdnetdwuoapsyrnn",2023,REG,BAL,3,0,0,0,0,0,0,0,0,0,0,0,0,,,0,,0,0,0,0,0,0,0,0,0,0,,0,0,0,0,0,0,0,0,0,0,0,0,0,0,,0,0,0,0,0,,0.0,0.0,0.0,0,3,0,1,0,0,0,0.0,0.0,0,0,0,0,0,0,0,0,0,0,0,0,0,0,0,0,0,0,0,0,0,0,0,0,0,0,0,0,,,0,0,0,0,0,0,0,0,0,0,0,0,,,,0,0,0,0,0,0,0,,0,0,0,0,,0,0,,0,0,0,0,0,0,0,0,0,0,0.0,0.0
00-0031177,B.Urban,Brent Urban,DE,DL,"https://static.www.nfl.com/image/upload/f_auto,q_auto/league/acp4qzscazxskq9efwnf",2023,REG,BAL,13,0,0,0,0,0,0,0,0,0,0,0,0,,,0,,0,0,0,0,0,0,0,0,0,0,,0,0,0,0,0,0,0,0,0,0,0,0,0,0,,0,0,0,0,0,,0.0,0.0,0.0,0,13,3,6,5,29,0,3.0,26.0,6,0,0,2,0,0,0,0,0,0,1,0,0,0,0,0,0,0,0,0,0,0,0,0,0,0,0,0,,,0,0,0,0,0,0,0,0,0,0,0,0,,,,0,0,0,0,0,0,0,,0,0,0,0,,0,0,,0,0,0,0,0,0,0,0,0,0,0.0,0.0
00-0031203,C.Santos,Cairo Santos,K,SPEC,"https://static.www.nfl.com/image/upload/f_auto,q_auto/league/w5mfvjfuflbitwuji1yx",2023,REG,CHI,17,0,0,0,0,0,0,0,0,0,0,0,0,,,0,,0,0,0,0,0,0,0,0,0,0,,0,0,0,0,0,0,0,0,0,0,0,0,0,0,,0,0,0,0,0,,0.0,0.0,0.0,0,0,0,0,0,0,0,0.0,0.0,0,0,0,0,0,0,0,0,0,0,0,0,0,0,0,0,0,0,0,0,0,0,0,0,35,38,3,0,55,0.9210526315789473,0,9,11,8,7,0,0,0,0,2,1,0,47;29;52;21;22;36;43;37;22;53;54;31;54;36;39;31;53;40;39;25;39;55;30;46;25;28;41;49;29;22;42;42;50;39;35,40;48;55,,1336,143,0,31,33,0,2,0.9393939393939394,1,1,0,0,30,0,0,,0,0,0,0,0,0,0,0,0,0,0.0,0.0
00-0031235,O.Beckham,Odell Beckham Jr.,WR,WR,"https://static.www.nfl.com/image/upload/f_auto,q_auto/league/ffmalg3wr7lwnsz59i7v",2023,REG,BAL,14,0,0,0,0,0,0,0,0,0,0,0,0,,,0,,0,0,0,0,0,0,0,0,0,0,,0,0,0,0,0,35,64,565,3,1,1,888,155,27,21.68043598897827,0,22,11,10,3,0.6362612612612613,0.13445378151260504,0.21716801173881145,0.35369828048607554,0,0,0,1,0,0,0,0.0,0.0,0,0,0,0,0,0,0,0,0,0,0,0,0,2,20,1,0,0,1,1,0,0,0,0,0,0,0,0,,,0,0,0,0,0,0,0,0,0,0,0,0,,,,0,0,0,0,0,0,0,,0,0,0,0,,0,0,,0,0,0,0,0,0,0,0,0,0,72.5,107.5
00-0031236,B.Cooks,Brandin Cooks,WR,WR,"https://static.www.nfl.com/image/upload/f_auto,q_auto/league/krz3gv9jjs92arlctvqf",2023,REG,DAL,16,0,0,0,0,0,0,0,0,0,0,0,0,,,0,,0,0,0,0,5,35,0,0,0,1,1.7098924642195925,0,1,1,0,0,54,81,657,8,1,0,1069,125,38,35.82621821005463,1,23,17,11,0,0.6145930776426567,0.13388429752066117,0.22298706716729244,0.35691739329809646,0,0,0,0,0,0,0,0.0,0.0,0,0,0,0,0,0,0,0,0,0,0,0,0,0,0,1,0,1,1,0,0,0,0,0,0,0,0,0,,,0,0,0,0,0,0,0,0,0,0,0,0,,,,0,0,0,0,0,0,0,,0,0,0,0,,0,0,,0,0,0,0,0,0,0,0,0,0,119.2,173.2
00-0031237,T.Bridgewater,Teddy Bridgewater,QB,QB,"https://static.www.nfl.com/image/upload/f_auto,q_auto/league/wggyfg1dgyiwcgxafoen",2023,REG,DET,1,0,0,0,0,0,0,0,0,0,0,0,0,,,0,,0,0,0,0,2,-2,0,0,0,0,-2.675528105988633,0,0,0,0,0,0,0,0,0,0,0,0,0,0,,0,0,0,0,0,,0.0,0.0,0.0,0,0,0,0,0,0,0,0.0,0.0,0,0,0,0,0,0,0,0,0,0,0,0,0,0,0,0,0,0,0,0,0,0,0,0,0,0,0,0,,,0,0,0,0,0,0,0,0,0,0,0,0,,,,0,0,0,0,0,0,0,,0,0,0,0,,0,0,,0,0,0,0,0,0,0,0,0,0,-0.2,-0.2
00-0031254,D.Autry,Denico Autry,DT,DL,"https://static.www.nfl.com/image/upload/f_auto,q_auto/league/avrrswmjrzes0ggi3bsg",2023,REG,TEN,17,0,0,0,0,0,0,0,0,0,0,0,0,,,0,,0,0,0,0,0,0,0,0,0,0,,0,0,0,0,0,0,0,0,0,0,0,0,0,0,,0,0,0,0,0,,0.0,0.0,0.0,0,25,5,20,10,72,2,11.5,87.5,17,0,0,4,0,0,0,0,0,0,0,0,0,2,10,0,0,0,0,0,0,0,0,0,0,0,0,0,,,0,0,0,0,0,0,0,0,0,0,0,0,,,,0,0,0,0,0,0,0,,0,0,0,0,,0,0,,0,0,0,0,0,0,0,0,0,0,0.0,0.0
00-0031256,A.Barr,Anthony Barr,OLB,LB,"https://static.www.nfl.com/image/private/f_auto,q_auto/league/qmdqkyi8gt67bvqtafxi",2023,REG,MIN,2,0,0,0,0,0,0,0,0,0,0,0,0,,,0,,0,0,0,0,0,0,0,0,0,0,,0,0,0,0,0,0,0,0,0,0,0,0,0,0,,0,0,0,0,0,,0.0,0.0,0.0,0,0,1,0,0,0,0,0.0,0.0,0,0,0,0,0,0,0,0,0,0,1,0,0,0,0,0,0,0,0,0,0,0,0,0,0,0,0,0,,,0,0,0,0,0,0,0,0,0,0,0,0,,,,0,0,0,0,0,0,0,,0,0,0,0,,0,0,,0,0,0,0,0,0,0,0,0,0,0.0,0.0
00-0031260,L.Thomas,Logan Thomas,TE,TE,"https://static.www.nfl.com/image/private/f_auto,q_auto/league/acm0ymhqdzqxdibwjphv",2023,REG,WAS,16,0,0,0,0,0,0,0,0,0,0,0,0,,,0,,0,0,0,0,1,2,0,0,0,1,0.5107277729548514,0,0,0,0,0,55,78,496,4,2,2,471,229,21,-4.838877230034596,1,17,7,3,0,1.0530785562632696,0.129783693843594,0.0988042794210195,0.2638385363601047,0,1,0,1,0,0,0,0.0,0.0,0,0,0,0,0,0,0,0,0,0,0,0,0,4,35,2,0,0,2,2,0,0,0,0,0,0,0,0,,,0,0,0,0,0,0,0,0,0,0,0,0,,,,0,0,0,0,0,0,0,,0,0,0,0,,0,0,,0,0,0,0,0,0,0,0,0,0,71.80000000000001,126.80000000000001
00-0031270,S.Harris,Shelby Harris,DE,DL,"https://static.www.nfl.com/image/upload/f_auto,q_auto/league/r1lxhltzhpkmfdocupum",2023,REG,CLE,14,0,0,0,0,0,0,0,0,0,0,0,0,,,0,,0,0,0,0,0,0,0,0,0,0,,0,0,0,0,0,0,0,0,0,0,0,0,0,0,,0,0,0,0,0,,0.0,0.0,0.0,0,12,5,11,4,12,1,1.5,13.5,3,0,0,5,0,0,0,0,0,0,0,0,0,3,15,0,0,0,0,0,0,0,0,0,0,0,0,0,,,0,0,0,0,0,0,0,0,0,0,0,0,,,,0,0,0,0,0,0,0,,0,0,0,0,,0,0,,0,0,0,0,0,0,0,0,0,0,0.0,0.0
00-0031279,J.Matthews,Jake Matthews,OT,OL,"https://static.www.nfl.com/image/upload/f_auto,q_auto/league/erhayhjdrny0fua2nizx",2023,REG,ATL,5,0,0,0,0,0,0,0,0,0,0,0,0,,,0,,0,0,0,0,0,0,0,0,0,0,,0,0,0,0,0,0,0,0,0,0,0,0,0,0,,0,0,0,0,0,,0.0,0.0,0.0,0,0,0,0,0,0,0,0.0,0.0,0,0,0,0,0,0,0,0,0,0,0,0,0,5,33,0,0,0,0,0,0,0,0,0,0,0,0,0,,,0,0,0,0,0,0,0,0,0,0,0,0,,,,0,0,0,0,0,0,0,,0,0,0,0,,0,0,,0,0,0,0,0,0,0,0,0,0,0.0,0.0
00-0031280,D.Carr,Derek Carr,QB,QB,"https://static.www.nfl.com/image/upload/f_auto,q_auto/league/qsz1pyrlu6bmvby6maaf",2023,REG,NO,17,375,548,3878,25,8,31,-218,5,2,4280,1696,185,28.025057313621545,3.0327578889024416,2,0.9060747663551402,140,76,47,10,32,40,0,2,1,4,-20.27587383863353,0,2,0,0,0,0,0,0,0,0,0,0,0,0,,0,0,0,0,0,,0.0,0.0,0.0,0,0,0,1,0,0,0,0.0,0.0,0,0,0,0,0,0,0,0,0,0,0,0,0,4,33,6,1,0,7,3,0,0,0,0,0,0,0,0,,,0,0,0,0,0,0,0,0,0,0,0,0,,,,0,0,0,0,0,0,0,,0,0,0,0,,0,0,,0,0,0,0,0,0,0,0,0,0,241.12,241.12
00-0031288,A.McCarron,AJ McCarron,QB,QB,"https://static.www.nfl.com/image/private/f_auto,q_auto/league/fvakqnmsg35llkcme11h",2023,REG,CIN,2,4,5,19,0,0,1,-9,0,0,-8,20,0,-5.251072044600733,-4.639887809753418,0,0.0,1,0,0,0,0,0,0,0,0,0,,0,0,0,0,0,0,0,0,0,0,0,0,0,0,,0,0,0,0,0,,0.0,0.0,0.0,0,0,0,0,0,0,0,0.0,0.0,0,0,0,0,0,0,0,0,0,0,0,0,0,0,0,0,0,0,0,0,0,0,0,0,0,0,0,0,,,0,0,0,0,0,0,0,0,0,0,0,0,,,,0,0,0,0,0,0,0,,0,0,0,0,,0,0,,0,0,0,0,0,0,0,0,0,0,0.76,0.76
00-0031296,C.Mosley,C.J. Mosley,ILB,LB,"https://static.www.nfl.com/image/private/f_auto,q_auto/league/cjje7blxkubjmrbtbp27",2023,REG,NYJ,17,0,0,0,0,0,0,0,0,0,0,0,0,,,0,,0,0,0,0,0,0,0,0,0,0,,0,0,0,0,0,0,0,0,0,0,0,0,0,0,,0,0,0,0,0,,0.0,0.0,0.0,0,66,15,71,3,5,2,0.5,1.5,2,1,0,7,0,0,0,0,0,0,1,0,0,4,34,0,0,0,0,0,0,0,0,0,0,0,0,0,,,0,0,0,0,0,0,0,0,0,0,0,0,,,,0,0,0,0,0,0,0,,0,0,0,0,,0,0,,0,0,0,0,0,0,0,0,0,0,0.0,0.0
00-0031298,J.Ward,Jimmie Ward,SAF,DB,"https://static.www.nfl.com/image/upload/f_auto,q_auto/league/xfnd7v3pfwo0vtrb9e8w",2023,REG,HOU,10,0,0,0,0,0,0,0,0,0,0,0,0,,,0,,0,0,0,0,0,0,0,0,0,0,,0,0,0,0,0,0,0,0,0,0,0,0,0,0,,0,0,0,0,0,,0.0,0.0,0.0,0,30,3,17,0,0,1,0.0,0.0,0,1,0,3,0,0,0,0,0,0,0,0,0,3,54,0,0,0,0,0,0,0,0,0,0,0,0,0,,,0,0,0,0,0,0,0,0,0,0,0,0,,,,0,0,0,0,0,0,0,,0,0,0,0,,0,0,,0,0,0,0,0,0,0,0,0,0,0.0,0.0
00-0031330,M.Moses,Morgan Moses,OT,OL,"https://static.www.nfl.com/image/upload/f_auto,q_auto/league/qbq088iyxz81xdpdcnx0",2023,REG,BAL,4,0,0,0,0,0,0,0,0,0,0,0,0,,,0,,0,0,0,0,0,0,0,0,0,0,,0,0,0,0,0,0,0,0,0,0,0,0,0,0,,0,0,0,0,0,,0.0,0.0,0.0,0,0,0,0,0,0,0,0.0,0.0,0,0,0,0,0,0,0,0,0,0,0,0,0,4,19,0,0,0,0,0,0,0,0,0,0,0,0,0,,,0,0,0,0,0,0,0,0,0,0,0,0,,,,0,0,0,0,0,0,0,,0,0,0,0,,0,0,,0,0,0,0,0,0,0,0,0,0,0.0,0.0
00-0031345,J.Garoppolo,Jimmy Garoppolo,QB,QB,"https://static.www.nfl.com/image/upload/f_auto,q_auto/league/ivz3zwvjxvgcu4dzabur",2023,REG,LV,7,110,169,1205,7,9,14,-101,0,0,1364,468,60,-18.10863541386211,-1.94589148868214,1,0.8834310850439883,59,28,9,0,20,39,0,1,0,6,-2.7111202365194913,0,0,0,0,0,0,0,0,0,0,0,0,0,0,,0,0,0,0,0,,0.0,0.0,0.0,0,0,0,0,0,0,0,0.0,0.0,0,0,0,0,0,0,0,0,1,0,0,0,0,0,0,0,1,0,1,0,0,0,0,0,0,0,0,0,,,0,0,0,0,0,0,0,0,0,0,0,0,,,,0,0,0,0,0,0,0,,0,0,0,0,,0,0,,0,0,0,0,0,0,0,0,0,0,64.1,64.1
00-0031357,C.Goodwin,C.J. Goodwin,CB,DB,"https://static.www.nfl.com/image/upload/f_auto,q_auto/league/txvnf4ecxcgg5heclsit",2023,REG,DAL,3,0,0,0,0,0,0,0,0,0,0,0,0,,,0,,0,0,0,0,0,0,0,0,0,0,,0,0,0,0,0,0,0,0,0,0,0,0,0,0,,0,0,0,0,0,,0.0,0.0,0.0,0,3,1,0,0,0,0,0.0,0.0,0,0,0,0,0,0,0,0,0,0,0,0,0,0,0,0,0,0,0,0,0,0,0,0,0,0,0,0,,,0,0,0,0,0,0,0,0,0,0,0,0,,,,0,0,0,0,0,0,0,,0,0,0,0,,0,0,,0,0,0,0,0,0,0,0,0,0,0.0,0.0
00-0031360,K.Van Noy,Kyle Van Noy,MLB,LB,"https://static.www.nfl.com/image/upload/f_auto,q_auto/league/kxj2hipcguahh4l60vaa",2023,REG,BAL,14,0,0,0,0,0,0,0,0,0,0,0,0,,,0,,0,0,0,0,0,0,0,0,0,0,,0,0,0,0,0,0,0,0,0,0,0,0,0,0,,0,0,0,0,0,,0.0,0.0,0.0,0,15,5,10,8,61,2,9.0,66.0,9,0,0,4,0,0,0,0,0,0,0,0,0,1,15,0,0,0,0,0,0,0,0,0,0,0,0,0,,,0,0,0,0,0,0,0,0,0,0,0,0,,,,0,0,0,0,0,0,0,,0,0,0,0,,0,0,,0,0,0,0,0,0,0,0,0,0,0.0,0.0
00-0031364,J.Clowney,Jadeveon Clowney,OLB,LB,"https://static.www.nfl.com/image/upload/f_auto,q_auto/league/iururnv6x8iuzepggwvt",2023,REG,BAL,17,0,0,0,0,0,0,0,0,0,0,0,0,,,0,,0,0,0,0,0,0,0,0,0,0,,0,0,0,0,0,0,0,0,0,0,0,0,0,0,,0,0,0,0,0,,0.0,0.0,0.0,0,21,3,19,8,35,2,9.5,51.0,19,0,0,5,0,0,0,0,0,0,1,0,0,2,10,0,0,0,0,0,0,0,0,0,0,0,0,0,,,0,0,0,0,0,0,0,0,0,0,0,0,,,,0,0,0,0,0,0,0,,0,0,0,0,,0,0,,0,0,0,0,0,0,0,0,0,0,0.0,0.0
00-0031367,G.Jackson,Gabe Jackson,G,OL,"https://static.www.nfl.com/image/private/f_auto,q_auto/league/ayii0hagj1u5f1kzuxqy",2023,REG,CAR,1,0,0,0,0,0,0,0,0,0,0,0,0,,,0,,0,0,0,0,0,0,0,0,0,0,,0,0,0,0,0,0,0,0,0,0,0,0,0,0,,0,0,0,0,0,,0.0,0.0,0.0,0,0,0,0,0,0,0,0.0,0.0,0,0,0,0,0,0,0,0,0,0,0,0,0,1,10,0,0,0,0,0,0,0,0,0,0,0,0,0,,,0,0,0,0,0,0,0,0,0,0,0,0,,,,0,0,0,0,0,0,0,,0,0,0,0,,0,0,,0,0,0,0,0,0,0,0,0,0,0.0,0.0
00-0031372,B.Roby,Bradley Roby,CB,DB,"https://static.www.nfl.com/image/private/f_auto,q_auto/league/b2ef6tlrbcqpdnnolzcq",2023,REG,PHI,8,0,0,0,0,0,0,0,0,0,0,0,0,,,0,,0,0,0,0,0,0,0,0,0,0,,0,0,0,0,0,0,0,0,0,0,0,0,0,0,,0,0,0,0,0,,0.0,0.0,0.0,0,18,1,3,2,6,1,0.0,0.0,1,0,0,0,0,0,0,0,0,0,0,0,0,0,0,0,0,0,0,0,0,0,0,0,0,0,0,0,,,0,0,0,0,0,0,0,0,0,0,0,0,,,,0,0,0,0,0,0,0,,0,0,0,0,,0,0,,0,0,0,0,0,0,0,0,0,0,0.0,0.0
00-0031376,J.McKinnon,Jerick McKinnon,RB,RB,"https://static.www.nfl.com/image/private/f_auto,q_auto/league/yezxe2j778cndbhkxwez",2023,REG,KC,12,1,1,4,1,0,0,0,0,0,-3,7,1,1.1053474548389204,14.645791053771973,0,0.0,0,0,0,0,21,60,1,0,0,7,-0.017922752728737112,0,1,0,0,0,25,32,192,4,0,0,8,219,10,7.182948330042297,0,7,2,1,0,24.0,0.05342237061769616,0.0019536019536019536,0.08150107729406561,0,0,0,0,0,0,0,0.0,0.0,0,0,0,0,0,0,0,0,0,0,0,0,0,0,0,0,0,0,0,0,0,0,1,20,0,0,0,0,,,0,0,0,0,0,0,0,0,0,0,0,0,,,,0,0,0,0,0,0,0,,0,0,0,0,,0,0,,0,0,0,0,0,0,0,0,0,0,59.36,84.36
00-0031381,D.Adams,Davante Adams,WR,WR,"https://static.www.nfl.com/image/upload/f_auto,q_auto/league/qtonvcqpixixqhc6lhnc",2023,REG,LV,17,0,0,0,0,0,0,0,0,0,0,0,0,,,0,,0,0,0,0,0,0,0,0,0,0,,0,0,0,0,0,103,175,1144,8,0,0,1896,336,59,13.481438699578932,0,47,25,13,2,0.6033755274261603,0.3295668549905838,0.4428871758934828,0.8043713056113136,0,1,0,0,0,0,0,0.0,0.0,0,0,0,0,0,0,0,0,0,0,0,0,0,1,10,0,0,0,0,0,0,0,0,0,0,0,0,0,,,0,0,0,0,0,0,0,0,0,0,0,0,,,,0,0,0,0,0,0,0,,0,0,0,0,,0,0,,0,0,0,0,0,0,0,0,0,0,162.4,265.4
00-0031388,A.Donald,Aaron Donald,DL,DL,"https://static.www.nfl.com/image/private/f_auto,q_auto/league/gou42dathlyc1rfn4pga",2023,REG,LA,16,0,0,0,0,0,0,0,0,0,0,0,0,,,0,,0,0,0,0,0,0,0,0,0,0,,0,0,0,0,0,0,0,0,0,0,0,0,0,0,,0,0,0,0,0,,0.0,0.0,0.0,0,23,5,25,15,73,0,8.0,44.5,23,0,0,3,0,0,0,0,0,0,0,0,0,1,5,0,0,0,0,0,0,0,0,0,0,0,0,0,,,0,0,0,0,0,0,0,0,0,0,0,0,,,,0,0,0,0,0,0,0,,0,0,0,0,,0,0,,0,0,0,0,0,0,0,0,0,0,0.0,0.0
00-0031402,Z.Martin,Zack Martin,G,OL,"https://static.www.nfl.com/image/upload/f_auto,q_auto/league/c9giqcqfhdypuhzgdzv4",2023,REG,DAL,1,0,0,0,0,0,0,0,0,0,0,0,0,,,0,,0,0,0,0,0,0,0,0,0,0,,0,0,0,0,0,0,0,0,0,0,0,0,0,0,,0,0,0,0,0,,0.0,0.0,0.0,0,0,0,0,0,0,0,0.0,0.0,0,0,0,0,0,0,0,0,0,0,0,0,0,1,5,0,0,0,0,0,0,0,0,0,0,0,0,0,,,0,0,0,0,0,0,0,0,0,0,0,0,,,,0,0,0,0,0,0,0,,0,0,0,0,,0,0,,0,0,0,0,0,0,0,0,0,0,0.0,0.0
00-0031404,A.Phillips,Adrian Phillips,DB,DB,"https://static.www.nfl.com/image/private/f_auto,q_auto/league/bfbt4o1jp3ttsm18v0ur",2023,REG,NE,8,0,0,0,0,0,0,0,0,0,0,0,0,,,0,,0,0,0,0,0,0,0,0,0,0,,0,0,0,0,0,0,0,0,0,0,0,0,0,0,,0,0,0,0,0,,0.0,0.0,0.0,0,9,1,7,0,0,0,0.0,0.0,0,0,0,0,0,0,0,0,0,0,0,0,0,0,0,0,0,0,0,0,0,0,0,0,0,0,0,0,,,0,0,0,0,0,0,0,0,0,0,0,0,,,,0,0,0,0,0,0,0,,0,0,0,0,,0,0,,0,0,0,0,0,0,0,0,0,0,0.0,0.0
00-0031408,M.Evans,Mike Evans,WR,WR,"https://static.www.nfl.com/image/upload/f_auto,q_auto/league/yaxorbdsvk1ucfuiyrkj",2023,REG,TB,17,0,0,0,0,0,0,0,0,0,0,0,0,,,0,,0,0,0,0,0,0,0,0,0,0,,0,0,0,0,0,79,136,1255,13,0,0,1906,322,54,54.08850365635298,0,46,31,20,6,0.6584470094438615,0.24727272727272728,0.3917780061664954,0.6451536952256376,0,1,0,0,0,0,0,0.0,0.0,0,0,0,0,0,0,0,0,1,0,0,0,0,4,35,0,0,0,0,0,0,0,0,0,0,0,0,0,,,0,0,0,0,0,0,0,0,0,0,0,0,,,,0,0,0,0,0,0,0,,0,0,0,0,,0,0,,0,0,0,0,0,0,0,0,0,0,203.5,282.5
00-0031411,D.Lawrence,DeMarcus Lawrence,LB,LB,"https://static.www.nfl.com/image/upload/f_auto,q_auto/league/dqcbiti9q92w9uawqxom",2023,REG,DAL,16,0,0,0,0,0,0,0,0,0,0,0,0,,,0,,0,0,0,0,0,0,0,0,0,0,,0,0,0,0,0,0,0,0,0,0,0,0,0,0,,0,0,0,0,0,,0.0,0.0,0.0,0,26,3,21,10,43,1,4.0,25.0,8,0,0,6,0,0,0,0,0,0,0,0,0,1,3,0,0,0,0,0,0,0,0,0,0,0,0,0,,,0,0,0,0,0,0,0,0,0,0,0,0,,,,0,0,0,0,0,0,0,,0,0,0,0,,0,0,,0,0,0,0,0,0,0,0,0,0,0.0,0.0
00-0031426,J.Bitonio,Joel Bitonio,G,OL,"https://static.www.nfl.com/image/upload/f_auto,q_auto/league/il9yy0bjrowrwhxk9ard",2023,REG,CLE,3,0,0,0,0,0,0,0,0,0,0,0,0,,,0,,0,0,0,0,0,0,0,0,0,0,,0,0,0,0,0,0,0,0,0,0,0,0,0,0,,0,0,0,0,0,,0.0,0.0,0.0,0,2,0,0,0,0,0,0.0,0.0,0,0,0,0,0,0,0,0,0,0,0,0,0,2,20,0,0,0,0,0,0,0,0,0,0,0,0,0,,,0,0,0,0,0,0,0,0,0,0,0,0,,,,0,0,0,0,0,0,0,,0,0,0,0,,0,0,,0,0,0,0,0,0,0,0,0,0,0.0,0.0
00-0031428,A.Robinson,Allen Robinson,WR,WR,"https://static.www.nfl.com/image/upload/f_auto,q_auto/league/fyukft9lraurbsq0laom",2023,REG,PIT,15,0,0,0,0,0,0,0,0,0,0,0,0,,,0,,0,0,0,0,0,0,0,0,0,0,,0,0,0,0,0,34,49,280,0,0,0,370,68,9,-4.572062466759873,0,11,2,2,0,0.7567567567567568,0.1012396694214876,0.0977542932628798,0.22028750941624725,0,2,0,0,0,0,0,0.0,0.0,0,0,0,0,0,0,0,0,0,0,0,0,0,0,0,0,0,0,0,0,0,0,0,0,0,0,0,0,,,0,0,0,0,0,0,0,0,0,0,0,0,,,,0,0,0,0,0,0,0,,0,0,0,0,,0,0,,0,0,0,0,0,0,0,0,0,0,28.0,62.0
00-0031484,C.Manhertz,Chris Manhertz,TE,TE,"https://static.www.nfl.com/image/upload/f_auto,q_auto/league/azx76rspzgxfogsqhxet",2023,REG,DEN,7,0,0,0,0,0,0,0,0,0,0,0,0,,,0,,0,0,0,0,0,0,0,0,0,0,,0,0,0,0,0,2,4,16,0,0,0,12,10,1,0.0510975641082041,0,1,0,0,0,1.3333333333333333,0.008385744234800839,0.0031965903036760787,0.014816229564774514,0,1,0,0,0,0,0,0.0,0.0,0,0,0,0,0,0,0,0,0,0,0,0,0,1,10,0,0,0,0,0,0,0,1,1,0,0,0,0,,,0,0,0,0,0,0,0,0,0,0,0,0,,,,0,0,0,0,0,0,0,,0,0,0,0,,0,0,,0,0,0,0,0,0,0,0,0,0,1.6,3.6
00-0031492,J.Myers,Jason Myers,K,SPEC,"https://static.www.nfl.com/image/upload/f_auto,q_auto/league/rnw5znsm0hrekqvztiog",2023,REG,SEA,17,0,0,0,0,0,0,0,0,0,0,0,0,,,0,,0,0,0,0,0,0,0,0,0,0,,0,0,0,0,0,0,0,0,0,0,0,0,0,0,,0,0,0,0,0,,0.0,0.0,0.0,0,0,0,0,0,0,0,0.0,0.0,0,0,0,0,0,0,0,0,0,0,0,0,0,0,0,0,0,0,0,0,0,0,0,0,35,42,7,0,55,0.8333333333333334,0,8,11,12,4,0,0,0,1,2,4,0,36;42;25;43;35;33;37;39;34;55;23;21;48;32;33;45;43;33;45;43;54;43;52;51;30;40;26;43;28;27;43;42;24;33;29,39;45;56;53;55;53;42,,1310,343,0,33,33,0,0,1.0,1,2,1,0,43;55,0,0,,0,0,0,0,0,0,0,0,0,0,0.0,0.0
00-0031500,E.Obada,Efe Obada,DE,DL,"https://static.www.nfl.com/image/upload/f_auto,q_auto/league/i5zeos5e8jhwupjnlsri",2023,REG,WAS,2,0,0,0,0,0,0,0,0,0,0,0,0,,,0,,0,0,0,0,0,0,0,0,0,0,,0,0,0,0,0,0,0,0,0,0,0,0,0,0,,0,0,0,0,0,,0.0,0.0,0.0,0,1,0,1,0,0,0,0.0,0.0,0,0,0,0,0,0,0,0,0,0,0,0,0,0,0,0,0,0,0,0,0,0,0,0,0,0,0,0,,,0,0,0,0,0,0,0,0,0,0,0,0,,,,0,0,0,0,0,0,0,,0,0,0,0,,0,0,,0,0,0,0,0,0,0,0,0,0,0.0,0.0
00-0031503,J.Winston,Jameis Winston,QB,QB,"https://static.www.nfl.com/image/upload/f_auto,q_auto/league/vwikoroqsyf8iemlrohb",2023,REG,NO,6,25,47,264,2,3,2,-13,0,0,610,85,10,-9.789019574831215,-8.030822078386942,0,0.43278688524590164,13,6,4,0,5,-6,0,0,0,0,-4.470470019150525,0,0,0,0,0,0,0,0,0,0,0,0,0,0,,0,0,0,0,0,,0.0,0.0,0.0,0,0,0,0,0,0,0,0.0,0.0,0,0,0,0,0,0,0,0,0,0,0,0,0,0,0,0,0,0,0,0,0,0,0,0,0,0,0,0,,,0,0,0,0,0,0,0,0,0,0,0,0,,,,0,0,0,0,0,0,0,,0,0,0,0,,0,0,,0,0,0,0,0,0,0,0,0,0,11.960000000000003,11.960000000000003
00-0031544,A.Cooper,Amari Cooper,WR,WR,"https://static.www.nfl.com/image/upload/f_auto,q_auto/league/zmtzqznqui37unmo5xv9",2023,REG,CLE,15,0,0,0,0,0,0,0,0,0,0,0,0,,,0,,0,0,0,0,0,0,0,0,0,0,,0,0,0,0,0,72,128,1250,5,2,1,1834,271,50,46.09748478105425,1,47,30,21,8,0.6815703380588877,0.21440536013400335,0.34610303830911493,0.5638801670173854,0,1,0,0,0,0,0,0.0,0.0,0,0,0,0,0,0,0,0,1,0,0,0,0,1,10,2,0,0,2,1,0,0,0,0,0,0,0,0,,,0,0,0,0,0,0,0,0,0,0,0,0,,,,0,0,0,0,0,0,0,,0,0,0,0,,0,0,,0,0,0,0,0,0,0,0,0,0,155.0,227.0
00-0031547,D.Parker,DeVante Parker,WR,WR,"https://static.www.nfl.com/image/private/f_auto,q_auto/league/beuyfjou6kckaoqqpa96",2023,REG,NE,13,0,0,0,0,0,0,0,0,0,0,0,0,,,0,,0,0,0,0,0,0,0,0,0,0,,0,0,0,0,0,33,55,394,0,0,0,640,126,17,1.0191893047730458,0,18,10,6,0,0.615625,0.10166358595194085,0.15625,0.26187037892791126,0,2,0,0,0,0,0,0.0,0.0,0,0,0,0,0,0,0,0,0,0,0,0,0,1,4,0,0,0,0,0,0,0,0,0,0,0,0,0,,,0,0,0,0,0,0,0,0,0,0,0,0,,,,0,0,0,0,0,0,0,,0,0,0,0,,0,0,,0,0,0,0,0,0,0,0,0,0,39.400000000000006,72.4
00-0031549,N.Agholor,Nelson Agholor,WR,WR,"https://static.www.nfl.com/image/upload/f_auto,q_auto/league/wyxfkarcjgqdz3pl8nnr",2023,REG,BAL,16,0,0,0,0,0,0,0,0,0,0,0,0,,,0,,0,0,0,0,0,0,0,0,0,0,,0,0,0,0,0,35,45,381,4,1,0,418,141,19,17.871011294482273,0,18,9,4,0,0.9114832535885168,0.09453781512605042,0.10222548300317927,0.21336456079130112,0,1,0,0,0,0,0,0.0,0.0,0,0,0,0,0,0,0,0,0,0,0,0,0,0,0,1,0,1,1,0,0,0,0,0,0,0,0,0,,,0,0,0,0,0,0,0,0,0,0,0,0,,,,0,0,0,0,0,0,0,,0,0,0,0,,0,0,,0,0,0,0,0,0,0,0,0,0,62.1,97.1
00-0031550,S.Thompson,Shaq Thompson,OLB,LB,"https://static.www.nfl.com/image/upload/f_auto,q_auto/league/rk9qairtsyrzdoznvmen",2023,REG,CAR,2,0,0,0,0,0,0,0,0,0,0,0,0,,,0,,0,0,0,0,0,0,0,0,0,0,,0,0,0,0,0,0,0,0,0,0,0,0,0,0,,0,0,0,0,0,,0.0,0.0,0.0,0,5,1,2,0,0,0,0.0,0.0,0,0,0,0,0,0,0,0,0,0,0,0,0,0,0,0,0,0,0,0,0,0,0,0,0,0,0,0,,,0,0,0,0,0,0,0,0,0,0,0,0,,,,0,0,0,0,0,0,0,,0,0,0,0,,0,0,,0,0,0,0,0,0,0,0,0,0,0.0,0.0
00-0031554,E.Kendricks,Eric Kendricks,MLB,LB,"https://static.www.nfl.com/image/upload/f_auto,q_auto/league/adc49lyuljufsfseggdc",2023,REG,LAC,15,0,0,0,0,0,0,0,0,0,0,0,0,,,0,,0,0,0,0,0,0,0,0,0,0,,0,0,0,0,0,0,0,0,0,0,0,0,0,0,,0,0,0,0,0,,0.0,0.0,0.0,0,67,12,38,6,26,1,3.5,19.5,7,0,0,6,0,0,0,0,0,0,0,0,0,1,23,0,0,0,0,0,0,0,0,0,0,0,0,0,,,0,0,0,0,0,0,0,0,0,0,0,0,,,,0,0,0,0,0,0,0,,0,0,0,0,,0,0,,0,0,0,0,0,0,0,0,0,0,0.0,0.0
00-0031555,E.Rowe,Eric Rowe,CB,DB,"https://static.www.nfl.com/image/upload/f_auto,q_auto/league/ygvjgvkure8eesiiz0hw",2023,REG,PIT,3,0,0,0,0,0,0,0,0,0,0,0,0,,,0,,0,0,0,0,0,0,0,0,0,0,,0,0,0,0,0,0,0,0,0,0,0,0,0,0,,0,0,0,0,0,,0.0,0.0,0.0,0,21,1,7,1,2,1,0.0,0.0,0,1,25,2,0,0,0,0,0,0,0,0,0,0,0,0,0,0,0,0,0,0,0,0,0,0,0,0,,,0,0,0,0,0,0,0,0,0,0,0,0,,,,0,0,0,0,0,0,0,,0,0,0,0,,0,0,,0,0,0,0,0,0,0,0,0,0,0.0,0.0
00-0031557,J.Phillips,Jordan Phillips,DT,DL,"https://static.www.nfl.com/image/upload/f_auto,q_auto/league/hn887nvbphkycvlkvlms",2023,REG,BUF,13,0,0,0,0,0,0,0,0,0,0,0,0,,,0,,0,0,0,0,0,0,0,0,0,0,,0,0,0,0,0,0,0,0,0,0,0,0,0,0,,0,0,0,0,0,,0.0,0.0,0.0,0,8,2,5,2,21,0,2.5,23.5,5,0,0,5,0,0,0,0,0,0,0,0,0,5,40,0,0,0,0,0,0,0,0,0,0,0,0,0,,,0,0,0,0,0,0,0,0,0,0,0,0,,,,0,0,0,0,0,0,0,,0,0,0,0,,0,0,,0,0,0,0,0,0,0,0,0,0,0.0,0.0
00-0031565,D.Hunter,Danielle Hunter,DE,DL,"https://static.www.nfl.com/image/upload/f_auto,q_auto/league/z2rpuzpb0tm8r6vwnfxk",2023,REG,MIN,17,0,0,0,0,0,0,0,0,0,0,0,0,,,0,,0,0,0,0,0,0,0,0,0,0,,0,0,0,0,0,0,0,0,0,0,0,0,0,0,,0,0,0,0,0,,0.0,0.0,0.0,0,44,10,29,19,106,4,16.5,120.0,22,0,0,2,0,0,0,0,0,0,0,0,0,1,5,0,0,0,0,0,0,0,0,0,0,0,0,0,,,0,0,0,0,0,0,0,0,0,0,0,0,,,,0,0,0,0,0,0,0,,0,0,0,0,,0,0,,0,0,0,0,0,0,0,0,0,0,0.0,0.0
00-0031576,Z.Smith,Za'Darius Smith,DE,DL,"https://static.www.nfl.com/image/upload/f_auto,q_auto/league/l5t51lcflhhfvxhr1sx3",2023,REG,CLE,16,0,0,0,0,0,0,0,0,0,0,0,0,,,0,,0,0,0,0,0,0,0,0,0,0,,0,0,0,0,0,0,0,0,0,0,0,0,0,0,,0,0,0,0,0,,0.0,0.0,0.0,0,14,4,9,7,44,1,5.5,37.5,20,0,0,3,0,0,0,0,0,0,0,0,0,2,20,0,0,0,0,0,0,0,0,0,0,0,0,0,,,0,0,0,0,0,0,0,0,0,0,0,0,,,,0,0,0,0,0,0,0,,0,0,0,0,,0,0,,0,0,0,0,0,0,0,0,0,0,0.0,0.0
00-0031580,S.Mason,Shaq Mason,G,OL,"https://static.www.nfl.com/image/upload/f_auto,q_auto/league/h2j9pcx5k3kfbxgq1bb7",2023,REG,HOU,4,0,0,0,0,0,0,0,0,0,0,0,0,,,0,,0,0,0,0,0,0,0,0,0,0,,0,0,0,0,0,0,0,0,0,0,0,0,0,0,,0,0,0,0,0,,0.0,0.0,0.0,0,0,0,0,0,0,0,0.0,0.0,0,0,0,0,0,0,0,0,0,0,0,0,0,5,29,0,0,0,0,0,0,0,0,0,0,0,0,0,,,0,0,0,0,0,0,0,0,0,0,0,0,,,,0,0,0,0,0,0,0,,0,0,0,0,,0,0,,0,0,0,0,0,0,0,0,0,0,0.0,0.0
00-0031581,M.Glowinski,Mark Glowinski,G,OL,"https://static.www.nfl.com/image/private/f_auto,q_auto/league/ldqr5jlk57a6nrha4u8w",2023,REG,NYG,4,0,0,0,0,0,0,0,0,0,0,0,0,,,0,,0,0,0,0,0,0,0,0,0,0,,0,0,0,0,0,0,0,0,0,0,0,0,0,0,,0,0,0,0,0,,0.0,0.0,0.0,0,0,0,0,0,0,0,0.0,0.0,0,0,0,0,0,0,0,0,1,0,0,0,0,3,25,0,0,0,0,0,0,0,0,0,0,0,0,0,,,0,0,0,0,0,0,0,0,0,0,0,0,,,,0,0,0,0,0,0,0,,0,0,0,0,,0,0,,0,0,0,0,0,0,0,0,0,0,0.0,0.0
00-0031583,G.Jarrett,Grady Jarrett,DT,DL,"https://static.www.nfl.com/image/upload/f_auto,q_auto/league/znqx6ghmgepgcrsfw9gm",2023,REG,ATL,7,0,0,0,0,0,0,0,0,0,0,0,0,,,0,,0,0,0,0,0,0,0,0,0,0,,0,0,0,0,0,0,0,0,0,0,0,0,0,0,,0,0,0,0,0,,0.0,0.0,0.0,0,7,2,14,1,7,0,1.5,10.5,8,0,0,2,0,0,0,0,0,0,0,0,0,1,5,0,0,0,0,0,0,0,0,0,0,0,0,0,,,0,0,0,0,0,0,0,0,0,0,0,0,,,,0,0,0,0,0,0,0,,0,0,0,0,,0,0,,0,0,0,0,0,0,0,0,0,0,0.0,0.0
00-0031584,A.Amos,Adrian Amos,S,DB,"https://static.www.nfl.com/image/private/f_auto,q_auto/league/igawxadxnpihzzpzw9oe",2023,REG,HOU,10,0,0,0,0,0,0,0,0,0,0,0,0,,,0,,0,0,0,0,0,0,0,0,0,0,,0,0,0,0,0,0,0,0,0,0,0,0,0,0,,0,0,0,0,0,,0.0,0.0,0.0,0,22,1,5,0,0,0,0.0,0.0,0,0,0,1,0,0,0,0,1,0,0,0,0,0,0,0,0,0,0,0,0,0,0,0,0,0,0,0,,,0,0,0,0,0,0,0,0,0,0,0,0,,,,0,0,0,0,0,0,0,,0,0,0,0,,0,0,,0,0,0,0,0,0,0,0,0,0,0.0,0.0
00-0031585,M.Pruitt,MyCole Pruitt,TE,TE,"https://static.www.nfl.com/image/upload/f_auto,q_auto/league/jazo8egu5luwyxxcpjh8",2023,REG,ATL,10,0,0,0,0,0,0,0,0,0,0,0,0,,,0,,0,0,0,0,0,0,0,0,0,0,,0,0,0,0,0,9,12,110,1,1,0,62,51,6,8.236088730598567,0,6,3,2,0,1.7741935483870968,0.023622047244094488,0.014269275028768699,0.04542156338627982,0,0,0,0,0,0,0,0.0,0.0,0,0,0,0,0,0,0,0,0,0,0,0,0,3,35,1,0,1,1,0,0,0,0,0,0,0,0,0,,,0,0,0,0,0,0,0,0,0,0,0,0,,,,0,0,0,0,0,0,0,,0,0,0,0,,0,0,,0,0,0,0,0,0,0,0,0,0,17.0,26.0
00-0031587,B.McCain,Bobby McCain,CB,DB,"https://static.www.nfl.com/image/upload/f_auto,q_auto/league/qngkoi5ocjuet0kmni6a",2023,REG,NYG,3,0,0,0,0,0,0,0,0,0,0,0,0,,,0,,0,0,0,0,0,0,0,0,0,0,,0,0,0,0,0,0,0,0,0,0,0,0,0,0,,0,0,0,0,0,,0.0,0.0,0.0,0,1,0,0,0,0,0,0.0,0.0,0,0,0,1,0,1,0,0,0,0,0,0,0,0,0,0,1,0,1,1,1,0,0,0,0,0,0,0,,,0,0,0,0,0,0,0,0,0,0,0,0,,,,0,0,0,0,0,0,0,,0,0,0,0,,0,0,,0,0,0,0,0,0,0,0,0,0,0.0,0.0
00-0031588,S.Diggs,Stefon Diggs,WR,WR,"https://static.www.nfl.com/image/upload/f_auto,q_auto/league/cemcexmscsarpvwhafln",2023,REG,BUF,17,0,0,0,0,0,0,0,0,0,0,0,0,,,0,,0,0,0,0,1,5,0,0,0,1,0.8734940083231777,0,0,0,0,0,107,160,1183,8,2,1,1658,399,58,39.284095169305964,1,50,24,10,2,0.7135102533172497,0.29357798165137616,0.330147351652728,0.6714701186339739,0,3,0,0,0,0,0,0.0,0.0,0,0,0,0,0,0,0,0,0,0,0,0,0,3,25,2,0,1,2,1,0,0,0,0,0,0,0,0,,,0,0,0,0,0,0,0,0,0,0,0,0,,,,0,0,0,0,0,0,0,,0,0,0,0,,0,0,,0,0,0,0,0,0,0,0,0,0,166.8,273.8
00-0031595,M.Burton,Michael Burton,FB,RB,"https://static.www.nfl.com/image/upload/f_auto,q_auto/league/ibyeabk3yu68mgipxklr",2023,REG,DEN,11,0,0,0,0,0,0,0,0,0,0,0,0,,,0,,0,0,0,0,7,9,0,0,0,4,-3.5800362940207124,1,0,0,0,0,3,3,8,0,0,0,2,6,2,0.5167685634223744,0,0,0,0,0,4.0,0.006289308176100629,0.0005327650506126798,0.009806897799579821,0,4,0,1,0,0,1,0.0,0.0,0,0,0,0,0,0,0,0,0,0,0,0,0,2,14,0,0,0,0,0,0,0,0,0,0,0,0,0,,,0,0,0,0,0,0,0,0,0,0,0,0,,,,0,0,0,0,0,0,0,,0,0,0,0,,0,0,,0,0,0,0,0,0,0,0,0,0,3.7,6.7
00-0031596,D.Mayo,David Mayo,OLB,LB,"https://static.www.nfl.com/image/private/f_auto,q_auto/league/jcpcby79esons5wd1ocp",2023,REG,WAS,11,0,0,0,0,0,0,0,0,0,0,0,0,,,0,,0,0,0,0,0,0,0,0,0,0,,0,0,0,0,0,0,0,0,0,0,0,0,0,0,,0,0,0,0,0,,0.0,0.0,0.0,0,36,3,20,6,19,0,2.0,9.0,2,0,0,0,0,0,0,0,0,0,0,0,0,1,10,0,0,0,0,0,0,0,0,0,0,0,0,0,,,0,0,0,0,0,0,0,0,0,0,0,0,,,,0,0,0,0,0,0,0,,0,0,0,0,,0,0,,0,0,0,0,0,0,0,0,0,0,0.0,0.0
00-0031608,Q.Diggs,Quandre Diggs,S,DB,"https://static.www.nfl.com/image/upload/f_auto,q_auto/league/kqasx5pfmin4wrk503uf",2023,REG,SEA,17,0,0,0,0,0,0,0,0,0,0,0,0,,,0,,0,0,0,0,0,0,0,0,0,0,,0,0,0,0,0,0,0,0,0,0,0,0,0,0,,0,0,0,0,0,,0.0,0.0,0.0,0,56,7,32,1,3,0,0.0,0.0,0,1,21,5,0,0,0,0,0,0,0,0,0,2,30,0,0,0,0,0,0,0,0,0,0,0,0,0,,,0,0,0,0,0,0,0,0,0,0,0,0,,,,0,0,0,0,0,0,0,,0,0,0,0,,0,0,,0,0,0,0,0,0,0,0,0,0,0.0,0.0
00-0031610,D.Waller,Darren Waller,TE,TE,"https://static.www.nfl.com/image/upload/f_auto,q_auto/league/loyehiyzcu2lexjk7plq",2023,REG,NYG,12,0,0,0,0,0,0,0,0,0,0,0,0,,,0,,0,0,0,0,0,0,0,0,0,0,,0,0,0,0,0,52,74,552,1,0,0,592,211,25,15.29066188738817,0,21,10,8,0,0.9324324324324325,0.15257731958762888,0.15636555731642895,0.3383218695029436,0,1,0,0,0,0,0,0.0,0.0,0,0,0,0,0,0,0,0,0,0,0,0,0,0,0,0,0,0,0,0,0,0,0,0,0,0,0,0,,,0,0,0,0,0,0,0,0,0,0,0,0,,,,0,0,0,0,0,0,0,,0,0,0,0,,0,0,,0,0,0,0,0,0,0,0,0,0,61.2,113.2
00-0031687,R.Mostert,Raheem Mostert,RB,RB,"https://static.www.nfl.com/image/upload/f_auto,q_auto/league/fas5rkweusx2hl7abtzh",2023,REG,MIA,15,0,0,0,0,0,0,0,0,0,0,0,0,,,0,,0,0,0,0,209,1012,18,2,1,59,17.179602537857136,0,30,22,7,2,25,32,175,3,2,0,-20,213,6,-1.230254064560787,0,3,2,1,0,-8.75,0.058287795992714025,-0.004644681839294009,0.08418041670156523,0,0,0,0,0,0,0,0.0,0.0,0,0,0,0,0,0,0,0,1,-1,0,0,0,1,5,4,0,1,4,1,0,0,0,0,0,0,0,0,,,0,0,0,0,0,0,0,0,0,0,0,0,,,,0,0,0,0,0,0,0,,0,0,0,0,,0,0,,0,0,0,0,0,0,0,0,0,0,242.7,267.7
00-0031740,N.Hewitt,Neville Hewitt,LB,LB,"https://static.www.nfl.com/image/upload/f_auto,q_auto/league/lw2m7oyputkdykbaz0cu",2023,REG,HOU,10,0,0,0,0,0,0,0,0,0,0,0,0,,,0,,0,0,0,0,0,0,0,0,0,0,,0,0,0,0,0,0,0,0,0,0,0,0,0,0,,0,0,0,0,0,,0.0,0.0,0.0,0,8,0,6,0,0,0,0.0,0.0,0,0,0,0,0,0,0,0,0,0,0,0,0,2,17,0,0,0,0,0,0,0,0,0,0,0,0,0,,,0,0,0,0,0,0,0,0,0,0,0,0,,,,0,0,0,0,0,0,0,,0,0,0,0,,0,0,,0,0,0,0,0,0,0,0,0,0,0.0,0.0
00-0031763,D.Carter,DeAndre Carter,WR,WR,"https://static.www.nfl.com/image/upload/f_auto,q_auto/league/jx4io3owliw3l5xve6ta",2023,REG,LV,17,0,0,0,0,0,0,0,0,0,0,0,0,,,0,,0,0,0,0,3,18,0,0,0,2,4.044256906607188,0,1,1,0,0,4,7,39,0,0,0,4,50,0,-2.609521462970684,0,2,1,0,0,9.75,0.013182674199623353,0.000934361130576968,0.02042806409083891,0,0,0,0,0,0,0,0.0,0.0,0,0,0,0,0,2,0,0,2,0,0,0,0,0,0,0,2,0,2,0,24,232,11,262,0,0,0,0,,,0,0,0,0,0,0,0,0,0,0,0,0,,,,0,0,0,0,0,0,0,,0,0,0,0,,0,0,,0,0,0,0,0,0,0,0,0,0,5.7,9.7
00-0031785,T.Hill,Troy Hill,CB,DB,"https://static.www.nfl.com/image/upload/f_auto,q_auto/league/fa4ba7c9ku1narcpyh10",2023,REG,CAR,16,0,0,0,0,0,0,0,0,0,0,0,0,,,0,,0,0,0,0,0,0,0,0,0,0,,0,0,0,0,0,0,0,0,0,0,0,0,0,0,,0,0,0,0,0,,0.0,0.0,0.0,0,26,4,18,3,10,1,0.0,0.0,0,1,61,6,1,0,0,0,0,0,0,0,0,2,20,0,0,0,0,0,0,0,0,0,0,0,0,0,,,0,0,0,0,0,0,0,0,0,0,0,0,,,,0,0,0,0,0,0,0,,0,0,0,0,,0,0,,0,0,0,0,0,0,0,0,0,0,0.0,0.0
00-0031795,D.Williams,DeShawn Williams,DE,DL,"https://static.www.nfl.com/image/upload/f_auto,q_auto/league/oomwiwcodj3uwrbd4bug",2023,REG,CAR,15,0,0,0,0,0,0,0,0,0,0,0,0,,,0,,0,0,0,0,0,0,0,0,0,0,,0,0,0,0,0,0,0,0,0,0,0,0,0,0,,0,0,0,0,0,,0.0,0.0,0.0,0,11,2,20,2,11,0,1.0,7.0,7,0,0,1,0,0,0,0,0,0,0,0,0,1,10,0,0,0,0,0,0,0,0,0,0,0,0,0,,,0,0,0,0,0,0,0,0,0,0,0,0,,,,0,0,0,0,0,0,0,,0,0,0,0,,0,0,,0,0,0,0,0,0,0,0,0,0,0.0,0.0
00-0031800,T.Heinicke,Taylor Heinicke,QB,QB,"https://static.www.nfl.com/image/upload/f_auto,q_auto/league/fz9e0aufjyyo5raclwji",2023,REG,ATL,5,74,136,890,5,4,8,-47,0,0,1136,508,41,-1.6432791084098841,-9.087036467912629,0,0.7834507042253521,34,18,11,3,15,124,1,1,0,5,10.075049788429169,0,7,3,1,0,0,0,0,0,0,0,0,0,0,,0,0,0,0,0,,0.0,0.0,0.0,0,0,0,0,0,0,0,0.0,0.0,0,0,0,0,0,0,0,0,1,-4,0,0,0,0,0,0,1,0,1,0,0,0,0,0,0,0,0,0,,,0,0,0,0,0,0,0,0,0,0,0,0,,,,0,0,0,0,0,0,0,,0,0,0,0,,0,0,,0,0,0,0,0,0,0,0,0,0,66.0,66.0
00-0031852,D.Andrews,David Andrews,C,OL,"https://static.www.nfl.com/image/private/f_auto,q_auto/league/wgk8dyj0opob0dgutfz6",2023,REG,NE,2,0,0,0,0,0,0,0,0,0,0,0,0,,,0,,0,0,0,0,0,0,0,0,0,0,,0,0,0,0,0,0,0,0,0,0,0,0,0,0,,0,0,0,0,0,,0.0,0.0,0.0,0,1,0,0,0,0,0,0.0,0.0,0,0,0,0,0,0,0,0,1,0,0,0,0,0,0,0,0,0,0,0,0,0,0,0,0,0,0,0,,,0,0,0,0,0,0,0,0,0,0,0,0,,,,0,0,0,0,0,0,0,,0,0,0,0,,0,0,,0,0,0,0,0,0,0,0,0,0,0.0,0.0
00-0031868,D.Byrd,Damiere Byrd,WR,WR,"https://static.www.nfl.com/image/private/f_auto,q_auto/league/cskulleqxehtrgkqsl3u",2023,REG,ATL,1,0,0,0,0,0,0,0,0,0,0,0,0,,,0,,0,0,0,0,0,0,0,0,0,0,,0,0,0,0,0,0,2,0,0,0,0,45,0,0,-6.793155206134543,0,0,0,0,0,0.0,0.003937007874015748,0.010356731875719217,0.013155224124027073,0,0,0,0,0,0,0,0.0,0.0,0,0,0,0,0,0,0,0,0,0,0,0,0,0,0,0,0,0,0,0,0,0,0,0,0,0,0,0,,,0,0,0,0,0,0,0,0,0,0,0,0,,,,0,0,0,0,0,0,0,,0,0,0,0,,0,0,,0,0,0,0,0,0,0,0,0,0,0.0,0.0
00-0031870,D.Marlowe,Dean Marlowe,S,DB,"https://static.www.nfl.com/image/private/f_auto,q_auto/league/zs2gv5rqyvnaqlwl4yst",2023,REG,LAC,9,0,0,0,0,0,0,0,0,0,0,0,0,,,0,,0,0,0,0,0,0,0,0,0,0,,0,0,0,0,0,0,0,0,0,0,0,0,0,0,,0,0,0,0,0,,0.0,0.0,0.0,0,29,3,8,1,2,0,1.0,0.0,0,0,0,0,0,0,0,0,0,0,0,0,0,0,0,0,0,0,0,0,0,0,0,0,0,0,0,0,,,0,0,0,0,0,0,0,0,0,0,0,0,,,,0,0,0,0,0,0,0,,0,0,0,0,,0,0,,0,0,0,0,0,0,0,0,0,0,0.0,0.0
00-0031898,A.Singleton,Alex Singleton,LB,LB,"https://static.www.nfl.com/image/upload/f_auto,q_auto/league/zohji3gr704zraihhqyl",2023,REG,DEN,17,0,0,0,0,0,0,0,0,0,0,0,0,,,0,,0,0,0,0,0,0,0,0,0,0,,0,0,0,0,0,0,0,0,0,0,0,0,0,0,,0,0,0,0,0,,0.0,0.0,0.0,0,83,23,71,6,31,0,2.0,21.0,6,0,0,4,0,0,0,0,0,0,2,0,0,1,4,0,0,0,0,0,0,0,0,0,0,0,0,0,,,0,0,0,0,0,0,0,0,0,0,0,0,,,,0,0,0,0,0,0,0,,0,0,0,0,,0,0,,0,0,0,0,0,0,0,0,0,0,0.0,0.0
00-0031911,R.Lovato,Rick Lovato,LS,SPEC,"https://static.www.nfl.com/image/upload/f_auto,q_auto/league/xbx0sf2o3zhorv6mbhl2",2023,REG,PHI,3,0,0,0,0,0,0,0,0,0,0,0,0,,,0,,0,0,0,0,0,0,0,0,0,0,,0,0,0,0,0,0,0,0,0,0,0,0,0,0,,0,0,0,0,0,,0.0,0.0,0.0,0,2,0,1,0,0,1,0.0,0.0,0,0,0,0,0,0,0,0,0,0,0,0,0,0,0,0,0,0,0,0,0,0,0,0,0,0,0,0,,,0,0,0,0,0,0,0,0,0,0,0,0,,,,0,0,0,0,0,0,0,,0,0,0,0,,0,0,,0,0,0,0,0,0,0,0,0,0,0.0,0.0
00-0031933,L.Williams,Leonard Williams,DE,DL,"https://static.www.nfl.com/image/upload/f_auto,q_auto/league/jhaogtinjeyrwbjsvbl4",2023,REG,SEA,17,0,0,0,0,0,0,0,0,0,0,0,0,,,0,,0,0,0,0,0,0,0,0,0,0,,0,0,0,0,0,0,0,0,0,0,0,0,0,0,,0,0,0,0,0,,0.0,0.0,0.0,0,33,4,25,10,60,0,5.5,40.0,16,0,0,2,0,0,0,0,0,0,0,0,0,3,15,0,0,0,0,0,0,0,0,0,0,0,0,0,,,0,0,0,0,0,0,0,0,0,0,0,0,,,,0,0,0,0,0,0,0,,0,0,0,0,,0,0,,0,0,0,0,0,0,0,0,0,0,0.0,0.0
00-0031935,P.Smith,Preston Smith,DE,DL,"https://static.www.nfl.com/image/upload/f_auto,q_auto/league/etcwpdjr7xtc4gubw8gf",2023,REG,GB,17,0,0,0,0,0,0,0,0,0,0,0,0,,,0,,0,0,0,0,0,0,0,0,0,0,,0,0,0,0,0,0,0,0,0,0,0,0,0,0,,0,0,0,0,0,,0.0,0.0,0.0,0,21,7,20,4,30,2,8.0,44.0,21,0,0,4,0,0,0,0,0,0,0,0,0,0,0,0,0,0,0,0,0,0,0,0,0,0,0,0,,,0,0,0,0,0,0,0,0,0,0,0,0,,,,0,0,0,0,0,0,0,,0,0,0,0,,0,0,,0,0,0,0,0,0,0,0,0,0,0.0,0.0
00-0031936,M.Morse,Mitch Morse,C,OL,"https://static.www.nfl.com/image/upload/f_auto,q_auto/league/rlmszp2z31nrt5zoew30",2023,REG,BUF,6,0,0,0,0,0,0,0,0,0,0,0,0,,,0,,0,0,0,0,0,0,0,0,0,0,,0,0,0,0,0,0,0,0,0,0,0,0,0,0,,0,0,0,0,0,,0.0,0.0,0.0,0,2,0,1,0,0,0,0.0,0.0,0,0,0,0,0,0,0,0,0,0,0,0,0,4,27,0,0,0,0,0,0,0,0,0,0,0,0,0,,,0,0,0,0,0,0,0,0,0,0,0,0,,,,0,0,0,0,0,0,0,,0,0,0,0,,0,0,,0,0,0,0,0,0,0,0,0,0,0.0,0.0
00-0031938,C.Davis,Carl Davis,DT,DL,"https://static.www.nfl.com/image/upload/f_auto,q_auto/league/ozc21yaswwzhzdbcz0fm",2023,REG,DAL,2,0,0,0,0,0,0,0,0,0,0,0,0,,,0,,0,0,0,0,0,0,0,0,0,0,,0,0,0,0,0,0,0,0,0,0,0,0,0,0,,0,0,0,0,0,,0.0,0.0,0.0,0,0,0,3,0,0,0,0.0,0.0,0,0,0,0,0,0,0,0,0,0,0,0,0,0,0,0,0,0,0,0,0,0,0,0,0,0,0,0,,,0,0,0,0,0,0,0,0,0,0,0,0,,,,0,0,0,0,0,0,0,,0,0,0,0,,0,0,,0,0,0,0,0,0,0,0,0,0,0.0,0.0
00-0031941,J.Crowder,Jamison Crowder,WR,WR,"https://static.www.nfl.com/image/upload/f_auto,q_auto/league/rfysbrjrvfdr72cx8who",2023,REG,WAS,16,0,0,0,0,0,0,0,0,0,0,0,0,,,0,,0,0,0,0,0,0,0,0,0,0,,0,0,0,0,0,16,20,159,1,0,0,122,80,8,5.320990374864893,0,6,3,1,0,1.3032786885245902,0.033277870216306155,0.025592615900985945,0.06783163645514939,0,0,0,0,0,0,0,0.0,0.0,0,0,0,0,0,2,0,0,1,0,0,0,0,0,0,0,2,1,2,1,35,278,0,0,0,0,0,0,,,0,0,0,0,0,0,0,0,0,0,0,0,,,,0,0,0,0,0,0,0,,0,0,0,0,,0,0,,0,0,0,0,0,0,0,0,0,0,21.9,37.9
00-0031957,R.Nunez-Roches,Rakeem Nunez-Roches,DT,DL,"https://static.www.nfl.com/image/upload/f_auto,q_auto/league/iugbhtbumlnt3nb8wqmi",2023,REG,NYG,13,0,0,0,0,0,0,0,0,0,0,0,0,,,0,,0,0,0,0,0,0,0,0,0,0,,0,0,0,0,0,0,0,0,0,0,0,0,0,0,,0,0,0,0,0,,0.0,0.0,0.0,0,11,3,12,1,1,0,0.5,5.0,1,0,0,1,0,0,0,0,0,0,0,0,0,0,0,0,0,0,0,0,0,0,0,0,0,0,0,0,,,0,0,0,0,0,0,0,0,0,0,0,0,,,,0,0,0,0,0,0,0,,0,0,0,0,,0,0,,0,0,0,0,0,0,0,0,0,0,0.0,0.0
00-0032052,D.Fowler,Dante Fowler Jr.,DE,DL,"https://static.www.nfl.com/image/upload/f_auto,q_auto/league/tuvfudn3repds06zb5hi",2023,REG,DAL,13,0,0,0,0,0,0,0,0,0,0,0,0,,,0,,0,0,0,0,0,0,0,0,0,0,,0,0,0,0,0,0,0,0,0,0,0,0,0,0,,0,0,0,0,0,,0.0,0.0,0.0,0,6,2,5,4,21,1,4.0,21.0,7,0,0,3,0,0,0,0,0,0,0,0,0,4,20,0,0,0,0,0,0,0,0,0,0,0,0,0,,,0,0,0,0,0,0,0,0,0,0,0,0,,,,0,0,0,0,0,0,0,,0,0,0,0,,0,0,,0,0,0,0,0,0,0,0,0,0,0.0,0.0
00-0032053,B.Scherff,Brandon Scherff,G,OL,"https://static.www.nfl.com/image/private/f_auto,q_auto/league/anatrup32nwke2whu7vo",2023,REG,JAX,4,0,0,0,0,0,0,0,0,0,0,0,0,,,0,,0,0,0,0,0,0,0,0,0,0,,0,0,0,0,0,0,0,0,0,0,0,0,0,0,,0,0,0,0,0,,0.0,0.0,0.0,0,0,0,0,0,0,0,0.0,0.0,0,0,0,0,0,0,0,0,0,0,0,0,0,6,35,0,0,0,0,0,0,0,0,0,0,0,0,0,,,0,0,0,0,0,0,0,0,0,0,0,0,,,,0,0,0,0,0,0,0,,0,0,0,0,,0,0,,0,0,0,0,0,0,0,0,0,0,0.0,0.0
00-0032062,B.Bell,Blake Bell,TE,TE,"https://static.www.nfl.com/image/private/f_auto,q_auto/league/eqrmmjto8koqqc9j2kjj",2023,REG,KC,7,0,0,0,0,0,0,0,0,0,0,0,0,,,0,,0,0,0,0,0,0,0,0,0,0,,0,0,0,0,0,5,9,26,1,1,1,30,19,1,-12.218715450318996,0,0,0,0,0,0.8666666666666667,0.015025041736227046,0.007326007326007326,0.027665767732545695,0,0,0,1,0,0,0,0.0,0.0,0,0,0,0,0,0,0,0,0,0,0,0,0,0,0,1,0,0,1,1,0,0,0,0,0,0,0,0,,,0,0,0,0,0,0,0,0,0,0,0,0,,,,0,0,0,0,0,0,0,,0,0,0,0,,0,0,,0,0,0,0,0,0,0,0,0,0,6.6,11.6
00-0032065,B.Pinion,Bradley Pinion,P,SPEC,"https://static.www.nfl.com/image/upload/f_auto,q_auto/league/g6zs1z59umevxxtqc35z",2023,REG,ATL,17,0,0,0,0,0,0,0,0,0,0,0,0,,,0,,0,0,0,0,0,0,0,0,0,0,,0,0,0,0,0,0,0,0,0,0,0,0,0,0,,0,0,0,0,0,,0.0,0.0,0.0,0,0,0,0,0,0,0,0.0,0.0,0,0,0,0,0,0,0,0,0,0,0,0,0,0,0,0,0,0,0,0,0,0,0,0,0,0,0,0,,,0,0,0,0,0,0,0,0,0,0,0,0,,,,0,0,0,0,0,0,0,,0,0,0,0,,75,0,66,3523,27,12,5,3,24,31,353,0,3110,0.0,0.0
00-0032071,T.Brown,Trent Brown,OT,OL,"https://static.www.nfl.com/image/upload/f_auto,q_auto/league/r0l3rruzqunyqlt0lrzm",2023,REG,NE,1,0,0,0,0,0,0,0,0,0,0,0,0,,,0,,0,0,0,0,0,0,0,0,0,0,,0,0,0,0,0,0,0,0,0,0,0,0,0,0,,0,0,0,0,0,,0.0,0.0,0.0,0,0,0,0,0,0,0,0.0,0.0,0,0,0,0,0,0,0,0,0,0,0,0,0,1,5,0,0,0,0,0,0,0,0,0,0,0,0,0,,,0,0,0,0,0,0,0,0,0,0,0,0,,,,0,0,0,0,0,0,0,,0,0,0,0,,0,0,,0,0,0,0,0,0,0,0,0,0,0.0,0.0
00-0032103,D.Perryman,Denzel Perryman,MLB,LB,"https://static.www.nfl.com/image/upload/f_auto,q_auto/league/fqxyjc6skhaprcaiknpj",2023,REG,HOU,12,0,0,0,0,0,0,0,0,0,0,0,0,,,0,,0,0,0,0,0,0,0,0,0,0,,0,0,0,0,0,0,0,0,0,0,0,0,0,0,,0,0,0,0,0,,0.0,0.0,0.0,0,37,8,31,5,19,0,0.5,4.5,2,0,0,3,0,0,0,0,0,0,0,0,0,3,32,0,0,0,0,0,0,0,0,0,0,0,0,0,,,0,0,0,0,0,0,0,0,0,0,0,0,,,,0,0,0,0,0,0,0,,0,0,0,0,,0,0,,0,0,0,0,0,0,0,0,0,0,0.0,0.0
00-0032104,A.Abdullah,Ameer Abdullah,RB,RB,"https://static.www.nfl.com/image/upload/f_auto,q_auto/league/jvkgnlj5fn16mnmdyr4i",2023,REG,LV,16,0,0,0,0,0,0,0,0,0,0,0,0,,,0,,0,0,0,0,15,89,0,0,0,6,2.6026256582267893,0,2,1,0,0,19,24,131,0,0,0,46,88,4,-14.259469358250936,0,6,1,0,0,2.847826086956522,0.04519774011299435,0.010745153001635132,0.07531821727063612,0,11,1,2,0,0,0,0.0,0.0,0,0,0,0,0,0,0,0,0,0,0,0,0,1,5,0,0,0,0,0,0,0,0,0,0,0,0,0,,,0,0,0,0,0,0,0,0,0,0,0,0,,,,0,0,0,0,0,0,0,,0,0,0,0,,0,0,,0,0,0,0,0,0,0,0,0,0,22.0,41.0
00-0032107,A.Blackson,Angelo Blackson,DE,DL,"https://static.www.nfl.com/image/upload/f_auto,q_auto/league/fqkyimdahqjlnqu60zqf",2023,REG,JAX,7,0,0,0,0,0,0,0,0,0,0,0,0,,,0,,0,0,0,0,0,0,0,0,0,0,,0,0,0,0,0,0,0,0,0,0,0,0,0,0,,0,0,0,0,0,,0.0,0.0,0.0,0,7,1,5,2,3,0,0.0,0.0,0,0,0,0,0,0,0,0,0,0,3,0,0,1,15,0,0,0,0,0,0,0,0,0,0,0,0,0,,,0,0,0,0,0,0,0,0,0,0,0,0,,,,0,0,0,0,0,0,0,,0,0,0,0,,0,0,,0,0,0,0,0,0,0,0,0,0,0.0,0.0
00-0032109,K.Alexander,Kwon Alexander,MLB,LB,"https://static.www.nfl.com/image/upload/f_auto,q_auto/league/rccrvhqts2qk8ycjqfmz",2023,REG,PIT,8,0,0,0,0,0,0,0,0,0,0,0,0,,,0,,0,0,0,0,0,0,0,0,0,0,,0,0,0,0,0,0,0,0,0,0,0,0,0,0,,0,0,0,0,0,,0.0,0.0,0.0,0,30,2,9,5,12,1,1.0,3.0,2,1,0,1,0,0,0,0,0,0,0,0,0,0,0,0,0,0,0,0,0,0,0,0,0,0,0,0,,,0,0,0,0,0,0,0,0,0,0,0,0,,,,0,0,0,0,0,0,0,,0,0,0,0,,0,0,,0,0,0,0,0,0,0,0,0,0,0.0,0.0
00-0032127,M.Golden,Markus Golden,LB,LB,"https://static.www.nfl.com/image/upload/f_auto,q_auto/league/nardbsqj0aigwn7tm8g1",2023,REG,PIT,11,0,0,0,0,0,0,0,0,0,0,0,0,,,0,,0,0,0,0,0,0,0,0,0,0,,0,0,0,0,0,0,0,0,0,0,0,0,0,0,,0,0,0,0,0,,0.0,0.0,0.0,0,11,3,6,5,32,0,4.0,25.0,10,0,0,1,0,0,0,0,0,0,1,0,0,0,0,0,0,0,0,0,0,0,0,0,0,0,0,0,,,0,0,0,0,0,0,0,0,0,0,0,0,,,,0,0,0,0,0,0,0,,0,0,0,0,,0,0,,0,0,0,0,0,0,0,0,0,0,0.0,0.0
00-0032128,C.Conley,Chris Conley,WR,WR,"https://static.www.nfl.com/image/upload/f_auto,q_auto/league/mr4h7vx02uwpr7xlfk6y",2023,REG,SF,1,0,0,0,0,0,0,0,0,0,0,0,0,,,0,,0,0,0,0,0,0,0,0,0,0,,0,0,0,0,0,3,6,69,0,0,0,74,28,2,1.337810616765637,0,2,2,1,1,0.9324324324324325,0.012738853503184714,0.01841712294673967,0.03200026631749484,0,0,0,0,0,0,0,0.0,0.0,0,0,0,0,0,0,0,0,0,0,0,0,0,0,0,0,0,0,0,0,0,0,0,0,0,0,0,0,,,0,0,0,0,0,0,0,0,0,0,0,0,,,,0,0,0,0,0,0,0,,0,0,0,0,,0,0,,0,0,0,0,0,0,0,0,0,0,6.9,9.9
00-0032129,J.Hicks,Jordan Hicks,MLB,LB,"https://static.www.nfl.com/image/upload/f_auto,q_auto/league/nupnkxjio2iuqppmog1a",2023,REG,MIN,13,0,0,0,0,0,0,0,0,0,0,0,0,,,0,,0,0,0,0,0,0,0,0,0,0,,0,0,0,0,0,0,0,0,0,0,0,0,0,0,,0,0,0,0,0,,0.0,0.0,0.0,0,43,18,46,2,10,1,1.0,8.0,2,1,9,5,0,0,0,0,0,0,2,42,1,1,4,0,0,0,0,0,0,0,0,0,0,0,0,0,,,0,0,0,0,0,0,0,0,0,0,0,0,,,,0,0,0,0,0,0,0,,0,0,0,0,,0,0,,0,0,0,0,0,0,0,0,0,0,0.0,0.0
00-0032132,M.Garcia,Max Garcia,G,OL,"https://static.www.nfl.com/image/private/f_auto,q_auto/league/vtewzccgwdq5gr3qzvnx",2023,REG,NO,4,0,0,0,0,0,0,0,0,0,0,0,0,,,0,,0,0,0,0,0,0,0,0,0,0,,0,0,0,0,0,0,0,0,0,0,0,0,0,0,,0,0,0,0,0,,0.0,0.0,0.0,0,0,0,0,0,0,0,0.0,0.0,0,0,0,0,0,0,0,0,0,0,0,0,0,4,25,0,0,0,0,0,0,0,0,0,0,0,0,0,,,0,0,0,0,0,0,0,0,0,0,0,0,,,,0,0,0,0,0,0,0,,0,0,0,0,,0,0,,0,0,0,0,0,0,0,0,0,0,0.0,0.0
00-0032134,C.Uzomah,C.J. Uzomah,TE,TE,"https://static.www.nfl.com/image/private/f_auto,q_auto/league/hnkflpl5pzbfbdvtcv1c",2023,REG,NYJ,8,0,0,0,0,0,0,0,0,0,0,0,0,,,0,,0,0,0,0,0,0,0,0,0,0,,0,0,0,0,0,8,12,58,1,0,0,64,33,5,-3.3890369992295746,0,1,1,0,0,0.90625,0.021314387211367674,0.016,0.04317158081705151,0,2,0,0,0,0,0,0.0,0.0,0,0,0,0,0,0,0,0,0,0,0,0,0,2,20,0,0,0,0,0,0,0,0,0,0,0,0,0,,,0,0,0,0,0,0,0,0,0,0,0,0,,,,0,0,0,0,0,0,0,,0,0,0,0,,0,0,,0,0,0,0,0,0,0,0,0,0,11.8,19.8
00-0032141,G.Swaim,Geoff Swaim,TE,TE,"https://static.www.nfl.com/image/upload/f_auto,q_auto/league/kecuhwgbqvlqt6gb0dz6",2023,REG,ARI,8,0,0,0,0,0,0,0,0,0,0,0,0,,,0,,0,0,0,0,0,0,0,0,0,0,,0,0,0,0,0,10,11,94,0,0,0,60,30,4,6.6409618902544025,0,3,1,1,0,1.5666666666666667,0.020370370370370372,0.01433349259436216,0.04058900037160907,0,1,0,0,0,0,0,0.0,0.0,0,0,0,0,0,0,0,0,0,0,0,0,0,1,0,0,0,0,0,0,0,0,0,0,0,0,0,0,,,0,0,0,0,0,0,0,0,0,0,0,0,,,,0,0,0,0,0,0,0,,0,0,0,0,,0,0,,0,0,0,0,0,0,0,0,0,0,9.4,19.4
00-0032144,M.Gordon,Melvin Gordon,RB,RB,"https://static.www.nfl.com/image/private/f_auto,q_auto/league/i4g8x7yotpgszlyanow0",2023,REG,BAL,4,0,0,0,0,0,0,0,0,0,0,0,0,,,0,,0,0,0,0,26,81,1,1,1,4,-7.110242741677212,0,2,2,1,0,3,3,46,0,0,0,18,28,3,3.14673605596181,0,3,1,1,0,2.5555555555555554,0.0063025210084033615,0.004402054292002935,0.012535219517007097,0,0,0,0,0,0,0,0.0,0.0,0,0,0,0,0,0,0,0,0,0,0,0,0,0,0,1,0,0,1,1,0,0,0,0,0,0,0,0,,,0,0,0,0,0,0,0,0,0,0,0,0,,,,0,0,0,0,0,0,0,,0,0,0,0,,0,0,,0,0,0,0,0,0,0,0,0,0,16.700000000000003,19.700000000000003
00-0032145,C.Erving,Cameron Erving,G,OL,"https://static.www.nfl.com/image/upload/f_auto,q_auto/league/am4j5uzyvy1eow4ptemd",2023,REG,NO,3,0,0,0,0,0,0,0,0,0,0,0,0,,,0,,0,0,0,0,0,0,0,0,0,0,,0,0,0,0,0,0,0,0,0,0,0,0,0,0,,0,0,0,0,0,,0.0,0.0,0.0,0,0,0,0,0,0,0,0.0,0.0,0,0,0,0,0,0,0,0,1,0,0,0,0,2,10,0,0,0,0,0,0,0,0,0,0,0,0,0,,,0,0,0,0,0,0,0,0,0,0,0,0,,,,0,0,0,0,0,0,0,,0,0,0,0,,0,0,,0,0,0,0,0,0,0,0,0,0,0.0,0.0
00-0032146,B.Dupree,Bud Dupree,OLB,LB,"https://static.www.nfl.com/image/upload/f_auto,q_auto/league/unn7gcyciu20lmm1bvpn",2023,REG,ATL,16,0,0,0,0,0,0,0,0,0,0,0,0,,,0,,0,0,0,0,0,0,0,0,0,0,,0,0,0,0,0,0,0,0,0,0,0,0,0,0,,0,0,0,0,0,,0.0,0.0,0.0,0,12,5,22,4,13,2,6.5,28.5,8,0,0,3,0,0,0,0,0,0,0,0,0,0,0,0,0,0,0,0,0,0,0,0,0,0,0,0,,,0,0,0,0,0,0,0,0,0,0,0,0,,,,0,0,0,0,0,0,0,,0,0,0,0,,0,0,,0,0,0,0,0,0,0,0,0,0,0.0,0.0
00-0032150,S.Nelson,Steven Nelson,CB,DB,"https://static.www.nfl.com/image/private/f_auto,q_auto/league/qaocvlmmgdkkubtkxqrt",2023,REG,HOU,17,0,0,0,0,0,0,0,0,0,0,0,0,,,0,,0,0,0,0,0,0,0,0,0,0,,0,0,0,0,0,0,0,0,0,0,0,0,0,0,,0,0,0,0,0,,0.0,0.0,0.0,0,45,3,15,0,0,0,0.0,0.0,0,4,33,12,0,0,0,0,0,0,0,0,0,3,36,0,0,0,0,0,0,0,0,0,0,0,0,0,,,0,0,0,0,0,0,0,0,0,0,0,0,,,,0,0,0,0,0,0,0,,0,0,0,0,,0,0,,0,0,0,0,0,0,0,0,0,0,0.0,0.0
00-0032151,J.Feliciano,Jon Feliciano,G,OL,"https://static.www.nfl.com/image/upload/f_auto,q_auto/league/mfsf1zkh4exfukfvuwuh",2023,REG,SF,3,0,0,0,0,0,0,0,0,0,0,0,0,,,0,,0,0,0,0,0,0,0,0,0,0,,0,0,0,0,0,0,0,0,0,0,0,0,0,0,,0,0,0,0,0,,0.0,0.0,0.0,0,0,1,0,0,0,0,0.0,0.0,0,0,0,0,0,0,0,0,0,0,0,0,0,2,10,0,0,0,0,0,0,0,0,0,0,0,0,0,,,0,0,0,0,0,0,0,0,0,0,0,0,,,,0,0,0,0,0,0,0,,0,0,0,0,,0,0,,0,0,0,0,0,0,0,0,0,0,0.0,0.0
00-0032156,T.Siemian,Trevor Siemian,QB,QB,"https://static.www.nfl.com/image/private/f_auto,q_auto/league/vmksfbms9zefxezf39sb",2023,REG,NYJ,5,86,153,724,2,4,8,-40,4,2,814,471,35,-54.594705236723684,-8.928197042809593,0,0.8894348894348895,30,11,8,0,11,40,0,1,1,5,-7.309838077169843,0,1,1,0,0,0,0,0,0,0,0,0,0,0,,0,0,0,0,0,,0.0,0.0,0.0,0,0,0,0,0,0,0,0.0,0.0,0,0,0,0,0,0,0,0,1,-5,0,0,0,2,35,4,1,0,5,3,0,0,0,0,0,0,0,0,,,0,0,0,0,0,0,0,0,0,0,0,0,,,,0,0,0,0,0,0,0,,0,0,0,0,,0,0,,0,0,0,0,0,0,0,0,0,0,26.96,26.96
00-0032162,T.McGill,T.Y. McGill,DT,DL,"https://static.www.nfl.com/image/upload/f_auto,q_auto/league/v1rav6esnezg5ggbkwoz",2023,REG,SF,2,0,0,0,0,0,0,0,0,0,0,0,0,,,0,,0,0,0,0,0,0,0,0,0,0,,0,0,0,0,0,0,0,0,0,0,0,0,0,0,,0,0,0,0,0,,0.0,0.0,0.0,0,1,0,1,0,0,1,0.0,0.0,1,0,0,0,0,0,0,0,0,0,0,0,0,0,0,0,0,0,0,0,0,0,0,0,0,0,0,0,,,0,0,0,0,0,0,0,0,0,0,0,0,,,,0,0,0,0,0,0,0,,0,0,0,0,,0,0,,0,0,0,0,0,0,0,0,0,0,0.0,0.0
00-0032164,A.Armstead,Arik Armstead,DE,DL,"https://static.www.nfl.com/image/upload/f_auto,q_auto/league/z6e5xcslnlyaz2egeke3",2023,REG,SF,12,0,0,0,0,0,0,0,0,0,0,0,0,,,0,,0,0,0,0,0,0,0,0,0,0,,0,0,0,0,0,0,0,0,0,0,0,0,0,0,,0,0,0,0,0,,0.0,0.0,0.0,0,12,3,12,4,24,0,5.0,37.0,13,0,0,0,0,0,0,0,0,0,0,0,0,2,10,0,0,0,0,0,0,0,0,0,0,0,0,0,,,0,0,0,0,0,0,0,0,0,0,0,0,,,,0,0,0,0,0,0,0,,0,0,0,0,,0,0,,0,0,0,0,0,0,0,0,0,0,0.0,0.0
00-0032165,M.Peters,Marcus Peters,CB,DB,"https://static.www.nfl.com/image/upload/f_auto,q_auto/league/wnn5zpsvkdzzzmotmf98",2023,REG,LV,10,0,0,0,0,0,0,0,0,0,0,0,0,,,0,,0,0,0,0,0,0,0,0,0,0,,0,0,0,0,0,0,0,0,0,0,0,0,0,0,,0,0,0,0,0,,0.0,0.0,0.0,0,26,2,15,1,4,0,0.0,0.0,0,1,75,5,1,0,0,0,0,0,0,0,0,3,13,0,0,0,0,0,0,0,0,0,0,0,0,0,,,0,0,0,0,0,0,0,0,0,0,0,0,,,,0,0,0,0,0,0,0,,0,0,0,0,,0,0,,0,0,0,0,0,0,0,0,0,0,0.0,0.0
00-0032195,R.Darby,Ronald Darby,CB,DB,"https://static.www.nfl.com/image/upload/f_auto,q_auto/league/dn0kn2aw6crrzvsjiuvl",2023,REG,BAL,11,0,0,0,0,0,0,0,0,0,0,0,0,,,0,,0,0,0,0,0,0,0,0,0,0,,0,0,0,0,0,0,0,0,0,0,0,0,0,0,,0,0,0,0,0,,0.0,0.0,0.0,0,20,4,4,0,0,0,0.0,0.0,0,0,0,7,0,0,0,0,0,0,0,0,0,1,5,0,0,0,0,0,0,0,0,0,0,0,0,0,,,0,0,0,0,0,0,0,0,0,0,0,0,,,,0,0,0,0,0,0,0,,0,0,0,0,,0,0,,0,0,0,0,0,0,0,0,0,0,0.0,0.0
00-0032197,R.Gregory,Randy Gregory,LB,LB,"https://static.www.nfl.com/image/private/f_auto,q_auto/league/ntzrq0dmsyep6qjsdrjp",2023,REG,SF,13,0,0,0,0,0,0,0,0,0,0,0,0,,,0,,0,0,0,0,0,0,0,0,0,0,,0,0,0,0,0,0,0,0,0,0,0,0,0,0,,0,0,0,0,0,,0.0,0.0,0.0,0,11,3,6,4,24,0,3.5,23.0,10,0,0,1,0,0,0,0,0,0,0,0,0,3,16,0,0,0,0,0,0,0,0,0,0,0,0,0,,,0,0,0,0,0,0,0,0,0,0,0,0,,,,0,0,0,0,0,0,0,,0,0,0,0,,0,0,,0,0,0,0,0,0,0,0,0,0,0.0,0.0
00-0032200,T.Montgomery,Ty Montgomery,WR,WR,"https://static.www.nfl.com/image/private/f_auto,q_auto/league/eagn4fvhnc9cp3wxeqoz",2023,REG,NE,11,0,0,0,0,0,0,0,0,0,0,0,0,,,0,,0,0,0,0,3,9,0,0,0,0,-0.3098102144431323,0,0,0,0,0,5,12,40,0,0,0,90,27,3,-8.515426965081133,0,2,1,0,0,0.4444444444444444,0.022181146025878003,0.02197265625,0.048652578413817,0,7,0,1,0,0,0,0.0,0.0,0,0,0,0,0,0,0,0,0,0,0,0,0,1,5,0,0,0,0,0,0,0,9,219,0,0,0,0,,,0,0,0,0,0,0,0,0,0,0,0,0,,,,0,0,0,0,0,0,0,,0,0,0,0,,0,0,,0,0,0,0,0,0,0,0,0,0,4.9,9.9
00-0032203,A.Peat,Andrus Peat,G,OL,"https://static.www.nfl.com/image/upload/f_auto,q_auto/league/wlkqieesn85nhevcqcqe",2023,REG,NO,4,0,0,0,0,0,0,0,0,0,0,0,0,,,0,,0,0,0,0,0,0,0,0,0,0,,0,0,0,0,0,0,0,0,0,0,0,0,0,0,,0,0,0,0,0,,0.0,0.0,0.0,0,0,0,0,0,0,0,0.0,0.0,0,0,0,0,0,0,0,0,0,0,0,0,0,5,40,0,0,0,0,0,0,0,0,0,0,0,0,0,,,0,0,0,0,0,0,0,0,0,0,0,0,,,,0,0,0,0,0,0,0,,0,0,0,0,,0,0,,0,0,0,0,0,0,0,0,0,0,0.0,0.0
00-0032208,P.Dorsett,Phillip Dorsett,WR,WR,"https://static.www.nfl.com/image/upload/f_auto,q_auto/league/zkmdppfkcxqn5iwlcsyy",2023,REG,DEN,2,0,0,0,0,0,0,0,0,0,0,0,0,,,0,,0,0,0,0,0,0,0,0,0,0,,0,0,0,0,0,0,3,0,0,0,0,78,0,0,-1.748801541980356,0,0,0,0,0,0.0,0.006289308176100629,0.02077783697389451,0.0239784481458771,0,0,0,0,0,0,0,0.0,0.0,0,0,0,0,0,0,0,0,0,0,0,0,0,0,0,0,0,0,0,0,0,0,0,0,0,0,0,0,,,0,0,0,0,0,0,0,0,0,0,0,0,,,,0,0,0,0,0,0,0,,0,0,0,0,,0,0,,0,0,0,0,0,0,0,0,0,0,0.0,0.0
00-0032210,F.Clark,Frank Clark,LB,LB,"https://static.www.nfl.com/image/upload/f_auto,q_auto/league/imq9tljiopwvcfrsxwbh",2023,REG,SEA,6,0,0,0,0,0,0,0,0,0,0,0,0,,,0,,0,0,0,0,0,0,0,0,0,0,,0,0,0,0,0,0,0,0,0,0,0,0,0,0,,0,0,0,0,0,,0.0,0.0,0.0,0,4,0,4,0,0,0,0.0,0.0,0,0,0,0,0,0,0,0,0,0,0,0,0,1,5,0,0,0,0,0,0,0,0,0,0,0,0,0,,,0,0,0,0,0,0,0,0,0,0,0,0,,,,0,0,0,0,0,0,0,,0,0,0,0,,0,0,,0,0,0,0,0,0,0,0,0,0,0.0,0.0
00-0032211,T.Lockett,Tyler Lockett,WR,WR,"https://static.www.nfl.com/image/upload/f_auto,q_auto/league/gyhvviyep9iigeaobxmi",2023,REG,SEA,17,0,0,0,0,0,0,0,0,0,0,0,0,,,0,,0,0,0,0,0,0,0,0,0,0,,0,0,0,0,0,79,122,894,5,0,0,1322,210,47,41.28231917026342,2,39,16,9,0,0.6762481089258698,0.2230347349177331,0.3207959233195826,0.5591092487003075,0,3,0,0,0,0,0,0.0,0.0,0,0,0,0,0,0,0,0,0,0,0,0,0,0,0,0,0,0,0,0,0,0,0,0,0,0,0,0,,,0,0,0,0,0,0,0,0,0,0,0,0,,,,0,0,0,0,0,0,0,,0,0,0,0,,0,0,,0,0,0,0,0,0,0,0,0,0,123.4,202.4
00-0032214,T.Kroft,Tyler Kroft,TE,TE,"https://static.www.nfl.com/image/private/f_auto,q_auto/league/ztko1uhl01ebiutefibj",2023,REG,MIA,1,0,0,0,0,0,0,0,0,0,0,0,0,,,0,,0,0,0,0,0,0,0,0,0,0,,0,0,0,0,0,0,0,0,0,0,0,0,0,0,,0,0,0,0,0,,0.0,0.0,0.0,0,0,0,0,0,0,0,0.0,0.0,0,0,0,0,0,0,0,0,0,0,0,0,0,1,10,0,0,0,0,0,0,0,0,0,0,0,0,0,,,0,0,0,0,0,0,0,0,0,0,0,0,,,,0,0,0,0,0,0,0,,0,0,0,0,,0,0,,0,0,0,0,0,0,0,0,0,0,0.0,0.0
00-0032217,D.Smith,Donovan Smith,OT,OL,"https://static.www.nfl.com/image/private/f_auto,q_auto/league/iivzp0ofngoslzvvb46q",2023,REG,KC,4,0,0,0,0,0,0,0,0,0,0,0,0,,,0,,0,0,0,0,0,0,0,0,0,0,,0,0,0,0,0,1,1,0,0,0,0,0,0,0,-1.6393696549348533,0,0,0,0,0,,0.001669449081803005,0.0,0.0025041736227045075,0,0,0,0,0,0,0,0.0,0.0,0,0,0,0,0,0,0,0,0,0,0,0,0,4,35,0,0,0,0,0,0,0,0,0,0,0,0,0,,,0,0,0,0,0,0,0,0,0,0,0,0,,,,0,0,0,0,0,0,0,,0,0,0,0,,0,0,,0,0,0,0,0,0,0,0,0,0,0.0,1.0
00-0032222,D.Humphries,D.J. Humphries,OT,OL,"https://static.www.nfl.com/image/upload/f_auto,q_auto/league/ruiab6fqdaerscb2qnkz",2023,REG,ARI,7,0,0,0,0,0,0,0,0,0,0,0,0,,,0,,0,0,0,0,0,0,0,0,0,0,,0,0,0,0,0,0,0,0,0,0,0,0,0,0,,0,0,0,0,0,,0.0,0.0,0.0,0,1,0,0,0,0,0,0.0,0.0,0,0,0,0,0,0,0,0,0,0,0,0,0,9,70,0,0,0,0,0,0,0,0,0,0,0,0,0,,,0,0,0,0,0,0,0,0,0,0,0,0,,,,0,0,0,0,0,0,0,,0,0,0,0,,0,0,,0,0,0,0,0,0,0,0,0,0,0.0,0.0
00-0032228,J.Cardona,Joe Cardona,LS,SPEC,"https://static.www.nfl.com/image/upload/f_auto,q_auto/league/cs3qvfnrrxiubflqqw2i",2023,REG,NE,4,0,0,0,0,0,0,0,0,0,0,0,0,,,0,,0,0,0,0,0,0,0,0,0,0,,0,0,0,0,0,0,0,0,0,0,0,0,0,0,,0,0,0,0,0,,0.0,0.0,0.0,0,1,0,0,0,0,0,0.0,0.0,0,0,0,0,0,0,0,0,0,0,0,0,0,2,15,0,1,0,1,0,0,0,0,0,0,0,0,0,,,0,0,0,0,0,0,0,0,0,0,0,0,,,,0,0,0,0,0,0,0,,0,0,0,0,,0,0,,0,0,0,0,0,0,0,0,0,0,0.0,0.0
00-0032234,L.Tomlinson,Laken Tomlinson,G,OL,"https://static.www.nfl.com/image/upload/f_auto,q_auto/league/thhrfc9q38r0m1qvfctv",2023,REG,NYJ,7,0,0,0,0,0,0,0,0,0,0,0,0,,,0,,0,0,0,0,0,0,0,0,0,0,,0,0,0,0,0,0,0,0,0,0,0,0,0,0,,0,0,0,0,0,,0.0,0.0,0.0,0,2,0,0,0,0,0,0.0,0.0,0,0,0,0,0,0,0,0,2,0,0,0,0,4,30,0,0,0,0,0,0,0,0,0,0,0,0,0,,,0,0,0,0,0,0,0,0,0,0,0,0,,,,0,0,0,0,0,0,0,,0,0,0,0,,0,0,,0,0,0,0,0,0,0,0,0,0,0.0,0.0
00-0032242,R.Havenstein,Rob Havenstein,OT,OL,"https://static.www.nfl.com/image/upload/f_auto,q_auto/league/cqsicmerjhzvzpnz77fz",2023,REG,LA,2,0,0,0,0,0,0,0,0,0,0,0,0,,,0,,0,0,0,0,0,0,0,0,0,0,,0,0,0,0,0,0,0,0,0,0,0,0,0,0,,0,0,0,0,0,,0.0,0.0,0.0,0,0,0,0,0,0,0,0.0,0.0,0,0,0,0,0,0,0,0,0,0,0,0,0,2,15,0,0,0,0,0,0,0,0,0,0,0,0,0,,,0,0,0,0,0,0,0,0,0,0,0,0,,,,0,0,0,0,0,0,0,,0,0,0,0,,0,0,,0,0,0,0,0,0,0,0,0,0,0.0,0.0
00-0032265,M.Edwards,Mario Edwards,DT,DL,"https://static.www.nfl.com/image/upload/f_auto,q_auto/league/cia50revbealvw5biusr",2023,REG,SEA,11,0,0,0,0,0,0,0,0,0,0,0,0,,,0,,0,0,0,0,0,0,0,0,0,0,,0,0,0,0,0,0,0,0,0,0,0,0,0,0,,0,0,0,0,0,,0.0,0.0,0.0,0,12,3,6,5,15,1,2.0,16.0,6,0,0,1,0,0,0,0,0,0,0,0,0,3,31,0,0,0,0,0,0,0,0,0,0,0,0,0,,,0,0,0,0,0,0,0,0,0,0,0,0,,,,0,0,0,0,0,0,0,,0,0,0,0,,0,0,,0,0,0,0,0,0,0,0,0,0,0.0,0.0
00-0032268,M.Mariota,Marcus Mariota,QB,QB,"https://static.www.nfl.com/image/upload/f_auto,q_auto/league/b9ribxqudeehvmjlw0va",2023,REG,PHI,2,15,23,164,1,1,3,-11,1,1,178,72,10,-5.110095864364313,-0.4103625598161117,0,0.9213483146067416,9,3,1,0,8,52,0,0,0,6,5.675099564774428,0,2,2,0,0,0,0,0,0,0,0,0,0,0,,0,0,0,0,0,,0.0,0.0,0.0,0,0,0,0,0,0,0,0.0,0.0,0,0,0,0,0,0,0,0,0,0,0,0,0,0,0,1,0,0,1,1,0,0,0,0,0,0,0,0,,,0,0,0,0,0,0,0,0,0,0,0,0,,,,0,0,0,0,0,0,0,,0,0,0,0,,0,0,,0,0,0,0,0,0,0,0,0,0,11.760000000000002,11.760000000000002
00-0032366,T.Matakevich,Tyler Matakevich,ILB,LB,"https://static.www.nfl.com/image/upload/f_auto,q_auto/league/ug86kkpgmc0c9ntyp5qb",2023,REG,BUF,5,0,0,0,0,0,0,0,0,0,0,0,0,,,0,,0,0,0,0,0,0,0,0,0,0,,0,0,0,0,0,0,0,0,0,0,0,0,0,0,,0,0,0,0,0,,0.0,0.0,0.0,0,3,1,3,0,0,0,0.0,0.0,0,0,0,0,0,0,0,0,0,0,0,0,0,0,0,0,0,0,0,0,0,0,0,0,0,0,0,0,,,0,0,0,0,0,0,0,0,0,0,0,0,,,,0,0,0,0,0,0,0,,0,0,0,0,,0,0,,0,0,0,0,0,0,0,0,0,0,0.0,0.0
00-0032378,D.Buckner,DeForest Buckner,DT,DL,"https://static.www.nfl.com/image/upload/f_auto,q_auto/league/mtyogyexnz2ik3fbs3am",2023,REG,IND,17,0,0,0,0,0,0,0,0,0,0,0,0,,,0,,0,0,0,0,0,0,0,0,0,0,,0,0,0,0,0,0,0,0,0,0,0,0,0,0,,0,0,0,0,0,,0.0,0.0,0.0,0,35,10,36,10,54,2,8.0,48.0,21,0,0,7,0,0,0,0,0,0,1,26,1,5,35,0,0,0,0,0,0,0,0,0,0,0,0,0,,,0,0,0,0,0,0,0,0,0,0,0,0,,,,0,0,0,0,0,0,0,,0,0,0,0,,0,0,,0,0,0,0,0,0,0,0,0,0,0.0,0.0
00-0032379,E.Apple,Eli Apple,CB,DB,"https://static.www.nfl.com/image/upload/f_auto,q_auto/league/szrv0msliekcbdfulpzb",2023,REG,MIA,9,0,0,0,0,0,0,0,0,0,0,0,0,,,0,,0,0,0,0,0,0,0,0,0,0,,0,0,0,0,0,0,0,0,0,0,0,0,0,0,,0,0,0,0,0,,0.0,0.0,0.0,0,33,4,9,0,0,0,0.5,0.0,1,1,8,9,0,0,0,0,0,0,0,0,0,4,26,0,0,0,0,0,0,0,0,0,0,0,0,0,,,0,0,0,0,0,0,0,0,0,0,0,0,,,,0,0,0,0,0,0,0,,0,0,0,0,,0,0,,0,0,0,0,0,0,0,0,0,0,0.0,0.0
00-0032380,L.Tunsil,Laremy Tunsil,OT,OL,"https://static.www.nfl.com/image/upload/f_auto,q_auto/league/ewy0qnfl6956hfatqszj",2023,REG,HOU,6,0,0,0,0,0,0,0,0,0,0,0,0,,,0,,0,0,0,0,0,0,0,0,0,0,,0,0,0,0,0,0,0,0,0,0,0,0,0,0,,0,0,0,0,0,,0.0,0.0,0.0,0,0,0,0,0,0,0,0.0,0.0,0,0,0,0,0,0,0,0,0,0,0,0,0,9,49,0,0,0,0,0,0,0,0,0,0,0,0,0,,,0,0,0,0,0,0,0,0,0,0,0,0,,,,0,0,0,0,0,0,0,,0,0,0,0,,0,0,,0,0,0,0,0,0,0,0,0,0,0.0,0.0
00-0032381,T.Decker,Taylor Decker,OT,OL,"https://static.www.nfl.com/image/upload/f_auto,q_auto/league/j0gbwayifwek9ggoraqm",2023,REG,DET,6,0,0,0,0,0,0,0,0,0,0,0,0,,,0,,0,0,0,0,0,0,0,0,0,0,,0,0,0,0,0,0,0,0,0,0,0,0,0,0,,0,0,0,0,0,,0.0,0.0,0.0,0,0,0,0,0,0,0,0.0,0.0,0,0,0,0,0,0,0,0,0,0,0,0,0,6,45,0,0,0,0,0,0,0,0,0,0,0,0,0,,,0,0,0,0,0,0,0,0,0,0,0,0,,,,0,0,0,0,0,0,0,,0,0,0,0,,0,0,,0,0,0,0,0,0,0,0,0,0,0.0,0.0
00-0032382,K.Neal,Keanu Neal,S,DB,"https://static.www.nfl.com/image/private/f_auto,q_auto/league/zz77nplqxb4kvkzionja",2023,REG,PIT,9,0,0,0,0,0,0,0,0,0,0,0,0,,,0,,0,0,0,0,0,0,0,0,0,0,,0,0,0,0,0,0,0,0,0,0,0,0,0,0,,0,0,0,0,0,,0.0,0.0,0.0,0,28,5,17,1,5,0,0.0,0.0,0,1,32,2,0,0,0,0,0,0,1,0,0,1,15,0,0,0,0,0,0,0,0,0,0,0,0,0,,,0,0,0,0,0,0,0,0,0,0,0,0,,,,0,0,0,0,0,0,0,,0,0,0,0,,0,0,,0,0,0,0,0,0,0,0,0,0,0.0,0.0
00-0032383,R.Kelly,Ryan Kelly,C,OL,"https://static.www.nfl.com/image/upload/f_auto,q_auto/league/owzvmhrfz5lfh2rcalxd",2023,REG,IND,2,0,0,0,0,0,0,0,0,0,0,0,0,,,0,,0,0,0,0,0,0,0,0,0,0,,0,0,0,0,0,0,0,0,0,0,0,0,0,0,,0,0,0,0,0,,0.0,0.0,0.0,0,1,0,0,0,0,0,0.0,0.0,0,0,0,0,0,0,0,0,0,0,0,0,0,1,10,0,0,0,0,0,0,0,0,0,0,0,0,0,,,0,0,0,0,0,0,0,0,0,0,0,0,,,,0,0,0,0,0,0,0,,0,0,0,0,,0,0,,0,0,0,0,0,0,0,0,0,0,0.0,0.0
00-0032385,S.Shepard,Sterling Shepard,WR,WR,"https://static.www.nfl.com/image/upload/f_auto,q_auto/league/l47czwi8aaznnit0se5h",2023,REG,NYG,10,0,0,0,0,0,0,0,0,0,0,0,0,,,0,,0,0,0,0,1,6,0,0,0,0,0.4848711567756254,0,0,0,0,0,10,22,57,1,0,0,160,33,4,-11.138027666812537,0,2,0,0,0,0.35625,0.04536082474226804,0.04226096143687269,0.09762391011921294,0,1,0,0,0,0,0,0.0,0.0,0,0,0,0,0,1,0,0,0,0,0,0,0,0,0,0,1,0,1,1,3,10,0,0,0,0,0,0,,,0,0,0,0,0,0,0,0,0,0,0,0,,,,0,0,0,0,0,0,0,,0,0,0,0,,0,0,,0,0,0,0,0,0,0,0,0,0,12.3,22.3
00-0032387,Ja.Reed,Jarran Reed,DT,DL,"https://static.www.nfl.com/image/upload/f_auto,q_auto/league/td7umxhgwkswls8rutk0",2023,REG,SEA,16,0,0,0,0,0,0,0,0,0,0,0,0,,,0,,0,0,0,0,0,0,0,0,0,0,,0,0,0,0,0,0,0,0,0,0,0,0,0,0,,0,0,0,0,0,,0.0,0.0,0.0,0,24,3,27,7,42,1,7.0,46.0,12,0,0,2,0,0,0,0,0,0,1,0,0,3,14,0,0,0,0,0,0,0,0,0,0,0,0,0,,,0,0,0,0,0,0,0,0,0,0,0,0,,,,0,0,0,0,0,0,0,,0,0,0,0,,0,0,,0,0,0,0,0,0,0,0,0,0,0.0,0.0
00-0032388,D.Jones,Deion Jones,LB,LB,"https://static.www.nfl.com/image/upload/f_auto,q_auto/league/fpmevebnsvfm07e7xhcu",2023,REG,CAR,12,0,0,0,0,0,0,0,0,0,0,0,0,,,0,,0,0,0,0,0,0,0,0,0,0,,0,0,0,0,0,0,0,0,0,0,0,0,0,0,,0,0,0,0,0,,0.0,0.0,0.0,0,17,5,13,3,16,0,1.0,8.0,1,1,0,6,0,0,0,0,0,0,0,0,0,2,22,0,0,0,0,0,0,0,0,0,0,0,0,0,,,0,0,0,0,0,0,0,0,0,0,0,0,,,,0,0,0,0,0,0,0,,0,0,0,0,,0,0,,0,0,0,0,0,0,0,0,0,0,0.0,0.0
00-0032391,J.Thuney,Joe Thuney,G,OL,"https://static.www.nfl.com/image/upload/f_auto,q_auto/league/fstgjypwv8bcpfaae5mi",2023,REG,KC,3,0,0,0,0,0,0,0,0,0,0,0,0,,,0,,0,0,0,0,0,0,0,0,0,0,,0,0,0,0,0,0,0,0,0,0,0,0,0,0,,0,0,0,0,0,,0.0,0.0,0.0,0,1,0,0,0,0,0,0.0,0.0,0,0,0,0,0,0,0,0,0,0,0,0,0,2,15,0,0,0,0,0,0,0,0,0,0,0,0,0,,,0,0,0,0,0,0,0,0,0,0,0,0,,,,0,0,0,0,0,0,0,,0,0,0,0,,0,0,,0,0,0,0,0,0,0,0,0,0,0.0,0.0
00-0032392,A.Hooper,Austin Hooper,TE,TE,"https://static.www.nfl.com/image/upload/f_auto,q_auto/league/gfvav2gybtr174ckovpk",2023,REG,LV,16,0,0,0,0,0,0,0,0,0,0,0,0,,,0,,0,0,0,0,0,0,0,0,0,0,,0,0,0,0,0,25,31,234,0,0,0,130,142,12,10.412619393071626,0,10,2,2,0,1.8,0.0583804143126177,0.03036673674375146,0.10882733718955258,0,1,0,0,0,0,0,0.0,0.0,0,0,0,0,0,0,0,0,0,0,0,0,0,1,10,0,0,0,0,0,0,0,0,0,0,0,0,0,,,0,0,0,0,0,0,0,0,0,0,0,0,,,,0,0,0,0,0,0,0,,0,0,0,0,,0,0,,0,0,0,0,0,0,0,0,0,0,23.400000000000002,48.400000000000006
00-0032394,N.Vannett,Nick Vannett,TE,TE,"https://static.www.nfl.com/image/upload/f_auto,q_auto/league/srrlkx2mydsb8gfco6fp",2023,REG,LAC,1,0,0,0,0,0,0,0,0,0,0,0,0,,,0,,0,0,0,0,0,0,0,0,0,0,,0,0,0,0,0,1,1,3,0,0,0,3,0,1,0.17008013278245926,0,0,0,0,0,1.0,0.0016286644951140066,0.0006338474540460595,0.0028866899605032516,0,0,0,0,0,0,0,0.0,0.0,0,0,0,0,0,0,0,0,0,0,0,0,0,0,0,0,0,0,0,0,0,0,0,0,0,0,0,0,,,0,0,0,0,0,0,0,0,0,0,0,0,,,,0,0,0,0,0,0,0,,0,0,0,0,,0,0,,0,0,0,0,0,0,0,0,0,0,0.30000000000000004,1.3
00-0032395,G.Glasgow,Graham Glasgow,C,OL,"https://static.www.nfl.com/image/upload/f_auto,q_auto/league/mgmeks8iieefdbtk2zob",2023,REG,DET,4,0,0,0,0,0,0,0,0,0,0,0,0,,,0,,0,0,0,0,0,0,0,0,0,0,,0,0,0,0,0,0,0,0,0,0,0,0,0,0,,0,0,0,0,0,,0.0,0.0,0.0,0,0,0,0,0,0,0,0.0,0.0,0,0,0,0,0,0,0,0,0,0,0,0,0,4,35,0,0,0,0,0,0,0,0,0,0,0,0,0,,,0,0,0,0,0,0,0,0,0,0,0,0,,,,0,0,0,0,0,0,0,,0,0,0,0,,0,0,,0,0,0,0,0,0,0,0,0,0,0.0,0.0
00-0032398,C.Moore,Chris Moore,WR,WR,"https://static.www.nfl.com/image/upload/f_auto,q_auto/league/o0s29hnpztyxqotqdx8h",2023,REG,TEN,15,0,0,0,0,0,0,0,0,0,0,0,0,,,0,,0,0,0,0,2,39,0,0,0,1,2.091619018930942,0,1,1,1,0,22,35,424,0,1,0,641,57,16,18.269116410272552,0,15,10,9,3,0.6614664586583463,0.07322175732217573,0.14029328080542788,0.2080379325470631,0,2,0,1,0,0,1,0.0,0.0,0,0,0,0,0,0,0,0,0,0,0,0,0,0,0,1,0,1,1,0,0,0,4,89,0,0,0,0,,,0,0,0,0,0,0,0,0,0,0,0,0,,,,0,0,0,0,0,0,0,,0,0,0,0,,0,0,,0,0,0,0,0,0,0,0,0,0,46.300000000000004,68.30000000000001
00-0032399,M.Killebrew,Miles Killebrew,SAF,DB,"https://static.www.nfl.com/image/upload/f_auto,q_auto/league/f9p5bqqqb38i6kgvqzms",2023,REG,PIT,12,0,0,0,0,0,0,0,0,0,0,0,0,,,0,,0,0,0,0,0,0,0,0,0,0,,0,0,0,0,0,0,0,0,0,0,0,0,0,0,,0,0,0,0,0,,0.0,0.0,0.0,0,20,1,5,1,1,0,0.0,0.0,1,0,0,0,0,0,1,0,0,0,0,0,0,3,40,0,0,0,0,0,0,0,0,0,0,0,0,0,,,0,0,0,0,0,0,0,0,0,0,0,0,,,,0,0,0,0,0,0,0,,0,0,0,0,,0,0,,0,0,0,0,0,0,0,0,0,0,0.0,0.0
00-0032401,D.Campbell,De'Vondre Campbell,OLB,LB,"https://static.www.nfl.com/image/upload/f_auto,q_auto/league/wctve53etxcg6hx9o9cr",2023,REG,GB,11,0,0,0,0,0,0,0,0,0,0,0,0,,,0,,0,0,0,0,0,0,0,0,0,0,,0,0,0,0,0,0,0,0,0,0,0,0,0,0,,0,0,0,0,0,,0.0,0.0,0.0,0,35,11,29,1,2,0,0.0,0.0,2,0,0,1,0,0,0,0,0,0,1,3,0,1,15,0,0,0,0,0,0,0,0,0,0,0,0,0,,,0,0,0,0,0,0,0,0,0,0,0,0,,,,0,0,0,0,0,0,0,,0,0,0,0,,0,0,,0,0,0,0,0,0,0,0,0,0,0.0,0.0
00-0032402,H.Ridgeway,Hassan Ridgeway,DT,DL,"https://static.www.nfl.com/image/private/f_auto,q_auto/league/qwfblduq15msbj7vd0sn",2023,REG,HOU,3,0,0,0,0,0,0,0,0,0,0,0,0,,,0,,0,0,0,0,0,0,0,0,0,0,,0,0,0,0,0,0,0,0,0,0,0,0,0,0,,0,0,0,0,0,,0.0,0.0,0.0,0,1,0,5,0,0,0,0.0,0.0,0,0,0,0,0,0,0,0,0,0,0,0,0,0,0,0,0,0,0,0,0,0,0,0,0,0,0,0,,,0,0,0,0,0,0,0,0,0,0,0,0,,,,0,0,0,0,0,0,0,,0,0,0,0,,0,0,,0,0,0,0,0,0,0,0,0,0,0.0,0.0
00-0032408,B.Martinez,Blake Martinez,ILB,LB,"https://static.www.nfl.com/image/private/f_auto,q_auto/league/cjnmypxafnr8cgfnbnvt",2023,REG,PIT,1,0,0,0,0,0,0,0,0,0,0,0,0,,,0,,0,0,0,0,0,0,0,0,0,0,,0,0,0,0,0,0,0,0,0,0,0,0,0,0,,0,0,0,0,0,,0.0,0.0,0.0,0,1,1,2,0,0,0,0.0,0.0,0,0,0,0,0,0,0,0,0,0,0,0,0,0,0,0,0,0,0,0,0,0,0,0,0,0,0,0,,,0,0,0,0,0,0,0,0,0,0,0,0,,,,0,0,0,0,0,0,0,,0,0,0,0,,0,0,,0,0,0,0,0,0,0,0,0,0,0.0,0.0
00-0032412,D.Lowry,Dean Lowry,DE,DL,"https://static.www.nfl.com/image/upload/f_auto,q_auto/league/lwrt3rztaeonuykkrfh1",2023,REG,MIN,6,0,0,0,0,0,0,0,0,0,0,0,0,,,0,,0,0,0,0,0,0,0,0,0,0,,0,0,0,0,0,0,0,0,0,0,0,0,0,0,,0,0,0,0,0,,0.0,0.0,0.0,0,2,2,10,0,0,0,0.0,0.0,0,0,0,1,0,0,0,0,0,0,1,0,0,1,15,0,0,0,0,0,0,0,0,0,0,0,0,0,,,0,0,0,0,0,0,0,0,0,0,0,0,,,,0,0,0,0,0,0,0,,0,0,0,0,,0,0,,0,0,0,0,0,0,0,0,0,0,0.0,0.0
00-0032415,M.Judon,Matthew Judon,OLB,LB,"https://static.www.nfl.com/image/upload/f_auto,q_auto/league/xio1oo9c8qwfrouppuvk",2023,REG,NE,4,0,0,0,0,0,0,0,0,0,0,0,0,,,0,,0,0,0,0,0,0,0,0,0,0,,0,0,0,0,0,0,0,0,0,0,0,0,0,0,,0,0,0,0,0,,0.0,0.0,0.0,0,10,0,3,5,27,0,4.0,25.0,9,0,0,0,0,0,1,0,0,0,0,0,0,0,0,0,0,0,0,0,0,0,0,0,0,0,0,0,,,0,0,0,0,0,0,0,0,0,0,0,0,,,,0,0,0,0,0,0,0,,0,0,0,0,,0,0,,0,0,0,0,0,0,0,0,0,0,0.0,0.0
00-0032416,Q.Jefferson,Quinton Jefferson,DE,DL,"https://static.www.nfl.com/image/upload/f_auto,q_auto/league/ntbok1dm3de173gjcozk",2023,REG,NYJ,13,0,0,0,0,0,0,0,0,0,0,0,0,,,0,,0,0,0,0,0,0,0,0,0,0,,0,0,0,0,0,0,0,0,0,0,0,0,0,0,,0,0,0,0,0,,0.0,0.0,0.0,0,13,0,21,4,9,1,6.0,20.0,13,0,0,0,0,0,0,0,0,0,1,0,0,2,20,0,0,0,0,0,0,0,0,0,0,0,0,0,,,0,0,0,0,0,0,0,0,0,0,0,0,,,,0,0,0,0,0,0,0,,0,0,0,0,,0,0,,0,0,0,0,0,0,0,0,0,0,0.0,0.0
00-0032424,D.Reader,DJ Reader,DT,DL,"https://static.www.nfl.com/image/upload/f_auto,q_auto/league/gbbbyrh2pgibo9w8ahd6",2023,REG,CIN,13,0,0,0,0,0,0,0,0,0,0,0,0,,,0,,0,0,0,0,0,0,0,0,0,0,,0,0,0,0,0,0,0,0,0,0,0,0,0,0,,0,0,0,0,0,,0.0,0.0,0.0,0,16,4,14,2,10,0,1.0,9.0,7,0,0,1,0,0,0,0,0,0,1,0,0,2,30,0,0,0,0,0,0,0,0,0,0,0,0,0,,,0,0,0,0,0,0,0,0,0,0,0,0,,,,0,0,0,0,0,0,0,,0,0,0,0,,0,0,,0,0,0,0,0,0,0,0,0,0,0.0,0.0
00-0032432,W.Schweitzer,Wes Schweitzer,G,OL,"https://static.www.nfl.com/image/private/f_auto,q_auto/league/yx1jsxusuk83sjwlwrie",2023,REG,NYJ,2,0,0,0,0,0,0,0,0,0,0,0,0,,,0,,0,0,0,0,0,0,0,0,0,0,,0,0,0,0,0,0,0,0,0,0,0,0,0,0,,0,0,0,0,0,,0.0,0.0,0.0,0,0,0,1,0,0,0,0.0,0.0,0,0,0,0,0,0,0,0,0,0,0,0,0,1,10,0,0,0,0,0,0,0,0,0,0,0,0,0,,,0,0,0,0,0,0,0,0,0,0,0,0,,,,0,0,0,0,0,0,0,,0,0,0,0,,0,0,,0,0,0,0,0,0,0,0,0,0,0.0,0.0
00-0032436,J.Driskel,Jeff Driskel,QB,QB,"https://static.www.nfl.com/image/upload/f_auto,q_auto/league/qvyjv4da7ya6erhqx67m",2023,REG,CLE,1,13,26,166,2,2,3,-26,0,0,232,74,8,-10.957208045409061,-10.962532877922058,0,0.7155172413793104,7,5,2,0,7,33,0,0,0,4,0.4751124630565755,0,2,1,0,0,0,0,0,0,0,0,0,0,0,,0,0,0,0,0,,0.0,0.0,0.0,0,0,0,0,0,0,0,0.0,0.0,0,0,0,0,0,0,0,0,0,0,0,0,0,0,0,0,0,0,0,0,0,0,0,0,0,0,0,0,,,0,0,0,0,0,0,0,0,0,0,0,0,,,,0,0,0,0,0,0,0,,0,0,0,0,,0,0,,0,0,0,0,0,0,0,0,0,0,13.940000000000001,13.940000000000001
00-0032437,K.Grugier-Hill,Kamu Grugier-Hill,OLB,LB,"https://static.www.nfl.com/image/upload/f_auto,q_auto/league/sxfai8ftbojvsdl3wvem",2023,REG,CAR,16,0,0,0,0,0,0,0,0,0,0,0,0,,,0,,0,0,0,0,0,0,0,0,0,0,,0,0,0,0,0,0,0,0,0,0,0,0,0,0,,0,0,0,0,0,,0.0,0.0,0.0,0,24,7,25,2,17,0,1.0,7.0,1,1,31,2,0,0,0,0,0,0,0,0,0,1,5,0,0,0,0,0,0,0,0,0,0,0,0,0,,,0,0,0,0,0,0,0,0,0,0,0,0,,,,0,0,0,0,0,0,0,,0,0,0,0,,0,0,,0,0,0,0,0,0,0,0,0,0,0.0,0.0
00-0032442,E.Roberts,Elandon Roberts,OLB,LB,"https://static.www.nfl.com/image/upload/f_auto,q_auto/league/niydmsknfdiu1zyivwso",2023,REG,PIT,16,0,0,0,0,0,0,0,0,0,0,0,0,,,0,,0,0,0,0,0,0,0,0,0,0,,0,0,0,0,0,0,0,0,0,0,0,0,0,0,,0,0,0,0,0,,0.0,0.0,0.0,0,58,10,33,9,31,0,2.5,19.5,6,0,0,2,0,0,0,0,0,0,0,0,0,2,20,0,0,0,0,0,0,0,0,0,0,0,0,0,,,0,0,0,0,0,0,0,0,0,0,0,0,,,,0,0,0,0,0,0,0,,0,0,0,0,,0,0,,0,0,0,0,0,0,0,0,0,0,0.0,0.0
00-0032445,T.Karras,Ted Karras,G,OL,"https://static.www.nfl.com/image/upload/f_auto,q_auto/league/trz2xsxziqel2nertm1g",2023,REG,CIN,2,0,0,0,0,0,0,0,0,0,0,0,0,,,0,,0,0,0,0,0,0,0,0,0,0,,0,0,0,0,0,0,0,0,0,0,0,0,0,0,,0,0,0,0,0,,0.0,0.0,0.0,0,0,0,0,0,0,0,0.0,0.0,0,0,0,0,0,0,0,0,1,0,0,0,0,1,5,0,0,0,0,0,0,0,0,0,0,0,0,0,,,0,0,0,0,0,0,0,0,0,0,0,0,,,,0,0,0,0,0,0,0,,0,0,0,0,,0,0,,0,0,0,0,0,0,0,0,0,0,0.0,0.0
00-0032450,D.Washington,Dwayne Washington,RB,RB,"https://static.www.nfl.com/image/private/f_auto,q_auto/league/h1nintlpbk2zyxerjpy4",2023,REG,DEN,3,0,0,0,0,0,0,0,0,0,0,0,0,,,0,,0,0,0,0,0,0,0,0,0,0,,0,0,0,0,0,0,0,0,0,0,0,0,0,0,,0,0,0,0,0,,0.0,0.0,0.0,0,1,0,2,0,0,0,0.0,0.0,0,0,0,0,0,0,0,0,0,0,0,0,0,1,10,0,0,0,0,0,0,0,0,0,0,0,0,0,,,0,0,0,0,0,0,0,0,0,0,0,0,,,,0,0,0,0,0,0,0,,0,0,0,0,,0,0,,0,0,0,0,0,0,0,0,0,0,0.0,0.0
00-0032454,J.Kearse,Jayron Kearse,S,DB,"https://static.www.nfl.com/image/private/f_auto,q_auto/league/z2gtcioou83mkhnwte6w",2023,REG,DAL,16,0,0,0,0,0,0,0,0,0,0,0,0,,,0,,0,0,0,0,0,0,0,0,0,0,,0,0,0,0,0,0,0,0,0,0,0,0,0,0,,0,0,0,0,0,,0.0,0.0,0.0,0,41,7,24,2,6,0,1.5,6.0,3,1,32,4,0,0,0,0,0,0,0,0,0,6,61,0,0,0,0,0,0,0,0,0,0,0,0,0,,,0,0,0,0,0,0,0,0,0,0,0,0,,,,0,0,0,0,0,0,0,,0,0,0,0,,0,0,,0,0,0,0,0,0,0,0,0,0,0.0,0.0
00-0032463,K.Peko,Kyle Peko,NT,DL,"https://static.www.nfl.com/image/upload/f_auto,q_auto/league/fjkxpymzwv4qn2qui5me",2023,REG,TEN,13,0,0,0,0,0,0,0,0,0,0,0,0,,,0,,0,0,0,0,0,0,0,0,0,0,,0,0,0,0,0,0,0,0,0,0,0,0,0,0,,0,0,0,0,0,,0.0,0.0,0.0,0,7,5,10,1,1,0,0.0,0.0,2,0,0,1,0,0,0,0,0,0,0,0,0,1,5,0,0,0,0,0,0,0,0,0,0,0,0,0,,,0,0,0,0,0,0,0,0,0,0,0,0,,,,0,0,0,0,0,0,0,,0,0,0,0,,0,0,,0,0,0,0,0,0,0,0,0,0,0.0,0.0
00-0032464,K.Raymond,Kalif Raymond,WR,WR,"https://static.www.nfl.com/image/upload/f_auto,q_auto/league/e5z8bskwg89hqtsjwwgj",2023,REG,DET,17,0,0,0,0,0,0,0,0,0,0,0,0,,,0,,0,0,0,0,7,75,0,0,0,2,3.327270259556826,0,2,1,1,1,35,44,489,1,0,0,388,214,20,29.94192427557341,0,23,10,9,2,1.2603092783505154,0.07665505226480836,0.09495839451786588,0.18145345455971865,0,1,0,0,0,0,0,0.0,0.0,0,0,0,0,0,1,0,50,1,0,0,0,0,2,15,0,1,0,1,0,29,331,0,0,0,0,0,0,,,0,0,0,0,0,0,0,0,0,0,0,0,,,,0,0,0,0,0,0,0,,0,0,0,0,,0,0,,0,0,0,0,0,0,0,0,0,0,62.400000000000006,97.4
00-0032466,G.Fant,George Fant,OT,OL,"https://static.www.nfl.com/image/upload/f_auto,q_auto/league/weyqunb0xlroc0uuydjg",2023,REG,HOU,3,0,0,0,0,0,0,0,0,0,0,0,0,,,0,,0,0,0,0,0,0,0,0,0,0,,0,0,0,0,0,0,0,0,0,0,0,0,0,0,,0,0,0,0,0,,0.0,0.0,0.0,0,1,0,0,0,0,0,0.0,0.0,0,0,0,0,0,0,0,0,1,0,0,0,0,3,25,0,0,0,0,0,0,0,0,0,0,0,0,0,,,0,0,0,0,0,0,0,0,0,0,0,0,,,,0,0,0,0,0,0,0,,0,0,0,0,,0,0,,0,0,0,0,0,0,0,0,0,0,0.0,0.0
00-0032496,M.Farley,Matthias Farley,DB,DB,"https://static.www.nfl.com/image/private/f_auto,q_auto/league/yz4nj2cu0emfjudr3ofz",2023,REG,CAR,4,0,0,0,0,0,0,0,0,0,0,0,0,,,0,,0,0,0,0,0,0,0,0,0,0,,0,0,0,0,0,0,0,0,0,0,0,0,0,0,,0,0,0,0,0,,0.0,0.0,0.0,0,7,1,1,0,0,0,0.0,0.0,0,0,0,0,0,0,0,0,0,0,0,0,0,1,10,0,0,0,0,0,0,0,0,0,0,0,0,0,,,0,0,0,0,0,0,0,0,0,0,0,0,,,,0,0,0,0,0,0,0,,0,0,0,0,,0,0,,0,0,0,0,0,0,0,0,0,0,0.0,0.0
00-0032497,R.Ferguson,Reid Ferguson,LS,SPEC,"https://static.www.nfl.com/image/upload/f_auto,q_auto/league/tarla9ric6f8tijjqrkz",2023,REG,BUF,2,0,0,0,0,0,0,0,0,0,0,0,0,,,0,,0,0,0,0,0,0,0,0,0,0,,0,0,0,0,0,0,0,0,0,0,0,0,0,0,,0,0,0,0,0,,0.0,0.0,0.0,0,2,0,1,0,0,0,0.0,0.0,0,0,0,0,0,0,0,0,0,0,0,0,0,0,0,0,0,0,0,0,0,0,0,0,0,0,0,0,,,0,0,0,0,0,0,0,0,0,0,0,0,,,,0,0,0,0,0,0,0,,0,0,0,0,,0,0,,0,0,0,0,0,0,0,0,0,0,0.0,0.0
00-0032521,M.Hilton,Mike Hilton,CB,DB,"https://static.www.nfl.com/image/upload/f_auto,q_auto/league/uippdcskzxubvfqoqxlo",2023,REG,CIN,17,0,0,0,0,0,0,0,0,0,0,0,0,,,0,,0,0,0,0,0,0,0,0,0,0,,0,0,0,0,0,0,0,0,0,0,0,0,0,0,,0,0,0,0,0,,0.0,0.0,0.0,0,53,11,20,10,30,0,2.0,2.0,2,2,16,8,0,0,0,0,0,0,1,0,0,0,0,0,0,0,0,0,0,0,0,0,0,0,0,0,,,0,0,0,0,0,0,0,0,0,0,0,0,,,,0,0,0,0,0,0,0,,0,0,0,0,,0,0,,0,0,0,0,0,0,0,0,0,0,0.0,0.0
00-0032543,A.Erickson,Alex Erickson,WR,WR,"https://static.www.nfl.com/image/private/f_auto,q_auto/league/tnd77vbkyo8srrrkaisu",2023,REG,LAC,8,0,0,0,0,0,0,0,0,0,0,0,0,,,0,,0,0,0,0,0,0,0,0,0,0,,0,0,0,0,0,16,29,232,1,0,0,295,58,12,5.394800698268227,0,11,7,4,0,0.7864406779661017,0.04723127035830619,0.06232833298119586,0.11447673862429639,0,0,0,0,0,0,0,0.0,0.0,0,0,0,0,0,0,0,0,1,0,0,0,0,1,0,0,0,0,0,0,0,0,0,0,0,0,0,0,,,0,0,0,0,0,0,0,0,0,0,0,0,,,,0,0,0,0,0,0,0,,0,0,0,0,,0,0,,0,0,0,0,0,0,0,0,0,0,29.200000000000003,45.2
00-0032569,W.Lutz,Wil Lutz,K,SPEC,"https://static.www.nfl.com/image/upload/f_auto,q_auto/league/lcfurzhyjudmrwjxkgfs",2023,REG,DEN,17,0,0,0,0,0,0,0,0,0,0,0,0,,,0,,0,0,0,0,0,0,0,0,0,0,,0,0,0,0,0,0,0,0,0,0,0,0,0,0,,0,0,0,0,0,,0.0,0.0,0.0,0,0,0,0,0,0,0,0.0,0.0,0,0,0,0,0,0,0,-1,0,0,0,0,0,0,0,0,0,0,0,0,0,0,0,0,30,34,3,1,52,0.8823529411764706,0,11,12,4,3,0,0,0,0,1,2,0,24;31;32;31;25;51;23;22;32;29;35;52;28;40;49;40;36;31;31;52;37;28;23;34;34;23;23;32;43;20,55;57;48,38,991,160,38,29,31,2,0,0.9354838709677419,1,1,0,0,36,0,0,,0,0,0,0,0,0,0,0,0,0,0.0,0.0
00-0032574,M.Pierce,Michael Pierce,DT,DL,"https://static.www.nfl.com/image/upload/f_auto,q_auto/league/k9oastt4cbi9gpksewri",2023,REG,BAL,16,0,0,0,0,0,0,0,0,0,0,0,0,,,0,,0,0,0,0,0,0,0,0,0,0,,0,0,0,0,0,0,0,0,0,0,0,0,0,0,,0,0,0,0,0,,0.0,0.0,0.0,0,24,0,18,2,2,1,1.0,22.0,3,0,0,2,0,0,0,0,0,0,2,0,0,1,15,0,0,0,0,0,0,0,0,0,0,0,0,0,,,0,0,0,0,0,0,0,0,0,0,0,0,,,,0,0,0,0,0,0,0,,0,0,0,0,,0,0,,0,0,0,0,0,0,0,0,0,0,0.0,0.0
00-0032580,J.Jones,Jonathan Jones,DB,DB,"https://static.www.nfl.com/image/upload/f_auto,q_auto/league/shh2jg4hjsp0xwlnchv1",2023,REG,NE,14,0,0,0,0,0,0,0,0,0,0,0,0,,,0,,0,0,0,0,0,0,0,0,0,0,,0,0,0,0,0,0,0,0,0,0,0,0,0,0,,0,0,0,0,0,,0.0,0.0,0.0,0,34,6,8,0,0,0,0.0,0.0,0,0,0,7,0,0,0,0,0,0,0,0,0,0,0,0,0,0,0,0,0,0,0,0,0,0,0,0,,,0,0,0,0,0,0,0,0,0,0,0,0,,,,0,0,0,0,0,0,0,,0,0,0,0,,0,0,,0,0,0,0,0,0,0,0,0,0,0.0,0.0
00-0032655,R.Okwara,Romeo Okwara,DE,DL,"https://static.www.nfl.com/image/private/f_auto,q_auto/league/rkasbg8asew3pyozpkcu",2023,REG,DET,9,0,0,0,0,0,0,0,0,0,0,0,0,,,0,,0,0,0,0,0,0,0,0,0,0,,0,0,0,0,0,0,0,0,0,0,0,0,0,0,,0,0,0,0,0,,0.0,0.0,0.0,0,3,0,6,1,8,1,2.0,20.0,5,0,0,2,0,0,0,0,0,0,0,0,0,0,0,0,0,0,0,0,0,0,0,0,0,0,0,0,,,0,0,0,0,0,0,0,0,0,0,0,0,,,,0,0,0,0,0,0,0,,0,0,0,0,,0,0,,0,0,0,0,0,0,0,0,0,0,0.0,0.0
00-0032667,R.Robertson-Harris,Roy Robertson-Harris,DE,DL,"https://static.www.nfl.com/image/upload/f_auto,q_auto/league/lu3nlgnkltamn4jtdbtg",2023,REG,JAX,17,0,0,0,0,0,0,0,0,0,0,0,0,,,0,,0,0,0,0,0,0,0,0,0,0,,0,0,0,0,0,0,0,0,0,0,0,0,0,0,,0,0,0,0,0,,0.0,0.0,0.0,0,12,4,18,3,22,0,3.5,26.5,11,0,0,1,0,0,0,0,0,0,0,0,0,1,15,0,0,0,0,0,0,0,0,0,0,0,0,0,,,0,0,0,0,0,0,0,0,0,0,0,0,,,,0,0,0,0,0,0,0,,0,0,0,0,,0,0,,0,0,0,0,0,0,0,0,0,0,0.0,0.0
00-0032671,M.Fox,Morgan Fox,DE,DL,"https://static.www.nfl.com/image/upload/f_auto,q_auto/league/xq3ab5fr6dyyqc5ncjhq",2023,REG,LAC,11,0,0,0,0,0,0,0,0,0,0,0,0,,,0,,0,0,0,0,0,0,0,0,0,0,,0,0,0,0,0,0,0,0,0,0,0,0,0,0,,0,0,0,0,0,,0.0,0.0,0.0,0,7,4,4,5,32,0,5.5,36.0,10,0,0,0,0,0,0,0,0,0,0,0,0,1,5,0,0,0,0,0,0,0,0,0,0,0,0,0,,,0,0,0,0,0,0,0,0,0,0,0,0,,,,0,0,0,0,0,0,0,,0,0,0,0,,0,0,,0,0,0,0,0,0,0,0,0,0,0.0,0.0
00-0032677,C.Littleton,Cory Littleton,ILB,LB,"https://static.www.nfl.com/image/private/f_auto,q_auto/league/co7mjepkzseqkecrhqz3",2023,REG,HOU,1,0,0,0,0,0,0,0,0,0,0,0,0,,,0,,0,0,0,0,0,0,0,0,0,0,,0,0,0,0,0,0,0,0,0,0,0,0,0,0,,0,0,0,0,0,,0.0,0.0,0.0,0,0,0,1,0,0,0,0.0,0.0,0,0,0,0,0,0,0,0,0,0,0,0,0,0,0,0,0,0,0,0,0,0,0,0,0,0,0,0,,,0,0,0,0,0,0,0,0,0,0,0,0,,,,0,0,0,0,0,0,0,,0,0,0,0,,0,0,,0,0,0,0,0,0,0,0,0,0,0.0,0.0
00-0032688,R.Chosen,Robbie Chosen,WR,WR,"https://static.www.nfl.com/image/upload/f_auto,q_auto/league/kz2hbymqgrobo1uynciv",2023,REG,MIA,6,0,0,0,0,0,0,0,0,0,0,0,0,,,0,,0,0,0,0,0,0,0,0,0,0,,0,0,0,0,0,4,6,126,1,0,0,141,31,3,2.1532594937016256,0,3,3,2,1,0.8936170212765957,0.01092896174863388,0.03274500696702276,0.03931494749986675,0,0,0,0,0,0,0,0.0,0.0,0,0,0,0,0,0,0,0,0,0,0,0,0,1,5,0,0,0,0,0,0,0,0,0,0,0,0,0,,,0,0,0,0,0,0,0,0,0,0,0,0,,,,0,0,0,0,0,0,0,,0,0,0,0,,0,0,,0,0,0,0,0,0,0,0,0,0,18.6,22.6
00-0032701,J.Brendel,Jake Brendel,C,OL,"https://static.www.nfl.com/image/upload/f_auto,q_auto/league/fw1g79qwk1gbhmdjvhfv",2023,REG,SF,2,0,0,0,0,0,0,0,0,0,0,0,0,,,0,,0,0,0,0,0,0,0,0,0,0,,0,0,0,0,0,0,0,0,0,0,0,0,0,0,,0,0,0,0,0,,0.0,0.0,0.0,0,1,0,0,0,0,0,0.0,0.0,0,0,0,0,0,0,0,0,0,0,0,0,0,1,5,0,0,0,0,0,0,0,0,0,0,0,0,0,,,0,0,0,0,0,0,0,0,0,0,0,0,,,,0,0,0,0,0,0,0,,0,0,0,0,,0,0,,0,0,0,0,0,0,0,0,0,0,0.0,0.0
00-0032725,S.Anderson,Stephen Anderson,TE,TE,"https://static.www.nfl.com/image/private/f_auto,q_auto/league/inufsxftnotmpeot1lh2",2023,REG,LAC,1,0,0,0,0,0,0,0,0,0,0,0,0,,,0,,0,0,0,0,0,0,0,0,0,0,,0,0,0,0,0,0,0,0,0,0,0,0,0,0,,0,0,0,0,0,,0.0,0.0,0.0,0,0,0,1,0,0,0,0.0,0.0,0,0,0,0,0,0,0,0,0,0,0,0,0,0,0,0,0,0,0,0,0,0,0,0,0,0,0,0,,,0,0,0,0,0,0,0,0,0,0,0,0,,,,0,0,0,0,0,0,0,,0,0,0,0,,0,0,,0,0,0,0,0,0,0,0,0,0,0.0,0.0
00-0032726,K.Fairbairn,Ka'imi Fairbairn,K,SPEC,"https://static.www.nfl.com/image/upload/f_auto,q_auto/league/nbrs7doetqydf2rzhjjl",2023,REG,HOU,12,0,0,0,0,0,0,0,0,0,0,0,0,,,0,,0,0,0,0,0,0,0,0,0,0,,0,0,0,0,0,0,0,0,0,0,0,0,0,0,,0,0,0,0,0,,0.0,0.0,0.0,0,2,0,0,0,0,0,0.0,0.0,0,0,0,0,0,0,0,0,0,0,0,0,0,0,0,0,0,0,0,0,0,0,0,0,27,28,1,0,54,0.9642857142857143,0,10,10,2,5,0,0,0,0,0,1,0,35;38;36;29;36;28;26;33;36;38;39;38;43;28;42;24;22;50;23;27;53;54;28;38;27;51;51,51,,973,51,0,21,22,1,0,0.9545454545454546,1,1,0,0,54,0,0,,0,0,0,0,0,0,0,0,0,0,0.0,0.0
00-0032753,L.Rhodes,Luke Rhodes,LS,SPEC,"https://static.www.nfl.com/image/upload/f_auto,q_auto/league/q0ip1kc9iwwveiuefq1x",2023,REG,IND,2,0,0,0,0,0,0,0,0,0,0,0,0,,,0,,0,0,0,0,0,0,0,0,0,0,,0,0,0,0,0,0,0,0,0,0,0,0,0,0,,0,0,0,0,0,,0.0,0.0,0.0,0,1,0,2,0,0,0,0.0,0.0,0,0,0,0,0,0,0,0,0,0,0,0,0,0,0,0,0,0,0,0,0,0,0,0,0,0,0,0,,,0,0,0,0,0,0,0,0,0,0,0,0,,,,0,0,0,0,0,0,0,,0,0,0,0,,0,0,,0,0,0,0,0,0,0,0,0,0,0.0,0.0
00-0032759,S.Rankins,Sheldon Rankins,DT,DL,"https://static.www.nfl.com/image/upload/f_auto,q_auto/league/ec78oc2cpukwczkzhyrw",2023,REG,HOU,12,0,0,0,0,0,0,0,0,0,0,0,0,,,0,,0,0,0,0,0,0,0,0,0,0,,0,0,0,0,0,0,0,0,0,0,0,0,0,0,,0,0,0,0,0,,0.0,0.0,0.0,0,22,7,8,7,42,1,6.0,54.0,10,0,0,0,0,0,0,0,0,0,1,13,1,0,0,0,0,0,0,0,0,0,0,0,0,0,0,0,,,0,0,0,0,0,0,0,0,0,0,0,0,,,,0,0,0,0,0,0,0,,0,0,0,0,,0,0,,0,0,0,0,0,0,0,0,0,0,0.0,0.0
00-0032762,C.Jones,Chris Jones,DE,DL,"https://static.www.nfl.com/image/upload/f_auto,q_auto/league/yrka1thykkvkfo4ixrxc",2023,REG,KC,16,0,0,0,0,0,0,0,0,0,0,0,0,,,0,,0,0,0,0,0,0,0,0,0,0,,0,0,0,0,0,0,0,0,0,0,0,0,0,0,,0,0,0,0,0,,0.0,0.0,0.0,0,19,1,10,13,75,0,10.5,71.5,29,0,0,4,0,0,0,0,0,0,0,0,0,4,29,0,0,0,0,0,0,0,0,0,0,0,0,0,,,0,0,0,0,0,0,0,0,0,0,0,0,,,,0,0,0,0,0,0,0,,0,0,0,0,,0,0,,0,0,0,0,0,0,0,0,0,0,0.0,0.0
00-0032763,A.Johnson,Austin Johnson,NT,DL,"https://static.www.nfl.com/image/upload/f_auto,q_auto/league/wmwnpt1s8wxxztkkqd0z",2023,REG,LAC,17,0,0,0,0,0,0,0,0,0,0,0,0,,,0,,0,0,0,0,0,0,0,0,0,0,,0,0,0,0,0,0,0,0,0,0,0,0,0,0,,0,0,0,0,0,,0.0,0.0,0.0,0,16,8,22,1,3,1,0.0,0.0,1,0,0,2,0,0,0,0,0,0,1,0,0,2,21,0,0,0,0,0,0,0,0,0,0,0,0,0,,,0,0,0,0,0,0,0,0,0,0,0,0,,,,0,0,0,0,0,0,0,,0,0,0,0,,0,0,,0,0,0,0,0,0,0,0,0,0,0.0,0.0
00-0032764,D.Henry,Derrick Henry,RB,RB,"https://static.www.nfl.com/image/upload/f_auto,q_auto/league/jxtikemnvpkw9r0ex2wv",2023,REG,TEN,17,2,3,14,2,0,0,0,0,0,27,0,2,4.522410724341171,21.048957109451294,0,0.5185185185185185,1,0,0,0,280,1167,12,0,0,63,-2.0985031590381666,0,23,19,5,2,28,36,214,0,0,0,-100,275,7,3.1744809493247885,0,8,4,2,1,-2.14,0.07531380753138076,-0.02188662727073758,0.09765007220755482,0,0,0,0,0,0,0,0.0,0.0,0,0,0,0,0,0,0,0,1,0,0,0,0,0,0,0,0,0,0,0,0,0,0,0,0,0,0,0,,,0,0,0,0,0,0,0,0,0,0,0,0,,,,0,0,0,0,0,0,0,,0,0,0,0,,0,0,,0,0,0,0,0,0,0,0,0,0,218.66,246.66
00-0032765,M.Thomas,Michael Thomas,WR,WR,"https://static.www.nfl.com/image/private/f_auto,q_auto/league/sxldsbuw65hfmkzqhw96",2023,REG,NO,10,0,0,0,0,0,0,0,0,0,0,0,0,,,0,,0,0,0,0,0,0,0,0,0,0,,0,0,0,0,0,39,64,448,1,0,0,650,100,21,12.60810909650738,0,18,10,4,0,0.6892307692307692,0.11053540587219343,0.129585326953748,0.2565128376759137,0,1,0,0,0,0,0,0.0,0.0,0,0,0,0,0,0,0,0,0,0,0,0,0,1,10,0,0,0,0,0,0,0,0,0,0,0,0,0,,,0,0,0,0,0,0,0,0,0,0,0,0,,,,0,0,0,0,0,0,0,,0,0,0,0,,0,0,,0,0,0,0,0,0,0,0,0,0,50.800000000000004,89.80000000000001
00-0032768,C.Whitehair,Cody Whitehair,G,OL,"https://static.www.nfl.com/image/upload/f_auto,q_auto/league/rp4zb2zxkhjosnuo6zer",2023,REG,CHI,3,0,0,0,0,0,0,0,0,0,0,0,0,,,0,,0,0,0,0,0,0,0,0,0,0,,0,0,0,0,0,0,0,0,0,0,0,0,0,0,,0,0,0,0,0,,0.0,0.0,0.0,0,0,0,0,0,0,0,0.0,0.0,0,0,0,0,0,0,0,0,0,0,0,0,0,3,14,0,0,0,0,0,0,0,0,0,0,0,0,0,,,0,0,0,0,0,0,0,0,0,0,0,0,,,,0,0,0,0,0,0,0,,0,0,0,0,,0,0,,0,0,0,0,0,0,0,0,0,0,0.0,0.0
00-0032774,D.Bush,Deon Bush,SAF,DB,"https://static.www.nfl.com/image/upload/f_auto,q_auto/league/v0inth9nfhbpq1ufqpmv",2023,REG,KC,1,0,0,0,0,0,0,0,0,0,0,0,0,,,0,,0,0,0,0,0,0,0,0,0,0,,0,0,0,0,0,0,0,0,0,0,0,0,0,0,,0,0,0,0,0,,0.0,0.0,0.0,0,4,1,2,0,0,0,0.0,0.0,0,0,0,0,0,0,0,0,0,0,0,0,0,0,0,0,0,0,0,0,0,0,0,0,0,0,0,0,,,0,0,0,0,0,0,0,0,0,0,0,0,,,,0,0,0,0,0,0,0,,0,0,0,0,,0,0,,0,0,0,0,0,0,0,0,0,0,0.0,0.0
00-0032775,D.Robinson,Demarcus Robinson,WR,WR,"https://static.www.nfl.com/image/upload/f_auto,q_auto/league/aynbxqjpwz1vhpxbxvv8",2023,REG,LA,8,0,0,0,0,0,0,0,0,0,0,0,0,,,0,,0,0,0,0,1,23,0,0,0,1,1.3572578405728564,0,1,1,1,0,26,39,371,4,2,1,478,89,20,16.264673426186366,0,15,10,7,0,0.7761506276150628,0.07027027027027027,0.10605724428666519,0.17964547640607104,0,0,0,1,0,0,0,0.0,0.0,0,0,0,0,0,0,0,0,0,0,0,0,0,2,15,2,0,1,2,1,0,0,1,20,0,0,0,0,,,0,0,0,0,0,0,0,0,0,0,0,0,,,,0,0,0,0,0,0,0,,0,0,0,0,,0,0,,0,0,0,0,0,0,0,0,0,0,61.400000000000006,87.4
00-0032790,D.Houston-Carson,DeAndre Houston-Carson,DB,DB,"https://static.www.nfl.com/image/private/f_auto,q_auto/league/fxpb4ojlixre6s7tn5ru",2023,REG,HOU,11,0,0,0,0,0,0,0,0,0,0,0,0,,,0,,0,0,0,0,0,0,0,0,0,0,,0,0,0,0,0,0,0,0,0,0,0,0,0,0,,0,0,0,0,0,,0.0,0.0,0.0,0,21,5,15,1,3,0,0.0,0.0,0,2,13,5,0,0,0,0,0,0,1,0,0,1,4,0,0,0,0,0,0,0,0,0,0,0,0,0,,,0,0,0,0,0,0,0,0,0,0,0,0,,,,0,0,0,0,0,0,0,,0,0,0,0,,0,0,,0,0,0,0,0,0,0,0,0,0,0.0,0.0
00-0032803,J.Mills,Jalen Mills,CB,DB,"https://static.www.nfl.com/image/upload/f_auto,q_auto/league/yc4745ngoppgf1syjghl",2023,REG,NE,15,0,0,0,0,0,0,0,0,0,0,0,0,,,0,,0,0,0,0,0,0,0,0,0,0,,0,0,0,0,0,0,0,0,0,0,0,0,0,0,,0,0,0,0,0,,0.0,0.0,0.0,0,22,4,19,0,0,1,0.0,0.0,1,0,0,1,0,0,0,0,0,0,0,0,0,2,20,0,0,0,0,0,0,0,0,0,0,0,0,0,,,0,0,0,0,0,0,0,0,0,0,0,0,,,,0,0,0,0,0,0,0,,0,0,0,0,,0,0,,0,0,0,0,0,0,0,0,0,0,0.0,0.0
00-0032889,As.Robinson,A'Shawn Robinson,DT,DL,"https://static.www.nfl.com/image/upload/f_auto,q_auto/league/o2si1evbe2wsnwyrypjj",2023,REG,NYG,16,0,0,0,0,0,0,0,0,0,0,0,0,,,0,,0,0,0,0,0,0,0,0,0,0,,0,0,0,0,0,0,0,0,0,0,0,0,0,0,,0,0,0,0,0,,0.0,0.0,0.0,0,25,9,28,3,4,0,0.0,0.0,1,0,0,2,0,0,0,0,0,0,0,0,0,0,0,0,0,0,0,0,0,0,0,0,0,0,0,0,,,0,0,0,0,0,0,0,0,0,0,0,0,,,,0,0,0,0,0,0,0,,0,0,0,0,,0,0,,0,0,0,0,0,0,0,0,0,0,0.0,0.0
00-0032890,J.Bradberry,James Bradberry,CB,DB,"https://static.www.nfl.com/image/private/f_auto,q_auto/league/aicnvekzwdh4mw66wh8g",2023,REG,PHI,16,0,0,0,0,0,0,0,0,0,0,0,0,,,0,,0,0,0,0,0,0,0,0,0,0,,0,0,0,0,0,0,0,0,0,0,0,0,0,0,,0,0,0,0,0,,0.0,0.0,0.0,0,37,2,15,0,0,0,0.0,0.0,0,1,5,13,0,0,0,0,0,0,1,1,0,4,60,0,0,0,0,0,0,0,0,0,0,0,0,0,,,0,0,0,0,0,0,0,0,0,0,0,0,,,,0,0,0,0,0,0,0,,0,0,0,0,,0,0,,0,0,0,0,0,0,0,0,0,0,0.0,0.0
00-0032891,D.Worley,Daryl Worley,CB,DB,"https://static.www.nfl.com/image/private/f_auto,q_auto/league/rxotapqf0dvdbnhkk5fl",2023,REG,BAL,6,0,0,0,0,0,0,0,0,0,0,0,0,,,0,,0,0,0,0,0,0,0,0,0,0,,0,0,0,0,0,0,0,0,0,0,0,0,0,0,,0,0,0,0,0,,0.0,0.0,0.0,0,6,2,4,0,0,0,0.0,0.0,0,0,0,1,0,0,0,0,0,0,0,0,0,0,0,0,0,0,0,0,0,0,0,0,0,0,0,0,,,0,0,0,0,0,0,0,0,0,0,0,0,,,,0,0,0,0,0,0,0,,0,0,0,0,,0,0,,0,0,0,0,0,0,0,0,0,0,0.0,0.0
00-0032892,N.Vigil,Nick Vigil,OLB,LB,"https://static.www.nfl.com/image/upload/f_auto,q_auto/league/wa0mujrluz8esidfvi8v",2023,REG,MIN,2,0,0,0,0,0,0,0,0,0,0,0,0,,,0,,0,0,0,0,0,0,0,0,0,0,,0,0,0,0,0,0,0,0,0,0,0,0,0,0,,0,0,0,0,0,,0.0,0.0,0.0,0,0,0,2,0,0,0,0.0,0.0,0,0,0,0,0,0,0,0,0,0,0,0,0,0,0,0,0,0,0,0,0,0,0,0,0,0,0,0,,,0,0,0,0,0,0,0,0,0,0,0,0,,,,0,0,0,0,0,0,0,,0,0,0,0,,0,0,,0,0,0,0,0,0,0,0,0,0,0.0,0.0
00-0032918,C.Ham,C.J. Ham,FB,RB,"https://static.www.nfl.com/image/upload/f_auto,q_auto/league/evssvutwjy6szq7dpelm",2023,REG,MIN,9,0,0,0,0,0,0,0,0,0,0,0,0,,,0,,0,0,0,0,1,7,0,0,0,0,0.34945297497324646,0,0,0,0,0,7,9,25,0,0,0,10,20,1,-5.414938475936651,0,0,0,0,0,2.5,0.01485148514851485,0.002028397565922921,0.02369710601891832,0,5,0,1,0,0,0,0.0,0.0,0,0,0,0,0,0,0,0,0,0,0,0,0,0,0,0,0,0,0,0,0,0,0,0,0,0,0,0,,,0,0,0,0,0,0,0,0,0,0,0,0,,,,0,0,0,0,0,0,0,,0,0,0,0,,0,0,,0,0,0,0,0,0,0,0,0,0,3.2,10.2
00-0032933,A.Hamilton,Antonio Hamilton,CB,DB,"https://static.www.nfl.com/image/upload/f_auto,q_auto/league/ezqh9yn3k2gnriphk8q8",2023,REG,ARI,11,0,0,0,0,0,0,0,0,0,0,0,0,,,0,,0,0,0,0,0,0,0,0,0,0,,0,0,0,0,0,0,0,0,0,0,0,0,0,0,,0,0,0,0,0,,0.0,0.0,0.0,0,26,3,11,0,0,0,0.0,0.0,0,1,0,11,0,1,0,0,0,0,0,0,0,7,86,0,1,0,1,1,1,0,0,0,0,0,0,0,,,0,0,0,0,0,0,0,0,0,0,0,0,,,,0,0,0,0,0,0,0,,0,0,0,0,,0,0,,0,0,0,0,0,0,0,0,0,0,0.0,0.0
00-0032939,V.Bell,Vonn Bell,S,DB,"https://static.www.nfl.com/image/upload/f_auto,q_auto/league/sgfnqlbea65ktiiem6kp",2023,REG,CAR,13,0,0,0,0,0,0,0,0,0,0,0,0,,,0,,0,0,0,0,0,0,0,0,0,0,,0,0,0,0,0,0,0,0,0,0,0,0,0,0,,0,0,0,0,0,,0.0,0.0,0.0,0,36,6,27,0,0,0,0.0,0.0,1,1,11,2,0,0,0,0,0,0,0,0,0,1,6,0,0,0,0,0,0,0,0,0,0,0,0,0,,,0,0,0,0,0,0,0,0,0,0,0,0,,,,0,0,0,0,0,0,0,,0,0,0,0,,0,0,,0,0,0,0,0,0,0,0,0,0,0.0,0.0
00-0032942,K.Seymour,Kevon Seymour,CB,DB,"https://static.www.nfl.com/image/upload/f_auto,q_auto/league/krkiyzpkfb69x6dtt2bv",2023,REG,BAL,3,0,0,0,0,0,0,0,0,0,0,0,0,,,0,,0,0,0,0,0,0,0,0,0,0,,0,0,0,0,0,0,0,0,0,0,0,0,0,0,,0,0,0,0,0,,0.0,0.0,0.0,0,2,1,0,0,0,0,0.0,0.0,0,0,0,0,0,0,0,0,0,0,1,20,0,0,0,0,1,1,1,0,0,0,0,0,0,0,0,0,,,0,0,0,0,0,0,0,0,0,0,0,0,,,,0,0,0,0,0,0,0,,0,0,0,0,,0,0,,0,0,0,0,0,0,0,0,0,0,0.0,0.0
00-0032943,R.Dixon,Riley Dixon,P,SPEC,"https://static.www.nfl.com/image/upload/f_auto,q_auto/league/nkjfawzgxosjvjesf1ad",2023,REG,DEN,17,0,0,0,0,0,0,0,0,0,0,0,0,,,0,,0,0,0,0,0,0,0,0,0,0,-0.947,0,0,0,0,0,0,0,0,0,0,0,0,0,0,,0,0,0,0,0,,0.0,0.0,0.0,0,0,0,1,0,0,0,0.0,0.0,0,0,0,0,0,0,0,0,0,0,0,0,0,0,0,0,0,0,0,0,0,0,0,0,0,0,0,0,,,0,0,0,0,0,0,0,0,0,0,0,0,,,,0,0,0,0,0,0,0,,0,0,0,0,,79,0,68,3659,27,7,8,6,27,31,195,0,3344,0.0,0.0
00-0032950,C.Wentz,Carson Wentz,QB,QB,"https://static.www.nfl.com/image/upload/f_auto,q_auto/league/ot6wu9gw3cgcdb2cx6is",2023,REG,LA,1,17,24,163,2,1,2,-14,0,0,159,65,11,8.117853062212934,6.663065241730732,1,1.0251572327044025,6,4,1,0,17,56,1,0,0,4,0.9640013366006315,0,1,1,0,0,0,0,0,0,0,0,0,0,0,,0,0,0,0,0,,0.0,0.0,0.0,0,0,0,0,0,0,0,0.0,0.0,0,0,0,0,0,0,0,0,0,0,0,0,0,0,0,0,0,0,0,0,0,0,0,0,0,0,0,0,,,0,0,0,0,0,0,0,0,0,0,0,0,,,,0,0,0,0,0,0,0,,0,0,0,0,,0,0,,0,0,0,0,0,0,0,0,0,0,26.12,26.12
00-0032951,L.Treadwell,Laquon Treadwell,WR,WR,"https://static.www.nfl.com/image/upload/f_auto,q_auto/league/b6hu3zlkauy5tcrseyv2",2023,REG,BAL,3,0,0,0,0,0,0,0,0,0,0,0,0,,,0,,0,0,0,0,0,0,0,0,0,0,,0,0,0,0,0,1,3,16,0,0,0,36,0,1,0.20309738523792475,0,1,1,0,0,0.4444444444444444,0.0063025210084033615,0.00880410858400587,0.015616657521409151,0,1,0,1,0,0,0,0.0,0.0,0,0,0,0,0,0,0,0,0,0,0,0,0,0,0,0,0,0,0,0,0,0,0,0,0,0,0,0,,,0,0,0,0,0,0,0,0,0,0,0,0,,,,0,0,0,0,0,0,0,,0,0,0,0,,0,0,,0,0,0,0,0,0,0,0,0,0,1.6,2.6
00-0032954,I.Seumalo,Isaac Seumalo,G,OL,"https://static.www.nfl.com/image/upload/f_auto,q_auto/league/ffnqudvi1hv5rymj20d1",2023,REG,PIT,3,0,0,0,0,0,0,0,0,0,0,0,0,,,0,,0,0,0,0,0,0,0,0,0,0,,0,0,0,0,0,0,0,0,0,0,0,0,0,0,,0,0,0,0,0,,0.0,0.0,0.0,0,0,0,0,0,0,0,0.0,0.0,0,0,0,0,0,0,0,0,1,0,0,0,0,2,10,0,0,0,0,0,0,0,0,0,0,0,0,0,,,0,0,0,0,0,0,0,0,0,0,0,0,,,,0,0,0,0,0,0,0,,0,0,0,0,,0,0,,0,0,0,0,0,0,0,0,0,0,0.0,0.0
00-0032965,R.Stanley,Ronnie Stanley,OT,OL,"https://static.www.nfl.com/image/upload/f_auto,q_auto/league/j91t0jvkrdhfmeoeeryr",2023,REG,BAL,7,0,0,0,0,0,0,0,0,0,0,0,0,,,0,,0,0,0,0,0,0,0,0,0,0,,0,0,0,0,0,0,0,0,0,0,0,0,0,0,,0,0,0,0,0,,0.0,0.0,0.0,0,0,0,0,0,0,0,0.0,0.0,0,0,0,0,0,0,0,0,0,0,0,0,0,11,90,0,0,0,0,0,0,0,0,0,0,0,0,0,,,0,0,0,0,0,0,0,0,0,0,0,0,,,,0,0,0,0,0,0,0,,0,0,0,0,,0,0,,0,0,0,0,0,0,0,0,0,0,0.0,0.0
00-0032968,M.Jack,Myles Jack,MLB,LB,"https://static.www.nfl.com/image/private/f_auto,q_auto/league/snqammtqrlvcsml5kbx2",2023,REG,PIT,3,0,0,0,0,0,0,0,0,0,0,0,0,,,0,,0,0,0,0,0,0,0,0,0,0,,0,0,0,0,0,0,0,0,0,0,0,0,0,0,,0,0,0,0,0,,0.0,0.0,0.0,0,10,2,5,1,11,0,1.0,11.0,2,0,0,0,0,0,0,0,0,0,0,0,0,0,0,0,0,0,0,0,0,0,0,0,0,0,0,0,,,0,0,0,0,0,0,0,0,0,0,0,0,,,,0,0,0,0,0,0,0,,0,0,0,0,,0,0,,0,0,0,0,0,0,0,0,0,0,0.0,0.0
00-0032971,J.Simmons,Justin Simmons,FS,DB,"https://static.www.nfl.com/image/upload/f_auto,q_auto/league/hepfele9gi8zbjin8kbf",2023,REG,DEN,15,0,0,0,0,0,0,0,0,0,0,0,0,,,0,,0,0,0,0,0,0,0,0,0,0,,0,0,0,0,0,0,0,0,0,0,0,0,0,0,,0,0,0,0,0,,0.0,0.0,0.0,0,50,3,17,2,2,2,1.0,15.0,0,3,39,8,0,0,0,0,0,0,1,7,0,1,6,0,0,0,0,0,0,0,0,0,0,0,0,0,,,0,0,0,0,0,0,0,0,0,0,0,0,,,,0,0,0,0,0,0,0,,0,0,0,0,,0,0,,0,0,0,0,0,0,0,0,0,0,0.0,0.0
00-0032975,J.Williams,Jonathan Williams,RB,RB,"https://static.www.nfl.com/image/private/f_auto,q_auto/league/dnlboggtjcflj9fxauub",2023,REG,WAS,1,0,0,0,0,0,0,0,0,0,0,0,0,,,0,,0,0,0,0,1,-2,0,0,0,0,-0.9947466002777219,0,0,0,0,0,0,1,0,0,0,0,-1,0,0,-1.4357462176121771,0,0,0,0,0,-0.0,0.0016638935108153079,-0.00020977554017201594,0.0023489973881025503,0,0,0,0,0,0,0,0.0,0.0,0,0,0,0,0,0,0,0,0,0,0,0,0,0,0,0,0,0,0,0,0,0,0,0,0,0,0,0,,,0,0,0,0,0,0,0,0,0,0,0,0,,,,0,0,0,0,0,0,0,,0,0,0,0,,0,0,,0,0,0,0,0,0,0,0,0,0,-0.2,-0.2
00-0033009,T.Boyd,Tyler Boyd,WR,WR,"https://static.www.nfl.com/image/upload/f_auto,q_auto/league/ttifog0hjxprlhkagugu",2023,REG,CIN,17,0,1,0,0,1,0,0,0,0,-8,0,0,-6.527068739582319,-74.19734597206116,0,0.0,0,0,0,0,2,11,0,0,0,1,0.7327160732238553,0,0,0,0,0,67,98,667,2,0,0,629,279,28,5.828839830407998,0,23,8,6,2,1.0604133545310015,0.16554054054054054,0.1621970087674059,0.3618487169479949,0,1,0,0,0,0,0,0.0,0.0,0,0,0,0,0,0,0,0,0,0,0,0,0,2,10,0,0,0,0,0,0,0,0,0,0,0,0,0,,,0,0,0,0,0,0,0,0,0,0,0,0,,,,0,0,0,0,0,0,0,,0,0,0,0,,0,0,,0,0,0,0,0,0,0,0,0,0,77.8,144.8
00-0033010,S.Day,Sheldon Day,DT,DL,"https://static.www.nfl.com/image/upload/f_auto,q_auto/league/cxw7fnka7letqbn7e1h3",2023,REG,MIN,5,0,0,0,0,0,0,0,0,0,0,0,0,,,0,,0,0,0,0,0,0,0,0,0,0,,0,0,0,0,0,0,0,0,0,0,0,0,0,0,,0,0,0,0,0,,0.0,0.0,0.0,0,3,0,5,1,1,0,0.0,0.0,0,0,0,0,0,0,0,0,0,0,1,0,0,0,0,0,0,0,0,0,0,0,0,0,0,0,0,0,,,0,0,0,0,0,0,0,0,0,0,0,0,,,,0,0,0,0,0,0,0,,0,0,0,0,,0,0,,0,0,0,0,0,0,0,0,0,0,0.0,0.0
00-0033011,C.McGovern,Connor McGovern,G,OL,"https://static.www.nfl.com/image/upload/f_auto,q_auto/league/ldgfrqc1yt4lkktp1iky",2023,REG,NYJ,4,0,0,0,0,0,0,0,0,0,0,0,0,,,0,,0,0,0,0,0,0,0,0,0,0,,0,0,0,0,0,0,0,0,0,0,0,0,0,0,,0,0,0,0,0,,0.0,0.0,0.0,0,0,0,1,0,0,0,0.0,0.0,0,0,0,0,0,0,0,0,0,0,0,0,0,3,20,0,0,0,0,0,0,0,0,0,0,0,0,0,,,0,0,0,0,0,0,0,0,0,0,0,0,,,,0,0,0,0,0,0,0,,0,0,0,0,,0,0,,0,0,0,0,0,0,0,0,0,0,0.0,0.0
00-0033038,E.Murray,Eric Murray,S,DB,"https://static.www.nfl.com/image/upload/f_auto,q_auto/league/owvt87ldq6ygpyq7ub4h",2023,REG,HOU,5,0,0,0,0,0,0,0,0,0,0,0,0,,,0,,0,0,0,0,0,0,0,0,0,0,,0,0,0,0,0,0,0,0,0,0,0,0,0,0,,0,0,0,0,0,,0.0,0.0,0.0,0,8,0,5,0,0,1,0.0,0.0,0,0,0,0,0,0,0,0,0,0,0,0,0,0,0,0,0,0,0,0,0,0,0,0,0,0,0,0,,,0,0,0,0,0,0,0,0,0,0,0,0,,,,0,0,0,0,0,0,0,,0,0,0,0,,0,0,,0,0,0,0,0,0,0,0,0,0,0.0,0.0
00-0033040,T.Hill,Tyreek Hill,WR,WR,"https://static.www.nfl.com/image/upload/f_auto,q_auto/league/gg73gnfivrn80oyqwazl",2023,REG,MIA,16,0,0,0,0,0,0,0,0,0,0,0,0,,,0,,0,0,0,0,6,15,0,0,0,2,-1.1775423273211345,0,1,1,0,0,119,171,1799,13,1,1,1847,652,83,91.74883128512815,0,64,46,29,9,0.9740119112073633,0.3114754098360656,0.4289363678588017,0.7674685722552596,0,5,0,0,0,0,0,0.0,0.0,0,0,0,0,0,0,0,0,0,0,0,0,0,2,30,1,0,0,1,1,0,0,0,0,0,0,0,0,,,0,0,0,0,0,0,0,0,0,0,0,0,,,,0,0,0,0,0,0,0,,0,0,0,0,,0,0,,0,0,0,0,0,0,0,0,0,0,257.4,376.4
00-0033045,E.Elliott,Ezekiel Elliott,RB,RB,"https://static.www.nfl.com/image/upload/f_auto,q_auto/league/d4yr6htg4dbs0bgcfqnd",2023,REG,NE,17,0,0,0,0,0,0,0,0,0,0,0,0,,,0,,0,0,0,0,184,642,3,1,0,33,-27.282744640982337,0,8,6,0,0,51,65,313,2,1,1,-42,374,12,-10.107500240426049,0,10,3,1,0,-7.4523809523809526,0.12014787430683918,-0.01025390625,0.1730440770852588,0,1,0,0,0,0,0,0.0,0.0,0,0,0,0,0,0,0,0,0,0,0,0,0,0,0,2,0,0,2,1,0,0,0,0,0,0,0,0,,,0,0,0,0,0,0,0,0,0,0,0,0,,,,0,0,0,0,0,0,0,,0,0,0,0,,0,0,,0,0,0,0,0,0,0,0,0,0,123.5,174.5
00-0033046,J.Ward,Jihad Ward,LB,LB,"https://static.www.nfl.com/image/upload/f_auto,q_auto/league/btmkbywpoicg8fcgvfhc",2023,REG,NYG,14,0,0,0,0,0,0,0,0,0,0,0,0,,,0,,0,0,0,0,0,0,0,0,0,0,,0,0,0,0,0,0,0,0,0,0,0,0,0,0,,0,0,0,0,0,,0.0,0.0,0.0,0,15,1,8,5,24,1,5.0,25.0,9,0,0,0,0,0,0,0,0,0,1,7,0,1,5,0,0,0,0,0,0,0,0,0,0,0,0,0,,,0,0,0,0,0,0,0,0,0,0,0,0,,,,0,0,0,0,0,0,0,,0,0,0,0,,0,0,,0,0,0,0,0,0,0,0,0,0,0.0,0.0
00-0033050,X.Howard,Xavien Howard,CB,DB,"https://static.www.nfl.com/image/upload/f_auto,q_auto/league/jbebiqcxa5rrf9ihaxkp",2023,REG,MIA,12,0,0,0,0,0,0,0,0,0,0,0,0,,,0,,0,0,0,0,0,0,0,0,0,0,,0,0,0,0,0,0,0,0,0,0,0,0,0,0,,0,0,0,0,0,,0.0,0.0,0.0,0,33,3,9,1,1,0,0.0,0.0,1,1,0,12,0,0,0,0,0,0,0,0,0,6,38,0,0,0,0,0,0,0,0,0,0,0,0,0,,,0,0,0,0,0,0,0,0,0,0,0,0,,,,0,0,0,0,0,0,0,,0,0,0,0,,0,0,,0,0,0,0,0,0,0,0,0,0,0.0,0.0
00-0033051,D.Onyemata,David Onyemata,DT,DL,"https://static.www.nfl.com/image/upload/f_auto,q_auto/league/zzqx9ig8ltlva2uo0cgd",2023,REG,ATL,14,0,0,0,0,0,0,0,0,0,0,0,0,,,0,,0,0,0,0,0,0,0,0,0,0,,0,0,0,0,0,0,0,0,0,0,0,0,0,0,,0,0,0,0,0,,0.0,0.0,0.0,0,15,10,25,3,16,2,4.0,22.5,16,0,0,3,0,0,0,0,0,0,0,0,0,2,10,0,0,0,0,0,0,0,0,0,0,0,0,0,,,0,0,0,0,0,0,0,0,0,0,0,0,,,,0,0,0,0,0,0,0,,0,0,0,0,,0,0,,0,0,0,0,0,0,0,0,0,0,0.0,0.0
00-0033052,J.Smith,Jaylon Smith,MLB,LB,"https://static.www.nfl.com/image/upload/f_auto,q_auto/league/gsbqo2w6mf7wubadhflr",2023,REG,LV,1,0,0,0,0,0,0,0,0,0,0,0,0,,,0,,0,0,0,0,0,0,0,0,0,0,,0,0,0,0,0,0,0,0,0,0,0,0,0,0,,0,0,0,0,0,,0.0,0.0,0.0,0,2,0,0,0,0,0,0.0,0.0,0,0,0,0,0,0,0,0,0,0,0,0,0,0,0,0,0,0,0,0,0,0,0,0,0,0,0,0,,,0,0,0,0,0,0,0,0,0,0,0,0,,,,0,0,0,0,0,0,0,,0,0,0,0,,0,0,,0,0,0,0,0,0,0,0,0,0,0.0,0.0
00-0033055,J.Ramsey,Jalen Ramsey,CB,DB,"https://static.www.nfl.com/image/upload/f_auto,q_auto/league/pjozgun3xstol72jfoow",2023,REG,MIA,10,0,0,0,0,0,0,0,0,0,0,0,0,,,0,,0,0,0,0,0,0,0,0,0,0,,0,0,0,0,0,0,0,0,0,0,0,0,0,0,,0,0,0,0,0,,0.0,0.0,0.0,0,14,4,4,0,0,0,0.0,0.0,0,3,52,5,0,0,0,0,0,0,0,0,0,2,13,0,0,0,0,0,0,0,0,0,0,0,0,0,,,0,0,0,0,0,0,0,0,0,0,0,0,,,,0,0,0,0,0,0,0,,0,0,0,0,,0,0,,0,0,0,0,0,0,0,0,0,0,0.0,0.0
00-0033063,Z.Wood,Zach Wood,LS,SPEC,"https://static.www.nfl.com/image/upload/f_auto,q_auto/league/vldx7g9vu0boohxmhs48",2023,REG,NO,4,0,0,0,0,0,0,0,0,0,0,0,0,,,0,,0,0,0,0,0,0,0,0,0,0,,0,0,0,0,0,0,0,0,0,0,0,0,0,0,,0,0,0,0,0,,0.0,0.0,0.0,0,0,0,2,0,0,0,0.0,0.0,0,0,0,0,0,0,0,0,0,0,0,0,0,3,20,0,0,0,0,0,0,0,0,0,0,0,0,0,,,0,0,0,0,0,0,0,0,0,0,0,0,,,,0,0,0,0,0,0,0,,0,0,0,0,,0,0,,0,0,0,0,0,0,0,0,0,0,0.0,0.0
00-0033064,A.Gotsis,Adam Gotsis,DE,DL,"https://static.www.nfl.com/image/upload/f_auto,q_auto/league/vos0byevm4wxvjrb6pd7",2023,REG,JAX,16,0,0,0,0,0,0,0,0,0,0,0,0,,,0,,0,0,0,0,0,0,0,0,0,0,,0,0,0,0,0,0,0,0,0,0,0,0,0,0,,0,0,0,0,0,,0.0,0.0,0.0,0,13,5,8,2,5,0,1.0,3.0,7,0,0,4,0,0,0,0,0,0,0,0,0,2,10,0,0,0,0,0,0,0,0,0,0,0,0,0,,,0,0,0,0,0,0,0,0,0,0,0,0,,,,0,0,0,0,0,0,0,,0,0,0,0,,0,0,,0,0,0,0,0,0,0,0,0,0,0.0,0.0
00-0033066,A.Billings,Andrew Billings,DT,DL,"https://static.www.nfl.com/image/upload/f_auto,q_auto/league/rfxthtnhruxgqnofnuzg",2023,REG,CHI,14,0,0,0,0,0,0,0,0,0,0,0,0,,,0,,0,0,0,0,0,0,0,0,0,0,,0,0,0,0,0,0,0,0,0,0,0,0,0,0,,0,0,0,0,0,,0.0,0.0,0.0,0,7,5,15,2,3,0,0.0,0.0,2,0,0,0,0,0,0,0,0,0,0,0,0,3,15,0,0,0,0,0,0,0,0,0,0,0,0,0,,,0,0,0,0,0,0,0,0,0,0,0,0,,,,0,0,0,0,0,0,0,,0,0,0,0,,0,0,,0,0,0,0,0,0,0,0,0,0,0.0,0.0
00-0033072,L.Floyd,Leonard Floyd,DE,DL,"https://static.www.nfl.com/image/upload/f_auto,q_auto/league/hmojdd6skft3sfhs59ma",2023,REG,BUF,16,0,0,0,0,0,0,0,0,0,0,0,0,,,0,,0,0,0,0,0,0,0,0,0,0,,0,0,0,0,0,0,0,0,0,0,0,0,0,0,,0,0,0,0,0,,0.0,0.0,0.0,0,15,6,11,9,51,1,10.5,66.0,19,0,0,1,0,0,0,0,0,0,0,0,0,2,10,0,0,0,0,0,0,0,0,0,0,0,0,0,,,0,0,0,0,0,0,0,0,0,0,0,0,,,,0,0,0,0,0,0,0,,0,0,0,0,,0,0,,0,0,0,0,0,0,0,0,0,0,0.0,0.0
00-0033073,E.Ogbah,Emmanuel Ogbah,DE,DL,"https://static.www.nfl.com/image/upload/f_auto,q_auto/league/uaj08gf9lrokgxgrbgcn",2023,REG,MIA,10,0,0,0,0,0,0,0,0,0,0,0,0,,,0,,0,0,0,0,0,0,0,0,0,0,,0,0,0,0,0,0,0,0,0,0,0,0,0,0,,0,0,0,0,0,,0.0,0.0,0.0,0,6,1,12,3,19,1,5.0,30.5,8,1,5,2,0,0,0,0,0,0,0,0,0,1,5,0,0,0,0,0,0,0,0,0,0,0,0,0,,,0,0,0,0,0,0,0,0,0,0,0,0,,,,0,0,0,0,0,0,0,,0,0,0,0,,0,0,,0,0,0,0,0,0,0,0,0,0,0.0,0.0
00-0033077,D.Prescott,Dak Prescott,QB,QB,"https://static.www.nfl.com/image/upload/f_auto,q_auto/league/blixemm3s9sa4gmqk5yn",2023,REG,DAL,17,410,590,4516,36,9,39,-255,2,1,4579,1963,222,120.79506478811257,3.9346940469208356,2,0.9862415374535924,179,90,62,7,55,242,2,1,1,21,13.090557725794614,0,9,5,1,0,0,0,0,0,0,0,0,0,0,,0,0,0,0,0,,0.0,0.0,0.0,0,1,0,0,0,0,0,0.0,0.0,0,0,0,0,0,0,0,0,1,-1,0,0,0,0,0,2,2,0,4,2,0,0,0,0,0,0,0,0,,,0,0,0,0,0,0,0,0,0,0,0,0,,,,0,0,0,0,0,0,0,,0,0,0,0,,0,0,,0,0,0,0,0,0,0,0,0,0,342.84,342.84
00-0033082,L.Patrick,Lucas Patrick,G,OL,"https://static.www.nfl.com/image/upload/f_auto,q_auto/league/gpkpw7ira7e2yi26vold",2023,REG,CHI,8,0,0,0,0,0,0,0,0,0,0,0,0,,,0,,0,0,0,0,0,0,0,0,0,0,,0,0,0,0,0,0,0,0,0,0,0,0,0,0,,0,0,0,0,0,,0.0,0.0,0.0,0,1,0,0,0,0,0,0.0,0.0,0,0,0,0,0,0,0,0,2,0,0,0,0,7,65,0,1,0,1,0,0,0,0,0,0,0,0,0,,,0,0,0,0,0,0,0,0,0,0,0,0,,,,0,0,0,0,0,0,0,,0,0,0,0,,0,0,,0,0,0,0,0,0,0,0,0,0,0.0,0.0
00-0033084,K.Fuller,Kendall Fuller,CB,DB,"https://static.www.nfl.com/image/upload/f_auto,q_auto/league/pdznqfqyrrwcjdrjb3s5",2023,REG,WAS,15,0,0,0,0,0,0,0,0,0,0,0,0,,,0,,0,0,0,0,0,0,0,0,0,0,,0,0,0,0,0,0,0,0,0,0,0,0,0,0,,0,0,0,0,0,,0.0,0.0,0.0,0,50,5,24,1,1,0,0.0,0.0,0,2,23,9,0,0,0,0,0,0,2,0,0,1,5,0,0,0,0,0,0,0,0,0,0,0,0,0,,,0,0,0,0,0,0,0,0,0,0,0,0,,,,0,0,0,0,0,0,0,,0,0,0,0,,0,0,,0,0,0,0,0,0,0,0,0,0,0.0,0.0
00-0033090,H.Henry,Hunter Henry,TE,TE,"https://static.www.nfl.com/image/upload/f_auto,q_auto/league/l0fsrutz9fwbohx10lcf",2023,REG,NE,13,0,0,0,0,0,0,0,0,0,0,0,0,,,0,,0,0,0,0,0,0,0,0,0,0,,0,0,0,0,0,42,61,419,6,1,0,538,78,29,18.465609720856815,0,16,4,2,0,0.7788104089219331,0.11275415896487985,0.13134765625,0.2610745978223198,0,0,0,0,0,0,0,0.0,0.0,0,0,0,0,0,0,0,0,0,0,0,0,0,4,35,1,0,0,1,0,0,0,0,0,0,0,0,0,,,0,0,0,0,0,0,0,0,0,0,0,0,,,,0,0,0,0,0,0,0,,0,0,0,0,,0,0,,0,0,0,0,0,0,0,0,0,0,77.9,119.9
00-0033093,J.Bullard,Jonathan Bullard,DE,DL,"https://static.www.nfl.com/image/upload/f_auto,q_auto/league/z0iwn1oavvemgjupnkep",2023,REG,MIN,17,0,0,0,0,0,0,0,0,0,0,0,0,,,0,,0,0,0,0,0,0,0,0,0,0,,0,0,0,0,0,0,0,0,0,0,0,0,0,0,,0,0,0,0,0,,0.0,0.0,0.0,0,14,10,20,1,7,1,2.0,13.0,2,0,0,0,0,0,0,0,0,0,0,0,0,4,13,0,0,0,0,0,0,0,0,0,0,0,0,0,,,0,0,0,0,0,0,0,0,0,0,0,0,,,,0,0,0,0,0,0,0,,0,0,0,0,,0,0,,0,0,0,0,0,0,0,0,0,0,0.0,0.0
00-0033096,S.Lawson,Shaq Lawson,DE,DL,"https://static.www.nfl.com/image/private/f_auto,q_auto/league/p2vm0nb8vtpc9urat9zo",2023,REG,BUF,14,0,0,0,0,0,0,0,0,0,0,0,0,,,0,,0,0,0,0,0,0,0,0,0,0,,0,0,0,0,0,0,0,0,0,0,0,0,0,0,,0,0,0,0,0,,0.0,0.0,0.0,0,6,1,6,2,12,0,1.0,10.0,7,0,0,0,0,0,0,0,0,0,0,0,0,2,10,0,0,0,0,0,0,0,0,0,0,0,0,0,,,0,0,0,0,0,0,0,0,0,0,0,0,,,,0,0,0,0,0,0,0,,0,0,0,0,,0,0,,0,0,0,0,0,0,0,0,0,0,0.0,0.0
00-0033103,A.Burns,Artie Burns,CB,DB,"https://static.www.nfl.com/image/upload/f_auto,q_auto/league/jxdtjdgthvex3gzb4mdd",2023,REG,SEA,6,0,0,0,0,0,0,0,0,0,0,0,0,,,0,,0,0,0,0,0,0,0,0,0,0,,0,0,0,0,0,0,0,0,0,0,0,0,0,0,,0,0,0,0,0,,0.0,0.0,0.0,0,11,2,10,2,4,0,0.0,0.0,0,0,0,2,0,0,0,0,0,0,0,0,0,1,3,0,0,0,0,0,0,0,0,0,0,0,0,0,,,0,0,0,0,0,0,0,0,0,0,0,0,,,,0,0,0,0,0,0,0,,0,0,0,0,,0,0,,0,0,0,0,0,0,0,0,0,0,0.0,0.0
00-0033106,J.Goff,Jared Goff,QB,QB,"https://static.www.nfl.com/image/upload/f_auto,q_auto/league/yggfwr4ak4po9byj0qor",2023,REG,DET,17,407,605,4575,30,12,30,-197,4,2,4064,2147,227,80.94225091908035,1.273940399575192,2,1.125738188976378,180,87,69,9,32,21,2,2,2,5,-21.90658182852732,0,1,0,0,0,0,0,0,0,0,0,0,0,0,,0,0,0,0,0,,0.0,0.0,0.0,0,1,0,0,0,0,0,0.0,0.0,0,0,0,0,0,0,0,0,2,0,0,0,0,2,23,5,1,0,6,4,0,0,0,0,0,0,0,0,,,0,0,0,0,0,0,0,0,0,0,0,0,,,,0,0,0,0,0,0,0,,0,0,0,0,,0,0,,0,0,0,0,0,0,0,0,0,0,289.1,289.1
00-0033109,J.Hargrave,Javon Hargrave,NT,DL,"https://static.www.nfl.com/image/upload/f_auto,q_auto/league/ql5febs5kjgtrpj555ex",2023,REG,SF,15,0,0,0,0,0,0,0,0,0,0,0,0,,,0,,0,0,0,0,0,0,0,0,0,0,,0,0,0,0,0,0,0,0,0,0,0,0,0,0,,0,0,0,0,0,,0.0,0.0,0.0,0,20,5,19,8,44,0,7.0,46.5,14,0,0,2,0,0,0,0,0,0,0,0,0,3,15,0,0,0,0,0,0,0,0,0,0,0,0,0,,,0,0,0,0,0,0,0,0,0,0,0,0,,,,0,0,0,0,0,0,0,,0,0,0,0,,0,0,,0,0,0,0,0,0,0,0,0,0,0.0,0.0
00-0033110,T.Higbee,Tyler Higbee,TE,TE,"https://static.www.nfl.com/image/upload/f_auto,q_auto/league/x1d4osiefibd04df6gow",2023,REG,LA,15,0,0,0,0,0,0,0,0,0,0,0,0,,,0,,0,0,0,0,0,0,0,0,0,0,,0,0,0,0,0,47,70,495,2,0,0,406,246,26,18.805071377808606,0,20,8,6,0,1.2192118226600985,0.12612612612612611,0.09008209451963613,0.25224665535293445,0,2,0,0,0,0,0,0.0,0.0,0,0,0,0,0,0,0,0,0,0,0,0,0,4,35,0,0,0,0,0,0,0,0,0,0,0,0,0,,,0,0,0,0,0,0,0,0,0,0,0,0,,,,0,0,0,0,0,0,0,,0,0,0,0,,0,0,,0,0,0,0,0,0,0,0,0,0,61.5,108.5
00-0033118,K.Drake,Kenyan Drake,RB,RB,"https://static.www.nfl.com/image/private/f_auto,q_auto/league/rp5apwel9vuk49b4lykn",2023,REG,GB,2,0,0,0,0,0,0,0,0,0,0,0,0,,,0,,0,0,0,0,2,0,0,0,0,0,-0.9033567345468327,0,0,0,0,0,2,3,31,0,1,1,-4,36,0,-3.834364107984584,0,1,1,1,0,-7.75,0.0063025210084033615,-0.0009782342871117633,0.008769017511626809,0,0,0,0,0,0,0,0.0,0.0,0,0,0,0,0,0,0,0,0,0,0,0,0,0,0,1,0,0,1,1,0,0,0,0,0,0,0,0,,,0,0,0,0,0,0,0,0,0,0,0,0,,,,0,0,0,0,0,0,0,,0,0,0,0,,0,0,,0,0,0,0,0,0,0,0,0,0,1.1,3.1
00-0033119,J.Brissett,Jacoby Brissett,QB,QB,"https://static.www.nfl.com/image/upload/f_auto,q_auto/league/rdxowm5dvpbb8p3aazbc",2023,REG,WAS,2,18,23,224,3,0,0,0,0,0,178,70,10,16.375734796136385,17.65708313746886,0,1.2584269662921348,9,5,4,1,3,19,0,0,0,0,1.2959549513761885,0,1,0,0,0,0,0,0,0,0,0,0,0,0,,0,0,0,0,0,,0.0,0.0,0.0,0,0,0,0,0,0,0,0.0,0.0,0,0,0,0,0,0,0,0,0,0,0,0,0,0,0,0,0,0,0,0,0,0,0,0,0,0,0,0,,,0,0,0,0,0,0,0,0,0,0,0,0,,,,0,0,0,0,0,0,0,,0,0,0,0,,0,0,,0,0,0,0,0,0,0,0,0,0,22.86,22.86
00-0033120,K.Clark,Kenny Clark,NT,DL,"https://static.www.nfl.com/image/upload/f_auto,q_auto/league/ydhhuuqdppcs8vzi6v7d",2023,REG,GB,17,0,0,0,0,0,0,0,0,0,0,0,0,,,0,,0,0,0,0,0,0,0,0,0,0,,0,0,0,0,0,0,0,0,0,0,0,0,0,0,,0,0,0,0,0,,0.0,0.0,0.0,0,18,4,22,9,47,2,7.5,48.5,16,0,0,3,0,0,0,0,0,0,0,0,0,5,35,0,0,0,0,0,0,0,0,0,0,0,0,0,,,0,0,0,0,0,0,0,0,0,0,0,0,,,,0,0,0,0,0,0,0,,0,0,0,0,,0,0,,0,0,0,0,0,0,0,0,0,0,0.0,0.0
00-0033123,Y.Ngakoue,Yannick Ngakoue,DE,DL,"https://static.www.nfl.com/image/upload/f_auto,q_auto/league/ivskxqgndid0umkimrdw",2023,REG,CHI,11,0,0,0,0,0,0,0,0,0,0,0,0,,,0,,0,0,0,0,0,0,0,0,0,0,,0,0,0,0,0,0,0,0,0,0,0,0,0,0,,0,0,0,0,0,,0.0,0.0,0.0,0,11,2,9,6,31,0,4.0,25.0,7,0,0,0,0,0,0,0,0,0,0,0,0,1,5,0,0,0,0,0,0,0,0,0,0,0,0,0,,,0,0,0,0,0,0,0,0,0,0,0,0,,,,0,0,0,0,0,0,0,,0,0,0,0,,0,0,,0,0,0,0,0,0,0,0,0,0,0.0,0.0
00-0033131,M.Collins,Maliek Collins,DT,DL,"https://static.www.nfl.com/image/upload/f_auto,q_auto/league/tjyv74ytq62fprrfnjrv",2023,REG,HOU,16,0,0,0,0,0,0,0,0,0,0,0,0,,,0,,0,0,0,0,0,0,0,0,0,0,,0,0,0,0,0,0,0,0,0,0,0,0,0,0,,0,0,0,0,0,,0.0,0.0,0.0,0,16,3,22,6,29,0,5.0,39.0,18,0,0,1,0,0,0,0,0,0,0,0,0,4,16,0,0,0,0,0,0,0,0,0,0,0,0,0,,,0,0,0,0,0,0,0,0,0,0,0,0,,,,0,0,0,0,0,0,0,,0,0,0,0,,0,0,,0,0,0,0,0,0,0,0,0,0,0.0,0.0
00-0033132,K.Byard,Kevin Byard,FS,DB,"https://static.www.nfl.com/image/upload/f_auto,q_auto/league/ymu0jcrm7clsyhhvmcki",2023,REG,PHI,16,0,0,0,0,0,0,0,0,0,0,0,0,,,0,,0,0,0,0,0,0,0,0,0,0,,0,0,0,0,0,0,0,0,0,0,0,0,0,0,,0,0,0,0,0,,0.0,0.0,0.0,0,68,12,42,0,0,0,0.0,0.0,0,1,0,3,0,0,0,0,0,0,1,0,0,1,7,0,0,0,0,0,0,0,0,0,0,0,0,0,,,0,0,0,0,0,0,0,0,0,0,0,0,,,,0,0,0,0,0,0,0,,0,0,0,0,,0,0,,0,0,0,0,0,0,0,0,0,0,0.0,0.0
00-0033156,J.Bosa,Joey Bosa,DE,DL,"https://static.www.nfl.com/image/upload/f_auto,q_auto/league/soo7a4n5mxia4iky4so8",2023,REG,LAC,8,0,0,0,0,0,0,0,0,0,0,0,0,,,0,,0,0,0,0,0,0,0,0,0,0,,0,0,0,0,0,0,0,0,0,0,0,0,0,0,,0,0,0,0,0,,0.0,0.0,0.0,0,11,3,6,6,47,1,6.5,59.0,9,0,0,1,0,0,0,0,0,0,1,0,0,3,34,0,0,0,0,0,0,0,0,0,0,0,0,0,,,0,0,0,0,0,0,0,0,0,0,0,0,,,,0,0,0,0,0,0,0,,0,0,0,0,,0,0,,0,0,0,0,0,0,0,0,0,0,0.0,0.0
00-0033196,Z.Triner,Zach Triner,LS,SPEC,"https://static.www.nfl.com/image/upload/f_auto,q_auto/league/trv1mvslxupeqavhldgc",2023,REG,TB,3,0,0,0,0,0,0,0,0,0,0,0,0,,,0,,0,0,0,0,0,0,0,0,0,0,,0,0,0,0,0,0,0,0,0,0,0,0,0,0,,0,0,0,0,0,,0.0,0.0,0.0,0,2,0,1,0,0,0,0.0,0.0,0,0,0,0,0,0,0,0,0,0,0,0,0,0,0,0,0,0,0,0,0,0,0,0,0,0,0,0,,,0,0,0,0,0,0,0,0,0,0,0,0,,,,0,0,0,0,0,0,0,,0,0,0,0,,0,0,,0,0,0,0,0,0,0,0,0,0,0.0,0.0
00-0033217,M.Alie-Cox,Mo Alie-Cox,TE,TE,"https://static.www.nfl.com/image/upload/f_auto,q_auto/league/qss1euhktuj7qje9heoi",2023,REG,IND,14,0,0,0,0,0,0,0,0,0,0,0,0,,,0,,0,0,0,0,0,0,0,0,0,0,,0,0,0,0,0,13,22,161,3,0,0,222,80,9,7.562590541164027,1,8,4,2,0,0.7252252252252253,0.040293040293040296,0.05217391304347826,0.09696129956999522,0,0,0,2,0,0,0,0.0,0.0,0,0,0,0,0,0,0,0,0,0,0,0,0,0,0,0,0,0,0,0,0,0,0,0,0,0,0,0,,,0,0,0,0,0,0,0,0,0,0,0,0,,,,0,0,0,0,0,0,0,,0,0,0,0,,0,0,,0,0,0,0,0,0,0,0,0,0,36.1,49.1
00-0033221,D.Brunskill,Daniel Brunskill,OT,OL,"https://static.www.nfl.com/image/upload/f_auto,q_auto/league/lrak5cbjwhudqx5wiigo",2023,REG,TEN,1,0,0,0,0,0,0,0,0,0,0,0,0,,,0,,0,0,0,0,0,0,0,0,0,0,,0,0,0,0,0,0,0,0,0,0,0,0,0,0,,0,0,0,0,0,,0.0,0.0,0.0,0,0,0,0,0,0,0,0.0,0.0,0,0,0,0,0,0,0,0,0,0,0,0,0,1,5,0,0,0,0,0,0,0,0,0,0,0,0,0,,,0,0,0,0,0,0,0,0,0,0,0,0,,,,0,0,0,0,0,0,0,,0,0,0,0,,0,0,,0,0,0,0,0,0,0,0,0,0,0.0,0.0
00-0033246,J.Mundt,Johnny Mundt,TE,TE,"https://static.www.nfl.com/image/upload/f_auto,q_auto/league/dnvrns7mliks2ptijfo0",2023,REG,MIN,10,0,0,0,0,0,0,0,0,0,0,0,0,,,0,,0,0,0,0,0,0,0,0,0,0,,0,0,0,0,0,17,23,172,1,0,0,114,94,8,2.771589989766204,0,7,3,2,0,1.5087719298245614,0.037953795379537955,0.023123732251521298,0.07311730564537183,0,1,0,1,0,0,0,0.0,0.0,0,0,0,0,0,0,0,0,0,0,0,0,0,1,5,0,0,0,0,0,0,0,0,0,0,0,0,0,,,0,0,0,0,0,0,0,0,0,0,0,0,,,,0,0,0,0,0,0,0,,0,0,0,0,,0,0,,0,0,0,0,0,0,0,0,0,0,23.2,40.2
00-0033251,Z.Pascal,Zach Pascal,WR,WR,"https://static.www.nfl.com/image/upload/f_auto,q_auto/league/pfhgz8ofqgoubhnuqtme",2023,REG,ARI,10,0,0,0,0,0,0,0,0,0,0,0,0,,,0,,0,0,0,0,0,0,0,0,0,0,,0,0,0,0,0,4,15,19,0,0,0,160,12,1,-17.391983720619464,0,0,0,0,0,0.11875,0.027777777777777776,0.038222646918299095,0.06842251950947603,0,3,0,2,0,0,0,0.0,0.0,0,0,0,0,0,0,0,0,0,0,0,0,0,0,0,0,0,0,0,0,0,0,0,0,0,0,0,0,,,0,0,0,0,0,0,0,0,0,0,0,0,,,,0,0,0,0,0,0,0,,0,0,0,0,,0,0,,0,0,0,0,0,0,0,0,0,0,1.9000000000000001,5.9
00-0033258,D.Daniels,Darrell Daniels,TE,TE,"https://static.www.nfl.com/image/private/f_auto,q_auto/league/uite1keyl09qsvofsqzf",2023,REG,DET,1,0,0,0,0,0,0,0,0,0,0,0,0,,,0,,0,0,0,0,0,0,0,0,0,0,,0,0,0,0,0,0,0,0,0,0,0,0,0,0,,0,0,0,0,0,,0.0,0.0,0.0,0,0,0,1,0,0,0,0.0,0.0,0,0,0,0,0,0,0,0,0,0,0,0,0,0,0,0,0,0,0,0,0,0,0,0,0,0,0,0,,,0,0,0,0,0,0,0,0,0,0,0,0,,,,0,0,0,0,0,0,0,,0,0,0,0,,0,0,,0,0,0,0,0,0,0,0,0,0,0.0,0.0
00-0033260,T.Hennessy,Thomas Hennessy,LS,SPEC,"https://static.www.nfl.com/image/upload/f_auto,q_auto/league/dzwef96yf2ovfdcppbmo",2023,REG,NYJ,3,0,0,0,0,0,0,0,0,0,0,0,0,,,0,,0,0,0,0,0,0,0,0,0,0,,0,0,0,0,0,0,0,0,0,0,0,0,0,0,,0,0,0,0,0,,0.0,0.0,0.0,0,2,1,2,0,0,0,0.0,0.0,0,0,0,0,0,0,0,0,0,0,0,0,0,0,0,0,0,0,0,0,0,0,0,0,0,0,0,0,,,0,0,0,0,0,0,0,0,0,0,0,0,,,,0,0,0,0,0,0,0,,0,0,0,0,,0,0,,0,0,0,0,0,0,0,0,0,0,0.0,0.0
00-0033269,R.Sanchez,Rigoberto Sanchez,P,SPEC,"https://static.www.nfl.com/image/upload/f_auto,q_auto/league/io2gctkkefyopm7m7mnj",2023,REG,IND,17,0,0,0,0,0,0,0,0,0,0,0,0,,,0,,0,0,0,0,0,0,0,0,0,0,,0,0,0,0,0,0,0,0,0,0,0,0,0,0,,0,0,0,0,0,,0.0,0.0,0.0,0,0,0,0,0,0,0,0.0,0.0,0,0,0,0,0,0,0,0,0,0,0,0,0,0,0,0,0,0,0,0,0,0,0,0,0,0,0,0,,,0,0,0,0,0,0,0,0,0,0,0,0,,,,0,0,0,0,0,0,0,,0,0,0,0,,68,1,69,3281,21,7,10,0,13,38,360,0,2921,0.0,0.0
00-0033275,P.Walker,PJ Walker,QB,QB,"https://static.www.nfl.com/image/upload/f_auto,q_auto/league/rfbfapksdwh1o4othraq",2023,REG,CLE,5,54,111,674,1,5,11,-90,3,2,902,398,27,-34.964733364887934,-12.970192517553057,0,0.7472283813747228,25,14,11,3,13,30,0,1,0,3,-5.251562835693553,0,0,0,0,0,0,0,0,0,0,0,0,0,0,,0,0,0,0,0,,0.0,0.0,0.0,0,1,0,0,0,0,0,0.0,0.0,0,0,0,0,0,0,0,0,0,-9,0,0,0,1,10,3,1,0,4,2,0,0,0,0,0,0,0,0,,,0,0,0,0,0,0,0,0,0,0,0,0,,,,0,0,0,0,0,0,0,,0,0,0,0,,0,0,,0,0,0,0,0,0,0,0,0,0,19.96,19.96
00-0033280,C.McCaffrey,Christian McCaffrey,RB,RB,"https://static.www.nfl.com/image/upload/f_auto,q_auto/league/resjdwihunsqckohcorj",2023,REG,SF,16,0,0,0,0,0,0,0,0,0,0,0,0,,,0,,0,0,0,0,272,1459,14,2,2,83,14.388323717255844,0,44,35,9,3,67,83,564,7,1,0,153,461,31,6.454787399318722,0,22,7,4,1,3.6862745098039214,0.1762208067940552,0.03807864609258337,0.29098626245589115,0,2,0,0,0,0,0,0.0,0.0,0,0,0,0,0,0,0,0,1,0,0,0,0,1,15,3,0,0,3,2,0,0,0,0,0,0,0,0,,,0,0,0,0,0,0,0,0,0,0,0,0,,,,0,0,0,0,0,0,0,,0,0,0,0,,0,0,,0,0,0,0,0,0,0,0,0,0,324.3,391.3
00-0033281,M.Humphrey,Marlon Humphrey,CB,DB,"https://static.www.nfl.com/image/upload/f_auto,q_auto/league/zru6ellib9fzob6zq5c3",2023,REG,BAL,10,0,0,0,0,0,0,0,0,0,0,0,0,,,0,,0,0,0,0,0,0,0,0,0,0,,0,0,0,0,0,0,0,0,0,0,0,0,0,0,,0,0,0,0,0,,0.0,0.0,0.0,0,20,2,4,0,0,0,0.0,0.0,1,1,3,5,0,0,0,0,0,0,0,0,0,4,46,0,0,0,0,0,0,0,0,0,0,0,0,0,,,0,0,0,0,0,0,0,0,0,0,0,0,,,,0,0,0,0,0,0,0,,0,0,0,0,,0,0,,0,0,0,0,0,0,0,0,0,0,0.0,0.0
00-0033282,C.Samuel,Curtis Samuel,WR,WR,"https://static.www.nfl.com/image/upload/f_auto,q_auto/league/vyibrxegz375ntjby5zs",2023,REG,WAS,16,0,0,0,0,0,0,0,0,0,0,0,0,,,0,,0,0,0,0,7,39,1,0,0,4,3.760684555309126,0,2,2,0,0,62,91,613,4,0,0,598,260,26,6.00624226880546,0,21,13,7,0,1.0250836120401339,0.15141430948419302,0.12544577302286553,0.3149335053422954,0,3,0,0,0,0,0,0.0,0.0,0,0,0,0,0,0,0,0,0,0,0,0,0,0,0,0,0,0,0,0,0,0,0,0,0,0,0,0,,,0,0,0,0,0,0,0,0,0,0,0,0,,,,0,0,0,0,0,0,0,,0,0,0,0,,0,0,,0,0,0,0,0,0,0,0,0,0,95.2,157.2
00-0033284,T.Moton,Taylor Moton,OT,OL,"https://static.www.nfl.com/image/upload/f_auto,q_auto/league/sfwnn5fqfzp64p0zkwkl",2023,REG,CAR,3,0,0,0,0,0,0,0,0,0,0,0,0,,,0,,0,0,0,0,0,0,0,0,0,0,,0,0,0,0,0,0,0,0,0,0,0,0,0,0,,0,0,0,0,0,,0.0,0.0,0.0,0,0,0,0,0,0,0,0.0,0.0,0,0,0,0,0,0,0,0,0,0,0,0,0,4,25,0,0,0,0,0,0,0,0,0,0,0,0,0,,,0,0,0,0,0,0,0,0,0,0,0,0,,,,0,0,0,0,0,0,0,,0,0,0,0,,0,0,,0,0,0,0,0,0,0,0,0,0,0.0,0.0
00-0033288,G.Kittle,George Kittle,TE,TE,"https://static.www.nfl.com/image/upload/f_auto,q_auto/league/ztz3xqjaqgok9m4nylgs",2023,REG,SF,16,0,0,0,0,0,0,0,0,0,0,0,0,,,0,,0,0,0,0,1,2,0,0,0,1,0.5645242547616363,0,0,0,0,0,65,90,1020,6,0,0,852,483,42,59.67616419156603,0,40,25,18,3,1.1971830985915493,0.1910828025477707,0.21204579392732703,0.435056259570785,0,1,0,0,0,0,0,0.0,0.0,0,0,0,0,0,0,0,0,0,0,0,0,0,2,10,0,0,0,0,0,0,0,0,0,0,0,0,0,,,0,0,0,0,0,0,0,0,0,0,0,0,,,,0,0,0,0,0,0,0,,0,0,0,0,,0,0,,0,0,0,0,0,0,0,0,0,0,138.2,203.2
00-0033290,J.Eluemunor,Jermaine Eluemunor,G,OL,"https://static.www.nfl.com/image/upload/f_auto,q_auto/league/xqlquhcisz9ykfedvele",2023,REG,LV,3,0,0,0,0,0,0,0,0,0,0,0,0,,,0,,0,0,0,0,0,0,0,0,0,0,,0,0,0,0,0,0,0,0,0,0,0,0,0,0,,0,0,0,0,0,,0.0,0.0,0.0,0,0,0,0,0,0,0,0.0,0.0,0,0,0,0,0,0,0,0,0,0,0,0,0,4,19,0,0,0,0,0,0,0,0,0,0,0,0,0,,,0,0,0,0,0,0,0,0,0,0,0,0,,,,0,0,0,0,0,0,0,,0,0,0,0,,0,0,,0,0,0,0,0,0,0,0,0,0,0.0,0.0
00-0033292,T.Taylor,Trent Taylor,WR,WR,"https://static.www.nfl.com/image/upload/f_auto,q_auto/league/ei3usgh5l8gikdvksulr",2023,REG,CHI,15,0,0,0,0,0,0,0,0,0,0,0,0,,,0,,0,0,0,0,1,-2,0,0,0,0,-1.3515164237469435,0,0,0,0,0,0,2,0,0,0,0,0,0,0,-1.2993067152565345,0,0,0,0,0,,0.0041928721174004195,0.0,0.006289308176100629,0,0,0,0,0,0,0,0.0,0.0,0,0,0,0,0,2,0,0,1,0,0,0,0,0,0,0,2,0,2,1,23,188,0,0,0,0,0,0,,,0,0,0,0,0,0,0,0,0,0,0,0,,,,0,0,0,0,0,0,0,,0,0,0,0,,0,0,,0,0,0,0,0,0,0,0,0,0,-0.2,-0.2
00-0033293,A.Jones,Aaron Jones,RB,RB,"https://static.www.nfl.com/image/upload/f_auto,q_auto/league/bktkfvgfwujkdbzkcfim",2023,REG,GB,11,0,0,0,0,0,0,0,0,0,0,0,0,,,0,,0,0,0,0,142,656,2,1,1,34,2.3829092331870925,0,15,9,3,0,30,43,233,1,1,0,-48,271,13,9.50120469911127,0,7,2,2,1,-4.854166666666667,0.0766488413547237,-0.009716599190283401,0.10817164259888717,0,0,0,0,0,0,0,0.0,0.0,0,0,0,0,0,0,0,0,1,-1,0,0,0,0,0,2,0,0,2,1,0,0,0,0,0,0,0,0,,,0,0,0,0,0,0,0,0,0,0,0,0,,,,0,0,0,0,0,0,0,,0,0,0,0,,0,0,,0,0,0,0,0,0,0,0,0,0,104.9,134.9
00-0033296,A.Armah,Alex Armah,RB,RB,"https://static.www.nfl.com/image/private/f_auto,q_auto/league/pvbqmdwlukehpxovupsg",2023,REG,WAS,4,0,0,0,0,0,0,0,0,0,0,0,0,,,0,,0,0,0,0,0,0,0,0,0,0,,0,0,0,0,0,3,3,13,0,0,0,-14,27,1,0.9747587348683737,0,1,0,0,0,-0.9285714285714286,0.004991680532445923,-0.002936857562408223,0.005431720504983129,0,1,0,0,0,0,0,0.0,0.0,0,0,0,0,0,0,0,0,0,0,0,0,0,0,0,0,0,0,0,0,0,0,0,0,0,0,0,0,,,0,0,0,0,0,0,0,0,0,0,0,0,,,,0,0,0,0,0,0,0,,0,0,0,0,,0,0,,0,0,0,0,0,0,0,0,0,0,1.3,4.3
00-0033297,D.Jones,D.J. Jones,DT,DL,"https://static.www.nfl.com/image/upload/f_auto,q_auto/league/ft4g8bxpn85mshqvp4lj",2023,REG,DEN,16,0,0,0,0,0,0,0,0,0,0,0,0,,,0,,0,0,0,0,0,0,0,0,0,0,,0,0,0,0,0,0,0,0,0,0,0,0,0,0,,0,0,0,0,0,,0.0,0.0,0.0,0,24,6,16,5,17,3,2.0,23.0,4,0,0,0,0,0,0,0,0,0,2,3,0,0,0,0,0,0,0,0,0,0,0,0,0,0,0,0,,,0,0,0,0,0,0,0,0,0,0,0,0,,,,0,0,0,0,0,0,0,,0,0,0,0,,0,0,,0,0,0,0,0,0,0,0,0,0,0.0,0.0
00-0033300,C.McDermott,Conor McDermott,OT,OL,"https://static.www.nfl.com/image/upload/f_auto,q_auto/league/v0n8mrrqv0a03zok2kvg",2023,REG,NE,3,0,0,0,0,0,0,0,0,0,0,0,0,,,0,,0,0,0,0,0,0,0,0,0,0,,0,0,0,0,0,0,0,0,0,0,0,0,0,0,,0,0,0,0,0,,0.0,0.0,0.0,0,0,0,0,0,0,0,0.0,0.0,0,0,0,0,0,0,0,0,1,0,0,0,0,3,24,0,0,0,0,0,0,0,0,0,0,0,0,0,,,0,0,0,0,0,0,0,0,0,0,0,0,,,,0,0,0,0,0,0,0,,0,0,0,0,,0,0,,0,0,0,0,0,0,0,0,0,0,0.0,0.0
00-0033303,H.Butker,Harrison Butker,K,SPEC,"https://static.www.nfl.com/image/upload/f_auto,q_auto/league/ove4pmnrtqtuyta6rrlc",2023,REG,KC,17,0,0,0,0,0,0,0,0,0,0,0,0,,,0,,0,0,0,0,0,0,0,0,0,0,,0,0,0,0,0,0,0,0,0,0,0,0,0,0,,0,0,0,0,0,,0.0,0.0,0.0,0,0,0,0,0,0,0,0.0,0.0,0,0,0,0,0,0,0,0,0,0,0,0,0,0,0,0,0,0,0,0,0,0,0,0,33,35,2,0,60,0.9428571428571428,0,8,13,7,4,1,0,0,2,0,0,0,35;39;38;41;38;37;37;26;38;40;35;60;25;52;35;23;34;56;43;32;34;34;27;29;54;54;43;27;24;48;46;22;41,39;36,,1247,75,0,38,38,0,0,1.0,0,0,0,0,,0,0,,0,0,0,0,0,0,0,0,0,0,0.0,0.0
00-0033307,K.Bourne,Kendrick Bourne,WR,WR,"https://static.www.nfl.com/image/upload/f_auto,q_auto/league/rroh157jvpywprbfn3vx",2023,REG,NE,8,0,0,0,0,0,0,0,0,0,0,0,0,,,0,,0,0,0,0,1,4,0,0,0,1,0.6390635701827705,0,0,0,0,0,37,55,406,4,1,1,574,203,15,-9.540425373947777,0,14,10,5,0,0.7073170731707317,0.10166358595194085,0.14013671875,0.25059108205291125,0,1,0,0,0,0,0,0.0,0.0,0,0,0,0,0,0,0,0,0,0,0,0,0,3,20,1,0,0,1,1,0,0,0,0,0,0,0,0,,,0,0,0,0,0,0,0,0,0,0,0,0,,,,0,0,0,0,0,0,0,,0,0,0,0,,0,0,,0,0,0,0,0,0,0,0,0,0,63.0,100.0
00-0033308,M.Breida,Matt Breida,RB,RB,"https://static.www.nfl.com/image/private/f_auto,q_auto/league/rc4m1xw0xmtsrxswd0bg",2023,REG,NYG,15,0,0,0,0,0,0,0,0,0,0,0,0,,,0,,0,0,0,0,55,151,1,0,0,7,-13.719976917954732,0,0,0,0,0,17,21,88,0,1,0,1,89,2,-9.726522905286402,0,3,2,2,0,88.0,0.04329896907216495,0.0002641310089804543,0.06513334531453373,0,3,0,0,0,0,0,0.0,0.0,0,0,0,0,0,0,0,0,0,0,0,0,0,0,0,1,0,0,1,0,0,0,0,0,0,0,0,0,,,0,0,0,0,0,0,0,0,0,0,0,0,,,,0,0,0,0,0,0,0,,0,0,0,0,,0,0,,0,0,0,0,0,0,0,0,0,0,29.900000000000002,46.900000000000006
00-0033319,N.Mullens,Nick Mullens,QB,QB,"https://static.www.nfl.com/image/upload/f_auto,q_auto/league/xrpcaavzkqoq1ybqthgm",2023,REG,MIN,5,100,148,1306,7,8,12,-105,2,0,1380,477,57,12.29686876892386,5.651789070009352,0,0.946376811594203,53,30,25,2,10,25,0,0,0,4,-0.02329591986279178,0,0,0,0,0,0,0,0,0,0,0,0,0,0,,0,0,0,0,0,,0.0,0.0,0.0,0,1,0,0,0,0,0,0.0,0.0,0,0,0,0,0,0,0,0,0,0,0,0,0,1,10,2,0,0,2,0,0,0,0,0,0,0,0,0,,,0,0,0,0,0,0,0,0,0,0,0,0,,,,0,0,0,0,0,0,0,,0,0,0,0,,0,0,,0,0,0,0,0,0,0,0,0,0,66.74000000000001,66.74000000000001
00-0033336,Er.Wilson,Eric Wilson,LB,LB,"https://static.www.nfl.com/image/upload/f_auto,q_auto/league/ita0jmgsuikjagrpuqqb",2023,REG,GB,12,0,0,0,0,0,0,0,0,0,0,0,0,,,0,,0,0,0,0,0,0,0,0,0,0,,0,0,0,0,0,0,0,0,0,0,0,0,0,0,,0,0,0,0,0,,0.0,0.0,0.0,0,14,2,15,0,0,0,0.0,0.0,1,0,0,0,0,0,0,0,0,0,0,0,0,1,10,0,0,0,0,0,0,0,0,0,0,0,0,0,,,0,0,0,0,0,0,0,0,0,0,0,0,,,,0,0,0,0,0,0,0,,0,0,0,0,,0,0,,0,0,0,0,0,0,0,0,0,0,0.0,0.0
00-0033347,J.Tupou,Josh Tupou,DT,DL,"https://static.www.nfl.com/image/upload/f_auto,q_auto/league/l2qbcwd7xkczaf4yibdf",2023,REG,CIN,11,0,0,0,0,0,0,0,0,0,0,0,0,,,0,,0,0,0,0,0,0,0,0,0,0,,0,0,0,0,0,0,0,0,0,0,0,0,0,0,,0,0,0,0,0,,0.0,0.0,0.0,0,5,3,11,1,1,0,0.0,0.0,1,0,0,0,0,0,0,0,0,0,0,0,0,0,0,0,0,0,0,0,0,0,0,0,0,0,0,0,,,0,0,0,0,0,0,0,0,0,0,0,0,,,,0,0,0,0,0,0,0,,0,0,0,0,,0,0,,0,0,0,0,0,0,0,0,0,0,0.0,0.0
00-0033357,T.Hill,Taysom Hill,TE,TE,"https://static.www.nfl.com/image/upload/f_auto,q_auto/league/q8itjlocg5do60qat4l3",2023,REG,NO,16,6,11,83,1,0,2,-4,0,0,126,18,4,1.4584068846306764,-12.683751366355203,0,0.6587301587301587,3,1,1,1,81,401,4,1,1,26,7.237411890945668,0,12,9,3,0,33,40,291,2,0,0,209,133,11,10.079289468760031,0,10,6,2,0,1.3923444976076556,0.0690846286701209,0.041666666666666664,0.13279360967184803,0,1,1,0,0,0,0,0.0,0.0,0,0,0,0,0,0,0,0,0,0,0,0,0,0,0,1,0,0,1,1,0,0,1,18,0,0,0,0,,,0,0,0,0,0,0,0,0,0,0,0,0,,,,0,0,0,0,0,0,0,,0,0,0,0,,0,0,,0,0,0,0,0,0,0,0,0,0,110.52000000000001,143.52
00-0033376,P.Ricard,Patrick Ricard,RB,RB,"https://static.www.nfl.com/image/upload/f_auto,q_auto/league/l5nzsaigpp87jl5h5mtc",2023,REG,BAL,7,0,0,0,0,0,0,0,0,0,0,0,0,,,0,,0,0,0,0,0,0,0,0,0,0,,0,0,0,0,0,5,7,52,1,0,0,19,35,3,-2.3055240711546503,0,2,1,1,0,2.736842105263158,0.014705882352941176,0.0046466128637808754,0.025311452534058376,0,0,0,0,0,0,0,0.0,0.0,0,0,0,0,0,0,0,0,0,0,0,0,0,2,15,0,0,0,0,0,0,0,0,0,0,0,0,0,,,0,0,0,0,0,0,0,0,0,0,0,0,,,,0,0,0,0,0,0,0,,0,0,0,0,,0,0,,0,0,0,0,0,0,0,0,0,0,11.2,16.2
00-0033381,A.Butler,Adam Butler,DT,DL,"https://static.www.nfl.com/image/upload/f_auto,q_auto/league/t9cxogz67nugvjyqif73",2023,REG,LV,15,0,0,0,0,0,0,0,0,0,0,0,0,,,0,,0,0,0,0,0,0,0,0,0,0,,0,0,0,0,0,0,0,0,0,0,0,0,0,0,,0,0,0,0,0,,0.0,0.0,0.0,0,15,1,12,7,35,1,5.0,38.0,9,0,0,4,0,0,0,0,0,0,0,0,0,0,0,0,0,0,0,0,0,0,0,0,0,0,0,0,,,0,0,0,0,0,0,0,0,0,0,0,0,,,,0,0,0,0,0,0,0,,0,0,0,0,,0,0,,0,0,0,0,0,0,0,0,0,0,0.0,0.0
00-0033393,K.Moore,Kenny Moore II,CB,DB,"https://static.www.nfl.com/image/private/f_auto,q_auto/league/ji3hdoi86xonnhxlr6gl",2023,REG,IND,16,0,0,0,0,0,0,0,0,0,0,0,0,,,0,,0,0,0,0,0,0,0,0,0,0,,0,0,0,0,0,0,0,0,0,0,0,0,0,0,,0,0,0,0,0,,0.0,0.0,0.0,0,60,8,25,8,29,0,1.5,13.0,2,3,115,6,2,0,0,0,0,0,0,0,0,4,50,0,0,0,0,0,0,0,0,0,0,0,0,0,,,0,0,0,0,0,0,0,0,0,0,0,0,,,,0,0,0,0,0,0,0,,0,0,0,0,,0,0,,0,0,0,0,0,0,0,0,0,0,0.0,0.0
00-0033400,M.Haack,Matt Haack,P,SPEC,"https://static.www.nfl.com/image/upload/f_auto,q_auto/league/q0pk8i0ehgn4bccwbmme",2023,REG,CLE,1,0,0,0,0,0,0,0,0,0,0,0,0,,,0,,0,0,0,0,0,0,0,0,0,0,,0,0,0,0,0,0,0,0,0,0,0,0,0,0,,0,0,0,0,0,,0.0,0.0,0.0,0,0,0,0,0,0,0,0.0,0.0,0,0,0,0,0,0,0,0,0,0,0,0,0,0,0,0,0,0,0,0,0,0,0,0,0,0,0,0,,,0,0,0,0,0,0,0,0,0,0,0,0,,,,0,0,0,0,0,0,0,,0,0,0,0,,3,0,56,155,0,1,0,0,0,2,30,0,125,0.0,0.0
00-0033439,P.Brown,Pharaoh Brown,TE,TE,"https://static.www.nfl.com/image/upload/f_auto,q_auto/league/hfgg6gr7aiyzmdzh4iww",2023,REG,NE,11,0,0,0,0,0,0,0,0,0,0,0,0,,,0,,0,0,0,0,0,0,0,0,0,0,,0,0,0,0,0,13,15,208,1,1,1,104,121,8,5.469753680867143,0,7,5,5,1,2.0,0.027726432532347505,0.025390625,0.05936308629852126,0,5,0,1,0,0,0,0.0,0.0,0,0,0,0,0,0,0,0,0,0,0,0,0,0,0,1,0,0,1,1,0,0,0,0,0,0,0,0,,,0,0,0,0,0,0,0,0,0,0,0,0,,,,0,0,0,0,0,0,0,,0,0,0,0,,0,0,,0,0,0,0,0,0,0,0,0,0,24.8,37.8
00-0033445,N.Morrow,Nicholas Morrow,LB,LB,"https://static.www.nfl.com/image/upload/f_auto,q_auto/league/cqugkutgtlbtxjiadzzq",2023,REG,PHI,14,0,0,0,0,0,0,0,0,0,0,0,0,,,0,,0,0,0,0,0,0,0,0,0,0,,0,0,0,0,0,0,0,0,0,0,0,0,0,0,,0,0,0,0,0,,0.0,0.0,0.0,0,52,14,29,9,27,1,3.0,20.0,5,0,0,5,0,0,1,0,0,0,2,0,0,2,20,0,0,0,0,0,0,0,0,0,0,0,0,0,,,0,0,0,0,0,0,0,0,0,0,0,0,,,,0,0,0,0,0,0,0,,0,0,0,0,,0,0,,0,0,0,0,0,0,0,0,0,0,0.0,0.0
00-0033463,C.Lawson,Carl Lawson,DE,DL,"https://static.www.nfl.com/image/upload/f_auto,q_auto/league/fv6hftu35bcjuenhupde",2023,REG,NYJ,4,0,0,0,0,0,0,0,0,0,0,0,0,,,0,,0,0,0,0,0,0,0,0,0,0,,0,0,0,0,0,0,0,0,0,0,0,0,0,0,,0,0,0,0,0,,0.0,0.0,0.0,0,1,1,3,0,0,0,0.0,0.0,0,0,0,0,0,0,0,0,0,0,0,0,0,0,0,0,0,0,0,0,0,0,0,0,0,0,0,0,,,0,0,0,0,0,0,0,0,0,0,0,0,,,,0,0,0,0,0,0,0,,0,0,0,0,,0,0,,0,0,0,0,0,0,0,0,0,0,0.0,0.0
00-0033466,I.McKenzie,Isaiah McKenzie,WR,WR,"https://static.www.nfl.com/image/upload/f_auto,q_auto/league/gy6grhpxsegfgklfadte",2023,REG,IND,13,0,0,0,0,0,0,0,0,0,0,0,0,,,0,,0,0,0,0,3,14,0,0,0,0,-0.5115823562955484,0,0,0,0,0,11,14,82,0,0,0,35,72,4,2.2149172026048127,0,4,1,1,0,2.342857142857143,0.02564102564102564,0.008225616921269096,0.04421947030642683,0,0,0,0,0,0,0,0.0,0.0,0,0,0,0,0,3,0,0,1,0,0,0,0,0,0,1,2,0,3,2,23,204,6,152,0,0,0,0,,,0,0,0,0,0,0,0,0,0,0,0,0,,,,0,0,0,0,0,0,0,,0,0,0,0,,0,0,,0,0,0,0,0,0,0,0,0,0,9.600000000000001,20.6
00-0033503,A.Maulet,Arthur Maulet,CB,DB,"https://static.www.nfl.com/image/upload/f_auto,q_auto/league/aubd7y8fpt8tdx3tci9t",2023,REG,BAL,13,0,0,0,0,0,0,0,0,0,0,0,0,,,0,,0,0,0,0,0,0,0,0,0,0,,0,0,0,0,0,0,0,0,0,0,0,0,0,0,,0,0,0,0,0,,0.0,0.0,0.0,0,28,4,5,4,24,0,2.0,17.0,3,1,0,5,0,0,0,0,0,0,2,21,0,2,9,0,0,0,0,0,0,0,0,0,0,0,0,0,,,0,0,0,0,0,0,0,0,0,0,0,0,,,,0,0,0,0,0,0,0,,0,0,0,0,,0,0,,0,0,0,0,0,0,0,0,0,0,0.0,0.0
00-0033511,S.Harlow,Sean Harlow,C,OL,"https://static.www.nfl.com/image/private/f_auto,q_auto/league/zumjqygjzqrwtccm5jco",2023,REG,NYG,1,0,0,0,0,0,0,0,0,0,0,0,0,,,0,,0,0,0,0,0,0,0,0,0,0,,0,0,0,0,0,0,0,0,0,0,0,0,0,0,,0,0,0,0,0,,0.0,0.0,0.0,0,0,0,0,0,0,0,0.0,0.0,0,0,0,0,0,0,0,0,0,0,0,0,0,1,5,0,0,0,0,0,0,0,0,0,0,0,0,0,,,0,0,0,0,0,0,0,0,0,0,0,0,,,,0,0,0,0,0,0,0,,0,0,0,0,,0,0,,0,0,0,0,0,0,0,0,0,0,0.0,0.0
00-0033512,D.Kazee,Damontae Kazee,S,DB,"https://static.www.nfl.com/image/upload/f_auto,q_auto/league/cz9f72l19xvvmplddbxd",2023,REG,PIT,14,0,0,0,0,0,0,0,0,0,0,0,0,,,0,,0,0,0,0,0,0,0,0,0,0,,0,0,0,0,0,0,0,0,0,0,0,0,0,0,,0,0,0,0,0,,0.0,0.0,0.0,0,39,7,15,0,0,0,0.0,0.0,0,2,37,3,0,0,0,0,0,0,2,1,0,1,15,0,0,0,0,0,0,0,0,0,0,0,0,0,,,0,0,0,0,0,0,0,0,0,0,0,0,,,,0,0,0,0,0,0,0,,0,0,0,0,,0,0,,0,0,0,0,0,0,0,0,0,0,0.0,0.0
00-0033523,J.Allen,Jonathan Allen,DE,DL,"https://static.www.nfl.com/image/upload/f_auto,q_auto/league/pri0osdjdsziyqrd14ar",2023,REG,WAS,16,0,0,0,0,0,0,0,0,0,0,0,0,,,0,,0,0,0,0,0,0,0,0,0,0,,0,0,0,0,0,0,0,0,0,0,0,0,0,0,,0,0,0,0,0,,0.0,0.0,0.0,0,27,3,23,10,37,0,5.5,24.0,19,0,0,1,0,0,0,0,0,0,0,0,0,2,10,0,0,0,0,0,0,0,0,0,0,0,0,0,,,0,0,0,0,0,0,0,0,0,0,0,0,,,,0,0,0,0,0,0,0,,0,0,0,0,,0,0,,0,0,0,0,0,0,0,0,0,0,0.0,0.0
00-0033526,S.Perine,Samaje Perine,RB,RB,"https://static.www.nfl.com/image/upload/f_auto,q_auto/league/ur3jv6biq0pefkrgpzty",2023,REG,DEN,17,0,0,0,0,0,0,0,0,0,0,0,0,,,0,,0,0,0,0,53,238,1,1,1,14,-9.491747709958586,0,6,4,1,0,50,56,455,0,2,1,-10,462,23,12.1308481818675,0,18,6,3,0,-45.5,0.11740041928721175,-0.002663825253063399,0.17423595125367325,0,0,0,1,0,0,0,0.0,0.0,0,0,0,0,0,0,0,0,0,-10,0,0,0,0,0,2,1,1,3,2,0,0,0,0,0,0,0,0,,,0,0,0,0,0,0,0,0,0,0,0,0,,,,0,0,0,0,0,0,0,,0,0,0,0,,0,0,,0,0,0,0,0,0,0,0,0,0,71.3,121.3
00-0033536,M.Williams,Mike Williams,WR,WR,"https://static.www.nfl.com/image/upload/f_auto,q_auto/league/atprqcuqsl4spdak76fy",2023,REG,LAC,3,0,0,0,0,0,0,0,0,0,0,0,0,,,0,,0,0,0,0,1,3,0,0,0,0,-0.29056908283382654,0,0,0,0,0,19,26,249,1,0,0,307,108,9,12.852714901445927,0,10,5,4,1,0.8110749185667753,0.04234527687296417,0.06486372279738009,0.10892252126761232,0,0,0,0,0,0,0,0.0,0.0,0,0,0,0,0,0,0,0,0,0,0,0,0,0,0,0,0,0,0,0,0,0,0,0,0,0,0,0,,,0,0,0,0,0,0,0,0,0,0,0,0,,,,0,0,0,0,0,0,0,,0,0,0,0,,0,0,,0,0,0,0,0,0,0,0,0,0,31.200000000000003,50.2
00-0033537,D.Watson,Deshaun Watson,QB,QB,"https://static.www.nfl.com/image/private/f_auto,q_auto/league/otfs2docj6eahaebo5xn",2023,REG,CLE,6,105,171,1115,7,4,17,-85,3,1,1593,499,52,-18.950161800698037,-0.32609927834886493,0,0.6999372253609542,45,21,12,3,26,142,1,1,1,10,9.937375105540553,3,7,6,0,0,0,0,0,0,0,0,0,0,0,,0,0,0,0,0,,0.0,0.0,0.0,0,0,0,0,0,0,0,0.0,0.0,0,0,0,0,0,0,0,0,1,0,0,0,0,2,30,4,1,0,5,2,0,0,0,0,0,0,0,0,,,0,0,0,0,0,0,0,0,0,0,0,0,,,,0,0,0,0,0,0,0,,0,0,0,0,,0,0,,0,0,0,0,0,0,0,0,0,0,86.8,86.8
00-0033538,G.Bolles,Garett Bolles,OT,OL,"https://static.www.nfl.com/image/upload/f_auto,q_auto/league/dpgttf9sbcrvmqvohqtn",2023,REG,DEN,7,0,0,0,0,0,0,0,0,0,0,0,0,,,0,,0,0,0,0,0,0,0,0,0,0,,0,0,0,0,0,0,0,0,0,0,0,0,0,0,,0,0,0,0,0,,0.0,0.0,0.0,0,0,0,0,0,0,0,0.0,0.0,0,0,0,0,0,0,0,0,0,0,0,0,0,8,58,0,0,0,0,0,0,0,0,0,0,0,0,0,,,0,0,0,0,0,0,0,0,0,0,0,0,,,,0,0,0,0,0,0,0,,0,0,0,0,,0,0,,0,0,0,0,0,0,0,0,0,0,0.0,0.0
00-0033543,S.Jones,Sidney Jones,CB,DB,"https://static.www.nfl.com/image/private/f_auto,q_auto/league/qsxywzc7mfcj0ibjjevc",2023,REG,CIN,1,0,0,0,0,0,0,0,0,0,0,0,0,,,0,,0,0,0,0,0,0,0,0,0,0,,0,0,0,0,0,0,0,0,0,0,0,0,0,0,,0,0,0,0,0,,0.0,0.0,0.0,0,0,0,1,0,0,0,0.0,0.0,0,0,0,0,0,0,0,0,0,0,0,0,0,0,0,0,0,0,0,0,0,0,0,0,0,0,0,0,,,0,0,0,0,0,0,0,0,0,0,0,0,,,,0,0,0,0,0,0,0,,0,0,0,0,,0,0,,0,0,0,0,0,0,0,0,0,0,0.0,0.0
00-0033546,D.Tomlinson,Dalvin Tomlinson,DE,DL,"https://static.www.nfl.com/image/upload/f_auto,q_auto/league/al9wtdcyop0h56lby8ba",2023,REG,CLE,16,0,0,0,0,0,0,0,0,0,0,0,0,,,0,,0,0,0,0,0,0,0,0,0,0,,0,0,0,0,0,0,0,0,0,0,0,0,0,0,,0,0,0,0,0,,0.0,0.0,0.0,0,11,1,16,4,14,0,3.0,12.0,12,0,0,0,0,0,0,0,0,0,0,0,0,2,10,0,0,0,0,0,0,0,0,0,0,0,0,0,,,0,0,0,0,0,0,0,0,0,0,0,0,,,,0,0,0,0,0,0,0,,0,0,0,0,,0,0,,0,0,0,0,0,0,0,0,0,0,0.0,0.0
00-0033547,Z.Cunningham,Zach Cunningham,ILB,LB,"https://static.www.nfl.com/image/upload/f_auto,q_auto/league/gxugy1m0xlxbyk8dv5rr",2023,REG,PHI,13,0,0,0,0,0,0,0,0,0,0,0,0,,,0,,0,0,0,0,0,0,0,0,0,0,,0,0,0,0,0,0,0,0,0,0,0,0,0,0,,0,0,0,0,0,,0.0,0.0,0.0,0,50,4,31,1,5,0,0.0,0.0,1,0,0,4,0,0,0,0,0,0,1,0,0,1,15,0,0,0,0,0,0,0,0,0,0,0,0,0,,,0,0,0,0,0,0,0,0,0,0,0,0,,,,0,0,0,0,0,0,0,,0,0,0,0,,0,0,,0,0,0,0,0,0,0,0,0,0,0.0,0.0
00-0033548,C.Awuzie,Chidobe Awuzie,CB,DB,"https://static.www.nfl.com/image/upload/f_auto,q_auto/league/qmjzimecbg4ftseg8myr",2023,REG,CIN,13,0,0,0,0,0,0,0,0,0,0,0,0,,,0,,0,0,0,0,0,0,0,0,0,0,,0,0,0,0,0,0,0,0,0,0,0,0,0,0,,0,0,0,0,0,,0.0,0.0,0.0,0,35,8,14,0,0,1,0.0,0.0,0,0,0,6,0,0,0,0,0,0,1,0,0,4,29,0,0,0,0,0,0,0,0,0,0,0,0,0,,,0,0,0,0,0,0,0,0,0,0,0,0,,,,0,0,0,0,0,0,0,,0,0,0,0,,0,0,,0,0,0,0,0,0,0,0,0,0,0.0,0.0
00-0033549,D.Riley,Duke Riley,MLB,LB,"https://static.www.nfl.com/image/upload/f_auto,q_auto/league/qupmregt7cnl5jgzvuug",2023,REG,MIA,12,0,0,0,0,0,0,0,0,0,0,0,0,,,0,,0,0,0,0,0,0,0,0,0,0,,0,0,0,0,0,0,0,0,0,0,0,0,0,0,,0,0,0,0,0,,0.0,0.0,0.0,0,22,8,12,0,0,1,0.5,0.5,2,0,0,1,0,0,0,0,0,0,0,0,0,0,0,0,0,0,0,0,0,0,0,0,0,0,0,0,,,0,0,0,0,0,0,0,0,0,0,0,0,,,,0,0,0,0,0,0,0,,0,0,0,0,,0,0,,0,0,0,0,0,0,0,0,0,0,0.0,0.0
00-0033551,R.Douglas,Rasul Douglas,CB,DB,"https://static.www.nfl.com/image/upload/f_auto,q_auto/league/f2ac9dmdbhc6rvgllcbt",2023,REG,BUF,15,0,0,0,0,0,0,0,0,0,0,0,0,,,0,,0,0,0,0,0,0,0,0,0,0,,0,0,0,0,0,0,0,0,0,0,0,0,0,0,,0,0,0,0,0,,0.0,0.0,0.0,0,44,3,14,3,23,0,1.0,10.0,1,5,56,14,1,0,0,0,0,0,3,2,0,6,47,0,0,0,0,0,0,0,0,0,0,0,0,0,,,0,0,0,0,0,0,0,0,0,0,0,0,,,,0,0,0,0,0,0,0,,0,0,0,0,,0,0,,0,0,0,0,0,0,0,0,0,0,0.0,0.0
00-0033553,J.Conner,James Conner,RB,RB,"https://static.www.nfl.com/image/upload/f_auto,q_auto/league/g5yjordcmt76j0saytzb",2023,REG,ARI,13,0,0,0,0,0,0,0,0,0,0,0,0,,,0,,0,0,0,0,208,1040,7,0,0,57,12.049058458103696,0,31,19,11,1,27,33,165,2,0,0,-23,221,11,2.3252335966974496,0,7,5,2,0,-7.173913043478261,0.06111111111111111,-0.005494505494505495,0.08782051282051281,0,0,0,0,0,0,0,0.0,0.0,0,0,0,0,0,0,0,0,2,0,0,0,0,0,0,0,0,0,0,0,0,0,0,0,0,0,0,0,,,0,0,0,0,0,0,0,0,0,0,0,0,,,,0,0,0,0,0,0,0,,0,0,0,0,,0,0,,0,0,0,0,0,0,0,0,0,0,174.5,201.5
00-0033555,M.Hollins,Mack Hollins,WR,WR,"https://static.www.nfl.com/image/upload/f_auto,q_auto/league/qbz7whjzsittudcecezw",2023,REG,ATL,12,0,0,0,0,0,0,0,0,0,0,0,0,,,0,,0,0,0,0,0,0,0,0,0,0,,0,0,0,0,0,18,30,251,0,0,0,375,55,9,9.698308007929825,0,10,7,3,1,0.6693333333333333,0.05905511811023622,0.08630609896432681,0.14899694644038308,0,3,0,1,0,0,0,0.0,0.0,0,0,0,0,0,0,0,0,0,0,0,0,0,1,10,0,0,0,0,0,0,0,0,0,0,0,0,0,,,0,0,0,0,0,0,0,0,0,0,0,0,,,,0,0,0,0,0,0,0,,0,0,0,0,,0,0,,0,0,0,0,0,0,0,0,0,0,25.1,43.1
00-0033557,J.Reeves-Maybin,Jalen Reeves-Maybin,LB,LB,"https://static.www.nfl.com/image/upload/f_auto,q_auto/league/oczccxuvy4ltvjy4fhmu",2023,REG,DET,13,1,1,31,0,0,0,0,0,0,22,9,1,4.1430035991361365,54.58611249923706,0,1.4090909090909092,1,1,1,0,2,3,0,0,0,1,-0.6606828370131552,0,0,0,0,0,0,0,0,0,0,0,0,0,0,,0,0,0,0,0,,0.0,0.0,0.0,0,11,2,7,1,13,0,1.0,13.0,2,0,0,2,0,0,0,0,0,0,0,0,0,1,10,0,0,0,0,0,0,0,0,0,0,0,0,0,,,0,0,0,0,0,0,0,0,0,0,0,0,,,,0,0,0,0,0,0,0,,0,0,0,0,,0,0,,0,0,0,0,0,0,0,0,0,0,1.54,1.54
00-0033563,C.Watkins,Carlos Watkins,DE,DL,"https://static.www.nfl.com/image/upload/f_auto,q_auto/league/ehyurz829tzomfafkjxb",2023,REG,ARI,2,0,0,0,0,0,0,0,0,0,0,0,0,,,0,,0,0,0,0,0,0,0,0,0,0,,0,0,0,0,0,0,0,0,0,0,0,0,0,0,,0,0,0,0,0,,0.0,0.0,0.0,0,3,1,3,1,6,0,1.0,6.0,1,0,0,1,0,0,0,0,0,0,0,0,0,0,0,0,0,0,0,0,0,0,0,0,0,0,0,0,,,0,0,0,0,0,0,0,0,0,0,0,0,,,,0,0,0,0,0,0,0,,0,0,0,0,,0,0,,0,0,0,0,0,0,0,0,0,0,0.0,0.0
00-0033566,D.King,Desmond King,DB,DB,"https://static.www.nfl.com/image/upload/f_auto,q_auto/league/bqwzwewlpjcgm8zgvcs9",2023,REG,HOU,9,0,0,0,0,0,0,0,0,0,0,0,0,,,0,,0,0,0,0,0,0,0,0,0,0,,0,0,0,0,0,0,0,0,0,0,0,0,0,0,,0,0,0,0,0,,0.0,0.0,0.0,0,17,5,25,5,13,0,1.0,7.0,2,0,0,2,0,1,0,0,0,0,0,0,0,4,27,0,1,0,1,0,8,101,5,111,0,0,0,0,,,0,0,0,0,0,0,0,0,0,0,0,0,,,,0,0,0,0,0,0,0,,0,0,0,0,,0,0,,0,0,0,0,0,0,0,0,0,0,0.0,0.0
00-0033570,A.Walker,Anthony Walker,MLB,LB,"https://static.www.nfl.com/image/upload/f_auto,q_auto/league/kschvtoxhs5s7ulew3oe",2023,REG,CLE,11,0,0,0,0,0,0,0,0,0,0,0,0,,,0,,0,0,0,0,0,0,0,0,0,0,,0,0,0,0,0,0,0,0,0,0,0,0,0,0,,0,0,0,0,0,,0.0,0.0,0.0,0,21,2,21,1,5,1,0.0,0.0,2,0,0,4,0,0,0,27,0,0,2,0,0,1,25,0,0,0,0,0,0,0,0,0,0,0,0,0,,,0,0,0,0,0,0,0,0,0,0,0,0,,,,0,0,0,0,0,0,0,,0,0,0,0,,0,0,,0,0,0,0,0,0,0,0,0,0,0.0,0.0
00-0033571,M.Milano,Matt Milano,OLB,LB,"https://static.www.nfl.com/image/upload/f_auto,q_auto/league/ikmvrrbegypwn8wejcge",2023,REG,BUF,5,0,0,0,0,0,0,0,0,0,0,0,0,,,0,,0,0,0,0,0,0,0,0,0,0,,0,0,0,0,0,0,0,0,0,0,0,0,0,0,,0,0,0,0,0,,0.0,0.0,0.0,0,15,3,12,1,4,1,0.0,0.0,1,2,16,2,0,0,0,0,0,0,0,0,0,1,15,0,0,0,0,0,0,0,0,0,0,0,0,0,,,0,0,0,0,0,0,0,0,0,0,0,0,,,,0,0,0,0,0,0,0,,0,0,0,0,,0,0,,0,0,0,0,0,0,0,0,0,0,0.0,0.0
00-0033572,J.Agnew,Jamal Agnew,WR,WR,"https://static.www.nfl.com/image/upload/f_auto,q_auto/league/buapoaxrvjzwsr4l34mq",2023,REG,JAX,11,0,0,0,0,0,0,0,0,0,0,0,0,,,0,,0,0,0,0,4,-2,0,0,0,0,-2.707919454551302,0,0,0,0,0,14,21,225,1,1,1,253,76,8,2.579681091464221,0,8,2,2,2,0.8893280632411067,0.03459637561779242,0.050793013451114234,0.0874496728424686,0,3,0,0,0,0,0,0.0,0.0,0,0,0,0,0,0,0,0,0,0,0,0,0,1,5,1,0,0,1,1,14,144,15,391,0,0,0,0,,,0,0,0,0,0,0,0,0,0,0,0,0,,,,0,0,0,0,0,0,0,,0,0,0,0,,0,0,,0,0,0,0,0,0,0,0,0,0,26.3,40.3
00-0033576,E.Saubert,Eric Saubert,TE,TE,"https://static.www.nfl.com/image/upload/f_auto,q_auto/league/ojoapzazehxdd01fadz6",2023,REG,HOU,3,0,0,0,0,0,0,0,0,0,0,0,0,,,0,,0,0,0,0,0,0,0,0,0,0,,0,0,0,0,0,3,3,12,0,0,0,6,6,1,0.5324909845367074,0,0,0,0,0,2.0,0.00530035335689046,0.0011589723778249951,0.008761810699813187,0,0,0,0,0,0,0,0.0,0.0,0,0,0,0,0,0,0,0,0,0,0,0,0,1,5,0,0,0,0,0,0,0,0,0,0,0,0,0,,,0,0,0,0,0,0,0,0,0,0,0,0,,,,0,0,0,0,0,0,0,,0,0,0,0,,0,0,,0,0,0,0,0,0,0,0,0,0,1.2000000000000002,4.2
00-0033579,X.Woods,Xavier Woods,FS,DB,"https://static.www.nfl.com/image/upload/f_auto,q_auto/league/of7kdkfale5fnuz6u8gr",2023,REG,CAR,14,0,0,0,0,0,0,0,0,0,0,0,0,,,0,,0,0,0,0,0,0,0,0,0,0,,0,0,0,0,0,0,0,0,0,0,0,0,0,0,,0,0,0,0,0,,0.0,0.0,0.0,0,31,8,22,3,7,0,0.0,0.0,0,2,-1,7,0,0,0,0,0,0,1,5,0,3,27,0,0,0,0,0,0,0,0,0,0,0,0,0,,,0,0,0,0,0,0,0,0,0,0,0,0,,,,0,0,0,0,0,0,0,,0,0,0,0,,0,0,,0,0,0,0,0,0,0,0,0,0,0.0,0.0
00-0033582,J.Ledbetter,Jeremiah Ledbetter,DT,DL,"https://static.www.nfl.com/image/upload/f_auto,q_auto/league/tmrdn5vftop0py2dwzn2",2023,REG,JAX,14,0,0,0,0,0,0,0,0,0,0,0,0,,,0,,0,0,0,0,0,0,0,0,0,0,,0,0,0,0,0,0,0,0,0,0,0,0,0,0,,0,0,0,0,0,,0.0,0.0,0.0,0,5,2,17,0,0,0,0.0,0.0,1,0,0,1,0,0,0,0,0,0,1,0,0,0,0,0,0,0,0,0,0,0,0,0,0,0,0,0,,,0,0,0,0,0,0,0,0,0,0,0,0,,,,0,0,0,0,0,0,0,,0,0,0,0,,0,0,,0,0,0,0,0,0,0,0,0,0,0.0,0.0
00-0033588,I.Rochell,Isaac Rochell,DE,DL,"https://static.www.nfl.com/image/private/f_auto,q_auto/league/pltdnt3jewadxdfzhso3",2023,REG,LV,6,0,0,0,0,0,0,0,0,0,0,0,0,,,0,,0,0,0,0,0,0,0,0,0,0,,0,0,0,0,0,0,0,0,0,0,0,0,0,0,,0,0,0,0,0,,0.0,0.0,0.0,0,4,3,3,0,0,0,0.0,0.0,0,0,0,0,0,0,0,0,0,0,0,0,0,0,0,0,0,0,0,0,0,0,0,0,0,0,0,0,,,0,0,0,0,0,0,0,0,0,0,0,0,,,,0,0,0,0,0,0,0,,0,0,0,0,,0,0,,0,0,0,0,0,0,0,0,0,0,0.0,0.0
00-0033589,D.Moore,David Moore,WR,WR,"https://static.www.nfl.com/image/upload/f_auto,q_auto/league/k2szy47lyxy9u5om7vd1",2023,REG,TB,6,0,0,0,0,0,0,0,0,0,0,0,0,,,0,,0,0,0,0,0,0,0,0,0,0,,0,0,0,0,0,5,7,94,1,0,0,49,62,3,2.777235616638791,0,3,2,1,1,1.9183673469387754,0.012727272727272728,0.010071942446043165,0.026141268803139307,0,3,0,2,0,0,0,0.0,0.0,0,0,0,0,0,0,0,0,0,0,0,0,0,1,5,0,0,0,0,0,0,0,0,0,0,0,0,0,,,0,0,0,0,0,0,0,0,0,0,0,0,,,,0,0,0,0,0,0,0,,0,0,0,0,,0,0,,0,0,0,0,0,0,0,0,0,0,15.4,20.4
00-0033591,N.Brown,Noah Brown,WR,WR,"https://static.www.nfl.com/image/upload/f_auto,q_auto/league/nv6ix0p8965yiugsuhwh",2023,REG,HOU,10,0,0,0,0,0,0,0,0,0,0,0,0,,,0,,0,0,0,0,1,-1,0,0,0,0,-1.1092690661523945,0,0,0,0,0,33,55,567,2,0,0,658,223,24,20.87416976229356,0,19,15,14,1,0.8617021276595744,0.09717314487632508,0.12710063743480782,0.23473016351885306,0,1,0,0,0,0,0,0.0,0.0,0,0,0,0,0,0,0,0,0,0,0,0,0,1,5,0,0,0,0,0,0,0,0,0,0,0,0,0,,,0,0,0,0,0,0,0,0,0,0,0,0,,,,0,0,0,0,0,0,0,,0,0,0,0,,0,0,,0,0,0,0,0,0,0,0,0,0,68.6,101.6
00-0033595,P.O'Connor,Pat O'Connor,DE,DL,"https://static.www.nfl.com/image/upload/f_auto,q_auto/league/hlyhbl1hpgksy8swksa8",2023,REG,TB,3,0,0,0,0,0,0,0,0,0,0,0,0,,,0,,0,0,0,0,0,0,0,0,0,0,,0,0,0,0,0,0,0,0,0,0,0,0,0,0,,0,0,0,0,0,,0.0,0.0,0.0,0,1,1,2,1,8,0,0.0,0.0,0,0,0,0,0,0,1,0,0,0,0,0,0,0,0,0,0,0,0,0,0,0,0,0,0,0,0,0,,,0,0,0,0,0,0,0,0,0,0,0,0,,,,0,0,0,0,0,0,0,,0,0,0,0,,0,0,,0,0,0,0,0,0,0,0,0,0,0.0,0.0
00-0033598,E.Ankou,Eli Ankou,DT,DL,"https://static.www.nfl.com/image/upload/f_auto,q_auto/league/vo3rcoaq6owinjqnlzis",2023,REG,ATL,1,0,0,0,0,0,0,0,0,0,0,0,0,,,0,,0,0,0,0,0,0,0,0,0,0,,0,0,0,0,0,0,0,0,0,0,0,0,0,0,,0,0,0,0,0,,0.0,0.0,0.0,0,0,0,1,0,0,0,0.0,0.0,0,0,0,0,0,0,0,0,0,0,0,0,0,0,0,0,0,0,0,0,0,0,0,0,0,0,0,0,,,0,0,0,0,0,0,0,0,0,0,0,0,,,,0,0,0,0,0,0,0,,0,0,0,0,,0,0,,0,0,0,0,0,0,0,0,0,0,0.0,0.0
00-0033659,J.Jones,Joe Jones,LB,LB,"https://static.www.nfl.com/image/private/f_auto,q_auto/league/sxvgaf3z5h6n9kb9rs5y",2023,REG,TEN,2,0,0,0,0,0,0,0,0,0,0,0,0,,,0,,0,0,0,0,0,0,0,0,0,0,,0,0,0,0,0,0,0,0,0,0,0,0,0,0,,0,0,0,0,0,,0.0,0.0,0.0,0,0,0,2,0,0,0,0.0,0.0,0,0,0,0,0,0,0,0,0,0,0,0,0,0,0,0,0,0,0,0,0,0,0,0,0,0,0,0,,,0,0,0,0,0,0,0,0,0,0,0,0,,,,0,0,0,0,0,0,0,,0,0,0,0,,0,0,,0,0,0,0,0,0,0,0,0,0,0.0,0.0
00-0033662,C.Rush,Cooper Rush,QB,QB,"https://static.www.nfl.com/image/upload/f_auto,q_auto/league/mwrtykpswz7nbfisqlmj",2023,REG,DAL,7,18,24,144,0,1,1,-8,0,0,215,80,7,-5.2399477475692215,6.77560493350029,0,0.6697674418604651,6,2,2,0,12,-5,0,0,0,1,-5.685892370471265,0,0,0,0,0,0,0,0,0,0,0,0,0,0,,0,0,0,0,0,,0.0,0.0,0.0,0,0,0,0,0,0,0,0.0,0.0,0,0,0,0,0,0,0,0,0,0,0,0,0,0,0,0,0,0,0,0,0,0,0,0,0,0,0,0,,,0,0,0,0,0,0,0,0,0,0,0,0,,,,0,0,0,0,0,0,0,,0,0,0,0,,0,0,,0,0,0,0,0,0,0,0,0,0,3.26,3.26
00-0033676,E.Wilkinson,Elijah Wilkinson,OT,OL,"https://static.www.nfl.com/image/upload/f_auto,q_auto/league/vf0jyksmu8odxv2b9ich",2023,REG,ARI,5,0,0,0,0,0,0,0,0,0,0,0,0,,,0,,0,0,0,0,0,0,0,0,0,0,,0,0,0,0,0,0,0,0,0,0,0,0,0,0,,0,0,0,0,0,,0.0,0.0,0.0,0,0,0,0,0,0,0,0.0,0.0,0,0,0,0,0,0,0,0,1,0,0,0,0,5,24,0,0,0,0,0,0,0,0,0,0,0,0,0,,,0,0,0,0,0,0,0,0,0,0,0,0,,,,0,0,0,0,0,0,0,,0,0,0,0,,0,0,,0,0,0,0,0,0,0,0,0,0,0.0,0.0
00-0033697,M.Davis,Michael Davis,CB,DB,"https://static.www.nfl.com/image/upload/f_auto,q_auto/league/bh8fcv8fcihcx1munujm",2023,REG,LAC,13,0,0,0,0,0,0,0,0,0,0,0,0,,,0,,0,0,0,0,0,0,0,0,0,0,,0,0,0,0,0,0,0,0,0,0,0,0,0,0,,0,0,0,0,0,,0.0,0.0,0.0,0,47,5,10,1,1,0,0.0,0.0,0,1,0,10,0,0,0,0,0,0,0,0,0,4,35,0,0,0,0,0,0,0,0,0,0,0,0,0,,,0,0,0,0,0,0,0,0,0,0,0,0,,,,0,0,0,0,0,0,0,,0,0,0,0,,0,0,,0,0,0,0,0,0,0,0,0,0,0.0,0.0
00-0033699,A.Ekeler,Austin Ekeler,RB,RB,"https://static.www.nfl.com/image/upload/f_auto,q_auto/league/sldndpn2zwt4uhkj2zks",2023,REG,LAC,14,0,0,0,0,0,0,0,0,0,0,0,0,,,0,,0,0,0,0,179,628,5,3,2,34,-41.1234789901547,0,7,5,3,1,51,74,436,1,2,2,-82,533,20,-13.322743022098864,0,16,7,5,0,-5.317073170731708,0.12052117263843648,-0.017325163743925627,0.16865414433690679,0,1,0,0,0,0,0,0.0,0.0,0,0,0,0,0,0,0,0,1,-1,0,0,0,0,0,5,0,0,5,4,0,0,0,0,0,0,0,0,,,0,0,0,0,0,0,0,0,0,0,0,0,,,,0,0,0,0,0,0,0,,0,0,0,0,,0,0,,0,0,0,0,0,0,0,0,0,0,134.4,185.4
00-0033702,Y.Koo,Younghoe Koo,K,SPEC,"https://static.www.nfl.com/image/upload/f_auto,q_auto/league/d6k1yzhzj3mikcheisnm",2023,REG,ATL,17,0,0,0,0,0,0,0,0,0,0,0,0,,,0,,0,0,0,0,0,0,0,0,0,0,,0,0,0,0,0,0,0,0,0,0,0,0,0,0,,0,0,0,0,0,,0.0,0.0,0.0,0,0,0,0,0,0,0,0.0,0.0,0,0,0,0,0,0,0,0,0,0,0,0,0,0,0,0,0,0,0,0,0,0,0,0,32,37,5,0,54,0.8648648648648649,0,10,10,9,3,0,0,0,0,2,3,0,49;24;33;39;25;48;24;33;37;47;24;41;51;29;49;39;52;43;23;54;36;39;22;42;20;23;47;41;35;25;38;30,47;50;52;50;42,,1162,241,0,27,28,1,0,0.9642857142857143,2,2,0,0,37;51,0,0,,0,0,0,0,0,0,0,0,0,0,0.0,0.0
00-0033716,C.Munson,Calvin Munson,LB,LB,"https://static.www.nfl.com/image/private/f_auto,q_auto/league/gsavlqgk7u4z9pobxxwo",2023,REG,MIA,2,0,0,0,0,0,0,0,0,0,0,0,0,,,0,,0,0,0,0,0,0,0,0,0,0,,0,0,0,0,0,0,0,0,0,0,0,0,0,0,,0,0,0,0,0,,0.0,0.0,0.0,0,1,1,0,0,0,0,0.0,0.0,0,0,0,0,0,0,0,0,0,0,0,0,0,0,0,0,0,0,0,0,0,0,0,0,0,0,0,0,,,0,0,0,0,0,0,0,0,0,0,0,0,,,,0,0,0,0,0,0,0,,0,0,0,0,,0,0,,0,0,0,0,0,0,0,0,0,0,0.0,0.0
00-0033729,C.Johnston,Cameron Johnston,P,SPEC,"https://static.www.nfl.com/image/upload/f_auto,q_auto/league/ppcxjnntytozgd78mhzz",2023,REG,HOU,13,0,0,0,0,0,0,0,0,0,0,0,0,,,0,,0,0,0,0,1,-23,0,0,0,0,-1.8328700083075091,0,0,0,0,0,0,0,0,0,0,0,0,0,0,,0,0,0,0,0,,0.0,0.0,0.0,0,0,0,0,0,0,0,0.0,0.0,0,0,0,0,0,0,0,0,0,0,0,0,0,0,0,0,0,0,0,0,0,0,0,0,0,0,0,0,,,0,0,0,0,0,0,0,0,0,0,0,0,,,,0,0,0,0,0,0,0,,0,0,0,0,,66,0,74,3145,30,3,9,3,25,26,183,0,2902,-2.3000000000000003,-2.3000000000000003
00-0033752,S.Norton,Storm Norton,OT,OL,"https://static.www.nfl.com/image/upload/f_auto,q_auto/league/mr7jtocgjgjggcgnpuko",2023,REG,ATL,1,0,0,0,0,0,0,0,0,0,0,0,0,,,0,,0,0,0,0,0,0,0,0,0,0,,0,0,0,0,0,0,0,0,0,0,0,0,0,0,,0,0,0,0,0,,0.0,0.0,0.0,0,0,0,0,0,0,0,0.0,0.0,0,0,0,0,0,0,0,0,0,0,0,0,0,1,5,0,0,0,0,0,0,0,0,0,0,0,0,0,,,0,0,0,0,0,0,0,0,0,0,0,0,,,,0,0,0,0,0,0,0,,0,0,0,0,,0,0,,0,0,0,0,0,0,0,0,0,0,0.0,0.0
00-0033757,R.Tonyan,Robert Tonyan,TE,TE,"https://static.www.nfl.com/image/upload/f_auto,q_auto/league/m8h8rzmxq4sjywitqnyb",2023,REG,CHI,12,0,0,0,0,0,0,0,0,0,0,0,0,,,0,,0,0,0,0,0,0,0,0,0,0,,0,0,0,0,0,11,17,112,0,0,0,145,57,6,3.7473523945664056,0,5,1,1,0,0.7724137931034483,0.03563941299790356,0.038410596026490065,0.08034653671539839,0,1,0,1,0,0,0,0.0,0.0,0,0,0,0,0,0,0,0,1,0,0,0,0,0,0,0,0,0,0,0,0,0,0,0,0,0,0,0,,,0,0,0,0,0,0,0,0,0,0,0,0,,,,0,0,0,0,0,0,0,,0,0,0,0,,0,0,,0,0,0,0,0,0,0,0,0,0,11.200000000000001,22.200000000000003
00-0033765,D.Cole,Dylan Cole,LB,LB,"https://static.www.nfl.com/image/private/f_auto,q_auto/league/wgsh2du4mjwkidx86ue5",2023,REG,CHI,5,0,0,0,0,0,0,0,0,0,0,0,0,,,0,,0,0,0,0,0,0,0,0,0,0,,0,0,0,0,0,0,0,0,0,0,0,0,0,0,,0,0,0,0,0,,0.0,0.0,0.0,0,2,0,2,0,0,0,0.0,0.0,0,0,0,0,0,0,0,0,0,0,0,0,0,1,5,0,0,0,0,0,0,0,0,0,0,0,0,0,,,0,0,0,0,0,0,0,0,0,0,0,0,,,,0,0,0,0,0,0,0,,0,0,0,0,,0,0,,0,0,0,0,0,0,0,0,0,0,0.0,0.0
00-0033770,J.Hardee,Justin Hardee,DB,DB,"https://static.www.nfl.com/image/upload/f_auto,q_auto/league/mcsbislogexqzusejqkn",2023,REG,NYJ,6,0,0,0,0,0,0,0,0,0,0,0,0,,,0,,0,0,0,0,0,0,0,0,0,0,,0,0,0,0,0,0,0,0,0,0,0,0,0,0,,0,0,0,0,0,,0.0,0.0,0.0,0,3,0,2,0,0,0,0.0,0.0,0,0,0,0,0,0,0,0,0,0,0,0,0,2,15,0,0,0,0,0,0,0,0,0,0,0,0,0,,,0,0,0,0,0,0,0,0,0,0,0,0,,,,0,0,0,0,0,0,0,,0,0,0,0,,0,0,,0,0,0,0,0,0,0,0,0,0,0.0,0.0
00-0033782,D.Walker,DeMarcus Walker,DE,DL,"https://static.www.nfl.com/image/upload/f_auto,q_auto/league/srytj7u2ver5a0lnanpg",2023,REG,CHI,15,0,0,0,0,0,0,0,0,0,0,0,0,,,0,,0,0,0,0,0,0,0,0,0,0,,0,0,0,0,0,0,0,0,0,0,0,0,0,0,,0,0,0,0,0,,0.0,0.0,0.0,0,14,3,13,7,28,0,3.5,30.0,16,0,0,0,0,0,0,0,0,0,0,0,0,2,10,0,0,0,0,0,0,0,0,0,0,0,0,0,,,0,0,0,0,0,0,0,0,0,0,0,0,,,,0,0,0,0,0,0,0,,0,0,0,0,,0,0,,0,0,0,0,0,0,0,0,0,0,0.0,0.0
00-0033783,A.Witherspoon,Ahkello Witherspoon,CB,DB,"https://static.www.nfl.com/image/upload/f_auto,q_auto/league/ub7code8rbhomboifmob",2023,REG,LA,17,0,0,0,0,0,0,0,0,0,0,0,0,,,0,,0,0,0,0,0,0,0,0,0,0,,0,0,0,0,0,0,0,0,0,0,0,0,0,0,,0,0,0,0,0,,0.0,0.0,0.0,0,41,2,9,3,4,0,0.0,0.0,0,3,17,14,0,0,0,0,0,0,2,0,0,1,6,0,0,0,0,0,0,0,0,0,0,0,0,0,,,0,0,0,0,0,0,0,0,0,0,0,0,,,,0,0,0,0,0,0,0,,0,0,0,0,,0,0,,0,0,0,0,0,0,0,0,0,0,0.0,0.0
00-0033784,E.Jackson,Eddie Jackson,FS,DB,"https://static.www.nfl.com/image/upload/f_auto,q_auto/league/ixwxc8m6qpilrwnuxfff",2023,REG,CHI,11,0,0,0,0,0,0,0,0,0,0,0,0,,,0,,0,0,0,0,0,0,0,0,0,0,,0,0,0,0,0,0,0,0,0,0,0,0,0,0,,0,0,0,0,0,,0.0,0.0,0.0,0,29,3,5,0,0,0,0.0,0.0,0,1,27,5,0,0,0,0,0,0,0,0,0,1,10,0,0,0,0,0,0,0,0,0,0,0,0,0,,,0,0,0,0,0,0,0,0,0,0,0,0,,,,0,0,0,0,0,0,0,,0,0,0,0,,0,0,,0,0,0,0,0,0,0,0,0,0,0.0,0.0
00-0033787,J.Elliott,Jake Elliott,K,SPEC,"https://static.www.nfl.com/image/upload/f_auto,q_auto/league/v35j7b3tofdn0kfskdhj",2023,REG,PHI,17,0,0,0,0,0,0,0,0,0,0,0,0,,,0,,0,0,0,0,0,0,0,0,0,0,,0,0,0,0,0,0,0,0,0,0,0,0,0,0,,0,0,0,0,0,,0.0,0.0,0.0,0,0,0,0,0,0,0,0.0,0.0,0,0,0,0,0,0,0,0,0,0,0,0,0,0,0,0,0,0,0,0,0,0,0,0,30,32,2,0,61,0.9375,0,9,7,7,6,1,0,0,1,0,1,0,32;56;48;51;24;61;36;38;26;41;47;36;54;34;26;26;24;51;59;26;39;52;44;27;28;21;44;43;43;36,55;37,,1173,92,0,45,46,1,0,0.9782608695652174,1,1,0,0,54,0,0,,0,0,0,0,0,0,0,0,0,0,0.0,0.0
00-0033792,R.Ford,Rudy Ford,FS,DB,"https://static.www.nfl.com/image/private/f_auto,q_auto/league/lcxikptlx1eo7hom7hcu",2023,REG,GB,13,0,0,0,0,0,0,0,0,0,0,0,0,,,0,,0,0,0,0,0,0,0,0,0,0,,0,0,0,0,0,0,0,0,0,0,0,0,0,0,,0,0,0,0,0,,0.0,0.0,0.0,0,39,8,24,0,0,0,0.0,0.0,0,2,30,6,0,0,0,0,0,0,1,0,0,3,31,0,0,0,0,0,0,0,0,0,0,0,0,0,,,0,0,0,0,0,0,0,0,0,0,0,0,,,,0,0,0,0,0,0,0,,0,0,0,0,,0,0,,0,0,0,0,0,0,0,0,0,0,0.0,0.0
00-0033793,C.Levin,Corey Levin,G,OL,"https://static.www.nfl.com/image/upload/f_auto,q_auto/league/fdfrozned9wsdhjth5cr",2023,REG,TEN,1,0,0,0,0,0,0,0,0,0,0,0,0,,,0,,0,0,0,0,0,0,0,0,0,0,,0,0,0,0,0,0,0,0,0,0,0,0,0,0,,0,0,0,0,0,,0.0,0.0,0.0,0,0,0,0,0,0,0,0.0,0.0,0,0,0,0,0,0,0,0,0,0,0,0,0,0,0,0,0,0,0,0,0,0,0,0,0,0,0,0,,,0,0,0,0,0,0,0,0,0,0,0,0,,,,0,0,0,0,0,0,0,,0,0,0,0,,0,0,,0,0,0,0,0,0,0,0,0,0,0.0,0.0
00-0033831,A.Wylie,Andrew Wylie,G,OL,"https://static.www.nfl.com/image/upload/f_auto,q_auto/league/ocotasgekygqeq8tmgzh",2023,REG,WAS,5,0,0,0,0,0,0,0,0,0,0,0,0,,,0,,0,0,0,0,0,0,0,0,0,0,,0,0,0,0,0,0,0,0,0,0,0,0,0,0,,0,0,0,0,0,,0.0,0.0,0.0,0,0,0,0,0,0,0,0.0,0.0,0,0,0,0,0,0,0,0,2,0,0,0,0,4,35,0,0,0,0,0,0,0,0,0,0,0,0,0,,,0,0,0,0,0,0,0,0,0,0,0,0,,,,0,0,0,0,0,0,0,,0,0,0,0,,0,0,,0,0,0,0,0,0,0,0,0,0,0.0,0.0
00-0033854,D.Ogunbowale,Dare Ogunbowale,RB,RB,"https://static.www.nfl.com/image/upload/f_auto,q_auto/league/bsm0k0jkytuiej2riudv",2023,REG,HOU,9,0,0,0,0,0,0,0,0,0,0,0,0,,,0,,0,0,0,0,8,35,0,0,0,2,-2.0045381444233454,0,1,1,0,0,2,7,18,0,0,0,31,5,0,-10.043784208130091,0,1,0,0,0,0.5806451612903226,0.012367491166077738,0.005988023952095809,0.022742853515583673,0,5,0,2,0,0,1,0.0,0.0,0,0,0,0,0,0,0,0,1,0,0,0,0,0,0,0,0,0,0,0,0,0,0,0,1,1,0,0,29,1.0,0,1,0,0,0,0,0,0,0,0,0,0,29,,,29,0,0,0,0,0,0,,0,0,0,0,,0,0,,0,0,0,0,0,0,0,0,0,0,5.300000000000001,7.300000000000001
00-0033856,L.Fournette,Leonard Fournette,RB,RB,"https://static.www.nfl.com/image/private/f_auto,q_auto/league/atxppoc7zqcjnbnk0awz",2023,REG,BUF,2,0,0,0,0,0,0,0,0,0,0,0,0,,,0,,0,0,0,0,12,40,0,0,0,2,-1.1225965213379823,0,0,0,0,0,0,0,0,0,0,0,0,0,0,,0,0,0,0,0,,0.0,0.0,0.0,0,0,0,0,0,0,0,0.0,0.0,0,0,0,0,0,0,0,0,0,0,0,0,0,0,0,0,0,0,0,0,0,0,1,17,0,0,0,0,,,0,0,0,0,0,0,0,0,0,0,0,0,,,,0,0,0,0,0,0,0,,0,0,0,0,,0,0,,0,0,0,0,0,0,0,0,0,0,4.0,4.0
00-0033857,J.Smith-Schuster,JuJu Smith-Schuster,WR,WR,"https://static.www.nfl.com/image/upload/f_auto,q_auto/league/fmjrhk2zt9z22uifctv0",2023,REG,NE,11,0,0,0,0,0,0,0,0,0,0,0,0,,,0,,0,0,0,0,0,0,0,0,0,0,,0,0,0,0,0,29,47,260,1,0,0,338,94,13,-10.345766047132201,0,10,4,3,0,0.7692307692307693,0.08687615526802218,0.08251953125,0.1880779047770333,0,2,0,0,0,0,0,0.0,0.0,0,0,0,0,0,0,0,0,1,1,0,0,0,4,30,0,0,0,0,0,0,0,0,0,0,0,0,0,,,0,0,0,0,0,0,0,0,0,0,0,0,,,,0,0,0,0,0,0,0,,0,0,0,0,,0,0,,0,0,0,0,0,0,0,0,0,0,32.0,61.0
00-0033858,J.Smith,Jonnu Smith,TE,TE,"https://static.www.nfl.com/image/upload/f_auto,q_auto/league/egd6llghj3n5wfdrqacw",2023,REG,ATL,17,0,1,0,0,0,0,0,0,0,7,0,0,-0.8618303572875448,-42.98215210437775,0,0.0,0,0,0,0,1,0,0,0,0,0,-0.4215346801793203,0,0,0,0,0,50,70,582,3,1,1,458,357,26,9.006753303375968,0,25,9,4,2,1.2707423580786026,0.1377952755905512,0.10540851553509781,0.28047887426039525,0,3,0,0,0,0,0,0.0,0.0,0,0,0,0,0,0,0,0,0,0,0,0,0,3,20,1,0,0,1,1,0,0,0,0,0,0,0,0,,,0,0,0,0,0,0,0,0,0,0,0,0,,,,0,0,0,0,0,0,0,,0,0,0,0,,0,0,,0,0,0,0,0,0,0,0,0,0,74.2,124.2
00-0033860,D.Godchaux,Davon Godchaux,DT,DL,"https://static.www.nfl.com/image/upload/f_auto,q_auto/league/ggliw5fteiagipksotkk",2023,REG,NE,17,0,0,0,0,0,0,0,0,0,0,0,0,,,0,,0,0,0,0,0,0,0,0,0,0,,0,0,0,0,0,0,0,0,0,0,0,0,0,0,,0,0,0,0,0,,0.0,0.0,0.0,0,16,8,32,1,1,0,0.0,0.0,1,0,0,0,0,0,0,0,0,0,1,0,0,1,5,0,0,0,0,0,0,0,0,0,0,0,0,0,,,0,0,0,0,0,0,0,0,0,0,0,0,,,,0,0,0,0,0,0,0,,0,0,0,0,,0,0,,0,0,0,0,0,0,0,0,0,0,0.0,0.0
00-0033863,D.Skipper,Dan Skipper,OT,OL,"https://static.www.nfl.com/image/upload/f_auto,q_auto/league/umcplds2xhmcs6wijlpw",2023,REG,DET,2,0,0,0,0,0,0,0,0,0,0,0,0,,,0,,0,0,0,0,0,0,0,0,0,0,,0,0,0,0,0,1,1,4,0,0,0,-1,5,0,-0.00892907241359353,0,0,0,0,0,0.0,0.0017421602787456446,-0.0002447381302006853,0.0024419237269779873,0,0,0,0,0,0,0,0.0,0.0,0,0,0,0,0,0,0,0,0,0,0,0,0,1,10,0,0,0,0,0,0,0,0,0,0,0,0,0,,,0,0,0,0,0,0,0,0,0,0,0,0,,,,0,0,0,0,0,0,0,,0,0,0,0,,0,0,,0,0,0,0,0,0,0,0,0,0,0.4,1.4
00-0033868,M.Garrett,Myles Garrett,DE,DL,"https://static.www.nfl.com/image/private/f_auto,q_auto/league/y33rmtjxhgil7cjcftlc",2023,REG,CLE,15,0,0,0,0,0,0,0,0,0,0,0,0,,,0,,0,0,0,0,0,0,0,0,0,0,,0,0,0,0,0,0,0,0,0,0,0,0,0,0,,0,0,0,0,0,,0.0,0.0,0.0,0,26,7,9,15,88,4,14.0,101.5,30,0,0,3,0,0,0,0,0,0,1,1,0,6,30,0,0,0,0,0,0,0,0,0,0,0,0,0,,,0,0,0,0,0,0,0,0,0,0,0,0,,,,0,0,0,0,0,0,0,,0,0,0,0,,0,0,,0,0,0,0,0,0,0,0,0,0,0.0,0.0
00-0033869,M.Trubisky,Mitchell Trubisky,QB,QB,"https://static.www.nfl.com/image/upload/f_auto,q_auto/league/fw9ec0v5pn3sorobytpb",2023,REG,PIT,5,67,107,632,4,5,7,-42,0,0,983,274,36,-18.596531939842507,-2.2353558586193967,1,0.6429298067141404,27,9,7,0,16,54,2,1,1,6,-0.6899640021729283,0,1,1,0,0,0,0,0,0,0,0,0,0,0,,0,0,0,0,0,,0.0,0.0,0.0,0,0,0,0,0,0,0,0.0,0.0,0,0,0,0,0,0,0,0,1,-6,0,0,0,0,0,0,1,0,1,1,0,0,0,0,0,0,0,0,,,0,0,0,0,0,0,0,0,0,0,0,0,,,,0,0,0,0,0,0,0,,0,0,0,0,,0,0,,0,0,0,0,0,0,0,0,0,0,48.68,48.68
00-0033870,S.Thomas,Solomon Thomas,DE,DL,"https://static.www.nfl.com/image/upload/f_auto,q_auto/league/pk5ozcdcbehjnw3txvu8",2023,REG,NYJ,16,0,0,0,0,0,0,0,0,0,0,0,0,,,0,,0,0,0,0,0,0,0,0,0,0,,0,0,0,0,0,0,0,0,0,0,0,0,0,0,,0,0,0,0,0,,0.0,0.0,0.0,0,12,3,16,6,31,0,5.0,33.0,6,0,0,1,0,0,0,0,0,0,0,0,0,3,25,0,0,0,0,0,0,0,0,0,0,0,0,0,,,0,0,0,0,0,0,0,0,0,0,0,0,,,,0,0,0,0,0,0,0,,0,0,0,0,,0,0,,0,0,0,0,0,0,0,0,0,0,0.0,0.0
00-0033872,J.Adams,Jamal Adams,LB,LB,"https://static.www.nfl.com/image/upload/f_auto,q_auto/league/plodzh6kwjvhpo2mf3ie",2023,REG,SEA,9,0,0,0,0,0,0,0,0,0,0,0,0,,,0,,0,0,0,0,0,0,0,0,0,0,,0,0,0,0,0,0,0,0,0,0,0,0,0,0,,0,0,0,0,0,,0.0,0.0,0.0,0,28,6,14,6,14,0,0.0,0.0,2,0,0,2,0,0,0,0,0,0,0,0,0,0,0,0,0,0,0,0,0,0,0,0,0,0,0,0,,,0,0,0,0,0,0,0,0,0,0,0,0,,,,0,0,0,0,0,0,0,,0,0,0,0,,0,0,,0,0,0,0,0,0,0,0,0,0,0.0,0.0
00-0033873,P.Mahomes,Patrick Mahomes,QB,QB,"https://static.www.nfl.com/image/upload/f_auto,q_auto/league/iireqbn32cpg9fn4sfy7",2023,REG,KC,16,401,597,4183,27,14,27,-186,4,3,3873,2555,206,50.961515690338,2.7465315635094014,0,1.0800413116447198,158,76,50,8,75,389,0,1,0,27,13.332186714137126,0,15,11,2,0,0,0,0,0,0,0,0,0,0,,0,0,0,0,0,,0.0,0.0,0.0,0,1,0,0,0,0,0,0.0,0.0,0,0,0,0,0,0,0,0,4,0,0,0,0,2,31,4,1,0,5,3,0,0,0,0,0,0,0,0,,,0,0,0,0,0,0,0,0,0,0,0,0,,,,0,0,0,0,0,0,0,,0,0,0,0,,0,0,,0,0,0,0,0,0,0,0,0,0,280.22,280.22
00-0033874,M.Lattimore,Marshon Lattimore,CB,DB,"https://static.www.nfl.com/image/upload/f_auto,q_auto/league/z4npwlwl5teozc1lp8ky",2023,REG,NO,10,0,0,0,0,0,0,0,0,0,0,0,0,,,0,,0,0,0,0,0,0,0,0,0,0,,0,0,0,0,0,0,0,0,0,0,0,0,0,0,,0,0,0,0,0,,0.0,0.0,0.0,0,34,5,9,1,1,0,0.0,0.0,0,1,0,8,0,0,0,0,0,0,0,0,0,4,65,0,0,0,0,0,0,0,0,0,0,0,0,0,,,0,0,0,0,0,0,0,0,0,0,0,0,,,,0,0,0,0,0,0,0,,0,0,0,0,,0,0,,0,0,0,0,0,0,0,0,0,0,0.0,0.0
00-0033875,H.Reddick,Haason Reddick,OLB,LB,"https://static.www.nfl.com/image/upload/f_auto,q_auto/league/to1hxe921e7wc8rarebt",2023,REG,PHI,15,0,0,0,0,0,0,0,0,0,0,0,0,,,0,,0,0,0,0,0,0,0,0,0,0,,0,0,0,0,0,0,0,0,0,0,0,0,0,0,,0,0,0,0,0,,0.0,0.0,0.0,0,28,1,9,13,83,1,11.0,80.0,23,0,0,1,0,0,0,0,0,0,0,0,0,2,30,0,0,0,0,0,0,0,0,0,0,0,0,0,,,0,0,0,0,0,0,0,0,0,0,0,0,,,,0,0,0,0,0,0,0,,0,0,0,0,,0,0,,0,0,0,0,0,0,0,0,0,0,0.0,0.0
00-0033876,D.Barnett,Derek Barnett,DE,DL,"https://static.www.nfl.com/image/upload/f_auto,q_auto/league/eh9ienpeakbbr9mw4vlm",2023,REG,HOU,7,0,0,0,0,0,0,0,0,0,0,0,0,,,0,,0,0,0,0,0,0,0,0,0,0,,0,0,0,0,0,0,0,0,0,0,0,0,0,0,,0,0,0,0,0,,0.0,0.0,0.0,0,9,3,10,7,23,0,2.5,18.0,11,0,0,1,0,0,0,0,0,0,0,0,0,0,0,0,0,0,0,0,0,0,0,0,0,0,0,0,,,0,0,0,0,0,0,0,0,0,0,0,0,,,,0,0,0,0,0,0,0,,0,0,0,0,,0,0,,0,0,0,0,0,0,0,0,0,0,0.0,0.0
00-0033877,M.Hooker,Malik Hooker,FS,DB,"https://static.www.nfl.com/image/upload/f_auto,q_auto/league/juvd0vtnne04b8fbqaf6",2023,REG,DAL,14,0,0,0,0,0,0,0,0,0,0,0,0,,,0,,0,0,0,0,0,0,0,0,0,0,,0,0,0,0,0,0,0,0,0,0,0,0,0,0,,0,0,0,0,0,,0.0,0.0,0.0,0,24,3,23,1,2,1,0.0,0.0,0,1,0,3,0,0,0,0,0,0,1,0,0,0,0,0,0,0,0,0,0,0,0,0,0,0,0,0,,,0,0,0,0,0,0,0,0,0,0,0,0,,,,0,0,0,0,0,0,0,,0,0,0,0,,0,0,,0,0,0,0,0,0,0,0,0,0,0.0,0.0
00-0033878,A.Jackson,Adoree' Jackson,CB,DB,"https://static.www.nfl.com/image/upload/f_auto,q_auto/league/jtskiyzkosuajjatls72",2023,REG,NYG,14,0,0,0,0,0,0,0,0,0,0,0,0,,,0,,0,0,0,0,0,0,0,0,0,0,,0,0,0,0,0,0,0,0,0,0,0,0,0,0,,0,0,0,0,0,,0.0,0.0,0.0,0,43,6,14,0,0,1,0.0,0.0,0,1,76,8,1,0,0,0,0,0,0,0,0,3,40,0,0,0,0,0,0,0,0,0,0,0,0,0,,,0,0,0,0,0,0,0,0,0,0,0,0,,,,0,0,0,0,0,0,0,,0,0,0,0,,0,0,,0,0,0,0,0,0,0,0,0,0,0.0,0.0
00-0033880,C.Harris,Charles Harris,LB,LB,"https://static.www.nfl.com/image/upload/f_auto,q_auto/league/xssxsqkbd4osqsrbtxr5",2023,REG,DET,8,0,0,0,0,0,0,0,0,0,0,0,0,,,0,,0,0,0,0,0,0,0,0,0,0,,0,0,0,0,0,0,0,0,0,0,0,0,0,0,,0,0,0,0,0,,0.0,0.0,0.0,0,9,1,3,1,7,0,1.5,12.5,5,0,0,0,0,0,0,0,0,0,0,0,0,1,15,0,0,0,0,0,0,0,0,0,0,0,0,0,,,0,0,0,0,0,0,0,0,0,0,0,0,,,,0,0,0,0,0,0,0,,0,0,0,0,,0,0,,0,0,0,0,0,0,0,0,0,0,0.0,0.0
00-0033881,E.Engram,Evan Engram,TE,TE,"https://static.www.nfl.com/image/upload/f_auto,q_auto/league/vsrjso6phkjqki88qw9y",2023,REG,JAX,17,0,0,0,0,0,0,0,0,0,0,0,0,,,0,,0,0,0,0,0,0,0,0,0,0,,0,0,0,0,0,114,143,963,4,3,2,716,516,47,10.245342287670526,0,40,13,9,0,1.344972067039106,0.2355848434925865,0.14374623569564343,0.4539996302258301,0,3,0,0,0,0,0,0.0,0.0,0,0,0,0,0,0,0,0,1,0,0,0,0,3,25,3,0,0,3,2,0,0,0,0,0,0,0,0,,,0,0,0,0,0,0,0,0,0,0,0,0,,,,0,0,0,0,0,0,0,,0,0,0,0,,0,0,,0,0,0,0,0,0,0,0,0,0,116.30000000000001,230.3
00-0033883,J.Peppers,Jabrill Peppers,FS,DB,"https://static.www.nfl.com/image/upload/f_auto,q_auto/league/ibsp6bicwpzoghc9mofe",2023,REG,NE,15,0,0,0,0,0,0,0,0,0,0,0,0,,,0,,0,0,0,0,0,0,0,0,0,0,,0,0,0,0,0,0,0,0,0,0,0,0,0,0,,0,0,0,0,0,,0.0,0.0,0.0,0,49,3,26,5,13,1,1.0,7.0,2,2,33,8,0,1,0,0,0,0,1,0,0,2,25,0,1,1,1,0,4,26,0,0,0,0,0,0,,,0,0,0,0,0,0,0,0,0,0,0,0,,,,0,0,0,0,0,0,0,,0,0,0,0,,0,0,,0,0,0,0,0,0,0,0,0,0,0.0,0.0
00-0033884,T.White,Tre'Davious White,CB,DB,"https://static.www.nfl.com/image/upload/f_auto,q_auto/league/uxwbh1qimnyieywlu6ic",2023,REG,BUF,4,0,0,0,0,0,0,0,0,0,0,0,0,,,0,,0,0,0,0,0,0,0,0,0,0,,0,0,0,0,0,0,0,0,0,0,0,0,0,0,,0,0,0,0,0,,0.0,0.0,0.0,0,8,2,2,1,2,0,0.0,0.0,1,1,2,2,0,0,0,0,0,0,0,0,0,1,5,0,0,0,0,0,0,0,0,0,0,0,0,0,,,0,0,0,0,0,0,0,0,0,0,0,0,,,,0,0,0,0,0,0,0,,0,0,0,0,,0,0,,0,0,0,0,0,0,0,0,0,0,0.0,0.0
00-0033885,D.Njoku,David Njoku,TE,TE,"https://static.www.nfl.com/image/upload/f_auto,q_auto/league/gdwtgcfz3mxj6codxdpn",2023,REG,CLE,16,0,0,0,0,0,0,0,0,0,0,0,0,,,0,,0,0,0,0,0,0,0,0,0,0,,0,0,0,0,0,81,123,882,6,2,2,566,599,35,-11.441595228930556,0,29,17,12,2,1.558303886925795,0.20603015075376885,0.10681260615210417,0.3838140504371262,0,2,0,0,0,0,0,0.0,0.0,0,0,0,0,0,0,0,0,0,0,0,0,0,1,5,2,0,0,2,2,0,0,0,0,0,0,0,0,,,0,0,0,0,0,0,0,0,0,0,0,0,,,,0,0,0,0,0,0,0,,0,0,0,0,,0,0,,0,0,0,0,0,0,0,0,0,0,120.2,201.2
00-0033886,T.Watt,T.J. Watt,OLB,LB,"https://static.www.nfl.com/image/upload/f_auto,q_auto/league/aywegy4gpj1d32vrl67u",2023,REG,PIT,17,0,0,0,0,0,0,0,0,0,0,0,0,,,0,,0,0,0,0,0,0,0,0,0,0,,0,0,0,0,0,0,0,0,0,0,0,0,0,0,,0,0,0,0,0,,0.0,0.0,0.0,0,38,9,20,19,103,4,19.0,122.0,36,1,24,8,0,0,0,0,0,0,3,34,1,4,50,0,0,0,0,0,0,0,0,0,0,0,0,0,,,0,0,0,0,0,0,0,0,0,0,0,0,,,,0,0,0,0,0,0,0,,0,0,0,0,,0,0,,0,0,0,0,0,0,0,0,0,0,0.0,0.0
00-0033888,R.Ramczyk,Ryan Ramczyk,OT,OL,"https://static.www.nfl.com/image/private/f_auto,q_auto/league/oauaar0dbefdcwjksxde",2023,REG,NO,2,0,0,0,0,0,0,0,0,0,0,0,0,,,0,,0,0,0,0,0,0,0,0,0,0,,0,0,0,0,0,0,0,0,0,0,0,0,0,0,,0,0,0,0,0,,0.0,0.0,0.0,0,0,0,0,0,0,0,0.0,0.0,0,0,0,0,0,0,0,0,0,0,0,0,0,3,25,0,0,0,0,0,0,0,0,0,0,0,0,0,,,0,0,0,0,0,0,0,0,0,0,0,0,,,,0,0,0,0,0,0,0,,0,0,0,0,,0,0,,0,0,0,0,0,0,0,0,0,0,0.0,0.0
00-0033889,C.Robinson,Cam Robinson,OT,OL,"https://static.www.nfl.com/image/upload/f_auto,q_auto/league/lqgjpx9ttpdhpbvswdly",2023,REG,JAX,2,0,0,0,0,0,0,0,0,0,0,0,0,,,0,,0,0,0,0,0,0,0,0,0,0,,0,0,0,0,0,0,0,0,0,0,0,0,0,0,,0,0,0,0,0,,0.0,0.0,0.0,0,0,0,0,0,0,0,0.0,0.0,0,0,0,0,0,0,0,0,0,0,0,0,0,2,8,0,0,0,0,0,0,0,0,0,0,0,0,0,,,0,0,0,0,0,0,0,0,0,0,0,0,,,,0,0,0,0,0,0,0,,0,0,0,0,,0,0,,0,0,0,0,0,0,0,0,0,0,0.0,0.0
00-0033890,B.Baker,Budda Baker,S,DB,"https://static.www.nfl.com/image/upload/f_auto,q_auto/league/ja3tkctpkfcschgpowoe",2023,REG,ARI,12,0,0,0,0,0,0,0,0,0,0,0,0,,,0,,0,0,0,0,0,0,0,0,0,0,,0,0,0,0,0,0,0,0,0,0,0,0,0,0,,0,0,0,0,0,,0.0,0.0,0.0,0,47,11,29,5,18,0,0.0,0.0,0,0,0,0,0,0,0,0,0,0,0,0,0,0,0,0,0,0,0,0,0,0,0,0,0,0,0,0,,,0,0,0,0,0,0,0,0,0,0,0,0,,,,0,0,0,0,0,0,0,,0,0,0,0,,0,0,,0,0,0,0,0,0,0,0,0,0,0.0,0.0
00-0033891,Z.Jones,Zay Jones,WR,WR,"https://static.www.nfl.com/image/upload/f_auto,q_auto/league/qihjjzfk0vwzoyrzztkq",2023,REG,JAX,9,0,0,0,0,0,0,0,0,0,0,0,0,,,0,,0,0,0,0,0,0,0,0,0,0,,0,0,0,0,0,34,64,321,2,0,0,871,51,14,-4.416608735239675,0,12,5,3,0,0.3685419058553387,0.10543657331136738,0.17486448504316401,0.2805599994972659,0,2,0,0,0,0,0,0.0,0.0,0,0,0,0,0,0,0,0,0,0,0,0,0,0,0,0,0,0,0,0,0,0,0,0,0,0,0,0,,,0,0,0,0,0,0,0,0,0,0,0,0,,,,0,0,0,0,0,0,0,,0,0,0,0,,0,0,,0,0,0,0,0,0,0,0,0,0,44.1,78.1
00-0033892,M.Maye,Marcus Maye,FS,DB,"https://static.www.nfl.com/image/upload/f_auto,q_auto/league/jkqmwuujqfh8kir8wzdq",2023,REG,NO,7,0,0,0,0,0,0,0,0,0,0,0,0,,,0,,0,0,0,0,0,0,0,0,0,0,,0,0,0,0,0,0,0,0,0,0,0,0,0,0,,0,0,0,0,0,,0.0,0.0,0.0,0,23,4,10,2,2,0,1.0,0.0,0,2,5,2,0,0,0,0,0,0,0,0,0,1,5,0,0,0,0,0,0,0,0,0,0,0,0,0,,,0,0,0,0,0,0,0,0,0,0,0,0,,,,0,0,0,0,0,0,0,,0,0,0,0,,0,0,,0,0,0,0,0,0,0,0,0,0,0.0,0.0
00-0033893,D.Cook,Dalvin Cook,RB,RB,"https://static.www.nfl.com/image/upload/f_auto,q_auto/league/uurolop9ktcloxqh4fid",2023,REG,NYJ,14,0,0,0,0,0,0,0,0,0,0,0,0,,,0,,0,0,0,0,67,214,0,2,2,10,-24.862718149961438,0,4,1,0,0,15,20,78,0,0,0,-23,106,3,-2.2741327221738175,0,3,0,0,0,-3.391304347826087,0.035523978685612786,-0.00575,0.04926096802841918,0,0,0,0,0,0,0,0.0,0.0,0,0,0,0,0,0,0,0,0,0,0,0,0,0,0,2,0,0,2,2,0,0,0,0,0,0,0,0,,,0,0,0,0,0,0,0,0,0,0,0,0,,,,0,0,0,0,0,0,0,,0,0,0,0,,0,0,,0,0,0,0,0,0,0,0,0,0,25.200000000000003,40.2
00-0033894,M.Williams,Marcus Williams,FS,DB,"https://static.www.nfl.com/image/upload/f_auto,q_auto/league/niqp2dje7qvlegxtsttn",2023,REG,BAL,11,0,0,0,0,0,0,0,0,0,0,0,0,,,0,,0,0,0,0,0,0,0,0,0,0,,0,0,0,0,0,0,0,0,0,0,0,0,0,0,,0,0,0,0,0,,0.0,0.0,0.0,0,28,7,20,1,1,0,0.0,0.0,0,1,22,8,0,0,0,0,0,0,0,0,0,2,37,0,0,0,0,0,0,0,0,0,0,0,0,0,,,0,0,0,0,0,0,0,0,0,0,0,0,,,,0,0,0,0,0,0,0,,0,0,0,0,,0,0,,0,0,0,0,0,0,0,0,0,0,0.0,0.0
00-0033895,G.Everett,Gerald Everett,TE,TE,"https://static.www.nfl.com/image/upload/f_auto,q_auto/league/aayw74rhaupmfnnikzak",2023,REG,LAC,15,0,0,0,0,0,0,0,0,0,0,0,0,,,0,,0,0,0,0,3,10,0,0,0,0,-0.7361745203379542,0,0,0,0,0,51,70,411,3,3,0,282,275,25,7.632986672921106,0,16,5,4,0,1.4574468085106382,0.11400651465798045,0.0595816606803296,0.2127169344632014,0,0,0,0,0,0,0,0.0,0.0,0,0,0,0,0,0,0,0,0,0,0,0,0,0,0,3,0,1,3,0,0,0,0,0,0,0,0,0,,,0,0,0,0,0,0,0,0,0,0,0,0,,,,0,0,0,0,0,0,0,,0,0,0,0,,0,0,,0,0,0,0,0,0,0,0,0,0,60.1,111.1
00-0033897,J.Mixon,Joe Mixon,RB,RB,"https://static.www.nfl.com/image/upload/f_auto,q_auto/league/gwyhozfhjgedwdmmjjcf",2023,REG,CIN,17,0,0,0,0,0,0,0,0,0,0,0,0,,,0,,0,0,0,0,257,1034,9,0,0,59,-18.04731191544719,0,27,20,3,1,52,64,376,3,0,0,-114,463,14,3.3514562656331286,1,10,4,4,1,-3.2982456140350878,0.10810810810810811,-0.029396596183599792,0.14158454483364233,0,0,0,0,0,0,0,0.0,0.0,0,0,0,0,0,0,0,0,0,0,0,0,0,1,5,0,0,0,0,0,0,0,0,0,0,0,0,0,,,0,0,0,0,0,0,0,0,0,0,0,0,,,,0,0,0,0,0,0,0,,0,0,0,0,,0,0,,0,0,0,0,0,0,0,0,0,0,215.0,267.0
00-0033898,J.Evans,Justin Evans,S,DB,"https://static.www.nfl.com/image/private/f_auto,q_auto/league/yvwsol3k2i8tj09emubw",2023,REG,PHI,4,0,0,0,0,0,0,0,0,0,0,0,0,,,0,,0,0,0,0,0,0,0,0,0,0,,0,0,0,0,0,0,0,0,0,0,0,0,0,0,,0,0,0,0,0,,0.0,0.0,0.0,0,9,0,6,0,0,1,0.0,0.0,0,0,0,2,0,0,0,0,0,0,1,0,0,0,0,0,0,0,0,0,0,0,0,0,0,0,0,0,,,0,0,0,0,0,0,0,0,0,0,0,0,,,,0,0,0,0,0,0,0,,0,0,0,0,,0,0,,0,0,0,0,0,0,0,0,0,0,0.0,0.0
00-0033901,E.Pocic,Ethan Pocic,C,OL,"https://static.www.nfl.com/image/upload/f_auto,q_auto/league/yl6ylttfhl37pjf4iqxi",2023,REG,CLE,5,0,0,0,0,0,0,0,0,0,0,0,0,,,0,,0,0,0,0,0,0,0,0,0,0,,0,0,0,0,0,0,0,0,0,0,0,0,0,0,,0,0,0,0,0,,0.0,0.0,0.0,0,0,0,0,0,0,0,0.0,0.0,0,0,0,0,0,0,0,0,0,0,0,0,0,5,33,0,0,0,0,0,0,0,0,0,0,0,0,0,,,0,0,0,0,0,0,0,0,0,0,0,0,,,,0,0,0,0,0,0,0,,0,0,0,0,,0,0,,0,0,0,0,0,0,0,0,0,0,0.0,0.0
00-0033902,T.Kpassagnon,Tanoh Kpassagnon,DE,DL,"https://static.www.nfl.com/image/private/f_auto,q_auto/league/ilr1bs7qesfq7fryeetc",2023,REG,NO,11,0,0,0,0,0,0,0,0,0,0,0,0,,,0,,0,0,0,0,0,0,0,0,0,0,,0,0,0,0,0,0,0,0,0,0,0,0,0,0,,0,0,0,0,0,,0.0,0.0,0.0,0,10,2,7,4,21,0,3.5,24.0,9,0,0,2,0,0,0,0,0,0,0,0,0,0,0,0,0,0,0,0,0,0,0,0,0,0,0,0,,,0,0,0,0,0,0,0,0,0,0,0,0,,,,0,0,0,0,0,0,0,,0,0,0,0,,0,0,,0,0,0,0,0,0,0,0,0,0,0.0,0.0
00-0033904,D.Dawkins,Dion Dawkins,OT,OL,"https://static.www.nfl.com/image/upload/f_auto,q_auto/league/wuczkzxwxypvr9ssis5h",2023,REG,BUF,5,0,0,0,0,0,0,0,0,0,0,0,0,,,0,,0,0,0,0,0,0,0,0,0,0,,0,0,0,0,0,0,0,0,0,0,0,0,0,0,,0,0,0,0,0,,0.0,0.0,0.0,0,0,0,0,0,0,0,0.0,0.0,0,0,0,0,0,0,0,0,0,0,0,0,0,6,60,0,0,0,0,0,0,0,0,0,0,0,0,0,,,0,0,0,0,0,0,0,0,0,0,0,0,,,,0,0,0,0,0,0,0,,0,0,0,0,,0,0,,0,0,0,0,0,0,0,0,0,0,0.0,0.0
00-0033905,L.Ogunjobi,Larry Ogunjobi,DT,DL,"https://static.www.nfl.com/image/upload/f_auto,q_auto/league/gt0gj15hsswookg40d39",2023,REG,PIT,17,0,0,0,0,0,0,0,0,0,0,0,0,,,0,,0,0,0,0,0,0,0,0,0,0,,0,0,0,0,0,0,0,0,0,0,0,0,0,0,,0,0,0,0,0,,0.0,0.0,0.0,0,14,7,22,3,16,1,3.0,16.0,8,0,0,2,0,0,0,0,0,0,2,0,0,1,5,0,0,0,0,0,0,0,0,0,0,0,0,0,,,0,0,0,0,0,0,0,0,0,0,0,0,,,,0,0,0,0,0,0,0,,0,0,0,0,,0,0,,0,0,0,0,0,0,0,0,0,0,0.0,0.0
00-0033906,A.Kamara,Alvin Kamara,RB,RB,"https://static.www.nfl.com/image/upload/f_auto,q_auto/league/uay6uo9lonegelngihki",2023,REG,NO,13,0,0,0,0,0,0,0,0,0,0,0,0,,,0,,0,0,0,0,180,694,5,0,0,42,-1.0390200827093796,2,15,10,0,0,75,86,466,1,0,0,5,501,23,3.3512401151106292,1,17,8,3,0,93.2,0.14853195164075994,0.000996810207336523,0.22349569460627547,0,0,0,1,0,0,0,0.0,0.0,0,0,0,0,0,0,0,0,0,0,0,0,0,0,0,0,0,0,0,0,0,0,0,0,0,0,0,0,,,0,0,0,0,0,0,0,0,0,0,0,0,,,,0,0,0,0,0,0,0,,0,0,0,0,,0,0,,0,0,0,0,0,0,0,0,0,0,158.0,233.0
00-0033907,D.Smoot,Dawuane Smoot,DE,DL,"https://static.www.nfl.com/image/upload/f_auto,q_auto/league/gmwsx9fddqfaqsm6dx0a",2023,REG,JAX,8,0,0,0,0,0,0,0,0,0,0,0,0,,,0,,0,0,0,0,0,0,0,0,0,0,,0,0,0,0,0,0,0,0,0,0,0,0,0,0,,0,0,0,0,0,,0.0,0.0,0.0,0,6,2,2,0,0,1,1.0,6.0,4,0,0,0,0,0,0,0,0,0,0,0,0,0,0,0,0,0,0,0,0,0,0,0,0,0,0,0,,,0,0,0,0,0,0,0,0,0,0,0,0,,,,0,0,0,0,0,0,0,,0,0,0,0,,0,0,,0,0,0,0,0,0,0,0,0,0,0.0,0.0
00-0033908,C.Kupp,Cooper Kupp,WR,WR,"https://static.www.nfl.com/image/upload/f_auto,q_auto/league/lpaxi9rsedlg9sdr5quw",2023,REG,LA,12,0,0,0,0,0,0,0,0,0,0,0,0,,,0,,0,0,0,0,1,-3,0,0,0,0,-0.9448826210573316,0,0,0,0,0,59,95,737,5,0,0,781,322,33,9.771191192790091,1,24,13,10,2,0.9436619718309859,0.17117117117117117,0.17328599955624585,0.3780569564461288,0,1,0,1,0,0,0,0.0,0.0,0,0,0,0,0,0,0,0,1,0,0,0,0,2,15,0,0,0,0,0,0,0,0,0,0,0,0,0,,,0,0,0,0,0,0,0,0,0,0,0,0,,,,0,0,0,0,0,0,0,,0,0,0,0,,0,0,,0,0,0,0,0,0,0,0,0,0,105.4,164.4
00-0033910,D.Feeney,Dan Feeney,G,OL,"https://static.www.nfl.com/image/upload/f_auto,q_auto/league/uekvg3imrdcjlstbqgbz",2023,REG,CHI,1,0,0,0,0,0,0,0,0,0,0,0,0,,,0,,0,0,0,0,0,0,0,0,0,0,,0,0,0,0,0,0,0,0,0,0,0,0,0,0,,0,0,0,0,0,,0.0,0.0,0.0,0,0,0,0,0,0,0,0.0,0.0,0,0,0,0,0,0,0,0,0,0,0,0,0,1,10,0,0,0,0,0,0,0,0,0,0,0,0,0,,,0,0,0,0,0,0,0,0,0,0,0,0,,,,0,0,0,0,0,0,0,,0,0,0,0,,0,0,,0,0,0,0,0,0,0,0,0,0,0.0,0.0
00-0033913,C.Wormley,Chris Wormley,NT,DL,"https://static.www.nfl.com/image/upload/f_auto,q_auto/league/qqmbvbpitcgchhjcptve",2023,REG,CAR,2,0,0,0,0,0,0,0,0,0,0,0,0,,,0,,0,0,0,0,0,0,0,0,0,0,,0,0,0,0,0,0,0,0,0,0,0,0,0,0,,0,0,0,0,0,,0.0,0.0,0.0,0,1,0,3,0,0,0,0.0,0.0,0,0,0,0,0,0,0,0,0,0,0,0,0,0,0,0,0,0,0,0,0,0,0,0,0,0,0,0,,,0,0,0,0,0,0,0,0,0,0,0,0,,,,0,0,0,0,0,0,0,,0,0,0,0,,0,0,,0,0,0,0,0,0,0,0,0,0,0.0,0.0
00-0033914,A.Anzalone,Alex Anzalone,MLB,LB,"https://static.www.nfl.com/image/upload/f_auto,q_auto/league/gbqizpfxe7nsijlw4gwv",2023,REG,DET,16,0,0,0,0,0,0,0,0,0,0,0,0,,,0,,0,0,0,0,0,0,0,0,0,0,,0,0,0,0,0,0,0,0,0,0,0,0,0,0,,0,0,0,0,0,,0.0,0.0,0.0,0,71,14,44,5,35,0,3.0,32.0,12,0,0,6,0,0,0,0,0,0,1,0,0,5,85,0,0,0,0,0,0,0,0,0,0,0,0,0,,,0,0,0,0,0,0,0,0,0,0,0,0,,,,0,0,0,0,0,0,0,,0,0,0,0,,0,0,,0,0,0,0,0,0,0,0,0,0,0.0,0.0
00-0033918,F.Moreau,Fabian Moreau,CB,DB,"https://static.www.nfl.com/image/upload/f_auto,q_auto/league/osj1pbe8mj5f7h47l2op",2023,REG,DEN,12,0,0,0,0,0,0,0,0,0,0,0,0,,,0,,0,0,0,0,0,0,0,0,0,0,,0,0,0,0,0,0,0,0,0,0,0,0,0,0,,0,0,0,0,0,,0.0,0.0,0.0,0,30,3,13,1,1,0,0.0,0.0,0,1,9,7,0,0,0,0,0,0,0,0,0,5,34,0,0,0,0,0,0,0,0,0,0,0,0,0,,,0,0,0,0,0,0,0,0,0,0,0,0,,,,0,0,0,0,0,0,0,,0,0,0,0,,0,0,,0,0,0,0,0,0,0,0,0,0,0.0,0.0
00-0033921,C.Godwin,Chris Godwin Jr.,WR,WR,"https://static.www.nfl.com/image/upload/f_auto,q_auto/league/ilkheljdx4hbjpisulke",2023,REG,TB,17,0,1,0,0,0,0,0,0,0,18,0,0,-0.7111730779288337,-55.31641244888306,0,0.0,0,0,0,0,4,38,1,0,0,3,3.3153676909860224,0,2,2,0,0,83,130,1024,2,0,0,1180,376,53,45.05491259225147,1,43,23,14,2,0.8677966101694915,0.23636363636363636,0.24254881808838644,0.524329627207325,0,1,0,1,0,0,0,0.0,0.0,0,0,0,0,0,0,0,0,0,0,0,0,0,0,0,0,0,0,0,0,0,0,0,0,0,0,0,0,,,0,0,0,0,0,0,0,0,0,0,0,0,,,,0,0,0,0,0,0,0,,0,0,0,0,,0,0,,0,0,0,0,0,0,0,0,0,0,126.2,209.2
00-0033923,K.Hunt,Kareem Hunt,RB,RB,"https://static.www.nfl.com/image/upload/f_auto,q_auto/league/hktvzf8hiupoycyg1kmc",2023,REG,CLE,15,0,0,0,0,0,0,0,0,0,0,0,0,,,0,,0,0,0,0,135,411,9,0,0,38,-4.943675237866472,0,5,3,0,0,15,21,84,0,0,0,-6,98,5,-2.7660895040025935,0,4,0,0,0,-14.0,0.035175879396984924,-0.0011322891111530478,0.05197121671767025,0,0,0,0,0,0,0,0.0,0.0,0,0,0,0,0,0,0,0,1,0,0,0,0,0,0,0,0,0,0,0,0,0,0,0,0,0,0,0,,,0,0,0,0,0,0,0,0,0,0,0,0,,,,0,0,0,0,0,0,0,,0,0,0,0,,0,0,,0,0,0,0,0,0,0,0,0,0,103.5,118.5
00-0033925,D.Foreman,D'Onta Foreman,RB,RB,"https://static.www.nfl.com/image/upload/f_auto,q_auto/league/shlxaet74pmn8arznphw",2023,REG,CHI,9,0,0,0,0,0,0,0,0,0,0,0,0,,,0,,0,0,0,0,109,425,4,1,0,24,-4.143150425195927,0,12,8,1,0,11,16,77,1,0,0,21,65,6,1.204451046185568,0,3,2,0,0,3.6666666666666665,0.033542976939203356,0.005562913907284768,0.05420850514390437,0,0,0,0,0,0,0,0.0,0.0,0,0,0,0,0,0,0,0,0,0,0,0,0,1,5,1,0,0,1,0,0,0,0,0,0,0,0,0,,,0,0,0,0,0,0,0,0,0,0,0,0,,,,0,0,0,0,0,0,0,,0,0,0,0,,0,0,,0,0,0,0,0,0,0,0,0,0,80.2,91.2
00-0033926,S.Griffin,Shaquill Griffin,CB,DB,"https://static.www.nfl.com/image/upload/f_auto,q_auto/league/jybewrw2vsf17rxds4tv",2023,REG,CAR,9,0,0,0,0,0,0,0,0,0,0,0,0,,,0,,0,0,0,0,0,0,0,0,0,0,,0,0,0,0,0,0,0,0,0,0,0,0,0,0,,0,0,0,0,0,,0.0,0.0,0.0,0,26,3,10,0,0,0,0.0,0.0,0,1,0,5,0,0,0,0,0,0,0,0,0,5,81,0,0,0,0,0,0,0,0,0,0,0,0,0,,,0,0,0,0,0,0,0,0,0,0,0,0,,,,0,0,0,0,0,0,0,,0,0,0,0,,0,0,,0,0,0,0,0,0,0,0,0,0,0.0,0.0
00-0033927,J.Johnson,John Johnson,DB,DB,"https://static.www.nfl.com/image/private/f_auto,q_auto/league/herqvjadd4i3jbhwszqt",2023,REG,LA,11,0,0,0,0,0,0,0,0,0,0,0,0,,,0,,0,0,0,0,0,0,0,0,0,0,,0,0,0,0,0,0,0,0,0,0,0,0,0,0,,0,0,0,0,0,,0.0,0.0,0.0,0,24,0,18,0,0,0,0.0,0.0,0,2,44,6,0,0,0,0,0,0,0,0,0,0,0,0,0,0,0,0,0,0,0,0,0,0,0,0,,,0,0,0,0,0,0,0,0,0,0,0,0,,,,0,0,0,0,0,0,0,,0,0,0,0,,0,0,,0,0,0,0,0,0,0,0,0,0,0.0,0.0
00-0033928,J.Lewis,Jourdan Lewis,CB,DB,"https://static.www.nfl.com/image/upload/f_auto,q_auto/league/tba0nqjehzlrgwtvlvvf",2023,REG,DAL,15,0,0,0,0,0,0,0,0,0,0,0,0,,,0,,0,0,0,0,0,0,0,0,0,0,,0,0,0,0,0,0,0,0,0,0,0,0,0,0,,0,0,0,0,0,,0.0,0.0,0.0,0,33,3,16,2,4,3,0.0,0.0,0,1,0,5,0,0,0,0,0,0,2,0,0,2,10,0,0,0,0,0,0,0,0,0,0,0,0,0,,,0,0,0,0,0,0,0,0,0,0,0,0,,,,0,0,0,0,0,0,0,,0,0,0,0,,0,0,,0,0,0,0,0,0,0,0,0,0,0.0,0.0
00-0033929,M.Adams,Montravius Adams,DT,DL,"https://static.www.nfl.com/image/upload/f_auto,q_auto/league/weqjlnkvdzbk0usa3v7i",2023,REG,PIT,10,0,0,0,0,0,0,0,0,0,0,0,0,,,0,,0,0,0,0,0,0,0,0,0,0,,0,0,0,0,0,0,0,0,0,0,0,0,0,0,,0,0,0,0,0,,0.0,0.0,0.0,0,6,5,13,2,4,1,0.0,0.0,0,0,0,1,0,0,0,0,0,0,0,0,0,0,0,0,0,0,0,0,0,0,0,0,0,0,0,0,,,0,0,0,0,0,0,0,0,0,0,0,0,,,,0,0,0,0,0,0,0,,0,0,0,0,,0,0,,0,0,0,0,0,0,0,0,0,0,0.0,0.0
00-0033930,C.Sutton,Cameron Sutton,CB,DB,"https://static.www.nfl.com/image/upload/f_auto,q_auto/league/rykly25j9mir0ygcnrs6",2023,REG,DET,17,0,0,0,0,0,0,0,0,0,0,0,0,,,0,,0,0,0,0,0,0,0,0,0,0,,0,0,0,0,0,0,0,0,0,0,0,0,0,0,,0,0,0,0,0,,0.0,0.0,0.0,0,46,4,15,4,8,1,0.0,0.0,0,1,23,6,0,0,0,0,0,0,0,0,0,5,65,0,0,0,0,0,0,0,0,0,0,0,0,0,,,0,0,0,0,0,0,0,0,0,0,0,0,,,,0,0,0,0,0,0,0,,0,0,0,0,,0,0,,0,0,0,0,0,0,0,0,0,0,0.0,0.0
00-0033935,T.Hendrickson,Trey Hendrickson,DE,DL,"https://static.www.nfl.com/image/upload/f_auto,q_auto/league/gfdlbzmukca60bgo3lr7",2023,REG,CIN,17,0,0,0,0,0,0,0,0,0,0,0,0,,,0,,0,0,0,0,0,0,0,0,0,0,,0,0,0,0,0,0,0,0,0,0,0,0,0,0,,0,0,0,0,0,,0.0,0.0,0.0,0,25,3,15,16,100,3,17.5,121.5,25,0,0,3,0,0,0,0,0,0,0,0,0,4,30,0,0,0,0,0,0,0,0,0,0,0,0,0,,,0,0,0,0,0,0,0,0,0,0,0,0,,,,0,0,0,0,0,0,0,,0,0,0,0,,0,0,,0,0,0,0,0,0,0,0,0,0,0.0,0.0
00-0033936,C.Beathard,C.J. Beathard,QB,QB,"https://static.www.nfl.com/image/private/f_auto,q_auto/league/yw8euaevcvwswbx5w27w",2023,REG,JAX,6,40,53,349,1,0,6,-27,0,0,339,150,19,4.633714992024477,9.768413465756636,0,1.0294985250737463,15,3,2,1,8,35,0,1,0,2,2.021098795288708,0,1,1,0,0,0,0,0,0,0,0,0,0,0,,0,0,0,0,0,,0.0,0.0,0.0,0,0,0,0,0,0,0,0.0,0.0,0,0,0,0,0,0,0,0,0,0,0,0,0,0,0,1,0,0,1,0,0,0,0,0,0,0,0,0,,,0,0,0,0,0,0,0,0,0,0,0,0,,,,0,0,0,0,0,0,0,,0,0,0,0,,0,0,,0,0,0,0,0,0,0,0,0,0,21.46,21.46
00-0033940,J.Johnson,Jaleel Johnson,DT,DL,"https://static.www.nfl.com/image/private/f_auto,q_auto/league/vyyem0liv7khzftzcihu",2023,REG,TEN,11,0,0,0,0,0,0,0,0,0,0,0,0,,,0,,0,0,0,0,0,0,0,0,0,0,,0,0,0,0,0,0,0,0,0,0,0,0,0,0,,0,0,0,0,0,,0.0,0.0,0.0,0,7,4,13,0,0,1,1.0,5.0,1,0,0,0,0,0,0,0,0,0,0,0,0,1,15,0,0,0,0,0,0,0,0,0,0,0,0,0,,,0,0,0,0,0,0,0,0,0,0,0,0,,,,0,0,0,0,0,0,0,,0,0,0,0,,0,0,,0,0,0,0,0,0,0,0,0,0,0.0,0.0
00-0033941,R.Jenkins,Rayshawn Jenkins,SAF,DB,"https://static.www.nfl.com/image/upload/f_auto,q_auto/league/e3tppqrhd6bpipfn2k4z",2023,REG,JAX,17,0,0,0,0,0,0,0,0,0,0,0,0,,,0,,0,0,0,0,0,0,0,0,0,0,,0,0,0,0,0,0,0,0,0,0,0,0,0,0,,0,0,0,0,0,,0.0,0.0,0.0,0,60,6,35,6,23,0,1.0,8.0,1,2,42,9,0,0,0,0,0,0,0,0,0,1,2,0,0,0,0,0,0,0,0,0,0,0,0,0,,,0,0,0,0,0,0,0,0,0,0,0,0,,,,0,0,0,0,0,0,0,,0,0,0,0,,0,0,,0,0,0,0,0,0,0,0,0,0,0.0,0.0
00-0033943,J.Reynolds,Josh Reynolds,WR,WR,"https://static.www.nfl.com/image/upload/f_auto,q_auto/league/lf1fjsagcsvxmktl0bbn",2023,REG,DET,16,0,0,0,0,0,0,0,0,0,0,0,0,,,0,,0,0,0,0,0,0,0,0,0,0,,0,0,0,0,0,40,64,608,5,1,1,645,173,32,14.700263801555883,0,26,20,17,0,0.9426356589147287,0.11149825783972125,0.157856093979442,0.27774665254519126,0,0,0,0,0,0,0,0.0,0.0,0,0,0,0,0,0,0,0,0,0,0,0,0,2,15,1,0,0,1,1,0,0,0,0,0,0,0,0,,,0,0,0,0,0,0,0,0,0,0,0,0,,,,0,0,0,0,0,0,0,,0,0,0,0,,0,0,,0,0,0,0,0,0,0,0,0,0,88.80000000000001,128.8
00-0033945,S.Ebukam,Samson Ebukam,DE,DL,"https://static.www.nfl.com/image/upload/f_auto,q_auto/league/hw0ako11hlkm45wl7cfb",2023,REG,IND,17,0,0,0,0,0,0,0,0,0,0,0,0,,,0,,0,0,0,0,0,0,0,0,0,0,,0,0,0,0,0,0,0,0,0,0,0,0,0,0,,0,0,0,0,0,,0.0,0.0,0.0,0,31,8,18,9,53,3,9.5,66.5,17,0,0,1,0,0,0,0,0,0,0,0,0,2,5,0,0,0,0,0,0,0,0,0,0,0,0,0,,,0,0,0,0,0,0,0,0,0,0,0,0,,,,0,0,0,0,0,0,0,,0,0,0,0,,0,0,,0,0,0,0,0,0,0,0,0,0,0.0,0.0
00-0033947,D.Wise,Deatrich Wise,DE,DL,"https://static.www.nfl.com/image/upload/f_auto,q_auto/league/kmshfa3dfehklgdh1lrk",2023,REG,NE,16,0,0,0,0,0,0,0,0,0,0,0,0,,,0,,0,0,0,0,0,0,0,0,0,0,,0,0,0,0,0,0,0,0,0,0,0,0,0,0,,0,0,0,0,0,,0.0,0.0,0.0,0,19,3,32,3,32,1,4.5,50.0,6,0,0,1,0,0,0,0,0,0,0,0,0,4,20,0,0,0,0,0,0,0,0,0,0,0,0,0,,,0,0,0,0,0,0,0,0,0,0,0,0,,,,0,0,0,0,0,0,0,,0,0,0,0,,0,0,,0,0,0,0,0,0,0,0,0,0,0.0,0.0
00-0033948,J.Williams,Jamaal Williams,RB,RB,"https://static.www.nfl.com/image/upload/f_auto,q_auto/league/yxrxpgcwq5qwp88vqnp3",2023,REG,NO,13,0,0,0,0,0,0,0,0,0,0,0,0,,,0,,0,0,0,0,106,306,1,1,0,19,-26.248758762661247,0,5,2,0,0,18,20,62,0,0,0,-27,87,1,-7.395753533012436,0,1,0,0,0,-2.2962962962962963,0.03454231433506045,-0.005382775119617225,0.04804552891885862,0,0,0,0,0,0,0,0.0,0.0,0,0,0,0,0,0,0,0,1,0,0,0,0,0,0,1,0,0,1,0,0,0,0,0,0,0,0,0,,,0,0,0,0,0,0,0,0,0,0,0,0,,,,0,0,0,0,0,0,0,,0,0,0,0,,0,0,,0,0,0,0,0,0,0,0,0,0,42.800000000000004,60.800000000000004
00-0033949,J.Dobbs,Joshua Dobbs,QB,QB,"https://static.www.nfl.com/image/upload/f_auto,q_auto/league/twaqqjexyi0vgyfbvzis",2023,REG,MIN,13,262,417,2464,13,10,30,-217,7,5,3320,1003,126,-81.59065717074796,-1.7743371015218035,1,0.7421686746987952,98,50,29,2,77,421,6,5,2,31,15.570617508027004,2,16,12,6,1,0,0,0,0,0,0,0,0,0,,0,0,0,0,0,,0.0,0.0,0.0,0,0,0,0,0,0,0,0.0,0.0,0,0,0,0,0,0,0,0,7,-6,0,0,0,5,46,9,5,0,14,7,0,0,0,0,0,0,0,0,,,0,0,0,0,0,0,0,0,0,0,0,0,,,,0,0,0,0,0,0,0,,0,0,0,0,,0,0,,0,0,0,0,0,0,0,0,0,0,200.66,200.66
00-0033952,G.Stewart,Grover Stewart,DT,DL,"https://static.www.nfl.com/image/upload/f_auto,q_auto/league/n9e0hbrrdvjloopiu51z",2023,REG,IND,11,0,0,0,0,0,0,0,0,0,0,0,0,,,0,,0,0,0,0,0,0,0,0,0,0,,0,0,0,0,0,0,0,0,0,0,0,0,0,0,,0,0,0,0,0,,0.0,0.0,0.0,0,16,7,18,2,4,0,0.5,2.0,8,0,0,0,0,0,0,0,0,0,0,0,0,1,5,0,0,0,0,0,0,0,0,0,0,0,0,0,,,0,0,0,0,0,0,0,0,0,0,0,0,,,,0,0,0,0,0,0,0,,0,0,0,0,,0,0,,0,0,0,0,0,0,0,0,0,0,0.0,0.0
00-0033955,J.McNichols,Jeremy McNichols,RB,RB,"https://static.www.nfl.com/image/upload/f_auto,q_auto/league/kegqjj5pv7xidm0xwtpy",2023,REG,SF,2,0,0,0,0,0,0,0,0,0,0,0,0,,,0,,0,0,0,0,0,0,0,0,0,0,,0,0,0,0,0,0,0,0,0,0,0,0,0,0,,0,0,0,0,0,,0.0,0.0,0.0,0,0,0,1,0,0,0,0.0,0.0,0,0,0,0,0,0,0,0,0,0,0,0,0,1,5,0,0,0,0,0,0,0,0,0,0,0,0,0,,,0,0,0,0,0,0,0,0,0,0,0,0,,,,0,0,0,0,0,0,0,,0,0,0,0,,0,0,,0,0,0,0,0,0,0,0,0,0,0.0,0.0
00-0033958,N.Peterman,Nathan Peterman,QB,QB,"https://static.www.nfl.com/image/private/f_auto,q_auto/league/owifll49p0mmsjgf7rhn",2023,REG,CHI,1,0,0,0,0,0,1,-5,1,0,0,0,0,-0.09442649222910404,,0,,0,0,0,0,2,-4,0,0,0,0,0.0,0,0,0,0,0,0,0,0,0,0,0,0,0,0,,0,0,0,0,0,,0.0,0.0,0.0,0,0,0,0,0,0,0,0.0,0.0,0,0,0,0,0,0,0,0,0,0,0,0,0,0,0,1,0,1,1,0,0,0,0,0,0,0,0,0,,,0,0,0,0,0,0,0,0,0,0,0,0,,,,0,0,0,0,0,0,0,,0,0,0,0,,0,0,,0,0,0,0,0,0,0,0,0,0,-0.4,-0.4
00-0033963,T.Smart,Tanzel Smart,DT,DL,"https://static.www.nfl.com/image/upload/f_auto,q_auto/league/g3s78x0dccydjzfgsyfx",2023,REG,NYJ,2,0,0,0,0,0,0,0,0,0,0,0,0,,,0,,0,0,0,0,0,0,0,0,0,0,,0,0,0,0,0,0,0,0,0,0,0,0,0,0,,0,0,0,0,0,,0.0,0.0,0.0,0,1,0,1,0,0,0,0.0,0.0,0,0,0,0,0,0,0,0,0,0,0,0,0,0,0,0,0,0,0,0,0,0,0,0,0,0,0,0,,,0,0,0,0,0,0,0,0,0,0,0,0,,,,0,0,0,0,0,0,0,,0,0,0,0,,0,0,,0,0,0,0,0,0,0,0,0,0,0.0,0.0
00-0033995,M.Dunn,Michael Dunn,OT,OL,"https://static.www.nfl.com/image/private/f_auto,q_auto/league/nmsgidbinhl6jroszwws",2023,REG,CLE,1,0,0,0,0,0,0,0,0,0,0,0,0,,,0,,0,0,0,0,0,0,0,0,0,0,,0,0,0,0,0,0,0,0,0,0,0,0,0,0,,0,0,0,0,0,,0.0,0.0,0.0,0,1,0,0,0,0,0,0.0,0.0,0,0,0,0,0,0,0,0,0,0,0,0,0,2,20,0,0,0,0,0,0,0,0,0,0,0,0,0,,,0,0,0,0,0,0,0,0,0,0,0,0,,,,0,0,0,0,0,0,0,,0,0,0,0,,0,0,,0,0,0,0,0,0,0,0,0,0,0.0,0.0
00-0034051,C.Kuntz,Christian Kuntz,LS,SPEC,"https://static.www.nfl.com/image/upload/f_auto,q_auto/league/htpzfa51x3erujnkvmre",2023,REG,PIT,4,0,0,0,0,0,0,0,0,0,0,0,0,,,0,,0,0,0,0,0,0,0,0,0,0,,0,0,0,0,0,0,0,0,0,0,0,0,0,0,,0,0,0,0,0,,0.0,0.0,0.0,0,0,2,2,0,0,0,0.0,0.0,0,0,0,0,0,0,0,0,0,0,0,0,0,2,20,0,0,0,0,0,0,0,0,0,0,0,0,0,,,0,0,0,0,0,0,0,0,0,0,0,0,,,,0,0,0,0,0,0,0,,0,0,0,0,,0,0,,0,0,0,0,0,0,0,0,0,0,0.0,0.0
00-0034054,R.Cracraft,River Cracraft,WR,WR,"https://static.www.nfl.com/image/upload/f_auto,q_auto/league/y8t968ntco72t8f8ryba",2023,REG,MIA,6,0,0,0,0,0,0,0,0,0,0,0,0,,,0,,0,0,0,0,0,0,0,0,0,0,,0,0,0,0,0,9,12,121,1,0,0,92,49,8,5.9576272064005025,0,7,3,2,0,1.315217391304348,0.02185792349726776,0.021365536460752437,0.047742760768428344,0,0,0,0,0,0,0,0.0,0.0,0,0,0,0,0,0,0,0,0,0,0,0,0,0,0,0,0,0,0,0,0,0,0,0,0,0,0,0,,,0,0,0,0,0,0,0,0,0,0,0,0,,,,0,0,0,0,0,0,0,,0,0,0,0,,0,0,,0,0,0,0,0,0,0,0,0,0,18.1,27.1
00-0034067,S.Daly,Scott Daly,LS,SPEC,"https://static.www.nfl.com/image/upload/f_auto,q_auto/league/u8klt4zjxkahyhbkwvqp",2023,REG,DET,1,0,0,0,0,0,0,0,0,0,0,0,0,,,0,,0,0,0,0,0,0,0,0,0,0,,0,0,0,0,0,0,0,0,0,0,0,0,0,0,,0,0,0,0,0,,0.0,0.0,0.0,0,0,0,0,0,0,0,0.0,0.0,0,0,0,0,0,0,0,0,0,0,0,0,0,1,5,0,0,0,0,0,0,0,0,0,0,0,0,0,,,0,0,0,0,0,0,0,0,0,0,0,0,,,,0,0,0,0,0,0,0,,0,0,0,0,,0,0,,0,0,0,0,0,0,0,0,0,0,0.0,0.0
00-0034071,D.Johnson,Danny Johnson,DB,DB,"https://static.www.nfl.com/image/private/f_auto,q_auto/league/guxlravaisglnr0pk5yb",2023,REG,WAS,7,0,0,0,0,0,0,0,0,0,0,0,0,,,0,,0,0,0,0,0,0,0,0,0,0,,0,0,0,0,0,0,0,0,0,0,0,0,0,0,,0,0,0,0,0,,0.0,0.0,0.0,0,11,2,4,0,0,0,0.0,0.0,0,0,0,1,0,0,0,0,0,0,0,0,0,1,9,0,0,0,0,0,0,0,0,0,0,0,0,0,,,0,0,0,0,0,0,0,0,0,0,0,0,,,,0,0,0,0,0,0,0,,0,0,0,0,,0,0,,0,0,0,0,0,0,0,0,0,0,0.0,0.0
00-0034073,R.Dwelley,Ross Dwelley,TE,TE,"https://static.www.nfl.com/image/upload/f_auto,q_auto/league/wf9ynmqonmnaosslkwdl",2023,REG,SF,2,0,0,0,0,0,0,0,0,0,0,0,0,,,0,,0,0,0,0,0,0,0,0,0,0,,0,0,0,0,0,1,2,12,0,0,0,17,12,1,0.5722602570895106,0,1,0,0,0,0.7058823529411765,0.004246284501061571,0.004230960676953708,0.009331099225459952,0,0,0,1,0,0,0,0.0,0.0,0,0,0,0,0,0,0,0,0,0,0,0,0,0,0,0,0,0,0,0,0,0,0,0,0,0,0,0,,,0,0,0,0,0,0,0,0,0,0,0,0,,,,0,0,0,0,0,0,0,,0,0,0,0,,0,0,,0,0,0,0,0,0,0,0,0,0,1.2000000000000002,2.2
00-0034084,M.Badgley,Mike Badgley,K,SPEC,"https://static.www.nfl.com/image/upload/f_auto,q_auto/league/vws2nawkkxxb8s82ny1s",2023,REG,DET,4,0,0,0,0,0,0,0,0,0,0,0,0,,,0,,0,0,0,0,0,0,0,0,0,0,,0,0,0,0,0,0,0,0,0,0,0,0,0,0,,0,0,0,0,0,,0.0,0.0,0.0,0,0,0,0,0,0,0,0.0,0.0,0,0,0,0,0,0,0,0,0,0,0,0,0,0,0,0,0,0,0,0,0,0,0,0,4,4,0,0,41,1.0,0,0,3,1,0,0,0,0,0,0,0,0,37;41;30;39,,,147,0,0,13,15,1,1,0.8666666666666667,0,0,0,0,,0,0,,0,0,0,0,0,0,0,0,0,0,0.0,0.0
00-0034091,G.Odum,George Odum,DB,DB,"https://static.www.nfl.com/image/upload/f_auto,q_auto/league/watelqvhccitomv8ntny",2023,REG,SF,8,0,0,0,0,0,0,0,0,0,0,0,0,,,0,,0,0,0,0,0,0,0,0,0,0,,0,0,0,0,0,0,0,0,0,0,0,0,0,0,,0,0,0,0,0,,0.0,0.0,0.0,0,6,0,6,0,0,0,0.0,0.0,0,0,0,0,0,0,0,0,0,0,0,0,0,2,19,0,0,0,0,0,0,0,0,0,0,0,0,0,,,0,0,0,0,0,0,0,0,0,0,0,0,,,,0,0,0,0,0,0,0,,0,0,0,0,,0,0,,0,0,0,0,0,0,0,0,0,0,0.0,0.0
00-0034112,A.Schlottmann,Austin Schlottmann,C,OL,"https://static.www.nfl.com/image/upload/f_auto,q_auto/league/oyncfcyyfflsqesj6xei",2023,REG,MIN,1,0,0,0,0,0,0,0,0,0,0,0,0,,,0,,0,0,0,0,0,0,0,0,0,0,,0,0,0,0,0,0,0,0,0,0,0,0,0,0,,0,0,0,0,0,,0.0,0.0,0.0,0,0,0,0,0,0,0,0.0,0.0,0,0,0,0,0,0,0,0,0,0,0,0,0,1,5,0,0,0,0,0,0,0,0,0,0,0,0,0,,,0,0,0,0,0,0,0,0,0,0,0,0,,,,0,0,0,0,0,0,0,,0,0,0,0,,0,0,,0,0,0,0,0,0,0,0,0,0,0.0,0.0
00-0034114,C.Shelton,Coleman Shelton,C,OL,"https://static.www.nfl.com/image/upload/f_auto,q_auto/league/fbmh9dwdvja6yeu3pmj3",2023,REG,LA,6,0,0,0,0,0,0,0,0,0,0,0,0,,,0,,0,0,0,0,0,0,0,0,0,0,,0,0,0,0,0,0,0,0,0,0,0,0,0,0,,0,0,0,0,0,,0.0,0.0,0.0,0,1,0,0,0,0,0,0.0,0.0,0,0,0,0,0,0,0,0,0,0,0,0,0,5,35,0,0,0,0,0,0,0,0,0,0,0,0,0,,,0,0,0,0,0,0,0,0,0,0,0,0,,,,0,0,0,0,0,0,0,,0,0,0,0,,0,0,,0,0,0,0,0,0,0,0,0,0,0.0,0.0
00-0034115,J.Wilson,Jeff Wilson,RB,RB,"https://static.www.nfl.com/image/private/f_auto,q_auto/league/zorqrtlrizlltgd6pnob",2023,REG,MIA,9,0,0,0,0,0,0,0,0,0,0,0,0,,,0,,0,0,0,0,41,188,0,0,0,8,-0.9232725574984215,0,5,3,0,0,14,17,85,0,0,0,46,69,3,2.6493050900326858,0,3,0,0,0,1.8478260869565217,0.030965391621129327,0.010682768230376219,0.05392602519295735,0,0,0,0,0,0,0,0.0,0.0,0,0,0,0,0,0,0,0,0,0,0,0,0,0,0,0,0,0,0,0,0,0,0,0,0,0,0,0,,,0,0,0,0,0,0,0,0,0,0,0,0,,,,0,0,0,0,0,0,0,,0,0,0,0,,0,0,,0,0,0,0,0,0,0,0,0,0,27.3,41.3
00-0034116,J.Gray,J.T. Gray,DB,DB,"https://static.www.nfl.com/image/private/f_auto,q_auto/league/ibo4b3ak2ufimxupcezw",2023,REG,NO,9,0,0,0,0,0,0,0,0,0,0,0,0,,,0,,0,0,0,0,0,0,0,0,0,0,,0,0,0,0,0,0,0,0,0,0,0,0,0,0,,0,0,0,0,0,,0.0,0.0,0.0,0,7,0,5,0,0,0,0.0,0.0,0,0,0,0,0,0,0,0,0,0,0,0,0,1,6,0,0,0,0,0,0,0,0,0,0,0,0,0,,,0,0,0,0,0,0,0,0,0,0,0,0,,,,0,0,0,0,0,0,0,,0,0,0,0,,0,0,,0,0,0,0,0,0,0,0,0,0,0.0,0.0
00-0034125,K.Vickers,Kendal Vickers,DE,DL,"https://static.www.nfl.com/image/upload/f_auto,q_auto/league/j8xpfahzfgawazl4trkn",2023,REG,BUF,1,0,0,0,0,0,0,0,0,0,0,0,0,,,0,,0,0,0,0,0,0,0,0,0,0,,0,0,0,0,0,0,0,0,0,0,0,0,0,0,,0,0,0,0,0,,0.0,0.0,0.0,0,0,1,1,0,0,0,0.0,0.0,0,0,0,0,0,0,0,0,0,0,0,0,0,0,0,0,0,0,0,0,0,0,0,0,0,0,0,0,,,0,0,0,0,0,0,0,0,0,0,0,0,,,,0,0,0,0,0,0,0,,0,0,0,0,,0,0,,0,0,0,0,0,0,0,0,0,0,0.0,0.0
00-0034145,C.Lammons,Chris Lammons,DB,DB,"https://static.www.nfl.com/image/upload/f_auto,q_auto/league/odsa5adl0tyjcer1hnzz",2023,REG,IND,3,0,0,0,0,0,0,0,0,0,0,0,0,,,0,,0,0,0,0,0,0,0,0,0,0,,0,0,0,0,0,0,0,0,0,0,0,0,0,0,,0,0,0,0,0,,0.0,0.0,0.0,0,2,2,2,0,0,0,0.0,0.0,0,0,0,1,0,0,0,0,0,0,0,0,0,1,5,0,0,0,0,0,0,0,0,0,0,0,0,0,,,0,0,0,0,0,0,0,0,0,0,0,0,,,,0,0,0,0,0,0,0,,0,0,0,0,,0,0,,0,0,0,0,0,0,0,0,0,0,0.0,0.0
00-0034158,B.O'Neill,Brian O'Neill,OT,OL,"https://static.www.nfl.com/image/upload/f_auto,q_auto/league/ouq6nfernugv9rsvcvwm",2023,REG,MIN,5,0,0,0,0,0,0,0,0,0,0,0,0,,,0,,0,0,0,0,0,0,0,0,0,0,,0,0,0,0,0,0,0,0,0,0,0,0,0,0,,0,0,0,0,0,,0.0,0.0,0.0,0,0,0,0,0,0,0,0.0,0.0,0,0,0,0,0,0,0,0,0,0,0,0,0,6,50,0,0,0,0,0,0,0,0,0,0,0,0,0,,,0,0,0,0,0,0,0,0,0,0,0,0,,,,0,0,0,0,0,0,0,,0,0,0,0,,0,0,,0,0,0,0,0,0,0,0,0,0,0.0,0.0
00-0034159,W.Dissly,Will Dissly,TE,TE,"https://static.www.nfl.com/image/upload/f_auto,q_auto/league/b2s1wwxsgkenwlxmncu3",2023,REG,SEA,13,0,0,0,0,0,0,0,0,0,0,0,0,,,0,,0,0,0,0,0,0,0,0,0,0,,0,0,0,0,0,17,22,172,1,0,0,62,120,8,8.722147255612072,0,7,5,2,0,2.774193548387097,0.04021937842778794,0.01504489201650085,0.0708604920532325,0,0,1,0,0,0,0,0.0,0.0,0,0,0,0,0,0,0,0,0,0,0,0,0,3,16,0,0,0,0,0,0,0,0,0,0,0,0,0,,,0,0,0,0,0,0,0,0,0,0,0,0,,,,0,0,0,0,0,0,0,,0,0,0,0,,0,0,,0,0,0,0,0,0,0,0,0,0,23.2,40.2
00-0034160,M.Dickson,Michael Dickson,P,SPEC,"https://static.www.nfl.com/image/upload/f_auto,q_auto/league/chduw8ql98kdzegqiylt",2023,REG,SEA,16,0,0,0,0,0,0,0,0,0,0,0,0,,,0,,0,0,0,0,0,0,0,0,0,0,,0,0,0,0,0,0,0,0,0,0,0,0,0,0,,0,0,0,0,0,,0.0,0.0,0.0,0,0,0,0,0,0,0,0.0,0.0,0,0,0,0,0,0,0,0,0,0,0,0,0,0,0,0,0,0,0,0,0,0,0,0,0,0,0,0,,,0,0,0,0,0,0,0,0,0,0,0,0,,,,0,0,0,0,0,0,0,,0,0,0,0,,66,0,73,3303,25,3,9,8,12,34,232,0,2911,0.0,0.0
00-0034161,D.Carlson,Daniel Carlson,K,SPEC,"https://static.www.nfl.com/image/upload/f_auto,q_auto/league/gsvj7rtvqwbwdeho8whf",2023,REG,LV,17,0,0,0,0,0,0,0,0,0,0,0,0,,,0,,0,0,0,0,0,0,0,0,0,0,,0,0,0,0,0,0,0,0,0,0,0,0,0,0,,0,0,0,0,0,,0.0,0.0,0.0,0,1,0,0,0,0,0,0.0,0.0,0,0,0,0,0,0,0,0,0,0,0,0,0,0,0,0,0,0,0,0,0,0,0,0,26,30,3,1,54,0.8666666666666667,0,10,6,9,1,0,0,0,1,1,1,0,24;47;26;22;26;25;37;30;24;40;25;24;46;41;41;54;40;34;47;34;24;35;40;33;49;21,52;41;30,53,889,123,53,32,32,0,0,1.0,0,0,0,0,,0,0,,0,0,0,0,0,0,0,0,0,0,0.0,0.0
00-0034162,J.Scott,J.K. Scott,P,SPEC,"https://static.www.nfl.com/image/upload/f_auto,q_auto/league/yayikawhfng99cqrosax",2023,REG,LAC,17,0,0,0,0,0,0,0,0,0,0,0,0,,,0,,0,0,0,0,0,0,0,0,0,0,,0,0,0,0,0,0,0,0,0,0,0,0,0,0,,0,0,0,0,0,,0.0,0.0,0.0,0,0,0,0,0,0,0,0.0,0.0,0,0,0,0,0,0,0,0,0,0,0,0,0,0,0,0,0,0,0,0,0,0,0,0,0,0,0,0,,,0,0,0,0,0,0,0,0,0,0,0,0,,,,0,0,0,0,0,0,0,,0,0,0,0,,75,0,83,3475,30,4,8,4,31,28,221,0,3174,0.0,0.0
00-0034163,J.Martin,Jacob Martin,DE,DL,"https://static.www.nfl.com/image/upload/f_auto,q_auto/league/ngm7muyzhk9xv2ofafke",2023,REG,IND,7,0,0,0,0,0,0,0,0,0,0,0,0,,,0,,0,0,0,0,0,0,0,0,0,0,,0,0,0,0,0,0,0,0,0,0,0,0,0,0,,0,0,0,0,0,,0.0,0.0,0.0,0,2,3,2,1,11,0,2.0,11.0,3,0,0,0,0,0,0,0,0,0,0,0,0,0,0,0,0,0,0,0,0,0,0,0,0,0,0,0,,,0,0,0,0,0,0,0,0,0,0,0,0,,,,0,0,0,0,0,0,0,,0,0,0,0,,0,0,,0,0,0,0,0,0,0,0,0,0,0.0,0.0
00-0034171,J.Cabinda,Jason Cabinda,FB,RB,"https://static.www.nfl.com/image/private/f_auto,q_auto/league/nvi4viyciscnso8qgbtn",2023,REG,DET,3,0,0,0,0,0,0,0,0,0,0,0,0,,,0,,0,0,0,0,1,0,0,0,0,0,-1.8090616408735514,0,0,0,0,0,0,0,0,0,0,0,0,0,0,,0,0,0,0,0,,0.0,0.0,0.0,0,3,1,0,0,0,0,0.0,0.0,0,0,0,0,0,0,0,0,0,0,0,0,0,0,0,0,0,0,0,0,0,0,0,0,0,0,0,0,,,0,0,0,0,0,0,0,0,0,0,0,0,,,,0,0,0,0,0,0,0,,0,0,0,0,,0,0,,0,0,0,0,0,0,0,0,0,0,0.0,0.0
00-0034173,E.Pineiro,Eddy Pineiro,K,SPEC,"https://static.www.nfl.com/image/upload/f_auto,q_auto/league/l4rrfcuczjau7q02h2iz",2023,REG,CAR,15,0,0,0,0,0,0,0,0,0,0,0,0,,,0,,0,0,0,0,0,0,0,0,0,0,,0,0,0,0,0,0,0,0,0,0,0,0,0,0,,0,0,0,0,0,,0.0,0.0,0.0,0,0,0,0,0,0,0,0.0,0.0,0,0,0,0,0,0,0,0,0,0,0,0,0,0,0,0,0,0,0,0,0,0,0,0,25,29,4,0,56,0.8620689655172413,0,6,7,7,5,0,0,0,0,2,2,0,43;52;54;36;47;44;26;56;33;46;37;23;35;49;33;39;42;50;23;47;29;34;25;23;52,55;43;59;41,,978,198,0,17,20,3,0,0.85,2,2,0,0,23;23,0,0,,0,0,0,0,0,0,0,0,0,0,0.0,0.0
00-0034177,T.Boyle,Tim Boyle,QB,QB,"https://static.www.nfl.com/image/upload/f_auto,q_auto/league/zmfyonfo6ohn5bxqwaxg",2023,REG,NYJ,3,48,77,360,1,4,9,-64,1,0,477,190,16,-30.987578107018386,-5.6079958338995235,0,0.7547169811320755,9,2,2,0,4,5,0,1,0,3,2.6916901476797648,0,0,0,0,0,0,0,0,0,0,0,0,0,0,,0,0,0,0,0,,0.0,0.0,0.0,0,0,0,0,0,0,0,0.0,0.0,0,0,0,0,0,0,0,0,0,-5,0,0,0,0,0,1,1,0,2,0,0,0,0,0,0,0,0,0,,,0,0,0,0,0,0,0,0,0,0,0,0,,,,0,0,0,0,0,0,0,,0,0,0,0,,0,0,,0,0,0,0,0,0,0,0,0,0,10.899999999999999,10.899999999999999
00-0034184,G.Edwards,Gus Edwards,RB,RB,"https://static.www.nfl.com/image/upload/f_auto,q_auto/league/dyobqe3w5eypevsk3f2b",2023,REG,BAL,17,0,0,0,0,0,0,0,0,0,0,0,0,,,0,,0,0,0,0,198,810,13,2,2,49,-11.775958436328319,1,15,12,6,1,12,13,180,0,1,0,32,145,5,9.551620966289192,0,5,2,2,1,5.625,0.0273109243697479,0.007825874296894107,0.04644449856244772,0,1,0,0,0,0,0,0.0,0.0,0,0,0,0,0,0,0,0,1,0,0,0,0,2,15,3,0,0,3,2,0,0,0,0,0,0,0,0,,,0,0,0,0,0,0,0,0,0,0,0,0,,,,0,0,0,0,0,0,0,,0,0,0,0,,0,0,,0,0,0,0,0,0,0,0,0,0,175.0,187.0
00-0034185,T.Lancaster,Tyler Lancaster,DT,DL,"https://static.www.nfl.com/image/private/f_auto,q_auto/league/aa4il9yf2v0elduixsp8",2023,REG,DEN,2,0,0,0,0,0,0,0,0,0,0,0,0,,,0,,0,0,0,0,0,0,0,0,0,0,,0,0,0,0,0,0,0,0,0,0,0,0,0,0,,0,0,0,0,0,,0.0,0.0,0.0,0,2,0,1,1,1,0,0.0,0.0,0,0,0,0,0,0,0,0,0,0,0,0,0,0,0,0,0,0,0,0,0,0,0,0,0,0,0,0,,,0,0,0,0,0,0,0,0,0,0,0,0,,,,0,0,0,0,0,0,0,,0,0,0,0,,0,0,,0,0,0,0,0,0,0,0,0,0,0.0,0.0
00-0034193,K.Rader,Kevin Rader,TE,TE,"https://static.www.nfl.com/image/private/f_auto,q_auto/league/buopatfei7mdyxxxi9bv",2023,REG,TEN,7,0,0,0,0,0,0,0,0,0,0,0,0,,,0,,0,0,0,0,0,0,0,0,0,0,,0,0,0,0,0,1,3,6,0,0,0,32,4,0,-1.121324737323448,0,0,0,0,0,0.1875,0.006276150627615063,0.007003720726636025,0.014316830450067812,0,1,1,2,0,0,0,0.0,0.0,0,0,0,0,0,0,0,0,0,0,0,0,0,1,5,0,0,0,0,0,0,0,0,0,0,0,0,0,,,0,0,0,0,0,0,0,0,0,0,0,0,,,,0,0,0,0,0,0,0,,0,0,0,0,,0,0,,0,0,0,0,0,0,0,0,0,0,0.6000000000000001,1.6
00-0034198,T.Sieg,Trent Sieg,LS,SPEC,"https://static.www.nfl.com/image/upload/f_auto,q_auto/league/ikhujd70ky9ymcrvpjm5",2023,REG,DAL,2,0,0,0,0,0,0,0,0,0,0,0,0,,,0,,0,0,0,0,0,0,0,0,0,0,,0,0,0,0,0,0,0,0,0,0,0,0,0,0,,0,0,0,0,0,,0.0,0.0,0.0,0,1,0,1,0,0,0,0.0,0.0,0,0,0,0,0,0,0,0,0,0,0,0,0,0,0,0,0,0,0,0,0,0,0,0,0,0,0,0,,,0,0,0,0,0,0,0,0,0,0,0,0,,,,0,0,0,0,0,0,0,,0,0,0,0,,0,0,,0,0,0,0,0,0,0,0,0,0,0.0,0.0
00-0034203,Dari.Williams,Darious Williams,CB,DB,"https://static.www.nfl.com/image/upload/f_auto,q_auto/league/nzrgn9doxy57s7si8uyf",2023,REG,JAX,17,0,0,0,0,0,0,0,0,0,0,0,0,,,0,,0,0,0,0,0,0,0,0,0,0,,0,0,0,0,0,0,0,0,0,0,0,0,0,0,,0,0,0,0,0,,0.0,0.0,0.0,0,41,3,9,2,7,2,0.0,0.0,0,4,72,19,1,0,0,0,0,0,0,0,0,0,0,0,0,0,0,0,0,0,0,0,0,0,0,0,,,0,0,0,0,0,0,0,0,0,0,0,0,,,,0,0,0,0,0,0,0,,0,0,0,0,,0,0,,0,0,0,0,0,0,0,0,0,0,0.0,0.0
00-0034208,M.Boone,Mike Boone,RB,RB,"https://static.www.nfl.com/image/upload/f_auto,q_auto/league/yeoyrlaf9hlvowj6fdio",2023,REG,HOU,9,0,0,0,0,0,0,0,0,0,0,0,0,,,0,,0,0,0,0,5,23,0,1,0,2,-1.9981542084133253,0,1,0,0,0,7,9,40,0,0,0,9,33,2,0.046215330461528925,0,2,0,0,0,4.444444444444445,0.015901060070671377,0.0017384585667374927,0.025068511102723307,0,2,0,0,0,0,0,0.0,0.0,0,0,0,0,0,0,0,0,0,0,0,0,0,0,0,1,0,0,1,0,0,0,4,66,0,0,0,0,,,0,0,0,0,0,0,0,0,0,0,0,0,,,,0,0,0,0,0,0,0,,0,0,0,0,,0,0,,0,0,0,0,0,0,0,0,0,0,6.300000000000001,13.3
00-0034234,P.Ford,Poona Ford,DT,DL,"https://static.www.nfl.com/image/upload/f_auto,q_auto/league/z6bvartiturag8gtidcz",2023,REG,BUF,5,0,0,0,0,0,0,0,0,0,0,0,0,,,0,,0,0,0,0,0,0,0,0,0,0,,0,0,0,0,0,0,0,0,0,0,0,0,0,0,,0,0,0,0,0,,0.0,0.0,0.0,0,2,3,4,1,6,0,1.0,6.0,3,0,0,0,0,0,0,0,0,0,0,0,0,0,0,0,0,0,0,0,0,0,0,0,0,0,0,0,,,0,0,0,0,0,0,0,0,0,0,0,0,,,,0,0,0,0,0,0,0,,0,0,0,0,,0,0,,0,0,0,0,0,0,0,0,0,0,0.0,0.0
00-0034248,E.Campbell,Elijah Campbell,DB,DB,"https://static.www.nfl.com/image/upload/f_auto,q_auto/league/niou8nbhpkmao45zccm7",2023,REG,MIA,11,0,0,0,0,0,0,0,0,0,0,0,0,,,0,,0,0,0,0,0,0,0,0,0,0,,0,0,0,0,0,0,0,0,0,0,0,0,0,0,,0,0,0,0,0,,0.0,0.0,0.0,0,9,1,5,0,0,0,0.0,0.0,0,0,0,1,0,0,0,0,0,0,1,0,0,3,29,0,0,0,0,0,0,0,0,0,0,0,0,0,,,0,0,0,0,0,0,0,0,0,0,0,0,,,,0,0,0,0,0,0,0,,0,0,0,0,,0,0,,0,0,0,0,0,0,0,0,0,0,0.0,0.0
00-0034251,D.Ekuale,Daniel Ekuale,DT,DL,"https://static.www.nfl.com/image/upload/f_auto,q_auto/league/jlab8hsw5int8lkrevrg",2023,REG,NE,2,0,0,0,0,0,0,0,0,0,0,0,0,,,0,,0,0,0,0,0,0,0,0,0,0,,0,0,0,0,0,0,0,0,0,0,0,0,0,0,,0,0,0,0,0,,0.0,0.0,0.0,0,2,0,1,0,0,1,0.0,0.0,0,0,0,0,0,0,0,0,0,0,0,0,0,0,0,0,0,0,0,0,0,0,0,0,0,0,0,0,,,0,0,0,0,0,0,0,0,0,0,0,0,,,,0,0,0,0,0,0,0,,0,0,0,0,,0,0,,0,0,0,0,0,0,0,0,0,0,0.0,0.0
00-0034261,A.Corbett,Austin Corbett,G,OL,"https://static.www.nfl.com/image/upload/f_auto,q_auto/league/ry8oftk4wq0uiivdxyzw",2023,REG,CAR,1,0,0,0,0,0,0,0,0,0,0,0,0,,,0,,0,0,0,0,0,0,0,0,0,0,,0,0,0,0,0,0,0,0,0,0,0,0,0,0,,0,0,0,0,0,,0.0,0.0,0.0,0,0,0,0,0,0,0,0.0,0.0,0,0,0,0,0,0,0,0,0,0,0,0,0,1,5,0,0,0,0,0,0,0,0,0,0,0,0,0,,,0,0,0,0,0,0,0,0,0,0,0,0,,,,0,0,0,0,0,0,0,,0,0,0,0,,0,0,,0,0,0,0,0,0,0,0,0,0,0.0,0.0
00-0034264,J.Holmes,Jalyn Holmes,DT,DL,"https://static.www.nfl.com/image/upload/f_auto,q_auto/league/vvlecpcfjc7fgkuqbcuj",2023,REG,NYJ,5,0,0,0,0,0,0,0,0,0,0,0,0,,,0,,0,0,0,0,0,0,0,0,0,0,,0,0,0,0,0,0,0,0,0,0,0,0,0,0,,0,0,0,0,0,,0.0,0.0,0.0,0,3,0,2,1,5,0,1.0,5.0,1,0,0,0,0,0,0,0,0,0,0,0,0,2,10,0,0,0,0,0,0,0,0,0,0,0,0,0,,,0,0,0,0,0,0,0,0,0,0,0,0,,,,0,0,0,0,0,0,0,,0,0,0,0,,0,0,,0,0,0,0,0,0,0,0,0,0,0.0,0.0
00-0034270,T.Conklin,Tyler Conklin,TE,TE,"https://static.www.nfl.com/image/upload/f_auto,q_auto/league/knjuzxnzsfjxwcjxp5en",2023,REG,NYJ,17,0,0,0,0,0,0,0,0,0,0,0,0,,,0,,0,0,0,0,1,0,0,0,0,0,-3.5422332452144474,0,0,0,0,0,61,87,621,0,0,0,595,246,27,6.411194102599364,0,21,12,7,0,1.0436974789915967,0.15452930728241562,0.14875,0.3359189609236234,0,0,0,0,0,0,0,0.0,0.0,0,0,0,0,0,0,0,0,0,0,0,0,0,1,5,0,0,0,0,0,0,0,0,0,0,0,0,0,,,0,0,0,0,0,0,0,0,0,0,0,0,,,,0,0,0,0,0,0,0,,0,0,0,0,,0,0,,0,0,0,0,0,0,0,0,0,0,62.1,123.1
00-0034272,M.Valdes-Scantling,Marquez Valdes-Scantling,WR,WR,"https://static.www.nfl.com/image/upload/f_auto,q_auto/league/vvk5v3hfjw0tevqxrhnf",2023,REG,KC,16,0,0,0,0,0,0,0,0,0,0,0,0,,,0,,0,0,0,0,0,0,0,0,0,0,,0,0,0,0,0,21,42,315,1,1,1,742,92,14,0.6663176012461647,0,13,7,5,1,0.42452830188679247,0.07011686143572621,0.1811965811965812,0.23201289899119615,0,0,0,0,0,0,0,0.0,0.0,0,0,0,0,0,0,0,0,0,0,0,0,0,2,20,1,0,0,1,1,0,0,0,0,0,0,0,0,,,0,0,0,0,0,0,0,0,0,0,0,0,,,,0,0,0,0,0,0,0,,0,0,0,0,,0,0,,0,0,0,0,0,0,0,0,0,0,35.5,56.5
00-0034274,P.Nickerson,Parry Nickerson,CB,DB,"https://static.www.nfl.com/image/upload/f_auto,q_auto/league/w8wujvtmfphdc3wohtry",2023,REG,MIA,3,0,0,0,0,0,0,0,0,0,0,0,0,,,0,,0,0,0,0,0,0,0,0,0,0,,0,0,0,0,0,0,0,0,0,0,0,0,0,0,,0,0,0,0,0,,0.0,0.0,0.0,0,5,0,0,0,0,0,0.0,0.0,0,0,0,0,0,0,0,0,0,0,0,0,0,2,10,0,0,0,0,0,0,0,0,0,0,0,0,0,,,0,0,0,0,0,0,0,0,0,0,0,0,,,,0,0,0,0,0,0,0,,0,0,0,0,,0,0,,0,0,0,0,0,0,0,0,0,0,0.0,0.0
00-0034275,F.Fatukasi,Foley Fatukasi,DT,DL,"https://static.www.nfl.com/image/upload/f_auto,q_auto/league/ttcdigwndhyvmhvgof25",2023,REG,JAX,14,0,0,0,0,0,0,0,0,0,0,0,0,,,0,,0,0,0,0,0,0,0,0,0,0,,0,0,0,0,0,0,0,0,0,0,0,0,0,0,,0,0,0,0,0,,0.0,0.0,0.0,0,13,3,8,1,2,0,0.0,0.0,2,0,0,1,0,0,0,0,0,0,0,0,0,0,0,0,0,0,0,0,0,0,0,0,0,0,0,0,,,0,0,0,0,0,0,0,0,0,0,0,0,,,,0,0,0,0,0,0,0,,0,0,0,0,,0,0,,0,0,0,0,0,0,0,0,0,0,0.0,0.0
00-0034277,D.Elliott,DeShon Elliott,SAF,DB,"https://static.www.nfl.com/image/upload/f_auto,q_auto/league/rprbkb3ze0jgpl5u8f2g",2023,REG,MIA,15,0,0,0,0,0,0,0,0,0,0,0,0,,,0,,0,0,0,0,0,0,0,0,0,0,,0,0,0,0,0,0,0,0,0,0,0,0,0,0,,0,0,0,0,0,,0.0,0.0,0.0,0,46,7,29,0,0,0,0.0,0.0,0,1,0,7,0,0,0,0,0,0,1,0,0,1,3,0,0,0,0,0,0,0,0,0,0,0,0,0,,,0,0,0,0,0,0,0,0,0,0,0,0,,,,0,0,0,0,0,0,0,,0,0,0,0,,0,0,,0,0,0,0,0,0,0,0,0,0,0.0,0.0
00-0034278,Tr.Smith,Tremon Smith,CB,DB,"https://static.www.nfl.com/image/upload/f_auto,q_auto/league/crjcjcsvkq0o689drl3c",2023,REG,DEN,9,0,0,0,0,0,0,0,0,0,0,0,0,,,0,,0,0,0,0,0,0,0,0,0,0,,0,0,0,0,0,0,0,0,0,0,0,0,0,0,,0,0,0,0,0,,0.0,0.0,0.0,0,5,0,0,0,0,0,0.0,0.0,0,0,0,0,0,0,0,0,0,0,1,0,0,4,25,0,0,0,0,0,1,14,0,0,0,0,0,0,,,0,0,0,0,0,0,0,0,0,0,0,0,,,,0,0,0,0,0,0,0,,0,0,0,0,,0,0,,0,0,0,0,0,0,0,0,0,0,0.0,0.0
00-0034279,E.St. Brown,Equanimeous St. Brown,WR,WR,"https://static.www.nfl.com/image/upload/f_auto,q_auto/league/yqojuedjvxtydgd9tgpr",2023,REG,CHI,5,0,0,0,0,0,0,0,0,0,0,0,0,,,0,,0,0,0,0,0,0,0,0,0,0,,0,0,0,0,0,5,6,62,0,0,0,53,7,3,2.9717228445224464,0,3,2,1,0,1.169811320754717,0.012578616352201259,0.01403973509933775,0.02869573909783831,0,0,0,0,0,0,0,0.0,0.0,0,0,0,0,0,0,0,0,0,0,0,0,0,0,0,0,0,0,0,0,0,0,0,0,0,0,0,0,,,0,0,0,0,0,0,0,0,0,0,0,0,,,,0,0,0,0,0,0,0,,0,0,0,0,,0,0,,0,0,0,0,0,0,0,0,0,0,6.2,11.2
00-0034281,B.Bozeman,Bradley Bozeman,C,OL,"https://static.www.nfl.com/image/upload/f_auto,q_auto/league/qzomwajldexxneohmb7q",2023,REG,CAR,4,0,0,0,0,0,0,0,0,0,0,0,0,,,0,,0,0,0,0,0,0,0,0,0,0,,0,0,0,0,0,0,0,0,0,0,0,0,0,0,,0,0,0,0,0,,0.0,0.0,0.0,0,0,0,0,0,0,0,0.0,0.0,0,0,0,0,0,0,0,0,0,0,0,0,0,4,34,0,0,0,0,0,0,0,0,0,0,0,0,0,,,0,0,0,0,0,0,0,0,0,0,0,0,,,,0,0,0,0,0,0,0,,0,0,0,0,,0,0,,0,0,0,0,0,0,0,0,0,0,0.0,0.0
00-0034285,Z.Sieler,Zach Sieler,DE,DL,"https://static.www.nfl.com/image/upload/f_auto,q_auto/league/a3mvqtjjep76e13cs353",2023,REG,MIA,17,0,0,0,0,0,0,0,0,0,0,0,0,,,0,,0,0,0,0,0,0,0,0,0,0,,0,0,0,0,0,0,0,0,0,0,0,0,0,0,,0,0,0,0,0,,0.0,0.0,0.0,0,29,3,31,10,61,1,10.0,61.5,22,1,5,4,1,0,0,0,0,0,2,3,0,2,8,0,0,0,0,0,0,0,0,0,0,0,0,0,,,0,0,0,0,0,0,0,0,0,0,0,0,,,,0,0,0,0,0,0,0,,0,0,0,0,,0,0,,0,0,0,0,0,0,0,0,0,0,0.0,0.0
00-0034286,R.James,Richie James,WR,WR,"https://static.www.nfl.com/image/private/f_auto,q_auto/league/qusoivtzbud2wl0spptz",2023,REG,KC,9,0,0,0,0,0,0,0,0,0,0,0,0,,,0,,0,0,0,0,0,0,0,0,0,0,,0,0,0,0,0,10,14,114,0,0,0,129,61,5,4.2132022925361525,0,4,2,1,1,0.8837209302325582,0.02337228714524207,0.0315018315018315,0.05710971276914516,0,1,0,0,0,0,0,0.0,0.0,0,0,0,0,0,2,0,0,1,0,0,0,0,0,0,1,1,0,2,1,20,200,9,187,0,0,0,0,,,0,0,0,0,0,0,0,0,0,0,0,0,,,,0,0,0,0,0,0,0,,0,0,0,0,,0,0,,0,0,0,0,0,0,0,0,0,0,11.4,21.4
00-0034296,B.Niemann,Ben Niemann,LB,LB,"https://static.www.nfl.com/image/upload/f_auto,q_auto/league/hhmqn3b3prllvcuyftvj",2023,REG,DEN,1,0,0,0,0,0,0,0,0,0,0,0,0,,,0,,0,0,0,0,0,0,0,0,0,0,,0,0,0,0,0,0,0,0,0,0,0,0,0,0,,0,0,0,0,0,,0.0,0.0,0.0,0,1,0,1,0,0,0,0.0,0.0,0,0,0,0,0,0,0,0,0,0,0,0,0,0,0,0,0,0,0,0,0,0,0,0,0,0,0,0,,,0,0,0,0,0,0,0,0,0,0,0,0,,,,0,0,0,0,0,0,0,,0,0,0,0,,0,0,,0,0,0,0,0,0,0,0,0,0,0.0,0.0
00-0034297,B.Pringle,Byron Pringle,WR,WR,"https://static.www.nfl.com/image/upload/f_auto,q_auto/league/qo8a5r4rspevt1rlq8r0",2023,REG,WAS,13,0,0,0,0,0,0,0,0,0,0,0,0,,,0,,0,0,0,0,0,0,0,0,0,0,,0,0,0,0,0,14,22,161,0,0,0,297,31,7,1.0596630637301132,0,10,4,1,0,0.5420875420875421,0.036605657237936774,0.062303335431088736,0.09852082065866727,0,3,0,0,0,0,0,0.0,0.0,0,0,0,0,0,0,0,0,0,0,0,0,0,1,5,1,0,0,1,1,0,0,9,251,0,0,0,0,,,0,0,0,0,0,0,0,0,0,0,0,0,,,,0,0,0,0,0,0,0,,0,0,0,0,,0,0,,0,0,0,0,0,0,0,0,0,0,16.1,30.1
00-0034302,F.Luvu,Frankie Luvu,LB,LB,"https://static.www.nfl.com/image/upload/f_auto,q_auto/league/tirwphxxgjmqhf2ucs9h",2023,REG,CAR,17,0,0,0,0,0,0,0,0,0,0,0,0,,,0,,0,0,0,0,0,0,0,0,0,0,,0,0,0,0,0,0,0,0,0,0,0,0,0,0,,0,0,0,0,0,,0.0,0.0,0.0,0,54,12,59,8,60,2,5.5,47.0,11,0,0,5,0,0,0,0,0,0,0,0,0,0,0,0,0,0,0,0,0,0,0,0,0,0,0,0,,,0,0,0,0,0,0,0,0,0,0,0,0,,,,0,0,0,0,0,0,0,,0,0,0,0,,0,0,,0,0,0,0,0,0,0,0,0,0,0.0,0.0
00-0034310,C.James,Craig James,DB,DB,"https://static.www.nfl.com/image/private/f_auto,q_auto/league/iubtgzz9ns7gmikolo9n",2023,REG,NYJ,1,0,0,0,0,0,0,0,0,0,0,0,0,,,0,,0,0,0,0,0,0,0,0,0,0,,0,0,0,0,0,0,0,0,0,0,0,0,0,0,,0,0,0,0,0,,0.0,0.0,0.0,0,1,0,0,0,0,0,0.0,0.0,0,0,0,1,0,0,0,0,0,0,0,0,0,0,0,0,0,0,0,0,0,0,0,0,0,0,0,0,,,0,0,0,0,0,0,0,0,0,0,0,0,,,,0,0,0,0,0,0,0,,0,0,0,0,,0,0,,0,0,0,0,0,0,0,0,0,0,0.0,0.0
00-0034317,K.Kirkwood,Keith Kirkwood,WR,WR,"https://static.www.nfl.com/image/upload/f_auto,q_auto/league/syie2sezwnpvbjqq5xpn",2023,REG,NO,7,0,0,0,0,0,0,0,0,0,0,0,0,,,0,,0,0,0,0,0,0,0,0,0,0,,0,0,0,0,0,5,9,37,1,0,0,91,1,3,2.2577621507807635,0,1,0,0,0,0.4065934065934066,0.015544041450777202,0.01814194577352472,0.0360154242176331,0,0,0,1,0,0,0,0.0,0.0,0,0,0,0,0,0,0,0,0,0,0,0,0,1,10,0,0,0,0,0,0,0,0,0,0,0,0,0,,,0,0,0,0,0,0,0,0,0,0,0,0,,,,0,0,0,0,0,0,0,,0,0,0,0,,0,0,,0,0,0,0,0,0,0,0,0,0,9.7,14.7
00-0034320,K.Street,Kentavius Street,DE,DL,"https://static.www.nfl.com/image/upload/f_auto,q_auto/league/r1ie0jaeux86ri5hejel",2023,REG,ATL,10,0,0,0,0,0,0,0,0,0,0,0,0,,,0,,0,0,0,0,0,0,0,0,0,0,,0,0,0,0,0,0,0,0,0,0,0,0,0,0,,0,0,0,0,0,,0.0,0.0,0.0,0,7,4,7,3,4,0,1.0,2.0,1,0,0,1,0,0,0,0,0,0,1,0,0,1,5,0,0,0,0,0,0,0,0,0,0,0,0,0,,,0,0,0,0,0,0,0,0,0,0,0,0,,,,0,0,0,0,0,0,0,,0,0,0,0,,0,0,,0,0,0,0,0,0,0,0,0,0,0.0,0.0
00-0034333,D.Payne,Daron Payne,NT,DL,"https://static.www.nfl.com/image/upload/f_auto,q_auto/league/wyy5j7epmu2idqfwjhcr",2023,REG,WAS,17,0,0,0,0,0,0,0,0,0,0,0,0,,,0,,0,0,0,0,0,0,0,0,0,0,,0,0,0,0,0,0,0,0,0,0,0,0,0,0,,0,0,0,0,0,,0.0,0.0,0.0,0,25,7,21,11,39,2,4.0,24.5,11,0,0,4,0,0,0,0,0,0,2,0,0,3,15,0,0,0,0,0,0,0,0,0,0,0,0,0,,,0,0,0,0,0,0,0,0,0,0,0,0,,,,0,0,0,0,0,0,0,,0,0,0,0,,0,0,,0,0,0,0,0,0,0,0,0,0,0.0,0.0
00-0034337,G.Stroman,Greg Stroman,CB,DB,"https://static.www.nfl.com/image/upload/f_auto,q_auto/league/h9lcuxan1kd6uqsyuulq",2023,REG,CHI,4,0,0,0,0,0,0,0,0,0,0,0,0,,,0,,0,0,0,0,0,0,0,0,0,0,,0,0,0,0,0,0,0,0,0,0,0,0,0,0,,0,0,0,0,0,,0.0,0.0,0.0,0,11,1,7,3,13,0,1.0,9.0,1,1,0,1,0,0,0,0,0,0,0,0,0,1,7,0,0,0,0,0,0,0,0,0,0,0,0,0,,,0,0,0,0,0,0,0,0,0,0,0,0,,,,0,0,0,0,0,0,0,,0,0,0,0,,0,0,,0,0,0,0,0,0,0,0,0,0,0.0,0.0
00-0034342,Q.Nelson,Quenton Nelson,G,OL,"https://static.www.nfl.com/image/upload/f_auto,q_auto/league/bzj1mpc7ykpkks4nmokp",2023,REG,IND,7,0,0,0,0,0,0,0,0,0,0,0,0,,,0,,0,0,0,0,0,0,0,0,0,0,,0,0,0,0,0,0,0,0,0,0,0,0,0,0,,0,0,0,0,0,,0.0,0.0,0.0,0,1,0,0,0,0,0,0.0,0.0,0,0,0,0,0,0,0,0,0,0,0,0,0,6,45,0,0,0,0,0,0,0,0,0,0,0,0,0,,,0,0,0,0,0,0,0,0,0,0,0,0,,,,0,0,0,0,0,0,0,,0,0,0,0,,0,0,,0,0,0,0,0,0,0,0,0,0,0.0,0.0
00-0034344,M.Davenport,Marcus Davenport,DE,DL,"https://static.www.nfl.com/image/upload/f_auto,q_auto/league/hauze2vwdskhaiqjifk1",2023,REG,MIN,2,0,0,0,0,0,0,0,0,0,0,0,0,,,0,,0,0,0,0,0,0,0,0,0,0,,0,0,0,0,0,0,0,0,0,0,0,0,0,0,,0,0,0,0,0,,0.0,0.0,0.0,0,2,1,4,2,17,0,2.0,17.0,4,0,0,0,0,0,0,0,0,0,0,0,0,0,0,0,0,0,0,0,0,0,0,0,0,0,0,0,,,0,0,0,0,0,0,0,0,0,0,0,0,,,,0,0,0,0,0,0,0,,0,0,0,0,,0,0,,0,0,0,0,0,0,0,0,0,0,0.0,0.0
00-0034345,F.Ragnow,Frank Ragnow,G,OL,"https://static.www.nfl.com/image/upload/f_auto,q_auto/league/mequnmjjuonmyvhuxuu2",2023,REG,DET,3,0,0,0,0,0,0,0,0,0,0,0,0,,,0,,0,0,0,0,0,0,0,0,0,0,,0,0,0,0,0,0,0,0,0,0,0,0,0,0,,0,0,0,0,0,,0.0,0.0,0.0,0,0,0,0,0,0,0,0.0,0.0,0,0,0,0,0,0,0,0,0,-10,0,0,0,3,25,0,1,0,1,0,0,0,0,0,0,0,0,0,,,0,0,0,0,0,0,0,0,0,0,0,0,,,,0,0,0,0,0,0,0,,0,0,0,0,,0,0,,0,0,0,0,0,0,0,0,0,0,0.0,0.0
00-0034346,W.Hernandez,Will Hernandez,G,OL,"https://static.www.nfl.com/image/upload/f_auto,q_auto/league/ut7l385k6rcyhgsh7q40",2023,REG,ARI,1,0,0,0,0,0,0,0,0,0,0,0,0,,,0,,0,0,0,0,0,0,0,0,0,0,,0,0,0,0,0,0,0,0,0,0,0,0,0,0,,0,0,0,0,0,,0.0,0.0,0.0,0,0,0,0,0,0,0,0.0,0.0,0,0,0,0,0,0,0,0,0,0,0,0,0,1,5,0,0,0,0,0,0,0,0,0,0,0,0,0,,,0,0,0,0,0,0,0,0,0,0,0,0,,,,0,0,0,0,0,0,0,,0,0,0,0,,0,0,,0,0,0,0,0,0,0,0,0,0,0.0,0.0
00-0034347,J.Daniels,James Daniels,G,OL,"https://static.www.nfl.com/image/upload/f_auto,q_auto/league/w6h18noq7m3jxrfjytgs",2023,REG,PIT,3,0,0,0,0,0,0,0,0,0,0,0,0,,,0,,0,0,0,0,0,0,0,0,0,0,,0,0,0,0,0,0,0,0,0,0,0,0,0,0,,0,0,0,0,0,,0.0,0.0,0.0,0,0,1,0,0,0,0,0.0,0.0,0,0,0,0,0,0,0,0,0,0,0,0,0,2,15,0,0,0,0,0,0,0,0,0,0,0,0,0,,,0,0,0,0,0,0,0,0,0,0,0,0,,,,0,0,0,0,0,0,0,,0,0,0,0,,0,0,,0,0,0,0,0,0,0,0,0,0,0.0,0.0
00-0034348,C.Sutton,Courtland Sutton,WR,WR,"https://static.www.nfl.com/image/upload/f_auto,q_auto/league/r2sr6cbma4c7wc3isejj",2023,REG,DEN,16,0,0,0,0,0,0,0,0,0,0,0,0,,,0,,0,0,0,0,0,0,0,0,0,0,,0,0,0,0,0,59,90,772,10,3,3,1060,156,37,22.047587154528944,0,32,17,14,2,0.7283018867924528,0.18867924528301888,0.2823654768247203,0.4806747017018326,0,0,0,0,0,0,0,0.0,0.0,0,0,0,0,0,0,0,0,0,0,0,0,0,6,50,3,0,0,3,3,0,0,0,0,0,0,0,0,,,0,0,0,0,0,0,0,0,0,0,0,0,,,,0,0,0,0,0,0,0,,0,0,0,0,,0,0,,0,0,0,0,0,0,0,0,0,0,131.2,190.2
00-0034350,U.Nwosu,Uchenna Nwosu,LB,LB,"https://static.www.nfl.com/image/upload/f_auto,q_auto/league/eovri4ccfixdbtikxbyg",2023,REG,SEA,6,0,0,0,0,0,0,0,0,0,0,0,0,,,0,,0,0,0,0,0,0,0,0,0,0,,0,0,0,0,0,0,0,0,0,0,0,0,0,0,,0,0,0,0,0,,0.0,0.0,0.0,0,11,1,4,3,17,2,2.0,14.0,6,0,0,0,0,0,0,0,0,0,0,0,0,1,5,0,0,0,0,0,0,0,0,0,0,0,0,0,,,0,0,0,0,0,0,0,0,0,0,0,0,,,,0,0,0,0,0,0,0,,0,0,0,0,,0,0,,0,0,0,0,0,0,0,0,0,0,0.0,0.0
00-0034351,D.Goedert,Dallas Goedert,TE,TE,"https://static.www.nfl.com/image/upload/f_auto,q_auto/league/a6ljhwvkehvyiufdx3d1",2023,REG,PHI,14,0,0,0,0,0,0,0,0,0,0,0,0,,,0,,0,0,0,0,1,1,0,0,0,0,-0.45955811988096684,0,0,0,0,0,59,83,592,3,0,0,445,319,33,16.14812831702584,0,24,12,6,1,1.3303370786516855,0.1580952380952381,0.09186622625928985,0.30144921552436005,0,0,0,0,0,0,0,0.0,0.0,0,0,0,0,0,0,0,0,0,0,0,0,0,3,15,0,0,0,0,0,0,0,0,0,0,0,0,0,,,0,0,0,0,0,0,0,0,0,0,0,0,,,,0,0,0,0,0,0,0,,0,0,0,0,,0,0,,0,0,0,0,0,0,0,0,0,0,77.30000000000001,136.3
00-0034352,C.Williams,Connor Williams,C,OL,"https://static.www.nfl.com/image/upload/f_auto,q_auto/league/pmwlc2ff9pjeethlzoit",2023,REG,MIA,5,0,0,0,0,0,0,0,0,0,0,0,0,,,0,,0,0,0,0,0,0,0,0,0,0,,0,0,0,0,0,0,0,0,0,0,0,0,0,0,,0,0,0,0,0,,0.0,0.0,0.0,0,0,0,0,0,0,0,0.0,0.0,0,0,0,0,0,0,0,0,0,0,0,0,0,6,53,0,0,0,0,0,0,0,0,0,0,0,0,0,,,0,0,0,0,0,0,0,0,0,0,0,0,,,,0,0,0,0,0,0,0,,0,0,0,0,,0,0,,0,0,0,0,0,0,0,0,0,0,0.0,0.0
00-0034355,M.Stewart,M.J. Stewart,SAF,DB,"https://static.www.nfl.com/image/upload/f_auto,q_auto/league/ks5w5s7jghanmslipbfs",2023,REG,HOU,4,0,0,0,0,0,0,0,0,0,0,0,0,,,0,,0,0,0,0,0,0,0,0,0,0,,0,0,0,0,0,0,0,0,0,0,0,0,0,0,,0,0,0,0,0,,0.0,0.0,0.0,0,13,0,9,0,0,1,0.0,0.0,0,0,0,0,0,0,0,0,0,0,1,0,0,1,8,0,0,0,0,0,0,0,0,0,0,0,0,0,,,0,0,0,0,0,0,0,0,0,0,0,0,,,,0,0,0,0,0,0,0,,0,0,0,0,,0,0,,0,0,0,0,0,0,0,0,0,0,0.0,0.0
00-0034356,D.Jackson,Donte Jackson,CB,DB,"https://static.www.nfl.com/image/upload/f_auto,q_auto/league/nliq6ydokq7tica1y1gq",2023,REG,CAR,16,0,0,0,0,0,0,0,0,0,0,0,0,,,0,,0,0,0,0,0,0,0,0,0,0,,0,0,0,0,0,0,0,0,0,0,0,0,0,0,,0,0,0,0,0,,0.0,0.0,0.0,0,44,5,10,1,4,1,0.0,0.0,0,0,0,5,0,0,0,0,0,0,0,0,0,4,54,0,0,0,0,0,0,0,0,0,0,0,0,0,,,0,0,0,0,0,0,0,0,0,0,0,0,,,,0,0,0,0,0,0,0,,0,0,0,0,,0,0,,0,0,0,0,0,0,0,0,0,0,0.0,0.0
00-0034357,I.Oliver,Isaiah Oliver,FS,DB,"https://static.www.nfl.com/image/upload/f_auto,q_auto/league/s5m8lnvv8xcidpvkyyd4",2023,REG,SF,15,0,0,0,0,0,0,0,0,0,0,0,0,,,0,,0,0,0,0,0,0,0,0,0,0,,0,0,0,0,0,0,0,0,0,0,0,0,0,0,,0,0,0,0,0,,0.0,0.0,0.0,0,39,9,19,1,8,0,0.0,0.0,3,1,3,2,0,0,0,0,0,0,1,0,0,2,20,0,0,0,0,0,0,0,0,0,0,0,0,0,,,0,0,0,0,0,0,0,0,0,0,0,0,,,,0,0,0,0,0,0,0,,0,0,0,0,,0,0,,0,0,0,0,0,0,0,0,0,0,0.0,0.0
00-0034359,Ty.Lewis,Tyquan Lewis,DE,DL,"https://static.www.nfl.com/image/upload/f_auto,q_auto/league/d47ganmptjxxpyhctc8x",2023,REG,IND,16,0,0,0,0,0,0,0,0,0,0,0,0,,,0,,0,0,0,0,0,0,0,0,0,0,,0,0,0,0,0,0,0,0,0,0,0,0,0,0,,0,0,0,0,0,,0.0,0.0,0.0,0,12,6,7,7,35,0,4.0,28.5,13,0,0,3,0,0,0,0,0,0,0,0,0,1,5,0,0,0,0,0,0,0,0,0,0,0,0,0,,,0,0,0,0,0,0,0,0,0,0,0,0,,,,0,0,0,0,0,0,0,,0,0,0,0,,0,0,,0,0,0,0,0,0,0,0,0,0,0.0,0.0
00-0034360,L.Carter,Lorenzo Carter,LB,LB,"https://static.www.nfl.com/image/upload/f_auto,q_auto/league/gdpt5q1cisicb1uv7xfq",2023,REG,ATL,16,0,0,0,0,0,0,0,0,0,0,0,0,,,0,,0,0,0,0,0,0,0,0,0,0,,0,0,0,0,0,0,0,0,0,0,0,0,0,0,,0,0,0,0,0,,0.0,0.0,0.0,0,21,3,11,4,27,1,3.0,33.0,9,0,0,1,0,0,0,0,0,0,2,19,0,0,0,0,0,0,0,0,0,0,0,0,0,0,0,0,,,0,0,0,0,0,0,0,0,0,0,0,0,,,,0,0,0,0,0,0,0,,0,0,0,0,,0,0,,0,0,0,0,0,0,0,0,0,0,0.0,0.0
00-0034361,J.Reid,Justin Reid,S,DB,"https://static.www.nfl.com/image/upload/f_auto,q_auto/league/ysi7vrkwfhei6adamgb3",2023,REG,KC,16,0,0,0,0,0,0,0,0,0,0,0,0,,,0,,0,0,0,0,0,0,0,0,0,0,,0,0,0,0,0,0,0,0,0,0,0,0,0,0,,0,0,0,0,0,,0.0,0.0,0.0,0,66,8,21,4,17,1,3.0,16.0,5,1,11,7,0,0,0,0,0,0,0,0,0,3,30,0,0,0,0,0,0,0,0,0,0,0,0,0,,,0,0,0,0,0,0,0,0,0,0,0,0,,,,0,0,0,0,0,0,0,,0,0,0,0,,0,0,,0,0,0,0,0,0,0,0,0,0,0.0,0.0
00-0034363,D.Senat,Deadrin Senat,DT,DL,"https://static.www.nfl.com/image/upload/f_auto,q_auto/league/sucwsbeicdiplgr73tay",2023,REG,TB,1,0,0,0,0,0,0,0,0,0,0,0,0,,,0,,0,0,0,0,0,0,0,0,0,0,,0,0,0,0,0,0,0,0,0,0,0,0,0,0,,0,0,0,0,0,,0.0,0.0,0.0,0,0,1,0,0,0,0,0.0,0.0,0,0,0,0,0,0,0,0,0,0,0,0,0,0,0,0,0,0,0,0,0,0,0,0,0,0,0,0,,,0,0,0,0,0,0,0,0,0,0,0,0,,,,0,0,0,0,0,0,0,,0,0,0,0,,0,0,,0,0,0,0,0,0,0,0,0,0,0.0,0.0
00-0034364,J.Akins,Jordan Akins,TE,TE,"https://static.www.nfl.com/image/private/f_auto,q_auto/league/fgkl9zfpy2yxrkxfge84",2023,REG,CLE,13,0,0,0,0,0,0,0,0,0,0,0,0,,,0,,0,0,0,0,0,0,0,0,0,0,,0,0,0,0,0,15,23,132,0,0,0,109,58,6,-1.0378406735835597,0,5,1,1,0,1.2110091743119267,0.038525963149078725,0.0205699188526137,0.07218788792044768,0,0,0,0,0,0,0,0.0,0.0,0,0,0,0,0,0,0,0,0,0,0,0,0,0,0,0,0,0,0,0,0,0,0,0,0,0,0,0,,,0,0,0,0,0,0,0,0,0,0,0,0,,,,0,0,0,0,0,0,0,,0,0,0,0,,0,0,,0,0,0,0,0,0,0,0,0,0,13.200000000000001,28.200000000000003
00-0034365,I.Thomas,Ian Thomas,TE,TE,"https://static.www.nfl.com/image/upload/f_auto,q_auto/league/gvpwnq0mjefjlekgzxro",2023,REG,CAR,8,0,0,0,0,0,0,0,0,0,0,0,0,,,0,,0,0,0,0,0,0,0,0,0,0,,0,0,0,0,0,5,9,56,0,0,0,78,33,1,-7.67592188360868,0,1,1,1,0,0.717948717948718,0.016853932584269662,0.01740294511378849,0.03746296045605643,0,1,0,0,0,0,0,0.0,0.0,0,0,0,0,0,0,0,0,0,0,0,0,0,2,25,0,0,0,0,0,0,0,0,0,0,0,0,0,,,0,0,0,0,0,0,0,0,0,0,0,0,,,,0,0,0,0,0,0,0,,0,0,0,0,,0,0,,0,0,0,0,0,0,0,0,0,0,5.6000000000000005,10.600000000000001
00-0034368,J.Jewell,Josey Jewell,ILB,LB,"https://static.www.nfl.com/image/upload/f_auto,q_auto/league/kzgkkm7e7uqslan5amxh",2023,REG,DEN,16,0,0,0,0,0,0,0,0,0,0,0,0,,,0,,0,0,0,0,0,0,0,0,0,0,,0,0,0,0,0,0,0,0,0,0,0,0,0,0,,0,0,0,0,0,,0.0,0.0,0.0,0,45,15,48,2,9,2,3.0,16.0,3,0,0,3,0,0,0,0,0,0,3,10,0,1,5,0,0,0,0,0,0,0,0,0,0,0,0,0,,,0,0,0,0,0,0,0,0,0,0,0,0,,,,0,0,0,0,0,0,0,,0,0,0,0,,0,0,,0,0,0,0,0,0,0,0,0,0,0.0,0.0
00-0034371,D.Hand,Da'Shawn Hand,DE,DL,"https://static.www.nfl.com/image/upload/f_auto,q_auto/league/n3ujcvyv6nl5oletxa6g",2023,REG,MIA,10,0,0,0,0,0,0,0,0,0,0,0,0,,,0,,0,0,0,0,0,0,0,0,0,0,,0,0,0,0,0,0,0,0,0,0,0,0,0,0,,0,0,0,0,0,,0.0,0.0,0.0,0,5,1,11,1,11,0,1.0,11.0,3,0,0,2,0,0,0,0,0,0,0,0,0,0,0,0,0,0,0,0,0,0,0,0,0,0,0,0,,,0,0,0,0,0,0,0,0,0,0,0,0,,,,0,0,0,0,0,0,0,,0,0,0,0,,0,0,,0,0,0,0,0,0,0,0,0,0,0.0,0.0
00-0034373,D.Armstrong,Dorance Armstrong,DE,DL,"https://static.www.nfl.com/image/upload/f_auto,q_auto/league/cdapnpgtde1mdf7r8l5e",2023,REG,DAL,17,0,0,0,0,0,0,0,0,0,0,0,0,,,0,,0,0,0,0,0,0,0,0,0,0,,0,0,0,0,0,0,0,0,0,0,0,0,0,0,,0,0,0,0,0,,0.0,0.0,0.0,0,17,3,18,6,30,0,7.5,40.5,12,0,0,1,0,0,0,0,0,0,0,0,0,1,5,0,0,0,0,0,0,0,0,0,0,0,0,0,,,0,0,0,0,0,0,0,0,0,0,0,0,,,,0,0,0,0,0,0,0,,0,0,0,0,,0,0,,0,0,0,0,0,0,0,0,0,0,0.0,0.0
00-0034374,J.Whitehead,Jordan Whitehead,FS,DB,"https://static.www.nfl.com/image/upload/f_auto,q_auto/league/ex3cknffjss7ez1fwymu",2023,REG,NYJ,16,0,0,0,0,0,0,0,0,0,0,0,0,,,0,,0,0,0,0,0,0,0,0,0,0,,0,0,0,0,0,0,0,0,0,0,0,0,0,0,,0,0,0,0,0,,0.0,0.0,0.0,0,54,11,32,1,2,0,0.5,6.5,1,4,6,9,0,0,0,0,0,0,0,0,0,1,0,0,0,0,0,0,0,0,0,0,0,0,0,0,,,0,0,0,0,0,0,0,0,0,0,0,0,,,,0,0,0,0,0,0,0,,0,0,0,0,,0,0,,0,0,0,0,0,0,0,0,0,0,0.0,0.0
00-0034375,K.White,Kyzir White,OLB,LB,"https://static.www.nfl.com/image/upload/f_auto,q_auto/league/n5sjtcxydtaszz7yeyqw",2023,REG,ARI,11,0,0,0,0,0,0,0,0,0,0,0,0,,,0,,0,0,0,0,0,0,0,0,0,0,,0,0,0,0,0,0,0,0,0,0,0,0,0,0,,0,0,0,0,0,,0.0,0.0,0.0,0,46,7,37,8,24,0,2.0,10.0,2,1,0,3,0,0,0,0,0,0,0,0,0,3,31,0,0,0,0,0,0,0,0,0,0,0,0,0,,,0,0,0,0,0,0,0,0,0,0,0,0,,,,0,0,0,0,0,0,0,,0,0,0,0,,0,0,,0,0,0,0,0,0,0,0,0,0,0.0,0.0
00-0034376,Ta.Johnson,Taron Johnson,CB,DB,"https://static.www.nfl.com/image/upload/f_auto,q_auto/league/xdvo4thpmwbehsfwpedb",2023,REG,BUF,16,0,0,0,0,0,0,0,0,0,0,0,0,,,0,,0,0,0,0,0,0,0,0,0,0,,0,0,0,0,0,0,0,0,0,0,0,0,0,0,,0,0,0,0,0,,0.0,0.0,0.0,0,59,13,26,3,3,3,1.0,1.0,2,0,0,8,0,0,0,0,0,0,1,0,0,5,79,0,0,0,0,0,0,0,0,0,0,0,0,0,,,0,0,0,0,0,0,0,0,0,0,0,0,,,,0,0,0,0,0,0,0,,0,0,0,0,,0,0,,0,0,0,0,0,0,0,0,0,0,0.0,0.0
00-0034377,A.Maddox,Avonte Maddox,FS,DB,"https://static.www.nfl.com/image/upload/f_auto,q_auto/league/j2guzeu1ggx5opajjl3h",2023,REG,PHI,4,0,0,0,0,0,0,0,0,0,0,0,0,,,0,,0,0,0,0,0,0,0,0,0,0,,0,0,0,0,0,0,0,0,0,0,0,0,0,0,,0,0,0,0,0,,0.0,0.0,0.0,0,8,0,4,1,4,1,0.0,0.0,0,0,0,2,0,0,0,0,0,0,0,0,0,1,5,0,0,0,0,0,0,0,0,0,0,0,0,0,,,0,0,0,0,0,0,0,0,0,0,0,0,,,,0,0,0,0,0,0,0,,0,0,0,0,,0,0,,0,0,0,0,0,0,0,0,0,0,0.0,0.0
00-0034381,J.Sweat,Josh Sweat,LB,LB,"https://static.www.nfl.com/image/upload/f_auto,q_auto/league/zryjvbggvdlringt4vcn",2023,REG,PHI,16,0,0,0,0,0,0,0,0,0,0,0,0,,,0,,0,0,0,0,0,0,0,0,0,0,,0,0,0,0,0,0,0,0,0,0,0,0,0,0,,0,0,0,0,0,,0.0,0.0,0.0,0,25,5,13,7,43,2,6.5,49.5,23,0,0,1,0,0,0,0,0,0,0,0,0,6,27,0,0,0,0,0,0,0,0,0,0,0,0,0,,,0,0,0,0,0,0,0,0,0,0,0,0,,,,0,0,0,0,0,0,0,,0,0,0,0,,0,0,,0,0,0,0,0,0,0,0,0,0,0.0,0.0
00-0034382,M.Haynes,Marquis Haynes,LB,LB,"https://static.www.nfl.com/image/private/f_auto,q_auto/league/wnbz9bjtz8wooiq2podb",2023,REG,CAR,7,0,0,0,0,0,0,0,0,0,0,0,0,,,0,,0,0,0,0,0,0,0,0,0,0,,0,0,0,0,0,0,0,0,0,0,0,0,0,0,,0,0,0,0,0,,0.0,0.0,0.0,0,12,1,3,2,10,0,1.0,8.0,2,0,0,0,0,0,0,0,0,0,0,0,0,0,0,0,0,0,0,0,0,0,0,0,0,0,0,0,,,0,0,0,0,0,0,0,0,0,0,0,0,,,,0,0,0,0,0,0,0,,0,0,0,0,,0,0,,0,0,0,0,0,0,0,0,0,0,0.0,0.0
00-0034383,D.Schultz,Dalton Schultz,TE,TE,"https://static.www.nfl.com/image/upload/f_auto,q_auto/league/xbl9mhuamzv5udb4hyzj",2023,REG,HOU,15,0,0,0,0,0,0,0,0,0,0,0,0,,,0,,0,0,0,0,0,0,0,0,0,0,,0,0,0,0,0,59,88,635,5,1,1,669,259,35,24.40579745860059,0,26,13,7,0,0.9491778774289985,0.15547703180212014,0.12922542012748697,0.3236733417924211,0,0,0,0,0,0,0,0.0,0.0,0,0,0,0,0,0,0,0,0,0,0,0,0,1,5,1,0,0,1,1,0,0,0,0,0,0,0,0,,,0,0,0,0,0,0,0,0,0,0,0,0,,,,0,0,0,0,0,0,0,,0,0,0,0,,0,0,,0,0,0,0,0,0,0,0,0,0,91.5,150.5
00-0034384,D.Reed,D.J. Reed,CB,DB,"https://static.www.nfl.com/image/upload/f_auto,q_auto/league/haxt1fpxhgnobin0d5sx",2023,REG,NYJ,15,0,0,0,0,0,0,0,0,0,0,0,0,,,0,,0,0,0,0,0,0,0,0,0,0,,0,0,0,0,0,0,0,0,0,0,0,0,0,0,,0,0,0,0,0,,0.0,0.0,0.0,0,56,6,14,2,3,1,0.0,0.0,0,1,0,9,0,0,0,0,0,0,0,0,0,6,40,0,0,0,0,0,0,0,0,0,0,0,0,0,,,0,0,0,0,0,0,0,0,0,0,0,0,,,,0,0,0,0,0,0,0,,0,0,0,0,,0,0,,0,0,0,0,0,0,0,0,0,0,0.0,0.0
00-0034385,J.Bentley,Ja'Whaun Bentley,LB,LB,"https://static.www.nfl.com/image/private/f_auto,q_auto/league/e8rbhbuuaspg5rg9djyp",2023,REG,NE,16,0,0,0,0,0,0,0,0,0,0,0,0,,,0,,0,0,0,0,0,0,0,0,0,0,,0,0,0,0,0,0,0,0,0,0,0,0,0,0,,0,0,0,0,0,,0.0,0.0,0.0,0,43,12,59,5,16,1,4.5,13.5,12,0,0,3,0,0,0,0,0,0,0,0,0,0,0,0,0,0,0,0,0,0,0,0,0,0,0,0,,,0,0,0,0,0,0,0,0,0,0,0,0,,,,0,0,0,0,0,0,0,,0,0,0,0,,0,0,,0,0,0,0,0,0,0,0,0,0,0.0,0.0
00-0034386,Ju.Watson,Justin Watson,WR,WR,"https://static.www.nfl.com/image/upload/f_auto,q_auto/league/unqrnkfpqg7juhlbyp4v",2023,REG,KC,15,0,0,0,0,0,0,0,0,0,0,0,0,,,0,,0,0,0,0,0,0,0,0,0,0,,0,0,0,0,0,27,53,460,3,1,1,928,47,21,4.295495750731789,0,19,12,8,1,0.4956896551724138,0.08848080133555926,0.22661782661782662,0.2913536806358175,0,2,0,0,0,0,0,0.0,0.0,0,0,0,0,0,0,0,0,0,0,0,0,0,1,15,1,0,0,1,1,0,0,0,0,0,0,0,0,,,0,0,0,0,0,0,0,0,0,0,0,0,,,,0,0,0,0,0,0,0,,0,0,0,0,,0,0,,0,0,0,0,0,0,0,0,0,0,62.0,89.0
00-0034387,B.Nichols,Bilal Nichols,DT,DL,"https://static.www.nfl.com/image/upload/f_auto,q_auto/league/ukjuxv7bxvbfnciod79v",2023,REG,LV,16,0,0,0,0,0,0,0,0,0,0,0,0,,,0,,0,0,0,0,0,0,0,0,0,0,,0,0,0,0,0,0,0,0,0,0,0,0,0,0,,0,0,0,0,0,,0.0,0.0,0.0,0,19,6,23,4,14,0,1.5,3.0,2,0,0,1,0,0,0,0,0,0,1,8,1,0,0,0,0,0,0,0,0,0,0,0,0,0,0,0,,,0,0,0,0,0,0,0,0,0,0,0,0,,,,0,0,0,0,0,0,0,,0,0,0,0,,0,0,,0,0,0,0,0,0,0,0,0,0,0.0,0.0
00-0034391,S.Neal,Siran Neal,DB,DB,"https://static.www.nfl.com/image/upload/f_auto,q_auto/league/kq7kbeol3boyczqkm9jx",2023,REG,BUF,10,0,0,0,0,0,0,0,0,0,0,0,0,,,0,,0,0,0,0,0,0,0,0,0,0,,0,0,0,0,0,0,0,0,0,0,0,0,0,0,,0,0,0,0,0,,0.0,0.0,0.0,0,9,0,4,0,0,0,0.0,0.0,0,0,0,0,0,0,0,0,0,0,0,0,0,3,27,0,0,0,0,0,0,0,0,0,0,0,0,0,,,0,0,0,0,0,0,0,0,0,0,0,0,,,,0,0,0,0,0,0,0,,0,0,0,0,,0,0,,0,0,0,0,0,0,0,0,0,0,0.0,0.0
00-0034397,T.Settle,Tim Settle,DT,DL,"https://static.www.nfl.com/image/upload/f_auto,q_auto/league/jhb7b9b6r8yybbltih4v",2023,REG,BUF,12,0,0,0,0,0,0,0,0,0,0,0,0,,,0,,0,0,0,0,0,0,0,0,0,0,,0,0,0,0,0,0,0,0,0,0,0,0,0,0,,0,0,0,0,0,,0.0,0.0,0.0,0,7,2,5,1,4,0,1.0,4.0,2,0,0,0,0,0,0,0,0,0,0,0,0,2,20,0,0,0,0,0,0,0,0,0,0,0,0,0,,,0,0,0,0,0,0,0,0,0,0,0,0,,,,0,0,0,0,0,0,0,,0,0,0,0,,0,0,,0,0,0,0,0,0,0,0,0,0,0.0,0.0
00-0034399,W.Teller,Wyatt Teller,G,OL,"https://static.www.nfl.com/image/upload/f_auto,q_auto/league/cssfbsfmyuubkg0js8ni",2023,REG,CLE,7,0,0,0,0,0,0,0,0,0,0,0,0,,,0,,0,0,0,0,0,0,0,0,0,0,,0,0,0,0,0,0,0,0,0,0,0,0,0,0,,0,0,0,0,0,,0.0,0.0,0.0,0,2,0,1,0,0,0,0.0,0.0,0,0,0,0,0,0,0,0,1,0,0,0,0,4,28,0,0,0,0,0,0,0,0,0,0,0,0,0,,,0,0,0,0,0,0,0,0,0,0,0,0,,,,0,0,0,0,0,0,0,,0,0,0,0,,0,0,,0,0,0,0,0,0,0,0,0,0,0.0,0.0
00-0034401,M.White,Mike White,QB,QB,"https://static.www.nfl.com/image/upload/f_auto,q_auto/league/ctdcazjooi8u5iyf82vr",2023,REG,MIA,6,5,6,74,1,1,0,0,0,0,23,51,1,-7.240901717566885,8.786096175511679,0,3.217391304347826,1,1,1,1,8,-9,0,1,1,0,-11.80669235586538,0,0,0,0,0,0,0,0,0,0,0,0,0,0,,0,0,0,0,0,,0.0,0.0,0.0,0,0,0,0,0,0,0,0.0,0.0,0,0,0,0,0,0,0,0,0,-4,0,0,0,0,0,0,1,0,1,1,0,0,0,0,0,0,0,0,,,0,0,0,0,0,0,0,0,0,0,0,0,,,,0,0,0,0,0,0,0,,0,0,0,0,,0,0,,0,0,0,0,0,0,0,0,0,0,2.0599999999999996,2.0599999999999996
00-0034407,R.McCloud,Ray-Ray McCloud,WR,WR,"https://static.www.nfl.com/image/upload/f_auto,q_auto/league/nvwn3sdihyyd2itjt7vy",2023,REG,SF,12,0,0,0,0,0,0,0,0,0,0,0,0,,,0,,0,0,0,0,3,30,0,0,0,2,1.9398944369750097,0,1,1,0,0,12,15,135,0,0,0,94,87,7,2.3845920271705836,0,5,2,2,1,1.4361702127659575,0.03184713375796178,0.0233947237431558,0.06414700725715174,0,1,0,0,0,0,0,0.0,0.0,0,0,0,0,0,1,0,0,0,0,0,0,0,0,0,1,0,0,1,0,24,203,10,225,0,0,0,0,,,0,0,0,0,0,0,0,0,0,0,0,0,,,,0,0,0,0,0,0,0,,0,0,0,0,,0,0,,0,0,0,0,0,0,0,0,0,0,16.5,28.5
00-0034413,F.Oluokun,Foye Oluokun,LB,LB,"https://static.www.nfl.com/image/private/f_auto,q_auto/league/ldsewkhf1k2uxwcud0bj",2023,REG,JAX,17,0,0,0,0,0,0,0,0,0,0,0,0,,,0,,0,0,0,0,0,0,0,0,0,0,,0,0,0,0,0,0,0,0,0,0,0,0,0,0,,0,0,0,0,0,,0.0,0.0,0.0,0,91,20,62,6,21,1,2.5,13.0,10,1,24,6,1,0,0,0,1,0,2,0,0,1,32,0,0,0,0,0,0,0,0,0,0,0,0,0,,,0,0,0,0,0,0,0,0,0,0,0,0,,,,0,0,0,0,0,0,0,,0,0,0,0,,0,0,,0,0,0,0,0,0,0,0,0,0,0.0,0.0
00-0034414,B.Scott,Boston Scott,RB,RB,"https://static.www.nfl.com/image/upload/f_auto,q_auto/league/drf1wvqkjdvtu1rtxvfe",2023,REG,PHI,12,0,0,0,0,0,0,0,0,0,0,0,0,,,0,,0,0,0,0,20,86,0,0,0,5,-3.1741028486867435,0,2,1,0,0,4,6,52,0,0,0,31,43,2,2.976363208494149,0,2,1,1,0,1.6774193548387097,0.011428571428571429,0.006399669694467382,0.021622625928984313,0,0,0,1,0,0,0,0.0,0.0,0,0,0,0,0,0,0,0,0,0,0,0,0,0,0,1,0,0,1,1,0,0,8,170,0,0,0,0,,,0,0,0,0,0,0,0,0,0,0,0,0,,,,0,0,0,0,0,0,0,,0,0,0,0,,0,0,,0,0,0,0,0,0,0,0,0,0,13.8,17.8
00-0034417,M.Pryor,Matt Pryor,OT,OL,"https://static.www.nfl.com/image/upload/f_auto,q_auto/league/bkhsm8by729olvyrixw9",2023,REG,SF,1,0,0,0,0,0,0,0,0,0,0,0,0,,,0,,0,0,0,0,0,0,0,0,0,0,,0,0,0,0,0,0,0,0,0,0,0,0,0,0,,0,0,0,0,0,,0.0,0.0,0.0,0,0,0,0,0,0,0,0.0,0.0,0,0,0,0,0,0,0,0,0,0,0,0,0,1,5,0,0,0,0,0,0,0,0,0,0,0,0,0,,,0,0,0,0,0,0,0,0,0,0,0,0,,,,0,0,0,0,0,0,0,,0,0,0,0,,0,0,,0,0,0,0,0,0,0,0,0,0,0.0,0.0
00-0034418,C.Wilson,Cedrick Wilson Jr.,WR,WR,"https://static.www.nfl.com/image/upload/f_auto,q_auto/league/cf6fmi91zijiovftx9qk",2023,REG,MIA,11,0,0,0,0,0,1,-7,0,0,0,0,0,-1.3574523675488308,,0,,0,0,0,0,0,0,0,0,0,0,,0,0,0,0,0,22,38,296,3,0,0,429,57,14,0.44893637045177215,0,13,9,5,0,0.6899766899766899,0.0692167577413479,0.09962842545285648,0.17356503442902138,0,0,0,0,0,0,0,0.0,0.0,0,0,0,0,0,0,0,0,0,0,0,0,0,2,15,0,0,0,0,0,4,30,0,0,0,0,0,0,,,0,0,0,0,0,0,0,0,0,0,0,0,,,,0,0,0,0,0,0,0,,0,0,0,0,,0,0,,0,0,0,0,0,0,0,0,0,0,47.6,69.6
00-0034419,B.Berrios,Braxton Berrios,WR,WR,"https://static.www.nfl.com/image/upload/f_auto,q_auto/league/striwxmn9t0ixherw7l8",2023,REG,MIA,16,0,0,0,0,0,0,0,0,0,0,0,0,,,0,,0,0,0,0,1,11,0,0,0,1,0.7298046299256384,0,1,0,0,0,27,33,238,1,0,0,229,85,15,10.86630826399778,0,13,3,1,0,1.039301310043668,0.060109289617486336,0.0531816070599164,0.12739105936817097,0,0,0,0,0,0,0,0.0,0.0,0,0,0,0,0,1,0,0,2,0,0,0,0,0,0,0,1,0,1,0,23,235,18,441,0,0,0,0,,,0,0,0,0,0,0,0,0,0,0,0,0,,,,0,0,0,0,0,0,0,,0,0,0,0,,0,0,,0,0,0,0,0,0,0,0,0,0,30.900000000000002,57.900000000000006
00-0034424,M.Adams,Matthew Adams,OLB,LB,"https://static.www.nfl.com/image/upload/f_auto,q_auto/league/czuncqaya4qcf5guud1f",2023,REG,CLE,9,0,0,0,0,0,0,0,0,0,0,0,0,,,0,,0,0,0,0,0,0,0,0,0,0,,0,0,0,0,0,0,0,0,0,0,0,0,0,0,,0,0,0,0,0,,0.0,0.0,0.0,0,10,1,6,0,0,1,0.0,0.0,0,0,0,0,0,0,0,0,0,0,0,0,0,1,10,0,0,0,0,0,0,0,0,0,0,0,0,0,,,0,0,0,0,0,0,0,0,0,0,0,0,,,,0,0,0,0,0,0,0,,0,0,0,0,,0,0,,0,0,0,0,0,0,0,0,0,0,0.0,0.0
00-0034429,J.Mailata,Jordan Mailata,OT,OL,"https://static.www.nfl.com/image/upload/f_auto,q_auto/league/vpfwqsmjzkby3auc0m5q",2023,REG,PHI,7,0,0,0,0,0,0,0,0,0,0,0,0,,,0,,0,0,0,0,0,0,0,0,0,0,,0,0,0,0,0,0,0,0,0,0,0,0,0,0,,0,0,0,0,0,,0.0,0.0,0.0,0,1,0,0,0,0,0,0.0,0.0,0,0,0,0,0,0,0,0,0,0,0,0,0,7,55,0,0,0,0,0,0,0,0,0,0,0,0,0,,,0,0,0,0,0,0,0,0,0,0,0,0,,,,0,0,0,0,0,0,0,,0,0,0,0,,0,0,,0,0,0,0,0,0,0,0,0,0,0.0,0.0
00-0034430,A.Smith,Andre Smith,LB,LB,"https://static.www.nfl.com/image/private/f_auto,q_auto/league/qhetc78j5dmrlzwhpk1o",2023,REG,ATL,4,0,0,0,0,0,0,0,0,0,0,0,0,,,0,,0,0,0,0,0,0,0,0,0,0,,0,0,0,0,0,0,0,0,0,0,0,0,0,0,,0,0,0,0,0,,0.0,0.0,0.0,0,10,3,6,0,0,1,0.0,0.0,0,0,0,1,0,0,0,0,0,0,1,0,0,0,0,0,0,0,0,0,0,0,0,0,0,0,0,0,,,0,0,0,0,0,0,0,0,0,0,0,0,,,,0,0,0,0,0,0,0,,0,0,0,0,,0,0,,0,0,0,0,0,0,0,0,0,0,0.0,0.0
00-0034431,Z.Franklin,Zaire Franklin,OLB,LB,"https://static.www.nfl.com/image/upload/f_auto,q_auto/league/sjssdwwimkrgh3jzuo89",2023,REG,IND,16,0,0,0,0,0,0,0,0,0,0,0,0,,,0,,0,0,0,0,0,0,0,0,0,0,,0,0,0,0,0,0,0,0,0,0,0,0,0,0,,0,0,0,0,0,,0.0,0.0,0.0,0,87,20,72,3,17,2,1.5,7.5,3,0,0,6,0,0,0,0,0,0,0,0,0,2,15,0,0,0,0,0,0,0,0,0,0,0,0,0,,,0,0,0,0,0,0,0,0,0,0,0,0,,,,0,0,0,0,0,0,0,,0,0,0,0,,0,0,,0,0,0,0,0,0,0,0,0,0,0.0,0.0
00-0034433,N.Bawden,Nick Bawden,RB,RB,"https://static.www.nfl.com/image/private/f_auto,q_auto/league/rz1cgqj4rvl2xjffxyia",2023,REG,NYJ,6,0,0,0,0,0,0,0,0,0,0,0,0,,,0,,0,0,0,0,2,4,1,0,0,1,0.37360167867154814,0,0,0,0,0,3,3,21,0,0,0,-1,22,1,0.4519133604480885,0,0,0,0,0,-21.0,0.0053285968028419185,-0.00025,0.007817895204262877,0,0,0,0,0,0,0,0.0,0.0,0,0,0,0,0,0,0,0,0,0,0,0,0,2,15,0,0,0,0,0,0,0,0,0,0,0,0,0,,,0,0,0,0,0,0,0,0,0,0,0,0,,,,0,0,0,0,0,0,0,,0,0,0,0,,0,0,,0,0,0,0,0,0,0,0,0,0,8.5,11.5
00-0034436,W.Clapp,Will Clapp,C,OL,"https://static.www.nfl.com/image/upload/f_auto,q_auto/league/wgmd0gzt9anbveqaw55b",2023,REG,LAC,2,0,0,0,0,0,0,0,0,0,0,0,0,,,0,,0,0,0,0,0,0,0,0,0,0,,0,0,0,0,0,0,0,0,0,0,0,0,0,0,,0,0,0,0,0,,0.0,0.0,0.0,0,0,0,1,0,0,0,0.0,0.0,0,0,0,0,0,0,0,0,0,0,0,0,0,1,5,0,0,0,0,0,0,0,0,0,0,0,0,0,,,0,0,0,0,0,0,0,0,0,0,0,0,,,,0,0,0,0,0,0,0,,0,0,0,0,,0,0,,0,0,0,0,0,0,0,0,0,0,0.0,0.0
00-0034437,L.Cooke,Logan Cooke,P,SPEC,"https://static.www.nfl.com/image/upload/f_auto,q_auto/league/tm0qrnirdvbhshxsfhg2",2023,REG,JAX,17,1,1,13,0,0,0,0,0,0,4,9,1,2.5643760072416626,25.2130389213562,0,3.25,1,0,0,0,0,0,0,0,0,0,,0,0,0,0,0,0,0,0,0,0,0,0,0,0,,0,0,0,0,0,,0.0,0.0,0.0,0,0,0,0,0,0,0,0.0,0.0,0,0,0,0,0,0,0,0,0,0,0,0,0,0,0,0,0,0,0,0,0,0,0,0,0,0,0,0,,,0,0,0,0,0,0,0,0,0,0,0,0,,,,0,0,0,0,0,0,0,,0,0,0,0,,61,0,65,2893,29,8,5,4,22,22,143,0,2670,0.52,0.52
00-0034438,L.Woodside,Logan Woodside,QB,QB,"https://static.www.nfl.com/image/upload/f_auto,q_auto/league/hf5rgpjctslpwjzl0er9",2023,REG,ATL,1,3,4,27,0,1,1,-7,0,0,6,29,3,-10.079575101757655,-2.8932034969329834,0,4.5,2,0,0,0,1,6,0,0,0,0,0.325870348373428,0,0,0,0,0,0,0,0,0,0,0,0,0,0,,0,0,0,0,0,,0.0,0.0,0.0,0,0,0,0,0,0,0,0.0,0.0,0,0,0,0,0,0,0,0,0,0,0,0,0,0,0,0,0,0,0,0,0,0,0,0,0,0,0,0,,,0,0,0,0,0,0,0,0,0,0,0,0,,,,0,0,0,0,0,0,0,,0,0,0,0,,0,0,,0,0,0,0,0,0,0,0,0,0,-0.31999999999999984,-0.31999999999999984
00-0034445,N.Gates,Nick Gates,G,OL,"https://static.www.nfl.com/image/upload/f_auto,q_auto/league/mm6y8qrgmgv0nu5jvxbo",2023,REG,WAS,3,0,0,0,0,0,0,0,0,0,0,0,0,,,0,,0,0,0,0,0,0,0,0,0,0,,0,0,0,0,0,0,0,0,0,0,0,0,0,0,,0,0,0,0,0,,0.0,0.0,0.0,0,0,0,0,0,0,0,0.0,0.0,0,0,0,0,0,0,0,0,0,0,0,0,0,3,20,0,0,0,0,0,0,0,0,0,0,0,0,0,,,0,0,0,0,0,0,0,0,0,0,0,0,,,,0,0,0,0,0,0,0,,0,0,0,0,,0,0,,0,0,0,0,0,0,0,0,0,0,0.0,0.0
00-0034446,J.Davis,Jalen Davis,CB,DB,"https://static.www.nfl.com/image/upload/f_auto,q_auto/league/lrtxaeqg5he2bao1hbok",2023,REG,CIN,7,0,0,0,0,0,0,0,0,0,0,0,0,,,0,,0,0,0,0,0,0,0,0,0,0,,0,0,0,0,0,0,0,0,0,0,0,0,0,0,,0,0,0,0,0,,0.0,0.0,0.0,0,3,0,2,0,0,0,0.0,0.0,0,0,0,1,0,0,0,0,1,0,0,0,0,1,5,0,0,0,0,0,0,0,0,0,0,0,0,0,,,0,0,0,0,0,0,0,0,0,0,0,0,,,,0,0,0,0,0,0,0,,0,0,0,0,,0,0,,0,0,0,0,0,0,0,0,0,0,0.0,0.0
00-0034450,G.Joseph,Greg Joseph,K,SPEC,"https://static.www.nfl.com/image/upload/f_auto,q_auto/league/ginorlxfefllpy5kbhsr",2023,REG,MIN,17,0,0,0,0,0,0,0,0,0,0,0,0,,,0,,0,0,0,0,0,0,0,0,0,0,,0,0,0,0,0,0,0,0,0,0,0,0,0,0,,0,0,0,0,0,,0.0,0.0,0.0,0,2,0,0,0,0,0,0.0,0.0,0,0,0,0,0,0,0,0,0,0,0,0,0,0,0,0,0,0,0,0,0,0,0,0,24,30,5,1,54,0.8,1,7,9,3,4,0,0,0,0,2,3,0,25;23;40;29;53;51;21;20;54;25;19;32;31;40;33;34;30;34;36;39;26;54;39;43,57;50;42;54;49,44,831,252,44,36,38,1,1,0.9473684210526315,0,0,0,0,,1,0,14,14,0,0,0,0,0,1,17,0,-3,0.0,0.0
00-0034461,B.Hector,Bruce Hector,DT,DL,"https://static.www.nfl.com/image/upload/f_auto,q_auto/league/qdli9iqgoixoexclb8rz",2023,REG,NYJ,2,0,0,0,0,0,0,0,0,0,0,0,0,,,0,,0,0,0,0,0,0,0,0,0,0,,0,0,0,0,0,0,0,0,0,0,0,0,0,0,,0,0,0,0,0,,0.0,0.0,0.0,0,2,0,2,1,2,0,0.0,0.0,0,0,0,0,0,0,0,0,0,0,0,0,0,0,0,0,0,0,0,0,0,0,0,0,0,0,0,0,,,0,0,0,0,0,0,0,0,0,0,0,0,,,,0,0,0,0,0,0,0,,0,0,0,0,,0,0,,0,0,0,0,0,0,0,0,0,0,0.0,0.0
00-0034465,J.Reaves,Jeremy Reaves,DB,DB,"https://static.www.nfl.com/image/upload/f_auto,q_auto/league/kwmtxcogvel516q4ws86",2023,REG,WAS,4,0,0,0,0,0,0,0,0,0,0,0,0,,,0,,0,0,0,0,0,0,0,0,0,0,,0,0,0,0,0,0,0,0,0,0,0,0,0,0,,0,0,0,0,0,,0.0,0.0,0.0,0,4,0,2,0,0,0,0.0,0.0,0,0,0,0,0,0,0,0,0,0,0,0,0,0,0,0,0,0,0,0,0,0,0,0,0,0,0,0,,,0,0,0,0,0,0,0,0,0,0,0,0,,,,0,0,0,0,0,0,0,,0,0,0,0,,0,0,,0,0,0,0,0,0,0,0,0,0,0.0,0.0
00-0034468,C.Sullivan,Chandon Sullivan,DB,DB,"https://static.www.nfl.com/image/private/f_auto,q_auto/league/jj9b9gdqcee9dzpe6bjx",2023,REG,PIT,13,0,0,0,0,0,0,0,0,0,0,0,0,,,0,,0,0,0,0,0,0,0,0,0,0,,0,0,0,0,0,0,0,0,0,0,0,0,0,0,,0,0,0,0,0,,0.0,0.0,0.0,0,13,1,8,1,1,1,0.0,0.0,0,1,0,6,0,0,0,0,0,0,0,0,0,3,21,0,0,0,0,0,0,0,0,0,0,0,0,0,,,0,0,0,0,0,0,0,0,0,0,0,0,,,,0,0,0,0,0,0,0,,0,0,0,0,,0,0,,0,0,0,0,0,0,0,0,0,0,0.0,0.0
00-0034473,D.Gardeck,Dennis Gardeck,LB,LB,"https://static.www.nfl.com/image/upload/f_auto,q_auto/league/n7dgy1vckfce4ynxeoil",2023,REG,ARI,17,0,0,0,0,0,0,0,0,0,0,0,0,,,0,,0,0,0,0,0,0,0,0,0,0,,0,0,0,0,0,0,0,0,0,0,0,0,0,0,,0,0,0,0,0,,0.0,0.0,0.0,0,29,7,10,6,32,1,6.0,52.0,12,0,0,4,0,0,0,0,0,0,1,2,0,2,30,0,0,0,0,0,0,0,0,0,0,0,0,0,,,0,0,0,0,0,0,0,0,0,0,0,0,,,,0,0,0,0,0,0,0,,0,0,0,0,,0,0,,0,0,0,0,0,0,0,0,0,0,0.0,0.0
00-0034485,J.Owens,Jonathan Owens,SAF,DB,"https://static.www.nfl.com/image/upload/f_auto,q_auto/league/nefkbybdw0icaynztmxk",2023,REG,GB,16,0,0,0,0,0,0,0,0,0,0,0,0,,,0,,0,0,0,0,0,0,0,0,0,0,,0,0,0,0,0,0,0,0,0,0,0,0,0,0,,0,0,0,0,0,,0.0,0.0,0.0,0,53,5,26,1,2,1,1.0,11.0,1,0,0,3,0,0,0,23,0,0,1,27,1,6,65,0,0,0,0,0,0,0,0,0,0,0,0,0,,,0,0,0,0,0,0,0,0,0,0,0,0,,,,0,0,0,0,0,0,0,,0,0,0,0,,0,0,,0,0,0,0,0,0,0,0,0,0,0.0,0.0
00-0034487,T.Sherfield,Trent Sherfield,WR,WR,"https://static.www.nfl.com/image/upload/f_auto,q_auto/league/euvbflse91irfzlk7yiq",2023,REG,BUF,11,0,0,0,0,0,0,0,0,0,0,0,0,,,0,,0,0,0,0,0,0,0,0,0,0,,0,0,0,0,0,11,22,86,1,0,0,190,49,4,-2.21938811756037,0,1,0,0,0,0.45263157894736844,0.04036697247706422,0.037833532457188374,0.0870339314356282,0,2,0,1,0,0,0,0.0,0.0,0,0,0,0,0,0,0,0,0,0,0,0,0,2,20,0,0,0,0,0,0,0,0,0,0,0,0,0,,,0,0,0,0,0,0,0,0,0,0,0,0,,,,0,0,0,0,0,0,0,,0,0,0,0,,0,0,,0,0,0,0,0,0,0,0,0,0,14.6,25.6
00-0034488,T.Thomas,Tavierre Thomas,SAF,DB,"https://static.www.nfl.com/image/upload/f_auto,q_auto/league/bbljj6ltlnswmkqjhzfw",2023,REG,HOU,9,0,0,0,0,0,0,0,0,0,0,0,0,,,0,,0,0,0,0,0,0,0,0,0,0,,0,0,0,0,0,0,0,0,0,0,0,0,0,0,,0,0,0,0,0,,0.0,0.0,0.0,0,23,7,21,2,4,2,0.0,0.0,0,0,0,1,0,0,0,0,0,0,0,0,0,5,42,0,0,0,0,0,0,0,0,0,0,0,0,0,,,0,0,0,0,0,0,0,0,0,0,0,0,,,,0,0,0,0,0,0,0,,0,0,0,0,,0,0,,0,0,0,0,0,0,0,0,0,0,0.0,0.0
00-0034490,E.Turner,Ezekiel Turner,LB,LB,"https://static.www.nfl.com/image/upload/f_auto,q_auto/league/jl6qf1nrpmkezxjtc5ic",2023,REG,ARI,10,0,0,0,0,0,0,0,0,0,0,0,0,,,0,,0,0,0,0,1,2,0,0,0,1,1.9436243332456797,0,0,0,0,0,0,0,0,0,0,0,0,0,0,,0,0,0,0,0,,0.0,0.0,0.0,0,7,1,12,0,0,0,0.0,0.0,0,0,0,0,0,0,0,0,0,0,0,0,0,1,2,0,0,0,0,0,0,0,0,0,0,0,0,0,,,0,0,0,0,0,0,0,0,0,0,0,0,,,,0,0,0,0,0,0,0,,0,0,0,0,,0,0,,0,0,0,0,0,0,0,0,0,0,0.2,0.2
00-0034495,E.Brown,Evan Brown,C,OL,"https://static.www.nfl.com/image/upload/f_auto,q_auto/league/tlw4pewhhoepd5998bg4",2023,REG,SEA,5,0,0,0,0,0,0,0,0,0,0,0,0,,,0,,0,0,0,0,0,0,0,0,0,0,,0,0,0,0,0,0,0,0,0,0,0,0,0,0,,0,0,0,0,0,,0.0,0.0,0.0,0,0,0,0,0,0,0,0.0,0.0,0,0,0,0,0,0,0,0,0,0,0,0,0,5,34,0,0,0,0,0,0,0,0,0,0,0,0,0,,,0,0,0,0,0,0,0,0,0,0,0,0,,,,0,0,0,0,0,0,0,,0,0,0,0,,0,0,,0,0,0,0,0,0,0,0,0,0,0.0,0.0
00-0034496,S.Chandler,Sean Chandler,DB,DB,"https://static.www.nfl.com/image/private/f_auto,q_auto/league/m4glij7rkgkyhu01igmi",2023,REG,WAS,1,0,0,0,0,0,0,0,0,0,0,0,0,,,0,,0,0,0,0,0,0,0,0,0,0,,0,0,0,0,0,0,0,0,0,0,0,0,0,0,,0,0,0,0,0,,0.0,0.0,0.0,0,2,0,1,0,0,0,0.0,0.0,0,0,0,0,0,0,0,0,0,0,0,0,0,0,0,0,0,0,0,0,0,0,0,0,0,0,0,0,,,0,0,0,0,0,0,0,0,0,0,0,0,,,,0,0,0,0,0,0,0,,0,0,0,0,,0,0,,0,0,0,0,0,0,0,0,0,0,0.0,0.0
00-0034500,T.Davis,Tae Davis,LB,LB,"https://static.www.nfl.com/image/upload/f_auto,q_auto/league/bplg2qx1ftxsdshdispx",2023,REG,CAR,7,0,0,0,0,0,0,0,0,0,0,0,0,,,0,,0,0,0,0,0,0,0,0,0,0,,0,0,0,0,0,0,0,0,0,0,0,0,0,0,,0,0,0,0,0,,0.0,0.0,0.0,0,2,0,5,0,0,0,0.0,0.0,0,0,0,0,0,0,0,0,0,0,0,0,0,1,10,0,0,0,0,0,0,0,0,0,0,0,0,0,,,0,0,0,0,0,0,0,0,0,0,0,0,,,,0,0,0,0,0,0,0,,0,0,0,0,,0,0,,0,0,0,0,0,0,0,0,0,0,0.0,0.0
00-0034514,L.Wallace,Levi Wallace,DB,DB,"https://static.www.nfl.com/image/upload/f_auto,q_auto/league/y7rnq70zcpcgg0ifbghe",2023,REG,PIT,15,0,0,0,0,0,0,0,0,0,0,0,0,,,0,,0,0,0,0,0,0,0,0,0,0,,0,0,0,0,0,0,0,0,0,0,0,0,0,0,,0,0,0,0,0,,0.0,0.0,0.0,0,30,2,6,0,0,0,0.0,0.0,0,2,0,11,0,0,0,0,0,0,0,0,0,1,15,0,0,0,0,0,0,0,0,0,0,0,0,0,,,0,0,0,0,0,0,0,0,0,0,0,0,,,,0,0,0,0,0,0,0,,0,0,0,0,,0,0,,0,0,0,0,0,0,0,0,0,0,0.0,0.0
00-0034515,D.Delaney,Dee Delaney,DB,DB,"https://static.www.nfl.com/image/upload/f_auto,q_auto/league/czg1itvjivhzn2iwwbyt",2023,REG,TB,12,0,0,0,0,0,0,0,0,0,0,0,0,,,0,,0,0,0,0,0,0,0,0,0,0,,0,0,0,0,0,0,0,0,0,0,0,0,0,0,,0,0,0,0,0,,0.0,0.0,0.0,0,16,1,8,0,0,0,0.0,0.0,0,2,4,5,0,0,0,0,0,0,0,0,0,1,10,0,0,0,0,0,0,0,0,0,0,0,0,0,,,0,0,0,0,0,0,0,0,0,0,0,0,,,,0,0,0,0,0,0,0,,0,0,0,0,,0,0,,0,0,0,0,0,0,0,0,0,0,0.0,0.0
00-0034516,T.Herndon,Tre Herndon,CB,DB,"https://static.www.nfl.com/image/private/f_auto,q_auto/league/dpxfoqywx98khvtjs5m7",2023,REG,JAX,15,0,0,0,0,0,0,0,0,0,0,0,0,,,0,,0,0,0,0,0,0,0,0,0,0,,0,0,0,0,0,0,0,0,0,0,0,0,0,0,,0,0,0,0,0,,0.0,0.0,0.0,0,27,4,15,1,1,1,0.0,0.0,3,0,0,9,0,0,0,0,0,0,0,0,0,1,5,0,0,0,0,0,0,0,0,0,0,0,0,0,,,0,0,0,0,0,0,0,0,0,0,0,0,,,,0,0,0,0,0,0,0,,0,0,0,0,,0,0,,0,0,0,0,0,0,0,0,0,0,0.0,0.0
00-0034521,A.Lazard,Allen Lazard,WR,WR,"https://static.www.nfl.com/image/upload/f_auto,q_auto/league/b05f33npu1zjtpozfgdk",2023,REG,NYJ,14,0,0,0,0,0,0,0,0,0,0,0,0,,,0,,0,0,0,0,0,0,0,0,0,0,,0,0,0,0,0,23,49,311,1,0,0,597,56,17,0.37687926477519795,0,16,6,5,0,0.5209380234505863,0.08703374777975133,0.14925,0.23502562166962698,0,1,0,0,0,0,0,0.0,0.0,0,0,0,0,0,0,0,0,0,0,0,0,0,5,45,0,0,0,0,0,0,0,0,0,0,0,0,0,,,0,0,0,0,0,0,0,0,0,0,0,0,,,,0,0,0,0,0,0,0,,0,0,0,0,,0,0,,0,0,0,0,0,0,0,0,0,0,37.1,60.1
00-0034527,R.Neal,Ryan Neal,DB,DB,"https://static.www.nfl.com/image/private/f_auto,q_auto/league/tqiae46slc2jdjvnfb5n",2023,REG,TB,14,0,0,0,0,0,0,0,0,0,0,0,0,,,0,,0,0,0,0,0,0,0,0,0,0,,0,0,0,0,0,0,0,0,0,0,0,0,0,0,,0,0,0,0,0,,0.0,0.0,0.0,0,41,11,24,3,7,0,0.0,0.0,0,0,0,0,0,0,0,0,0,0,0,0,0,1,5,0,0,0,0,0,0,0,0,0,0,0,0,0,,,0,0,0,0,0,0,0,0,0,0,0,0,,,,0,0,0,0,0,0,0,,0,0,0,0,,0,0,,0,0,0,0,0,0,0,0,0,0,0.0,0.0
00-0034540,T.Brown,Tony Brown,DB,DB,"https://static.www.nfl.com/image/upload/f_auto,q_auto/league/awgmmiypysbptsowartb",2023,REG,IND,4,0,0,0,0,0,0,0,0,0,0,0,0,,,0,,0,0,0,0,0,0,0,0,0,0,,0,0,0,0,0,0,0,0,0,0,0,0,0,0,,0,0,0,0,0,,0.0,0.0,0.0,0,8,0,2,0,0,1,0.0,0.0,0,1,34,1,0,0,0,0,0,0,0,0,0,1,0,0,0,0,0,0,0,0,0,0,0,0,0,0,,,0,0,0,0,0,0,0,0,0,0,0,0,,,,0,0,0,0,0,0,0,,0,0,0,0,,0,0,,0,0,0,0,0,0,0,0,0,0,0.0,0.0
00-0034545,B.Facyson,Brandon Facyson,DB,DB,"https://static.www.nfl.com/image/upload/f_auto,q_auto/league/yuhnwshiorai1fbqix2t",2023,REG,LV,2,0,0,0,0,0,0,0,0,0,0,0,0,,,0,,0,0,0,0,0,0,0,0,0,0,,0,0,0,0,0,0,0,0,0,0,0,0,0,0,,0,0,0,0,0,,0.0,0.0,0.0,0,3,1,1,0,0,0,0.0,0.0,0,0,0,0,0,0,0,0,0,0,0,0,0,0,0,0,0,0,0,0,0,0,0,0,0,0,0,0,,,0,0,0,0,0,0,0,0,0,0,0,0,,,,0,0,0,0,0,0,0,,0,0,0,0,,0,0,,0,0,0,0,0,0,0,0,0,0,0.0,0.0
00-0034571,T.Scott,Trent Scott,OT,OL,"https://static.www.nfl.com/image/upload/f_auto,q_auto/league/v5tyxvb4cdtzumhdzbd0",2023,REG,WAS,2,0,0,0,0,0,0,0,0,0,0,0,0,,,0,,0,0,0,0,0,0,0,0,0,0,,0,0,0,0,0,0,0,0,0,0,0,0,0,0,,0,0,0,0,0,,0.0,0.0,0.0,0,0,0,1,0,0,0,0.0,0.0,0,0,0,0,0,0,0,0,0,0,0,0,0,3,20,0,0,0,0,0,0,0,0,0,0,0,0,0,,,0,0,0,0,0,0,0,0,0,0,0,0,,,,0,0,0,0,0,0,0,,0,0,0,0,,0,0,,0,0,0,0,0,0,0,0,0,0,0.0,0.0
00-0034573,C.Ward,Charvarius Ward,CB,DB,"https://static.www.nfl.com/image/upload/f_auto,q_auto/league/vbxv5ynhjrayfzbe2lda",2023,REG,SF,17,0,0,0,0,0,0,0,0,0,0,0,0,,,0,,0,0,0,0,0,0,0,0,0,0,,0,0,0,0,0,0,0,0,0,0,0,0,0,0,,0,0,0,0,0,,0.0,0.0,0.0,0,46,10,16,1,1,1,0.0,0.0,0,5,91,23,1,0,0,0,0,0,0,0,0,6,46,0,0,0,0,0,0,0,0,0,0,0,0,0,,,0,0,0,0,0,0,0,0,0,0,0,0,,,,0,0,0,0,0,0,0,,0,0,0,0,,0,0,,0,0,0,0,0,0,0,0,0,0,0.0,0.0
00-0034575,D.Wells,David Wells,TE,TE,"https://static.www.nfl.com/image/upload/f_auto,q_auto/league/ft7ynz8n2ehrduolhihy",2023,REG,TB,1,0,0,0,0,0,0,0,0,0,0,0,0,,,0,,0,0,0,0,0,0,0,0,0,0,,0,0,0,0,0,2,2,-10,0,1,0,0,-10,1,-1.7841486409306526,0,0,0,0,0,0.0,0.0036363636363636364,0.0,0.005454545454545455,0,0,0,0,0,0,0,0.0,0.0,0,0,0,0,0,0,0,0,0,0,0,0,0,0,0,1,0,0,1,0,0,0,0,0,0,0,0,0,,,0,0,0,0,0,0,0,0,0,0,0,0,,,,0,0,0,0,0,0,0,,0,0,0,0,,0,0,,0,0,0,0,0,0,0,0,0,0,-1.0,1.0
00-0034577,K.Allen,Kyle Allen,QB,QB,"https://static.www.nfl.com/image/upload/f_auto,q_auto/league/vq3aw57yyjtydur0divt",2023,REG,BUF,6,0,0,0,0,0,0,0,0,0,0,0,0,,,0,,0,0,0,0,13,-13,0,0,0,0,-8.636291551636532,0,0,0,0,0,0,0,0,0,0,0,0,0,0,,0,0,0,0,0,,0.0,0.0,0.0,0,0,0,0,0,0,0,0.0,0.0,0,0,0,0,0,0,0,0,0,0,0,0,0,0,0,0,0,0,0,0,0,0,0,0,0,0,0,0,,,0,0,0,0,0,0,0,0,0,0,0,0,,,,0,0,0,0,0,0,0,,0,0,0,0,,0,0,,0,0,0,0,0,0,0,0,0,0,-1.3,-1.3
00-0034587,A.Anderson,Abdullah Anderson,DT,DL,"https://static.www.nfl.com/image/upload/f_auto,q_auto/league/zoya31kfrojgtq0gg5ri",2023,REG,WAS,4,0,0,0,0,0,0,0,0,0,0,0,0,,,0,,0,0,0,0,0,0,0,0,0,0,,0,0,0,0,0,0,0,0,0,0,0,0,0,0,,0,0,0,0,0,,0.0,0.0,0.0,0,4,1,3,1,2,0,0.5,2.0,1,0,0,0,0,0,0,0,0,0,1,0,0,0,0,0,0,0,0,0,0,0,0,0,0,0,0,0,,,0,0,0,0,0,0,0,0,0,0,0,0,,,,0,0,0,0,0,0,0,,0,0,0,0,,0,0,,0,0,0,0,0,0,0,0,0,0,0.0,0.0
00-0034591,J.Jackson,J.C. Jackson,DB,DB,"https://static.www.nfl.com/image/upload/f_auto,q_auto/league/crvgx5lbckpmfcnoylzw",2023,REG,NE,10,0,0,0,0,0,0,0,0,0,0,0,0,,,0,,0,0,0,0,0,0,0,0,0,0,,0,0,0,0,0,0,0,0,0,0,0,0,0,0,,0,0,0,0,0,,0.0,0.0,0.0,0,25,0,3,0,0,0,0.0,0.0,0,1,9,9,0,0,0,0,0,0,0,0,0,5,64,0,0,0,0,0,0,0,0,0,0,0,0,0,,,0,0,0,0,0,0,0,0,0,0,0,0,,,,0,0,0,0,0,0,0,,0,0,0,0,,0,0,,0,0,0,0,0,0,0,0,0,0,0.0,0.0
00-0034613,T.Hudson,Tanner Hudson,TE,TE,"https://static.www.nfl.com/image/upload/f_auto,q_auto/league/xe86peg3bxumjzfmtait",2023,REG,CIN,12,0,0,0,0,0,1,-4,0,0,0,0,0,-2.2643815996237797,,0,,0,0,0,0,0,0,0,0,0,0,,0,0,0,0,0,39,50,352,1,0,0,269,148,21,12.267451122139342,0,15,5,3,0,1.308550185873606,0.08445945945945946,0.06936565239814338,0.17524514586788956,0,1,0,0,0,0,0,0.0,0.0,0,0,0,0,0,0,0,0,0,0,0,0,0,1,10,0,0,0,0,0,0,0,0,0,0,0,0,0,,,0,0,0,0,0,0,0,0,0,0,0,0,,,,0,0,0,0,0,0,0,,0,0,0,0,,0,0,,0,0,0,0,0,0,0,0,0,0,41.2,80.2
00-0034614,G.Igwebuike,Godwin Igwebuike,RB,RB,"https://static.www.nfl.com/image/private/f_auto,q_auto/league/d0jsvuhu4xwkyegnlauh",2023,REG,PIT,7,0,0,0,0,0,0,0,0,0,0,0,0,,,0,,0,0,0,0,0,0,0,0,0,0,,0,0,0,0,0,0,0,0,0,0,0,0,0,0,,0,0,0,0,0,,0.0,0.0,0.0,0,0,0,1,0,0,0,0.0,0.0,0,0,0,0,0,0,0,0,0,0,0,0,0,0,0,0,0,0,0,0,0,0,11,282,0,0,0,0,,,0,0,0,0,0,0,0,0,0,0,0,0,,,,0,0,0,0,0,0,0,,0,0,0,0,,0,0,,0,0,0,0,0,0,0,0,0,0,0.0,0.0
00-0034623,A.Chachere,Andre Chachere,DB,DB,"https://static.www.nfl.com/image/upload/f_auto,q_auto/league/viwncfdylftfzljv9phw",2023,REG,ARI,9,0,0,0,0,0,0,0,0,0,0,0,0,,,0,,0,0,0,0,0,0,0,0,0,0,,0,0,0,0,0,0,0,0,0,0,0,0,0,0,,0,0,0,0,0,,0.0,0.0,0.0,0,18,5,7,0,0,0,0.0,0.0,0,0,0,3,0,0,0,0,0,0,0,0,0,0,0,0,0,0,0,0,0,0,0,0,0,0,0,0,,,0,0,0,0,0,0,0,0,0,0,0,0,,,,0,0,0,0,0,0,0,,0,0,0,0,,0,0,,0,0,0,0,0,0,0,0,0,0,0.0,0.0
00-0034639,M.Ford,Mike Ford,DB,DB,"https://static.www.nfl.com/image/upload/f_auto,q_auto/league/njli78vr2hcan6rfogsb",2023,REG,CLE,13,0,0,0,0,0,0,0,0,0,0,0,0,,,0,,0,0,0,0,0,0,0,0,0,0,,0,0,0,0,0,0,0,0,0,0,0,0,0,0,,0,0,0,0,0,,0.0,0.0,0.0,0,20,2,6,0,0,0,0.0,0.0,0,1,10,2,0,0,0,0,0,0,1,0,0,3,40,0,0,0,0,0,0,0,0,0,0,0,0,0,,,0,0,0,0,0,0,0,0,0,0,0,0,,,,0,0,0,0,0,0,0,,0,0,0,0,,0,0,,0,0,0,0,0,0,0,0,0,0,0.0,0.0
00-0034646,B.Powell,Brandon Powell,WR,WR,"https://static.www.nfl.com/image/upload/f_auto,q_auto/league/kpggzzkazhxoq4e77xho",2023,REG,MIN,17,0,0,0,0,0,0,0,0,0,0,0,0,,,0,,0,0,0,0,5,17,0,0,0,1,-0.42572822666261345,0,0,0,0,0,29,44,324,1,0,0,332,104,18,-1.467711050703791,0,13,8,6,0,0.9759036144578314,0.07260726072607261,0.06734279918864097,0.1560508505211576,0,0,0,0,0,0,0,0.0,0.0,0,0,0,0,0,1,0,0,0,0,0,0,0,2,15,1,0,0,1,1,37,289,0,0,0,0,0,0,,,0,0,0,0,0,0,0,0,0,0,0,0,,,,0,0,0,0,0,0,0,,0,0,0,0,,0,0,,0,0,0,0,0,0,0,0,0,0,40.1,69.1
00-0034657,M.Dickerson,Matt Dickerson,DE,DL,"https://static.www.nfl.com/image/upload/f_auto,q_auto/league/swevjtjnkyxxkei5jtsm",2023,REG,KC,8,0,0,0,0,0,0,0,0,0,0,0,0,,,0,,0,0,0,0,0,0,0,0,0,0,,0,0,0,0,0,0,0,0,0,0,0,0,0,0,,0,0,0,0,0,,0.0,0.0,0.0,0,6,1,8,1,1,0,0.0,0.0,0,0,0,0,0,0,0,0,0,0,0,0,0,0,0,0,0,0,0,0,0,0,0,0,0,0,0,0,,,0,0,0,0,0,0,0,0,0,0,0,0,,,,0,0,0,0,0,0,0,,0,0,0,0,,0,0,,0,0,0,0,0,0,0,0,0,0,0.0,0.0
00-0034668,A.Stinnie,Aaron Stinnie,G,OL,"https://static.www.nfl.com/image/upload/f_auto,q_auto/league/fi5wxfsa59aw80nwetoi",2023,REG,TB,3,0,0,0,0,0,0,0,0,0,0,0,0,,,0,,0,0,0,0,0,0,0,0,0,0,,0,0,0,0,0,0,0,0,0,0,0,0,0,0,,0,0,0,0,0,,0.0,0.0,0.0,0,0,0,0,0,0,0,0.0,0.0,0,0,0,0,0,0,0,0,0,0,0,0,0,4,24,0,0,0,0,0,0,0,0,0,0,0,0,0,,,0,0,0,0,0,0,0,0,0,0,0,0,,,,0,0,0,0,0,0,0,,0,0,0,0,,0,0,,0,0,0,0,0,0,0,0,0,0,0.0,0.0
00-0034673,T.Edmunds,Tremaine Edmunds,MLB,LB,"https://static.www.nfl.com/image/upload/f_auto,q_auto/league/unz9o9leinnet5o4qlsr",2023,REG,CHI,15,0,0,0,0,0,0,0,0,0,0,0,0,,,0,,0,0,0,0,0,0,0,0,0,0,,0,0,0,0,0,0,0,0,0,0,0,0,0,0,,0,0,0,0,0,,0.0,0.0,0.0,0,56,13,44,3,7,1,0.0,0.0,0,4,61,7,1,0,0,0,0,0,1,0,0,0,0,0,0,0,0,0,0,0,0,0,0,0,0,0,,,0,0,0,0,0,0,0,0,0,0,0,0,,,,0,0,0,0,0,0,0,,0,0,0,0,,0,0,,0,0,0,0,0,0,0,0,0,0,0.0,0.0
00-0034674,L.Vander Esch,Leighton Vander Esch,OLB,LB,"https://static.www.nfl.com/image/private/f_auto,q_auto/league/xalgzw0okmxdqjg6wyuc",2023,REG,DAL,5,0,0,0,0,0,0,0,0,0,0,0,0,,,0,,0,0,0,0,0,0,0,0,0,0,,0,0,0,0,0,0,0,0,0,0,0,0,0,0,,0,0,0,0,0,,0.0,0.0,0.0,0,14,3,13,1,2,0,0.0,0.0,0,0,0,0,0,0,0,0,0,0,1,11,1,0,0,0,0,0,0,0,0,0,0,0,0,0,0,0,,,0,0,0,0,0,0,0,0,0,0,0,0,,,,0,0,0,0,0,0,0,,0,0,0,0,,0,0,,0,0,0,0,0,0,0,0,0,0,0.0,0.0
00-0034675,J.Bates,Jessie Bates,FS,DB,"https://static.www.nfl.com/image/upload/f_auto,q_auto/league/ypv1sfm8zjghyzvmx0a1",2023,REG,ATL,17,0,0,0,0,0,0,0,0,0,0,0,0,,,0,,0,0,0,0,0,0,0,0,0,0,,0,0,0,0,0,0,0,0,0,0,0,0,0,0,,0,0,0,0,0,,0.0,0.0,0.0,0,78,11,43,2,6,3,0.0,0.0,1,6,95,11,1,0,0,0,0,0,0,0,0,1,4,0,0,0,0,0,0,0,0,0,0,0,0,0,,,0,0,0,0,0,0,0,0,0,0,0,0,,,,0,0,0,0,0,0,0,,0,0,0,0,,0,0,,0,0,0,0,0,0,0,0,0,0,0.0,0.0
00-0034677,Ju.Jones,Justin Jones,DT,DL,"https://static.www.nfl.com/image/upload/f_auto,q_auto/league/ocb2w64oodkdvukxcemy",2023,REG,CHI,16,0,0,0,0,0,0,0,0,0,0,0,0,,,0,,0,0,0,0,0,0,0,0,0,0,,0,0,0,0,0,0,0,0,0,0,0,0,0,0,,0,0,0,0,0,,0.0,0.0,0.0,0,17,12,20,7,38,0,4.5,37.0,17,0,0,4,0,0,0,0,0,0,0,0,0,2,30,0,0,0,0,0,0,0,0,0,0,0,0,0,,,0,0,0,0,0,0,0,0,0,0,0,0,,,,0,0,0,0,0,0,0,,0,0,0,0,,0,0,,0,0,0,0,0,0,0,0,0,0,0.0,0.0
00-0034678,A.Cappa,Alex Cappa,G,OL,"https://static.www.nfl.com/image/upload/f_auto,q_auto/league/flztjm6mqgjywtmaaioy",2023,REG,CIN,3,0,0,0,0,0,0,0,0,0,0,0,0,,,0,,0,0,0,0,0,0,0,0,0,0,,0,0,0,0,0,0,0,0,0,0,0,0,0,0,,0,0,0,0,0,,0.0,0.0,0.0,0,0,0,0,0,0,0,0.0,0.0,0,0,0,0,0,0,0,0,0,0,0,0,0,4,35,0,0,0,0,0,0,0,0,0,0,0,0,0,,,0,0,0,0,0,0,0,0,0,0,0,0,,,,0,0,0,0,0,0,0,,0,0,0,0,,0,0,,0,0,0,0,0,0,0,0,0,0,0.0,0.0
00-0034681,C.Edmonds,Chase Edmonds,RB,RB,"https://static.www.nfl.com/image/upload/f_auto,q_auto/league/nbnqxhjafvg2vg6lc2ls",2023,REG,TB,13,0,0,0,0,0,0,0,0,0,0,0,0,,,0,,0,0,0,0,49,176,0,0,0,8,-6.4045314257382415,0,5,3,1,0,14,17,81,0,0,0,-25,111,5,1.019017878570594,0,4,0,0,0,-3.24,0.03090909090909091,-0.0051387461459403904,0.04276651406147809,0,3,1,2,0,0,0,0.0,0.0,0,0,0,0,0,0,0,0,0,0,0,0,0,0,0,0,0,0,0,0,0,0,0,0,0,0,0,0,,,0,0,0,0,0,0,0,0,0,0,0,0,,,,0,0,0,0,0,0,0,,0,0,0,0,,0,0,,0,0,0,0,0,0,0,0,0,0,25.700000000000003,39.7
00-0034720,R.Spillane,Robert Spillane,LB,LB,"https://static.www.nfl.com/image/upload/f_auto,q_auto/league/jt2r3dnb8dmywp1azotj",2023,REG,LV,17,0,0,0,0,0,0,0,0,0,0,0,0,,,0,,0,0,0,0,0,0,0,0,0,0,,0,0,0,0,0,0,0,0,0,0,0,0,0,0,,0,0,0,0,0,,0.0,0.0,0.0,0,65,17,66,5,16,1,3.5,15.0,4,3,53,4,0,0,0,0,0,0,1,0,0,1,15,0,0,0,0,0,0,0,0,0,0,0,0,0,,,0,0,0,0,0,0,0,0,0,0,0,0,,,,0,0,0,0,0,0,0,,0,0,0,0,,0,0,,0,0,0,0,0,0,0,0,0,0,0.0,0.0
00-0034721,C.Bojorquez,Corey Bojorquez,P,SPEC,"https://static.www.nfl.com/image/private/f_auto,q_auto/league/eiuli9dmspe6d4cwwa00",2023,REG,CLE,16,0,0,0,0,0,0,0,0,0,0,0,0,,,0,,0,0,0,0,0,0,0,0,0,0,,0,0,0,0,0,0,0,0,0,0,0,0,0,0,,0,0,0,0,0,,0.0,0.0,0.0,0,0,0,0,0,0,0,0.0,0.0,0,0,0,0,0,0,0,0,0,0,0,0,0,0,0,0,0,0,0,0,0,0,0,0,0,0,0,0,,,0,0,0,0,0,0,0,0,0,0,0,0,,,,0,0,0,0,0,0,0,,0,0,0,0,,87,0,73,4294,31,12,7,9,16,43,420,0,3694,0.0,0.0
00-0034723,N.Thurman,Nick Thurman,DE,DL,"https://static.www.nfl.com/image/upload/f_auto,q_auto/league/wvnd9kwznw8xgnir6f0v",2023,REG,CAR,14,0,0,0,0,0,0,0,0,0,0,0,0,,,0,,0,0,0,0,0,0,0,0,0,0,,0,0,0,0,0,0,0,0,0,0,0,0,0,0,,0,0,0,0,0,,0.0,0.0,0.0,0,11,2,18,1,1,0,0.0,0.0,1,0,0,0,0,0,0,0,0,0,0,0,0,1,5,0,0,0,0,0,0,0,0,0,0,0,0,0,,,0,0,0,0,0,0,0,0,0,0,0,0,,,,0,0,0,0,0,0,0,,0,0,0,0,,0,0,,0,0,0,0,0,0,0,0,0,0,0.0,0.0
00-0034726,D.Leavitt,Dallin Leavitt,DB,DB,"https://static.www.nfl.com/image/private/f_auto,q_auto/league/puozg5rjuz6vf3cudgx5",2023,REG,GB,4,0,0,0,0,0,0,0,0,0,0,0,0,,,0,,0,0,0,0,0,0,0,0,0,0,,0,0,0,0,0,0,0,0,0,0,0,0,0,0,,0,0,0,0,0,,0.0,0.0,0.0,0,1,0,1,0,0,0,0.0,0.0,0,0,0,0,0,0,0,0,0,0,0,0,0,3,28,0,0,0,0,0,0,0,0,0,0,0,0,0,,,0,0,0,0,0,0,0,0,0,0,0,0,,,,0,0,0,0,0,0,0,,0,0,0,0,,0,0,,0,0,0,0,0,0,0,0,0,0,0.0,0.0
00-0034728,J.Alexander,Jaire Alexander,CB,DB,"https://static.www.nfl.com/image/upload/f_auto,q_auto/league/niwxzo2rjy1uuo3aehac",2023,REG,GB,7,0,0,0,0,0,0,0,0,0,0,0,0,,,0,,0,0,0,0,0,0,0,0,0,0,,0,0,0,0,0,0,0,0,0,0,0,0,0,0,,0,0,0,0,0,,0.0,0.0,0.0,0,22,1,4,1,2,1,0.0,0.0,0,0,0,5,0,0,0,0,0,0,0,0,0,1,5,0,0,0,0,0,0,0,0,0,0,0,0,0,,,0,0,0,0,0,0,0,0,0,0,0,0,,,,0,0,0,0,0,0,0,,0,0,0,0,,0,0,,0,0,0,0,0,0,0,0,0,0,0.0,0.0
00-0034743,R.Evans,Rashaan Evans,ILB,LB,"https://static.www.nfl.com/image/private/f_auto,q_auto/league/hou79fqcetlephuywjnp",2023,REG,DAL,6,0,0,0,0,0,0,0,0,0,0,0,0,,,0,,0,0,0,0,0,0,0,0,0,0,,0,0,0,0,0,0,0,0,0,0,0,0,0,0,,0,0,0,0,0,,0.0,0.0,0.0,0,4,0,5,0,0,0,0.0,0.0,0,0,0,0,0,0,0,0,0,0,0,0,0,2,55,0,0,0,0,0,0,0,0,0,0,0,0,0,,,0,0,0,0,0,0,0,0,0,0,0,0,,,,0,0,0,0,0,0,0,,0,0,0,0,,0,0,,0,0,0,0,0,0,0,0,0,0,0.0,0.0
00-0034745,T.Walker,Tracy Walker III,DB,DB,"https://static.www.nfl.com/image/upload/f_auto,q_auto/league/z2jfcvmhvnbxznv7asxs",2023,REG,DET,12,0,0,0,0,0,0,0,0,0,0,0,0,,,0,,0,0,0,0,0,0,0,0,0,0,,0,0,0,0,0,0,0,0,0,0,0,0,0,0,,0,0,0,0,0,,0.0,0.0,0.0,0,38,4,17,2,19,1,1.0,8.0,3,0,0,2,0,0,0,0,0,0,0,0,0,1,5,0,0,0,0,0,0,0,0,0,0,0,0,0,,,0,0,0,0,0,0,0,0,0,0,0,0,,,,0,0,0,0,0,0,0,,0,0,0,0,,0,0,,0,0,0,0,0,0,0,0,0,0,0.0,0.0
00-0034746,M.Hurst,Maurice Hurst,DT,DL,"https://static.www.nfl.com/image/upload/f_auto,q_auto/league/j4y7trnt3kiptgfklo8o",2023,REG,CLE,12,0,0,0,0,0,0,0,0,0,0,0,0,,,0,,0,0,0,0,0,0,0,0,0,0,,0,0,0,0,0,0,0,0,0,0,0,0,0,0,,0,0,0,0,0,,0.0,0.0,0.0,0,8,4,10,3,13,0,1.5,13.5,5,1,0,3,0,0,0,0,0,0,1,0,0,3,15,0,0,0,0,0,0,0,0,0,0,0,0,0,,,0,0,0,0,0,0,0,0,0,0,0,0,,,,0,0,0,0,0,0,0,,0,0,0,0,,0,0,,0,0,0,0,0,0,0,0,0,0,0.0,0.0
00-0034750,R.Penny,Rashaad Penny,RB,RB,"https://static.www.nfl.com/image/private/f_auto,q_auto/league/mwvzwst6cfcwifblqtsj",2023,REG,PHI,3,0,0,0,0,0,0,0,0,0,0,0,0,,,0,,0,0,0,0,11,33,0,0,0,1,-3.2943744122749195,0,0,0,0,0,1,1,5,0,0,0,-1,6,0,-0.1015213041100651,0,0,0,0,0,-5.0,0.0019047619047619048,-0.00020644095788604458,0.002712634186622626,0,0,0,0,0,0,0,0.0,0.0,0,0,0,0,0,0,0,0,0,0,0,0,0,1,10,0,0,0,0,0,0,0,0,0,0,0,0,0,,,0,0,0,0,0,0,0,0,0,0,0,0,,,,0,0,0,0,0,0,0,,0,0,0,0,,0,0,,0,0,0,0,0,0,0,0,0,0,3.8000000000000003,4.800000000000001
00-0034752,O.Brown,Orlando Brown,OT,OL,"https://static.www.nfl.com/image/private/f_auto,q_auto/league/icuytojhzdm0dqxoebo4",2023,REG,CIN,6,0,0,0,0,0,0,0,0,0,0,0,0,,,0,,0,0,0,0,0,0,0,0,0,0,,0,0,0,0,0,0,0,0,0,0,0,0,0,0,,0,0,0,0,0,,0.0,0.0,0.0,0,1,0,0,0,0,0,0.0,0.0,0,0,0,0,0,0,0,0,1,0,0,0,0,4,30,0,0,0,0,0,0,0,0,0,0,0,0,0,,,0,0,0,0,0,0,0,0,0,0,0,0,,,,0,0,0,0,0,0,0,,0,0,0,0,,0,0,,0,0,0,0,0,0,0,0,0,0,0.0,0.0
00-0034753,M.Andrews,Mark Andrews,TE,TE,"https://static.www.nfl.com/image/upload/f_auto,q_auto/league/wzx3p0hzm3qyqsrfqznb",2023,REG,BAL,10,0,0,0,0,0,0,0,0,0,0,0,0,,,0,,0,0,0,0,1,0,0,0,0,0,-1.5892667324158904,0,0,0,0,0,45,61,544,6,1,0,443,217,27,33.181763841275824,0,23,11,8,0,1.2279909706546275,0.12815126050420167,0.10833944729762778,0.2680645038646419,0,0,0,0,0,0,0,0.0,0.0,0,0,0,0,0,0,0,0,1,0,0,0,0,0,0,1,0,0,1,0,0,0,0,0,0,0,0,0,,,0,0,0,0,0,0,0,0,0,0,0,0,,,,0,0,0,0,0,0,0,,0,0,0,0,,0,0,,0,0,0,0,0,0,0,0,0,0,90.4,135.4
00-0034754,O.Burks,Oren Burks,ILB,LB,"https://static.www.nfl.com/image/upload/f_auto,q_auto/league/efcamqfjel7jozjdvbe9",2023,REG,SF,12,0,0,0,0,0,0,0,0,0,0,0,0,,,0,,0,0,0,0,0,0,0,0,0,0,,0,0,0,0,0,0,0,0,0,0,0,0,0,0,,0,0,0,0,0,,0.0,0.0,0.0,0,25,4,17,3,17,0,1.0,7.0,1,1,11,1,0,0,0,0,1,0,0,0,0,0,0,0,0,0,0,0,0,0,0,0,0,0,0,0,,,0,0,0,0,0,0,0,0,0,0,0,0,,,,0,0,0,0,0,0,0,,0,0,0,0,,0,0,,0,0,0,0,0,0,0,0,0,0,0.0,0.0
00-0034756,T.Flowers,Tre Flowers,CB,DB,"https://static.www.nfl.com/image/upload/f_auto,q_auto/league/xrjyvseuhpojlh8k1tyc",2023,REG,ATL,9,0,0,0,0,0,0,0,0,0,0,0,0,,,0,,0,0,0,0,0,0,0,0,0,0,,0,0,0,0,0,0,0,0,0,0,0,0,0,0,,0,0,0,0,0,,0.0,0.0,0.0,0,13,2,6,1,1,0,0.0,0.0,0,0,0,2,0,0,0,0,0,0,0,0,0,4,67,0,0,0,0,0,0,0,0,0,0,0,0,0,,,0,0,0,0,0,0,0,0,0,0,0,0,,,,0,0,0,0,0,0,0,,0,0,0,0,,0,0,,0,0,0,0,0,0,0,0,0,0,0.0,0.0
00-0034759,K.Miller,Kolton Miller,OT,OL,"https://static.www.nfl.com/image/upload/f_auto,q_auto/league/jaq8p0tiipizksjbt3aa",2023,REG,LV,2,0,0,0,0,0,0,0,0,0,0,0,0,,,0,,0,0,0,0,0,0,0,0,0,0,,0,0,0,0,0,0,0,0,0,0,0,0,0,0,,0,0,0,0,0,,0.0,0.0,0.0,0,0,0,0,0,0,0,0.0,0.0,0,0,0,0,0,0,0,0,0,0,0,0,0,2,10,0,0,0,0,0,0,0,0,0,0,0,0,0,,,0,0,0,0,0,0,0,0,0,0,0,0,,,,0,0,0,0,0,0,0,,0,0,0,0,,0,0,,0,0,0,0,0,0,0,0,0,0,0.0,0.0
00-0034760,N.Shepherd,Nathan Shepherd,DE,DL,"https://static.www.nfl.com/image/upload/f_auto,q_auto/league/sl9b2jgyvmo5yn0vglok",2023,REG,NO,16,0,0,0,0,0,0,0,0,0,0,0,0,,,0,,0,0,0,0,0,0,0,0,0,0,,0,0,0,0,0,0,0,0,0,0,0,0,0,0,,0,0,0,0,0,,0.0,0.0,0.0,0,19,7,24,3,15,0,3.0,20.0,8,0,0,0,0,0,0,0,0,0,0,0,0,2,30,0,0,0,0,0,0,0,0,0,0,0,0,0,,,0,0,0,0,0,0,0,0,0,0,0,0,,,,0,0,0,0,0,0,0,,0,0,0,0,,0,0,,0,0,0,0,0,0,0,0,0,0,0.0,0.0
00-0034764,M.Gallup,Michael Gallup,WR,WR,"https://static.www.nfl.com/image/private/f_auto,q_auto/league/tt9xpcg4x2z3osc1fcq6",2023,REG,DAL,16,0,0,0,0,0,0,0,0,0,0,0,0,,,0,,0,0,0,0,0,0,0,0,0,0,,0,0,0,0,0,34,57,418,2,0,0,624,104,19,5.54470849578704,0,15,9,6,1,0.6698717948717948,0.09421487603305785,0.13016270337922403,0.2324362064150436,0,2,0,0,0,0,0,0.0,0.0,0,0,0,0,0,0,0,0,0,0,0,0,0,0,0,0,0,0,0,0,0,0,0,0,0,0,0,0,,,0,0,0,0,0,0,0,0,0,0,0,0,,,,0,0,0,0,0,0,0,,0,0,0,0,,0,0,,0,0,0,0,0,0,0,0,0,0,53.800000000000004,87.80000000000001
00-0034768,C.Okorafor,Chukwuma Okorafor,OT,OL,"https://static.www.nfl.com/image/upload/f_auto,q_auto/league/kxptslx4n5u0qbxipet2",2023,REG,PIT,2,0,0,0,0,0,0,0,0,0,0,0,0,,,0,,0,0,0,0,0,0,0,0,0,0,,0,0,0,0,0,0,0,0,0,0,0,0,0,0,,0,0,0,0,0,,0.0,0.0,0.0,0,0,0,0,0,0,0,0.0,0.0,0,0,0,0,0,0,0,0,0,0,0,0,0,3,20,0,0,0,0,0,0,0,0,0,0,0,0,0,,,0,0,0,0,0,0,0,0,0,0,0,0,,,,0,0,0,0,0,0,0,,0,0,0,0,,0,0,,0,0,0,0,0,0,0,0,0,0,0.0,0.0
00-0034769,D.Gates,DeMarquis Gates,LB,LB,"https://static.www.nfl.com/image/private/f_auto,q_auto/league/rqbvlbk8qjblhtdl8a6p",2023,REG,CHI,3,0,0,0,0,0,0,0,0,0,0,0,0,,,0,,0,0,0,0,0,0,0,0,0,0,,0,0,0,0,0,0,0,0,0,0,0,0,0,0,,0,0,0,0,0,,0.0,0.0,0.0,0,1,0,0,0,0,0,0.0,0.0,0,0,0,0,0,0,0,0,0,0,1,0,0,2,16,0,0,0,0,0,0,0,0,0,0,0,0,0,,,0,0,0,0,0,0,0,0,0,0,0,0,,,,0,0,0,0,0,0,0,,0,0,0,0,,0,0,,0,0,0,0,0,0,0,0,0,0,0.0,0.0
00-0034771,M.Rudolph,Mason Rudolph,QB,QB,"https://static.www.nfl.com/image/upload/f_auto,q_auto/league/vaeklpqoesk72mlloora",2023,REG,PIT,4,55,74,719,3,0,6,-43,2,1,518,426,26,14.325275292122539,12.410909455755483,0,1.388030888030888,22,11,9,5,10,8,0,1,0,4,-3.3800875019223895,0,0,0,0,0,0,0,0,0,0,0,0,0,0,,0,0,0,0,0,,0.0,0.0,0.0,0,0,0,0,0,0,0,0.0,0.0,0,0,0,0,0,0,0,0,1,-6,0,0,0,0,0,2,1,0,3,1,0,0,0,0,0,0,0,0,,,0,0,0,0,0,0,0,0,0,0,0,0,,,,0,0,0,0,0,0,0,,0,0,0,0,,0,0,,0,0,0,0,0,0,0,0,0,0,39.56,39.56
00-0034773,V.Vea,Vita Vea,DT,DL,"https://static.www.nfl.com/image/upload/f_auto,q_auto/league/enh7ieutevvqmvrn13ob",2023,REG,TB,14,0,0,0,0,0,0,0,0,0,0,0,0,,,0,,0,0,0,0,0,0,0,0,0,0,,0,0,0,0,0,0,0,0,0,0,0,0,0,0,,0,0,0,0,0,,0.0,0.0,0.0,0,27,1,15,8,35,2,5.5,31.5,9,0,0,0,0,0,0,0,0,0,0,0,0,1,0,0,0,0,0,0,0,0,0,0,0,0,0,0,,,0,0,0,0,0,0,0,0,0,0,0,0,,,,0,0,0,0,0,0,0,,0,0,0,0,,0,0,,0,0,0,0,0,0,0,0,0,0,0.0,0.0
00-0034775,C.Kirk,Christian Kirk,WR,WR,"https://static.www.nfl.com/image/upload/f_auto,q_auto/league/bugikrmfz5k4jvyaogza",2023,REG,JAX,12,1,2,-1,0,0,0,0,0,0,25,0,0,-1.7565971661824733,-11.91805899143219,0,-0.04,0,0,0,0,1,6,0,0,0,0,-0.5953392207156867,0,0,0,0,0,57,85,787,3,2,2,842,247,34,23.392445049216278,0,29,19,13,3,0.9346793349168646,0.1400329489291598,0.16904236097169242,0.32837907607392436,0,1,0,0,0,0,0,0.0,0.0,0,0,0,0,0,0,0,0,0,0,0,0,0,0,0,2,0,0,2,2,2,27,0,0,0,0,0,0,,,0,0,0,0,0,0,0,0,0,0,0,0,,,,0,0,0,0,0,0,0,,0,0,0,0,,0,0,,0,0,0,0,0,0,0,0,0,0,93.26,150.26
00-0034777,D.Chark,DJ Chark,WR,WR,"https://static.www.nfl.com/image/upload/f_auto,q_auto/league/skuieceh50r31ulwpo5s",2023,REG,CAR,14,0,0,0,0,0,0,0,0,0,0,0,0,,,0,,0,0,0,0,0,0,0,0,0,0,,0,0,0,0,0,35,66,525,5,2,1,1016,84,22,15.333778778289522,0,23,18,9,2,0.5167322834645669,0.12359550561797752,0.22668451584114235,0.34407241951576595,0,0,0,1,0,0,0,0.0,0.0,0,0,0,0,0,0,0,0,1,0,0,0,0,0,0,2,0,0,2,1,0,0,0,0,0,0,0,0,,,0,0,0,0,0,0,0,0,0,0,0,0,,,,0,0,0,0,0,0,0,,0,0,0,0,,0,0,,0,0,0,0,0,0,0,0,0,0,80.5,115.5
00-0034778,C.Davis,Carlton Davis III,CB,DB,"https://static.www.nfl.com/image/upload/f_auto,q_auto/league/pzbrbbwgymysharir2ms",2023,REG,TB,12,0,0,0,0,0,0,0,0,0,0,0,0,,,0,,0,0,0,0,0,0,0,0,0,0,,0,0,0,0,0,0,0,0,0,0,0,0,0,0,,0,0,0,0,0,,0.0,0.0,0.0,0,37,3,12,0,0,0,0.0,0.0,0,2,3,9,0,0,0,0,0,0,0,0,0,3,20,0,0,0,0,0,0,0,0,0,0,0,0,0,,,0,0,0,0,0,0,0,0,0,0,0,0,,,,0,0,0,0,0,0,0,,0,0,0,0,,0,0,,0,0,0,0,0,0,0,0,0,0,0.0,0.0
00-0034779,R.Harrison,Ronnie Harrison,LB,LB,"https://static.www.nfl.com/image/upload/f_auto,q_auto/league/mdkbai0lmyu6pbe13ovb",2023,REG,IND,6,0,0,0,0,0,0,0,0,0,0,0,0,,,0,,0,0,0,0,0,0,0,0,0,0,,0,0,0,0,0,0,0,0,0,0,0,0,0,0,,0,0,0,0,0,,0.0,0.0,0.0,0,10,1,9,1,10,0,1.0,10.0,1,2,45,2,1,0,0,0,0,0,0,0,0,1,4,0,0,0,0,0,0,0,0,0,0,0,0,0,,,0,0,0,0,0,0,0,0,0,0,0,0,,,,0,0,0,0,0,0,0,,0,0,0,0,,0,0,,0,0,0,0,0,0,0,0,0,0,0.0,0.0
00-0034780,I.Yiadom,Isaac Yiadom,CB,DB,"https://static.www.nfl.com/image/upload/f_auto,q_auto/league/yshnc3lfpcams5ropegx",2023,REG,NO,14,0,0,0,0,0,0,0,0,0,0,0,0,,,0,,0,0,0,0,0,0,0,0,0,0,,0,0,0,0,0,0,0,0,0,0,0,0,0,0,,0,0,0,0,0,,0.0,0.0,0.0,0,20,5,12,0,0,0,0.0,0.0,0,1,0,14,0,0,0,0,0,0,1,0,0,2,32,0,0,0,0,0,0,0,0,0,0,0,0,0,,,0,0,0,0,0,0,0,0,0,0,0,0,,,,0,0,0,0,0,0,0,,0,0,0,0,,0,0,,0,0,0,0,0,0,0,0,0,0,0.0,0.0
00-0034782,H.Phillips,Harrison Phillips,DT,DL,"https://static.www.nfl.com/image/upload/f_auto,q_auto/league/znophhdzukalwuwsx6vx",2023,REG,MIN,17,0,0,0,0,0,0,0,0,0,0,0,0,,,0,,0,0,0,0,0,0,0,0,0,0,,0,0,0,0,0,0,0,0,0,0,0,0,0,0,,0,0,0,0,0,,0.0,0.0,0.0,0,34,10,48,2,4,0,3.0,7.0,6,0,0,2,0,0,0,0,0,0,0,0,0,2,10,0,0,0,0,0,0,0,0,0,0,0,0,0,,,0,0,0,0,0,0,0,0,0,0,0,0,,,,0,0,0,0,0,0,0,,0,0,0,0,,0,0,,0,0,0,0,0,0,0,0,0,0,0.0,0.0
00-0034785,M.Cole,Mason Cole,C,OL,"https://static.www.nfl.com/image/private/f_auto,q_auto/league/nbcg9m3g5du2i1opgget",2023,REG,PIT,5,0,0,0,0,0,0,0,0,0,0,0,0,,,0,,0,0,0,0,0,0,0,0,0,0,,0,0,0,0,0,0,0,0,0,0,0,0,0,0,,0,0,0,0,0,,0.0,0.0,0.0,0,1,0,0,0,0,0,0.0,0.0,0,0,0,0,0,0,0,0,0,0,0,0,0,3,25,0,1,0,1,0,0,0,0,0,0,0,0,0,,,0,0,0,0,0,0,0,0,0,0,0,0,,,,0,0,0,0,0,0,0,,0,0,0,0,,0,0,,0,0,0,0,0,0,0,0,0,0,0.0,0.0
00-0034787,C.Board,Chris Board,LB,LB,"https://static.www.nfl.com/image/upload/f_auto,q_auto/league/xrhz4xljlfr6cpmfbgjw",2023,REG,NE,9,0,0,0,0,0,0,0,0,0,0,0,0,,,0,,0,0,0,0,0,0,0,0,0,0,,0,0,0,0,0,0,0,0,0,0,0,0,0,0,,0,0,0,0,0,,0.0,0.0,0.0,0,7,0,3,0,0,0,0.0,0.0,0,0,0,0,0,0,0,0,0,0,0,0,0,2,10,0,0,0,0,0,0,0,0,0,0,0,0,0,,,0,0,0,0,0,0,0,0,0,0,0,0,,,,0,0,0,0,0,0,0,,0,0,0,0,,0,0,,0,0,0,0,0,0,0,0,0,0,0.0,0.0
00-0034789,M.Fitzpatrick,Minkah Fitzpatrick,FS,DB,"https://static.www.nfl.com/image/upload/f_auto,q_auto/league/jo8jwipvxqzkmjcymrop",2023,REG,PIT,10,0,0,0,0,0,0,0,0,0,0,0,0,,,0,,0,0,0,0,0,0,0,0,0,0,,0,0,0,0,0,0,0,0,0,0,0,0,0,0,,0,0,0,0,0,,0.0,0.0,0.0,0,35,8,21,1,1,0,0.0,0.0,0,0,0,3,0,0,0,0,0,0,0,0,0,3,22,0,0,0,0,0,0,0,0,0,0,0,0,0,,,0,0,0,0,0,0,0,0,0,0,0,0,,,,0,0,0,0,0,0,0,,0,0,0,0,,0,0,,0,0,0,0,0,0,0,0,0,0,0.0,0.0
00-0034790,D.James,Derwin James,FS,DB,"https://static.www.nfl.com/image/upload/f_auto,q_auto/league/z9au0ajgcwoeozfdu0ec",2023,REG,LAC,16,0,0,0,0,0,0,0,0,0,0,0,0,,,0,,0,0,0,0,0,0,0,0,0,0,,0,0,0,0,0,0,0,0,0,0,0,0,0,0,,0,0,0,0,0,,0.0,0.0,0.0,0,76,10,39,5,19,0,2.0,11.0,4,1,6,7,0,0,0,0,0,0,2,0,0,7,82,0,0,0,0,0,0,0,0,0,0,0,0,0,,,0,0,0,0,0,0,0,0,0,0,0,0,,,,0,0,0,0,0,0,0,,0,0,0,0,,0,0,,0,0,0,0,0,0,0,0,0,0,0.0,0.0
00-0034791,N.Chubb,Nick Chubb,RB,RB,"https://static.www.nfl.com/image/upload/f_auto,q_auto/league/h5y74trx6l8ivpkbmrkt",2023,REG,CLE,2,0,0,0,0,0,0,0,0,0,0,0,0,,,0,,0,0,0,0,28,170,0,0,0,8,4.113698623608798,0,6,4,1,0,4,4,21,0,0,0,1,20,1,0.7501136377686635,0,1,0,0,0,21.0,0.006700167504187605,0.0001887148518588413,0.010182351652582597,0,0,0,0,0,0,0,0.0,0.0,0,0,0,0,0,0,0,0,0,0,0,0,0,0,0,0,0,0,0,0,0,0,0,0,0,0,0,0,,,0,0,0,0,0,0,0,0,0,0,0,0,,,,0,0,0,0,0,0,0,,0,0,0,0,,0,0,,0,0,0,0,0,0,0,0,0,0,19.1,23.1
00-0034794,J.Sanders,Jason Sanders,K,SPEC,"https://static.www.nfl.com/image/upload/f_auto,q_auto/league/hfv2b1mdvbbmyjwgcnt9",2023,REG,MIA,17,0,0,0,0,0,0,0,0,0,0,0,0,,,0,,0,0,0,0,0,0,0,0,0,0,,0,0,0,0,0,0,0,0,0,0,0,0,0,0,,0,0,0,0,0,,0.0,0.0,0.0,0,1,0,0,0,0,0,0.0,0.0,0,0,0,0,0,0,0,0,0,0,0,0,0,0,0,0,0,0,0,0,0,0,0,0,24,28,2,2,57,0.8571428571428571,0,6,7,6,5,0,0,0,0,0,2,0,23;41;45;23;40;40;30;41;51;38;54;49;20;31;37;27;35;57;52;54;35;29;27;38,55;50,49;44,917,105,93,58,59,1,0,0.9830508474576272,1,1,0,0,29,0,0,,0,0,0,0,0,0,0,0,0,0,0.0,0.0
00-0034796,L.Jackson,Lamar Jackson,QB,QB,"https://static.www.nfl.com/image/upload/f_auto,q_auto/league/cruqs6qpbykh7a2whd7p",2023,REG,BAL,16,307,457,3678,24,7,37,-218,6,4,3840,1749,167,59.07158835000632,3.475182778846109,1,0.9578125,150,75,51,9,148,821,5,4,2,48,10.159688361549266,0,29,16,4,0,0,0,0,0,0,0,0,0,0,,0,0,0,0,0,,0.0,0.0,0.0,0,0,0,1,0,0,0,0.0,0.0,0,0,0,0,0,0,0,0,4,-7,0,0,0,4,58,6,5,0,11,6,0,0,0,0,0,0,0,0,,,0,0,0,0,0,0,0,0,0,0,0,0,,,,0,0,0,0,0,0,0,,0,0,0,0,,0,0,,0,0,0,0,0,0,0,0,0,0,331.22,331.22
00-0034797,J.Baker,Jerome Baker,OLB,LB,"https://static.www.nfl.com/image/upload/f_auto,q_auto/league/wdo4k5bdufnhhu8izyj4",2023,REG,MIA,13,0,0,0,0,0,0,0,0,0,0,0,0,,,0,,0,0,0,0,0,0,0,0,0,0,,0,0,0,0,0,0,0,0,0,0,0,0,0,0,,0,0,0,0,0,,0.0,0.0,0.0,0,38,13,27,2,4,0,1.5,0.0,4,2,23,3,1,0,0,0,0,0,0,0,0,0,0,0,0,0,0,0,0,0,0,0,0,0,0,0,,,0,0,0,0,0,0,0,0,0,0,0,0,,,,0,0,0,0,0,0,0,,0,0,0,0,,0,0,,0,0,0,0,0,0,0,0,0,0,0.0,0.0
00-0034798,D.Smythe,Durham Smythe,TE,TE,"https://static.www.nfl.com/image/upload/f_auto,q_auto/league/qmpveaqrfntryixpjqq2",2023,REG,MIA,13,0,0,0,0,0,0,0,0,0,0,0,0,,,0,,0,0,0,0,0,0,0,0,0,0,,0,0,0,0,0,35,43,366,0,0,0,284,139,22,21.987229189360228,0,16,7,3,0,1.2887323943661972,0.07832422586520947,0.06595448211797492,0.16365447628039664,0,2,0,0,0,0,0,0.0,0.0,0,0,0,0,0,0,0,0,0,0,0,0,0,1,10,0,0,0,0,0,0,0,0,0,0,0,0,0,,,0,0,0,0,0,0,0,0,0,0,0,0,,,,0,0,0,0,0,0,0,,0,0,0,0,,0,0,,0,0,0,0,0,0,0,0,0,0,36.6,71.6
00-0034800,B.Hill,B.J. Hill,DE,DL,"https://static.www.nfl.com/image/upload/f_auto,q_auto/league/t5d3t2wt1goqgv5njdqa",2023,REG,CIN,17,0,0,0,0,0,0,0,0,0,0,0,0,,,0,,0,0,0,0,0,0,0,0,0,0,,0,0,0,0,0,0,0,0,0,0,0,0,0,0,,0,0,0,0,0,,0.0,0.0,0.0,0,20,6,25,2,17,0,4.5,27.0,21,2,0,5,0,0,0,0,0,0,1,0,0,1,15,0,0,0,0,0,0,0,0,0,0,0,0,0,,,0,0,0,0,0,0,0,0,0,0,0,0,,,,0,0,0,0,0,0,0,,0,0,0,0,,0,0,,0,0,0,0,0,0,0,0,0,0,0.0,0.0
00-0034801,J.Woods,Josh Woods,LB,LB,"https://static.www.nfl.com/image/upload/f_auto,q_auto/league/p6wltly2bismav4hvfvb",2023,REG,ARI,11,0,0,0,0,0,0,0,0,0,0,0,0,,,0,,0,0,0,0,0,0,0,0,0,0,,0,0,0,0,0,0,0,0,0,0,0,0,0,0,,0,0,0,0,0,,0.0,0.0,0.0,0,26,7,28,2,5,1,0.5,3.0,1,0,0,1,0,0,0,0,0,0,0,0,0,0,0,0,0,0,0,0,0,0,0,0,0,0,0,0,,,0,0,0,0,0,0,0,0,0,0,0,0,,,,0,0,0,0,0,0,0,,0,0,0,0,,0,0,,0,0,0,0,0,0,0,0,0,0,0.0,0.0
00-0034803,J.Noteboom,Joe Noteboom,OT,OL,"https://static.www.nfl.com/image/upload/f_auto,q_auto/league/dn3tttcun4lwo7dbwsbq",2023,REG,LA,1,0,0,0,0,0,0,0,0,0,0,0,0,,,0,,0,0,0,0,0,0,0,0,0,0,,0,0,0,0,0,0,0,0,0,0,0,0,0,0,,0,0,0,0,0,,0.0,0.0,0.0,0,0,0,0,0,0,0,0.0,0.0,0,0,0,0,0,0,0,0,0,0,0,0,0,1,10,0,0,0,0,0,0,0,0,0,0,0,0,0,,,0,0,0,0,0,0,0,0,0,0,0,0,,,,0,0,0,0,0,0,0,,0,0,0,0,,0,0,,0,0,0,0,0,0,0,0,0,0,0.0,0.0
00-0034805,J.Franklin-Myers,John Franklin-Myers,DE,DL,"https://static.www.nfl.com/image/upload/f_auto,q_auto/league/uddpcfoopacmfjcovnvi",2023,REG,NYJ,14,0,0,0,0,0,0,0,0,0,0,0,0,,,0,,0,0,0,0,0,0,0,0,0,0,,0,0,0,0,0,0,0,0,0,0,0,0,0,0,,0,0,0,0,0,,0.0,0.0,0.0,0,11,4,18,4,32,0,3.5,37.5,14,0,0,3,0,0,0,0,0,0,0,0,0,2,11,0,0,0,0,0,0,0,0,0,0,0,0,0,,,0,0,0,0,0,0,0,0,0,0,0,0,,,,0,0,0,0,0,0,0,,0,0,0,0,,0,0,,0,0,0,0,0,0,0,0,0,0,0.0,0.0
00-0034807,O.Okoronkwo,Ogbo Okoronkwo,DE,DL,"https://static.www.nfl.com/image/upload/f_auto,q_auto/league/qbhwpvb59fmyguz8ttg0",2023,REG,CLE,12,0,0,0,0,0,0,0,0,0,0,0,0,,,0,,0,0,0,0,0,0,0,0,0,0,,0,0,0,0,0,0,0,0,0,0,0,0,0,0,,0,0,0,0,0,,0.0,0.0,0.0,0,16,6,9,7,32,0,4.5,24.0,8,0,0,1,0,0,0,0,0,0,1,0,0,1,5,0,0,0,0,0,0,0,0,0,0,0,0,0,,,0,0,0,0,0,0,0,0,0,0,0,0,,,,0,0,0,0,0,0,0,,0,0,0,0,,0,0,,0,0,0,0,0,0,0,0,0,0,0.0,0.0
00-0034810,S.Joseph,Sebastian Joseph-Day,DT,DL,"https://static.www.nfl.com/image/upload/f_auto,q_auto/league/clutt16odnru2dvidv9w",2023,REG,SF,15,0,0,0,0,0,0,0,0,0,0,0,0,,,0,,0,0,0,0,0,0,0,0,0,0,,0,0,0,0,0,0,0,0,0,0,0,0,0,0,,0,0,0,0,0,,0.0,0.0,0.0,0,16,3,18,3,11,0,3.0,10.0,11,0,0,0,0,0,0,0,0,0,0,0,0,1,12,0,0,0,0,0,0,0,0,0,0,0,0,0,,,0,0,0,0,0,0,0,0,0,0,0,0,,,,0,0,0,0,0,0,0,,0,0,0,0,,0,0,,0,0,0,0,0,0,0,0,0,0,0.0,0.0
00-0034815,F.Warner,Fred Warner,MLB,LB,"https://static.www.nfl.com/image/upload/f_auto,q_auto/league/u3en19iyyfc64d3vprh6",2023,REG,SF,16,0,0,0,0,0,0,0,0,0,0,0,0,,,0,,0,0,0,0,0,0,0,0,0,0,,0,0,0,0,0,0,0,0,0,0,0,0,0,0,,0,0,0,0,0,,0.0,0.0,0.0,0,70,12,50,5,22,4,2.5,16.5,5,4,63,11,0,0,0,0,0,0,0,0,0,2,27,0,0,0,0,0,0,0,0,0,0,0,0,0,,,0,0,0,0,0,0,0,0,0,0,0,0,,,,0,0,0,0,0,0,0,,0,0,0,0,,0,0,,0,0,0,0,0,0,0,0,0,0,0.0,0.0
00-0034817,G.Christian,Geron Christian,OT,OL,"https://static.www.nfl.com/image/upload/f_auto,q_auto/league/op7pv7rqvcvolr41t285",2023,REG,CLE,5,0,0,0,0,0,0,0,0,0,0,0,0,,,0,,0,0,0,0,0,0,0,0,0,0,,0,0,0,0,0,0,0,0,0,0,0,0,0,0,,0,0,0,0,0,,0.0,0.0,0.0,0,0,1,1,0,0,0,0.0,0.0,0,0,0,0,0,0,0,0,0,0,0,0,0,4,25,0,0,0,0,0,0,0,0,0,0,0,0,0,,,0,0,0,0,0,0,0,0,0,0,0,0,,,,0,0,0,0,0,0,0,,0,0,0,0,,0,0,,0,0,0,0,0,0,0,0,0,0,0.0,0.0
00-0034818,D.Nnadi,Derrick Nnadi,NT,DL,"https://static.www.nfl.com/image/upload/f_auto,q_auto/league/dbzhxihrdflpqcgcn7z4",2023,REG,KC,14,0,0,0,0,0,0,0,0,0,0,0,0,,,0,,0,0,0,0,0,0,0,0,0,0,,0,0,0,0,0,0,0,0,0,0,0,0,0,0,,0,0,0,0,0,,0.0,0.0,0.0,0,12,4,13,1,2,0,1.0,2.0,1,0,0,1,0,0,0,0,0,0,0,0,0,2,20,0,0,0,0,0,0,0,0,0,0,0,0,0,,,0,0,0,0,0,0,0,0,0,0,0,0,,,,0,0,0,0,0,0,0,,0,0,0,0,,0,0,,0,0,0,0,0,0,0,0,0,0,0.0,0.0
00-0034825,A.Key,Arden Key,DE,DL,"https://static.www.nfl.com/image/upload/f_auto,q_auto/league/wgnbernjlxpmk5rhgkhn",2023,REG,TEN,13,0,0,0,0,0,0,0,0,0,0,0,0,,,0,,0,0,0,0,0,0,0,0,0,0,,0,0,0,0,0,0,0,0,0,0,0,0,0,0,,0,0,0,0,0,,0.0,0.0,0.0,0,12,5,13,3,21,2,6.0,43.0,12,0,0,2,0,0,0,0,0,0,0,0,0,4,19,0,0,0,0,0,0,0,0,0,0,0,0,0,,,0,0,0,0,0,0,0,0,0,0,0,0,,,,0,0,0,0,0,0,0,,0,0,0,0,,0,0,,0,0,0,0,0,0,0,0,0,0,0.0,0.0
00-0034827,D.Moore,DJ Moore,WR,WR,"https://static.www.nfl.com/image/upload/f_auto,q_auto/league/qphturmeiifnqrnf5pax",2023,REG,CHI,17,0,0,0,0,0,0,0,0,0,0,0,0,,,0,,0,0,0,0,4,21,1,0,0,1,-1.6122478633769788,0,1,1,0,0,96,136,1364,8,1,1,1476,539,64,64.28823470274469,0,53,32,25,2,0.924119241192412,0.2851153039832285,0.3909933774834437,0.7013683202132532,0,3,0,0,0,0,1,0.0,0.0,0,0,0,0,0,0,0,0,0,0,0,0,0,1,10,1,0,0,1,1,0,0,0,0,0,0,0,0,,,0,0,0,0,0,0,0,0,0,0,0,0,,,,0,0,0,0,0,0,0,,0,0,0,0,,0,0,,0,0,0,0,0,0,0,0,0,0,190.5,286.5
00-0034828,H.Landry,Harold Landry III,LB,LB,"https://static.www.nfl.com/image/upload/f_auto,q_auto/league/u4vo0zlxvsph3annhc4f",2023,REG,TEN,16,0,0,0,0,0,0,0,0,0,0,0,0,,,0,,0,0,0,0,0,0,0,0,0,0,,0,0,0,0,0,0,0,0,0,0,0,0,0,0,,0,0,0,0,0,,0.0,0.0,0.0,0,36,9,25,13,77,0,10.5,72.5,21,0,0,0,0,0,0,0,0,0,0,0,0,2,14,0,0,0,0,0,0,0,0,0,0,0,0,0,,,0,0,0,0,0,0,0,0,0,0,0,0,,,,0,0,0,0,0,0,0,,0,0,0,0,,0,0,,0,0,0,0,0,0,0,0,0,0,0.0,0.0
00-0034829,M.Gesicki,Mike Gesicki,TE,TE,"https://static.www.nfl.com/image/upload/f_auto,q_auto/league/mfswo0trev4oi2gnb41e",2023,REG,NE,15,0,0,0,0,0,0,0,0,0,0,0,0,,,0,,0,0,0,0,0,0,0,0,0,0,,0,0,0,0,0,29,45,244,2,0,0,383,88,11,-3.1105309900038867,0,11,2,0,0,0.6370757180156658,0.08317929759704251,0.093505859375,0.19022304795806377,0,1,0,0,0,0,1,0.0,0.0,0,0,0,0,0,0,0,0,0,0,0,0,0,0,0,0,0,0,0,0,0,0,0,0,0,0,0,0,,,0,0,0,0,0,0,0,0,0,0,0,0,,,,0,0,0,0,0,0,0,,0,0,0,0,,0,0,,0,0,0,0,0,0,0,0,0,0,36.400000000000006,65.4
00-0034830,H.Hurst,Hayden Hurst,TE,TE,"https://static.www.nfl.com/image/upload/f_auto,q_auto/league/qxvkvmi2fphxjqyb21nv",2023,REG,CAR,9,0,0,0,0,0,0,0,0,0,0,0,0,,,0,,0,0,0,0,0,0,0,0,0,0,,0,0,0,0,0,18,32,184,1,0,0,242,67,7,-3.7817815153393894,0,5,2,1,1,0.7603305785123967,0.0599250936329588,0.053993752788933515,0.12768326740169167,0,1,0,0,0,0,0,0.0,0.0,0,0,0,0,0,0,0,0,0,0,0,0,0,2,15,0,0,0,0,0,0,0,0,0,0,0,0,0,,,0,0,0,0,0,0,0,0,0,0,0,0,,,,0,0,0,0,0,0,0,,0,0,0,0,,0,0,,0,0,0,0,0,0,0,0,0,0,24.400000000000002,42.400000000000006
00-0034831,R.Green,Rasheem Green,DE,DL,"https://static.www.nfl.com/image/private/f_auto,q_auto/league/q5a4fmrm2xxioqe5ijpi",2023,REG,CHI,15,0,0,0,0,0,0,0,0,0,0,0,0,,,0,,0,0,0,0,0,0,0,0,0,0,,0,0,0,0,0,0,0,0,0,0,0,0,0,0,,0,0,0,0,0,,0.0,0.0,0.0,0,8,0,7,2,9,0,2.0,9.0,5,0,0,0,0,0,0,0,0,0,0,0,0,1,5,0,0,0,0,0,0,0,0,0,0,0,0,0,,,0,0,0,0,0,0,0,0,0,0,0,0,,,,0,0,0,0,0,0,0,,0,0,0,0,,0,0,,0,0,0,0,0,0,0,0,0,0,0.0,0.0
00-0034832,B.Chubb,Bradley Chubb,OLB,LB,"https://static.www.nfl.com/image/upload/f_auto,q_auto/league/u0hpsvirbf0ksqqrr4of",2023,REG,MIA,16,0,0,0,0,0,0,0,0,0,0,0,0,,,0,,0,0,0,0,0,0,0,0,0,0,,0,0,0,0,0,0,0,0,0,0,0,0,0,0,,0,0,0,0,0,,0.0,0.0,0.0,0,38,7,28,9,40,6,11.0,84.0,22,0,0,2,0,0,0,0,0,0,2,0,0,3,23,0,0,0,0,0,0,0,0,0,0,0,0,0,,,0,0,0,0,0,0,0,0,0,0,0,0,,,,0,0,0,0,0,0,0,,0,0,0,0,,0,0,,0,0,0,0,0,0,0,0,0,0,0.0,0.0
00-0034833,I.Wynn,Isaiah Wynn,G,OL,"https://static.www.nfl.com/image/upload/f_auto,q_auto/league/vtldccf1xfjt0cmblvxu",2023,REG,MIA,3,0,0,0,0,0,0,0,0,0,0,0,0,,,0,,0,0,0,0,0,0,0,0,0,0,,0,0,0,0,0,0,0,0,0,0,0,0,0,0,,0,0,0,0,0,,0.0,0.0,0.0,0,0,0,0,0,0,0,0.0,0.0,0,0,0,0,0,0,0,0,0,0,0,0,0,3,20,0,0,0,0,0,0,0,0,0,0,0,0,0,,,0,0,0,0,0,0,0,0,0,0,0,0,,,,0,0,0,0,0,0,0,,0,0,0,0,,0,0,,0,0,0,0,0,0,0,0,0,0,0.0,0.0
00-0034834,S.Hubbard,Sam Hubbard,DE,DL,"https://static.www.nfl.com/image/upload/f_auto,q_auto/league/eoodwerhenaqvcaqm29t",2023,REG,CIN,15,0,0,0,0,0,0,0,0,0,0,0,0,,,0,,0,0,0,0,0,0,0,0,0,0,,0,0,0,0,0,0,0,0,0,0,0,0,0,0,,0,0,0,0,0,,0.0,0.0,0.0,0,34,4,20,7,39,0,6.0,38.0,17,0,0,0,0,0,0,0,0,0,2,0,0,3,24,0,0,0,0,0,0,0,0,0,0,0,0,0,,,0,0,0,0,0,0,0,0,0,0,0,0,,,,0,0,0,0,0,0,0,,0,0,0,0,,0,0,,0,0,0,0,0,0,0,0,0,0,0.0,0.0
00-0034835,M.Jefferson,Malik Jefferson,LB,LB,"https://static.www.nfl.com/image/private/f_auto,q_auto/league/tgjhguwquxie6ngjjf0n",2023,REG,DAL,2,0,0,0,0,0,0,0,0,0,0,0,0,,,0,,0,0,0,0,0,0,0,0,0,0,,0,0,0,0,0,0,0,0,0,0,0,0,0,0,,0,0,0,0,0,,0.0,0.0,0.0,0,2,0,1,1,4,0,0.0,0.0,0,0,0,0,0,0,0,0,0,0,0,0,0,0,0,0,0,0,0,0,0,0,0,0,0,0,0,0,,,0,0,0,0,0,0,0,0,0,0,0,0,,,,0,0,0,0,0,0,0,,0,0,0,0,,0,0,,0,0,0,0,0,0,0,0,0,0,0.0,0.0
00-0034836,B.Smith,Braden Smith,OT,OL,"https://static.www.nfl.com/image/upload/f_auto,q_auto/league/xajcpouicrecoyupypyw",2023,REG,IND,4,0,0,0,0,0,0,0,0,0,0,0,0,,,0,,0,0,0,0,0,0,0,0,0,0,,0,0,0,0,0,0,0,0,0,0,0,0,0,0,,0,0,0,0,0,,0.0,0.0,0.0,0,0,0,0,0,0,0,0.0,0.0,0,0,0,0,0,0,0,0,0,0,0,0,0,5,36,0,0,0,0,0,0,0,0,0,0,0,0,0,,,0,0,0,0,0,0,0,0,0,0,0,0,,,,0,0,0,0,0,0,0,,0,0,0,0,,0,0,,0,0,0,0,0,0,0,0,0,0,0.0,0.0
00-0034837,C.Ridley,Calvin Ridley,WR,WR,"https://static.www.nfl.com/image/upload/f_auto,q_auto/league/l96rlegwqz7qfakbdtlp",2023,REG,JAX,17,0,0,0,0,0,0,0,0,0,0,0,0,,,0,,0,0,0,0,9,23,0,0,0,3,-2.9486537375487387,0,3,1,0,0,76,136,1016,8,1,0,1771,194,49,32.38094421554435,1,43,23,17,2,0.5736871823828346,0.22405271828665568,0.3555510941577996,0.5849648433404433,0,1,0,0,0,0,0,0.0,0.0,0,0,0,0,0,0,0,0,0,0,0,0,0,3,20,1,0,1,1,0,0,0,0,0,0,0,0,0,,,0,0,0,0,0,0,0,0,0,0,0,0,,,,0,0,0,0,0,0,0,,0,0,0,0,,0,0,,0,0,0,0,0,0,0,0,0,0,153.9,229.9
00-0034838,R.Freeman,Royce Freeman,RB,RB,"https://static.www.nfl.com/image/upload/f_auto,q_auto/league/qs4e1hiqj9xymlqk6yas",2023,REG,LA,11,0,0,0,0,0,0,0,0,0,0,0,0,,,0,,0,0,0,0,77,319,2,0,0,17,-6.533680742758492,0,7,4,1,0,1,2,13,0,0,0,0,14,1,-0.2510662560816854,0,1,0,0,0,0.0,0.0036036036036036037,0.0,0.005405405405405406,0,2,0,3,0,0,0,0.0,0.0,0,0,0,0,0,0,0,0,0,0,0,0,0,0,0,0,0,0,0,0,0,0,0,0,0,0,0,0,,,0,0,0,0,0,0,0,0,0,0,0,0,,,,0,0,0,0,0,0,0,,0,0,0,0,,0,0,,0,0,0,0,0,0,0,0,0,0,45.2,46.2
00-0034842,T.Bryan,Taven Bryan,DT,DL,"https://static.www.nfl.com/image/upload/f_auto,q_auto/league/omwj6uyx0ermi51ptvh6",2023,REG,IND,15,0,0,0,0,0,0,0,0,0,0,0,0,,,0,,0,0,0,0,0,0,0,0,0,0,,0,0,0,0,0,0,0,0,0,0,0,0,0,0,,0,0,0,0,0,,0.0,0.0,0.0,0,9,3,10,2,6,1,2.0,9.0,1,0,0,0,0,0,0,0,0,0,0,0,0,3,18,0,0,0,0,0,0,0,0,0,0,0,0,0,,,0,0,0,0,0,0,0,0,0,0,0,0,,,,0,0,0,0,0,0,0,,0,0,0,0,,0,0,,0,0,0,0,0,0,0,0,0,0,0.0,0.0
00-0034843,M.Hughes,Mike Hughes,CB,DB,"https://static.www.nfl.com/image/upload/f_auto,q_auto/league/fzxie6iznr3i8qc2pmnv",2023,REG,ATL,14,0,0,0,0,0,0,0,0,0,0,0,0,,,0,,0,0,0,0,0,0,0,0,0,0,,0,0,0,0,0,0,0,0,0,0,0,0,0,0,,0,0,0,0,0,,0.0,0.0,0.0,0,13,1,7,2,2,0,0.0,0.0,0,0,0,1,0,0,0,0,0,0,0,0,0,0,0,0,0,0,0,0,11,67,3,46,0,0,0,0,,,0,0,0,0,0,0,0,0,0,0,0,0,,,,0,0,0,0,0,0,0,,0,0,0,0,,0,0,,0,0,0,0,0,0,0,0,0,0,0.0,0.0
00-0034844,S.Barkley,Saquon Barkley,RB,RB,"https://static.www.nfl.com/image/upload/f_auto,q_auto/league/ern1nbhivkmwkg82c7v1",2023,REG,NYG,14,0,0,0,0,0,0,0,0,0,0,0,0,,,0,,0,0,0,0,247,962,6,2,2,51,-49.32096212196922,1,26,17,7,0,41,60,280,4,0,0,134,226,16,-7.518395814604385,0,7,5,4,1,2.08955223880597,0.12371134020618557,0.035393555203380875,0.21034249895164497,0,0,0,0,0,0,0,0.0,0.0,0,0,0,0,0,0,0,0,1,0,0,0,0,1,5,1,1,0,2,2,0,0,0,0,0,0,0,0,,,0,0,0,0,0,0,0,0,0,0,0,0,,,,0,0,0,0,0,0,0,,0,0,0,0,,0,0,,0,0,0,0,0,0,0,0,0,0,182.2,223.2
00-0034846,S.Leonard,Shaquille Leonard,OLB,LB,"https://static.www.nfl.com/image/private/f_auto,q_auto/league/wsciifrkszbcjmnzsliy",2023,REG,PHI,14,0,0,0,0,0,0,0,0,0,0,0,0,,,0,,0,0,0,0,0,0,0,0,0,0,,0,0,0,0,0,0,0,0,0,0,0,0,0,0,,0,0,0,0,0,,0.0,0.0,0.0,0,41,5,42,4,12,0,1.0,2.0,1,0,0,0,0,0,0,0,0,0,0,0,0,0,0,0,0,0,0,0,0,0,0,0,0,0,0,0,,,0,0,0,0,0,0,0,0,0,0,0,0,,,,0,0,0,0,0,0,0,,0,0,0,0,,0,0,,0,0,0,0,0,0,0,0,0,0,0.0,0.0
00-0034847,M.McGlinchey,Mike McGlinchey,OT,OL,"https://static.www.nfl.com/image/upload/f_auto,q_auto/league/rlmc7tqeolzj5btkdicj",2023,REG,DEN,6,0,0,0,0,0,0,0,0,0,0,0,0,,,0,,0,0,0,0,0,0,0,0,0,0,,0,0,0,0,0,0,0,0,0,0,0,0,0,0,,0,0,0,0,0,,0.0,0.0,0.0,0,0,0,1,0,0,0,0.0,0.0,0,0,0,0,0,0,0,0,0,0,0,0,0,7,35,0,0,0,0,0,0,0,0,0,0,0,0,0,,,0,0,0,0,0,0,0,0,0,0,0,0,,,,0,0,0,0,0,0,0,,0,0,0,0,,0,0,,0,0,0,0,0,0,0,0,0,0,0.0,0.0
00-0034854,K.Hodge,KhaDarel Hodge,WR,WR,"https://static.www.nfl.com/image/upload/f_auto,q_auto/league/r6vyxamrbb62lcccap2r",2023,REG,ATL,14,0,0,0,0,0,0,0,0,0,0,0,0,,,0,,0,0,0,0,1,0,0,1,0,0,-0.6525483611621894,0,0,0,0,0,14,23,232,0,0,0,330,83,13,5.243100800266969,0,10,5,3,1,0.703030303030303,0.045275590551181105,0.0759493670886076,0.12107794278879697,0,4,0,1,0,0,0,0.0,0.0,0,0,0,0,0,0,0,0,2,-1,0,0,0,0,0,0,1,0,1,0,0,0,0,0,0,0,0,0,,,0,0,0,0,0,0,0,0,0,0,0,0,,,,0,0,0,0,0,0,0,,0,0,0,0,,0,0,,0,0,0,0,0,0,0,0,0,0,23.200000000000003,37.2
00-0034855,B.Mayfield,Baker Mayfield,QB,QB,"https://static.www.nfl.com/image/upload/f_auto,q_auto/league/i2uufyghiphx4oihgucm",2023,REG,TB,17,364,566,4044,28,10,40,-232,5,3,4844,1927,188,49.82517850090984,0.23982274162508274,2,0.8348472336911643,145,86,60,12,62,163,1,2,0,16,-14.48364719747979,0,4,2,1,0,0,0,0,0,0,0,0,0,0,,0,0,0,0,0,,0.0,0.0,0.0,0,0,0,0,0,0,0,0.0,0.0,0,0,0,0,0,0,0,0,3,-5,0,0,0,2,16,5,3,0,8,3,0,0,0,0,0,0,0,0,,,0,0,0,0,0,0,0,0,0,0,0,0,,,,0,0,0,0,0,0,0,,0,0,0,0,,0,0,,0,0,0,0,0,0,0,0,0,0,274.06,274.06
00-0034856,D.Ward,Denzel Ward,CB,DB,"https://static.www.nfl.com/image/upload/f_auto,q_auto/league/mmp5gacrbeeolrsgg5wm",2023,REG,CLE,12,0,0,0,0,0,0,0,0,0,0,0,0,,,0,,0,0,0,0,0,0,0,0,0,0,,0,0,0,0,0,0,0,0,0,0,0,0,0,0,,0,0,0,0,0,,0.0,0.0,0.0,0,26,4,4,1,2,1,0.0,0.0,0,2,20,11,0,0,0,19,0,0,0,0,0,3,30,0,0,0,0,0,0,0,0,0,0,0,0,0,,,0,0,0,0,0,0,0,0,0,0,0,0,,,,0,0,0,0,0,0,0,,0,0,0,0,,0,0,,0,0,0,0,0,0,0,0,0,0,0.0,0.0
00-0034857,J.Allen,Josh Allen,QB,QB,"https://static.www.nfl.com/image/upload/f_auto,q_auto/league/servs1fpsynfxep4rz2z",2023,REG,BUF,17,385,579,4306,29,18,24,-152,2,1,5022,1973,199,91.6927982197074,5.023608114741264,3,0.8574273197929112,164,82,49,9,111,524,15,4,3,57,54.38192837900933,0,17,11,1,0,0,0,0,0,0,0,0,0,0,,0,0,0,0,0,,0.0,0.0,0.0,0,0,0,0,0,0,0,0.0,0.0,0,0,0,0,0,0,0,0,1,-4,0,0,0,3,37,5,2,0,7,4,0,0,0,0,0,0,0,0,,,0,0,0,0,0,0,0,0,0,0,0,0,,,,0,0,0,0,0,0,0,,0,0,0,0,,0,0,,0,0,0,0,0,0,0,0,0,0,392.64,392.64
00-0034858,T.Edmunds,Terrell Edmunds,S,DB,"https://static.www.nfl.com/image/upload/f_auto,q_auto/league/fk1i6e8ursk3awmpts1j",2023,REG,TEN,13,0,0,0,0,0,0,0,0,0,0,0,0,,,0,,0,0,0,0,0,0,0,0,0,0,,0,0,0,0,0,0,0,0,0,0,0,0,0,0,,0,0,0,0,0,,0.0,0.0,0.0,0,32,2,14,2,11,1,2.5,11.0,2,1,2,2,0,0,0,0,0,0,0,0,0,2,17,0,0,0,0,0,0,0,0,0,0,0,0,0,,,0,0,0,0,0,0,0,0,0,0,0,0,,,,0,0,0,0,0,0,0,,0,0,0,0,,0,0,,0,0,0,0,0,0,0,0,0,0,0.0,0.0
00-0034869,S.Darnold,Sam Darnold,QB,QB,"https://static.www.nfl.com/image/upload/f_auto,q_auto/league/s5t8m6bhedjwwtfw3ild",2023,REG,SF,10,28,46,297,2,1,6,-40,2,1,371,155,15,-0.2621567214636227,-1.4348636973987927,0,0.8005390835579514,11,5,3,1,21,15,1,1,0,3,-8.307283751055365,0,0,0,0,0,0,0,0,0,0,0,0,0,0,,0,0,0,0,0,,0.0,0.0,0.0,0,0,0,0,0,0,0,0.0,0.0,0,0,0,0,0,0,0,0,2,-1,0,0,0,0,0,1,2,0,3,1,0,0,0,0,0,0,0,0,,,0,0,0,0,0,0,0,0,0,0,0,0,,,,0,0,0,0,0,0,0,,0,0,0,0,,0,0,,0,0,0,0,0,0,0,0,0,0,23.380000000000003,23.380000000000003
00-0034874,R.Smith,Roquan Smith,ILB,LB,"https://static.www.nfl.com/image/upload/f_auto,q_auto/league/ru4idxsvmhlpiwx6za9a",2023,REG,BAL,16,0,0,0,0,0,0,0,0,0,0,0,0,,,0,,0,0,0,0,0,0,0,0,0,0,,0,0,0,0,0,0,0,0,0,0,0,0,0,0,,0,0,0,0,0,,0.0,0.0,0.0,0,74,10,74,4,19,1,1.5,12.0,5,1,30,8,0,0,0,0,0,0,0,0,0,2,23,0,0,0,0,0,0,0,0,0,0,0,0,0,,,0,0,0,0,0,0,0,0,0,0,0,0,,,,0,0,0,0,0,0,0,,0,0,0,0,,0,0,,0,0,0,0,0,0,0,0,0,0,0.0,0.0
00-0034902,S.Eguavoen,Sam Eguavoen,LB,LB,"https://static.www.nfl.com/image/upload/f_auto,q_auto/league/qvwzilzdorawnld7aous",2023,REG,NYJ,5,0,0,0,0,0,0,0,0,0,0,0,0,,,0,,0,0,0,0,0,0,0,0,0,0,,0,0,0,0,0,0,0,0,0,0,0,0,0,0,,0,0,0,0,0,,0.0,0.0,0.0,0,3,0,1,0,0,0,0.0,0.0,0,0,0,0,0,0,0,0,0,0,1,0,0,1,5,0,0,0,0,0,0,0,0,0,0,0,0,0,,,0,0,0,0,0,0,0,0,0,0,0,0,,,,0,0,0,0,0,0,0,,0,0,0,0,,0,0,,0,0,0,0,0,0,0,0,0,0,0.0,0.0
00-0034903,T.Campbell,Tevaughn Campbell,DB,DB,"https://static.www.nfl.com/image/upload/f_auto,q_auto/league/gt6omgjvqjkohkngei3o",2023,REG,JAX,1,0,0,0,0,0,0,0,0,0,0,0,0,,,0,,0,0,0,0,0,0,0,0,0,0,,0,0,0,0,0,0,0,0,0,0,0,0,0,0,,0,0,0,0,0,,0.0,0.0,0.0,0,0,0,0,0,0,0,0.0,0.0,0,0,0,0,0,1,0,0,0,0,0,0,0,0,0,0,1,0,1,1,1,0,0,0,0,0,0,0,,,0,0,0,0,0,0,0,0,0,0,0,0,,,,0,0,0,0,0,0,0,,0,0,0,0,,0,0,,0,0,0,0,0,0,0,0,0,0,0.0,0.0
00-0034928,S.Sims,Steven Sims,WR,WR,"https://static.www.nfl.com/image/upload/f_auto,q_auto/league/j4wvyoqtwt34h8qamgun",2023,REG,HOU,3,0,0,0,0,0,0,0,0,0,0,0,0,,,0,,0,0,0,0,1,1,0,0,0,0,-1.5655690995045006,0,0,0,0,0,3,3,25,0,0,0,-2,27,1,1.036577990045771,0,1,1,1,0,0.0,0.00530035335689046,-0.00038632412594166504,0.007680103147176524,0,0,0,0,0,0,0,0.0,0.0,0,0,0,0,0,0,0,0,1,0,0,0,0,0,0,0,0,0,0,0,4,49,3,71,0,0,0,0,,,0,0,0,0,0,0,0,0,0,0,0,0,,,,0,0,0,0,0,0,0,,0,0,0,0,,0,0,,0,0,0,0,0,0,0,0,0,0,2.6,5.6
00-0034929,Q.Bailey,Quinn Bailey,OT,OL,"https://static.www.nfl.com/image/upload/f_auto,q_auto/league/cjkc3gfhrz7shpncinla",2023,REG,DEN,1,0,0,0,0,0,0,0,0,0,0,0,0,,,0,,0,0,0,0,0,0,0,0,0,0,,0,0,0,0,0,0,0,0,0,0,0,0,0,0,,0,0,0,0,0,,0.0,0.0,0.0,0,0,0,0,0,0,0,0.0,0.0,0,0,0,0,0,0,0,0,0,0,0,0,0,1,10,0,0,0,0,0,0,0,0,0,0,0,0,0,,,0,0,0,0,0,0,0,0,0,0,0,0,,,,0,0,0,0,0,0,0,,0,0,0,0,,0,0,,0,0,0,0,0,0,0,0,0,0,0.0,0.0
00-0034941,M.Wishnowsky,Mitch Wishnowsky,P,SPEC,"https://static.www.nfl.com/image/upload/f_auto,q_auto/league/kjifuyh2rm6dygczcv4f",2023,REG,SF,17,0,0,0,0,0,0,0,0,0,0,0,0,,,0,,0,0,0,0,0,0,0,0,0,0,,0,0,0,0,0,0,0,0,0,0,0,0,0,0,,0,0,0,0,0,,0.0,0.0,0.0,0,0,0,0,0,0,0,0.0,0.0,0,0,0,0,0,0,0,0,0,0,0,0,0,1,15,0,0,0,0,0,0,0,0,0,0,0,0,0,,,0,0,0,0,0,0,0,0,0,0,0,0,,,,0,0,0,0,0,0,0,,0,0,0,0,,52,0,67,2480,26,4,11,2,13,22,220,0,2220,0.0,0.0
00-0034954,M.Reed,Malik Reed,LB,LB,"https://static.www.nfl.com/image/private/f_auto,q_auto/league/c3efy9qazz8gzi8b3qvb",2023,REG,LV,3,0,0,0,0,0,0,0,0,0,0,0,0,,,0,,0,0,0,0,0,0,0,0,0,0,,0,0,0,0,0,0,0,0,0,0,0,0,0,0,,0,0,0,0,0,,0.0,0.0,0.0,0,1,0,2,0,0,0,0.0,0.0,0,0,0,0,0,0,0,0,0,0,0,0,0,0,0,0,0,0,0,0,0,0,0,0,0,0,0,0,,,0,0,0,0,0,0,0,0,0,0,0,0,,,,0,0,0,0,0,0,0,,0,0,0,0,,0,0,,0,0,0,0,0,0,0,0,0,0,0.0,0.0
00-0034955,B.Rypien,Brett Rypien,QB,QB,"https://static.www.nfl.com/image/upload/f_auto,q_auto/league/aagqym9xmd5rligbbacq",2023,REG,LA,2,18,38,172,0,1,2,-18,1,1,315,84,8,-19.725291507413438,-18.95850486046559,0,0.546031746031746,8,2,1,0,3,19,0,0,0,1,1.3361064374330454,0,0,0,0,0,0,0,0,0,0,0,0,0,0,,0,0,0,0,0,,0.0,0.0,0.0,0,0,0,0,0,0,0,0.0,0.0,0,0,0,0,0,0,0,0,1,0,0,0,0,0,0,1,1,0,2,1,0,0,0,0,0,0,0,0,,,0,0,0,0,0,0,0,0,0,0,0,0,,,,0,0,0,0,0,0,0,,0,0,0,0,,0,0,,0,0,0,0,0,0,0,0,0,0,4.78,4.78
00-0034957,C.Anderson,Calvin Anderson,OT,OL,"https://static.www.nfl.com/image/upload/f_auto,q_auto/league/qwkllqaajfg6itgkjvkk",2023,REG,NE,1,0,0,0,0,0,0,0,0,0,0,0,0,,,0,,0,0,0,0,0,0,0,0,0,0,,0,0,0,0,0,0,0,0,0,0,0,0,0,0,,0,0,0,0,0,,0.0,0.0,0.0,0,0,0,0,0,0,0,0.0,0.0,0,0,0,0,0,0,0,0,0,0,0,0,0,1,10,0,0,0,0,0,0,0,0,0,0,0,0,0,,,0,0,0,0,0,0,0,0,0,0,0,0,,,,0,0,0,0,0,0,0,,0,0,0,0,,0,0,,0,0,0,0,0,0,0,0,0,0,0.0,0.0
00-0034959,A.Beck,Andrew Beck,FB,RB,"https://static.www.nfl.com/image/upload/f_auto,q_auto/league/cgfleml3vlakevf285n3",2023,REG,HOU,12,0,0,0,0,0,0,0,0,0,0,0,0,,,0,,0,0,0,0,5,3,1,0,0,2,-1.4628208396025002,0,0,0,0,0,11,13,55,2,1,1,22,37,4,-9.970659628430889,0,1,1,1,0,2.5,0.022968197879858657,0.004249565385358316,0.037426992589538806,1,1,0,0,0,0,0,0.0,0.0,0,0,0,0,0,0,0,0,0,0,0,0,0,4,50,1,0,0,1,1,0,0,2,94,0,0,0,0,,,0,0,0,0,0,0,0,0,0,0,0,0,,,,0,0,0,0,0,0,0,,0,0,0,0,,0,0,,0,0,0,0,0,0,0,0,0,0,27.8,38.8
00-0034960,J.Meyers,Jakobi Meyers,WR,WR,"https://static.www.nfl.com/image/upload/f_auto,q_auto/league/qui5ajbevlk7pfjpcufz",2023,REG,LV,16,2,3,12,1,0,0,0,0,0,12,0,1,0.8678318390157074,38.73381018638611,0,1.0,0,0,0,0,4,24,2,0,0,3,2.83430481684627,0,1,1,0,0,71,106,807,8,0,0,1028,242,46,18.46127164592127,0,38,17,8,0,0.7850194552529183,0.19962335216572505,0.24013081055828078,0.46752659563938415,0,1,0,0,0,0,0,0.0,0.0,0,0,0,0,0,0,0,0,1,1,0,0,0,6,65,0,0,0,0,0,0,0,0,0,0,0,0,0,,,0,0,0,0,0,0,0,0,0,0,0,0,,,,0,0,0,0,0,0,0,,0,0,0,0,,0,0,,0,0,0,0,0,0,0,0,0,0,147.58,218.58
00-0034966,D.Ross,D'Angelo Ross,CB,DB,"https://static.www.nfl.com/image/upload/f_auto,q_auto/league/knsvo3gypaqfo3vtnt1o",2023,REG,HOU,4,0,0,0,0,0,0,0,0,0,0,0,0,,,0,,0,0,0,0,0,0,0,0,0,0,,0,0,0,0,0,0,0,0,0,0,0,0,0,0,,0,0,0,0,0,,0.0,0.0,0.0,0,4,1,3,0,0,0,0.0,0.0,0,0,0,0,0,0,0,0,0,0,0,0,0,1,15,0,0,0,0,0,0,0,0,0,0,0,0,0,,,0,0,0,0,0,0,0,0,0,0,0,0,,,,0,0,0,0,0,0,0,,0,0,0,0,,0,0,,0,0,0,0,0,0,0,0,0,0,0.0,0.0
00-0034967,R.Gary,Rashan Gary,LB,LB,"https://static.www.nfl.com/image/private/f_auto,q_auto/league/t4clz4xe8sfxszmvohfo",2023,REG,GB,17,0,0,0,0,0,0,0,0,0,0,0,0,,,0,,0,0,0,0,0,0,0,0,0,0,,0,0,0,0,0,0,0,0,0,0,0,0,0,0,,0,0,0,0,0,,0.0,0.0,0.0,0,21,2,21,7,46,2,9.0,47.5,22,0,0,2,0,0,0,0,0,0,2,0,0,5,45,0,0,0,0,0,0,0,0,0,0,0,0,0,,,0,0,0,0,0,0,0,0,0,0,0,0,,,,0,0,0,0,0,0,0,,0,0,0,0,,0,0,,0,0,0,0,0,0,0,0,0,0,0.0,0.0
00-0034968,D.Savage,Darnell Savage,DB,DB,"https://static.www.nfl.com/image/upload/f_auto,q_auto/league/oahujzgwcvkeyc9qpqrb",2023,REG,GB,10,0,0,0,0,0,0,0,0,0,0,0,0,,,0,,0,0,0,0,0,0,0,0,0,0,,0,0,0,0,0,0,0,0,0,0,0,0,0,0,,0,0,0,0,0,,0.0,0.0,0.0,0,34,2,15,1,7,0,0.0,0.0,0,0,0,1,0,0,0,0,0,0,0,0,0,0,0,0,0,0,0,0,0,0,0,0,0,0,0,0,,,0,0,0,0,0,0,0,0,0,0,0,0,,,,0,0,0,0,0,0,0,,0,0,0,0,,0,0,,0,0,0,0,0,0,0,0,0,0,0.0,0.0
00-0034970,I.Smith,Irv Smith,TE,TE,"https://static.www.nfl.com/image/private/f_auto,q_auto/league/gvnnqr5kj0rtte3iw9mp",2023,REG,CIN,10,0,0,0,0,0,0,0,0,0,0,0,0,,,0,,0,0,0,0,0,0,0,0,0,0,,0,0,0,0,0,18,26,115,1,1,1,105,66,5,-15.521264250023735,0,4,0,0,0,1.0952380952380953,0.04391891891891892,0.02707581227436823,0.08483144697043615,0,2,0,0,0,0,0,0.0,0.0,0,0,0,0,0,0,0,0,0,0,0,0,0,1,10,1,0,0,1,1,0,0,0,0,0,0,0,0,,,0,0,0,0,0,0,0,0,0,0,0,0,,,,0,0,0,0,0,0,0,,0,0,0,0,,0,0,,0,0,0,0,0,0,0,0,0,0,15.5,33.5
00-0034972,A.Mattison,Alexander Mattison,RB,RB,"https://static.www.nfl.com/image/upload/f_auto,q_auto/league/mbcaep8diu9yuo3qrtiz",2023,REG,MIN,16,0,0,0,0,0,0,0,0,0,0,0,0,,,0,,0,0,0,0,180,700,0,2,2,28,-31.740954303268495,0,17,13,1,0,30,44,192,3,0,0,24,181,5,-5.054178302693317,0,5,2,1,1,8.0,0.07260726072607261,0.00486815415821501,0.11231859899985944,0,1,0,0,0,0,0,0.0,0.0,0,0,0,0,0,0,0,0,1,-1,0,0,0,0,0,3,0,0,3,2,0,0,0,0,0,0,0,0,,,0,0,0,0,0,0,0,0,0,0,0,0,,,,0,0,0,0,0,0,0,,0,0,0,0,,0,0,,0,0,0,0,0,0,0,0,0,0,103.2,133.2
00-0034973,M.Crosby,Maxx Crosby,DE,DL,"https://static.www.nfl.com/image/upload/f_auto,q_auto/league/eradjc0noknlab2smu1e",2023,REG,LV,17,0,0,0,0,0,0,0,0,0,0,0,0,,,0,,0,0,0,0,0,0,0,0,0,0,,0,0,0,0,0,0,0,0,0,0,0,0,0,0,,0,0,0,0,0,,0.0,0.0,0.0,0,48,7,35,22,120,2,14.5,100.0,31,0,0,2,0,0,0,0,0,0,1,0,0,5,43,0,0,0,0,0,0,0,0,0,0,0,0,0,,,0,0,0,0,0,0,0,0,0,0,0,0,,,,0,0,0,0,0,0,0,,0,0,0,0,,0,0,,0,0,0,0,0,0,0,0,0,0,0.0,0.0
00-0034974,J.Love,Julian Love,SAF,DB,"https://static.www.nfl.com/image/upload/f_auto,q_auto/league/s3fvfslhz6hpmf6fzv2u",2023,REG,SEA,17,0,0,0,0,0,0,0,0,0,0,0,0,,,0,,0,0,0,0,0,0,0,0,0,0,,0,0,0,0,0,0,0,0,0,0,0,0,0,0,,0,0,0,0,0,,0.0,0.0,0.0,0,73,12,38,1,1,2,0.0,0.0,0,4,7,10,0,0,0,0,0,0,1,3,0,2,60,0,0,0,0,0,0,0,0,0,0,0,0,0,,,0,0,0,0,0,0,0,0,0,0,0,0,,,,0,0,0,0,0,0,0,,0,0,0,0,,0,0,,0,0,0,0,0,0,0,0,0,0,0.0,0.0
00-0034975,J.Hill,Justice Hill,RB,RB,"https://static.www.nfl.com/image/upload/f_auto,q_auto/league/h6p9crhra8ehxju3ubza",2023,REG,BAL,16,0,0,0,0,0,0,0,0,0,0,0,0,,,0,,0,0,0,0,84,387,3,0,0,18,0.8103901900690555,0,9,5,2,1,28,39,206,1,1,1,23,237,8,-4.725817573838867,0,9,6,4,0,8.956521739130435,0.0819327731092437,0.005624847150892639,0.1268365526694904,0,0,0,0,0,0,0,0.0,0.0,0,0,0,0,0,0,0,0,0,0,0,0,0,1,15,1,0,0,1,1,0,0,3,119,0,0,0,0,,,0,0,0,0,0,0,0,0,0,0,0,0,,,,0,0,0,0,0,0,0,,0,0,0,0,,0,0,,0,0,0,0,0,0,0,0,0,0,81.30000000000001,109.30000000000001
00-0034978,B.Powers,Ben Powers,G,OL,"https://static.www.nfl.com/image/upload/f_auto,q_auto/league/fajb5zieqq91lh0ymlws",2023,REG,DEN,3,0,0,0,0,0,0,0,0,0,0,0,0,,,0,,0,0,0,0,0,0,0,0,0,0,,0,0,0,0,0,0,0,0,0,0,0,0,0,0,,0,0,0,0,0,,0.0,0.0,0.0,0,1,0,0,0,0,0,0.0,0.0,0,0,0,0,0,0,0,0,0,0,0,0,0,3,25,0,0,0,0,0,0,0,0,0,0,0,0,0,,,0,0,0,0,0,0,0,0,0,0,0,0,,,,0,0,0,0,0,0,0,,0,0,0,0,,0,0,,0,0,0,0,0,0,0,0,0,0,0.0,0.0
00-0034981,F.Moreau,Foster Moreau,TE,TE,"https://static.www.nfl.com/image/upload/f_auto,q_auto/league/esc21tsccagvyy1ctaoc",2023,REG,NO,13,0,0,0,0,0,0,0,0,0,0,0,0,,,0,,0,0,0,0,0,0,0,0,0,0,,0,0,0,0,0,21,25,193,1,0,0,122,96,9,8.405415190608634,0,8,4,1,0,1.5819672131147542,0.04317789291882556,0.024322169059011165,0.08179235771954615,0,0,0,0,0,0,0,0.0,0.0,0,0,0,0,0,0,0,0,0,0,0,0,0,4,30,0,0,0,0,0,0,0,0,0,0,0,0,0,,,0,0,0,0,0,0,0,0,0,0,0,0,,,,0,0,0,0,0,0,0,,0,0,0,0,,0,0,,0,0,0,0,0,0,0,0,0,0,25.3,46.3
00-0034982,D.Greenlaw,Dre Greenlaw,LB,LB,"https://static.www.nfl.com/image/upload/f_auto,q_auto/league/twmm0to7fptnq71n75iz",2023,REG,SF,15,0,0,0,0,0,0,0,0,0,0,0,0,,,0,,0,0,0,0,0,0,0,0,0,0,,0,0,0,0,0,0,0,0,0,0,0,0,0,0,,0,0,0,0,0,,0.0,0.0,0.0,0,60,15,45,5,9,0,1.5,4.5,4,0,16,4,0,0,0,0,0,0,0,0,0,3,34,0,0,0,0,0,0,0,0,0,0,0,0,0,,,0,0,0,0,0,0,0,0,0,0,0,0,,,,0,0,0,0,0,0,0,,0,0,0,0,,0,0,,0,0,0,0,0,0,0,0,0,0,0.0,0.0
00-0034983,H.Renfrow,Hunter Renfrow,WR,WR,"https://static.www.nfl.com/image/upload/f_auto,q_auto/league/sgrqk1a6fm34swazm2bx",2023,REG,LV,14,0,0,0,0,0,0,0,0,0,0,0,0,,,0,,0,0,0,0,0,0,0,0,0,0,,0,0,0,0,0,25,37,255,0,1,1,207,152,11,-0.2694767814949546,0,9,6,3,0,1.2318840579710144,0.0696798493408663,0.04835318850735809,0.1383670059664501,0,1,0,0,0,0,0,0.0,0.0,0,0,0,0,0,0,0,0,0,0,0,0,0,0,0,1,0,0,1,1,0,0,0,0,0,0,0,0,,,0,0,0,0,0,0,0,0,0,0,0,0,,,,0,0,0,0,0,0,0,,0,0,0,0,,0,0,,0,0,0,0,0,0,0,0,0,0,23.5,48.5
00-0034987,E.Speed,E.J. Speed,LB,LB,"https://static.www.nfl.com/image/upload/f_auto,q_auto/league/lpqe7elzi8tbt8rjzozd",2023,REG,IND,16,0,0,0,0,0,0,0,0,0,0,0,0,,,0,,0,0,0,0,0,0,0,0,0,0,,0,0,0,0,0,0,0,0,0,0,0,0,0,0,,0,0,0,0,0,,0.0,0.0,0.0,0,64,14,24,9,32,3,1.0,9.0,2,0,0,4,0,0,0,0,0,0,0,0,0,6,60,0,0,0,0,0,0,0,0,0,0,0,0,0,,,0,0,0,0,0,0,0,0,0,0,0,0,,,,0,0,0,0,0,0,0,,0,0,0,0,,0,0,,0,0,0,0,0,0,0,0,0,0,0.0,0.0
00-0034990,K.Hollman,Ka'dar Hollman,CB,DB,"https://static.www.nfl.com/image/upload/f_auto,q_auto/league/x8htlyswkirpsssjovsn",2023,REG,HOU,8,0,0,0,0,0,0,0,0,0,0,0,0,,,0,,0,0,0,0,0,0,0,0,0,0,,0,0,0,0,0,0,0,0,0,0,0,0,0,0,,0,0,0,0,0,,0.0,0.0,0.0,0,6,0,4,0,0,0,0.0,0.0,0,0,0,0,0,0,0,0,0,0,1,0,0,2,20,0,0,0,0,0,0,0,0,0,0,0,0,0,,,0,0,0,0,0,0,0,0,0,0,0,0,,,,0,0,0,0,0,0,0,,0,0,0,0,,0,0,,0,0,0,0,0,0,0,0,0,0,0.0,0.0
00-0034992,A.Watts,Armon Watts,DT,DL,"https://static.www.nfl.com/image/upload/f_auto,q_auto/league/m3aiaywwfngkhwcqtcdm",2023,REG,PIT,9,0,0,0,0,0,0,0,0,0,0,0,0,,,0,,0,0,0,0,0,0,0,0,0,0,,0,0,0,0,0,0,0,0,0,0,0,0,0,0,,0,0,0,0,0,,0.0,0.0,0.0,0,4,2,9,0,0,0,0.5,4.0,3,0,0,0,0,0,0,0,0,0,0,0,0,0,0,0,0,0,0,0,0,0,0,0,0,0,0,0,,,0,0,0,0,0,0,0,0,0,0,0,0,,,,0,0,0,0,0,0,0,,0,0,0,0,,0,0,,0,0,0,0,0,0,0,0,0,0,0.0,0.0
00-0034993,M.Epps,Marcus Epps,SAF,DB,"https://static.www.nfl.com/image/upload/f_auto,q_auto/league/buqwodgcsy5ndrrxtpga",2023,REG,LV,17,0,0,0,0,0,0,0,0,0,0,0,0,,,0,,0,0,0,0,0,0,0,0,0,0,,0,0,0,0,0,0,0,0,0,0,0,0,0,0,,0,0,0,0,0,,0.0,0.0,0.0,0,34,7,25,3,8,1,0.0,0.0,0,0,0,3,0,0,0,0,0,0,1,0,0,0,0,0,0,0,0,0,0,0,0,0,0,0,0,0,,,0,0,0,0,0,0,0,0,0,0,0,0,,,,0,0,0,0,0,0,0,,0,0,0,0,,0,0,,0,0,0,0,0,0,0,0,0,0,0.0,0.0
00-0034999,T.Summers,Ty Summers,LB,LB,"https://static.www.nfl.com/image/upload/f_auto,q_auto/league/gx55memu9ifriore7bzy",2023,REG,NO,2,0,0,0,0,0,0,0,0,0,0,0,0,,,0,,0,0,0,0,0,0,0,0,0,0,,0,0,0,0,0,0,0,0,0,0,0,0,0,0,,0,0,0,0,0,,0.0,0.0,0.0,0,0,1,1,0,0,0,0.0,0.0,0,0,0,0,0,0,0,0,0,0,0,0,0,0,0,0,0,0,0,0,0,0,0,0,0,0,0,0,,,0,0,0,0,0,0,0,0,0,0,0,0,,,,0,0,0,0,0,0,0,,0,0,0,0,,0,0,,0,0,0,0,0,0,0,0,0,0,0.0,0.0
00-0035020,D.Flannigan-Fowles,Demetrius Flannigan-Fowles,LB,LB,"https://static.www.nfl.com/image/upload/f_auto,q_auto/league/elhj5qgby9zxlasenqjb",2023,REG,SF,6,0,0,0,0,0,0,0,0,0,0,0,0,,,0,,0,0,0,0,0,0,0,0,0,0,,0,0,0,0,0,0,0,0,0,0,0,0,0,0,,0,0,0,0,0,,0.0,0.0,0.0,0,10,2,7,3,11,0,0.0,0.0,0,0,0,1,0,0,0,0,0,0,0,0,0,1,15,0,0,0,0,0,0,0,0,0,0,0,0,0,,,0,0,0,0,0,0,0,0,0,0,0,0,,,,0,0,0,0,0,0,0,,0,0,0,0,,0,0,,0,0,0,0,0,0,0,0,0,0,0.0,0.0
00-0035026,K.Givens,Kevin Givens,DT,DL,"https://static.www.nfl.com/image/upload/f_auto,q_auto/league/dpbmpsyvi88lpb4xebly",2023,REG,SF,13,0,0,0,0,0,0,0,0,0,0,0,0,,,0,,0,0,0,0,0,0,0,0,0,0,,0,0,0,0,0,0,0,0,0,0,0,0,0,0,,0,0,0,0,0,,0.0,0.0,0.0,0,11,2,10,3,16,0,1.5,12.0,4,0,0,1,0,0,0,0,0,0,1,0,0,1,5,0,0,0,0,0,0,0,0,0,0,0,0,0,,,0,0,0,0,0,0,0,0,0,0,0,0,,,,0,0,0,0,0,0,0,,0,0,0,0,,0,0,,0,0,0,0,0,0,0,0,0,0,0.0,0.0
00-0035042,J.Gillan,Jamie Gillan,P,SPEC,"https://static.www.nfl.com/image/upload/f_auto,q_auto/league/kxwddoiqqghc1kxaajco",2023,REG,NYG,17,0,0,0,0,0,0,0,0,0,0,0,0,,,0,,0,0,0,0,0,0,0,0,0,0,,0,0,0,0,0,0,0,0,0,0,0,0,0,0,,0,0,0,0,0,,0.0,0.0,0.0,0,0,0,0,0,0,0,0.0,0.0,0,0,0,0,0,0,0,0,0,0,0,0,0,0,0,0,0,0,0,0,0,0,0,0,1,1,0,0,40,1.0,0,0,0,1,0,0,0,0,0,0,0,0,40,,,40,0,0,0,0,0,0,,0,0,0,0,,95,0,74,4372,35,7,9,4,36,39,270,0,4022,0.0,0.0
00-0035045,D.Montgomery,D.J. Montgomery,WR,WR,"https://static.www.nfl.com/image/upload/f_auto,q_auto/league/tpo0g9pqvia4lh2noq33",2023,REG,IND,2,0,0,0,0,0,0,0,0,0,0,0,0,,,0,,0,0,0,0,0,0,0,0,0,0,,0,0,0,0,0,3,8,56,1,0,0,97,28,3,-6.787304247147404,0,2,1,1,0,0.5773195876288659,0.014652014652014652,0.022796709753231493,0.03793571880528402,0,0,0,0,0,0,0,0.0,0.0,0,0,0,0,0,0,0,0,0,0,0,0,0,0,0,0,0,0,0,0,0,0,0,0,0,0,0,0,,,0,0,0,0,0,0,0,0,0,0,0,0,,,,0,0,0,0,0,0,0,,0,0,0,0,,0,0,,0,0,0,0,0,0,0,0,0,0,11.600000000000001,14.600000000000001
00-0035062,S.Mustipher,Sam Mustipher,C,OL,"https://static.www.nfl.com/image/upload/f_auto,q_auto/league/qk1zzlke1gkuerfe8kc4",2023,REG,BAL,2,0,0,0,0,0,0,0,0,0,0,0,0,,,0,,0,0,0,0,0,0,0,0,0,0,,0,0,0,0,0,0,0,0,0,0,0,0,0,0,,0,0,0,0,0,,0.0,0.0,0.0,0,0,0,0,0,0,0,0.0,0.0,0,0,0,0,0,0,0,0,0,-11,0,0,0,1,10,0,1,0,1,0,0,0,0,0,0,0,0,0,,,0,0,0,0,0,0,0,0,0,0,0,0,,,,0,0,0,0,0,0,0,,0,0,0,0,,0,0,,0,0,0,0,0,0,0,0,0,0,0.0,0.0
00-0035073,J.Harris,Jonathan Harris,DT,DL,"https://static.www.nfl.com/image/upload/f_auto,q_auto/league/cp345mijudr0kvwiesbu",2023,REG,DEN,13,0,0,0,0,0,0,0,0,0,0,0,0,,,0,,0,0,0,0,0,0,0,0,0,0,,0,0,0,0,0,0,0,0,0,0,0,0,0,0,,0,0,0,0,0,,0.0,0.0,0.0,0,17,9,17,3,6,0,1.0,1.0,4,0,0,0,0,0,0,0,0,0,0,0,0,0,0,0,0,0,0,0,0,0,0,0,0,0,0,0,,,0,0,0,0,0,0,0,0,0,0,0,0,,,,0,0,0,0,0,0,0,,0,0,0,0,,0,0,,0,0,0,0,0,0,0,0,0,0,0.0,0.0
00-0035076,C.Bolton,Curtis Bolton,LB,LB,"https://static.www.nfl.com/image/upload/f_auto,q_auto/league/agspoindqgum5jrugxgo",2023,REG,LV,9,0,0,0,0,0,0,0,0,0,0,0,0,,,0,,0,0,0,0,0,0,0,0,0,0,,0,0,0,0,0,0,0,0,0,0,0,0,0,0,,0,0,0,0,0,,0.0,0.0,0.0,0,7,0,1,0,0,0,0.0,0.0,0,0,0,0,0,0,0,0,0,0,0,0,0,2,10,0,0,0,0,0,1,17,0,0,0,0,0,0,,,0,0,0,0,0,0,0,0,0,0,0,0,,,,0,0,0,0,0,0,0,,0,0,0,0,,0,0,,0,0,0,0,0,0,0,0,0,0,0.0,0.0
00-0035084,Y.Nijman,Yosh Nijman,OT,OL,"https://static.www.nfl.com/image/upload/f_auto,q_auto/league/zkc4avbq8cmmqo9flz4z",2023,REG,GB,2,0,0,0,0,0,0,0,0,0,0,0,0,,,0,,0,0,0,0,0,0,0,0,0,0,,0,0,0,0,0,0,0,0,0,0,0,0,0,0,,0,0,0,0,0,,0.0,0.0,0.0,0,0,0,0,0,0,0,0.0,0.0,0,0,0,0,0,0,0,0,0,0,0,0,0,1,5,0,0,0,0,0,0,0,0,0,0,0,0,0,,,0,0,0,0,0,0,0,0,0,0,0,0,,,,0,0,0,0,0,0,0,,0,0,0,0,,0,0,,0,0,0,0,0,0,0,0,0,0,0.0,0.0
00-0035098,M.Abernathy,Micah Abernathy,DB,DB,"https://static.www.nfl.com/image/upload/f_auto,q_auto/league/vp6ezokvuuzydfr3v8ae",2023,REG,ATL,7,0,0,0,0,0,0,0,0,0,0,0,0,,,0,,0,0,0,0,0,0,0,0,0,0,,0,0,0,0,0,0,0,0,0,0,0,0,0,0,,0,0,0,0,0,,0.0,0.0,0.0,0,3,2,2,0,0,0,0.0,0.0,0,0,0,0,0,0,0,0,0,0,0,0,0,3,15,0,0,0,0,0,0,0,0,0,0,0,0,0,,,0,0,0,0,0,0,0,0,0,0,0,0,,,,0,0,0,0,0,0,0,,0,0,0,0,,0,0,,0,0,0,0,0,0,0,0,0,0,0.0,0.0
00-0035099,K.Blasingame,Khari Blasingame,FB,RB,"https://static.www.nfl.com/image/upload/f_auto,q_auto/league/beioi5h4lq0obt8yx35v",2023,REG,CHI,8,0,0,0,0,0,0,0,0,0,0,0,0,,,0,,0,0,0,0,8,26,0,0,0,0,-1.657577271591701,0,0,0,0,0,3,6,2,0,0,0,11,5,0,-4.420622071964201,0,0,0,0,0,0.18181818181818182,0.012578616352201259,0.002913907284768212,0.020907659627639637,0,1,0,0,0,0,0,0.0,0.0,0,0,0,0,0,0,0,0,0,0,0,0,0,0,0,0,0,0,0,0,0,0,0,0,0,0,0,0,,,0,0,0,0,0,0,0,0,0,0,0,0,,,,0,0,0,0,0,0,0,,0,0,0,0,,0,0,,0,0,0,0,0,0,0,0,0,0,2.8000000000000003,5.800000000000001
00-0035100,J.Browning,Jake Browning,QB,QB,"https://static.www.nfl.com/image/upload/f_auto,q_auto/league/kzyh6yum2w3c6xrkndla",2023,REG,CIN,9,171,243,1936,12,7,24,-169,3,0,1554,1109,93,23.35207713649097,3.8662562831344767,1,1.2458172458172458,77,34,25,6,27,127,3,0,0,12,9.535520887743427,0,4,3,1,0,1,1,-7,0,0,0,-7,0,0,-2.102857018588111,0,0,0,0,0,0.0,0.0016891891891891893,-0.0018050541516245488,0.0012702458776465999,0,0,0,0,0,0,0,0.0,0.0,0,0,0,0,0,0,0,0,1,0,0,0,0,4,31,3,0,0,3,0,0,0,0,0,0,0,0,0,,,0,0,0,0,0,0,0,0,0,0,0,0,,,,0,0,0,0,0,0,0,,0,0,0,0,,0,0,,0,0,0,0,0,0,0,0,0,0,143.44,144.44
00-0035112,P.Mekari,Patrick Mekari,OT,OL,"https://static.www.nfl.com/image/upload/f_auto,q_auto/league/vvvuokcp8hwm8i9j9ctb",2023,REG,BAL,2,0,0,0,0,0,0,0,0,0,0,0,0,,,0,,0,0,0,0,0,0,0,0,0,0,,0,0,0,0,0,0,0,0,0,0,0,0,0,0,,0,0,0,0,0,,0.0,0.0,0.0,0,0,0,0,0,0,0,0.0,0.0,0,0,0,0,0,0,0,0,0,0,0,0,0,2,15,0,0,0,0,0,0,0,0,0,0,0,0,0,,,0,0,0,0,0,0,0,0,0,0,0,0,,,,0,0,0,0,0,0,0,,0,0,0,0,,0,0,,0,0,0,0,0,0,0,0,0,0,0.0,0.0
00-0035117,L.Cotton,Lester Cotton,G,OL,"https://static.www.nfl.com/image/upload/f_auto,q_auto/league/jxp1alnahzsludk3rygo",2023,REG,MIA,4,0,0,0,0,0,0,0,0,0,0,0,0,,,0,,0,0,0,0,0,0,0,0,0,0,,0,0,0,0,0,0,0,0,0,0,0,0,0,0,,0,0,0,0,0,,0.0,0.0,0.0,0,1,0,0,0,0,0,0.0,0.0,0,0,0,0,0,0,0,0,0,0,0,0,0,4,30,0,0,0,0,0,0,0,0,0,0,0,0,0,,,0,0,0,0,0,0,0,0,0,0,0,0,,,,0,0,0,0,0,0,0,,0,0,0,0,,0,0,,0,0,0,0,0,0,0,0,0,0,0.0,0.0
00-0035120,K.Doss,Keelan Doss,WR,WR,"https://static.www.nfl.com/image/private/f_auto,q_auto/league/w1y0ujmc2ycaxfpysv0u",2023,REG,LAC,2,0,0,0,0,0,0,0,0,0,0,0,0,,,0,,0,0,0,0,0,0,0,0,0,0,,0,0,0,0,0,6,13,33,0,0,0,97,14,1,-3.0227712826710764,0,0,0,0,0,0.3402061855670103,0.021172638436482084,0.020494401014155925,0.04610503836463227,0,0,0,0,0,0,0,0.0,0.0,0,0,0,0,0,0,0,0,0,0,0,0,0,0,0,0,0,0,0,0,0,0,0,0,0,0,0,0,,,0,0,0,0,0,0,0,0,0,0,0,0,,,,0,0,0,0,0,0,0,,0,0,0,0,,0,0,,0,0,0,0,0,0,0,0,0,0,3.3000000000000003,9.3
00-0035125,A.Ingold,Alec Ingold,FB,RB,"https://static.www.nfl.com/image/upload/f_auto,q_auto/league/comhknenryrjabyifcqe",2023,REG,MIA,11,0,0,0,0,0,0,0,0,0,0,0,0,,,0,,0,0,0,0,2,0,0,0,0,0,-4.765099693380762,0,0,0,0,0,13,16,119,0,0,0,30,91,5,1.7719860803651741,0,5,3,1,0,3.966666666666667,0.029143897996357013,0.006967022758941012,0.04859276292579423,0,1,0,0,0,0,0,0.0,0.0,0,0,0,0,0,0,0,0,0,0,0,0,0,1,15,0,0,0,0,0,0,0,0,0,0,0,0,0,,,0,0,0,0,0,0,0,0,0,0,0,0,,,,0,0,0,0,0,0,0,,0,0,0,0,,0,0,,0,0,0,0,0,0,0,0,0,0,11.9,24.9
00-0035127,A.James,Andre James,OT,OL,"https://static.www.nfl.com/image/upload/f_auto,q_auto/league/cliagitqwyz5snrphj2c",2023,REG,LV,3,0,0,0,0,0,0,0,0,0,0,0,0,,,0,,0,0,0,0,0,0,0,0,0,0,,0,0,0,0,0,0,0,0,0,0,0,0,0,0,,0,0,0,0,0,,0.0,0.0,0.0,0,1,0,0,0,0,0,0.0,0.0,0,0,0,0,0,0,0,0,0,0,0,0,0,2,14,0,0,0,0,0,0,0,0,0,0,0,0,0,,,0,0,0,0,0,0,0,0,0,0,0,0,,,,0,0,0,0,0,0,0,,0,0,0,0,,0,0,,0,0,0,0,0,0,0,0,0,0,0.0,0.0
00-0035133,K.Nixon,Keisean Nixon,DB,DB,"https://static.www.nfl.com/image/upload/f_auto,q_auto/league/vl34o93l5u7ins8ioebi",2023,REG,GB,17,0,0,0,0,0,0,0,0,0,0,0,0,,,0,,0,0,0,0,1,11,0,0,0,1,0.5459948549978435,0,1,0,0,0,0,0,0,0,0,0,0,0,0,,0,0,0,0,0,,0.0,0.0,0.0,0,52,7,21,3,8,0,0.5,4.0,1,1,2,6,0,3,0,0,2,0,0,0,0,4,45,1,2,0,3,1,14,95,30,782,0,0,0,0,,,0,0,0,0,0,0,0,0,0,0,0,0,,,,0,0,0,0,0,0,0,,0,0,0,0,,0,0,,0,0,0,0,0,0,0,0,0,0,1.1,1.1
00-0035140,M.Hardman,Mecole Hardman,WR,WR,"https://static.www.nfl.com/image/upload/f_auto,q_auto/league/mswmia17pkencx01nswj",2023,REG,KC,7,0,0,0,0,0,0,0,0,0,0,0,0,,,0,,0,0,0,0,1,3,0,0,0,0,-0.35610177693888545,0,0,0,0,0,15,24,124,0,0,0,137,108,8,0.7286804677598284,0,5,1,1,0,0.9051094890510949,0.04262877442273535,0.03425,0.08791816163410301,0,1,0,0,0,0,0,0.0,0.0,0,0,0,0,0,1,0,0,0,0,0,0,0,0,0,0,1,0,1,1,7,61,1,14,0,0,0,0,,,0,0,0,0,0,0,0,0,0,0,0,0,,,,0,0,0,0,0,0,0,,0,0,0,0,,0,0,,0,0,0,0,0,0,0,0,0,0,12.700000000000001,27.700000000000003
00-0035141,P.Haynes,Phil Haynes,G,OL,"https://static.www.nfl.com/image/private/f_auto,q_auto/league/ra9hk9hoi0fmgjeckynl",2023,REG,SEA,3,0,0,0,0,0,0,0,0,0,0,0,0,,,0,,0,0,0,0,0,0,0,0,0,0,,0,0,0,0,0,0,0,0,0,0,0,0,0,0,,0,0,0,0,0,,0.0,0.0,0.0,0,0,0,0,0,0,0,0.0,0.0,0,0,0,0,0,0,0,0,0,0,0,0,0,4,24,0,0,0,0,0,0,0,0,0,0,0,0,0,,,0,0,0,0,0,0,0,0,0,0,0,0,,,,0,0,0,0,0,0,0,,0,0,0,0,,0,0,,0,0,0,0,0,0,0,0,0,0,0.0,0.0
00-0035142,U.Amadi,Ugo Amadi,CB,DB,"https://static.www.nfl.com/image/upload/f_auto,q_auto/league/xo6ierx4ousz4wxuye0z",2023,REG,NO,5,0,0,0,0,0,0,0,0,0,0,0,0,,,0,,0,0,0,0,0,0,0,0,0,0,,0,0,0,0,0,0,0,0,0,0,0,0,0,0,,0,0,0,0,0,,0.0,0.0,0.0,0,5,1,6,0,0,0,0.0,0.0,0,0,0,2,0,0,0,0,0,0,0,0,0,0,0,0,0,0,0,0,0,0,0,0,0,0,0,0,,,0,0,0,0,0,0,0,0,0,0,0,0,,,,0,0,0,0,0,0,0,,0,0,0,0,,0,0,,0,0,0,0,0,0,0,0,0,0,0.0,0.0
00-0035144,M.Wilson,Mack Wilson,LB,LB,"https://static.www.nfl.com/image/upload/f_auto,q_auto/league/zjazfilpr7k2agiwqpxn",2023,REG,NE,15,0,0,0,0,0,0,0,0,0,0,0,0,,,0,,0,0,0,0,0,0,0,0,0,0,,0,0,0,0,0,0,0,0,0,0,0,0,0,0,,0,0,0,0,0,,0.0,0.0,0.0,0,19,5,13,3,11,2,3.5,20.5,4,0,0,3,0,0,0,0,0,0,0,0,0,1,5,0,0,0,0,0,0,0,0,0,0,0,0,0,,,0,0,0,0,0,0,0,0,0,0,0,0,,,,0,0,0,0,0,0,0,,0,0,0,0,,0,0,,0,0,0,0,0,0,0,0,0,0,0.0,0.0
00-0035145,A.Seibert,Austin Seibert,K,SPEC,"https://static.www.nfl.com/image/upload/f_auto,q_auto/league/ubdrkk43d3tlggqeq0en",2023,REG,NYJ,1,0,0,0,0,0,0,0,0,0,0,0,0,,,0,,0,0,0,0,0,0,0,0,0,0,,0,0,0,0,0,0,0,0,0,0,0,0,0,0,,0,0,0,0,0,,0.0,0.0,0.0,0,0,0,0,0,0,0,0.0,0.0,0,0,0,0,0,0,0,0,0,0,0,0,0,0,0,0,0,0,0,0,0,0,0,0,1,1,0,0,34,1.0,0,0,1,0,0,0,0,0,0,0,0,0,34,,,34,0,0,1,1,0,0,1.0,0,0,0,0,,0,0,,0,0,0,0,0,0,0,0,0,0,0.0,0.0
00-0035150,K.Boyd,Kris Boyd,CB,DB,"https://static.www.nfl.com/image/upload/f_auto,q_auto/league/m4mypipricmwh7lfemgo",2023,REG,ARI,3,0,0,0,0,0,0,0,0,0,0,0,0,,,0,,0,0,0,0,0,0,0,0,0,0,,0,0,0,0,0,0,0,0,0,0,0,0,0,0,,0,0,0,0,0,,0.0,0.0,0.0,0,1,0,1,0,0,0,0.0,0.0,0,0,0,0,0,0,0,0,0,0,0,0,0,2,22,0,0,0,0,0,0,0,0,0,0,0,0,0,,,0,0,0,0,0,0,0,0,0,0,0,0,,,,0,0,0,0,0,0,0,,0,0,0,0,,0,0,,0,0,0,0,0,0,0,0,0,0,0.0,0.0
00-0035156,J.Fox,Jack Fox,P,SPEC,"https://static.www.nfl.com/image/upload/f_auto,q_auto/league/oxbywegffnm7lrwl2map",2023,REG,DET,17,0,0,0,0,0,0,0,0,0,0,0,0,,,0,,0,0,0,0,0,0,0,0,0,0,,0,0,0,0,0,0,0,0,0,0,0,0,0,0,,0,0,0,0,0,,0.0,0.0,0.0,0,1,0,0,0,0,0,0.0,0.0,0,0,0,0,0,0,0,0,0,0,0,0,0,0,0,0,0,0,0,0,0,0,0,0,0,0,0,0,,,0,0,0,0,0,0,0,0,0,0,0,0,,,,0,0,0,0,0,0,0,,0,0,0,0,,57,0,70,2646,26,3,8,5,20,21,168,0,2378,0.0,0.0
00-0035164,C.Thompson,Cody Thompson,WR,WR,"https://static.www.nfl.com/image/upload/f_auto,q_auto/league/dghmeq55sg0rb1ppakkr",2023,REG,SEA,2,0,0,0,0,0,0,0,0,0,0,0,0,,,0,,0,0,0,0,0,0,0,0,0,0,,0,0,0,0,0,1,1,10,0,0,0,6,4,0,0.41286147478967905,0,1,0,0,0,1.6666666666666667,0.0018281535648994515,0.001455957291919437,0.003761400451692783,0,2,0,0,0,0,0,0.0,0.0,0,0,0,0,0,0,0,0,0,0,0,0,0,0,0,0,0,0,0,0,0,0,0,0,0,0,0,0,,,0,0,0,0,0,0,0,0,0,0,0,0,,,,0,0,0,0,0,0,0,,0,0,0,0,,0,0,,0,0,0,0,0,0,0,0,0,0,1.0,2.0
00-0035166,A.Al-Shaair,Azeez Al-Shaair,LB,LB,"https://static.www.nfl.com/image/upload/f_auto,q_auto/league/gtnnl92squxvzhhydeq8",2023,REG,TEN,17,0,0,0,0,0,0,0,0,0,0,0,0,,,0,,0,0,0,0,0,0,0,0,0,0,,0,0,0,0,0,0,0,0,0,0,0,0,0,0,,0,0,0,0,0,,0.0,0.0,0.0,0,62,22,79,7,16,0,2.0,2.0,6,0,0,4,0,0,0,0,0,0,1,0,0,4,49,0,0,0,0,0,0,0,0,0,0,0,0,0,,,0,0,0,0,0,0,0,0,0,0,0,0,,,,0,0,0,0,0,0,0,,0,0,0,0,,0,0,,0,0,0,0,0,0,0,0,0,0,0.0,0.0
00-0035184,D.Ozigbo,Devine Ozigbo,RB,RB,"https://static.www.nfl.com/image/private/f_auto,q_auto/league/teht8fiw2mu5g8xmdoqm",2023,REG,DET,1,0,0,0,0,0,0,0,0,0,0,0,0,,,0,,0,0,0,0,3,5,0,0,0,1,-1.6083749007666484,0,0,0,0,0,1,1,8,0,0,0,3,5,0,0.5564853618852794,0,0,0,0,0,2.6666666666666665,0.0017421602787456446,0.0007342143906020558,0.003127190491539906,0,0,0,0,0,0,0,0.0,0.0,0,0,0,0,0,0,0,0,0,0,0,0,0,0,0,0,0,0,0,0,0,0,0,0,0,0,0,0,,,0,0,0,0,0,0,0,0,0,0,0,0,,,,0,0,0,0,0,0,0,,0,0,0,0,,0,0,,0,0,0,0,0,0,0,0,0,0,1.3,2.3
00-0035189,M.Wright,Matthew Wright,K,SPEC,"https://static.www.nfl.com/image/upload/f_auto,q_auto/league/htrs1hrrfok88fllrtex",2023,REG,CAR,1,0,0,0,0,0,0,0,0,0,0,0,0,,,0,,0,0,0,0,0,0,0,0,0,0,,0,0,0,0,0,0,0,0,0,0,0,0,0,0,,0,0,0,0,0,,0.0,0.0,0.0,0,0,0,0,0,0,0,0.0,0.0,0,0,0,0,0,0,0,0,0,0,0,0,0,0,0,0,0,0,0,0,0,0,0,0,0,1,1,0,,0.0,0,0,0,0,0,0,0,0,0,0,1,0,,52,,0,52,0,0,0,0,0,,0,0,0,0,,0,0,,0,0,0,0,0,0,0,0,0,0,0.0,0.0
00-0035190,A.Cole,AJ Cole,P,SPEC,"https://static.www.nfl.com/image/upload/f_auto,q_auto/league/t6ah2u0wptbb8n22tehr",2023,REG,LV,17,0,0,0,0,0,0,0,0,0,0,0,0,,,0,,0,0,0,0,0,0,0,0,0,0,-0.947,0,0,0,0,0,0,0,0,0,0,0,0,0,0,,0,0,0,0,0,,0.0,0.0,0.0,0,0,0,0,0,0,0,0.0,0.0,0,0,0,0,0,0,0,0,0,0,0,0,0,0,0,0,0,0,0,0,0,0,0,0,0,0,0,0,,,0,0,0,0,0,0,0,0,0,0,0,0,,,,0,0,0,0,0,0,0,,0,0,0,0,,75,0,83,3783,34,15,3,6,20,31,283,0,3380,0.0,0.0
00-0035192,J.Slye,Joey Slye,K,SPEC,"https://static.www.nfl.com/image/upload/f_auto,q_auto/league/xokfs27mtqrbb0y47ahn",2023,REG,WAS,17,0,0,0,0,0,0,0,0,0,0,0,0,,,0,,0,0,0,0,0,0,0,0,0,0,,0,0,0,0,0,0,0,0,0,0,0,0,0,0,,0,0,0,0,0,,0.0,0.0,0.0,0,1,0,0,0,0,0,0.0,0.0,0,0,0,0,0,0,0,0,0,0,0,0,0,0,0,0,0,0,0,0,0,0,0,0,19,24,4,1,61,0.7916666666666666,0,2,7,7,2,1,0,0,0,2,2,0,30;33;44;49;51;27;51;32;37;61;37;30;49;47;23;42;43;47;36,49;59;46;53,27,769,207,27,32,35,2,1,0.9142857142857143,0,0,0,0,,0,0,,0,0,0,0,0,0,0,0,0,0,0.0,0.0
00-0035202,D.Phillips,Del'Shawn Phillips,LB,LB,"https://static.www.nfl.com/image/upload/f_auto,q_auto/league/plnsixu8jpozw1grxuvc",2023,REG,BAL,7,0,0,0,0,0,0,0,0,0,0,0,0,,,0,,0,0,0,0,0,0,0,0,0,0,,0,0,0,0,0,0,0,0,0,0,0,0,0,0,,0,0,0,0,0,,0.0,0.0,0.0,0,9,2,13,1,4,1,0.0,0.0,0,0,0,0,0,0,0,0,0,0,1,0,0,0,0,0,0,0,0,0,0,0,0,0,0,0,0,0,,,0,0,0,0,0,0,0,0,0,0,0,0,,,,0,0,0,0,0,0,0,,0,0,0,0,,0,0,,0,0,0,0,0,0,0,0,0,0,0.0,0.0
00-0035208,O.Zaccheaus,Olamide Zaccheaus,WR,WR,"https://static.www.nfl.com/image/upload/f_auto,q_auto/league/ucpai2odeunecbe6o1dj",2023,REG,PHI,11,0,0,0,0,0,0,0,0,0,0,0,0,,,0,,0,0,0,0,0,0,0,0,0,0,,0,0,0,0,0,10,20,164,2,0,0,207,52,7,11.092271303525195,0,6,4,4,0,0.7922705314009661,0.0380952380952381,0.04273327828241123,0.087056151940545,0,1,0,0,0,0,0,0.0,0.0,0,0,0,0,0,0,0,0,0,0,0,0,0,0,0,0,0,0,0,0,0,0,1,7,0,0,0,0,,,0,0,0,0,0,0,0,0,0,0,0,0,,,,0,0,0,0,0,0,0,,0,0,0,0,,0,0,,0,0,0,0,0,0,0,0,0,0,28.400000000000002,38.400000000000006
00-0035215,D.Harty,Deonte Harty,WR,WR,"https://static.www.nfl.com/image/upload/f_auto,q_auto/league/fh7rbtvohdkaacqaxqke",2023,REG,BUF,16,0,0,0,0,0,0,0,0,0,0,0,0,,,0,,0,0,0,0,4,0,0,0,0,0,-2.5205668944399804,0,0,0,0,0,15,21,150,1,0,0,227,79,9,6.185579963892329,0,5,3,2,1,0.6607929515418502,0.03853211009174312,0.045201115093588214,0.08943894570312644,1,1,0,0,0,0,0,0.0,0.0,0,0,0,0,0,2,0,0,0,0,0,0,0,0,0,1,1,1,2,1,26,323,1,7,0,0,0,0,,,0,0,0,0,0,0,0,0,0,0,0,0,,,,0,0,0,0,0,0,0,,0,0,0,0,,0,0,,0,0,0,0,0,0,0,0,0,0,27.0,42.0
00-0035216,D.Johnson,Diontae Johnson,WR,WR,"https://static.www.nfl.com/image/upload/f_auto,q_auto/league/rjtil6ilydmwoy0btlt7",2023,REG,PIT,13,0,0,0,0,0,0,0,0,0,0,0,0,,,0,,0,0,0,0,0,0,0,0,0,0,,0,0,0,0,0,51,87,717,5,1,0,1106,261,37,25.97815332977907,0,27,15,10,2,0.6482820976491862,0.1797520661157025,0.29220607661822984,0.47417235280631465,0,1,0,0,0,0,0,0.0,0.0,0,0,0,0,0,0,0,0,0,0,0,0,0,3,20,0,1,1,1,0,0,0,0,0,0,0,0,0,,,0,0,0,0,0,0,0,0,0,0,0,0,,,,0,0,0,0,0,0,0,,0,0,0,0,,0,0,,0,0,0,0,0,0,0,0,0,0,101.7,152.7
00-0035219,I.Buggs,Isaiah Buggs,DT,DL,"https://static.www.nfl.com/image/private/f_auto,q_auto/league/fpx9zf3ok9xhrergynxi",2023,REG,DET,7,0,0,0,0,0,0,0,0,0,0,0,0,,,0,,0,0,0,0,0,0,0,0,0,0,,0,0,0,0,0,0,0,0,0,0,0,0,0,0,,0,0,0,0,0,,0.0,0.0,0.0,0,3,4,5,1,6,0,1.0,6.0,1,0,0,1,0,0,0,0,0,0,1,33,0,0,0,0,0,0,0,0,0,0,0,0,0,0,0,0,,,0,0,0,0,0,0,0,0,0,0,0,0,,,,0,0,0,0,0,0,0,,0,0,0,0,,0,0,,0,0,0,0,0,0,0,0,0,0,0.0,0.0
00-0035227,P.Locke,P.J. Locke,DB,DB,"https://static.www.nfl.com/image/upload/f_auto,q_auto/league/ojoaoxeadc6x0iekj3my",2023,REG,DEN,10,0,0,0,0,0,0,0,0,0,0,0,0,,,0,,0,0,0,0,0,0,0,0,0,0,,0,0,0,0,0,0,0,0,0,0,0,0,0,0,,0,0,0,0,0,,0.0,0.0,0.0,0,32,1,20,2,13,2,3.0,34.0,3,1,14,5,0,0,0,0,0,0,0,0,0,2,11,0,0,0,0,0,0,0,0,0,0,0,0,0,,,0,0,0,0,0,0,0,0,0,0,0,0,,,,0,0,0,0,0,0,0,,0,0,0,0,,0,0,,0,0,0,0,0,0,0,0,0,0,0.0,0.0
00-0035228,K.Murray,Kyler Murray,QB,QB,"https://static.www.nfl.com/image/upload/f_auto,q_auto/league/flezsremqighwuiyu77f",2023,REG,ARI,8,176,268,1799,10,5,18,-119,2,0,1935,977,88,-16.66646907547618,-2.2770895928371955,1,0.9297157622739018,75,36,22,1,44,244,3,5,0,15,6.737884347918376,0,9,8,2,0,0,0,0,0,0,0,0,0,0,,0,0,0,0,0,,0.0,0.0,0.0,0,1,0,0,0,0,0,0.0,0.0,0,0,0,0,0,0,0,0,1,-11,0,0,0,1,5,4,3,1,7,0,0,0,0,0,0,0,0,0,,,0,0,0,0,0,0,0,0,0,0,0,0,,,,0,0,0,0,0,0,0,,0,0,0,0,,0,0,,0,0,0,0,0,0,0,0,0,0,146.36,146.36
00-0035229,T.Hockenson,T.J. Hockenson,TE,TE,"https://static.www.nfl.com/image/upload/f_auto,q_auto/league/rs8o65x0u0n9xzde0fd6",2023,REG,MIN,15,0,0,0,0,0,0,0,0,0,0,0,0,,,0,,0,0,0,0,0,0,0,0,0,0,,0,0,0,0,0,95,127,960,5,1,1,976,336,48,31.82288797302312,0,40,21,13,0,0.9836065573770492,0.20957095709570958,0.19797160243407708,0.45293655734741833,0,1,0,0,0,0,0,0.0,0.0,0,0,0,0,0,0,0,0,0,0,0,0,0,3,20,1,0,0,1,1,0,0,0,0,0,0,0,0,,,0,0,0,0,0,0,0,0,0,0,0,0,,,,0,0,0,0,0,0,0,,0,0,0,0,,0,0,,0,0,0,0,0,0,0,0,0,0,124.0,219.0
00-0035230,E.Oliver,Ed Oliver,DT,DL,"https://static.www.nfl.com/image/upload/f_auto,q_auto/league/wqmheiax6xnk7pvcdzav",2023,REG,BUF,16,0,0,0,0,0,0,0,0,0,0,0,0,,,0,,0,0,0,0,0,0,0,0,0,0,,0,0,0,0,0,0,0,0,0,0,0,0,0,0,,0,0,0,0,0,,0.0,0.0,0.0,0,25,9,17,10,58,0,9.5,64.0,16,1,0,3,0,0,0,0,0,0,0,0,0,5,32,0,0,0,0,0,0,0,0,0,0,0,0,0,,,0,0,0,0,0,0,0,0,0,0,0,0,,,,0,0,0,0,0,0,0,,0,0,0,0,,0,0,,0,0,0,0,0,0,0,0,0,0,0.0,0.0
00-0035231,C.Wilkins,Christian Wilkins,DT,DL,"https://static.www.nfl.com/image/upload/f_auto,q_auto/league/ogy5fqw1xsut7lcxffyw",2023,REG,MIA,17,0,0,0,0,0,0,0,0,0,0,0,0,,,0,,0,0,0,0,0,0,0,0,0,0,,0,0,0,0,0,0,0,0,0,0,0,0,0,0,,0,0,0,0,0,,0.0,0.0,0.0,0,29,9,27,8,59,1,9.0,71.0,23,0,0,2,0,0,0,0,0,0,2,0,0,6,50,0,0,0,0,0,0,0,0,0,0,0,0,0,,,0,0,0,0,0,0,0,0,0,0,0,0,,,,0,0,0,0,0,0,0,,0,0,0,0,,0,0,,0,0,0,0,0,0,0,0,0,0,0.0,0.0
00-0035233,A.Dillard,Andre Dillard,OT,OL,"https://static.www.nfl.com/image/upload/f_auto,q_auto/league/zjva2yhlkarduzaqqrxm",2023,REG,TEN,4,0,0,0,0,0,0,0,0,0,0,0,0,,,0,,0,0,0,0,0,0,0,0,0,0,,0,0,0,0,0,0,0,0,0,0,0,0,0,0,,0,0,0,0,0,,0.0,0.0,0.0,0,0,0,0,0,0,0,0.0,0.0,0,0,0,0,0,0,0,0,0,0,0,0,0,4,25,0,0,0,0,0,0,0,0,0,0,0,0,0,,,0,0,0,0,0,0,0,0,0,0,0,0,,,,0,0,0,0,0,0,0,,0,0,0,0,,0,0,,0,0,0,0,0,0,0,0,0,0,0.0,0.0
00-0035234,T.Howard,Tytus Howard,OT,OL,"https://static.www.nfl.com/image/upload/f_auto,q_auto/league/dsxhasekno62of0prulo",2023,REG,HOU,1,0,0,0,0,0,0,0,0,0,0,0,0,,,0,,0,0,0,0,0,0,0,0,0,0,,0,0,0,0,0,0,0,0,0,0,0,0,0,0,,0,0,0,0,0,,0.0,0.0,0.0,0,0,0,0,0,0,0,0.0,0.0,0,0,0,0,0,0,0,0,0,0,1,0,0,0,0,0,0,0,0,0,0,0,0,0,0,0,0,0,,,0,0,0,0,0,0,0,0,0,0,0,0,,,,0,0,0,0,0,0,0,,0,0,0,0,,0,0,,0,0,0,0,0,0,0,0,0,0,0.0,0.0
00-0035235,K.McGary,Kaleb McGary,OT,OL,"https://static.www.nfl.com/image/upload/f_auto,q_auto/league/qomzib0zc5muqcj4yeuh",2023,REG,ATL,3,0,0,0,0,0,0,0,0,0,0,0,0,,,0,,0,0,0,0,0,0,0,0,0,0,,0,0,0,0,0,0,0,0,0,0,0,0,0,0,,0,0,0,0,0,,0.0,0.0,0.0,0,1,0,0,0,0,0,0.0,0.0,0,0,0,0,0,0,0,0,0,0,0,0,0,2,20,0,0,0,0,0,0,0,0,0,0,0,0,0,,,0,0,0,0,0,0,0,0,0,0,0,0,,,,0,0,0,0,0,0,0,,0,0,0,0,,0,0,,0,0,0,0,0,0,0,0,0,0,0.0,0.0
00-0035236,B.Murphy,Byron Murphy,CB,DB,"https://static.www.nfl.com/image/upload/f_auto,q_auto/league/secfzfwznyhcgiow4rvq",2023,REG,MIN,14,0,0,0,0,0,0,0,0,0,0,0,0,,,0,,0,0,0,0,0,0,0,0,0,0,,0,0,0,0,0,0,0,0,0,0,0,0,0,0,,0,0,0,0,0,,0.0,0.0,0.0,0,42,1,14,4,10,1,0.0,0.0,0,3,59,13,0,1,0,0,1,0,0,0,0,2,8,1,0,0,1,0,0,0,0,0,0,0,0,0,,,0,0,0,0,0,0,0,0,0,0,0,0,,,,0,0,0,0,0,0,0,,0,0,0,0,,0,0,,0,0,0,0,0,0,0,0,0,0,0.0,0.0
00-0035237,J.Taylor,Jawaan Taylor,OT,OL,"https://static.www.nfl.com/image/upload/f_auto,q_auto/league/honwntzfepzenss8uqhw",2023,REG,KC,10,0,0,0,0,0,0,0,0,0,0,0,0,,,0,,0,0,0,0,0,0,0,0,0,0,,0,0,0,0,0,0,0,0,0,0,0,0,0,0,,0,0,0,0,0,,0.0,0.0,0.0,0,0,0,0,0,0,0,0.0,0.0,0,0,0,0,0,0,0,0,0,0,0,0,0,17,115,0,0,0,0,0,0,0,0,0,0,0,0,0,,,0,0,0,0,0,0,0,0,0,0,0,0,,,,0,0,0,0,0,0,0,,0,0,0,0,,0,0,,0,0,0,0,0,0,0,0,0,0,0.0,0.0
00-0035239,S.Murphy-Bunting,Sean Murphy-Bunting,CB,DB,"https://static.www.nfl.com/image/upload/f_auto,q_auto/league/ddyearvwzjb4jmunqlei",2023,REG,TEN,14,0,0,0,0,0,0,0,0,0,0,0,0,,,0,,0,0,0,0,0,0,0,0,0,0,,0,0,0,0,0,0,0,0,0,0,0,0,0,0,,0,0,0,0,0,,0.0,0.0,0.0,0,38,4,15,3,10,2,0.0,0.0,0,2,12,8,0,0,0,0,0,0,1,5,0,10,77,0,0,0,0,0,0,0,0,0,0,0,0,0,,,0,0,0,0,0,0,0,0,0,0,0,0,,,,0,0,0,0,0,0,0,,0,0,0,0,,0,0,,0,0,0,0,0,0,0,0,0,0,0.0,0.0
00-0035240,Ja.Tavai,Jahlani Tavai,LB,LB,"https://static.www.nfl.com/image/upload/f_auto,q_auto/league/srlewkb9utcfby1x0bhh",2023,REG,NE,17,0,0,0,0,0,0,0,0,0,0,0,0,,,0,,0,0,0,0,0,0,0,0,0,0,,0,0,0,0,0,0,0,0,0,0,0,0,0,0,,0,0,0,0,0,,0.0,0.0,0.0,0,44,21,45,4,16,2,1.0,9.0,4,2,2,5,0,1,0,0,0,0,0,0,0,2,30,1,0,1,1,0,0,0,0,0,0,0,0,0,,,0,0,0,0,0,0,0,0,0,0,0,0,,,,0,0,0,0,0,0,0,,0,0,0,0,,0,0,,0,0,0,0,0,0,0,0,0,0,0.0,0.0
00-0035241,J.Williams,Joejuan Williams,CB,DB,"https://static.www.nfl.com/image/private/f_auto,q_auto/league/xvd6nmxdr9hf0ohkyxhn",2023,REG,MIN,4,0,0,0,0,0,0,0,0,0,0,0,0,,,0,,0,0,0,0,0,0,0,0,0,0,,0,0,0,0,0,0,0,0,0,0,0,0,0,0,,0,0,0,0,0,,0.0,0.0,0.0,0,1,0,1,0,0,0,0.0,0.0,0,0,0,2,0,0,0,0,0,0,0,0,0,2,27,0,0,0,0,0,0,0,0,0,0,0,0,0,,,0,0,0,0,0,0,0,0,0,0,0,0,,,,0,0,0,0,0,0,0,,0,0,0,0,,0,0,,0,0,0,0,0,0,0,0,0,0,0.0,0.0
00-0035242,E.McCoy,Erik McCoy,C,OL,"https://static.www.nfl.com/image/upload/f_auto,q_auto/league/w5kp02xeo5pg9shcddoz",2023,REG,NO,5,0,0,0,0,0,0,0,0,0,0,0,0,,,0,,0,0,0,0,0,0,0,0,0,0,,0,0,0,0,0,0,0,0,0,0,0,0,0,0,,0,0,0,0,0,,0.0,0.0,0.0,0,1,0,0,0,0,0,0.0,0.0,0,0,0,0,0,0,0,0,0,0,0,0,0,5,29,0,0,0,0,0,0,0,0,0,0,0,0,0,,,0,0,0,0,0,0,0,0,0,0,0,0,,,,0,0,0,0,0,0,0,,0,0,0,0,,0,0,,0,0,0,0,0,0,0,0,0,0,0.0,0.0
00-0035243,M.Sanders,Miles Sanders,RB,RB,"https://static.www.nfl.com/image/upload/f_auto,q_auto/league/niyjjkzmxjmesftgjs8y",2023,REG,CAR,16,0,0,0,0,0,0,0,0,0,0,0,0,,,0,,0,0,0,0,129,432,1,2,2,24,-30.545276433986146,0,11,7,1,1,27,41,154,0,0,0,23,158,8,-9.622439702835031,0,4,0,0,0,6.695652173913044,0.07677902621722846,0.005131637661758144,0.11876068568907339,0,0,0,0,0,0,0,0.0,0.0,0,0,0,0,0,0,0,0,1,0,0,0,0,0,0,2,0,0,2,2,0,0,0,0,0,0,0,0,,,0,0,0,0,0,0,0,0,0,0,0,0,,,,0,0,0,0,0,0,0,,0,0,0,0,,0,0,,0,0,0,0,0,0,0,0,0,0,60.599999999999994,87.6
00-0035244,L.Johnson,Lonnie Johnson,SAF,DB,"https://static.www.nfl.com/image/upload/f_auto,q_auto/league/a25iox2kpt2faeivak0g",2023,REG,NO,10,0,0,0,0,0,0,0,0,0,0,0,0,,,0,,0,0,0,0,0,0,0,0,0,0,,0,0,0,0,0,0,0,0,0,0,0,0,0,0,,0,0,0,0,0,,0.0,0.0,0.0,0,6,2,1,0,0,0,0.0,0.0,0,1,0,2,0,0,0,0,0,0,1,0,0,2,20,0,0,0,0,0,0,0,0,0,0,0,0,0,,,0,0,0,0,0,0,0,0,0,0,0,0,,,,0,0,0,0,0,0,0,,0,0,0,0,,0,0,,0,0,0,0,0,0,0,0,0,0,0.0,0.0
00-0035248,Z.Allen,Zach Allen,DE,DL,"https://static.www.nfl.com/image/upload/f_auto,q_auto/league/alnctfzlh2giup65i5zt",2023,REG,DEN,17,0,0,0,0,0,0,0,0,0,0,0,0,,,0,,0,0,0,0,0,0,0,0,0,0,,0,0,0,0,0,0,0,0,0,0,0,0,0,0,,0,0,0,0,0,,0.0,0.0,0.0,0,23,4,33,6,30,1,5.0,44.5,24,0,0,1,0,0,0,0,0,0,0,0,0,1,5,0,0,0,0,0,0,0,0,0,0,0,0,0,,,0,0,0,0,0,0,0,0,0,0,0,0,,,,0,0,0,0,0,0,0,,0,0,0,0,,0,0,,0,0,0,0,0,0,0,0,0,0,0.0,0.0
00-0035249,J.Oliver,Josh Oliver,TE,TE,"https://static.www.nfl.com/image/upload/f_auto,q_auto/league/pfvhbfguzu6wv9ikluop",2023,REG,MIN,13,0,0,0,0,0,0,0,0,0,0,0,0,,,0,,0,0,0,0,0,0,0,0,0,0,,0,0,0,0,0,22,28,213,2,1,1,72,162,12,4.226230739208404,0,11,5,3,0,2.9583333333333335,0.0462046204620462,0.01460446247464503,0.07953005442532082,0,1,0,0,0,0,0,0.0,0.0,0,0,0,0,0,0,0,0,0,0,0,0,0,4,40,1,0,0,1,1,0,0,0,0,0,0,0,0,,,0,0,0,0,0,0,0,0,0,0,0,0,,,,0,0,0,0,0,0,0,,0,0,0,0,,0,0,,0,0,0,0,0,0,0,0,0,0,31.299999999999997,53.3
00-0035250,D.Singletary,Devin Singletary,RB,RB,"https://static.www.nfl.com/image/upload/f_auto,q_auto/league/wqw8ee4nsxsisqb3bagw",2023,REG,HOU,17,1,1,6,1,0,0,0,0,0,6,0,1,1.8422965880599804,69.23700869083405,0,1.0,0,0,0,0,216,898,4,1,0,41,-16.57968231601304,0,23,17,3,0,30,38,193,0,0,0,5,223,7,-5.253562047872053,0,7,2,2,1,38.6,0.06713780918727916,0.0009658103148541626,0.10138278100131665,0,1,0,1,0,0,0,0.0,0.0,0,0,0,0,0,0,0,0,1,0,0,0,0,0,0,1,0,0,1,0,0,0,4,90,0,0,0,0,,,0,0,0,0,0,0,0,0,0,0,0,0,,,,0,0,0,0,0,0,0,,0,0,0,0,,0,0,,0,0,0,0,0,0,0,0,0,0,137.34,167.34
00-0035253,C.Gardner-Johnson,C.J. Gardner-Johnson,SAF,DB,"https://static.www.nfl.com/image/upload/f_auto,q_auto/league/lgbewdwm0p4wnwfbcock",2023,REG,DET,3,0,0,0,0,0,0,0,0,0,0,0,0,,,0,,0,0,0,0,0,0,0,0,0,0,,0,0,0,0,0,0,0,0,0,0,0,0,0,0,,0,0,0,0,0,,0.0,0.0,0.0,0,15,1,1,0,0,0,0.0,0.0,0,1,0,3,0,0,0,0,0,0,0,0,0,1,5,0,0,0,0,0,0,0,0,0,0,0,0,0,,,0,0,0,0,0,0,0,0,0,0,0,0,,,,0,0,0,0,0,0,0,,0,0,0,0,,0,0,,0,0,0,0,0,0,0,0,0,0,0.0,0.0
00-0035254,A.Nelson,Anthony Nelson,LB,LB,"https://static.www.nfl.com/image/upload/f_auto,q_auto/league/p7ot8uy26tblyhgpwcdv",2023,REG,TB,13,0,0,0,0,0,0,0,0,0,0,0,0,,,0,,0,0,0,0,0,0,0,0,0,0,,0,0,0,0,0,0,0,0,0,0,0,0,0,0,,0,0,0,0,0,,0.0,0.0,0.0,0,17,4,19,5,20,0,3.0,18.0,6,0,0,1,0,0,0,0,0,0,0,0,0,1,14,0,0,0,0,0,0,0,0,0,0,0,0,0,,,0,0,0,0,0,0,0,0,0,0,0,0,,,,0,0,0,0,0,0,0,,0,0,0,0,,0,0,,0,0,0,0,0,0,0,0,0,0,0.0,0.0
00-0035255,K.Sheffield,Kendall Sheffield,DB,DB,"https://static.www.nfl.com/image/upload/f_auto,q_auto/league/ukj6kbovqjqrinpgeysa",2023,REG,SF,2,0,0,0,0,0,0,0,0,0,0,0,0,,,0,,0,0,0,0,0,0,0,0,0,0,,0,0,0,0,0,0,0,0,0,0,0,0,0,0,,0,0,0,0,0,,0.0,0.0,0.0,0,3,1,0,1,4,0,0.0,0.0,0,0,0,0,0,0,0,0,0,0,0,0,0,0,0,0,0,0,0,0,0,0,0,0,0,0,0,0,,,0,0,0,0,0,0,0,0,0,0,0,0,,,,0,0,0,0,0,0,0,,0,0,0,0,,0,0,,0,0,0,0,0,0,0,0,0,0,0.0,0.0
00-0035258,H.Froholdt,Hjalte Froholdt,G,OL,"https://static.www.nfl.com/image/upload/f_auto,q_auto/league/w29pfmjsyr2ylmbvedol",2023,REG,ARI,8,0,0,0,0,0,0,0,0,0,0,0,0,,,0,,0,0,0,0,0,0,0,0,0,0,,0,0,0,0,0,0,0,0,0,0,0,0,0,0,,0,0,0,0,0,,0.0,0.0,0.0,0,0,0,0,0,0,0,0.0,0.0,0,0,0,0,0,0,0,0,1,-11,0,0,0,8,55,0,1,0,1,0,0,0,0,0,0,0,0,0,,,0,0,0,0,0,0,0,0,0,0,0,0,,,,0,0,0,0,0,0,0,,0,0,0,0,,0,0,,0,0,0,0,0,0,0,0,0,0,0.0,0.0
00-0035259,T.Wesco,Trevon Wesco,TE,TE,"https://static.www.nfl.com/image/private/f_auto,q_auto/league/ptq3iidy6uyg3f31gjl5",2023,REG,TEN,6,0,0,0,0,0,0,0,0,0,0,0,0,,,0,,0,0,0,0,0,0,0,0,0,0,,0,0,0,0,0,1,3,21,0,0,0,13,12,1,0.16023794352076948,0,1,1,1,0,1.6153846153846154,0.006276150627615063,0.0028452615451958854,0.011405909023059714,0,0,0,0,0,0,0,0.0,0.0,0,0,0,0,0,0,0,0,0,0,0,0,0,4,25,0,0,0,0,0,0,0,0,0,0,0,0,0,,,0,0,0,0,0,0,0,0,0,0,0,0,,,,0,0,0,0,0,0,0,,0,0,0,0,,0,0,,0,0,0,0,0,0,0,0,0,0,2.1,3.1
00-0035261,T.Pollard,Tony Pollard,RB,RB,"https://static.www.nfl.com/image/upload/f_auto,q_auto/league/dvpdczetkdhrqpm8izmd",2023,REG,DAL,17,0,0,0,0,0,0,0,0,0,0,0,0,,,0,,0,0,0,0,252,1005,6,1,1,56,-16.80817116508235,1,21,16,6,0,55,67,311,0,2,0,27,321,12,-4.405461841042866,0,7,3,2,1,11.518518518518519,0.11074380165289256,0.005632040050062578,0.17005813051438265,0,0,0,0,0,0,0,0.0,0.0,0,0,0,0,0,0,0,0,0,0,0,0,0,0,0,3,0,0,3,1,0,0,0,0,0,0,0,0,,,0,0,0,0,0,0,0,0,0,0,0,0,,,,0,0,0,0,0,0,0,,0,0,0,0,,0,0,,0,0,0,0,0,0,0,0,0,0,167.6,222.6
00-0035262,D.Tranquill,Drue Tranquill,LB,LB,"https://static.www.nfl.com/image/upload/f_auto,q_auto/league/azjrwh0rdddskgckydsq",2023,REG,KC,15,0,0,0,0,0,0,0,0,0,0,0,0,,,0,,0,0,0,0,0,0,0,0,0,0,,0,0,0,0,0,0,0,0,0,0,0,0,0,0,,0,0,0,0,0,,0.0,0.0,0.0,0,50,4,25,6,28,2,4.5,19.0,7,0,0,1,0,0,0,0,0,0,0,0,0,0,0,0,0,0,0,0,0,0,0,0,0,0,0,0,,,0,0,0,0,0,0,0,0,0,0,0,0,,,,0,0,0,0,0,0,0,,0,0,0,0,,0,0,,0,0,0,0,0,0,0,0,0,0,0.0,0.0
00-0035264,J.Stidham,Jarrett Stidham,QB,QB,"https://static.www.nfl.com/image/upload/f_auto,q_auto/league/hlq7q7zkusdhmudwbodl",2023,REG,DEN,2,40,66,496,2,1,7,-46,0,0,565,334,19,5.053421196005665,-3.7116197568754994,0,0.8778761061946903,16,9,8,3,9,8,0,1,0,1,-5.1424738094210625,0,0,0,0,0,0,0,0,0,0,0,0,0,0,,0,0,0,0,0,,0.0,0.0,0.0,0,0,0,0,0,0,0,0.0,0.0,0,0,0,0,0,0,0,0,1,-1,0,0,0,0,0,0,1,0,1,0,0,0,0,0,0,0,0,0,,,0,0,0,0,0,0,0,0,0,0,0,0,,,,0,0,0,0,0,0,0,,0,0,0,0,,0,0,,0,0,0,0,0,0,0,0,0,0,26.64,26.64
00-0035265,J.Cominsky,John Cominsky,DE,DL,"https://static.www.nfl.com/image/upload/f_auto,q_auto/league/zmuz0sxgahnwann1ztyg",2023,REG,DET,15,0,0,0,0,0,0,0,0,0,0,0,0,,,0,,0,0,0,0,0,0,0,0,0,0,,0,0,0,0,0,0,0,0,0,0,0,0,0,0,,0,0,0,0,0,,0.0,0.0,0.0,0,12,2,22,2,16,0,2.0,16.0,8,0,0,1,0,0,0,0,0,0,0,0,0,0,0,0,0,0,0,0,0,0,0,0,0,0,0,0,,,0,0,0,0,0,0,0,0,0,0,0,0,,,,0,0,0,0,0,0,0,,0,0,0,0,,0,0,,0,0,0,0,0,0,0,0,0,0,0.0,0.0
00-0035269,M.Gay,Matt Gay,K,SPEC,"https://static.www.nfl.com/image/upload/f_auto,q_auto/league/qeca8ofwxhytcioy29wc",2023,REG,IND,17,0,0,0,0,0,0,0,0,0,0,0,0,,,0,,0,0,0,0,0,0,0,0,0,0,,0,0,0,0,0,0,0,0,0,0,0,0,0,0,,0,0,0,0,0,,0.0,0.0,0.0,0,1,0,0,0,0,0,0.0,0.0,0,0,0,0,0,0,0,0,0,0,0,0,0,0,0,0,0,0,0,0,0,0,0,0,33,41,7,1,57,0.8048780487804879,0,9,9,7,8,0,0,0,1,2,4,0,42;31;54;53;53;53;43;35;28;28;56;27;20;42;26;57;51;46;36;23;46;23;28;29;31;42;33;38;33;45;38;52;35,47;57;58;38;56;43;57,60,1277,356,60,35,36,1,0,0.9722222222222222,1,1,0,0,53,0,0,,0,0,0,0,0,0,0,0,0,0,0.0,0.0
00-0035272,A.Van Ginkel,Andrew Van Ginkel,OLB,LB,"https://static.www.nfl.com/image/upload/f_auto,q_auto/league/vbpdlib647tcpzz59wyt",2023,REG,MIA,17,0,0,0,0,0,0,0,0,0,0,0,0,,,0,,0,0,0,0,0,0,0,0,0,0,,0,0,0,0,0,0,0,0,0,0,0,0,0,0,,0,0,0,0,0,,0.0,0.0,0.0,0,31,11,27,8,39,0,6.0,37.5,19,1,33,8,1,0,0,0,0,0,1,29,0,1,10,0,0,0,0,0,0,0,0,0,0,0,0,0,,,0,0,0,0,0,0,0,0,0,0,0,0,,,,0,0,0,0,0,0,0,,0,0,0,0,,0,0,,0,0,0,0,0,0,0,0,0,0,0.0,0.0
00-0035276,B.Cashman,Blake Cashman,LB,LB,"https://static.www.nfl.com/image/upload/f_auto,q_auto/league/mvui8tjkoewkupyncbok",2023,REG,HOU,13,0,0,0,0,0,0,0,0,0,0,0,0,,,0,,0,0,0,0,0,0,0,0,0,0,,0,0,0,0,0,0,0,0,0,0,0,0,0,0,,0,0,0,0,0,,0.0,0.0,0.0,0,40,16,50,5,24,0,2.0,16.0,5,1,0,5,0,0,0,0,0,0,1,2,0,0,0,0,0,0,0,0,0,0,0,0,0,0,0,0,,,0,0,0,0,0,0,0,0,0,0,0,0,,,,0,0,0,0,0,0,0,,0,0,0,0,,0,0,,0,0,0,0,0,0,0,0,0,0,0.0,0.0
00-0035277,M.Jackson,Mike Jackson,CB,DB,"https://static.www.nfl.com/image/upload/f_auto,q_auto/league/cqvxm9n1ncjq7hd2dtqb",2023,REG,SEA,11,0,0,0,0,0,0,0,0,0,0,0,0,,,0,,0,0,0,0,0,0,0,0,0,0,,0,0,0,0,0,0,0,0,0,0,0,0,0,0,,0,0,0,0,0,,0.0,0.0,0.0,0,22,6,6,1,3,0,0.0,0.0,0,0,0,5,0,0,0,10,0,0,0,0,0,0,0,0,0,0,0,0,0,0,0,0,0,0,0,0,,,0,0,0,0,0,0,0,0,0,0,0,0,,,,0,0,0,0,0,0,0,,0,0,0,0,,0,0,,0,0,0,0,0,0,0,0,0,0,0.0,0.0
00-0035279,C.Omenihu,Charles Omenihu,DE,DL,"https://static.www.nfl.com/image/upload/f_auto,q_auto/league/eqdzy6rghyb0sywwbd8i",2023,REG,KC,11,0,0,0,0,0,0,0,0,0,0,0,0,,,0,,0,0,0,0,0,0,0,0,0,0,,0,0,0,0,0,0,0,0,0,0,0,0,0,0,,0,0,0,0,0,,0.0,0.0,0.0,0,16,2,10,5,34,2,7.0,49.0,11,0,0,2,0,0,0,0,0,0,0,0,0,1,5,0,0,0,0,0,0,0,0,0,0,0,0,0,,,0,0,0,0,0,0,0,0,0,0,0,0,,,,0,0,0,0,0,0,0,,0,0,0,0,,0,0,,0,0,0,0,0,0,0,0,0,0,0.0,0.0
00-0035280,J.Bailey,Jake Bailey,P,SPEC,"https://static.www.nfl.com/image/upload/f_auto,q_auto/league/xgqo8pwrwqtmfhoaproq",2023,REG,MIA,17,0,0,0,0,0,0,0,0,0,0,0,0,,,0,,0,0,0,0,0,0,0,0,0,0,,0,0,0,0,0,0,0,0,0,0,0,0,0,0,,0,0,0,0,0,,0.0,0.0,0.0,0,0,0,0,0,0,0,0.0,0.0,0,0,0,0,0,0,0,0,0,0,0,0,0,0,0,0,0,0,0,0,0,0,0,0,0,0,0,0,,,0,0,0,0,0,0,0,0,0,0,0,0,,,,0,0,0,0,0,0,0,,0,0,0,0,,53,0,66,2424,20,6,8,3,19,17,207,1,2157,0.0,0.0
00-0035282,E.Stick,Easton Stick,QB,QB,"https://static.www.nfl.com/image/upload/f_auto,q_auto/league/xnf9udjxld0xenf4zagy",2023,REG,LAC,5,111,174,1129,3,1,14,-122,5,4,1204,581,53,-34.01198611579233,-4.807692722103299,0,0.9377076411960132,41,21,12,2,27,144,1,0,0,11,8.037567018560367,0,3,3,1,0,0,0,0,0,0,0,0,0,0,,0,0,0,0,0,,0.0,0.0,0.0,0,0,0,0,0,0,0,0.0,0.0,0,0,0,0,0,0,0,0,0,0,0,0,0,0,0,5,0,0,5,4,0,0,0,0,0,0,0,0,,,0,0,0,0,0,0,0,0,0,0,0,0,,,,0,0,0,0,0,0,0,,0,0,0,0,,0,0,,0,0,0,0,0,0,0,0,0,0,67.56,67.56
00-0035286,C.Holcomb,Cole Holcomb,LB,LB,"https://static.www.nfl.com/image/upload/f_auto,q_auto/league/hhhvsv4sv9zreuedr7lj",2023,REG,PIT,8,0,0,0,0,0,0,0,0,0,0,0,0,,,0,,0,0,0,0,0,0,0,0,0,0,,0,0,0,0,0,0,0,0,0,0,0,0,0,0,,0,0,0,0,0,,0.0,0.0,0.0,0,24,7,23,2,3,2,0.0,0.0,2,0,0,2,0,0,0,0,0,0,1,0,0,1,5,0,0,0,0,0,0,0,0,0,0,0,0,0,,,0,0,0,0,0,0,0,0,0,0,0,0,,,,0,0,0,0,0,0,0,,0,0,0,0,,0,0,,0,0,0,0,0,0,0,0,0,0,0.0,0.0
00-0035289,G.Minshew,Gardner Minshew,QB,QB,"https://static.www.nfl.com/image/upload/f_auto,q_auto/league/lggwtoj1m0jxxiawtzpw",2023,REG,IND,16,305,490,3305,15,9,34,-187,6,5,3579,1566,147,-6.592706553653355,-3.276565049284248,2,0.9234423023190835,125,57,36,11,34,100,3,0,0,7,-2.775664137559943,0,2,2,1,0,0,0,0,0,0,0,0,0,0,,0,0,0,0,0,,0.0,0.0,0.0,0,0,0,0,0,0,0,0.0,0.0,0,0,0,0,0,0,0,0,2,0,0,0,0,0,0,6,2,0,8,5,0,0,0,0,0,0,0,0,,,0,0,0,0,0,0,0,0,0,0,0,0,,,,0,0,0,0,0,0,0,,0,0,0,0,,0,0,,0,0,0,0,0,0,0,0,0,0,196.2,196.2
00-0035291,T.Williams,Trayveon Williams,RB,RB,"https://static.www.nfl.com/image/upload/f_auto,q_auto/league/zwei0idpruplnhlmpfkr",2023,REG,CIN,16,0,0,0,0,0,0,0,0,0,0,0,0,,,0,,0,0,0,0,15,69,0,0,0,2,-2.0943662159261294,0,2,1,0,0,7,9,10,0,0,0,-28,35,0,-7.627276058227474,0,0,0,0,0,-0.35714285714285715,0.015202702702702704,-0.007220216606498195,0.01774990242950532,0,2,1,0,0,0,0,0.0,0.0,0,0,0,0,0,0,0,0,0,0,0,0,0,0,0,0,0,0,0,0,0,0,12,290,0,0,0,0,,,0,0,0,0,0,0,0,0,0,0,0,0,,,,0,0,0,0,0,0,0,,0,0,0,0,,0,0,,0,0,0,0,0,0,0,0,0,0,7.9,14.9
00-0035292,D.Long,David Long Jr.,ILB,LB,"https://static.www.nfl.com/image/upload/f_auto,q_auto/league/h6g8cn2jt1rvuvkyvmkp",2023,REG,MIA,17,0,0,0,0,0,0,0,0,0,0,0,0,,,0,,0,0,0,0,0,0,0,0,0,0,,0,0,0,0,0,0,0,0,0,0,0,0,0,0,,0,0,0,0,0,,0.0,0.0,0.0,0,48,16,49,7,20,1,1.0,9.0,6,0,0,1,0,0,0,0,0,0,0,0,0,1,5,0,0,0,0,0,0,0,0,0,0,0,0,0,,,0,0,0,0,0,0,0,0,0,0,0,0,,,,0,0,0,0,0,0,0,,0,0,0,0,,0,0,,0,0,0,0,0,0,0,0,0,0,0.0,0.0
00-0035298,S.Miller,Scott Miller,WR,WR,"https://static.www.nfl.com/image/upload/f_auto,q_auto/league/mlx2xhjvzt6pqwgoloqa",2023,REG,ATL,11,0,0,0,0,0,0,0,0,0,0,0,0,,,0,,0,0,0,0,0,0,0,0,0,0,,0,0,0,0,0,11,16,161,2,0,0,195,80,6,8.592960691603366,0,4,2,2,2,0.8256410256410256,0.031496062992125984,0.04487917146144994,0.07865951451120393,0,1,0,1,0,0,0,0.0,0.0,0,0,0,0,0,0,0,0,0,0,0,0,0,0,0,0,0,0,0,0,1,4,1,14,0,0,0,0,,,0,0,0,0,0,0,0,0,0,0,0,0,,,,0,0,0,0,0,0,0,,0,0,0,0,,0,0,,0,0,0,0,0,0,0,0,0,0,28.1,39.1
00-0035301,D.Wilson,Donovan Wilson,SAF,DB,"https://static.www.nfl.com/image/upload/f_auto,q_auto/league/fl10d0bhrvfrqkjamcgp",2023,REG,DAL,15,0,0,0,0,0,0,0,0,0,0,0,0,,,0,,0,0,0,0,0,0,0,0,0,0,,0,0,0,0,0,0,0,0,0,0,0,0,0,0,,0,0,0,0,0,,0.0,0.0,0.0,0,45,10,33,2,9,1,0.0,0.0,1,2,0,3,0,0,0,0,0,0,2,0,0,4,38,0,0,0,0,0,0,0,0,0,0,0,0,0,,,0,0,0,0,0,0,0,0,0,0,0,0,,,,0,0,0,0,0,0,0,,0,0,0,0,,0,0,,0,0,0,0,0,0,0,0,0,0,0.0,0.0
00-0035316,K.Elliss,Kaden Elliss,LB,LB,"https://static.www.nfl.com/image/upload/f_auto,q_auto/league/b7jmlakbznkeusvsztgo",2023,REG,ATL,17,0,0,0,0,0,0,0,0,0,0,0,0,,,0,,0,0,0,0,0,0,0,0,0,0,,0,0,0,0,0,0,0,0,0,0,0,0,0,0,,0,0,0,0,0,,0.0,0.0,0.0,0,67,15,40,6,39,0,4.0,36.0,6,0,0,3,0,0,0,0,0,0,0,0,0,2,20,0,0,0,0,0,0,0,0,0,0,0,0,0,,,0,0,0,0,0,0,0,0,0,0,0,0,,,,0,0,0,0,0,0,0,,0,0,0,0,,0,0,,0,0,0,0,0,0,0,0,0,0,0.0,0.0
00-0035328,M.Nelson,Matt Nelson,OT,OL,"https://static.www.nfl.com/image/upload/f_auto,q_auto/league/akzyyzceelnt2nkblgb2",2023,REG,DET,1,0,0,0,0,0,0,0,0,0,0,0,0,,,0,,0,0,0,0,0,0,0,0,0,0,,0,0,0,0,0,0,0,0,0,0,0,0,0,0,,0,0,0,0,0,,0.0,0.0,0.0,0,0,0,0,0,0,0,0.0,0.0,0,0,0,0,0,0,0,0,0,0,0,0,0,1,15,0,0,0,0,0,0,0,0,0,0,0,0,0,,,0,0,0,0,0,0,0,0,0,0,0,0,,,,0,0,0,0,0,0,0,,0,0,0,0,,0,0,,0,0,0,0,0,0,0,0,0,0,0.0,0.0
00-0035329,D.Parham,Donald Parham,TE,TE,"https://static.www.nfl.com/image/upload/f_auto,q_auto/league/v4ryz7edi35hnbogbqjt",2023,REG,LAC,14,0,0,0,0,0,0,0,0,0,0,0,0,,,0,,0,0,0,0,0,0,0,0,0,0,,0,0,0,0,0,27,41,285,4,0,0,306,126,22,18.289647645852007,0,15,7,2,0,0.9313725490196079,0.06677524429967427,0.06465244031269808,0.14541957466840005,0,1,0,0,0,0,0,0.0,0.0,0,0,0,0,0,0,0,0,0,0,0,0,0,2,10,0,0,0,0,0,0,0,0,0,0,0,0,0,,,0,0,0,0,0,0,0,0,0,0,0,0,,,,0,0,0,0,0,0,0,,0,0,0,0,,0,0,,0,0,0,0,0,0,0,0,0,0,52.5,79.5
00-0035330,A.Pittman,Anthony Pittman,LB,LB,"https://static.www.nfl.com/image/upload/f_auto,q_auto/league/eitmt82nhdoeyeemklmi",2023,REG,DET,3,0,0,0,0,0,0,0,0,0,0,0,0,,,0,,0,0,0,0,0,0,0,0,0,0,,0,0,0,0,0,0,0,0,0,0,0,0,0,0,,0,0,0,0,0,,0.0,0.0,0.0,0,1,1,2,0,0,0,0.0,0.0,0,0,0,0,0,0,0,0,0,0,0,0,0,1,10,0,0,0,0,0,0,0,0,0,0,0,0,0,,,0,0,0,0,0,0,0,0,0,0,0,0,,,,0,0,0,0,0,0,0,,0,0,0,0,,0,0,,0,0,0,0,0,0,0,0,0,0,0.0,0.0
00-0035334,K.Strong,Kevin Strong,DT,DL,"https://static.www.nfl.com/image/private/f_auto,q_auto/league/ayepxrrynzz6cnxf5xco",2023,REG,ARI,14,0,0,0,0,0,0,0,0,0,0,0,0,,,0,,0,0,0,0,0,0,0,0,0,0,,0,0,0,0,0,0,0,0,0,0,0,0,0,0,,0,0,0,0,0,,0.0,0.0,0.0,0,18,7,21,3,23,0,2.5,25.0,3,0,0,1,0,0,0,0,0,0,1,0,0,1,6,0,0,0,0,0,0,0,0,0,0,0,0,0,,,0,0,0,0,0,0,0,0,0,0,0,0,,,,0,0,0,0,0,0,0,,0,0,0,0,,0,0,,0,0,0,0,0,0,0,0,0,0,0.0,0.0
00-0035341,T.Irwin,Trenton Irwin,WR,WR,"https://static.www.nfl.com/image/upload/f_auto,q_auto/league/xqipuwaysjsl9xhtqblt",2023,REG,CIN,12,0,0,0,0,0,0,0,0,0,0,0,0,,,0,,0,0,0,0,0,0,0,0,0,0,,0,0,0,0,0,25,32,316,1,1,0,337,110,15,19.366652398907792,0,13,8,7,0,0.9376854599406528,0.05405405405405406,0.08690046415678185,0.14191140599082838,0,2,0,0,0,0,0,0.0,0.0,0,0,0,0,0,1,0,0,0,0,0,0,0,0,0,2,0,1,2,0,10,98,1,8,0,0,0,0,,,0,0,0,0,0,0,0,0,0,0,0,0,,,,0,0,0,0,0,0,0,,0,0,0,0,,0,0,,0,0,0,0,0,0,0,0,0,0,37.6,62.6
00-0035343,J.Ledbetter,Jonathan Ledbetter,DE,DL,"https://static.www.nfl.com/image/private/f_auto,q_auto/league/vipmbrcixn2huexfkobd",2023,REG,ARI,12,0,0,0,0,0,0,0,0,0,0,0,0,,,0,,0,0,0,0,0,0,0,0,0,0,,0,0,0,0,0,0,0,0,0,0,0,0,0,0,,0,0,0,0,0,,0.0,0.0,0.0,0,17,4,25,0,0,0,1.5,3.0,4,0,0,0,0,0,0,0,0,0,0,0,0,2,20,0,0,0,0,0,0,0,0,0,0,0,0,0,,,0,0,0,0,0,0,0,0,0,0,0,0,,,,0,0,0,0,0,0,0,,0,0,0,0,,0,0,,0,0,0,0,0,0,0,0,0,0,0.0,0.0
00-0035346,N.Needham,Nik Needham,DB,DB,"https://static.www.nfl.com/image/upload/f_auto,q_auto/league/ighdnxkcrnsue00m74ay",2023,REG,MIA,5,0,0,0,0,0,0,0,0,0,0,0,0,,,0,,0,0,0,0,0,0,0,0,0,0,,0,0,0,0,0,0,0,0,0,0,0,0,0,0,,0,0,0,0,0,,0.0,0.0,0.0,0,4,0,3,0,0,0,0.0,0.0,0,0,0,0,0,0,0,0,0,0,0,0,0,1,5,0,0,0,0,0,0,0,0,0,0,0,0,0,,,0,0,0,0,0,0,0,0,0,0,0,0,,,,0,0,0,0,0,0,0,,0,0,0,0,,0,0,,0,0,0,0,0,0,0,0,0,0,0.0,0.0
00-0035352,T.Dodson,Tyrel Dodson,LB,LB,"https://static.www.nfl.com/image/upload/f_auto,q_auto/league/ssfyc6yarlegh112xeoa",2023,REG,BUF,14,0,0,0,0,0,0,0,0,0,0,0,0,,,0,,0,0,0,0,0,0,0,0,0,0,,0,0,0,0,0,0,0,0,0,0,0,0,0,0,,0,0,0,0,0,,0.0,0.0,0.0,0,44,13,17,8,22,1,2.5,11.0,6,0,0,2,0,0,0,0,0,0,1,0,0,1,15,0,0,0,0,0,0,0,0,0,0,0,0,0,,,0,0,0,0,0,0,0,0,0,0,0,0,,,,0,0,0,0,0,0,0,,0,0,0,0,,0,0,,0,0,0,0,0,0,0,0,0,0,0.0,0.0
00-0035355,B.Hance,Blake Hance,OL,OL,"https://static.www.nfl.com/image/upload/f_auto,q_auto/league/hdxdmuvnrlz3tykblysu",2023,REG,JAX,1,0,0,0,0,0,0,0,0,0,0,0,0,,,0,,0,0,0,0,0,0,0,0,0,0,,0,0,0,0,0,0,0,0,0,0,0,0,0,0,,0,0,0,0,0,,0.0,0.0,0.0,0,0,0,0,0,0,0,0.0,0.0,0,0,0,0,0,0,0,0,0,0,0,0,0,1,5,0,0,0,0,0,0,0,0,0,0,0,0,0,,,0,0,0,0,0,0,0,0,0,0,0,0,,,,0,0,0,0,0,0,0,,0,0,0,0,,0,0,,0,0,0,0,0,0,0,0,0,0,0.0,0.0
00-0035357,C.Lewis,Cam Lewis,CB,DB,"https://static.www.nfl.com/image/upload/f_auto,q_auto/league/zjktx8s1xlcacohcfimq",2023,REG,BUF,12,0,0,0,0,0,0,0,0,0,0,0,0,,,0,,0,0,0,0,0,0,0,0,0,0,,0,0,0,0,0,0,0,0,0,0,0,0,0,0,,0,0,0,0,0,,0.0,0.0,0.0,0,15,2,4,1,4,0,0.0,0.0,0,0,0,2,0,0,0,0,0,0,0,0,0,1,10,0,0,0,0,0,0,0,0,0,0,0,0,0,,,0,0,0,0,0,0,0,0,0,0,0,0,,,,0,0,0,0,0,0,0,,0,0,0,0,,0,0,,0,0,0,0,0,0,0,0,0,0,0.0,0.0
00-0035358,C.McLaughlin,Chase McLaughlin,K,SPEC,"https://static.www.nfl.com/image/upload/f_auto,q_auto/league/vwefhtevyn2qxauchan5",2023,REG,TB,17,0,0,0,0,0,0,0,0,0,0,0,0,,,0,,0,0,0,0,0,0,0,0,0,0,,0,0,0,0,0,0,0,0,0,0,0,0,0,0,,0,0,0,0,0,,0.0,0.0,0.0,0,0,0,0,0,0,0,0.0,0.0,0,0,0,0,0,0,0,0,0,0,0,0,0,0,0,0,0,0,0,0,0,0,0,0,29,31,0,2,57,0.9354838709677419,0,8,12,2,7,0,0,0,0,0,0,0,36;57;26;25;33;51;28;33;36;24;36;57;35;49;55;25;35;21;24;55;38;39;46;24;31;51;36;57;39,,40;50,1102,0,90,33,33,0,0,1.0,0,0,0,0,,0,0,,0,0,0,0,0,0,0,0,0,0,0.0,0.0
00-0035365,T.Hayes,Tae Hayes,DB,DB,"https://static.www.nfl.com/image/private/f_auto,q_auto/league/wldap37zq6plbefmntdn",2023,REG,NYJ,1,0,0,0,0,0,0,0,0,0,0,0,0,,,0,,0,0,0,0,0,0,0,0,0,0,,0,0,0,0,0,0,0,0,0,0,0,0,0,0,,0,0,0,0,0,,0.0,0.0,0.0,0,2,0,0,0,0,0,0.0,0.0,0,0,0,0,0,0,0,0,0,0,0,0,0,0,0,0,0,0,0,0,0,0,0,0,0,0,0,0,,,0,0,0,0,0,0,0,0,0,0,0,0,,,,0,0,0,0,0,0,0,,0,0,0,0,,0,0,,0,0,0,0,0,0,0,0,0,0,0.0,0.0
00-0035378,A.Wingard,Andrew Wingard,SAF,DB,"https://static.www.nfl.com/image/upload/f_auto,q_auto/league/vumoaka528nab6au7caj",2023,REG,JAX,13,0,0,0,0,0,0,0,0,0,0,0,0,,,0,,0,0,0,0,0,0,0,0,0,0,,0,0,0,0,0,0,0,0,0,0,0,0,0,0,,0,0,0,0,0,,0.0,0.0,0.0,0,29,6,10,1,3,1,0.0,0.0,1,1,0,2,0,0,0,0,0,0,0,0,0,0,0,0,0,0,0,0,0,0,0,0,0,0,0,0,,,0,0,0,0,0,0,0,0,0,0,0,0,,,,0,0,0,0,0,0,0,,0,0,0,0,,0,0,,0,0,0,0,0,0,0,0,0,0,0.0,0.0
00-0035384,I.Opeta,Sua Opeta,G,OL,"https://static.www.nfl.com/image/upload/f_auto,q_auto/league/wcymlec6ziqsdudjza8k",2023,REG,PHI,1,0,0,0,0,0,0,0,0,0,0,0,0,,,0,,0,0,0,0,0,0,0,0,0,0,,0,0,0,0,0,0,0,0,0,0,0,0,0,0,,0,0,0,0,0,,0.0,0.0,0.0,0,0,0,0,0,0,0,0.0,0.0,0,0,0,0,0,0,0,0,0,0,0,0,0,1,5,0,0,0,0,0,0,0,0,0,0,0,0,0,,,0,0,0,0,0,0,0,0,0,0,0,0,,,,0,0,0,0,0,0,0,,0,0,0,0,,0,0,,0,0,0,0,0,0,0,0,0,0,0.0,0.0
00-0035386,T.Edwards,T.J. Edwards,LB,LB,"https://static.www.nfl.com/image/upload/f_auto,q_auto/league/tqu3uz4nzkcq4crcepj3",2023,REG,CHI,17,0,0,0,0,0,0,0,0,0,0,0,0,,,0,,0,0,0,0,0,0,0,0,0,0,,0,0,0,0,0,0,0,0,0,0,0,0,0,0,,0,0,0,0,0,,0.0,0.0,0.0,0,74,17,64,6,7,1,2.5,4.0,8,3,4,7,0,0,0,0,0,0,2,0,0,0,0,0,0,0,0,0,0,0,0,0,0,0,0,0,,,0,0,0,0,0,0,0,0,0,0,0,0,,,,0,0,0,0,0,0,0,,0,0,0,0,,0,0,,0,0,0,0,0,0,0,0,0,0,0.0,0.0
00-0035399,S.Morgan,Stanley Morgan,WR,WR,"https://static.www.nfl.com/image/upload/f_auto,q_auto/league/wxgibmduh5kodwlvbgct",2023,REG,CIN,1,0,0,0,0,0,0,0,0,0,0,0,0,,,0,,0,0,0,0,0,0,0,0,0,0,,0,0,0,0,0,0,0,0,0,0,0,0,0,0,,0,0,0,0,0,,0.0,0.0,0.0,0,0,0,0,0,0,0,0.0,0.0,0,0,0,0,0,0,0,0,0,0,0,0,0,1,8,0,0,0,0,0,0,0,0,0,0,0,0,0,,,0,0,0,0,0,0,0,0,0,0,0,0,,,,0,0,0,0,0,0,0,,0,0,0,0,,0,0,,0,0,0,0,0,0,0,0,0,0,0.0,0.0
00-0035402,C.Granderson,Carl Granderson,DE,DL,"https://static.www.nfl.com/image/upload/f_auto,q_auto/league/qubwfcjeareypbdlvwnb",2023,REG,NO,17,0,0,0,0,0,0,0,0,0,0,0,0,,,0,,0,0,0,0,0,0,0,0,0,0,,0,0,0,0,0,0,0,0,0,0,0,0,0,0,,0,0,0,0,0,,0.0,0.0,0.0,0,37,7,34,14,75,1,8.5,55.0,20,0,0,1,0,0,0,0,0,0,1,0,0,4,41,0,0,0,0,0,0,0,0,0,0,0,0,0,,,0,0,0,0,0,0,0,0,0,0,0,0,,,,0,0,0,0,0,0,0,,0,0,0,0,,0,0,,0,0,0,0,0,0,0,0,0,0,0.0,0.0
00-0035406,L.Humphrey,Lil'Jordan Humphrey,WR,WR,"https://static.www.nfl.com/image/upload/f_auto,q_auto/league/otxrvkflhixz9akhmfqq",2023,REG,DEN,11,0,0,0,0,0,0,0,0,0,0,0,0,,,0,,0,0,0,0,0,0,0,0,0,0,,0,0,0,0,0,13,19,162,3,0,0,186,99,9,14.200789617898408,0,7,1,1,1,0.8709677419354839,0.039832285115303984,0.049547149706979224,0.09443143246784143,0,0,0,0,0,0,0,0.0,0.0,0,0,0,0,0,0,0,0,0,0,0,0,0,1,10,0,0,0,0,0,0,0,0,0,0,0,0,0,,,0,0,0,0,0,0,0,0,0,0,0,0,,,,0,0,0,0,0,0,0,,0,0,0,0,,0,0,,0,0,0,0,0,0,0,0,0,0,34.2,47.2
00-0035409,S.Tuttle,Shy Tuttle,DT,DL,"https://static.www.nfl.com/image/upload/f_auto,q_auto/league/dbtt4xlpqoytpgiswgal",2023,REG,CAR,14,0,0,0,0,0,0,0,0,0,0,0,0,,,0,,0,0,0,0,0,0,0,0,0,0,,0,0,0,0,0,0,0,0,0,0,0,0,0,0,,0,0,0,0,0,,0.0,0.0,0.0,0,15,4,24,0,0,0,0.5,0.0,1,0,0,5,0,0,0,0,0,0,0,0,0,1,5,0,0,0,0,0,0,0,0,0,0,0,0,0,,,0,0,0,0,0,0,0,0,0,0,0,0,,,,0,0,0,0,0,0,0,,0,0,0,0,,0,0,,0,0,0,0,0,0,0,0,0,0,0.0,0.0
00-0035413,L.Gifford,Luke Gifford,LB,LB,"https://static.www.nfl.com/image/upload/f_auto,q_auto/league/zuskjpnniq2xwnao6tuk",2023,REG,TEN,5,0,0,0,0,0,0,0,0,0,0,0,0,,,0,,0,0,0,0,0,0,0,0,0,0,,0,0,0,0,0,0,0,0,0,0,0,0,0,0,,0,0,0,0,0,,0.0,0.0,0.0,0,3,0,3,0,0,0,0.0,0.0,0,0,0,0,0,0,0,0,0,0,0,0,0,0,0,0,0,0,0,0,0,0,0,0,0,0,0,0,,,0,0,0,0,0,0,0,0,0,0,0,0,,,,0,0,0,0,0,0,0,,0,0,0,0,,0,0,,0,0,0,0,0,0,0,0,0,0,0.0,0.0
00-0035414,J.Guyton,Jalen Guyton,WR,WR,"https://static.www.nfl.com/image/upload/f_auto,q_auto/league/a6j9njysh2lwdjblxvxw",2023,REG,LAC,7,0,0,0,0,0,0,0,0,0,0,0,0,,,0,,0,0,0,0,0,0,0,0,0,0,,0,0,0,0,0,10,21,89,1,0,0,218,32,6,-2.365805578621803,0,4,1,0,0,0.40825688073394495,0.03420195439739414,0.04605958166068033,0.08354463875856744,0,0,0,0,0,0,0,0.0,0.0,0,0,0,0,0,0,0,0,1,0,0,0,0,0,0,0,0,0,0,0,0,0,0,0,0,0,0,0,,,0,0,0,0,0,0,0,0,0,0,0,0,,,,0,0,0,0,0,0,0,,0,0,0,0,,0,0,,0,0,0,0,0,0,0,0,0,0,14.9,24.9
00-0035437,R.Teamer,Roderic Teamer,DB,DB,"https://static.www.nfl.com/image/private/f_auto,q_auto/league/sma7cwull7agg0gjk7dh",2023,REG,LV,3,0,0,0,0,0,0,0,0,0,0,0,0,,,0,,0,0,0,0,0,0,0,0,0,0,,0,0,0,0,0,0,0,0,0,0,0,0,0,0,,0,0,0,0,0,,0.0,0.0,0.0,0,4,0,1,0,0,0,0.0,0.0,0,0,0,0,0,0,0,0,0,0,0,0,0,0,0,0,0,0,0,0,0,0,0,0,0,0,0,0,,,0,0,0,0,0,0,0,0,0,0,0,0,,,,0,0,0,0,0,0,0,,0,0,0,0,,0,0,,0,0,0,0,0,0,0,0,0,0,0.0,0.0
00-0035444,J.Kunaszyk,Jordan Kunaszyk,ILB,LB,"https://static.www.nfl.com/image/upload/f_auto,q_auto/league/czsdahph9mq2irzdrrpl",2023,REG,CLE,2,0,0,0,0,0,0,0,0,0,0,0,0,,,0,,0,0,0,0,0,0,0,0,0,0,,0,0,0,0,0,0,0,0,0,0,0,0,0,0,,0,0,0,0,0,,0.0,0.0,0.0,0,5,2,2,0,0,0,0.0,0.0,0,0,0,0,0,0,0,0,0,0,0,0,0,0,0,0,0,0,0,0,0,0,0,0,0,0,0,0,,,0,0,0,0,0,0,0,0,0,0,0,0,,,,0,0,0,0,0,0,0,,0,0,0,0,,0,0,,0,0,0,0,0,0,0,0,0,0,0.0,0.0
00-0035455,A.Huggins,Albert Huggins,DT,DL,"https://static.www.nfl.com/image/private/f_auto,q_auto/league/hbbanpqrzp03f4dagsxq",2023,REG,ATL,11,0,0,0,0,0,0,0,0,0,0,0,0,,,0,,0,0,0,0,0,0,0,0,0,0,,0,0,0,0,0,0,0,0,0,0,0,0,0,0,,0,0,0,0,0,,0.0,0.0,0.0,0,6,1,15,0,0,0,0.0,0.0,2,0,0,0,0,0,0,0,0,0,1,0,0,0,0,0,0,0,0,0,0,0,0,0,0,0,0,0,,,0,0,0,0,0,0,0,0,0,0,0,0,,,,0,0,0,0,0,0,0,,0,0,0,0,,0,0,,0,0,0,0,0,0,0,0,0,0,0.0,0.0
00-0035480,M.Taylor,Malik Taylor,WR,WR,"https://static.www.nfl.com/image/private/f_auto,q_auto/league/aupsoxtxtpv4fmgs4ttp",2023,REG,NYJ,2,0,0,0,0,0,0,0,0,0,0,0,0,,,0,,0,0,0,0,0,0,0,0,0,0,,0,0,0,0,0,2,4,13,0,0,0,89,7,0,-2.06693132489454,0,0,0,0,0,0.14606741573033707,0.007104795737122558,0.02225,0.026232193605683837,0,0,0,0,0,0,0,0.0,0.0,0,0,0,0,0,0,0,0,0,0,0,0,0,0,0,0,0,0,0,0,0,0,0,0,0,0,0,0,,,0,0,0,0,0,0,0,0,0,0,0,0,,,,0,0,0,0,0,0,0,,0,0,0,0,,0,0,,0,0,0,0,0,0,0,0,0,0,1.3,3.3
00-0035500,G.Dortch,Greg Dortch,WR,WR,"https://static.www.nfl.com/image/upload/f_auto,q_auto/league/jt4lbkjxkkrw3f644sft",2023,REG,ARI,16,0,0,0,0,0,0,0,0,0,0,0,0,,,0,,0,0,0,0,1,5,0,0,0,0,-0.0831637269584462,0,0,0,0,0,24,41,280,2,0,0,383,152,14,4.755318414332578,0,11,5,3,0,0.7310704960835509,0.07592592592592592,0.09149546106067845,0.1779357116313638,0,1,0,1,0,0,0,0.0,0.0,0,0,0,0,0,0,0,0,1,-3,0,0,0,1,5,0,0,0,0,0,29,275,17,360,0,0,0,0,,,0,0,0,0,0,0,0,0,0,0,0,0,,,,0,0,0,0,0,0,0,,0,0,0,0,,0,0,,0,0,0,0,0,0,0,0,0,0,40.5,64.5
00-0035507,K.Phillips,Kyle Phillips,DE,DL,"https://static.www.nfl.com/image/upload/f_auto,q_auto/league/hnwwpniwsysazqufuzmd",2023,REG,NO,3,0,0,0,0,0,0,0,0,0,0,0,0,,,0,,0,0,0,0,0,0,0,0,0,0,,0,0,0,0,0,0,0,0,0,0,0,0,0,0,,0,0,0,0,0,,0.0,0.0,0.0,0,1,0,2,0,0,0,0.0,0.0,0,0,0,0,0,0,0,0,0,0,0,0,0,0,0,0,0,0,0,0,0,0,0,0,0,0,0,0,,,0,0,0,0,0,0,0,0,0,0,0,0,,,,0,0,0,0,0,0,0,,0,0,0,0,,0,0,,0,0,0,0,0,0,0,0,0,0,0.0,0.0
00-0035525,D.Bush,Devin Bush,LB,LB,"https://static.www.nfl.com/image/upload/f_auto,q_auto/league/pgpf5oeyel2jgsz2luaq",2023,REG,SEA,8,0,0,0,0,0,0,0,0,0,0,0,0,,,0,,0,0,0,0,0,0,0,0,0,0,,0,0,0,0,0,0,0,0,0,0,0,0,0,0,,0,0,0,0,0,,0.0,0.0,0.0,0,14,4,19,2,3,0,0.0,0.0,0,0,0,0,0,0,0,0,0,0,0,0,0,0,0,0,0,0,0,0,0,0,0,0,0,0,0,0,,,0,0,0,0,0,0,0,0,0,0,0,0,,,,0,0,0,0,0,0,0,,0,0,0,0,,0,0,,0,0,0,0,0,0,0,0,0,0,0.0,0.0
00-0035526,E.Jenkins,Elgton Jenkins,C,OL,"https://static.www.nfl.com/image/upload/f_auto,q_auto/league/wrahpqtdvxipwmrepiyl",2023,REG,GB,4,0,0,0,0,0,0,0,0,0,0,0,0,,,0,,0,0,0,0,0,0,0,0,0,0,,0,0,0,0,0,0,0,0,0,0,0,0,0,0,,0,0,0,0,0,,0.0,0.0,0.0,0,1,0,0,0,0,0,0.0,0.0,0,0,0,0,0,0,0,0,1,0,0,0,0,3,25,0,0,0,0,0,0,0,0,0,0,0,0,0,,,0,0,0,0,0,0,0,0,0,0,0,0,,,,0,0,0,0,0,0,0,,0,0,0,0,,0,0,,0,0,0,0,0,0,0,0,0,0,0.0,0.0
00-0035527,A.Isabella,Andy Isabella,WR,WR,"https://static.www.nfl.com/image/upload/f_auto,q_auto/league/qpqphhsofn96dvojfsx1",2023,REG,BUF,1,0,0,0,0,0,0,0,0,0,0,0,0,,,0,,0,0,0,0,0,0,0,0,0,0,,0,0,0,0,0,0,0,0,0,0,0,0,0,0,,0,0,0,0,0,,0.0,0.0,0.0,0,0,0,0,0,0,0,0.0,0.0,0,0,0,0,0,0,0,0,0,0,0,0,0,0,0,0,0,0,0,0,0,0,1,25,0,0,0,0,,,0,0,0,0,0,0,0,0,0,0,0,0,,,,0,0,0,0,0,0,0,,0,0,0,0,,0,0,,0,0,0,0,0,0,0,0,0,0,0.0,0.0
00-0035531,A.Bryant,Austin Bryant,DE,DL,"https://static.www.nfl.com/image/upload/f_auto,q_auto/league/ag25mjupbuj0nfidcdsd",2023,REG,SF,1,0,0,0,0,0,0,0,0,0,0,0,0,,,0,,0,0,0,0,0,0,0,0,0,0,,0,0,0,0,0,0,0,0,0,0,0,0,0,0,,0,0,0,0,0,,0.0,0.0,0.0,0,0,0,1,0,0,0,0.0,0.0,0,0,0,0,0,0,0,0,0,0,0,0,0,0,0,0,0,0,0,0,0,0,0,0,0,0,0,0,,,0,0,0,0,0,0,0,0,0,0,0,0,,,,0,0,0,0,0,0,0,,0,0,0,0,,0,0,,0,0,0,0,0,0,0,0,0,0,0.0,0.0
00-0035535,D.Slayton,Darius Slayton,WR,WR,"https://static.www.nfl.com/image/upload/f_auto,q_auto/league/fyjkvaekv40jn72d0b3q",2023,REG,NYG,17,0,0,0,0,0,0,0,0,0,0,0,0,,,0,,0,0,0,0,0,0,0,0,0,0,,0,0,0,0,0,50,79,770,4,0,0,967,298,29,29.193758920556547,0,26,17,11,3,0.796277145811789,0.16288659793814433,0.2554146856840993,0.42312017688608605,0,1,0,0,0,0,0,0.0,0.0,0,0,0,0,0,0,0,0,0,0,0,0,0,0,0,0,0,0,0,0,0,0,0,0,0,0,0,0,,,0,0,0,0,0,0,0,0,0,0,0,0,,,,0,0,0,0,0,0,0,,0,0,0,0,,0,0,,0,0,0,0,0,0,0,0,0,0,101.0,151.0
00-0035537,T.Johnson,Ty Johnson,RB,RB,"https://static.www.nfl.com/image/upload/f_auto,q_auto/league/hmnzcfm56ojey6myomjg",2023,REG,BUF,9,0,0,0,0,0,0,0,0,0,0,0,0,,,0,,0,0,0,0,30,132,0,1,0,8,-0.7410380172077566,0,2,1,0,0,7,7,62,1,0,0,2,60,2,1.2649246439686976,0,2,1,1,0,31.0,0.012844036697247707,0.00039824771007566706,0.019544828442924527,0,1,0,1,0,0,0,0.0,0.0,0,0,0,0,0,0,0,0,1,0,0,0,0,0,0,1,0,0,1,0,0,0,8,161,0,0,0,0,,,0,0,0,0,0,0,0,0,0,0,0,0,,,,0,0,0,0,0,0,0,,0,0,0,0,,0,0,,0,0,0,0,0,0,0,0,0,0,25.400000000000002,32.400000000000006
00-0035541,M.Dogbe,Michael Dogbe,DE,DL,"https://static.www.nfl.com/image/private/f_auto,q_auto/league/cu9kvxqla8gawt9y7ox1",2023,REG,HOU,1,0,0,0,0,0,0,0,0,0,0,0,0,,,0,,0,0,0,0,0,0,0,0,0,0,,0,0,0,0,0,0,0,0,0,0,0,0,0,0,,0,0,0,0,0,,0.0,0.0,0.0,0,0,0,1,0,0,0,0.0,0.0,0,0,0,0,0,0,0,0,0,0,0,0,0,0,0,0,0,0,0,0,0,0,0,0,0,0,0,0,,,0,0,0,0,0,0,0,0,0,0,0,0,,,,0,0,0,0,0,0,0,,0,0,0,0,,0,0,,0,0,0,0,0,0,0,0,0,0,0.0,0.0
00-0035562,J.Horsted,Jesper Horsted,TE,TE,"https://static.www.nfl.com/image/private/f_auto,q_auto/league/mqbodeysdvvvuhkctewa",2023,REG,LV,5,0,0,0,0,0,0,0,0,0,0,0,0,,,0,,0,0,0,0,0,0,0,0,0,0,,0,0,0,0,0,1,1,4,0,0,0,2,2,0,-0.21012102178065106,0,0,0,0,0,2.0,0.0018832391713747645,0.000467180565288484,0.0031518851527640858,0,1,0,3,0,0,0,0.0,0.0,0,0,0,0,0,0,0,0,0,0,0,0,0,0,0,0,0,0,0,0,0,0,0,0,0,0,0,0,,,0,0,0,0,0,0,0,0,0,0,0,0,,,,0,0,0,0,0,0,0,,0,0,0,0,,0,0,,0,0,0,0,0,0,0,0,0,0,0.4,1.4
00-0035567,C.Reynolds,Craig Reynolds,RB,RB,"https://static.www.nfl.com/image/upload/f_auto,q_auto/league/f5zuttg3hinfqgronrsg",2023,REG,DET,12,0,0,0,0,0,0,0,0,0,0,0,0,,,0,,0,0,0,0,41,179,1,1,1,11,-4.479686257458525,0,6,4,0,0,5,5,47,0,0,0,-12,59,2,2.8365457532927394,0,2,1,1,0,-3.9166666666666665,0.008710801393728223,-0.002936857562408223,0.011010401796906578,0,2,0,2,0,0,0,0.0,0.0,0,0,0,0,0,0,0,0,0,0,0,0,0,0,0,2,0,0,2,2,0,0,5,133,0,0,0,0,,,0,0,0,0,0,0,0,0,0,0,0,0,,,,0,0,0,0,0,0,0,,0,0,0,0,,0,0,,0,0,0,0,0,0,0,0,0,0,26.6,31.6
00-0035572,P.Hesse,Parker Hesse,TE,TE,"https://static.www.nfl.com/image/upload/f_auto,q_auto/league/roaaw3cph7q6cxdco70k",2023,REG,ATL,1,0,0,0,0,0,0,0,0,0,0,0,0,,,0,,0,0,0,0,0,0,0,0,0,0,,0,0,0,0,0,0,0,0,0,0,0,0,0,0,,0,0,0,0,0,,0.0,0.0,0.0,0,1,0,0,0,0,0,0.0,0.0,0,0,0,0,0,0,0,0,0,0,0,0,0,0,0,0,0,0,0,0,0,0,0,0,0,0,0,0,,,0,0,0,0,0,0,0,0,0,0,0,0,,,,0,0,0,0,0,0,0,,0,0,0,0,,0,0,,0,0,0,0,0,0,0,0,0,0,0.0,0.0
00-0035588,G.Bradbury,Garrett Bradbury,C,OL,"https://static.www.nfl.com/image/upload/f_auto,q_auto/league/ww9iafyxzq6olacamaow",2023,REG,MIN,3,0,0,0,0,0,0,0,0,0,0,0,0,,,0,,0,0,0,0,0,0,0,0,0,0,,0,0,0,0,0,0,0,0,0,0,0,0,0,0,,0,0,0,0,0,,0.0,0.0,0.0,0,0,0,0,0,0,0,0.0,0.0,0,0,0,0,0,0,0,0,1,0,0,0,0,3,19,0,0,0,0,0,0,0,0,0,0,0,0,0,,,0,0,0,0,0,0,0,0,0,0,0,0,,,,0,0,0,0,0,0,0,,0,0,0,0,,0,0,,0,0,0,0,0,0,0,0,0,0,0.0,0.0
00-0035591,J.Hollins,Justin Hollins,LB,LB,"https://static.www.nfl.com/image/upload/f_auto,q_auto/league/qu6phgfph0roj69tgp5o",2023,REG,LAC,9,0,0,0,0,0,0,0,0,0,0,0,0,,,0,,0,0,0,0,0,0,0,0,0,0,,0,0,0,0,0,0,0,0,0,0,0,0,0,0,,0,0,0,0,0,,0.0,0.0,0.0,0,8,3,6,1,4,0,1.0,4.0,1,0,0,0,0,0,0,0,0,0,0,0,0,1,15,0,0,0,0,0,0,0,0,0,0,0,0,0,,,0,0,0,0,0,0,0,0,0,0,0,0,,,,0,0,0,0,0,0,0,,0,0,0,0,,0,0,,0,0,0,0,0,0,0,0,0,0,0.0,0.0
00-0035593,J.Winfree,Juwann Winfree,WR,WR,"https://static.www.nfl.com/image/upload/f_auto,q_auto/league/pawxwuphiobdd7voouwl",2023,REG,IND,1,0,0,0,0,0,0,0,0,0,0,0,0,,,0,,0,0,0,0,0,0,0,0,0,0,,0,0,0,0,0,0,1,0,0,0,0,26,0,0,-1.0963185988366604,0,0,0,0,0,0.0,0.0018315018315018315,0.006110458284371328,0.007024573546312676,0,0,0,0,0,0,0,0.0,0.0,0,0,0,0,0,0,0,0,0,0,0,0,0,0,0,0,0,0,0,0,0,0,0,0,0,0,0,0,,,0,0,0,0,0,0,0,0,0,0,0,0,,,,0,0,0,0,0,0,0,,0,0,0,0,,0,0,,0,0,0,0,0,0,0,0,0,0,0.0,0.0
00-0035594,T.Homer,Travis Homer,RB,RB,"https://static.www.nfl.com/image/upload/f_auto,q_auto/league/dyyclvfaagspov2ydf3i",2023,REG,CHI,7,0,0,0,0,0,0,0,0,0,0,0,0,,,0,,0,0,0,0,0,0,0,0,0,0,,0,0,0,0,0,0,1,0,0,0,0,-5,0,0,-1.0551380325052822,0,0,0,0,0,-0.0,0.0020964360587002098,-0.0013245033112582781,0.00221750177016952,0,5,0,2,0,0,0,0.0,0.0,0,0,0,0,0,0,0,0,0,0,0,0,0,1,15,0,0,0,0,0,0,0,0,0,0,0,0,0,,,0,0,0,0,0,0,0,0,0,0,0,0,,,,0,0,0,0,0,0,0,,0,0,0,0,,0,0,,0,0,0,0,0,0,0,0,0,0,0.0,0.0
00-0035607,M.Copeland,Marquise Copeland,DT,DL,"https://static.www.nfl.com/image/private/f_auto,q_auto/league/ldtwwdjwltsbch8evaqy",2023,REG,LA,1,0,0,0,0,0,0,0,0,0,0,0,0,,,0,,0,0,0,0,0,0,0,0,0,0,,0,0,0,0,0,0,0,0,0,0,0,0,0,0,,0,0,0,0,0,,0.0,0.0,0.0,0,1,0,0,0,0,0,0.0,0.0,0,0,0,0,0,0,0,0,0,0,0,0,0,0,0,0,0,0,0,0,0,0,0,0,0,0,0,0,,,0,0,0,0,0,0,0,0,0,0,0,0,,,,0,0,0,0,0,0,0,,0,0,0,0,,0,0,,0,0,0,0,0,0,0,0,0,0,0.0,0.0
00-0035617,T.Reeder,Troy Reeder,LB,LB,"https://static.www.nfl.com/image/upload/f_auto,q_auto/league/laiuwnorvmneuwvav61k",2023,REG,LA,11,0,0,0,0,0,0,0,0,0,0,0,0,,,0,,0,0,0,0,0,0,0,0,0,0,,0,0,0,0,0,0,0,0,0,0,0,0,0,0,,0,0,0,0,0,,0.0,0.0,0.0,0,8,3,12,0,0,0,0.0,0.0,0,0,0,0,0,0,0,0,0,0,0,0,0,2,11,0,0,0,0,0,0,0,0,0,0,0,0,0,,,0,0,0,0,0,0,0,0,0,0,0,0,,,,0,0,0,0,0,0,0,,0,0,0,0,,0,0,,0,0,0,0,0,0,0,0,0,0,0.0,0.0
00-0035625,J.Thornhill,Juan Thornhill,SAF,DB,"https://static.www.nfl.com/image/upload/f_auto,q_auto/league/os3bpcmalytfuwosxpzj",2023,REG,CLE,11,0,0,0,0,0,0,0,0,0,0,0,0,,,0,,0,0,0,0,0,0,0,0,0,0,,0,0,0,0,0,0,0,0,0,0,0,0,0,0,,0,0,0,0,0,,0.0,0.0,0.0,0,34,7,13,0,0,0,0.0,0.0,2,0,0,1,0,0,0,0,0,0,0,0,0,1,15,0,0,0,0,0,0,0,0,0,0,0,0,0,,,0,0,0,0,0,0,0,0,0,0,0,0,,,,0,0,0,0,0,0,0,,0,0,0,0,,0,0,,0,0,0,0,0,0,0,0,0,0,0.0,0.0
00-0035628,D.Johnson,D'Ernest Johnson,RB,RB,"https://static.www.nfl.com/image/upload/f_auto,q_auto/league/gbe2eojaxid4n3pmo0rj",2023,REG,JAX,16,0,0,0,0,0,0,0,0,0,0,0,0,,,0,,0,0,0,0,41,108,0,0,0,5,-13.305333968893585,0,1,1,0,0,10,12,140,0,0,0,10,136,6,9.814723854260428,0,5,2,2,1,14.0,0.019769357495881382,0.002007628990162618,0.03105937653693591,0,0,0,0,0,0,0,0.0,0.0,0,0,0,0,0,0,0,0,1,0,0,0,0,0,0,0,0,0,0,0,0,0,7,126,0,0,0,0,,,0,0,0,0,0,0,0,0,0,0,0,0,,,,0,0,0,0,0,0,0,,0,0,0,0,,0,0,,0,0,0,0,0,0,0,0,0,0,24.8,34.8
00-0035629,J.Williams,Jonah Williams,OT,OL,"https://static.www.nfl.com/image/upload/f_auto,q_auto/league/ton1hb2fidrdk6zv8erf",2023,REG,CIN,3,0,0,0,0,0,0,0,0,0,0,0,0,,,0,,0,0,0,0,0,0,0,0,0,0,,0,0,0,0,0,0,0,0,0,0,0,0,0,0,,0,0,0,0,0,,0.0,0.0,0.0,0,0,0,0,0,0,0,0.0,0.0,0,0,0,0,0,0,0,0,1,0,0,0,0,3,25,0,0,0,0,0,0,0,0,0,0,0,0,0,,,0,0,0,0,0,0,0,0,0,0,0,0,,,,0,0,0,0,0,0,0,,0,0,0,0,,0,0,,0,0,0,0,0,0,0,0,0,0,0.0,0.0
00-0035630,C.Lindstrom,Chris Lindstrom,G,OL,"https://static.www.nfl.com/image/upload/f_auto,q_auto/league/siocu1rimlusd0x8ut1w",2023,REG,ATL,5,0,0,0,0,0,0,0,0,0,0,0,0,,,0,,0,0,0,0,0,0,0,0,0,0,,0,0,0,0,0,0,0,0,0,0,0,0,0,0,,0,0,0,0,0,,0.0,0.0,0.0,0,0,0,1,0,0,0,0.0,0.0,0,0,0,0,0,0,0,0,0,0,0,0,0,5,35,0,0,0,0,0,0,0,0,0,0,0,0,0,,,0,0,0,0,0,0,0,0,0,0,0,0,,,,0,0,0,0,0,0,0,,0,0,0,0,,0,0,,0,0,0,0,0,0,0,0,0,0,0.0,0.0
00-0035631,D.Sample,Drew Sample,TE,TE,"https://static.www.nfl.com/image/upload/f_auto,q_auto/league/dvq8fanrbrpfgf2j3kpm",2023,REG,CIN,14,0,0,0,0,0,0,0,0,0,0,0,0,,,0,,0,0,0,0,0,0,0,0,0,0,,0,0,0,0,0,22,27,163,2,0,0,29,173,9,0.49605048436135624,0,7,2,1,0,5.620689655172414,0.04560810810810811,0.007478081485301702,0.07364681920187335,0,0,0,1,0,0,0,0.0,0.0,0,0,0,0,0,0,0,0,0,0,0,0,0,0,0,0,0,0,0,0,0,0,0,0,0,0,0,0,,,0,0,0,0,0,0,0,0,0,0,0,0,,,,0,0,0,0,0,0,0,,0,0,0,0,,0,0,,0,0,0,0,0,0,0,0,0,0,28.3,50.3
00-0035632,A.Hooker,Amani Hooker,SAF,DB,"https://static.www.nfl.com/image/upload/f_auto,q_auto/league/u9zrvmlfnvzmgttdcsn6",2023,REG,TEN,13,0,0,0,0,0,0,0,0,0,0,0,0,,,0,,0,0,0,0,1,2,0,0,0,1,2.1579331944230944,0,0,0,0,0,0,0,0,0,0,0,0,0,0,,0,0,0,0,0,,0.0,0.0,0.0,0,65,4,16,3,6,1,0.0,0.0,0,1,10,7,0,0,0,11,0,0,1,0,0,0,0,0,0,0,0,0,0,0,0,0,0,0,0,0,,,0,0,0,0,0,0,0,0,0,0,0,0,,,,0,0,0,0,0,0,0,,0,0,0,0,,0,0,,0,0,0,0,0,0,0,0,0,0,0.2,0.2
00-0035633,C.Ballentine,Corey Ballentine,DB,DB,"https://static.www.nfl.com/image/upload/f_auto,q_auto/league/p1pbz0j3iviqhqtltudy",2023,REG,GB,12,0,0,0,0,0,0,0,0,0,0,0,0,,,0,,0,0,0,0,0,0,0,0,0,0,,0,0,0,0,0,0,0,0,0,0,0,0,0,0,,0,0,0,0,0,,0.0,0.0,0.0,0,25,3,15,0,0,0,0.0,0.0,0,1,0,7,0,0,0,0,0,0,0,0,0,3,33,0,0,0,0,0,0,0,0,0,0,0,0,0,,,0,0,0,0,0,0,0,0,0,0,0,0,,,,0,0,0,0,0,0,0,,0,0,0,0,,0,0,,0,0,0,0,0,0,0,0,0,0,0.0,0.0
00-0035636,L.Collier,L.J. Collier,DE,DL,"https://static.www.nfl.com/image/private/f_auto,q_auto/league/i39nt3smr30rgznvlal3",2023,REG,ARI,1,0,0,0,0,0,0,0,0,0,0,0,0,,,0,,0,0,0,0,0,0,0,0,0,0,,0,0,0,0,0,0,0,0,0,0,0,0,0,0,,0,0,0,0,0,,0.0,0.0,0.0,0,2,0,0,0,0,0,0.0,0.0,0,0,0,0,0,0,0,0,0,0,0,0,0,0,0,0,0,0,0,0,0,0,0,0,0,0,0,0,,,0,0,0,0,0,0,0,0,0,0,0,0,,,,0,0,0,0,0,0,0,,0,0,0,0,,0,0,,0,0,0,0,0,0,0,0,0,0,0.0,0.0
00-0035637,R.Ya-Sin,Rock Ya-Sin,CB,DB,"https://static.www.nfl.com/image/upload/f_auto,q_auto/league/ezahxzran7e2ohnmtndh",2023,REG,BAL,9,0,0,0,0,0,0,0,0,0,0,0,0,,,0,,0,0,0,0,0,0,0,0,0,0,,0,0,0,0,0,0,0,0,0,0,0,0,0,0,,0,0,0,0,0,,0.0,0.0,0.0,0,9,0,4,0,0,0,0.0,0.0,0,0,0,2,0,0,0,0,0,0,0,0,0,3,58,0,0,0,0,0,0,0,0,0,0,0,0,0,,,0,0,0,0,0,0,0,0,0,0,0,0,,,,0,0,0,0,0,0,0,,0,0,0,0,,0,0,,0,0,0,0,0,0,0,0,0,0,0.0,0.0
00-0035639,P.Campbell,Parris Campbell,WR,WR,"https://static.www.nfl.com/image/upload/f_auto,q_auto/league/pmb3ypquiy5a2qzzmio4",2023,REG,NYG,10,0,0,0,0,0,1,-8,0,0,0,0,0,-1.5267874808050692,,0,,0,0,0,0,0,0,0,0,0,0,,0,0,0,0,0,20,27,104,0,0,0,91,65,2,-22.297170607696668,0,2,1,0,0,1.1428571428571428,0.05567010309278351,0.02403592181722134,0.1003302999112302,0,0,0,0,0,0,0,0.0,0.0,0,0,0,0,0,0,0,0,1,-2,0,0,0,1,5,0,0,0,0,0,0,0,8,191,0,0,0,0,,,0,0,0,0,0,0,0,0,0,0,0,0,,,,0,0,0,0,0,0,0,,0,0,0,0,,0,0,,0,0,0,0,0,0,0,0,0,0,10.4,30.4
00-0035640,D.Metcalf,DK Metcalf,WR,WR,"https://static.www.nfl.com/image/upload/f_auto,q_auto/league/tknefloqsleltfmslj2y",2023,REG,SEA,16,0,0,0,0,0,0,0,0,0,0,0,0,,,0,,0,0,0,0,0,0,0,0,0,0,,0,0,0,0,0,66,119,1114,8,0,0,1529,367,52,42.64521705119913,0,43,28,19,4,0.7285807717462394,0.21755027422303475,0.3710264498908032,0.5860439262581143,0,2,0,0,0,0,0,0.0,0.0,0,0,0,0,0,0,0,0,0,0,0,0,0,5,65,0,0,0,0,0,0,0,0,0,0,0,0,0,,,0,0,0,0,0,0,0,0,0,0,0,0,,,,0,0,0,0,0,0,0,,0,0,0,0,,0,0,,0,0,0,0,0,0,0,0,0,0,159.4,225.4
00-0035642,J.Allen,Josh Hines-Allen,DE,DL,"https://static.www.nfl.com/image/upload/f_auto,q_auto/league/frooc3vy4adlwpkdnyks",2023,REG,JAX,17,0,0,0,0,0,0,0,0,0,0,0,0,,,0,,0,0,0,0,0,0,0,0,0,0,,0,0,0,0,0,0,0,0,0,0,0,0,0,0,,0,0,0,0,0,,0.0,0.0,0.0,0,37,6,23,16,109,2,17.5,126.5,33,1,8,1,0,0,0,0,0,0,0,0,0,1,9,0,0,0,0,0,0,0,0,0,0,0,0,0,,,0,0,0,0,0,0,0,0,0,0,0,0,,,,0,0,0,0,0,0,0,,0,0,0,0,,0,0,,0,0,0,0,0,0,0,0,0,0,0.0,0.0
00-0035643,J.Simmons,Jeffery Simmons,DT,DL,"https://static.www.nfl.com/image/upload/f_auto,q_auto/league/gi2z8wipg8w9vnxwbav0",2023,REG,TEN,12,0,0,0,0,0,0,0,0,0,0,0,0,,,0,,0,0,0,0,0,0,0,0,0,0,,0,0,0,0,0,1,1,2,1,0,0,2,0,1,1.1588937113410793,0,0,0,0,0,1.0,0.0020920502092050207,0.0004377325454147516,0.0034444880955978568,0,23,7,14,9,42,1,5.5,37.0,11,0,0,1,0,0,0,0,0,0,1,2,0,4,44,0,0,0,0,0,0,0,0,0,0,0,0,0,,,0,0,0,0,0,0,0,0,0,0,0,0,,,,0,0,0,0,0,0,0,,0,0,0,0,,0,0,,0,0,0,0,0,0,0,0,0,0,6.2,7.2
00-0035644,N.Fant,Noah Fant,TE,TE,"https://static.www.nfl.com/image/upload/f_auto,q_auto/league/s4idwk38z6bin9lnnw9f",2023,REG,SEA,15,0,0,0,0,0,0,0,0,0,0,0,0,,,0,,0,0,0,0,0,0,0,0,0,0,,0,0,0,0,0,32,43,414,0,0,0,298,177,16,11.724469571432564,0,15,9,7,1,1.389261744966443,0.07861060329067641,0.07231254549866538,0.16853468678508038,0,0,0,0,0,0,0,0.0,0.0,0,0,0,0,0,0,0,0,0,0,0,0,0,3,13,0,0,0,0,0,0,0,0,0,0,0,0,0,,,0,0,0,0,0,0,0,0,0,0,0,0,,,,0,0,0,0,0,0,0,,0,0,0,0,,0,0,,0,0,0,0,0,0,0,0,0,0,41.400000000000006,73.4
00-0035645,G.Olszewski,Gunner Olszewski,WR,WR,"https://static.www.nfl.com/image/upload/f_auto,q_auto/league/q6fs5e2eotgeh47xeo74",2023,REG,NYG,12,0,0,0,0,0,0,0,0,0,0,0,0,,,0,,0,0,0,0,0,0,0,0,0,0,,0,0,0,0,0,1,1,0,0,1,1,-1,0,0,-6.185572614893317,0,0,0,0,0,0.0,0.002066115702479339,-0.0002642007926023778,0.002914232998897344,1,1,0,0,0,0,0,0.0,0.0,0,0,0,0,0,3,0,0,1,0,0,0,0,0,0,4,0,1,4,2,24,281,2,24,0,0,0,0,,,0,0,0,0,0,0,0,0,0,0,0,0,,,,0,0,0,0,0,0,0,,0,0,0,0,,0,0,,0,0,0,0,0,0,0,0,0,0,4.0,5.0
00-0035646,S.Takitaki,Sione Takitaki,LB,LB,"https://static.www.nfl.com/image/upload/f_auto,q_auto/league/mx5kjkwhlgzbuhagmsb7",2023,REG,CLE,14,0,0,0,0,0,0,0,0,0,0,0,0,,,0,,0,0,0,0,0,0,0,0,0,0,,0,0,0,0,0,0,0,0,0,0,0,0,0,0,,0,0,0,0,0,,0.0,0.0,0.0,0,37,8,21,3,17,0,2.0,11.0,3,1,0,3,0,0,0,0,0,0,0,0,0,0,0,0,0,0,0,0,0,0,0,0,0,0,0,0,,,0,0,0,0,0,0,0,0,0,0,0,0,,,,0,0,0,0,0,0,0,,0,0,0,0,,0,0,,0,0,0,0,0,0,0,0,0,0,0.0,0.0
00-0035647,M.Sweat,Montez Sweat,DE,DL,"https://static.www.nfl.com/image/upload/f_auto,q_auto/league/lmaq9dyixaolzxleqb5e",2023,REG,CHI,17,0,0,0,0,0,0,0,0,0,0,0,0,,,0,,0,0,0,0,0,0,0,0,0,0,,0,0,0,0,0,0,0,0,0,0,0,0,0,0,,0,0,0,0,0,,0.0,0.0,0.0,0,32,6,19,11,50,3,12.5,78.5,25,0,0,4,0,0,0,0,0,0,0,0,0,1,1,0,0,0,0,0,0,0,0,0,0,0,0,0,,,0,0,0,0,0,0,0,0,0,0,0,0,,,,0,0,0,0,0,0,0,,0,0,0,0,,0,0,,0,0,0,0,0,0,0,0,0,0,0.0,0.0
00-0035649,N.Davis,Nate Davis,G,OL,"https://static.www.nfl.com/image/upload/f_auto,q_auto/league/ofywu3qirqwt0zsf2hl1",2023,REG,CHI,1,0,0,0,0,0,0,0,0,0,0,0,0,,,0,,0,0,0,0,0,0,0,0,0,0,,0,0,0,0,0,0,0,0,0,0,0,0,0,0,,0,0,0,0,0,,0.0,0.0,0.0,0,0,0,0,0,0,0,0.0,0.0,0,0,0,0,0,0,0,0,0,0,0,0,0,1,5,0,0,0,0,0,0,0,0,0,0,0,0,0,,,0,0,0,0,0,0,0,0,0,0,0,0,,,,0,0,0,0,0,0,0,,0,0,0,0,,0,0,,0,0,0,0,0,0,0,0,0,0,0.0,0.0
00-0035654,C.Winovich,Chase Winovich,DE,DL,"https://static.www.nfl.com/image/private/f_auto,q_auto/league/pbnpzaqm5bba9dfrtmis",2023,REG,MIA,1,0,0,0,0,0,0,0,0,0,0,0,0,,,0,,0,0,0,0,0,0,0,0,0,0,,0,0,0,0,0,0,0,0,0,0,0,0,0,0,,0,0,0,0,0,,0.0,0.0,0.0,0,1,0,1,0,0,0,0.0,0.0,0,0,0,0,0,0,0,0,0,0,0,0,0,0,0,0,0,0,0,0,0,0,0,0,0,0,0,0,,,0,0,0,0,0,0,0,0,0,0,0,0,,,,0,0,0,0,0,0,0,,0,0,0,0,,0,0,,0,0,0,0,0,0,0,0,0,0,0.0,0.0
00-0035655,W.Harris,Will Harris,SAF,DB,"https://static.www.nfl.com/image/upload/f_auto,q_auto/league/u5dy7qow1rg8c8768koq",2023,REG,DET,7,0,0,0,0,0,0,0,0,0,0,0,0,,,0,,0,0,0,0,0,0,0,0,0,0,,0,0,0,0,0,0,0,0,0,0,0,0,0,0,,0,0,0,0,0,,0.0,0.0,0.0,0,10,2,6,1,1,0,0.0,0.0,1,1,0,2,0,0,0,0,0,0,1,3,0,4,30,0,0,0,0,0,0,0,0,0,0,0,0,0,,,0,0,0,0,0,0,0,0,0,0,0,0,,,,0,0,0,0,0,0,0,,0,0,0,0,,0,0,,0,0,0,0,0,0,0,0,0,0,0.0,0.0
00-0035656,K.Saunders,Khalen Saunders,DT,DL,"https://static.www.nfl.com/image/upload/f_auto,q_auto/league/ory67tgth5h9zjiriihh",2023,REG,NO,16,0,0,0,0,0,0,0,0,0,0,0,0,,,0,,0,0,0,0,0,0,0,0,0,0,,0,0,0,0,0,0,0,0,0,0,0,0,0,0,,0,0,0,0,0,,0.0,0.0,0.0,0,19,5,33,1,1,0,0.0,0.0,2,0,0,1,0,0,0,0,0,0,0,0,0,0,0,0,0,0,0,0,0,0,0,0,0,0,0,0,,,0,0,0,0,0,0,0,0,0,0,0,0,,,,0,0,0,0,0,0,0,,0,0,0,0,,0,0,,0,0,0,0,0,0,0,0,0,0,0.0,0.0
00-0035657,D.Harris,Damien Harris,RB,RB,"https://static.www.nfl.com/image/private/f_auto,q_auto/league/s0cagglk6qh9ciuddjmu",2023,REG,BUF,6,0,0,0,0,0,0,0,0,0,0,0,0,,,0,,0,0,0,0,23,94,1,0,0,9,2.174260497908108,0,1,0,0,0,2,2,16,0,0,0,0,16,0,0.5349582841505538,0,1,0,0,0,0.0,0.003669724770642202,0.0,0.005504587155963303,0,0,0,0,0,0,0,0.0,0.0,0,0,0,0,0,0,0,0,0,0,0,0,0,0,0,0,0,0,0,0,0,0,1,41,0,0,0,0,,,0,0,0,0,0,0,0,0,0,0,0,0,,,,0,0,0,0,0,0,0,,0,0,0,0,,0,0,,0,0,0,0,0,0,0,0,0,0,17.0,19.0
00-0035659,T.McLaurin,Terry McLaurin,WR,WR,"https://static.www.nfl.com/image/upload/f_auto,q_auto/league/wokz1etv1wj1vhbmvxgs",2023,REG,WAS,17,0,0,0,0,0,0,0,0,0,0,0,0,,,0,,0,0,0,0,0,0,0,0,0,0,,0,0,0,0,0,79,132,1002,4,0,0,1514,350,47,9.272234423388017,0,41,22,15,2,0.6618229854689565,0.21963394342762063,0.31760016782043216,0.5517710326157335,0,5,0,0,0,0,0,0.0,0.0,0,0,0,0,0,0,0,0,1,0,0,0,1,0,0,0,0,0,0,0,0,0,0,0,0,0,0,0,,,0,0,0,0,0,0,0,0,0,0,0,0,,,,0,0,0,0,0,0,0,,0,0,0,0,,0,0,,0,0,0,0,0,0,0,0,0,0,124.2,203.2
00-0035662,M.Brown,Marquise Brown,WR,WR,"https://static.www.nfl.com/image/upload/f_auto,q_auto/league/ixuddegcphzmvjn4jq6r",2023,REG,ARI,13,0,0,0,0,0,0,0,0,0,0,0,0,,,0,,0,0,0,0,2,23,0,0,0,1,0.8507425158750266,0,1,1,1,0,51,101,574,4,0,0,1186,164,32,-7.5753404949496375,0,26,12,8,1,0.4839797639123103,0.18703703703703703,0.28332537028189203,0.47888331475287993,0,2,0,0,0,0,0,0.0,0.0,0,0,0,0,0,0,0,0,0,0,0,0,0,3,30,0,0,0,0,0,0,0,0,0,0,0,0,0,,,0,0,0,0,0,0,0,0,0,0,0,0,,,,0,0,0,0,0,0,0,,0,0,0,0,,0,0,,0,0,0,0,0,0,0,0,0,0,83.7,134.7
00-0035663,T.Rapp,Taylor Rapp,SAF,DB,"https://static.www.nfl.com/image/upload/f_auto,q_auto/league/olasn9vezmd1uvomkpws",2023,REG,BUF,14,0,0,0,0,0,0,0,0,0,0,0,0,,,0,,0,0,0,0,0,0,0,0,0,0,,0,0,0,0,0,0,0,0,0,0,0,0,0,0,,0,0,0,0,0,,0.0,0.0,0.0,0,27,6,17,1,3,0,0.5,3.0,1,1,0,2,0,0,0,0,0,0,1,6,0,2,36,0,0,0,0,0,0,0,0,0,0,0,0,0,,,0,0,0,0,0,0,0,0,0,0,0,0,,,,0,0,0,0,0,0,0,,0,0,0,0,,0,0,,0,0,0,0,0,0,0,0,0,0,0.0,0.0
00-0035664,D.Henderson,Darrell Henderson,RB,RB,"https://static.www.nfl.com/image/private/f_auto,q_auto/league/trvk8n0wjne7edxbajgw",2023,REG,LA,4,0,0,0,0,0,0,0,0,0,0,0,0,,,0,,0,0,0,0,46,112,2,0,0,5,-11.78632313356502,0,1,1,0,0,10,14,103,0,0,0,-9,134,3,-0.9223941469591059,0,4,1,1,0,-11.444444444444445,0.025225225225225224,-0.0019968937208786333,0.036440012233222796,0,0,0,0,0,0,0,0.0,0.0,0,0,0,0,0,0,0,0,0,0,0,0,0,0,0,0,0,0,0,0,0,0,0,0,0,0,0,0,,,0,0,0,0,0,0,0,0,0,0,0,0,,,,0,0,0,0,0,0,0,,0,0,0,0,,0,0,,0,0,0,0,0,0,0,0,0,0,33.5,43.5
00-0035665,D.Long,David Long,DB,DB,"https://static.www.nfl.com/image/upload/f_auto,q_auto/league/rwpmkpja2y5nhokh5utb",2023,REG,CAR,5,0,0,0,0,0,0,0,0,0,0,0,0,,,0,,0,0,0,0,0,0,0,0,0,0,,0,0,0,0,0,0,0,0,0,0,0,0,0,0,,0,0,0,0,0,,0.0,0.0,0.0,0,12,3,4,0,0,0,0.0,0.0,0,0,0,1,0,0,0,0,0,0,0,0,0,1,5,0,0,0,0,0,0,0,0,0,0,0,0,0,,,0,0,0,0,0,0,0,0,0,0,0,0,,,,0,0,0,0,0,0,0,,0,0,0,0,,0,0,,0,0,0,0,0,0,0,0,0,0,0.0,0.0
00-0035667,G.Gaines,Greg Gaines,DT,DL,"https://static.www.nfl.com/image/upload/f_auto,q_auto/league/zo3aqstf8ng4tju17tid",2023,REG,TB,13,0,0,0,0,0,0,0,0,0,0,0,0,,,0,,0,0,0,0,0,0,0,0,0,0,,0,0,0,0,0,0,0,0,0,0,0,0,0,0,,0,0,0,0,0,,0.0,0.0,0.0,0,4,3,17,0,0,0,1.0,0.0,5,0,0,0,0,0,0,0,0,0,1,0,0,1,5,0,0,0,0,0,0,0,0,0,0,0,0,0,,,0,0,0,0,0,0,0,0,0,0,0,0,,,,0,0,0,0,0,0,0,,0,0,0,0,,0,0,,0,0,0,0,0,0,0,0,0,0,0.0,0.0
00-0035668,D.Edwards,David Edwards,OT,OL,"https://static.www.nfl.com/image/upload/f_auto,q_auto/league/bqypawezfqwbjzic4qty",2023,REG,BUF,1,0,0,0,0,0,0,0,0,0,0,0,0,,,0,,0,0,0,0,0,0,0,0,0,0,,0,0,0,0,0,0,0,0,0,0,0,0,0,0,,0,0,0,0,0,,0.0,0.0,0.0,0,0,0,0,0,0,0,0.0,0.0,0,0,0,0,0,0,0,0,0,0,0,0,0,1,5,0,0,0,0,0,0,0,0,0,0,0,0,0,,,0,0,0,0,0,0,0,0,0,0,0,0,,,,0,0,0,0,0,0,0,,0,0,0,0,,0,0,,0,0,0,0,0,0,0,0,0,0,0.0,0.0
00-0035669,N.Scott,Nick Scott,SAF,DB,"https://static.www.nfl.com/image/upload/f_auto,q_auto/league/cjfueipnys7gl5bby6gc",2023,REG,CIN,14,0,0,0,0,0,0,0,0,0,0,0,0,,,0,,0,0,0,0,0,0,0,0,0,0,,0,0,0,0,0,0,0,0,0,0,0,0,0,0,,0,0,0,0,0,,0.0,0.0,0.0,0,25,10,22,0,0,0,0.0,0.0,1,0,0,0,0,0,0,0,0,0,1,0,0,1,2,0,0,0,0,0,0,0,0,0,0,0,0,0,,,0,0,0,0,0,0,0,0,0,0,0,0,,,,0,0,0,0,0,0,0,,0,0,0,0,,0,0,,0,0,0,0,0,0,0,0,0,0,0.0,0.0
00-0035672,C.Barton,Cody Barton,LB,LB,"https://static.www.nfl.com/image/upload/f_auto,q_auto/league/wbbjzgrgoi4nbgyqmjcs",2023,REG,WAS,13,0,0,0,0,0,0,0,0,0,0,0,0,,,0,,0,0,0,0,0,0,0,0,0,0,,0,0,0,0,0,0,0,0,0,0,0,0,0,0,,0,0,0,0,0,,0.0,0.0,0.0,0,49,18,54,2,7,0,0.0,0.0,2,1,52,1,0,0,0,0,0,0,1,5,0,3,45,0,0,0,0,0,0,0,0,0,0,0,0,0,,,0,0,0,0,0,0,0,0,0,0,0,0,,,,0,0,0,0,0,0,0,,0,0,0,0,,0,0,,0,0,0,0,0,0,0,0,0,0,0.0,0.0
00-0035674,J.Tillery,Jerry Tillery,DT,DL,"https://static.www.nfl.com/image/upload/f_auto,q_auto/league/hyof95ttrz9czoqaxac7",2023,REG,LV,15,0,0,0,0,0,0,0,0,0,0,0,0,,,0,,0,0,0,0,0,0,0,0,0,0,,0,0,0,0,0,0,0,0,0,0,0,0,0,0,,0,0,0,0,0,,0.0,0.0,0.0,0,9,2,20,2,11,0,2.0,11.0,6,0,0,0,0,0,0,0,0,0,1,0,0,2,20,0,0,0,0,0,0,0,0,0,0,0,0,0,,,0,0,0,0,0,0,0,0,0,0,0,0,,,,0,0,0,0,0,0,0,,0,0,0,0,,0,0,,0,0,0,0,0,0,0,0,0,0,0.0,0.0
00-0035676,A.Brown,A.J. Brown,WR,WR,"https://static.www.nfl.com/image/private/f_auto,q_auto/league/a014sgzctarbvhwb35lw",2023,REG,PHI,17,0,0,0,0,0,0,0,0,0,0,0,0,,,0,,0,0,0,0,0,0,0,0,0,0,,0,0,0,0,0,106,158,1456,7,2,2,1853,473,70,65.87283749351664,0,62,29,21,3,0.7857528332433891,0.30095238095238097,0.3825350949628406,0.7192031379025599,0,1,0,0,0,0,0,0.0,0.0,0,0,0,0,0,0,0,0,0,0,0,0,0,2,25,2,0,0,2,2,0,0,0,0,0,0,0,0,,,0,0,0,0,0,0,0,0,0,0,0,0,,,,0,0,0,0,0,0,0,,0,0,0,0,,0,0,,0,0,0,0,0,0,0,0,0,0,183.6,289.6
00-0035678,D.Jones,Dre'Mont Jones,DE,DL,"https://static.www.nfl.com/image/upload/f_auto,q_auto/league/tfkjcyycf2wcwb87ddjw",2023,REG,SEA,17,0,0,0,0,0,0,0,0,0,0,0,0,,,0,,0,0,0,0,0,0,0,0,0,0,,0,0,0,0,0,0,0,0,0,0,0,0,0,0,,0,0,0,0,0,,0.0,0.0,0.0,0,18,8,23,3,20,0,4.5,23.0,12,0,0,0,0,0,0,0,0,0,0,0,0,3,16,0,0,0,0,0,0,0,0,0,0,0,0,0,,,0,0,0,0,0,0,0,0,0,0,0,0,,,,0,0,0,0,0,0,0,,0,0,0,0,,0,0,,0,0,0,0,0,0,0,0,0,0,0.0,0.0
00-0035679,C.McGovern,Connor McGovern,G,OL,"https://static.www.nfl.com/image/upload/f_auto,q_auto/league/ahtkw1j1fygkhnbzv5ax",2023,REG,BUF,5,0,0,0,0,0,0,0,0,0,0,0,0,,,0,,0,0,0,0,0,0,0,0,0,0,,0,0,0,0,0,0,0,0,0,0,0,0,0,0,,0,0,0,0,0,,0.0,0.0,0.0,0,2,0,0,0,0,0,0.0,0.0,0,0,0,0,0,0,0,0,1,0,0,0,0,3,25,0,0,0,0,0,0,0,0,0,0,0,0,0,,,0,0,0,0,0,0,0,0,0,0,0,0,,,,0,0,0,0,0,0,0,,0,0,0,0,,0,0,,0,0,0,0,0,0,0,0,0,0,0.0,0.0
00-0035680,Qu.Williams,Quincy Williams,LB,LB,"https://static.www.nfl.com/image/upload/f_auto,q_auto/league/ukxxxlah4iappss0ro9e",2023,REG,NYJ,17,0,0,0,0,0,0,0,0,0,0,0,0,,,0,,0,0,0,0,0,0,0,0,0,0,,0,0,0,0,0,0,0,0,0,0,0,0,0,0,,0,0,0,0,0,,0.0,0.0,0.0,0,79,16,44,12,41,2,2.0,10.0,4,1,11,10,0,0,0,0,0,0,1,0,0,4,51,0,0,0,0,0,0,0,0,0,0,0,0,0,,,0,0,0,0,0,0,0,0,0,0,0,0,,,,0,0,0,0,0,0,0,,0,0,0,0,,0,0,,0,0,0,0,0,0,0,0,0,0,0.0,0.0
00-0035681,M.Edwards,Mike Edwards,SAF,DB,"https://static.www.nfl.com/image/upload/f_auto,q_auto/league/bk3iu3ki1uhkalg3dt28",2023,REG,KC,17,0,0,0,0,0,0,0,0,0,0,0,0,,,0,,0,0,0,0,0,0,0,0,0,0,,0,0,0,0,0,0,0,0,0,0,0,0,0,0,,0,0,0,0,0,,0.0,0.0,0.0,0,29,3,19,1,10,0,1.0,10.0,1,1,16,5,0,0,0,0,0,0,2,101,1,1,11,0,0,0,0,0,0,0,0,0,0,0,0,0,,,0,0,0,0,0,0,0,0,0,0,0,0,,,,0,0,0,0,0,0,0,,0,0,0,0,,0,0,,0,0,0,0,0,0,0,0,0,0,0.0,0.0
00-0035683,D.Lawrence,Dexter Lawrence,DT,DL,"https://static.www.nfl.com/image/upload/f_auto,q_auto/league/t204hku4pnzartvixi2m",2023,REG,NYG,16,0,0,0,0,0,0,0,0,0,0,0,0,,,0,,0,0,0,0,0,0,0,0,0,0,,0,0,0,0,0,0,0,0,0,0,0,0,0,0,,0,0,0,0,0,,0.0,0.0,0.0,0,27,5,21,6,47,0,4.5,36.5,21,0,0,2,0,0,0,0,0,0,0,0,0,0,0,0,0,0,0,0,0,0,0,0,0,0,0,0,,,0,0,0,0,0,0,0,0,0,0,0,0,,,,0,0,0,0,0,0,0,,0,0,0,0,,0,0,,0,0,0,0,0,0,0,0,0,0,0.0,0.0
00-0035685,D.Montgomery,David Montgomery,RB,RB,"https://static.www.nfl.com/image/upload/f_auto,q_auto/league/xeb6fq4zimgkksq7uari",2023,REG,DET,14,0,0,0,0,0,0,0,0,0,0,0,0,,,0,,0,0,0,0,219,1015,13,2,1,59,10.28340074429789,1,22,15,4,2,16,24,117,0,0,0,-19,149,7,-8.179863842146005,0,5,1,0,0,-6.157894736842105,0.041811846689895474,-0.00465002447381302,0.059462752903174106,0,1,0,0,0,0,0,0.0,0.0,0,0,0,0,0,0,0,0,1,0,0,0,0,1,12,2,0,0,2,1,0,0,0,0,0,0,0,0,,,0,0,0,0,0,0,0,0,0,0,0,0,,,,0,0,0,0,0,0,0,,0,0,0,0,,0,0,,0,0,0,0,0,0,0,0,0,0,191.2,207.2
00-0035686,M.Deiter,Michael Deiter,C,OL,"https://static.www.nfl.com/image/upload/f_auto,q_auto/league/rr4ex2fuppsjfwga6t4z",2023,REG,HOU,4,0,0,0,0,0,0,0,0,0,0,0,0,,,0,,0,0,0,0,0,0,0,0,0,0,,0,0,0,0,0,0,0,0,0,0,0,0,0,0,,0,0,0,0,0,,0.0,0.0,0.0,0,0,0,0,0,0,0,0.0,0.0,0,0,0,0,0,0,0,0,0,0,0,0,0,4,40,0,0,0,0,0,0,0,0,0,0,0,0,0,,,0,0,0,0,0,0,0,0,0,0,0,0,,,,0,0,0,0,0,0,0,,0,0,0,0,,0,0,,0,0,0,0,0,0,0,0,0,0,0.0,0.0
00-0035687,B.Okereke,Bobby Okereke,ILB,LB,"https://static.www.nfl.com/image/upload/f_auto,q_auto/league/q5gc9nwmikqcyza7m3ku",2023,REG,NYG,17,0,0,0,0,0,0,0,0,0,0,0,0,,,0,,0,0,0,0,0,0,0,0,0,0,,0,0,0,0,0,0,0,0,0,0,0,0,0,0,,0,0,0,0,0,,0.0,0.0,0.0,0,84,8,57,8,26,4,2.5,23.0,6,2,62,10,0,0,0,0,0,0,0,0,0,6,49,0,0,0,0,0,0,0,0,0,0,0,0,0,,,0,0,0,0,0,0,0,0,0,0,0,0,,,,0,0,0,0,0,0,0,,0,0,0,0,,0,0,,0,0,0,0,0,0,0,0,0,0,0.0,0.0
00-0035688,T.Pipkins,Trey Pipkins,OT,OL,"https://static.www.nfl.com/image/upload/f_auto,q_auto/league/nhze2mywnxrcmwyck0x4",2023,REG,LAC,6,0,0,0,0,0,0,0,0,0,0,0,0,,,0,,0,0,0,0,0,0,0,0,0,0,,0,0,0,0,0,0,0,0,0,0,0,0,0,0,1.053,1,0,0,0,0,,0.0,0.0,0.0,0,1,0,0,0,0,0,0.0,0.0,0,0,0,0,0,0,0,0,0,0,0,0,0,5,35,0,0,0,0,0,0,0,0,0,0,0,0,0,,,0,0,0,0,0,0,0,0,0,0,0,0,,,,0,0,0,0,0,0,0,,0,0,0,0,,0,0,,0,0,0,0,0,0,0,0,0,0,2.0,2.0
00-0035689,D.Knox,Dawson Knox,TE,TE,"https://static.www.nfl.com/image/upload/f_auto,q_auto/league/mswln16dmfhi7m7pzh7q",2023,REG,BUF,10,0,0,0,0,0,0,0,0,0,0,0,0,,,0,,0,0,0,0,0,0,0,0,0,0,,0,0,0,0,0,22,36,186,2,0,0,253,96,13,-11.334975567462825,1,11,2,0,0,0.7351778656126482,0.06605504587155964,0.050378335324571887,0.13434740353453978,0,0,0,0,0,0,0,0.0,0.0,0,0,0,0,0,0,0,0,0,0,0,0,0,4,30,0,0,0,0,0,0,0,0,0,0,0,0,0,,,0,0,0,0,0,0,0,0,0,0,0,0,,,,0,0,0,0,0,0,0,,0,0,0,0,,0,0,,0,0,0,0,0,0,0,0,0,0,32.6,54.6
00-0035692,C.Ferrell,Clelin Ferrell,DE,DL,"https://static.www.nfl.com/image/upload/f_auto,q_auto/league/rit24n5qbvlrxdv6w9fq",2023,REG,SF,15,0,0,0,0,0,0,0,0,0,0,0,0,,,0,,0,0,0,0,0,0,0,0,0,0,,0,0,0,0,0,0,0,0,0,0,0,0,0,0,,0,0,0,0,0,,0.0,0.0,0.0,0,13,2,13,5,18,1,3.5,12.5,13,0,0,1,0,0,0,0,0,0,1,0,0,0,0,0,0,0,0,0,0,0,0,0,0,0,0,0,,,0,0,0,0,0,0,0,0,0,0,0,0,,,,0,0,0,0,0,0,0,,0,0,0,0,,0,0,,0,0,0,0,0,0,0,0,0,0,0.0,0.0
00-0035693,J.Abram,Johnathan Abram,DB,DB,"https://static.www.nfl.com/image/upload/f_auto,q_auto/league/d2zdaol75a3i4s2sdb4r",2023,REG,NO,7,0,0,0,0,0,0,0,0,0,0,0,0,,,0,,0,0,0,0,0,0,0,0,0,0,,0,0,0,0,0,0,0,0,0,0,0,0,0,0,,0,0,0,0,0,,0.0,0.0,0.0,0,14,0,12,1,1,1,0.0,0.0,0,1,0,1,0,0,0,0,0,0,0,0,0,0,0,0,0,0,0,0,0,0,0,0,0,0,0,0,,,0,0,0,0,0,0,0,0,0,0,0,0,,,,0,0,0,0,0,0,0,,0,0,0,0,,0,0,,0,0,0,0,0,0,0,0,0,0,0.0,0.0
00-0035696,D.Shelley,Duke Shelley,CB,DB,"https://static.www.nfl.com/image/upload/f_auto,q_auto/league/jmidsg7krhjba8rbvoha",2023,REG,LA,6,0,0,0,0,0,0,0,0,0,0,0,0,,,0,,0,0,0,0,0,0,0,0,0,0,,0,0,0,0,0,0,0,0,0,0,0,0,0,0,,0,0,0,0,0,,0.0,0.0,0.0,0,6,1,1,0,0,0,0.0,0.0,0,0,0,2,0,0,0,0,0,0,1,9,0,2,25,0,0,0,0,0,0,0,0,0,0,0,0,0,,,0,0,0,0,0,0,0,0,0,0,0,0,,,,0,0,0,0,0,0,0,,0,0,0,0,,0,0,,0,0,0,0,0,0,0,0,0,0,0.0,0.0
00-0035697,G.Pratt,Germaine Pratt,LB,LB,"https://static.www.nfl.com/image/upload/f_auto,q_auto/league/genaletbuldhonkf0zlc",2023,REG,CIN,17,0,0,0,0,0,0,0,0,0,0,0,0,,,0,,0,0,0,0,0,0,0,0,0,0,,0,0,0,0,0,0,0,0,0,0,0,0,0,0,,0,0,0,0,0,,0.0,0.0,0.0,0,49,14,55,4,13,2,2.0,11.5,3,2,9,3,0,0,0,0,0,0,0,0,0,1,5,0,0,0,0,0,0,0,0,0,0,0,0,0,,,0,0,0,0,0,0,0,0,0,0,0,0,,,,0,0,0,0,0,0,0,,0,0,0,0,,0,0,,0,0,0,0,0,0,0,0,0,0,0.0,0.0
00-0035698,C.Edoga,Chuma Edoga,OT,OL,"https://static.www.nfl.com/image/upload/f_auto,q_auto/league/cjz3anx4ehf8eny1p11v",2023,REG,DAL,3,0,0,0,0,0,0,0,0,0,0,0,0,,,0,,0,0,0,0,0,0,0,0,0,0,,0,0,0,0,0,0,0,0,0,0,0,0,0,0,,0,0,0,0,0,,0.0,0.0,0.0,0,0,0,0,0,0,0,0.0,0.0,0,0,0,0,0,0,0,0,0,0,0,0,0,3,20,0,0,0,0,0,0,0,0,0,0,0,0,0,,,0,0,0,0,0,0,0,0,0,0,0,0,,,,0,0,0,0,0,0,0,,0,0,0,0,,0,0,,0,0,0,0,0,0,0,0,0,0,0.0,0.0
00-0035699,J.Dean,Jamel Dean,CB,DB,"https://static.www.nfl.com/image/private/f_auto,q_auto/league/s0k1zs9nyl2cqsjwf5cs",2023,REG,TB,12,0,0,0,0,0,0,0,0,0,0,0,0,,,0,,0,0,0,0,0,0,0,0,0,0,,0,0,0,0,0,0,0,0,0,0,0,0,0,0,,0,0,0,0,0,,0.0,0.0,0.0,0,43,3,15,0,0,0,0.0,0.0,0,0,0,4,0,0,0,0,0,0,2,7,0,3,15,0,0,0,0,0,0,0,0,0,0,0,0,0,,,0,0,0,0,0,0,0,0,0,0,0,0,,,,0,0,0,0,0,0,0,,0,0,0,0,,0,0,,0,0,0,0,0,0,0,0,0,0,0.0,0.0
00-0035700,J.Jacobs,Josh Jacobs,RB,RB,"https://static.www.nfl.com/image/upload/f_auto,q_auto/league/drtobqw2mk7yw3edjgwo",2023,REG,LV,13,0,0,0,0,0,1,-4,0,0,0,0,0,-1.076406596112065,,0,,0,0,0,0,233,805,6,2,1,34,-44.319291594730835,0,9,6,3,2,37,54,296,0,1,0,38,293,15,-0.39654857995169746,0,13,3,1,0,7.7894736842105265,0.1016949152542373,0.008876430740481197,0.15875587439969277,0,2,0,0,0,0,0,0.0,0.0,0,0,0,0,0,0,0,0,0,0,0,0,0,2,6,3,0,1,3,1,0,0,0,0,0,0,0,0,,,0,0,0,0,0,0,0,0,0,0,0,0,,,,0,0,0,0,0,0,0,,0,0,0,0,,0,0,,0,0,0,0,0,0,0,0,0,0,144.10000000000002,181.10000000000002
00-0035702,D.Risner,Dalton Risner,G,OL,"https://static.www.nfl.com/image/upload/f_auto,q_auto/league/zjxm9sjrgpebfesh1b0h",2023,REG,MIN,4,0,0,0,0,0,0,0,0,0,0,0,0,,,0,,0,0,0,0,0,0,0,0,0,0,,0,0,0,0,0,0,0,0,0,0,0,0,0,0,,0,0,0,0,0,,0.0,0.0,0.0,0,2,0,0,0,0,0,0.0,0.0,0,0,0,0,0,0,0,0,0,0,0,0,0,2,14,0,0,0,0,0,0,0,0,0,0,0,0,0,,,0,0,0,0,0,0,0,0,0,0,0,0,,,,0,0,0,0,0,0,0,,0,0,0,0,,0,0,,0,0,0,0,0,0,0,0,0,0,0.0,0.0
00-0035703,M.Boykin,Miles Boykin,WR,WR,"https://static.www.nfl.com/image/upload/f_auto,q_auto/league/v83sulqxwqmk6sp9qnqr",2023,REG,PIT,8,0,0,0,0,0,0,0,0,0,0,0,0,,,0,,0,0,0,0,0,0,0,0,0,0,,0,0,0,0,0,3,4,17,0,0,0,19,2,0,-1.6712805205169134,0,0,0,0,0,0.8947368421052632,0.008264462809917356,0.005019815059445178,0.01591056475648766,0,4,0,1,0,0,0,0.0,0.0,0,0,0,0,0,0,0,0,0,0,0,0,0,1,10,0,0,0,0,0,0,0,0,0,0,0,0,0,,,0,0,0,0,0,0,0,0,0,0,0,0,,,,0,0,0,0,0,0,0,,0,0,0,0,,0,0,,0,0,0,0,0,0,0,0,0,0,1.7000000000000002,4.7
00-0035704,D.Lock,Drew Lock,QB,QB,"https://static.www.nfl.com/image/upload/f_auto,q_auto/league/e0xz0hu8s0lpbwlr0bzj",2023,REG,SEA,4,48,76,543,3,3,6,-26,0,0,621,305,20,-1.600722791097846,-5.0828388929367065,0,0.8743961352657005,19,12,10,1,5,14,0,0,0,1,-0.21092454198515043,0,1,0,0,0,0,0,0,0,0,0,0,0,0,,0,0,0,0,0,,0.0,0.0,0.0,0,0,0,0,0,0,0,0.0,0.0,0,0,0,0,0,0,0,0,0,0,0,0,0,2,14,0,0,0,0,0,0,0,0,0,0,0,0,0,,,0,0,0,0,0,0,0,0,0,0,0,0,,,,0,0,0,0,0,0,0,,0,0,0,0,,0,0,,0,0,0,0,0,0,0,0,0,0,29.119999999999997,29.119999999999997
00-0035705,J.Thompson,Jalen Thompson,DB,DB,"https://static.www.nfl.com/image/upload/f_auto,q_auto/league/gbb1sb2kkjlihuax2cud",2023,REG,ARI,15,0,0,0,0,0,0,0,0,0,0,0,0,,,0,,0,0,0,0,0,0,0,0,0,0,,0,0,0,0,0,0,0,0,0,0,0,0,0,0,,0,0,0,0,0,,0.0,0.0,0.0,0,52,7,19,5,15,1,1.0,9.0,3,4,49,9,0,0,0,0,0,0,0,0,0,3,40,0,0,0,0,0,0,0,0,0,0,0,0,0,,,0,0,0,0,0,0,0,0,0,0,0,0,,,,0,0,0,0,0,0,0,,0,0,0,0,,0,0,,0,0,0,0,0,0,0,0,0,0,0.0,0.0
00-0035707,D.White,Devin White,LB,LB,"https://static.www.nfl.com/image/upload/f_auto,q_auto/league/oqv87a7jn67zgnlplnbp",2023,REG,TB,14,0,0,0,0,0,0,0,0,0,0,0,0,,,0,,0,0,0,0,0,0,0,0,0,0,,0,0,0,0,0,0,0,0,0,0,0,0,0,0,,0,0,0,0,0,,0.0,0.0,0.0,0,37,12,34,5,21,0,2.5,19.0,9,2,36,6,0,0,0,0,0,0,0,0,0,1,15,0,0,0,0,0,0,0,0,0,0,0,0,0,,,0,0,0,0,0,0,0,0,0,0,0,0,,,,0,0,0,0,0,0,0,,0,0,0,0,,0,0,,0,0,0,0,0,0,0,0,0,0,0.0,0.0
00-0035708,O.Ximines,Oshane Ximines,LB,LB,"https://static.www.nfl.com/image/upload/f_auto,q_auto/league/lwucizbpvqrkpolyndj8",2023,REG,NYG,3,0,0,0,0,0,0,0,0,0,0,0,0,,,0,,0,0,0,0,0,0,0,0,0,0,,0,0,0,0,0,0,0,0,0,0,0,0,0,0,,0,0,0,0,0,,0.0,0.0,0.0,0,1,0,3,0,0,0,0.0,0.0,2,0,0,0,0,0,0,0,0,0,0,0,0,0,0,0,0,0,0,0,0,0,0,0,0,0,0,0,,,0,0,0,0,0,0,0,0,0,0,0,0,,,,0,0,0,0,0,0,0,,0,0,0,0,,0,0,,0,0,0,0,0,0,0,0,0,0,0.0,0.0
00-0035710,D.Jones,Daniel Jones,QB,QB,"https://static.www.nfl.com/image/upload/f_auto,q_auto/league/nhuiypfjzpkisxllinyv",2023,REG,NYG,6,108,160,909,2,6,30,-167,3,1,1096,440,43,-61.40200420571695,0.2796642628370547,0,0.8293795620437956,33,12,9,1,40,206,1,1,0,15,5.834527820233806,0,8,5,0,0,0,0,0,0,0,0,0,0,0,,0,0,0,0,0,,0.0,0.0,0.0,0,1,0,0,0,0,0,0.0,0.0,0,0,0,0,0,0,0,0,2,-2,0,0,0,0,0,3,1,0,4,1,0,0,0,0,0,0,0,0,,,0,0,0,0,0,0,0,0,0,0,0,0,,,,0,0,0,0,0,0,0,,0,0,0,0,,0,0,,0,0,0,0,0,0,0,0,0,0,56.96,56.96
00-0035713,B.Burns,Brian Burns,LB,LB,"https://static.www.nfl.com/image/upload/f_auto,q_auto/league/glmrmpqkmsc0jiyicmlg",2023,REG,CAR,16,0,0,0,0,0,0,0,0,0,0,0,0,,,0,,0,0,0,0,0,0,0,0,0,0,,0,0,0,0,0,0,0,0,0,0,0,0,0,0,,0,0,0,0,0,,0.0,0.0,0.0,0,25,7,18,13,74,1,8.0,56.0,18,0,0,2,0,0,0,0,0,0,1,0,0,4,50,0,0,0,0,0,0,0,0,0,0,0,0,0,,,0,0,0,0,0,0,0,0,0,0,0,0,,,,0,0,0,0,0,0,0,,0,0,0,0,,0,0,,0,0,0,0,0,0,0,0,0,0,0.0,0.0
00-0035715,D.Gore,Derrick Gore,RB,RB,"https://static.www.nfl.com/image/private/f_auto,q_auto/league/wk7zy3ceecze3ly0mj7c",2023,REG,WAS,3,0,0,0,0,0,0,0,0,0,0,0,0,,,0,,0,0,0,0,3,26,0,0,0,1,-1.323632001207443,0,1,1,1,0,0,0,0,0,0,0,0,0,0,,0,0,0,0,0,,0.0,0.0,0.0,0,0,0,1,0,0,0,0.0,0.0,0,0,0,0,0,0,0,0,0,0,0,0,0,0,0,0,0,0,0,0,0,0,0,0,0,0,0,0,,,0,0,0,0,0,0,0,0,0,0,0,0,,,,0,0,0,0,0,0,0,,0,0,0,0,,0,0,,0,0,0,0,0,0,0,0,0,0,2.6,2.6
00-0035717,N.Bosa,Nick Bosa,DE,DL,"https://static.www.nfl.com/image/upload/f_auto,q_auto/league/d41bo71xbojqb4picswi",2023,REG,SF,17,0,0,0,0,0,0,0,0,0,0,0,0,,,0,,0,0,0,0,0,0,0,0,0,0,,0,0,0,0,0,0,0,0,0,0,0,0,0,0,,0,0,0,0,0,,0.0,0.0,0.0,0,27,7,19,13,53,2,10.5,58.5,35,0,0,4,0,0,0,0,0,0,1,0,0,6,40,0,0,0,0,0,0,0,0,0,0,0,0,0,,,0,0,0,0,0,0,0,0,0,0,0,0,,,,0,0,0,0,0,0,0,,0,0,0,0,,0,0,,0,0,0,0,0,0,0,0,0,0,0.0,0.0
00-0035718,Q.Williams,Quinnen Williams,DT,DL,"https://static.www.nfl.com/image/upload/f_auto,q_auto/league/iag4dppbwkghvogebnpc",2023,REG,NYJ,17,0,0,0,0,0,0,0,0,0,0,0,0,,,0,,0,0,0,0,0,0,0,0,0,0,,0,0,0,0,0,0,0,0,0,0,0,0,0,0,,0,0,0,0,0,,0.0,0.0,0.0,0,32,7,23,10,53,1,5.5,45.0,20,1,7,3,0,0,0,0,0,0,1,0,0,3,35,0,0,0,0,0,0,0,0,0,0,0,0,0,,,0,0,0,0,0,0,0,0,0,0,0,0,,,,0,0,0,0,0,0,0,,0,0,0,0,,0,0,,0,0,0,0,0,0,0,0,0,0,0.0,0.0
00-0035719,D.Samuel,Deebo Samuel Sr.,WR,WR,"https://static.www.nfl.com/image/upload/f_auto,q_auto/league/ntgyhqg6hq7fanhhsqiw",2023,REG,SF,15,0,1,0,0,0,0,0,0,0,11,0,0,-0.4431877873139456,,0,0.0,0,0,0,0,37,225,5,0,0,13,10.294309177160946,0,11,6,1,0,60,89,892,7,1,0,586,527,34,40.88798277876375,0,32,19,15,6,1.522184300341297,0.18895966029723993,0.14584370333499252,0.38553008278035467,0,0,0,0,0,0,0,0.0,0.0,0,0,0,0,0,0,0,0,0,0,0,0,0,2,15,1,0,1,1,0,0,0,6,154,0,0,0,0,,,0,0,0,0,0,0,0,0,0,0,0,0,,,,0,0,0,0,0,0,0,,0,0,0,0,,0,0,,0,0,0,0,0,0,0,0,0,0,183.7,243.7
00-0035726,Jak.Johnson,Jakob Johnson,RB,RB,"https://static.www.nfl.com/image/upload/f_auto,q_auto/league/awuzhbfuubbmxzxxdtsb",2023,REG,LV,8,0,0,0,0,0,0,0,0,0,0,0,0,,,0,,0,0,0,0,0,0,0,0,0,0,,0,0,0,0,0,1,2,12,0,0,0,6,10,0,1.033701341599226,0,1,0,0,0,2.0,0.003766478342749529,0.001401541695865452,0.00663079670123011,0,2,2,1,0,0,0,0.0,0.0,0,0,0,0,0,0,0,0,0,0,0,0,0,3,20,0,0,0,0,0,0,0,0,0,0,0,0,0,,,0,0,0,0,0,0,0,0,0,0,0,0,,,,0,0,0,0,0,0,0,,0,0,0,0,,0,0,,0,0,0,0,0,0,0,0,0,0,1.2000000000000002,2.2
00-0035743,B.Toth,Brett Toth,G,OL,"https://static.www.nfl.com/image/upload/f_auto,q_auto/league/zizzehbd7dm27rhfeu0d",2023,REG,CAR,1,0,0,0,0,0,0,0,0,0,0,0,0,,,0,,0,0,0,0,0,0,0,0,0,0,,0,0,0,0,0,0,0,0,0,0,0,0,0,0,,0,0,0,0,0,,0.0,0.0,0.0,0,0,0,0,0,0,0,0.0,0.0,0,0,0,0,0,0,0,0,0,0,0,0,0,1,10,0,0,0,0,0,0,0,0,0,0,0,0,0,,,0,0,0,0,0,0,0,0,0,0,0,0,,,,0,0,0,0,0,0,0,,0,0,0,0,,0,0,,0,0,0,0,0,0,0,0,0,0,0.0,0.0
00-0035757,J.Bobenmoyer,Jacob Bobenmoyer,LS,SPEC,"https://static.www.nfl.com/image/upload/f_auto,q_auto/league/cjpwsinxkggwwfhaahga",2023,REG,LV,3,0,0,0,0,0,0,0,0,0,0,0,0,,,0,,0,0,0,0,0,0,0,0,0,0,,0,0,0,0,0,0,0,0,0,0,0,0,0,0,,0,0,0,0,0,,0.0,0.0,0.0,0,1,0,2,0,0,0,0.0,0.0,0,0,0,0,0,0,0,0,0,0,0,0,0,0,0,0,0,0,0,0,0,0,0,0,0,0,0,0,,,0,0,0,0,0,0,0,0,0,0,0,0,,,,0,0,0,0,0,0,0,,0,0,0,0,,0,0,,0,0,0,0,0,0,0,0,0,0,0.0,0.0
00-0035763,M.Roach,Malcolm Roach,DT,DL,"https://static.www.nfl.com/image/upload/f_auto,q_auto/league/oxcd8veodm7hkiualglu",2023,REG,NO,11,0,0,0,0,0,0,0,0,0,0,0,0,,,0,,0,0,0,0,0,0,0,0,0,0,,0,0,0,0,0,0,0,0,0,0,0,0,0,0,,0,0,0,0,0,,0.0,0.0,0.0,0,10,3,25,3,6,0,0.0,0.0,1,0,0,3,0,0,0,0,0,0,0,0,0,0,0,0,0,0,0,0,0,0,0,0,0,0,0,0,,,0,0,0,0,0,0,0,0,0,0,0,0,,,,0,0,0,0,0,0,0,,0,0,0,0,,0,0,,0,0,0,0,0,0,0,0,0,0,0.0,0.0
00-0035764,C.Throckmorton,Calvin Throckmorton,OT,OL,"https://static.www.nfl.com/image/upload/f_auto,q_auto/league/pz1qhivdpvz1lwl5aziw",2023,REG,TEN,2,0,0,0,0,0,0,0,0,0,0,0,0,,,0,,0,0,0,0,0,0,0,0,0,0,,0,0,0,0,0,0,0,0,0,0,0,0,0,0,,0,0,0,0,0,,0.0,0.0,0.0,0,0,0,0,0,0,0,0.0,0.0,0,0,0,0,0,0,0,0,0,0,0,0,0,2,15,0,0,0,0,0,0,0,0,0,0,0,0,0,,,0,0,0,0,0,0,0,0,0,0,0,0,,,,0,0,0,0,0,0,0,,0,0,0,0,,0,0,,0,0,0,0,0,0,0,0,0,0,0.0,0.0
00-0035771,M.Wilcox,Mitchell Wilcox,TE,TE,"https://static.www.nfl.com/image/private/f_auto,q_auto/league/cxh2vsypwniukuheewu0",2023,REG,CIN,12,0,0,0,0,0,0,0,0,0,0,0,0,,,0,,0,0,0,0,0,0,0,0,0,0,,0,0,0,0,0,9,12,56,0,0,0,12,48,2,0.20291359673137777,0,3,0,0,0,4.666666666666667,0.02027027027027027,0.0030943785456420837,0.03257147038735487,0,3,0,1,0,0,0,0.0,0.0,0,0,0,0,0,0,0,0,0,0,0,0,0,2,10,0,0,0,0,0,0,0,0,0,0,0,0,0,,,0,0,0,0,0,0,0,0,0,0,0,0,,,,0,0,0,0,0,0,0,,0,0,0,0,,0,0,,0,0,0,0,0,0,0,0,0,0,5.6000000000000005,14.600000000000001
00-0035783,T.Hall,Tyler Hall,CB,DB,"https://static.www.nfl.com/image/upload/f_auto,q_auto/league/meyai4iv2fxkclmmccwc",2023,REG,LV,5,0,0,0,0,0,0,0,0,0,0,0,0,,,0,,0,0,0,0,0,0,0,0,0,0,,0,0,0,0,0,0,0,0,0,0,0,0,0,0,,0,0,0,0,0,,0.0,0.0,0.0,0,8,8,4,0,0,0,0.0,0.0,0,0,0,0,0,0,0,0,0,0,0,0,0,0,0,0,0,0,0,0,0,0,0,0,0,0,0,0,,,0,0,0,0,0,0,0,0,0,0,0,0,,,,0,0,0,0,0,0,0,,0,0,0,0,,0,0,,0,0,0,0,0,0,0,0,0,0,0.0,0.0
00-0035795,J.Pierre,James Pierre,CB,DB,"https://static.www.nfl.com/image/upload/f_auto,q_auto/league/zasdorlctouussgqzvwm",2023,REG,PIT,6,0,0,0,0,0,0,0,0,0,0,0,0,,,0,,0,0,0,0,0,0,0,0,0,0,,0,0,0,0,0,0,0,0,0,0,0,0,0,0,,0,0,0,0,0,,0.0,0.0,0.0,0,5,1,2,0,0,0,0.0,0.0,0,0,0,0,0,0,0,0,0,0,0,0,0,3,32,0,0,0,0,0,0,0,0,0,0,0,0,0,,,0,0,0,0,0,0,0,0,0,0,0,0,,,,0,0,0,0,0,0,0,,0,0,0,0,,0,0,,0,0,0,0,0,0,0,0,0,0,0.0,0.0
00-0035806,J.Hasty,JaMycal Hasty,RB,RB,"https://static.www.nfl.com/image/upload/f_auto,q_auto/league/stvclosmy6zi864kfxw7",2023,REG,JAX,1,0,0,0,0,0,0,0,0,0,0,0,0,,,0,,0,0,0,0,0,0,0,0,0,0,,0,0,0,0,0,0,2,0,0,0,0,24,0,0,-2.368442854003763,0,0,0,0,0,0.0,0.0032948929159802307,0.004818309576390283,0.008315156077443545,0,0,0,0,0,0,0,0.0,0.0,0,0,0,0,0,0,0,0,0,0,0,0,0,0,0,0,0,0,0,0,0,0,0,0,0,0,0,0,,,0,0,0,0,0,0,0,0,0,0,0,0,,,,0,0,0,0,0,0,0,,0,0,0,0,,0,0,,0,0,0,0,0,0,0,0,0,0,0.0,0.0
00-0035827,R.Matiscik,Ross Matiscik,LS,SPEC,"https://static.www.nfl.com/image/upload/f_auto,q_auto/league/peerx3z23y51k34wfqps",2023,REG,JAX,6,0,0,0,0,0,0,0,0,0,0,0,0,,,0,,0,0,0,0,0,0,0,0,0,0,,0,0,0,0,0,0,0,0,0,0,0,0,0,0,,0,0,0,0,0,,0.0,0.0,0.0,0,8,0,0,0,0,1,0.0,0.0,0,0,0,0,0,0,0,0,0,0,1,0,0,0,0,0,0,0,0,0,0,0,0,0,0,0,0,0,,,0,0,0,0,0,0,0,0,0,0,0,0,,,,0,0,0,0,0,0,0,,0,0,0,0,,0,0,,0,0,0,0,0,0,0,0,0,0,0.0,0.0
00-0035831,J.Robinson,James Robinson,RB,RB,"https://static.www.nfl.com/image/upload/f_auto,q_auto/league/htviio8mhknq9cennrdq",2023,REG,GB,1,0,0,0,0,0,0,0,0,0,0,0,0,,,0,,0,0,0,0,1,2,0,0,0,0,-0.48172136361245066,0,0,0,0,0,1,1,-2,0,0,0,-3,1,0,-1.1249163909815252,0,0,0,0,0,0.6666666666666666,0.0017825311942959,-0.0006072874493927126,0.0022486955768689513,0,0,0,0,0,0,0,0.0,0.0,0,0,0,0,0,0,0,0,0,0,0,0,0,0,0,0,0,0,0,0,0,0,0,0,0,0,0,0,,,0,0,0,0,0,0,0,0,0,0,0,0,,,,0,0,0,0,0,0,0,,0,0,0,0,,0,0,,0,0,0,0,0,0,0,0,0,0,0.0,1.0
00-0035841,B.Jones,Benito Jones,DT,DL,"https://static.www.nfl.com/image/upload/f_auto,q_auto/league/mjruxqws2pnnpe4e0u2r",2023,REG,DET,12,0,0,0,0,0,0,0,0,0,0,0,0,,,0,,0,0,0,0,0,0,0,0,0,0,,0,0,0,0,0,0,0,0,0,0,0,0,0,0,,0,0,0,0,0,,0.0,0.0,0.0,0,10,3,13,3,11,0,1.0,8.0,6,0,0,0,0,0,0,0,0,0,0,0,0,1,5,0,0,0,0,0,0,0,0,0,0,0,0,0,,,0,0,0,0,0,0,0,0,0,0,0,0,,,,0,0,0,0,0,0,0,,0,0,0,0,,0,0,,0,0,0,0,0,0,0,0,0,0,0.0,0.0
00-0035853,C.O'Donnell,Carter O'Donnell,G,OL,"https://static.www.nfl.com/image/upload/f_auto,q_auto/league/qxilgn3gnfnwxfoktpkx",2023,REG,ARI,2,0,0,0,0,0,0,0,0,0,0,0,0,,,0,,0,0,0,0,0,0,0,0,0,0,,0,0,0,0,0,0,0,0,0,0,0,0,0,0,,0,0,0,0,0,,0.0,0.0,0.0,0,0,0,0,0,0,0,0.0,0.0,0,0,0,0,0,0,0,0,0,0,0,0,0,3,25,0,0,0,0,0,0,0,0,0,0,0,0,0,,,0,0,0,0,0,0,0,0,0,0,0,0,,,,0,0,0,0,0,0,0,,0,0,0,0,,0,0,,0,0,0,0,0,0,0,0,0,0,0.0,0.0
00-0035859,B.Gillikin,Blake Gillikin,P,SPEC,"https://static.www.nfl.com/image/upload/f_auto,q_auto/league/idkikmdoy9mz7fw2dgl0",2023,REG,ARI,12,0,0,0,0,0,0,0,0,0,0,0,0,,,0,,0,0,0,0,1,10,0,0,0,1,3.4814603908453137,0,1,0,0,0,0,0,0,0,0,0,0,0,0,,0,0,0,0,0,,0.0,0.0,0.0,0,1,0,1,0,0,0,0.0,0.0,0,0,0,0,0,0,0,0,0,0,0,0,0,0,0,0,0,0,0,0,0,0,0,0,0,0,0,0,,,0,0,0,0,0,0,0,0,0,0,0,0,,,,0,0,0,0,0,0,0,,0,0,0,0,,51,0,77,2580,11,2,9,2,9,29,318,0,2222,1.0,1.0
00-0035860,T.Jones,Tony Jones,RB,RB,"https://static.www.nfl.com/image/private/f_auto,q_auto/league/cgvll8lokulmws98olfa",2023,REG,ARI,6,0,0,0,0,0,0,0,0,0,0,0,0,,,0,,0,0,0,0,26,95,2,0,0,7,1.6878569997206796,0,3,2,0,0,7,10,37,0,0,0,-18,44,1,-4.623583573488871,0,2,0,0,0,-2.0555555555555554,0.017271157167530225,-0.0035885167464114833,0.0233947740288073,0,1,0,0,0,0,0,0.0,0.0,0,0,0,0,0,0,0,0,0,0,0,0,0,0,0,0,0,0,0,0,0,0,0,0,0,0,0,0,,,0,0,0,0,0,0,0,0,0,0,0,0,,,,0,0,0,0,0,0,0,,0,0,0,0,,0,0,,0,0,0,0,0,0,0,0,0,0,25.200000000000003,32.2
00-0035862,E.Bassey,Essang Bassey,DB,DB,"https://static.www.nfl.com/image/private/f_auto,q_auto/league/v8ljdczkzmunbmmjkvjn",2023,REG,LAC,10,0,0,0,0,0,0,0,0,0,0,0,0,,,0,,0,0,0,0,0,0,0,0,0,0,,0,0,0,0,0,0,0,0,0,0,0,0,0,0,,0,0,0,0,0,,0.0,0.0,0.0,0,13,0,8,0,0,0,0.0,0.0,0,0,0,3,0,0,0,0,0,0,0,0,0,2,20,0,0,0,0,0,0,0,0,0,0,0,0,0,,,0,0,0,0,0,0,0,0,0,0,0,0,,,,0,0,0,0,0,0,0,,0,0,0,0,,0,0,,0,0,0,0,0,0,0,0,0,0,0.0,0.0
00-0035876,A.Baccellia,Andre Baccellia,WR,WR,"https://static.www.nfl.com/image/upload/f_auto,q_auto/league/uaqykjil87rj71rkyz70",2023,REG,ARI,1,0,0,0,0,0,0,0,0,0,0,0,0,,,0,,0,0,0,0,0,0,0,0,0,0,,0,0,0,0,0,0,0,0,0,0,0,0,0,0,,0,0,0,0,0,,0.0,0.0,0.0,0,0,0,0,0,0,0,0.0,0.0,0,0,0,0,0,0,0,0,0,0,0,0,0,0,0,0,0,0,0,0,0,0,1,22,0,0,0,0,,,0,0,0,0,0,0,0,0,0,0,0,0,,,,0,0,0,0,0,0,0,,0,0,0,0,,0,0,,0,0,0,0,0,0,0,0,0,0,0.0,0.0
00-0035889,T.Townsend,Tommy Townsend,P,SPEC,"https://static.www.nfl.com/image/upload/f_auto,q_auto/league/ct2iphnvz4vl1tdy5wym",2023,REG,KC,17,1,1,11,0,0,0,0,0,0,11,0,1,2.439640676777344,44.65770721435547,0,1.0,1,0,0,0,0,0,0,0,0,0,,0,0,0,0,0,0,0,0,0,0,0,0,0,0,,0,0,0,0,0,,0.0,0.0,0.0,0,0,0,0,0,0,0,0.0,0.0,0,0,0,0,0,0,0,0,0,0,0,0,0,0,0,0,0,0,0,0,0,0,0,0,0,0,0,0,,,0,0,0,0,0,0,0,0,0,0,0,0,,,,0,0,0,0,0,0,0,,0,0,0,0,,59,0,68,2776,20,4,10,5,20,20,207,0,2469,0.44,0.44
00-0035890,T.Wharton,Tershawn Wharton,DE,DL,"https://static.www.nfl.com/image/upload/f_auto,q_auto/league/mj9xqaj2jvv5unjgxomd",2023,REG,KC,13,0,0,0,0,0,0,0,0,0,0,0,0,,,0,,0,0,0,0,0,0,0,0,0,0,,0,0,0,0,0,0,0,0,0,0,0,0,0,0,,0,0,0,0,0,,0.0,0.0,0.0,0,5,2,14,2,12,0,2.0,12.0,5,0,0,0,0,0,0,0,0,0,1,0,0,1,5,0,0,0,0,0,0,0,0,0,0,0,0,0,,,0,0,0,0,0,0,0,0,0,0,0,0,,,,0,0,0,0,0,0,0,,0,0,0,0,,0,0,,0,0,0,0,0,0,0,0,0,0,0.0,0.0
00-0035895,J.Bachie,Joe Bachie,LB,LB,"https://static.www.nfl.com/image/upload/f_auto,q_auto/league/jystq5jdj84wi0pwqzbi",2023,REG,CIN,4,0,0,0,0,0,0,0,0,0,0,0,0,,,0,,0,0,0,0,0,0,0,0,0,0,,0,0,0,0,0,0,0,0,0,0,0,0,0,0,,0,0,0,0,0,,0.0,0.0,0.0,0,0,0,3,0,0,0,0.0,0.0,0,0,0,0,0,0,0,0,0,0,0,0,0,1,10,0,0,0,0,0,0,0,0,0,0,0,0,0,,,0,0,0,0,0,0,0,0,0,0,0,0,,,,0,0,0,0,0,0,0,,0,0,0,0,,0,0,,0,0,0,0,0,0,0,0,0,0,0.0,0.0
00-0035903,J.Gaziano,Joe Gaziano,DE,DL,"https://static.www.nfl.com/image/upload/f_auto,q_auto/league/saim6trsnqhedad4hu0r",2023,REG,ATL,2,0,0,0,0,0,0,0,0,0,0,0,0,,,0,,0,0,0,0,0,0,0,0,0,0,,0,0,0,0,0,0,0,0,0,0,0,0,0,0,,0,0,0,0,0,,0.0,0.0,0.0,0,1,0,1,0,0,0,0.0,0.0,0,0,0,0,0,0,0,0,0,0,0,0,0,0,0,0,0,0,0,0,0,0,0,0,0,0,0,0,,,0,0,0,0,0,0,0,0,0,0,0,0,,,,0,0,0,0,0,0,0,,0,0,0,0,,0,0,,0,0,0,0,0,0,0,0,0,0,0.0,0.0
00-0035910,T.Smith,T.J. Smith,DT,DL,"https://static.www.nfl.com/image/upload/f_auto,q_auto/league/ew3whemn19zrgyaskr4t",2023,REG,MIN,2,0,0,0,0,0,0,0,0,0,0,0,0,,,0,,0,0,0,0,0,0,0,0,0,0,,0,0,0,0,0,0,0,0,0,0,0,0,0,0,,0,0,0,0,0,,0.0,0.0,0.0,0,1,0,3,0,0,0,0.0,0.0,0,0,0,0,0,0,0,0,0,0,0,0,0,0,0,0,0,0,0,0,0,0,0,0,0,0,0,0,,,0,0,0,0,0,0,0,0,0,0,0,0,,,,0,0,0,0,0,0,0,,0,0,0,0,,0,0,,0,0,0,0,0,0,0,0,0,0,0.0,0.0
00-0035924,J.Ward,Jonathan Ward,RB,RB,"https://static.www.nfl.com/image/upload/f_auto,q_auto/league/yct3a4xznwcxjvn4iosk",2023,REG,TEN,2,0,0,0,0,0,0,0,0,0,0,0,0,,,0,,0,0,0,0,3,11,0,0,0,1,-1.8184193623019382,0,0,0,0,0,0,0,0,0,0,0,0,0,0,,0,0,0,0,0,,0.0,0.0,0.0,0,1,0,0,0,0,0,0.0,0.0,0,0,0,0,0,0,0,0,0,0,0,0,0,0,0,0,0,0,0,0,0,0,0,0,0,0,0,0,,,0,0,0,0,0,0,0,0,0,0,0,0,,,,0,0,0,0,0,0,0,,0,0,0,0,,0,0,,0,0,0,0,0,0,0,0,0,0,1.1,1.1
00-0035928,E.Banks,Eric Banks,DT,DL,"https://static.www.nfl.com/image/upload/f_auto,q_auto/league/bh2nmfqo5vys96ni7eft",2023,REG,ARI,2,0,0,0,0,0,0,0,0,0,0,0,0,,,0,,0,0,0,0,0,0,0,0,0,0,,0,0,0,0,0,0,0,0,0,0,0,0,0,0,,0,0,0,0,0,,0.0,0.0,0.0,0,1,1,0,0,0,0,0.0,0.0,0,0,0,0,0,0,0,0,0,0,0,0,0,0,0,0,0,0,0,0,0,0,0,0,0,0,0,0,,,0,0,0,0,0,0,0,0,0,0,0,0,,,,0,0,0,0,0,0,0,,0,0,0,0,,0,0,,0,0,0,0,0,0,0,0,0,0,0.0,0.0
00-0035933,M.Hoecht,Michael Hoecht,LB,LB,"https://static.www.nfl.com/image/upload/f_auto,q_auto/league/zpg40jv0kwikhxtmcfsi",2023,REG,LA,16,0,0,0,0,0,0,0,0,0,0,0,0,,,0,,0,0,0,0,0,0,0,0,0,0,,0,0,0,0,0,0,0,0,0,0,0,0,0,0,,0,0,0,0,0,,0.0,0.0,0.0,0,37,8,36,7,39,1,6.0,43.0,11,0,0,2,0,0,0,0,0,0,0,0,0,2,18,0,0,0,0,0,0,0,0,0,0,0,0,0,,,0,0,0,0,0,0,0,0,0,0,0,0,,,,0,0,0,0,0,0,0,,0,0,0,0,,0,0,,0,0,0,0,0,0,0,0,0,0,0.0,0.0
00-0035934,T.Jackson,Trishton Jackson,WR,WR,"https://static.www.nfl.com/image/upload/f_auto,q_auto/league/i0cz4kudel7ofcsgafn8",2023,REG,MIN,2,0,0,0,0,0,0,0,0,0,0,0,0,,,0,,0,0,0,0,0,0,0,0,0,0,,0,0,0,0,0,2,4,9,0,0,0,16,7,0,-1.6050638459699047,1,0,0,0,0,0.5625,0.006600660066006601,0.0032454361054766734,0.012172795372843572,0,0,0,0,0,0,0,0.0,0.0,0,0,0,0,0,0,0,0,0,0,0,0,0,0,0,0,0,0,0,0,0,0,0,0,0,0,0,0,,,0,0,0,0,0,0,0,0,0,0,0,0,,,,0,0,0,0,0,0,0,,0,0,0,0,,0,0,,0,0,0,0,0,0,0,0,0,0,2.9,4.9
00-0035942,C.Rozeboom,Christian Rozeboom,LB,LB,"https://static.www.nfl.com/image/upload/f_auto,q_auto/league/kobbnik0wg5amqr1imnr",2023,REG,LA,17,0,0,0,0,0,0,0,0,0,0,0,0,,,0,,0,0,0,0,0,0,0,0,0,0,,0,0,0,0,0,0,0,0,0,0,0,0,0,0,,0,0,0,0,0,,0.0,0.0,0.0,0,40,8,31,2,5,0,0.0,0.0,2,1,0,4,0,0,0,0,0,0,0,0,0,0,0,0,0,0,0,0,0,0,0,0,0,0,0,0,,,0,0,0,0,0,0,0,0,0,0,0,0,,,,0,0,0,0,0,0,0,,0,0,0,0,,0,0,,0,0,0,0,0,0,0,0,0,0,0.0,0.0
00-0035944,J.Williams,Jonah Williams,DE,DL,"https://static.www.nfl.com/image/upload/f_auto,q_auto/league/d5yxodbic254mvmcqvel",2023,REG,LA,16,0,0,0,0,0,0,0,0,0,0,0,0,,,0,,0,0,0,0,0,0,0,0,0,0,,0,0,0,0,0,0,0,0,0,0,0,0,0,0,,0,0,0,0,0,,0.0,0.0,0.0,0,13,7,29,3,22,0,2.0,21.0,4,0,0,1,0,0,0,0,0,0,0,0,0,2,6,0,0,0,0,0,0,0,0,0,0,0,0,0,,,0,0,0,0,0,0,0,0,0,0,0,0,,,,0,0,0,0,0,0,0,,0,0,0,0,,0,0,,0,0,0,0,0,0,0,0,0,0,0.0,0.0
00-0035946,M.Adams,Myles Adams,DT,DL,"https://static.www.nfl.com/image/upload/f_auto,q_auto/league/f11lhmyjrovmo0mdp5wa",2023,REG,SEA,3,0,0,0,0,0,0,0,0,0,0,0,0,,,0,,0,0,0,0,0,0,0,0,0,0,,0,0,0,0,0,0,0,0,0,0,0,0,0,0,,0,0,0,0,0,,0.0,0.0,0.0,0,2,0,4,1,7,0,1.0,7.0,1,0,0,0,0,0,0,0,0,0,0,0,0,0,0,0,0,0,0,0,0,0,0,0,0,0,0,0,,,0,0,0,0,0,0,0,0,0,0,0,0,,,,0,0,0,0,0,0,0,,0,0,0,0,,0,0,,0,0,0,0,0,0,0,0,0,0,0.0,0.0
00-0035956,G.Ricci,Giovanni Ricci,TE,TE,"https://static.www.nfl.com/image/upload/f_auto,q_auto/league/irj1ejjmt0nvi1hlscr7",2023,REG,CAR,2,0,0,0,0,0,0,0,0,0,0,0,0,,,0,,0,0,0,0,0,0,0,0,0,0,,0,0,0,0,0,1,1,2,0,0,0,-1,3,0,-0.48964928975328803,0,0,0,0,0,0.0,0.0018726591760299626,-0.00022311468094600624,0.002652808487382739,0,2,0,0,0,0,0,0.0,0.0,0,0,0,0,0,0,0,0,0,0,0,0,0,0,0,0,0,0,0,0,0,0,0,0,0,0,0,0,,,0,0,0,0,0,0,0,0,0,0,0,0,,,,0,0,0,0,0,0,0,,0,0,0,0,,0,0,,0,0,0,0,0,0,0,0,0,0,0.2,1.2
00-0035961,K.Barnes,Krys Barnes,LB,LB,"https://static.www.nfl.com/image/upload/f_auto,q_auto/league/xgq5wwfuk5s2frsx0ha0",2023,REG,ARI,12,0,0,0,0,0,0,0,0,0,0,0,0,,,0,,0,0,0,0,0,0,0,0,0,0,,0,0,0,0,0,0,0,0,0,0,0,0,0,0,,0,0,0,0,0,,0.0,0.0,0.0,0,28,7,20,3,4,0,0.0,0.0,1,1,46,6,0,0,0,0,0,0,0,0,0,0,0,0,0,0,0,0,0,0,0,0,0,0,0,0,,,0,0,0,0,0,0,0,0,0,0,0,0,,,,0,0,0,0,0,0,0,,0,0,0,0,,0,0,,0,0,0,0,0,0,0,0,0,0,0.0,0.0
00-0035973,P.Taylor,Patrick Taylor,RB,RB,"https://static.www.nfl.com/image/upload/f_auto,q_auto/league/nd1utxii5exwfoujq5a4",2023,REG,GB,11,0,0,0,0,0,0,0,0,0,0,0,0,,,0,,0,0,0,0,32,141,0,0,0,7,-3.3051724425286197,0,4,2,1,0,11,17,49,0,0,0,-8,59,4,-5.777341604611138,0,3,1,0,0,-6.125,0.030303030303030304,-0.0016194331983805667,0.04432094221567906,0,3,0,1,0,0,0,0.0,0.0,0,0,0,0,0,0,0,0,0,0,0,0,0,0,0,0,0,0,0,0,0,0,0,0,0,0,0,0,,,0,0,0,0,0,0,0,0,0,0,0,0,,,,0,0,0,0,0,0,0,,0,0,0,0,,0,0,,0,0,0,0,0,0,0,0,0,0,19.0,30.0
00-0035976,D.Chisena,Dan Chisena,WR,WR,"https://static.www.nfl.com/image/upload/f_auto,q_auto/league/ajn5xdsfu4tn4mohmlg3",2023,REG,ARI,1,0,0,0,0,0,0,0,0,0,0,0,0,,,0,,0,0,0,0,0,0,0,0,0,0,,0,0,0,0,0,0,0,0,0,0,0,0,0,0,,0,0,0,0,0,,0.0,0.0,0.0,0,0,0,2,0,0,0,0.0,0.0,0,0,0,0,0,0,0,0,0,0,0,0,0,0,0,0,0,0,0,0,0,0,0,0,0,0,0,0,,,0,0,0,0,0,0,0,0,0,0,0,0,,,,0,0,0,0,0,0,0,,0,0,0,0,,0,0,,0,0,0,0,0,0,0,0,0,0,0.0,0.0
00-0035984,B.Lynch,Blake Lynch,LB,LB,"https://static.www.nfl.com/image/upload/f_auto,q_auto/league/r2skp5v2pgvumlmqzhgl",2023,REG,LAC,4,0,0,0,0,0,0,0,0,0,0,0,0,,,0,,0,0,0,0,0,0,0,0,0,0,,0,0,0,0,0,0,0,0,0,0,0,0,0,0,,0,0,0,0,0,,0.0,0.0,0.0,0,3,0,1,0,0,0,0.0,0.0,0,0,0,0,0,0,0,0,0,0,0,0,0,0,0,0,0,0,0,0,0,0,0,0,0,0,0,0,,,0,0,0,0,0,0,0,0,0,0,0,0,,,,0,0,0,0,0,0,0,,0,0,0,0,,0,0,,0,0,0,0,0,0,0,0,0,0,0.0,0.0
00-0035993,T.Huntley,Tyler Huntley,QB,QB,"https://static.www.nfl.com/image/upload/f_auto,q_auto/league/zqrzxwprqfsh4t4aa8lk",2023,REG,BAL,5,21,37,203,3,0,4,-28,0,0,249,78,13,3.8004547551206485,-7.07836525780814,0,0.8152610441767069,10,5,1,0,15,55,0,0,0,3,-5.004798809794011,0,1,0,0,0,0,0,0,0,0,0,0,0,0,,0,0,0,0,0,,0.0,0.0,0.0,0,0,0,0,0,0,0,0.0,0.0,0,0,0,0,0,0,0,0,0,0,0,0,0,0,0,0,0,0,0,0,0,0,0,0,0,0,0,0,,,0,0,0,0,0,0,0,0,0,0,0,0,,,,0,0,0,0,0,0,0,,0,0,0,0,,0,0,,0,0,0,0,0,0,0,0,0,0,25.62,25.62
00-0035995,G.Arnold,Grayland Arnold,SAF,DB,"https://static.www.nfl.com/image/upload/f_auto,q_auto/league/hl3qqnsctx0o0ocwt37h",2023,REG,HOU,5,0,0,0,0,0,0,0,0,0,0,0,0,,,0,,0,0,0,0,0,0,0,0,0,0,,0,0,0,0,0,0,0,0,0,0,0,0,0,0,,0,0,0,0,0,,0.0,0.0,0.0,0,9,3,6,0,0,1,0.0,0.0,0,0,0,0,0,0,0,0,0,0,0,0,0,0,0,0,0,0,0,0,0,0,0,0,0,0,0,0,,,0,0,0,0,0,0,0,0,0,0,0,0,,,,0,0,0,0,0,0,0,,0,0,0,0,,0,0,,0,0,0,0,0,0,0,0,0,0,0.0,0.0
00-0036002,E.Riley,Elijah Riley,DB,DB,"https://static.www.nfl.com/image/upload/f_auto,q_auto/league/gqddvgy98q4lnvljvuee",2023,REG,PIT,7,0,0,0,0,0,0,0,0,0,0,0,0,,,0,,0,0,0,0,0,0,0,0,0,0,,0,0,0,0,0,0,0,0,0,0,0,0,0,0,,0,0,0,0,0,,0.0,0.0,0.0,0,5,0,7,2,7,0,1.0,2.0,1,0,0,0,0,0,0,0,0,0,0,0,0,0,0,0,0,0,0,0,0,0,0,0,0,0,0,0,,,0,0,0,0,0,0,0,0,0,0,0,0,,,,0,0,0,0,0,0,0,,0,0,0,0,,0,0,,0,0,0,0,0,0,0,0,0,0,0.0,0.0
00-0036011,B.Price,Bobby Price,DB,DB,"https://static.www.nfl.com/image/upload/f_auto,q_auto/league/rlgj4rky5w5k3k53yk4q",2023,REG,ARI,4,0,0,0,0,0,0,0,0,0,0,0,0,,,0,,0,0,0,0,0,0,0,0,0,0,,0,0,0,0,0,0,0,0,0,0,0,0,0,0,,0,0,0,0,0,,0.0,0.0,0.0,0,2,1,1,0,0,0,0.0,0.0,0,0,0,0,0,0,0,0,0,0,1,0,0,0,0,0,0,0,0,0,0,0,0,0,0,0,0,0,,,0,0,0,0,0,0,0,0,0,0,0,0,,,,0,0,0,0,0,0,0,,0,0,0,0,,0,0,,0,0,0,0,0,0,0,0,0,0,0.0,0.0
00-0036013,A.Siposs,Arryn Siposs,P,SPEC,"https://static.www.nfl.com/image/private/f_auto,q_auto/league/xyrhamalmegp65bluphn",2023,REG,PHI,2,0,0,0,0,0,0,0,0,0,0,0,0,,,0,,0,0,0,0,0,0,0,0,0,0,,0,0,0,0,0,0,0,0,0,0,0,0,0,0,,0,0,0,0,0,,0.0,0.0,0.0,0,0,0,0,0,0,0,0.0,0.0,0,0,0,0,0,0,0,0,0,0,0,0,0,0,0,0,0,0,0,0,0,0,0,0,0,0,0,0,,,0,0,0,0,0,0,0,0,0,0,0,0,,,,0,0,0,0,0,0,0,,0,0,0,0,,8,0,54,347,2,0,1,0,2,5,40,0,307,0.0,0.0
00-0036020,S.Ahmed,Salvon Ahmed,RB,RB,"https://static.www.nfl.com/image/upload/f_auto,q_auto/league/pwpbwvqv5nslmayu2aob",2023,REG,MIA,7,0,0,0,0,0,0,0,0,0,0,0,0,,,0,,0,0,0,0,22,61,1,0,0,3,-0.23326447600265965,0,1,0,0,0,16,23,88,1,0,0,14,109,4,-10.489007843163563,0,3,2,1,0,6.285714285714286,0.04189435336976321,0.003251277287505806,0.06511742415589887,0,0,0,0,0,0,0,0.0,0.0,0,0,0,0,0,0,0,0,0,0,0,0,0,0,0,0,0,0,0,0,0,0,0,0,0,0,0,0,,,0,0,0,0,0,0,0,0,0,0,0,0,,,,0,0,0,0,0,0,0,,0,0,0,0,,0,0,,0,0,0,0,0,0,0,0,0,0,26.9,42.9
00-0036032,S.McKeon,Sean McKeon,TE,TE,"https://static.www.nfl.com/image/upload/f_auto,q_auto/league/vtkdheedmwcb2sjunayt",2023,REG,DAL,8,0,0,0,0,0,0,0,0,0,0,0,0,,,0,,0,0,0,0,0,0,0,0,0,0,,0,0,0,0,0,0,2,0,0,0,0,13,0,0,-6.453547171666287,0,0,0,0,0,0.0,0.003305785123966942,0.0027117229870671673,0.0068568837768974294,0,0,1,1,0,0,0,0.0,0.0,0,0,0,0,0,0,0,0,1,0,0,0,0,3,25,0,0,0,0,0,0,0,0,0,0,0,0,0,,,0,0,0,0,0,0,0,0,0,0,0,0,,,,0,0,0,0,0,0,0,,0,0,0,0,,0,0,,0,0,0,0,0,0,0,0,0,0,0.0,0.0
00-0036036,T.Steele,Terence Steele,OT,OL,"https://static.www.nfl.com/image/upload/f_auto,q_auto/league/ezmoh6joqsserp3ogcqc",2023,REG,DAL,7,0,0,0,0,0,0,0,0,0,0,0,0,,,0,,0,0,0,0,0,0,0,0,0,0,,0,0,0,0,0,0,0,0,0,0,0,0,0,0,,0,0,0,0,0,,0.0,0.0,0.0,0,1,0,0,0,0,0,0.0,0.0,0,0,0,0,0,0,0,0,1,0,0,0,0,6,39,0,0,0,0,0,0,0,0,0,0,0,0,0,,,0,0,0,0,0,0,0,0,0,0,0,0,,,,0,0,0,0,0,0,0,,0,0,0,0,,0,0,,0,0,0,0,0,0,0,0,0,0,0.0,0.0
00-0036037,S.Franklin,Sam Franklin Jr.,SAF,DB,"https://static.www.nfl.com/image/upload/f_auto,q_auto/league/djoisg0rjwm8t8dlskvn",2023,REG,CAR,12,0,0,0,0,0,0,0,0,0,0,0,0,,,0,,0,0,0,0,0,0,0,0,0,0,,0,0,0,0,0,0,0,0,0,0,0,0,0,0,,0,0,0,0,0,,0.0,0.0,0.0,0,18,2,10,0,0,0,0.0,0.0,0,1,99,3,1,0,0,0,0,0,0,0,0,4,77,0,0,0,0,0,0,0,0,0,0,0,0,0,,,0,0,0,0,0,0,0,0,0,0,0,0,,,,0,0,0,0,0,0,0,,0,0,0,0,,0,0,,0,0,0,0,0,0,0,0,0,0,0.0,0.0
00-0036040,J.Johnson,Juwan Johnson,TE,TE,"https://static.www.nfl.com/image/upload/f_auto,q_auto/league/wuyyzdqkh5fve8t7kfuv",2023,REG,NO,13,0,0,0,0,0,0,0,0,0,0,0,0,,,0,,0,0,0,0,0,0,0,0,0,0,,0,0,0,0,0,37,59,368,4,0,0,444,145,23,-4.487487905755588,0,14,7,7,0,0.8288288288288288,0.10189982728842832,0.08851674641148326,0.21481146342068075,0,1,0,0,0,0,0,0.0,0.0,0,0,0,0,0,0,0,0,1,0,0,0,0,3,20,0,0,0,0,0,0,0,0,0,0,0,0,0,,,0,0,0,0,0,0,0,0,0,0,0,0,,,,0,0,0,0,0,0,0,,0,0,0,0,,0,0,,0,0,0,0,0,0,0,0,0,0,60.800000000000004,97.80000000000001
00-0036043,J.Whittaker,Jace Whittaker,CB,DB,"https://static.www.nfl.com/image/private/f_auto,q_auto/league/qklqzam7wwoa2g06qsf9",2023,REG,WAS,1,0,0,0,0,0,0,0,0,0,0,0,0,,,0,,0,0,0,0,0,0,0,0,0,0,,0,0,0,0,0,0,0,0,0,0,0,0,0,0,,0,0,0,0,0,,0.0,0.0,0.0,0,0,0,0,0,0,0,0.0,0.0,0,0,0,0,0,0,0,51,0,0,0,0,0,0,0,0,0,0,0,0,0,0,0,0,0,0,0,0,,,0,0,0,0,0,0,0,0,0,0,0,0,,,,0,0,0,0,0,0,0,,0,0,0,0,,0,0,,0,0,0,0,0,0,0,0,0,0,0.0,0.0
00-0036045,C.Gill,Cam Gill,LB,LB,"https://static.www.nfl.com/image/upload/f_auto,q_auto/league/wxadtc7jcfyso4qdbeni",2023,REG,TB,7,0,0,0,0,0,0,0,0,0,0,0,0,,,0,,0,0,0,0,0,0,0,0,0,0,,0,0,0,0,0,0,0,0,0,0,0,0,0,0,,0,0,0,0,0,,0.0,0.0,0.0,0,5,0,7,0,0,1,1.0,7.0,1,0,0,0,0,0,0,0,0,0,0,0,0,1,10,0,0,0,0,0,0,0,0,0,0,0,0,0,,,0,0,0,0,0,0,0,0,0,0,0,0,,,,0,0,0,0,0,0,0,,0,0,0,0,,0,0,,0,0,0,0,0,0,0,0,0,0,0.0,0.0
00-0036050,B.Potoa'e,Benning Potoa'e,DE,DL,"https://static.www.nfl.com/image/private/f_auto,q_auto/league/dwe4xk0m7dyrifff5rtq",2023,REG,WAS,1,0,0,0,0,0,0,0,0,0,0,0,0,,,0,,0,0,0,0,0,0,0,0,0,0,,0,0,0,0,0,0,0,0,0,0,0,0,0,0,,0,0,0,0,0,,0.0,0.0,0.0,0,0,0,1,0,0,0,0.0,0.0,0,0,0,0,0,0,0,0,0,0,0,0,0,0,0,0,0,0,0,0,0,0,0,0,0,0,0,0,,,0,0,0,0,0,0,0,0,0,0,0,0,,,,0,0,0,0,0,0,0,,0,0,0,0,,0,0,,0,0,0,0,0,0,0,0,0,0,0.0,0.0
00-0036081,B.Washington,Broderick Washington,DT,DL,"https://static.www.nfl.com/image/upload/f_auto,q_auto/league/p5tkzkh6v2hda70lwojk",2023,REG,BAL,12,0,0,0,0,0,0,0,0,0,0,0,0,,,0,,0,0,0,0,0,0,0,0,0,0,,0,0,0,0,0,0,0,0,0,0,0,0,0,0,,0,0,0,0,0,,0.0,0.0,0.0,0,9,1,8,3,16,0,2.0,15.0,5,0,0,0,0,0,0,0,0,0,2,0,0,0,0,0,0,0,0,0,0,0,0,0,0,0,0,0,,,0,0,0,0,0,0,0,0,0,0,0,0,,,,0,0,0,0,0,0,0,,0,0,0,0,,0,0,,0,0,0,0,0,0,0,0,0,0,0.0,0.0
00-0036082,L.McCullough,Liam McCullough,LS,SPEC,"https://static.www.nfl.com/image/upload/f_auto,q_auto/league/ahq1mizgl4hoqdfuytlu",2023,REG,ATL,3,0,0,0,0,0,0,0,0,0,0,0,0,,,0,,0,0,0,0,0,0,0,0,0,0,,0,0,0,0,0,0,0,0,0,0,0,0,0,0,,0,0,0,0,0,,0.0,0.0,0.0,0,1,0,2,0,0,0,0.0,0.0,0,0,0,0,0,0,0,0,0,0,0,0,0,1,5,0,0,0,0,0,0,0,0,0,0,0,0,0,,,0,0,0,0,0,0,0,0,0,0,0,0,,,,0,0,0,0,0,0,0,,0,0,0,0,,0,0,,0,0,0,0,0,0,0,0,0,0,0.0,0.0
00-0036087,M.Bryant,Myles Bryant,CB,DB,"https://static.www.nfl.com/image/upload/f_auto,q_auto/league/mslszzwcbmt6hafvvu7r",2023,REG,NE,17,0,0,0,0,0,0,0,0,0,0,0,0,,,0,,0,0,0,0,0,0,0,0,0,0,,0,0,0,0,0,0,0,0,0,0,0,0,0,0,,0,0,0,0,0,,0.0,0.0,0.0,0,57,8,12,5,17,2,1.0,6.0,1,1,6,7,0,1,0,0,0,0,0,0,0,2,13,0,1,0,1,0,15,105,1,11,0,0,0,0,,,0,0,0,0,0,0,0,0,0,0,0,0,,,,0,0,0,0,0,0,0,,0,0,0,0,,0,0,,0,0,0,0,0,0,0,0,0,0,0.0,0.0
00-0036090,D.Harris,De'Jon Harris,LB,LB,"https://static.www.nfl.com/image/private/f_auto,q_auto/league/zthcn7tvordk7so1bj4t",2023,REG,WAS,1,0,0,0,0,0,0,0,0,0,0,0,0,,,0,,0,0,0,0,0,0,0,0,0,0,,0,0,0,0,0,0,0,0,0,0,0,0,0,0,,0,0,0,0,0,,0.0,0.0,0.0,0,0,0,1,0,0,0,0.0,0.0,0,0,0,0,0,0,0,0,0,0,0,0,0,0,0,0,0,0,0,0,0,0,0,0,0,0,0,0,,,0,0,0,0,0,0,0,0,0,0,0,0,,,,0,0,0,0,0,0,0,,0,0,0,0,,0,0,,0,0,0,0,0,0,0,0,0,0,0.0,0.0
00-0036105,N.Leverett,Nick Leverett,G,OL,"https://static.www.nfl.com/image/upload/f_auto,q_auto/league/mm4gx4zriitdroyicczo",2023,REG,TB,1,0,0,0,0,0,0,0,0,0,0,0,0,,,0,,0,0,0,0,0,0,0,0,0,0,,0,0,0,0,0,0,0,0,0,0,0,0,0,0,,0,0,0,0,0,,0.0,0.0,0.0,0,0,0,0,0,0,0,0.0,0.0,0,0,0,0,0,0,0,0,0,0,0,0,0,1,15,0,0,0,0,0,0,0,0,0,0,0,0,0,,,0,0,0,0,0,0,0,0,0,0,0,0,,,,0,0,0,0,0,0,0,,0,0,0,0,,0,0,,0,0,0,0,0,0,0,0,0,0,0.0,0.0
00-0036114,A.Green,A.J. Green,CB,DB,"https://static.www.nfl.com/image/upload/f_auto,q_auto/league/lacmlfcdn7rcfdxkfkfp",2023,REG,CLE,1,0,0,0,0,0,0,0,0,0,0,0,0,,,0,,0,0,0,0,0,0,0,0,0,0,,0,0,0,0,0,0,0,0,0,0,0,0,0,0,,0,0,0,0,0,,0.0,0.0,0.0,0,1,0,0,0,0,0,0.0,0.0,0,0,0,0,0,0,0,0,0,0,0,0,0,0,0,0,0,0,0,0,0,0,0,0,0,0,0,0,,,0,0,0,0,0,0,0,0,0,0,0,0,,,,0,0,0,0,0,0,0,,0,0,0,0,,0,0,,0,0,0,0,0,0,0,0,0,0,0.0,0.0
00-0036124,K.Dorsey,Khalil Dorsey,CB,DB,"https://static.www.nfl.com/image/upload/f_auto,q_auto/league/wmeizkmh4vdsbkf4uclw",2023,REG,DET,11,0,0,0,0,0,0,0,0,0,0,0,0,,,0,,0,0,0,0,0,0,0,0,0,0,,0,0,0,0,0,1,1,31,0,0,0,22,9,1,4.1430035991361365,0,1,1,1,0,1.4090909090909092,0.0017421602787456446,0.0053842388644150755,0.00638220762320902,0,7,0,4,0,0,0,0.0,0.0,0,0,0,1,0,0,0,0,0,0,0,0,0,0,0,0,0,0,0,0,0,0,12,244,0,0,0,0,,,0,0,0,0,0,0,0,0,0,0,0,0,,,,0,0,0,0,0,0,0,,0,0,0,0,,0,0,,0,0,0,0,0,0,0,0,0,0,3.1,4.1
00-0036130,J.Madubuike,Nnamdi Madubuike,DT,DL,"https://static.www.nfl.com/image/upload/f_auto,q_auto/league/zvqf4b2ks5pwfkzynt5d",2023,REG,BAL,17,0,0,0,0,0,0,0,0,0,0,0,0,,,0,,0,0,0,0,0,0,0,0,0,0,,0,0,0,0,0,0,0,0,0,0,0,0,0,0,,0,0,0,0,0,,0.0,0.0,0.0,0,27,11,18,10,72,2,13.0,89.5,33,0,0,0,0,0,0,0,0,0,0,0,0,5,48,0,0,0,0,0,0,0,0,0,0,0,0,0,,,0,0,0,0,0,0,0,0,0,0,0,0,,,,0,0,0,0,0,0,0,,0,0,0,0,,0,0,,0,0,0,0,0,0,0,0,0,0,0.0,0.0
00-0036132,B.Bredeson,Ben Bredeson,G,OL,"https://static.www.nfl.com/image/upload/f_auto,q_auto/league/i5wt8frcymm1gjbwhlzy",2023,REG,NYG,4,0,0,0,0,0,0,0,0,0,0,0,0,,,0,,0,0,0,0,0,0,0,0,0,0,,0,0,0,0,0,1,1,0,0,0,0,-2,2,0,-1.4257818616461009,0,0,0,0,0,0.0,0.002061855670103093,-0.0005282620179609086,0.0027230000925820034,0,0,0,0,0,0,0,0.0,0.0,0,0,0,0,0,0,0,0,0,0,0,0,0,4,40,0,0,0,0,0,0,0,0,0,0,0,0,0,,,0,0,0,0,0,0,0,0,0,0,0,0,,,,0,0,0,0,0,0,0,,0,0,0,0,,0,0,,0,0,0,0,0,0,0,0,0,0,0.0,1.0
00-0036133,J.Proche,James Proche,WR,WR,"https://static.www.nfl.com/image/upload/f_auto,q_auto/league/s1jyxzrzgn2od1sempye",2023,REG,CLE,10,0,0,0,0,0,0,0,0,0,0,0,0,,,0,,0,0,0,0,0,0,0,0,0,0,,0,0,0,0,0,0,5,0,0,0,0,86,0,0,-7.283761017082725,0,0,0,0,0,0.0,0.008375209380234505,0.01622947725986035,0.023923448152254,0,1,0,0,0,0,0,0.0,0.0,0,0,0,0,0,1,0,0,0,0,0,0,0,0,0,0,1,0,1,1,22,197,1,19,0,0,0,0,,,0,0,0,0,0,0,0,0,0,0,0,0,,,,0,0,0,0,0,0,0,,0,0,0,0,,0,0,,0,0,0,0,0,0,0,0,0,0,0.0,0.0
00-0036139,R.Dowdle,Rico Dowdle,RB,RB,"https://static.www.nfl.com/image/upload/f_auto,q_auto/league/cvnrzndsiaojvvxz8vo5",2023,REG,DAL,16,0,0,0,0,0,0,0,0,0,0,0,0,,,0,,0,0,0,0,89,361,2,0,0,17,-5.268632877245979,0,7,4,2,0,17,22,144,2,0,0,-11,170,6,5.6283640179500924,0,5,2,1,0,-13.090909090909092,0.03636363636363636,-0.00229453483521068,0.05293928016080707,0,0,0,1,0,0,0,0.0,0.0,0,0,0,0,0,0,0,0,0,0,0,0,0,0,0,0,0,0,0,0,0,0,6,86,0,0,0,0,,,0,0,0,0,0,0,0,0,0,0,0,0,,,,0,0,0,0,0,0,0,,0,0,0,0,,0,0,,0,0,0,0,0,0,0,0,0,0,74.5,91.5
00-0036145,L.Cager,Lawrence Cager,TE,TE,"https://static.www.nfl.com/image/upload/f_auto,q_auto/league/lis9ecqrpdhiqeh7dua5",2023,REG,NYG,5,0,0,0,0,0,0,0,0,0,0,0,0,,,0,,0,0,0,0,0,0,0,0,0,0,,0,0,0,0,0,4,5,36,1,0,0,21,27,2,3.254882011679001,0,1,0,0,0,1.7142857142857142,0.010309278350515464,0.005546751188589541,0.019346643357785874,0,0,0,0,0,0,0,0.0,0.0,0,0,0,0,0,0,0,0,0,0,0,0,0,1,0,0,0,0,0,0,0,0,1,0,0,0,0,0,,,0,0,0,0,0,0,0,0,0,0,0,0,,,,0,0,0,0,0,0,0,,0,0,0,0,,0,0,,0,0,0,0,0,0,0,0,0,0,9.6,13.6
00-0036147,S.Carter,Shyheim Carter,SAF,DB,"https://static.www.nfl.com/image/private/f_auto,q_auto/league/cglib0xezyiedmxywoen",2023,REG,TEN,2,0,0,0,0,0,0,0,0,0,0,0,0,,,0,,0,0,0,0,0,0,0,0,0,0,,0,0,0,0,0,0,0,0,0,0,0,0,0,0,,0,0,0,0,0,,0.0,0.0,0.0,0,1,0,2,0,0,0,0.0,0.0,0,0,0,0,0,0,0,0,0,0,0,0,0,1,8,0,0,0,0,0,0,0,0,0,0,0,0,0,,,0,0,0,0,0,0,0,0,0,0,0,0,,,,0,0,0,0,0,0,0,,0,0,0,0,,0,0,,0,0,0,0,0,0,0,0,0,0,0.0,0.0
00-0036151,B.Huff,Bryce Huff,DE,DL,"https://static.www.nfl.com/image/upload/f_auto,q_auto/league/pminx3vvyt9laihkxk55",2023,REG,NYJ,16,0,0,0,0,0,0,0,0,0,0,0,0,,,0,,0,0,0,0,0,0,0,0,0,0,,0,0,0,0,0,0,0,0,0,0,0,0,0,0,,0,0,0,0,0,,0.0,0.0,0.0,0,13,6,10,10,59,0,10.0,63.5,21,0,0,1,0,0,0,0,0,0,0,0,0,3,35,0,0,0,0,0,0,0,0,0,0,0,0,0,,,0,0,0,0,0,0,0,0,0,0,0,0,,,,0,0,0,0,0,0,0,,0,0,0,0,,0,0,,0,0,0,0,0,0,0,0,0,0,0.0,0.0
00-0036157,K.Welch,Kristian Welch,LB,LB,"https://static.www.nfl.com/image/upload/f_auto,q_auto/league/ctdrib67gqytr9v2bnpn",2023,REG,GB,5,0,0,0,0,0,0,0,0,0,0,0,0,,,0,,0,0,0,0,0,0,0,0,0,0,,0,0,0,0,0,0,0,0,0,0,0,0,0,0,,0,0,0,0,0,,0.0,0.0,0.0,0,2,2,2,0,0,0,0.0,0.0,0,0,0,0,0,0,0,0,0,0,0,0,0,0,0,0,0,0,0,0,0,0,0,0,0,0,0,0,,,0,0,0,0,0,0,0,0,0,0,0,0,,,,0,0,0,0,0,0,0,,0,0,0,0,,0,0,,0,0,0,0,0,0,0,0,0,0,0.0,0.0
00-0036158,J.Dobbins,J.K. Dobbins,RB,RB,"https://static.www.nfl.com/image/upload/f_auto,q_auto/league/cevotvl3ho5h1mioruyg",2023,REG,BAL,1,0,0,0,0,0,0,0,0,0,0,0,0,,,0,,0,0,0,0,8,22,1,0,0,1,-1.8405948876752518,0,0,0,0,0,2,3,15,0,0,0,3,15,0,0.519200186652597,0,1,0,0,0,5.0,0.0063025210084033615,0.0007336757153338225,0.009967354513338718,0,0,0,0,0,0,0,0.0,0.0,0,0,0,0,0,0,0,0,0,0,0,0,0,0,0,0,0,0,0,0,0,0,0,0,0,0,0,0,,,0,0,0,0,0,0,0,0,0,0,0,0,,,,0,0,0,0,0,0,0,,0,0,0,0,,0,0,,0,0,0,0,0,0,0,0,0,0,9.7,11.7
00-0036159,J.Uche,Joshua Uche,LB,LB,"https://static.www.nfl.com/image/upload/f_auto,q_auto/league/t7ahfah5ks9tispkebd5",2023,REG,NE,10,0,0,0,0,0,0,0,0,0,0,0,0,,,0,,0,0,0,0,0,0,0,0,0,0,,0,0,0,0,0,0,0,0,0,0,0,0,0,0,,0,0,0,0,0,,0.0,0.0,0.0,0,6,2,7,2,20,0,3.0,20.0,6,0,0,0,0,0,0,0,0,0,0,0,0,0,0,0,0,0,0,0,0,0,0,0,0,0,0,0,,,0,0,0,0,0,0,0,0,0,0,0,0,,,,0,0,0,0,0,0,0,,0,0,0,0,,0,0,,0,0,0,0,0,0,0,0,0,0,0.0,0.0
00-0036162,T.Bass,Tyler Bass,K,SPEC,"https://static.www.nfl.com/image/upload/f_auto,q_auto/league/zqfia1sgrigi3son5fkw",2023,REG,BUF,17,0,0,0,0,0,0,0,0,0,0,0,0,,,0,,0,0,0,0,0,0,0,0,0,0,,0,0,0,0,0,0,0,0,0,0,0,0,0,0,,0,0,0,0,0,,0.0,0.0,0.0,0,1,0,0,0,0,0,0.0,0.0,0,0,0,0,0,0,0,0,0,0,0,0,0,0,0,0,0,0,0,0,0,0,0,0,24,29,4,1,54,0.8275862068965517,0,4,12,4,4,0,0,0,0,2,2,0,40;34;50;29;36;54;32;53;33;36;37;34;48;30;33;50;48;40;31;39;23;29;35;24,52;53;42;48,34,898,195,34,49,50,1,0,0.98,1,1,0,0,29,0,0,,0,0,0,0,0,0,0,0,0,0,0.0,0.0
00-0036165,I.Hodgins,Isaiah Hodgins,WR,WR,"https://static.www.nfl.com/image/upload/f_auto,q_auto/league/d6ezyptfnmmxgm8rykf4",2023,REG,NYG,14,0,0,0,0,0,0,0,0,0,0,0,0,,,0,,0,0,0,0,0,0,0,0,0,0,,0,0,0,0,0,21,33,230,3,1,1,269,75,12,3.9315880485913994,0,12,3,1,0,0.8550185873605948,0.06804123711340206,0.0710512414157422,0.15179772466112262,0,0,0,0,0,0,0,0.0,0.0,0,0,0,0,0,0,0,0,0,0,0,0,0,1,10,1,0,0,1,1,0,0,0,0,0,0,0,0,,,0,0,0,0,0,0,0,0,0,0,0,0,,,,0,0,0,0,0,0,0,,0,0,0,0,,0,0,,0,0,0,0,0,0,0,0,0,0,39.0,60.0
00-0036166,D.Jackson,Dane Jackson,CB,DB,"https://static.www.nfl.com/image/upload/f_auto,q_auto/league/pd5hj8idoykjrnwurduz",2023,REG,BUF,11,0,0,0,0,0,0,0,0,0,0,0,0,,,0,,0,0,0,0,0,0,0,0,0,0,,0,0,0,0,0,0,0,0,0,0,0,0,0,0,,0,0,0,0,0,,0.0,0.0,0.0,0,30,4,5,0,0,1,0.0,0.0,0,0,0,5,0,0,0,0,0,0,0,0,0,1,10,0,0,0,0,0,0,0,0,0,0,0,0,0,,,0,0,0,0,0,0,0,0,0,0,0,0,,,,0,0,0,0,0,0,0,,0,0,0,0,,0,0,,0,0,0,0,0,0,0,0,0,0,0.0,0.0
00-0036171,A.Brewer,Aaron Brewer,C,OL,"https://static.www.nfl.com/image/upload/f_auto,q_auto/league/acczyg9uo4jbervsjb4o",2023,REG,TEN,4,0,0,0,0,0,0,0,0,0,0,0,0,,,0,,0,0,0,0,0,0,0,0,0,0,,0,0,0,0,0,0,0,0,0,0,0,0,0,0,,0,0,0,0,0,,0.0,0.0,0.0,0,0,0,1,0,0,0,0.0,0.0,0,0,0,0,0,0,0,0,0,0,0,0,0,3,30,0,0,0,0,0,0,0,0,0,0,0,0,0,,,0,0,0,0,0,0,0,0,0,0,0,0,,,,0,0,0,0,0,0,0,,0,0,0,0,,0,0,,0,0,0,0,0,0,0,0,0,0,0.0,0.0
00-0036176,M.Kinsey,Mason Kinsey,WR,WR,"https://static.www.nfl.com/image/upload/f_auto,q_auto/league/hbslm9pimpxgoeti32jf",2023,REG,TEN,6,0,0,0,0,0,0,0,0,0,0,0,0,,,0,,0,0,0,0,0,0,0,0,0,0,,0,0,0,0,0,1,1,6,0,0,0,-2,8,0,-1.066386302234605,0,0,0,0,0,0.0,0.0020920502092050207,-0.0004377325454147516,0.002831662532017205,0,0,0,0,0,0,0,0.0,0.0,0,0,0,0,0,0,0,0,0,0,0,0,0,0,0,0,0,0,0,0,11,100,0,0,0,0,0,0,,,0,0,0,0,0,0,0,0,0,0,0,0,,,,0,0,0,0,0,0,0,,0,0,0,0,,0,0,,0,0,0,0,0,0,0,0,0,0,0.6000000000000001,1.6
00-0036181,T.Tart,Teair Tart,DT,DL,"https://static.www.nfl.com/image/upload/f_auto,q_auto/league/arx3xgdgct71ljt18bqa",2023,REG,HOU,13,0,0,0,0,0,0,0,0,0,0,0,0,,,0,,0,0,0,0,0,0,0,0,0,0,,0,0,0,0,0,0,0,0,0,0,0,0,0,0,,0,0,0,0,0,,0.0,0.0,0.0,0,16,1,7,8,26,0,1.0,7.0,4,0,0,0,0,0,0,0,0,0,0,0,0,1,5,0,0,0,0,0,0,0,0,0,0,0,0,0,,,0,0,0,0,0,0,0,0,0,0,0,0,,,,0,0,0,0,0,0,0,,0,0,0,0,,0,0,,0,0,0,0,0,0,0,0,0,0,0.0,0.0
00-0036182,N.Westbrook-Ikhine,Nick Westbrook-Ikhine,WR,WR,"https://static.www.nfl.com/image/upload/f_auto,q_auto/league/plgwfjcbl5quoi2jrass",2023,REG,TEN,13,0,0,0,0,0,0,0,0,0,0,0,0,,,0,,0,0,0,0,0,0,0,0,0,0,,0,0,0,0,0,28,45,370,3,0,0,552,107,18,20.679265826706228,1,13,9,8,0,0.6702898550724637,0.09414225941422594,0.12081418253447143,0.2257833168954689,0,0,0,0,0,0,0,0.0,0.0,0,0,0,0,0,0,0,0,0,0,0,0,0,2,10,0,0,0,0,0,0,0,0,0,0,0,0,0,,,0,0,0,0,0,0,0,0,0,0,0,0,,,,0,0,0,0,0,0,0,,0,0,0,0,,0,0,,0,0,0,0,0,0,0,0,0,0,57.0,85.0
00-0036187,R.Gilliam,Reggie Gilliam,RB,RB,"https://static.www.nfl.com/image/upload/f_auto,q_auto/league/nizwldzesen1vg31inu1",2023,REG,BUF,5,0,0,0,0,0,0,0,0,0,0,0,0,,,0,,0,0,0,0,0,0,0,0,0,0,,0,0,0,0,0,1,1,3,0,0,0,1,2,0,-0.33963809721171856,0,0,0,0,0,3.0,0.001834862385321101,0.00019912385503783353,0.002891680276508135,0,2,0,1,0,0,1,0.0,0.0,0,0,0,0,0,0,0,0,1,0,0,0,0,2,15,0,0,0,0,0,0,0,0,0,0,0,0,0,,,0,0,0,0,0,0,0,0,0,0,0,0,,,,0,0,0,0,0,0,0,,0,0,0,0,,0,0,,0,0,0,0,0,0,0,0,0,0,0.30000000000000004,1.3
00-0036192,A.Epenesa,A.J. Epenesa,DE,DL,"https://static.www.nfl.com/image/upload/f_auto,q_auto/league/t85moy0mhdu6pzxwzgxt",2023,REG,BUF,14,0,0,0,0,0,0,0,0,0,0,0,0,,,0,,0,0,0,0,0,0,0,0,0,0,,0,0,0,0,0,0,0,0,0,0,0,0,0,0,,0,0,0,0,0,,0.0,0.0,0.0,0,9,0,11,7,28,1,6.5,40.0,10,2,38,8,1,0,0,0,0,0,1,0,0,1,5,0,0,0,0,0,0,0,0,0,0,0,0,0,,,0,0,0,0,0,0,0,0,0,0,0,0,,,,0,0,0,0,0,0,0,,0,0,0,0,,0,0,,0,0,0,0,0,0,0,0,0,0,0.0,0.0
00-0036193,A.Jennings,Anfernee Jennings,LB,LB,"https://static.www.nfl.com/image/upload/f_auto,q_auto/league/dzstvcdjsmn7imc1eabs",2023,REG,NE,14,0,0,0,0,0,0,0,0,0,0,0,0,,,0,,0,0,0,0,0,0,0,0,0,0,,0,0,0,0,0,0,0,0,0,0,0,0,0,0,,0,0,0,0,0,,0.0,0.0,0.0,0,35,14,17,10,46,0,1.5,10.0,4,0,0,0,0,0,0,0,0,0,1,0,0,2,10,0,0,0,0,0,0,0,0,0,0,0,0,0,,,0,0,0,0,0,0,0,0,0,0,0,0,,,,0,0,0,0,0,0,0,,0,0,0,0,,0,0,,0,0,0,0,0,0,0,0,0,0,0.0,0.0
00-0036195,C.Heck,Charlie Heck,OT,OL,"https://static.www.nfl.com/image/upload/f_auto,q_auto/league/yfjfvnswxtkpiqqv3b16",2023,REG,HOU,1,0,0,0,0,0,0,0,0,0,0,0,0,,,0,,0,0,0,0,0,0,0,0,0,0,,0,0,0,0,0,0,0,0,0,0,0,0,0,0,,0,0,0,0,0,,0.0,0.0,0.0,0,0,0,0,0,0,0,0.0,0.0,0,0,0,0,0,0,0,0,0,0,0,0,0,1,5,0,0,0,0,0,0,0,0,0,0,0,0,0,,,0,0,0,0,0,0,0,0,0,0,0,0,,,,0,0,0,0,0,0,0,,0,0,0,0,,0,0,,0,0,0,0,0,0,0,0,0,0,0.0,0.0
00-0036196,G.Davis,Gabe Davis,WR,WR,"https://static.www.nfl.com/image/upload/f_auto,q_auto/league/rlmgjtfct5qjtbwcjqg6",2023,REG,BUF,16,0,0,0,0,0,0,0,0,0,0,0,0,,,0,,0,0,0,0,1,-2,0,0,0,0,-0.8803793075494468,0,0,0,0,0,45,81,746,7,1,1,1223,180,34,24.15476324553369,1,27,20,12,2,0.6099754701553557,0.14862385321100918,0.2435284747112704,0.393405712114403,0,4,0,0,0,0,0,0.0,0.0,0,0,0,0,0,0,0,0,0,0,0,0,0,0,0,1,0,0,1,1,0,0,0,0,0,0,0,0,,,0,0,0,0,0,0,0,0,0,0,0,0,,,,0,0,0,0,0,0,0,,0,0,0,0,,0,0,,0,0,0,0,0,0,0,0,0,0,116.4,161.4
00-0036198,M.Onwenu,Mike Onwenu,G,OL,"https://static.www.nfl.com/image/upload/f_auto,q_auto/league/l8gnydhcpahpd20mqqlh",2023,REG,NE,2,0,0,0,0,0,0,0,0,0,0,0,0,,,0,,0,0,0,0,0,0,0,0,0,0,,0,0,0,0,0,0,0,0,0,0,0,0,0,0,,0,0,0,0,0,,0.0,0.0,0.0,0,0,0,0,0,0,0,0.0,0.0,0,0,0,0,0,0,0,0,0,0,0,0,0,4,25,0,0,0,0,0,0,0,0,0,0,0,0,0,,,0,0,0,0,0,0,0,0,0,0,0,0,,,,0,0,0,0,0,0,0,,0,0,0,0,,0,0,,0,0,0,0,0,0,0,0,0,0,0.0,0.0
00-0036199,G.Stone,Geno Stone,SAF,DB,"https://static.www.nfl.com/image/upload/f_auto,q_auto/league/upbrq8aqe7yff3pn8a69",2023,REG,BAL,16,0,0,0,0,0,0,0,0,0,0,0,0,,,0,,0,0,0,0,0,0,0,0,0,0,,0,0,0,0,0,0,0,0,0,0,0,0,0,0,,0,0,0,0,0,,0.0,0.0,0.0,0,35,9,24,0,0,0,0.0,0.0,0,7,101,9,0,0,0,0,0,0,0,0,0,1,8,0,0,0,0,0,0,0,0,0,0,0,0,0,,,0,0,0,0,0,0,0,0,0,0,0,0,,,,0,0,0,0,0,0,0,,0,0,0,0,,0,0,,0,0,0,0,0,0,0,0,0,0,0.0,0.0
00-0036204,L.London,LaCale London,DE,DL,"https://static.www.nfl.com/image/upload/f_auto,q_auto/league/cbkqmopy7d6b20m7nu2d",2023,REG,ATL,6,0,0,0,0,0,0,0,0,0,0,0,0,,,0,,0,0,0,0,0,0,0,0,0,0,,0,0,0,0,0,0,0,0,0,0,0,0,0,0,,0,0,0,0,0,,0.0,0.0,0.0,0,3,3,7,0,0,0,0.0,0.0,0,0,0,0,0,0,0,0,0,0,1,0,0,1,6,0,0,0,0,0,0,0,0,0,0,0,0,0,,,0,0,0,0,0,0,0,0,0,0,0,0,,,,0,0,0,0,0,0,0,,0,0,0,0,,0,0,,0,0,0,0,0,0,0,0,0,0,0.0,0.0
00-0036212,T.Tagovailoa,Tua Tagovailoa,QB,QB,"https://static.www.nfl.com/image/upload/f_auto,q_auto/league/ktqj3s5vofexl2dwrrp4",2023,REG,MIA,17,388,560,4624,29,14,29,-171,1,1,4283,2177,222,121.6743462878052,4.499624968672765,0,1.0796170908241887,189,104,58,11,35,74,0,9,4,5,-39.12836075014264,0,0,0,0,0,0,0,0,0,0,0,0,0,0,,0,0,0,0,0,,0.0,0.0,0.0,0,0,0,0,0,0,0,0.0,0.0,0,0,0,0,0,0,0,0,9,-41,0,0,0,1,10,2,11,0,13,5,0,0,0,0,0,0,0,0,,,0,0,0,0,0,0,0,0,0,0,0,0,,,,0,0,0,0,0,0,0,,0,0,0,0,,0,0,,0,0,0,0,0,0,0,0,0,0,270.36,270.36
00-0036213,R.Davis,Raekwon Davis,DT,DL,"https://static.www.nfl.com/image/upload/f_auto,q_auto/league/cebpdy9q3snsm1z8yx00",2023,REG,MIA,15,0,0,0,0,0,0,0,0,0,0,0,0,,,0,,0,0,0,0,0,0,0,0,0,0,,0,0,0,0,0,0,0,0,0,0,0,0,0,0,,0,0,0,0,0,,0.0,0.0,0.0,0,9,7,12,2,6,0,1.0,5.0,6,0,0,0,0,0,0,0,0,0,0,0,0,0,0,0,0,0,0,0,0,0,0,0,0,0,0,0,,,0,0,0,0,0,0,0,0,0,0,0,0,,,,0,0,0,0,0,0,0,,0,0,0,0,,0,0,,0,0,0,0,0,0,0,0,0,0,0.0,0.0
00-0036214,T.Phillips,Tyre Phillips,G,OL,"https://static.www.nfl.com/image/upload/f_auto,q_auto/league/hec0e1icue2tbkhvseg3",2023,REG,NYG,3,0,0,0,0,0,0,0,0,0,0,0,0,,,0,,0,0,0,0,0,0,0,0,0,0,,0,0,0,0,0,0,0,0,0,0,0,0,0,0,,0,0,0,0,0,,0.0,0.0,0.0,0,0,0,0,0,0,0,0.0,0.0,0,0,0,0,0,0,0,0,0,0,0,0,0,3,15,0,0,0,0,0,0,0,0,0,0,0,0,0,,,0,0,0,0,0,0,0,0,0,0,0,0,,,,0,0,0,0,0,0,0,,0,0,0,0,,0,0,,0,0,0,0,0,0,0,0,0,0,0.0,0.0
00-0036217,B.Ferguson,Blake Ferguson,LS,SPEC,"https://static.www.nfl.com/image/upload/f_auto,q_auto/league/koptwhwbykekb58oisw8",2023,REG,MIA,1,0,0,0,0,0,0,0,0,0,0,0,0,,,0,,0,0,0,0,0,0,0,0,0,0,,0,0,0,0,0,0,0,0,0,0,0,0,0,0,,0,0,0,0,0,,0.0,0.0,0.0,0,0,0,0,0,0,0,0.0,0.0,0,0,0,0,0,0,0,0,0,0,0,0,0,1,15,0,0,0,0,0,0,0,0,0,0,0,0,0,,,0,0,0,0,0,0,0,0,0,0,0,0,,,,0,0,0,0,0,0,0,,0,0,0,0,,0,0,,0,0,0,0,0,0,0,0,0,0,0.0,0.0
00-0036220,Der.Brown,Derrick Brown,DT,DL,"https://static.www.nfl.com/image/upload/f_auto,q_auto/league/nneryzn7ehs21yeed5ny",2023,REG,CAR,17,0,0,0,0,0,0,0,0,0,0,0,0,,,0,,0,0,0,0,0,0,0,0,0,0,,0,0,0,0,0,0,0,0,0,0,0,0,0,0,,0,0,0,0,0,,0.0,0.0,0.0,0,47,10,46,5,33,0,2.0,22.0,15,1,2,6,0,0,0,0,0,0,0,0,0,3,25,0,0,0,0,0,0,0,0,0,0,0,0,0,,,0,0,0,0,0,0,0,0,0,0,0,0,,,,0,0,0,0,0,0,0,,0,0,0,0,,0,0,,0,0,0,0,0,0,0,0,0,0,0.0,0.0
00-0036221,B.Jones,Brandon Jones,SAF,DB,"https://static.www.nfl.com/image/upload/f_auto,q_auto/league/qcgihmzgbq4osnqywbng",2023,REG,MIA,10,0,0,0,0,0,0,0,0,0,0,0,0,,,0,,0,0,0,0,0,0,0,0,0,0,,0,0,0,0,0,0,0,0,0,0,0,0,0,0,,0,0,0,0,0,,0.0,0.0,0.0,0,35,1,12,2,5,1,0.0,0.0,1,2,40,4,0,0,0,0,0,0,1,0,0,1,5,0,0,0,0,0,0,0,0,0,0,0,0,0,,,0,0,0,0,0,0,0,0,0,0,0,0,,,,0,0,0,0,0,0,0,,0,0,0,0,,0,0,,0,0,0,0,0,0,0,0,0,0,0.0,0.0
00-0036223,J.Taylor,Jonathan Taylor,RB,RB,"https://static.www.nfl.com/image/upload/f_auto,q_auto/league/uwmnrhwtwug0wrgkomjk",2023,REG,IND,10,0,0,0,0,0,0,0,0,0,0,0,0,,,0,,0,0,0,0,169,741,7,1,0,42,-10.159002013304983,0,23,13,4,2,19,23,153,1,0,0,-21,174,5,3.1645892519054897,0,5,4,2,1,-7.285714285714286,0.04212454212454213,-0.004935370152761457,0.059732054079880165,0,0,0,0,0,0,0,0.0,0.0,0,0,0,0,0,0,0,0,0,0,0,0,0,0,0,1,0,0,1,0,0,0,0,0,0,0,0,0,,,0,0,0,0,0,0,0,0,0,0,0,0,,,,0,0,0,0,0,0,0,,0,0,0,0,,0,0,,0,0,0,0,0,0,0,0,0,0,137.4,156.4
00-0036224,J.Greenard,Jonathan Greenard,LB,LB,"https://static.www.nfl.com/image/upload/f_auto,q_auto/league/z49ugsnmbfkldervsiws",2023,REG,HOU,14,0,0,0,0,0,0,0,0,0,0,0,0,,,0,,0,0,0,0,0,0,0,0,0,0,,0,0,0,0,0,0,0,0,0,0,0,0,0,0,,0,0,0,0,0,,0.0,0.0,0.0,0,31,5,16,12,81,1,12.5,104.5,22,0,0,2,0,0,0,0,0,0,0,0,0,2,20,0,0,0,0,0,0,0,0,0,0,0,0,0,,,0,0,0,0,0,0,0,0,0,0,0,0,,,,0,0,0,0,0,0,0,,0,0,0,0,,0,0,,0,0,0,0,0,0,0,0,0,0,0.0,0.0
00-0036231,K.Dugger,Kyle Dugger,SAF,DB,"https://static.www.nfl.com/image/upload/f_auto,q_auto/league/jqbpdmdm5kvw8qq6qeoe",2023,REG,NE,17,0,0,0,0,0,0,0,0,0,0,0,0,,,0,,0,0,0,0,0,0,0,0,0,0,,0,0,0,0,0,0,0,0,0,0,0,0,0,0,,0,0,0,0,0,,0.0,0.0,0.0,0,61,10,38,5,17,1,1.5,9.5,5,2,35,7,0,0,0,4,0,0,0,0,0,2,10,0,0,0,0,0,0,0,0,0,0,0,0,0,,,0,0,0,0,0,0,0,0,0,0,0,0,,,,0,0,0,0,0,0,0,,0,0,0,0,,0,0,,0,0,0,0,0,0,0,0,0,0,0.0,0.0
00-0036232,H.Bryant,Harrison Bryant,TE,TE,"https://static.www.nfl.com/image/upload/f_auto,q_auto/league/gmguayurr96nolimwmyn",2023,REG,CLE,14,0,0,0,0,0,0,0,0,0,0,0,0,,,0,,0,0,0,0,5,8,0,1,1,4,2.2224675977486186,0,0,0,0,0,13,20,81,3,0,0,81,35,4,-4.132652571907199,0,1,1,1,0,1.0,0.03350083752093802,0.015285903000566144,0.060951388381803334,0,5,1,1,0,0,0,0.0,0.0,0,0,0,0,0,0,0,0,0,0,0,0,0,0,0,0,1,0,1,1,0,0,0,0,0,0,0,0,,,0,0,0,0,0,0,0,0,0,0,0,0,,,,0,0,0,0,0,0,0,,0,0,0,0,,0,0,,0,0,0,0,0,0,0,0,0,0,24.9,37.9
00-0036233,D.Peoples-Jones,Donovan Peoples-Jones,WR,WR,"https://static.www.nfl.com/image/upload/f_auto,q_auto/league/sgfgvm2myyrntnmiqojk",2023,REG,DET,14,0,0,0,0,0,0,0,0,0,0,0,0,,,0,,0,0,0,0,0,0,0,0,0,0,,0,0,0,0,0,13,25,155,0,0,0,273,35,7,-3.968731564570747,0,7,4,2,0,0.5677655677655677,0.04187604690117253,0.05151915455746367,0.09887747854198337,0,1,0,0,0,0,0,0.0,0.0,0,0,0,0,0,1,0,0,1,0,0,0,0,2,15,0,1,0,1,0,13,84,0,0,0,0,0,0,,,0,0,0,0,0,0,0,0,0,0,0,0,,,,0,0,0,0,0,0,0,,0,0,0,0,,0,0,,0,0,0,0,0,0,0,0,0,0,15.5,28.5
00-0036235,S.Quarterman,Shaquille Quarterman,LB,LB,"https://static.www.nfl.com/image/upload/f_auto,q_auto/league/onbbvyvxbxgktkew2v1o",2023,REG,JAX,2,0,0,0,0,0,0,0,0,0,0,0,0,,,0,,0,0,0,0,0,0,0,0,0,0,,0,0,0,0,0,0,0,0,0,0,0,0,0,0,,0,0,0,0,0,,0.0,0.0,0.0,0,1,0,1,0,0,0,0.0,0.0,0,0,0,0,0,0,0,0,0,0,0,0,0,0,0,0,0,0,0,0,0,0,0,0,0,0,0,0,,,0,0,0,0,0,0,0,0,0,0,0,0,,,,0,0,0,0,0,0,0,,0,0,0,0,,0,0,,0,0,0,0,0,0,0,0,0,0,0.0,0.0
00-0036236,N.Harris,Nick Harris,C,OL,"https://static.www.nfl.com/image/upload/f_auto,q_auto/league/fi6ivlcphteyqp30akm3",2023,REG,CLE,1,0,0,0,0,0,0,0,0,0,0,0,0,,,0,,0,0,0,0,0,0,0,0,0,0,,0,0,0,0,0,0,0,0,0,0,0,0,0,0,,0,0,0,0,0,,0.0,0.0,0.0,0,0,0,0,0,0,0,0.0,0.0,0,0,0,0,0,0,0,0,0,0,0,0,0,1,10,0,0,0,0,0,0,0,0,0,0,0,0,0,,,0,0,0,0,0,0,0,0,0,0,0,0,,,,0,0,0,0,0,0,0,,0,0,0,0,,0,0,,0,0,0,0,0,0,0,0,0,0,0.0,0.0
00-0036237,L.Murchison,Larrell Murchison,DT,DL,"https://static.www.nfl.com/image/upload/f_auto,q_auto/league/b0h5qpz02cuycf85isw4",2023,REG,LA,10,0,0,0,0,0,0,0,0,0,0,0,0,,,0,,0,0,0,0,0,0,0,0,0,0,,0,0,0,0,0,0,0,0,0,0,0,0,0,0,,0,0,0,0,0,,0.0,0.0,0.0,0,4,3,9,0,0,0,0.0,0.0,0,0,0,0,0,0,0,0,0,0,0,0,0,0,0,0,0,0,0,0,0,0,0,0,0,0,0,0,,,0,0,0,0,0,0,0,0,0,0,0,0,,,,0,0,0,0,0,0,0,,0,0,0,0,,0,0,,0,0,0,0,0,0,0,0,0,0,0.0,0.0
00-0036241,Bry.Hall,Bryce Hall,CB,DB,"https://static.www.nfl.com/image/upload/f_auto,q_auto/league/owg6wpperxys7bjablkz",2023,REG,NYJ,2,0,0,0,0,0,0,0,0,0,0,0,0,,,0,,0,0,0,0,0,0,0,0,0,0,,0,0,0,0,0,0,0,0,0,0,0,0,0,0,,0,0,0,0,0,,0.0,0.0,0.0,0,5,0,2,0,0,0,0.0,0.0,0,1,5,2,0,0,0,0,0,0,1,39,1,1,1,0,0,0,0,0,0,0,0,0,0,0,0,0,,,0,0,0,0,0,0,0,0,0,0,0,0,,,,0,0,0,0,0,0,0,,0,0,0,0,,0,0,,0,0,0,0,0,0,0,0,0,0,0.0,0.0
00-0036244,C.Parkinson,Colby Parkinson,TE,TE,"https://static.www.nfl.com/image/upload/f_auto,q_auto/league/b1qzivnz0zqa8cjgah8r",2023,REG,SEA,15,0,0,0,0,0,0,0,0,0,0,0,0,,,0,,0,0,0,0,0,0,0,0,0,0,,0,0,0,0,0,25,34,247,2,0,0,218,86,11,8.38113039895061,0,8,7,5,0,1.1330275229357798,0.062157221206581355,0.05289978160640621,0.13026567893435637,0,0,0,0,0,0,0,0.0,0.0,0,0,0,0,0,0,0,0,0,0,0,0,0,5,40,0,0,0,0,0,0,0,1,16,0,0,0,0,,,0,0,0,0,0,0,0,0,0,0,0,0,,,,0,0,0,0,0,0,0,,0,0,0,0,,0,0,,0,0,0,0,0,0,0,0,0,0,36.7,61.7
00-0036246,J.Runyan,Jon Runyan,G,OL,"https://static.www.nfl.com/image/upload/f_auto,q_auto/league/kauh0olqkhebxe8gf1if",2023,REG,GB,4,0,0,0,0,0,0,0,0,0,0,0,0,,,0,,0,0,0,0,0,0,0,0,0,0,,0,0,0,0,0,0,0,0,0,0,0,0,0,0,,0,0,0,0,0,,0.0,0.0,0.0,0,1,0,0,0,0,0,0.0,0.0,0,0,0,0,0,0,0,0,0,0,0,0,0,5,34,0,0,0,0,0,0,0,0,0,0,0,0,0,,,0,0,0,0,0,0,0,0,0,0,0,0,,,,0,0,0,0,0,0,0,,0,0,0,0,,0,0,,0,0,0,0,0,0,0,0,0,0,0.0,0.0
00-0036248,A.Jackson,Austin Jackson,OT,OL,"https://static.www.nfl.com/image/upload/f_auto,q_auto/league/rc3dp8zdfrgfxxfij96t",2023,REG,MIA,6,0,0,0,0,0,0,0,0,0,0,0,0,,,0,,0,0,0,0,0,0,0,0,0,0,,0,0,0,0,0,0,0,0,0,0,0,0,0,0,,0,0,0,0,0,,0.0,0.0,0.0,0,0,0,0,0,0,0,0.0,0.0,0,0,0,0,0,0,0,0,0,0,0,0,0,6,45,0,0,0,0,0,0,0,0,0,0,0,0,0,,,0,0,0,0,0,0,0,0,0,0,0,0,,,,0,0,0,0,0,0,0,,0,0,0,0,,0,0,,0,0,0,0,0,0,0,0,0,0,0.0,0.0
00-0036249,J.Okwara,Julian Okwara,DE,DL,"https://static.www.nfl.com/image/upload/f_auto,q_auto/league/bneqayiahajlquy1dxcc",2023,REG,DET,6,0,0,0,0,0,0,0,0,0,0,0,0,,,0,,0,0,0,0,0,0,0,0,0,0,,0,0,0,0,0,0,0,0,0,0,0,0,0,0,,0,0,0,0,0,,0.0,0.0,0.0,0,5,1,1,2,8,0,2.0,8.0,4,0,0,1,0,0,0,0,0,0,0,0,0,0,0,0,0,0,0,0,0,0,0,0,0,0,0,0,,,0,0,0,0,0,0,0,0,0,0,0,0,,,,0,0,0,0,0,0,0,,0,0,0,0,,0,0,,0,0,0,0,0,0,0,0,0,0,0.0,0.0
00-0036251,Z.Moss,Zack Moss,RB,RB,"https://static.www.nfl.com/image/upload/f_auto,q_auto/league/oxrltdgoquiabhihhgnk",2023,REG,IND,14,0,0,0,0,0,0,0,0,0,0,0,0,,,0,,0,0,0,0,183,794,5,0,0,43,-14.03089295560622,0,19,15,6,2,27,37,192,2,0,0,-14,189,10,-1.037258190068934,1,5,4,1,0,-13.714285714285714,0.06776556776556776,-0.003290246768507638,0.0993451789103963,0,0,0,0,0,0,0,0.0,0.0,0,0,0,0,0,0,0,0,0,0,0,0,0,0,0,0,0,0,0,0,0,0,0,0,0,0,0,0,,,0,0,0,0,0,0,0,0,0,0,0,0,,,,0,0,0,0,0,0,0,,0,0,0,0,,0,0,,0,0,0,0,0,0,0,0,0,0,142.60000000000002,169.60000000000002
00-0036252,M.Pittman,Michael Pittman,WR,WR,"https://static.www.nfl.com/image/upload/f_auto,q_auto/league/z78xpye9hing1e7wke8b",2023,REG,IND,16,0,0,0,0,0,0,0,0,0,0,0,0,,,0,,0,0,0,0,0,0,0,0,0,0,,0,0,0,0,0,109,156,1152,4,1,0,1227,513,53,28.08978447965876,2,42,15,10,3,0.9388753056234719,0.2857142857142857,0.28836662749706227,0.6304280678193721,0,1,0,0,0,0,0,0.0,0.0,0,0,0,0,0,0,0,0,2,0,0,0,0,8,70,2,0,1,2,1,0,0,0,5,0,0,0,0,,,0,0,0,0,0,0,0,0,0,0,0,0,,,,0,0,0,0,0,0,0,,0,0,0,0,,0,0,,0,0,0,0,0,0,0,0,0,0,143.2,252.2
00-0036253,J.Blackmon,Julian Blackmon,SAF,DB,"https://static.www.nfl.com/image/upload/f_auto,q_auto/league/n0wfy5rqjhlshhn0kaqk",2023,REG,IND,15,0,0,0,0,0,0,0,0,0,0,0,0,,,0,,0,0,0,0,0,0,0,0,0,0,,0,0,0,0,0,0,0,0,0,0,0,0,0,0,,0,0,0,0,0,,0.0,0.0,0.0,0,52,13,23,2,11,0,0.0,0.0,1,4,39,8,0,1,0,0,0,0,2,2,0,0,0,0,1,0,1,1,0,0,0,0,0,0,0,0,,,0,0,0,0,0,0,0,0,0,0,0,0,,,,0,0,0,0,0,0,0,,0,0,0,0,,0,0,,0,0,0,0,0,0,0,0,0,0,0.0,0.0
00-0036254,C.Johnson,Collin Johnson,WR,WR,"https://static.www.nfl.com/image/upload/f_auto,q_auto/league/ijr7bal4mbsaum2lp9dq",2023,REG,CHI,1,0,0,0,0,0,0,0,0,0,0,0,0,,,0,,0,0,0,0,0,0,0,0,0,0,,0,0,0,0,0,1,1,11,0,0,0,7,4,1,1.250328631605953,0,1,0,0,0,1.5714285714285714,0.0020964360587002098,0.0018543046357615894,0.004442667333083427,0,0,0,0,0,0,0,0.0,0.0,0,0,0,0,0,0,0,0,0,0,0,0,0,0,0,0,0,0,0,0,0,0,0,0,0,0,0,0,,,0,0,0,0,0,0,0,0,0,0,0,0,,,,0,0,0,0,0,0,0,,0,0,0,0,,0,0,,0,0,0,0,0,0,0,0,0,0,1.1,2.1
00-0036256,C.McKivitz,Colton McKivitz,OT,OL,"https://static.www.nfl.com/image/upload/f_auto,q_auto/league/ljxuxdusiz3j2raspwst",2023,REG,SF,1,0,0,0,0,0,0,0,0,0,0,0,0,,,0,,0,0,0,0,0,0,0,0,0,0,,0,0,0,0,0,0,0,0,0,0,0,0,0,0,,0,0,0,0,0,,0.0,0.0,0.0,0,0,0,0,0,0,0,0.0,0.0,0,0,0,0,0,0,0,0,0,0,0,0,0,1,5,0,0,0,0,0,0,0,0,0,0,0,0,0,,,0,0,0,0,0,0,0,0,0,0,0,0,,,,0,0,0,0,0,0,0,,0,0,0,0,,0,0,,0,0,0,0,0,0,0,0,0,0,0.0,0.0
00-0036258,J.Jackson,Jonah Jackson,G,OL,"https://static.www.nfl.com/image/upload/f_auto,q_auto/league/wm6av5ujifr8uvmdykj7",2023,REG,DET,3,0,0,0,0,0,0,0,0,0,0,0,0,,,0,,0,0,0,0,0,0,0,0,0,0,,0,0,0,0,0,0,0,0,0,0,0,0,0,0,,0,0,0,0,0,,0.0,0.0,0.0,0,0,0,0,0,0,0,0.0,0.0,0,0,0,0,0,0,0,0,0,0,0,0,0,4,30,0,0,0,0,0,0,0,0,0,0,0,0,0,,,0,0,0,0,0,0,0,0,0,0,0,0,,,,0,0,0,0,0,0,0,,0,0,0,0,,0,0,,0,0,0,0,0,0,0,0,0,0,0.0,0.0
00-0036259,J.Jennings,Jauan Jennings,WR,WR,"https://static.www.nfl.com/image/upload/f_auto,q_auto/league/cdx9mq3iglzog9mkqvdr",2023,REG,SF,13,0,0,0,0,0,0,0,0,0,0,0,0,,,0,,0,0,0,0,0,0,0,0,0,0,,0,0,0,0,0,19,33,265,1,0,0,340,89,12,7.912213970729925,0,10,9,4,0,0.7794117647058824,0.07006369426751592,0.08461921353907417,0.1643289908786258,0,1,0,0,0,0,0,0.0,0.0,0,0,0,0,0,0,0,0,0,0,0,0,0,3,35,0,0,0,0,0,0,0,0,0,0,0,0,0,,,0,0,0,0,0,0,0,0,0,0,0,0,,,,0,0,0,0,0,0,0,,0,0,0,0,,0,0,,0,0,0,0,0,0,0,0,0,0,32.5,51.5
00-0036260,J.Kinlaw,Javon Kinlaw,DT,DL,"https://static.www.nfl.com/image/upload/f_auto,q_auto/league/lxyzkmqmy5sgrjktwq80",2023,REG,SF,15,0,0,0,0,0,0,0,0,0,0,0,0,,,0,,0,0,0,0,0,0,0,0,0,0,,0,0,0,0,0,0,0,0,0,0,0,0,0,0,,0,0,0,0,0,,0.0,0.0,0.0,0,11,2,12,4,34,0,3.5,34.5,6,0,0,3,0,0,0,0,0,0,0,0,0,2,10,0,0,0,0,0,0,0,0,0,0,0,0,0,,,0,0,0,0,0,0,0,0,0,0,0,0,,,,0,0,0,0,0,0,0,,0,0,0,0,,0,0,,0,0,0,0,0,0,0,0,0,0,0.0,0.0
00-0036261,B.Aiyuk,Brandon Aiyuk,WR,WR,"https://static.www.nfl.com/image/upload/f_auto,q_auto/league/avzzxycxyculxxqce5k7",2023,REG,SF,16,0,0,0,0,0,0,0,0,0,0,0,0,,,0,,0,0,0,0,0,0,0,0,0,0,,0,0,0,0,0,75,105,1342,7,1,1,1467,362,61,81.7904670821315,0,58,37,28,3,0.9147920927062031,0.2229299363057325,0.36510701841712295,0.5899698173505847,0,1,0,0,0,0,0,0.0,0.0,0,0,0,0,0,0,0,0,0,0,0,0,0,3,30,1,0,0,1,1,0,0,0,0,0,0,0,0,,,0,0,0,0,0,0,0,0,0,0,0,0,,,,0,0,0,0,0,0,0,,0,0,0,0,,0,0,,0,0,0,0,0,0,0,0,0,0,174.20000000000002,249.20000000000002
00-0036262,D.Hamilton,DaVon Hamilton,DT,DL,"https://static.www.nfl.com/image/upload/f_auto,q_auto/league/ncq2nx5rlstdnbaokw76",2023,REG,JAX,5,0,0,0,0,0,0,0,0,0,0,0,0,,,0,,0,0,0,0,0,0,0,0,0,0,,0,0,0,0,0,0,0,0,0,0,0,0,0,0,,0,0,0,0,0,,0.0,0.0,0.0,0,6,1,5,1,4,0,0.0,0.0,0,0,0,0,0,0,0,0,0,0,0,0,0,1,5,0,0,0,0,0,0,0,0,0,0,0,0,0,,,0,0,0,0,0,0,0,0,0,0,0,0,,,,0,0,0,0,0,0,0,,0,0,0,0,,0,0,,0,0,0,0,0,0,0,0,0,0,0.0,0.0
00-0036264,J.Love,Jordan Love,QB,QB,"https://static.www.nfl.com/image/upload/f_auto,q_auto/league/uneiwen9drvci9ahuebp",2023,REG,GB,17,372,579,4159,32,11,30,-242,4,1,4897,1918,209,88.02358448326395,1.1351436909708013,2,0.8492954870328773,162,85,55,7,50,247,4,4,2,16,-7.342560899298354,0,8,5,4,0,0,0,0,0,0,0,0,0,0,,0,0,0,0,0,,0.0,0.0,0.0,0,0,0,0,0,0,0,0.0,0.0,0,0,0,0,0,0,0,0,3,-6,0,0,0,2,13,7,2,2,9,3,0,0,0,0,0,0,0,0,,,0,0,0,0,0,0,0,0,0,0,0,0,,,,0,0,0,0,0,0,0,,0,0,0,0,,0,0,,0,0,0,0,0,0,0,0,0,0,319.06,319.06
00-0036265,A.Dillon,AJ Dillon,RB,RB,"https://static.www.nfl.com/image/upload/f_auto,q_auto/league/nknt5pckn5mzq9ll660i",2023,REG,GB,15,0,0,0,0,0,0,0,0,0,0,0,0,,,0,,0,0,0,0,178,613,2,0,0,32,-23.49627604587461,0,8,5,1,1,22,28,223,0,0,0,1,231,10,5.780031336733373,0,10,5,4,0,223.0,0.049910873440285206,0.00020242914979757084,0.0750080105652861,0,0,0,0,0,0,0,0.0,0.0,0,0,0,0,0,0,0,0,0,0,0,0,0,0,0,0,0,0,0,0,0,0,0,0,0,0,0,0,,,0,0,0,0,0,0,0,0,0,0,0,0,,,,0,0,0,0,0,0,0,,0,0,0,0,,0,0,,0,0,0,0,0,0,0,0,0,0,95.60000000000001,117.60000000000001
00-0036266,J.Elliott,Jordan Elliott,DT,DL,"https://static.www.nfl.com/image/upload/f_auto,q_auto/league/vkl6igrusm0srrkge1d9",2023,REG,CLE,17,0,0,0,0,0,0,0,0,0,0,0,0,,,0,,0,0,0,0,0,0,0,0,0,0,,0,0,0,0,0,0,0,0,0,0,0,0,0,0,,0,0,0,0,0,,0.0,0.0,0.0,0,14,0,7,3,16,0,2.5,17.5,3,0,0,1,0,0,0,0,0,0,0,0,0,6,36,0,0,0,0,0,0,0,0,0,0,0,0,0,,,0,0,0,0,0,0,0,0,0,0,0,0,,,,0,0,0,0,0,0,0,,0,0,0,0,,0,0,,0,0,0,0,0,0,0,0,0,0,0.0,0.0
00-0036267,J.Wills,Jedrick Wills,OT,OL,"https://static.www.nfl.com/image/private/f_auto,q_auto/league/yb2yk8uqsoakf8yyrlf9",2023,REG,CLE,6,0,0,0,0,0,0,0,0,0,0,0,0,,,0,,0,0,0,0,0,0,0,0,0,0,,0,0,0,0,0,0,0,0,0,0,0,0,0,0,,0,0,0,0,0,,0.0,0.0,0.0,0,2,0,0,0,0,0,0.0,0.0,0,0,0,0,0,0,0,0,1,0,0,0,0,6,37,0,0,0,0,0,0,0,0,0,0,0,0,0,,,0,0,0,0,0,0,0,0,0,0,0,0,,,,0,0,0,0,0,0,0,,0,0,0,0,,0,0,,0,0,0,0,0,0,0,0,0,0,0.0,0.0
00-0036268,L.Shenault,Laviska Shenault Jr.,WR,WR,"https://static.www.nfl.com/image/upload/f_auto,q_auto/league/o3cfpcor86ghjwyn8icp",2023,REG,CAR,8,0,0,0,0,0,0,0,0,0,0,0,0,,,0,,0,0,0,0,12,55,0,0,0,3,-0.21212178701534867,0,2,0,0,0,10,10,60,0,0,0,-25,85,2,-1.1995801600860432,0,2,0,0,0,0.0,0.018726591760299626,-0.005577867023650156,0.02418538072389433,0,0,0,1,0,0,0,0.0,0.0,0,0,0,0,0,0,0,0,1,0,0,0,0,0,0,1,0,0,1,0,0,0,6,167,0,0,0,0,,,0,0,0,0,0,0,0,0,0,0,0,0,,,,0,0,0,0,0,0,0,,0,0,0,0,,0,0,,0,0,0,0,0,0,0,0,0,0,11.5,21.5
00-0036269,L.Perine,La'Mical Perine,RB,RB,"https://static.www.nfl.com/image/upload/f_auto,q_auto/league/fd2pagtwrgj0hopdspal",2023,REG,KC,2,0,0,0,0,0,0,0,0,0,0,0,0,,,0,,0,0,0,0,22,77,0,0,0,3,-2.3794992521381046,0,1,0,0,0,3,5,33,0,0,0,2,32,1,-0.15606704220408574,0,1,1,1,0,16.5,0.008347245409015025,0.0004884004884004884,0.012862748455402879,0,0,0,0,0,0,0,0.0,0.0,0,0,0,0,0,0,0,0,0,0,0,0,0,0,0,0,0,0,0,0,0,0,0,0,0,0,0,0,,,0,0,0,0,0,0,0,0,0,0,0,0,,,,0,0,0,0,0,0,0,,0,0,0,0,,0,0,,0,0,0,0,0,0,0,0,0,0,11.0,14.0
00-0036271,Q.Watkins,Quez Watkins,WR,WR,"https://static.www.nfl.com/image/upload/f_auto,q_auto/league/srfbu8ebsckazo1jlzys",2023,REG,PHI,5,0,0,0,0,0,0,0,0,0,0,0,0,,,0,,0,0,0,0,0,0,0,0,0,0,,0,0,0,0,0,15,21,142,1,0,0,245,46,8,-3.3150641940333117,0,6,2,0,0,0.5795918367346938,0.04,0.05057803468208093,0.09540462427745663,0,1,0,0,0,0,0,0.0,0.0,0,0,0,0,0,0,0,0,0,0,0,0,0,0,0,0,0,0,0,0,0,0,1,11,0,0,0,0,,,0,0,0,0,0,0,0,0,0,0,0,0,,,,0,0,0,0,0,0,0,,0,0,0,0,,0,0,,0,0,0,0,0,0,0,0,0,0,20.200000000000003,35.2
00-0036272,B.Bartch,Ben Bartch,OT,OL,"https://static.www.nfl.com/image/upload/f_auto,q_auto/league/cyqdherczwbrk63buszh",2023,REG,SF,1,0,0,0,0,0,0,0,0,0,0,0,0,,,0,,0,0,0,0,0,0,0,0,0,0,,0,0,0,0,0,0,0,0,0,0,0,0,0,0,,0,0,0,0,0,,0.0,0.0,0.0,0,1,0,0,0,0,0,0.0,0.0,0,0,0,0,0,0,0,0,0,0,0,0,0,0,0,0,0,0,0,0,0,0,0,0,0,0,0,0,,,0,0,0,0,0,0,0,0,0,0,0,0,,,,0,0,0,0,0,0,0,,0,0,0,0,,0,0,,0,0,0,0,0,0,0,0,0,0,0.0,0.0
00-0036273,J.Hanson,Jake Hanson,C,OL,"https://static.www.nfl.com/image/upload/f_auto,q_auto/league/sxf7pg6khfwzwmjovuna",2023,REG,NYJ,1,0,0,0,0,0,0,0,0,0,0,0,0,,,0,,0,0,0,0,0,0,0,0,0,0,,0,0,0,0,0,0,0,0,0,0,0,0,0,0,,0,0,0,0,0,,0.0,0.0,0.0,0,0,0,0,0,0,0,0.0,0.0,0,0,0,0,0,0,0,0,0,0,0,0,0,1,5,0,0,0,0,0,0,0,0,0,0,0,0,0,,,0,0,0,0,0,0,0,0,0,0,0,0,,,,0,0,0,0,0,0,0,,0,0,0,0,,0,0,,0,0,0,0,0,0,0,0,0,0,0.0,0.0
00-0036274,J.Okudah,Jeff Okudah,CB,DB,"https://static.www.nfl.com/image/upload/f_auto,q_auto/league/spqqvbna344r34sgvpdk",2023,REG,ATL,11,0,0,0,0,0,0,0,0,0,0,0,0,,,0,,0,0,0,0,0,0,0,0,0,0,,0,0,0,0,0,0,0,0,0,0,0,0,0,0,,0,0,0,0,0,,0.0,0.0,0.0,0,28,6,10,1,2,0,0.0,0.0,0,0,0,3,0,0,0,0,0,0,0,0,0,4,20,0,0,0,0,0,0,0,0,0,0,0,0,0,,,0,0,0,0,0,0,0,0,0,0,0,0,,,,0,0,0,0,0,0,0,,0,0,0,0,,0,0,,0,0,0,0,0,0,0,0,0,0,0.0,0.0
00-0036275,D.Swift,D'Andre Swift,RB,RB,"https://static.www.nfl.com/image/upload/f_auto,q_auto/league/owpmwzoilitcodc6cmxo",2023,REG,PHI,16,0,0,0,0,0,0,0,0,0,0,0,0,,,0,,0,0,0,0,229,1049,5,2,0,50,1.9140144739499827,0,22,17,6,1,39,49,214,1,1,1,27,267,8,-8.93390828878769,0,5,2,2,0,7.925925925925926,0.09333333333333334,0.005573905862923204,0.14390173410404625,0,0,0,0,0,0,0,0.0,0.0,0,0,0,0,0,0,0,0,1,0,0,0,0,1,5,2,1,0,3,1,0,0,0,0,0,0,0,0,,,0,0,0,0,0,0,0,0,0,0,0,0,,,,0,0,0,0,0,0,0,,0,0,0,0,,0,0,,0,0,0,0,0,0,0,0,0,0,160.3,199.3
00-0036280,M.Harrison,Malik Harrison,LB,LB,"https://static.www.nfl.com/image/upload/f_auto,q_auto/league/d6ttadigndjeor6gwc8m",2023,REG,BAL,10,0,0,0,0,0,0,0,0,0,0,0,0,,,0,,0,0,0,0,0,0,0,0,0,0,,0,0,0,0,0,0,0,0,0,0,0,0,0,0,,0,0,0,0,0,,0.0,0.0,0.0,0,11,2,7,0,0,0,0.0,0.0,1,0,0,0,0,0,0,0,0,0,0,0,0,1,5,0,0,0,0,0,0,0,0,0,0,0,0,0,,,0,0,0,0,0,0,0,0,0,0,0,0,,,,0,0,0,0,0,0,0,,0,0,0,0,,0,0,,0,0,0,0,0,0,0,0,0,0,0.0,0.0
00-0036281,C.Henderson,C.J. Henderson,CB,DB,"https://static.www.nfl.com/image/upload/f_auto,q_auto/league/tna89m19aol0bnfhugay",2023,REG,CAR,11,0,0,0,0,0,0,0,0,0,0,0,0,,,0,,0,0,0,0,0,0,0,0,0,0,,0,0,0,0,0,0,0,0,0,0,0,0,0,0,,0,0,0,0,0,,0.0,0.0,0.0,0,27,4,8,3,12,0,1.0,8.0,1,0,0,2,0,0,0,0,0,0,0,0,0,1,6,0,0,0,0,0,0,0,0,0,0,0,0,0,,,0,0,0,0,0,0,0,0,0,0,0,0,,,,0,0,0,0,0,0,0,,0,0,0,0,,0,0,,0,0,0,0,0,0,0,0,0,0,0.0,0.0
00-0036282,G.Delpit,Grant Delpit,SAF,DB,"https://static.www.nfl.com/image/upload/f_auto,q_auto/league/vfp5ffmtbfgobosxlxjj",2023,REG,CLE,13,0,0,0,0,0,0,0,0,0,0,0,0,,,0,,0,0,0,0,0,0,0,0,0,0,,0,0,0,0,0,0,0,0,0,0,0,0,0,0,,0,0,0,0,0,,0.0,0.0,0.0,0,54,9,17,7,34,0,1.5,14.5,4,1,0,3,0,1,0,0,0,0,1,14,0,2,22,1,0,1,1,0,0,0,0,0,0,0,0,0,,,0,0,0,0,0,0,0,0,0,0,0,0,,,,0,0,0,0,0,0,0,,0,0,0,0,,0,0,,0,0,0,0,0,0,0,0,0,0,0.0,0.0
00-0036284,M.Becton,Mekhi Becton,G,OL,"https://static.www.nfl.com/image/upload/f_auto,q_auto/league/y8g95wptr3ozqhtj6urd",2023,REG,NYJ,9,0,0,0,0,0,0,0,0,0,0,0,0,,,0,,0,0,0,0,0,0,0,0,0,0,,0,0,0,0,0,0,0,0,0,0,0,0,0,0,,0,0,0,0,0,,0.0,0.0,0.0,0,0,0,0,0,0,0,0.0,0.0,0,0,0,0,0,0,0,0,1,0,0,0,0,12,84,0,0,0,0,0,0,0,0,0,0,0,0,0,,,0,0,0,0,0,0,0,0,0,0,0,0,,,,0,0,0,0,0,0,0,,0,0,0,0,,0,0,,0,0,0,0,0,0,0,0,0,0,0.0,0.0
00-0036285,A.Terrell,A.J. Terrell,CB,DB,"https://static.www.nfl.com/image/upload/f_auto,q_auto/league/etcev3yjoqtp5tay2ndo",2023,REG,ATL,17,0,0,0,0,0,0,0,0,0,0,0,0,,,0,,0,0,0,0,0,0,0,0,0,0,,0,0,0,0,0,0,0,0,0,0,0,0,0,0,,0,0,0,0,0,,0.0,0.0,0.0,0,30,4,11,2,4,0,0.0,0.0,0,0,0,11,0,0,0,0,0,0,0,0,0,7,122,0,0,0,0,0,0,0,0,0,0,0,0,0,,,0,0,0,0,0,0,0,0,0,0,0,0,,,,0,0,0,0,0,0,0,,0,0,0,0,,0,0,,0,0,0,0,0,0,0,0,0,0,0.0,0.0
00-0036286,K.Chaisson,K'Lavon Chaisson,LB,LB,"https://static.www.nfl.com/image/upload/f_auto,q_auto/league/gc9qqj4piwlwse4spobk",2023,REG,JAX,12,0,0,0,0,0,0,0,0,0,0,0,0,,,0,,0,0,0,0,0,0,0,0,0,0,,0,0,0,0,0,0,0,0,0,0,0,0,0,0,,0,0,0,0,0,,0.0,0.0,0.0,0,8,1,4,3,18,0,2.0,11.0,8,0,0,1,0,0,0,0,0,0,0,0,0,3,25,0,0,0,0,0,0,0,0,0,0,0,0,0,,,0,0,0,0,0,0,0,0,0,0,0,0,,,,0,0,0,0,0,0,0,,0,0,0,0,,0,0,,0,0,0,0,0,0,0,0,0,0,0.0,0.0
00-0036287,N.Igbinoghene,Noah Igbinoghene,CB,DB,"https://static.www.nfl.com/image/upload/f_auto,q_auto/league/hyu05mp0m5bstdoi0wdx",2023,REG,DAL,1,0,0,0,0,0,0,0,0,0,0,0,0,,,0,,0,0,0,0,0,0,0,0,0,0,,0,0,0,0,0,0,0,0,0,0,0,0,0,0,,0,0,0,0,0,,0.0,0.0,0.0,1,0,0,0,0,0,0,0.0,0.0,0,0,0,0,0,0,0,58,0,0,0,0,0,0,0,0,0,0,0,0,0,0,0,0,0,0,0,0,,,0,0,0,0,0,0,0,0,0,0,0,0,,,,0,0,0,0,0,0,0,,0,0,0,0,,0,0,,0,0,0,0,0,0,0,0,0,0,6.0,6.0
00-0036288,Y.Gross-Matos,Yetur Gross-Matos,DE,DL,"https://static.www.nfl.com/image/upload/f_auto,q_auto/league/w1xhz0qsd0rr5hczbpb8",2023,REG,CAR,11,0,0,0,0,0,0,0,0,0,0,0,0,,,0,,0,0,0,0,0,0,0,0,0,0,,0,0,0,0,0,0,0,0,0,0,0,0,0,0,,0,0,0,0,0,,0.0,0.0,0.0,0,14,5,17,5,16,0,4.5,18.5,10,0,0,0,0,0,0,0,0,0,0,0,0,2,20,0,0,0,0,0,0,0,0,0,0,0,0,0,,,0,0,0,0,0,0,0,0,0,0,0,0,,,,0,0,0,0,0,0,0,,0,0,0,0,,0,0,,0,0,0,0,0,0,0,0,0,0,0.0,0.0
00-0036289,R.Blacklock,Ross Blacklock,DT,DL,"https://static.www.nfl.com/image/private/f_auto,q_auto/league/bhfz75verrtkscghgjjz",2023,REG,TEN,2,0,0,0,0,0,0,0,0,0,0,0,0,,,0,,0,0,0,0,0,0,0,0,0,0,,0,0,0,0,0,0,0,0,0,0,0,0,0,0,,0,0,0,0,0,,0.0,0.0,0.0,0,1,0,1,0,0,0,0.0,0.0,0,0,0,0,0,0,0,0,0,0,0,0,0,0,0,0,0,0,0,0,0,0,0,0,0,0,0,0,,,0,0,0,0,0,0,0,0,0,0,0,0,,,,0,0,0,0,0,0,0,,0,0,0,0,,0,0,,0,0,0,0,0,0,0,0,0,0,0.0,0.0
00-0036290,C.Kmet,Cole Kmet,TE,TE,"https://static.www.nfl.com/image/upload/f_auto,q_auto/league/ysnui8mzlu2fo70ub0yt",2023,REG,CHI,16,0,0,0,0,0,0,0,0,0,0,0,0,,,0,,0,0,0,0,3,2,0,0,0,2,0.8037872633431107,0,0,0,0,0,73,90,719,6,1,0,557,290,36,32.52244778362877,0,25,11,9,2,1.2908438061041292,0.18867924528301888,0.14754966887417217,0.38630363613644886,0,2,0,1,0,0,0,0.0,0.0,0,0,0,0,0,0,0,0,1,0,0,0,0,3,14,1,0,0,1,0,0,0,1,0,0,0,0,0,,,0,0,0,0,0,0,0,0,0,0,0,0,,,,0,0,0,0,0,0,0,,0,0,0,0,,0,0,,0,0,0,0,0,0,0,0,0,0,108.10000000000001,181.10000000000002
00-0036291,M.Davidson,Marlon Davidson,DE,DL,"https://static.www.nfl.com/image/upload/f_auto,q_auto/league/zxqpom7rcenoibhktkyh",2023,REG,TEN,5,0,0,0,0,0,0,0,0,0,0,0,0,,,0,,0,0,0,0,0,0,0,0,0,0,,0,0,0,0,0,0,0,0,0,0,0,0,0,0,,0,0,0,0,0,,0.0,0.0,0.0,0,6,0,4,2,11,0,1.0,8.0,1,0,0,0,0,0,0,0,0,0,0,0,0,0,0,0,0,0,0,0,0,0,0,0,0,0,0,0,,,0,0,0,0,0,0,0,0,0,0,0,0,,,,0,0,0,0,0,0,0,,0,0,0,0,,0,0,,0,0,0,0,0,0,0,0,0,0,0.0,0.0
00-0036292,J.Johnson,Jaylon Johnson,CB,DB,"https://static.www.nfl.com/image/upload/f_auto,q_auto/league/mee0icza276avcisghdk",2023,REG,CHI,14,0,0,0,0,0,0,0,0,0,0,0,0,,,0,,0,0,0,0,0,0,0,0,0,0,,0,0,0,0,0,0,0,0,0,0,0,0,0,0,,0,0,0,0,0,,0.0,0.0,0.0,0,28,3,5,1,1,1,0.0,0.0,0,4,65,10,1,1,0,0,0,0,0,0,0,5,95,1,0,1,1,0,0,0,0,0,0,0,0,0,,,0,0,0,0,0,0,0,0,0,0,0,0,,,,0,0,0,0,0,0,0,,0,0,0,0,,0,0,,0,0,0,0,0,0,0,0,0,0,0.0,0.0
00-0036293,J.Chinn,Jeremy Chinn,SAF,DB,"https://static.www.nfl.com/image/upload/f_auto,q_auto/league/qdvollzto5i4xs6q9gov",2023,REG,CAR,10,0,0,0,0,0,0,0,0,0,0,0,0,,,0,,0,0,0,0,0,0,0,0,0,0,,0,0,0,0,0,0,0,0,0,0,0,0,0,0,,0,0,0,0,0,,0.0,0.0,0.0,0,16,2,12,1,8,0,1.0,8.0,1,0,0,1,0,0,0,0,0,0,0,0,0,1,1,0,0,0,0,0,0,0,0,0,0,0,0,0,,,0,0,0,0,0,0,0,0,0,0,0,0,,,,0,0,0,0,0,0,0,,0,0,0,0,,0,0,,0,0,0,0,0,0,0,0,0,0,0.0,0.0
00-0036294,L.Wilson,Logan Wilson,LB,LB,"https://static.www.nfl.com/image/upload/f_auto,q_auto/league/yricskcpoyoucmgfauek",2023,REG,CIN,17,0,0,0,0,0,0,0,0,0,0,0,0,,,0,,0,0,0,0,0,0,0,0,0,0,,0,0,0,0,0,0,0,0,0,0,0,0,0,0,,0,0,0,0,0,,0.0,0.0,0.0,0,63,15,57,1,1,3,1.0,0.0,4,4,42,9,0,0,0,0,0,0,0,0,0,1,6,0,0,0,0,0,0,0,0,0,0,0,0,0,,,0,0,0,0,0,0,0,0,0,0,0,0,,,,0,0,0,0,0,0,0,,0,0,0,0,,0,0,,0,0,0,0,0,0,0,0,0,0,0.0,0.0
00-0036297,D.Evans,Darrynton Evans,RB,RB,"https://static.www.nfl.com/image/upload/f_auto,q_auto/league/akmrd72vwsbpsnuh9775",2023,REG,MIA,6,0,0,0,0,0,0,0,0,0,0,0,0,,,0,,0,0,0,0,32,121,1,0,0,10,0.6038455819798321,0,5,2,0,0,7,12,49,0,0,0,-14,69,2,-5.2291400569987045,0,1,1,0,0,-3.5,0.025157232704402517,-0.003708609271523179,0.035139822566537554,0,0,0,0,0,0,0,0.0,0.0,0,0,0,0,0,0,0,0,0,0,0,0,0,0,0,0,0,0,0,0,0,0,0,0,0,0,0,0,,,0,0,0,0,0,0,0,0,0,0,0,0,,,,0,0,0,0,0,0,0,,0,0,0,0,,0,0,,0,0,0,0,0,0,0,0,0,0,23.0,30.0
00-0036298,A.Davis-Gaither,Akeem Davis-Gaither,LB,LB,"https://static.www.nfl.com/image/upload/f_auto,q_auto/league/bh8mbyhyngomfqg3hf2a",2023,REG,CIN,11,0,0,0,0,0,0,0,0,0,0,0,0,,,0,,0,0,0,0,0,0,0,0,0,0,,0,0,0,0,0,0,0,0,0,0,0,0,0,0,,0,0,0,0,0,,0.0,0.0,0.0,0,6,4,7,1,2,0,0.0,0.0,0,0,0,0,0,0,0,0,0,0,0,0,0,1,5,0,0,0,0,0,0,0,0,0,0,0,0,0,,,0,0,0,0,0,0,0,0,0,0,0,0,,,,0,0,0,0,0,0,0,,0,0,0,0,,0,0,,0,0,0,0,0,0,0,0,0,0,0.0,0.0
00-0036300,M.Walker,Mykal Walker,LB,LB,"https://static.www.nfl.com/image/upload/f_auto,q_auto/league/tbysjdwb1ea5ya03wnfz",2023,REG,PIT,8,0,0,0,0,0,0,0,0,0,0,0,0,,,0,,0,0,0,0,0,0,0,0,0,0,,0,0,0,0,0,0,0,0,0,0,0,0,0,0,,0,0,0,0,0,,0.0,0.0,0.0,0,16,5,12,1,2,0,0.0,0.0,0,1,30,2,0,0,0,0,0,0,0,0,0,1,15,0,0,0,0,0,0,0,0,0,0,0,0,0,,,0,0,0,0,0,0,0,0,0,0,0,0,,,,0,0,0,0,0,0,0,,0,0,0,0,,0,0,,0,0,0,0,0,0,0,0,0,0,0.0,0.0
00-0036302,J.Hawkins,Jaylinn Hawkins,SAF,DB,"https://static.www.nfl.com/image/upload/f_auto,q_auto/league/x6aoovce6sz0dxstlb4u",2023,REG,LAC,7,0,0,0,0,0,0,0,0,0,0,0,0,,,0,,0,0,0,0,0,0,0,0,0,0,,0,0,0,0,0,0,0,0,0,0,0,0,0,0,,0,0,0,0,0,,0.0,0.0,0.0,0,6,0,8,0,0,0,0.0,0.0,0,0,0,1,0,0,0,0,0,0,0,0,0,0,0,0,0,0,0,0,0,0,0,0,0,0,0,0,,,0,0,0,0,0,0,0,0,0,0,0,0,,,,0,0,0,0,0,0,0,,0,0,0,0,,0,0,,0,0,0,0,0,0,0,0,0,0,0.0,0.0
00-0036303,J.Scott,Josiah Scott,CB,DB,"https://static.www.nfl.com/image/private/f_auto,q_auto/league/nv4stfnpyttr3pc5pmc4",2023,REG,PHI,2,0,0,0,0,0,0,0,0,0,0,0,0,,,0,,0,0,0,0,0,0,0,0,0,0,,0,0,0,0,0,0,0,0,0,0,0,0,0,0,,0,0,0,0,0,,0.0,0.0,0.0,0,1,0,1,0,0,0,0.0,0.0,0,0,0,0,0,0,0,0,0,0,0,0,0,0,0,0,0,0,0,0,0,0,0,0,0,0,0,0,,,0,0,0,0,0,0,0,0,0,0,0,0,,,,0,0,0,0,0,0,0,,0,0,0,0,,0,0,,0,0,0,0,0,0,0,0,0,0,0.0,0.0
00-0036305,T.Gipson,Trevis Gipson,LB,LB,"https://static.www.nfl.com/image/upload/f_auto,q_auto/league/mdrrrg7fr2sos9veyyin",2023,REG,TEN,3,0,0,0,0,0,0,0,0,0,0,0,0,,,0,,0,0,0,0,0,0,0,0,0,0,,0,0,0,0,0,0,0,0,0,0,0,0,0,0,,0,0,0,0,0,,0.0,0.0,0.0,0,1,0,5,0,0,1,1.0,8.0,0,0,0,0,0,0,0,0,0,0,0,0,0,0,0,0,0,0,0,0,0,0,0,0,0,0,0,0,,,0,0,0,0,0,0,0,0,0,0,0,0,,,,0,0,0,0,0,0,0,,0,0,0,0,,0,0,,0,0,0,0,0,0,0,0,0,0,0.0,0.0
00-0036306,D.Thomas,Daniel Thomas,SAF,DB,"https://static.www.nfl.com/image/upload/f_auto,q_auto/league/qbw8gam5wiinqegq213p",2023,REG,JAX,7,0,0,0,0,0,0,0,0,0,0,0,0,,,0,,0,0,0,0,0,0,0,0,0,0,,0,0,0,0,0,0,0,0,0,0,0,0,0,0,,0,0,0,0,0,,0.0,0.0,0.0,0,6,1,1,0,0,0,0.0,0.0,0,0,0,0,0,0,0,0,0,0,0,0,0,2,20,0,0,0,0,0,0,0,1,21,0,0,0,0,,,0,0,0,0,0,0,0,0,0,0,0,0,,,,0,0,0,0,0,0,0,,0,0,0,0,,0,0,,0,0,0,0,0,0,0,0,0,0,0.0,0.0
00-0036307,K.Vildor,Kindle Vildor,CB,DB,"https://static.www.nfl.com/image/upload/f_auto,q_auto/league/f1loty6bu2jaxt9bwcbx",2023,REG,DET,6,0,0,0,0,0,0,0,0,0,0,0,0,,,0,,0,0,0,0,0,0,0,0,0,0,,0,0,0,0,0,0,0,0,0,0,0,0,0,0,,0,0,0,0,0,,0.0,0.0,0.0,0,9,1,1,2,5,1,0.0,0.0,1,0,0,2,0,0,0,0,0,0,0,0,0,3,15,0,0,0,0,0,0,0,0,0,0,0,0,0,,,0,0,0,0,0,0,0,0,0,0,0,0,,,,0,0,0,0,0,0,0,,0,0,0,0,,0,0,,0,0,0,0,0,0,0,0,0,0,0.0,0.0
00-0036309,D.Mooney,Darnell Mooney,WR,WR,"https://static.www.nfl.com/image/upload/f_auto,q_auto/league/eaejonwaflt9drrs9ika",2023,REG,CHI,14,0,0,0,0,0,0,0,0,0,0,0,0,,,0,,0,0,0,0,2,5,0,0,0,0,-0.7624294410925359,0,0,0,0,0,31,61,414,1,0,0,630,181,20,-4.804643356433066,0,17,10,7,1,0.6571428571428571,0.1278825995807128,0.16688741721854305,0.30864509142404933,0,2,0,1,0,0,0,0.0,0.0,0,0,0,0,0,0,0,0,0,0,0,0,0,0,0,0,0,0,0,0,0,0,0,0,0,0,0,0,,,0,0,0,0,0,0,0,0,0,0,0,0,,,,0,0,0,0,0,0,0,,0,0,0,0,,0,0,,0,0,0,0,0,0,0,0,0,0,47.900000000000006,78.9
00-0036313,B.Mann,Braden Mann,P,SPEC,"https://static.www.nfl.com/image/upload/f_auto,q_auto/league/eizeojehmxkvvfahj1tk",2023,REG,PHI,15,1,1,28,0,0,0,0,0,0,11,17,1,4.209326545824297,35.070258378982544,0,2.5454545454545454,1,1,1,0,0,0,0,0,0,0,,0,0,0,0,0,0,0,0,0,0,0,0,0,0,,0,0,0,0,0,,0.0,0.0,0.0,0,0,0,0,0,0,0,0.0,0.0,0,0,0,0,0,0,0,0,0,0,0,0,0,0,0,0,0,0,0,0,0,0,0,0,0,0,0,0,,,0,0,0,0,0,0,0,0,0,0,0,0,,,,0,0,0,0,0,0,0,,0,0,0,0,,44,0,63,2190,15,2,9,1,5,27,237,0,1933,1.12,1.12
00-0036314,M.Bailey,Markus Bailey,LB,LB,"https://static.www.nfl.com/image/upload/f_auto,q_auto/league/etenzo5wtbuoiz2z5tbb",2023,REG,CIN,9,0,0,0,0,0,0,0,0,0,0,0,0,,,0,,0,0,0,0,0,0,0,0,0,0,,0,0,0,0,0,0,0,0,0,0,0,0,0,0,,0,0,0,0,0,,0.0,0.0,0.0,0,5,1,4,0,0,0,0.0,0.0,0,0,0,0,0,0,0,0,0,0,0,0,0,0,0,0,0,0,0,0,0,0,0,0,0,0,0,0,,,0,0,0,0,0,0,0,0,0,0,0,0,,,,0,0,0,0,0,0,0,,0,0,0,0,,0,0,,0,0,0,0,0,0,0,0,0,0,0.0,0.0
00-0036321,C.Young,Chase Young,DE,DL,"https://static.www.nfl.com/image/upload/f_auto,q_auto/league/oeg7zkuy6zte74pe8pxl",2023,REG,SF,15,0,0,0,0,0,0,0,0,0,0,0,0,,,0,,0,0,0,0,0,0,0,0,0,0,,0,0,0,0,0,0,0,0,0,0,0,0,0,0,,0,0,0,0,0,,0.0,0.0,0.0,0,15,2,8,7,44,0,7.5,49.0,15,0,0,2,0,0,0,0,0,0,0,0,0,3,19,0,0,0,0,0,0,0,0,0,0,0,0,0,,,0,0,0,0,0,0,0,0,0,0,0,0,,,,0,0,0,0,0,0,0,,0,0,0,0,,0,0,,0,0,0,0,0,0,0,0,0,0,0.0,0.0
00-0036322,J.Jefferson,Justin Jefferson,WR,WR,"https://static.www.nfl.com/image/upload/f_auto,q_auto/league/f0ccavu3ppzcs51e1cuv",2023,REG,MIN,10,0,1,0,0,0,0,0,0,0,20,0,0,-0.39332577056484297,-29.81584668159485,0,0.0,0,0,0,0,1,-12,0,0,0,0,-1.9716245462186635,0,0,0,0,0,68,100,1074,5,1,1,1258,260,51,42.82270591843974,0,42,28,25,2,0.8537360890302067,0.16501650165016502,0.25517241379310346,0.42614544213041994,0,2,0,0,0,0,0,0.0,0.0,0,0,0,0,0,0,0,0,1,0,0,0,0,0,0,1,0,1,1,1,0,0,0,0,0,0,0,0,,,0,0,0,0,0,0,0,0,0,0,0,0,,,,0,0,0,0,0,0,0,,0,0,0,0,,0,0,,0,0,0,0,0,0,0,0,0,0,134.2,202.2
00-0036323,P.Queen,Patrick Queen,LB,LB,"https://static.www.nfl.com/image/upload/f_auto,q_auto/league/doxpcjbw3vigxuj4xdqu",2023,REG,BAL,17,0,0,0,0,0,0,0,0,0,0,0,0,,,0,,0,0,0,0,0,0,0,0,0,0,,0,0,0,0,0,0,0,0,0,0,0,0,0,0,,0,0,0,0,0,,0.0,0.0,0.0,0,67,17,49,8,44,1,3.5,35.0,6,1,21,6,0,0,0,0,0,0,1,0,0,1,15,0,0,0,0,0,0,0,0,0,0,0,0,0,,,0,0,0,0,0,0,0,0,0,0,0,0,,,,0,0,0,0,0,0,0,,0,0,0,0,,0,0,,0,0,0,0,0,0,0,0,0,0,0.0,0.0
00-0036325,R.Hunt,Robert Hunt,OT,OL,"https://static.www.nfl.com/image/upload/f_auto,q_auto/league/i7mowb5kq5lqz7tjpstc",2023,REG,MIA,1,0,0,0,0,0,0,0,0,0,0,0,0,,,0,,0,0,0,0,0,0,0,0,0,0,,0,0,0,0,0,0,0,0,0,0,0,0,0,0,,0,0,0,0,0,,0.0,0.0,0.0,0,0,0,0,0,0,0,0.0,0.0,0,0,0,0,0,0,0,0,0,0,0,0,0,1,10,0,0,0,0,0,0,0,0,0,0,0,0,0,,,0,0,0,0,0,0,0,0,0,0,0,0,,,,0,0,0,0,0,0,0,,0,0,0,0,,0,0,,0,0,0,0,0,0,0,0,0,0,0.0,0.0
00-0036326,C.Claypool,Chase Claypool,WR,WR,"https://static.www.nfl.com/image/upload/f_auto,q_auto/league/intpee5tvgt6rhzxhquc",2023,REG,MIA,11,0,0,0,0,0,0,0,0,0,0,0,0,,,0,,0,0,0,0,0,0,0,0,0,0,,0,0,0,0,0,8,21,77,1,0,0,230,25,4,-13.195911553726338,0,3,1,1,0,0.3347826086956522,0.0440251572327044,0.060927152317880796,0.10868674247157316,0,3,0,3,0,0,0,0.0,0.0,0,0,0,0,0,0,0,0,1,0,0,0,0,2,11,0,0,0,0,0,0,0,0,0,0,0,0,0,,,0,0,0,0,0,0,0,0,0,0,0,0,,,,0,0,0,0,0,0,0,,0,0,0,0,,0,0,,0,0,0,0,0,0,0,0,0,0,13.7,21.7
00-0036327,E.Cleveland,Ezra Cleveland,G,OL,"https://static.www.nfl.com/image/upload/f_auto,q_auto/league/wofagulp593x7i5pjxis",2023,REG,JAX,4,0,0,0,0,0,0,0,0,0,0,0,0,,,0,,0,0,0,0,0,0,0,0,0,0,,0,0,0,0,0,0,0,0,0,0,0,0,0,0,,0,0,0,0,0,,0.0,0.0,0.0,0,1,0,0,0,0,0,0.0,0.0,0,0,0,0,0,0,0,0,0,0,0,0,0,3,15,0,0,0,0,0,0,0,0,0,0,0,0,0,,,0,0,0,0,0,0,0,0,0,0,0,0,,,,0,0,0,0,0,0,0,,0,0,0,0,,0,0,,0,0,0,0,0,0,0,0,0,0,0.0,0.0
00-0036328,A.Gibson,Antonio Gibson,RB,RB,"https://static.www.nfl.com/image/upload/f_auto,q_auto/league/j7ixpkm7u4tdoqwzmbt4",2023,REG,WAS,16,0,0,0,0,0,0,0,0,0,0,0,0,,,0,,0,0,0,0,65,265,1,1,1,13,-6.735830693331081,0,5,3,0,0,48,59,389,2,2,1,-2,377,19,0.8663656756786648,0,17,5,3,1,-194.5,0.09816971713810316,-0.0004195510803440319,0.1469608899509139,0,1,0,1,0,0,0,0.0,0.0,0,0,0,0,0,0,0,0,2,0,0,0,0,1,5,3,0,0,3,2,0,0,14,340,0,0,0,0,,,0,0,0,0,0,0,0,0,0,0,0,0,,,,0,0,0,0,0,0,0,,0,0,0,0,,0,0,,0,0,0,0,0,0,0,0,0,0,79.4,127.4
00-0036329,A.Davis,Ashtyn Davis,SAF,DB,"https://static.www.nfl.com/image/upload/f_auto,q_auto/league/f1yyvajikoqdnqunml6i",2023,REG,NYJ,16,0,0,0,0,0,0,0,0,0,0,0,0,,,0,,0,0,0,0,2,3,0,0,0,1,-0.46953138220123947,0,0,0,0,0,0,0,0,0,0,0,0,0,0,,0,0,0,0,0,,0.0,0.0,0.0,0,19,4,14,1,1,1,0.0,0.0,0,3,66,8,0,1,1,0,0,0,3,0,0,0,0,1,0,0,1,1,0,0,0,0,0,0,0,0,,,0,0,0,0,0,0,0,0,0,0,0,0,,,,0,0,0,0,0,0,0,,0,0,0,0,,0,0,,0,0,0,0,0,0,0,0,0,0,0.30000000000000004,0.30000000000000004
00-0036331,D.Duvernay,Devin Duvernay,WR,WR,"https://static.www.nfl.com/image/upload/f_auto,q_auto/league/rhqvgqqfokrv6omkw0lg",2023,REG,BAL,13,0,0,0,0,0,0,0,0,0,0,0,0,,,0,,0,0,0,0,4,15,0,0,0,0,-0.5527567394892685,0,0,0,0,0,4,9,18,0,0,0,81,17,0,-4.006126745357719,0,1,0,0,0,0.2222222222222222,0.018907563025210083,0.019809244314013204,0.042227815557624365,0,1,1,0,0,0,0,0.0,0.0,0,0,0,0,0,0,0,0,0,0,1,0,0,0,0,0,0,0,0,0,23,290,9,174,0,0,0,0,,,0,0,0,0,0,0,0,0,0,0,0,0,,,,0,0,0,0,0,0,0,,0,0,0,0,,0,0,,0,0,0,0,0,0,0,0,0,0,3.3000000000000003,7.300000000000001
00-0036332,J.Deguara,Josiah Deguara,TE,TE,"https://static.www.nfl.com/image/upload/f_auto,q_auto/league/wivlyvbmlm0aogcvl2yz",2023,REG,GB,9,0,0,0,0,0,0,0,0,0,0,0,0,,,0,,0,0,0,0,0,0,0,0,0,0,,0,0,0,0,0,8,8,65,0,0,0,26,39,3,1.157741245930083,0,2,1,0,0,2.5,0.0142602495543672,0.005263157894736842,0.02507458485786659,0,3,0,1,0,0,0,0.0,0.0,0,0,0,0,0,0,0,0,1,0,0,0,0,2,15,0,0,0,0,0,0,0,0,0,0,0,0,0,,,0,0,0,0,0,0,0,0,0,0,0,0,,,,0,0,0,0,0,0,0,,0,0,0,0,,0,0,,0,0,0,0,0,0,0,0,0,0,6.5,14.5
00-0036333,A.Highsmith,Alex Highsmith,LB,LB,"https://static.www.nfl.com/image/upload/f_auto,q_auto/league/cczpmknwul24lusvhzyf",2023,REG,PIT,17,0,0,0,0,0,0,0,0,0,0,0,0,,,0,,0,0,0,0,0,0,0,0,0,0,,0,0,0,0,0,0,0,0,0,0,0,0,0,0,,0,0,0,0,0,,0.0,0.0,0.0,0,28,6,23,7,33,2,7.0,44.5,18,2,30,3,1,0,0,0,0,0,0,0,0,2,20,0,0,0,0,0,0,0,0,0,0,0,0,0,,,0,0,0,0,0,0,0,0,0,0,0,0,,,,0,0,0,0,0,0,0,,0,0,0,0,,0,0,,0,0,0,0,0,0,0,0,0,0,0.0,0.0
00-0036334,S.Charles,Saahdiq Charles,OT,OL,"https://static.www.nfl.com/image/upload/f_auto,q_auto/league/f3e07rywiznazr0urp4e",2023,REG,WAS,2,0,0,0,0,0,0,0,0,0,0,0,0,,,0,,0,0,0,0,0,0,0,0,0,0,,0,0,0,0,0,0,0,0,0,0,0,0,0,0,,0,0,0,0,0,,0.0,0.0,0.0,0,0,0,0,0,0,0,0.0,0.0,0,0,0,0,0,0,0,0,0,0,0,0,0,2,20,0,0,0,0,0,0,0,0,0,0,0,0,0,,,0,0,0,0,0,0,0,0,0,0,0,0,,,,0,0,0,0,0,0,0,,0,0,0,0,,0,0,,0,0,0,0,0,0,0,0,0,0,0.0,0.0
00-0036335,D.Wonnum,D.J. Wonnum,LB,LB,"https://static.www.nfl.com/image/upload/f_auto,q_auto/league/i4vqp3hdkbfiakcdmnmo",2023,REG,MIN,15,0,0,0,0,0,0,0,0,0,0,0,0,,,0,,0,0,0,0,0,0,0,0,0,0,,0,0,0,0,0,0,0,0,0,0,0,0,0,0,,0,0,0,0,0,,0.0,0.0,0.0,0,30,3,29,7,52,0,8.0,54.5,15,0,0,6,0,0,0,0,0,0,1,51,1,0,0,0,0,0,0,0,0,0,0,0,0,0,0,0,,,0,0,0,0,0,0,0,0,0,0,0,0,,,,0,0,0,0,0,0,0,,0,0,0,0,,0,0,,0,0,0,0,0,0,0,0,0,0,0.0,0.0
00-0036336,A.McFarland,Anthony McFarland,RB,RB,"https://static.www.nfl.com/image/private/f_auto,q_auto/league/dwt64mh92t2qztepvswo",2023,REG,PIT,3,0,0,0,0,0,0,0,0,0,0,0,0,,,0,,0,0,0,0,0,0,0,0,0,0,,0,0,0,0,0,2,2,11,0,0,0,4,7,1,1.1931449007242918,0,0,0,0,0,2.75,0.004132231404958678,0.0010568031704095112,0.006938109326724675,0,0,0,0,0,0,0,0.0,0.0,0,0,0,0,0,0,0,0,0,0,0,0,0,0,0,0,0,0,0,0,0,0,6,164,0,0,0,0,,,0,0,0,0,0,0,0,0,0,0,0,0,,,,0,0,0,0,0,0,0,,0,0,0,0,,0,0,,0,0,0,0,0,0,0,0,0,0,1.1,3.1
00-0036338,T.Dye,Troy Dye,LB,LB,"https://static.www.nfl.com/image/upload/f_auto,q_auto/league/szcqhlzfkobuu2vh8s7v",2023,REG,MIN,10,0,0,0,0,0,0,0,0,0,0,0,0,,,0,,0,0,0,0,0,0,0,0,0,0,,0,0,0,0,0,0,0,0,0,0,0,0,0,0,,0,0,0,0,0,,0.0,0.0,0.0,0,10,1,6,1,5,1,1.0,5.0,2,0,0,0,0,0,0,0,0,0,0,0,0,1,10,0,0,0,0,0,0,0,0,0,0,0,0,0,,,0,0,0,0,0,0,0,0,0,0,0,0,,,,0,0,0,0,0,0,0,,0,0,0,0,,0,0,,0,0,0,0,0,0,0,0,0,0,0.0,0.0
00-0036339,K.Dotson,Kevin Dotson,G,OL,"https://static.www.nfl.com/image/upload/f_auto,q_auto/league/nv2c9f4jr08wvzyog86n",2023,REG,LA,2,0,0,0,0,0,0,0,0,0,0,0,0,,,0,,0,0,0,0,0,0,0,0,0,0,,0,0,0,0,0,0,0,0,0,0,0,0,0,0,,0,0,0,0,0,,0.0,0.0,0.0,0,0,0,0,0,0,0,0.0,0.0,0,0,0,0,0,0,0,0,0,0,0,0,0,2,15,0,0,0,0,0,0,0,0,0,0,0,0,0,,,0,0,0,0,0,0,0,0,0,0,0,0,,,,0,0,0,0,0,0,0,,0,0,0,0,,0,0,,0,0,0,0,0,0,0,0,0,0,0.0,0.0
00-0036341,K.Kareem,Khalid Kareem,LB,LB,"https://static.www.nfl.com/image/upload/f_auto,q_auto/league/wv4cxlitwh8mxxpzvka5",2023,REG,CHI,1,0,0,0,0,0,0,0,0,0,0,0,0,,,0,,0,0,0,0,0,0,0,0,0,0,,0,0,0,0,0,0,0,0,0,0,0,0,0,0,,0,0,0,0,0,,0.0,0.0,0.0,0,1,0,0,0,0,0,0.0,0.0,0,0,0,1,0,0,0,0,0,0,0,0,0,0,0,0,0,0,0,0,0,0,0,0,0,0,0,0,,,0,0,0,0,0,0,0,0,0,0,0,0,,,,0,0,0,0,0,0,0,,0,0,0,0,,0,0,,0,0,0,0,0,0,0,0,0,0,0.0,0.0
00-0036343,K.Hudson,Khaleke Hudson,LB,LB,"https://static.www.nfl.com/image/upload/f_auto,q_auto/league/xlpsx6vmahvollkqjzcf",2023,REG,WAS,11,0,0,0,0,0,0,0,0,0,0,0,0,,,0,,0,0,0,0,0,0,0,0,0,0,,0,0,0,0,0,0,0,0,0,0,0,0,0,0,,0,0,0,0,0,,0.0,0.0,0.0,0,37,7,30,5,13,0,1.0,3.0,2,0,0,2,0,0,0,0,0,0,0,0,0,0,0,0,0,0,0,0,0,0,0,0,0,0,0,0,,,0,0,0,0,0,0,0,0,0,0,0,0,,,,0,0,0,0,0,0,0,,0,0,0,0,,0,0,,0,0,0,0,0,0,0,0,0,0,0.0,0.0
00-0036345,K.Osborn,K.J. Osborn,WR,WR,"https://static.www.nfl.com/image/upload/f_auto,q_auto/league/ol316js270dkzhgkclrq",2023,REG,MIN,15,0,0,0,0,0,0,0,0,0,0,0,0,,,0,,0,0,0,0,0,0,0,0,0,0,,0,0,0,0,0,48,75,540,3,1,0,659,185,28,6.300214012577381,0,24,11,7,1,0.8194233687405159,0.12376237623762376,0.13367139959432048,0.27921354407245996,0,4,0,0,0,0,0,0.0,0.0,0,0,0,0,0,0,0,0,1,-3,0,0,0,2,20,1,0,0,1,0,0,0,0,0,0,0,0,0,,,0,0,0,0,0,0,0,0,0,0,0,0,,,,0,0,0,0,0,0,0,,0,0,0,0,,0,0,,0,0,0,0,0,0,0,0,0,0,72.0,120.0
00-0036347,B.Brandel,Blake Brandel,OT,OL,"https://static.www.nfl.com/image/upload/f_auto,q_auto/league/njhqqbqvkymgl8fenuwr",2023,REG,MIN,2,0,0,0,0,0,0,0,0,0,0,0,0,,,0,,0,0,0,0,0,0,0,0,0,0,,0,0,0,0,0,0,0,0,0,0,0,0,0,0,,0,0,0,0,0,,0.0,0.0,0.0,0,0,0,0,0,0,0,0.0,0.0,0,0,0,0,0,0,0,0,0,0,0,0,0,2,10,0,0,0,0,0,0,0,0,0,0,0,0,0,,,0,0,0,0,0,0,0,0,0,0,0,0,,,,0,0,0,0,0,0,0,,0,0,0,0,,0,0,,0,0,0,0,0,0,0,0,0,0,0.0,0.0
00-0036348,J.Metellus,Josh Metellus,SAF,DB,"https://static.www.nfl.com/image/upload/f_auto,q_auto/league/gmb2ahv4eq0jphammw2h",2023,REG,MIN,17,0,0,0,0,0,0,0,0,0,0,0,0,,,0,,0,0,0,0,0,0,0,0,0,0,,0,0,0,0,0,0,0,0,0,0,0,0,0,0,,0,0,0,0,0,,0.0,0.0,0.0,0,64,14,38,5,7,4,2.5,17.0,10,1,43,5,0,0,0,0,0,0,1,0,0,0,0,0,0,0,0,0,0,0,0,0,0,0,0,0,,,0,0,0,0,0,0,0,0,0,0,0,0,,,,0,0,0,0,0,0,0,,0,0,0,0,,0,0,,0,0,0,0,0,0,0,0,0,0,0.0,0.0
00-0036349,K.Curl,Kam Curl,SAF,DB,"https://static.www.nfl.com/image/upload/f_auto,q_auto/league/tm9ahrg1kvnyyghpj5sy",2023,REG,WAS,16,0,0,0,0,0,0,0,0,0,0,0,0,,,0,,0,0,0,0,0,0,0,0,0,0,,0,0,0,0,0,0,0,0,0,0,0,0,0,0,,0,0,0,0,0,,0.0,0.0,0.0,0,67,7,41,3,4,1,1.0,0.0,3,0,0,5,0,0,0,0,0,0,1,0,0,0,0,0,0,0,0,0,0,0,0,0,0,0,0,0,,,0,0,0,0,0,0,0,0,0,0,0,0,,,,0,0,0,0,0,0,0,,0,0,0,0,,0,0,,0,0,0,0,0,0,0,0,0,0,0.0,0.0
00-0036351,J.Smith-Williams,James Smith-Williams,DE,DL,"https://static.www.nfl.com/image/upload/f_auto,q_auto/league/y7za6udwmac12c8hmvwh",2023,REG,WAS,12,0,0,0,0,0,0,0,0,0,0,0,0,,,0,,0,0,0,0,0,0,0,0,0,0,,0,0,0,0,0,0,0,0,0,0,0,0,0,0,,0,0,0,0,0,,0.0,0.0,0.0,0,9,2,11,1,1,0,1.0,1.0,8,0,0,0,0,0,0,0,0,0,0,0,0,0,0,0,0,0,0,0,0,0,0,0,0,0,0,0,,,0,0,0,0,0,0,0,0,0,0,0,0,,,,0,0,0,0,0,0,0,,0,0,0,0,,0,0,,0,0,0,0,0,0,0,0,0,0,0.0,0.0
00-0036355,J.Herbert,Justin Herbert,QB,QB,"https://static.www.nfl.com/image/upload/f_auto,q_auto/league/s1oelyaroiaalgilbeqk",2023,REG,LAC,13,297,456,3134,20,7,29,-233,3,1,3490,1568,150,27.916855522856434,-0.3111262051031229,1,0.8979942693409743,119,63,42,4,52,228,3,1,0,16,5.384589101048538,0,9,6,2,0,1,1,10,0,0,0,-7,17,1,1.7805309167597443,0,1,0,0,0,0.0,0.0016286644951140066,-0.001478977392774139,0.0014077125677291128,0,0,0,0,0,0,0,0.0,0.0,0,0,0,0,0,0,0,0,3,-4,0,0,0,2,21,3,1,0,4,1,0,0,0,0,0,0,0,0,,,0,0,0,0,0,0,0,0,0,0,0,0,,,,0,0,0,0,0,0,0,,0,0,0,0,,0,0,,0,0,0,0,0,0,0,0,0,0,233.16000000000003,234.16000000000003
00-0036356,I.Simmons,Isaiah Simmons,SAF,DB,"https://static.www.nfl.com/image/upload/f_auto,q_auto/league/zf2q7dv6kkj1v3tfefvx",2023,REG,NYG,16,0,0,0,0,0,0,0,0,0,0,0,0,,,0,,0,0,0,0,0,0,0,0,0,0,,0,0,0,0,0,0,0,0,0,0,0,0,0,0,,0,0,0,0,0,,0.0,0.0,0.0,0,30,3,17,2,12,1,1.0,10.0,1,1,54,3,1,0,0,0,0,0,1,1,0,2,20,0,0,0,0,0,0,0,0,0,0,0,0,0,,,0,0,0,0,0,0,0,0,0,0,0,0,,,,0,0,0,0,0,0,0,,0,0,0,0,,0,0,,0,0,0,0,0,0,0,0,0,0,0.0,0.0
00-0036358,C.Lamb,CeeDee Lamb,WR,WR,"https://static.www.nfl.com/image/upload/f_auto,q_auto/league/ijxzvtumjhqu3zva1bwc",2023,REG,DAL,17,0,0,0,0,0,0,0,0,0,0,0,0,,,0,,0,0,0,0,14,113,2,0,0,6,8.38835913920775,0,4,4,1,0,135,181,1749,12,3,2,1722,680,80,103.5199851185705,1,73,38,29,3,1.0156794425087108,0.2991735537190083,0.3591989987484355,0.7001996297024172,0,1,0,0,0,0,0,0.0,0.0,0,0,0,0,0,0,0,0,1,0,0,0,0,6,42,3,0,1,3,2,0,0,0,0,0,0,0,0,,,0,0,0,0,0,0,0,0,0,0,0,0,,,,0,0,0,0,0,0,0,,0,0,0,0,,0,0,,0,0,0,0,0,0,0,0,0,0,268.20000000000005,403.20000000000005
00-0036360,C.Edwards-Helaire,Clyde Edwards-Helaire,RB,RB,"https://static.www.nfl.com/image/upload/f_auto,q_auto/league/er6tfnyxampiwn74zrui",2023,REG,KC,15,0,0,0,0,0,0,0,0,0,0,0,0,,,0,,0,0,0,0,70,223,1,0,0,12,-14.841648981469916,0,4,4,1,0,17,22,188,1,0,0,-54,228,7,3.835840685906144,0,4,3,3,1,-3.4814814814814814,0.03672787979966611,-0.013186813186813187,0.04586105046872994,0,0,0,0,0,0,0,0.0,0.0,0,0,0,0,0,0,0,0,0,0,0,0,0,0,0,0,0,0,0,0,0,0,0,0,0,0,0,0,,,0,0,0,0,0,0,0,0,0,0,0,0,,,,0,0,0,0,0,0,0,,0,0,0,0,,0,0,,0,0,0,0,0,0,0,0,0,0,53.1,70.1
00-0036361,T.Diggs,Trevon Diggs,CB,DB,"https://static.www.nfl.com/image/upload/f_auto,q_auto/league/ktdcor3rnkwpgehtwldn",2023,REG,DAL,2,0,0,0,0,0,0,0,0,0,0,0,0,,,0,,0,0,0,0,0,0,0,0,0,0,,0,0,0,0,0,0,0,0,0,0,0,0,0,0,,0,0,0,0,0,,0.0,0.0,0.0,0,4,0,0,0,0,1,0.0,0.0,0,1,8,3,0,0,0,0,0,0,0,0,0,1,5,0,0,0,0,0,0,0,0,0,0,0,0,0,,,0,0,0,0,0,0,0,0,0,0,0,0,,,,0,0,0,0,0,0,0,,0,0,0,0,,0,0,,0,0,0,0,0,0,0,0,0,0,0.0,0.0
00-0036362,W.Gay,Willie Gay Jr.,LB,LB,"https://static.www.nfl.com/image/upload/f_auto,q_auto/league/vf0j6vpgfr1vg5wsd7uh",2023,REG,KC,16,0,0,0,0,0,0,0,0,0,0,0,0,,,0,,0,0,0,0,0,0,0,0,0,0,,0,0,0,0,0,0,0,0,0,0,0,0,0,0,,0,0,0,0,0,,0.0,0.0,0.0,0,42,2,14,4,25,1,1.0,13.0,3,1,24,4,0,0,0,0,0,0,3,1,0,0,0,0,0,0,0,0,0,0,0,0,0,0,0,0,,,0,0,0,0,0,0,0,0,0,0,0,0,,,,0,0,0,0,0,0,0,,0,0,0,0,,0,0,,0,0,0,0,0,0,0,0,0,0,0.0,0.0
00-0036363,J.Jones,Josh Jones,OT,OL,"https://static.www.nfl.com/image/upload/f_auto,q_auto/league/tycxkga3ketrydbwmg1d",2023,REG,HOU,3,0,0,0,0,0,0,0,0,0,0,0,0,,,0,,0,0,0,0,0,0,0,0,0,0,,0,0,0,0,0,0,0,0,0,0,0,0,0,0,,0,0,0,0,0,,0.0,0.0,0.0,0,0,0,0,0,0,0,0.0,0.0,0,0,0,0,0,0,0,0,0,0,0,0,0,4,35,0,0,0,0,0,0,0,0,0,0,0,0,0,,,0,0,0,0,0,0,0,0,0,0,0,0,,,,0,0,0,0,0,0,0,,0,0,0,0,,0,0,,0,0,0,0,0,0,0,0,0,0,0.0,0.0
00-0036364,L.Bowden,Lynn Bowden,WR,WR,"https://static.www.nfl.com/image/private/f_auto,q_auto/league/nrvwudvuqxpmiegmjzdu",2023,REG,NO,8,0,0,0,0,0,0,0,0,0,0,0,0,,,0,,0,0,0,0,5,32,0,1,0,3,-0.9344028087216429,0,2,1,1,0,11,16,83,0,0,0,80,57,2,-2.2484922103737435,0,4,1,0,0,1.0375,0.027633851468048358,0.01594896331738437,0.05261505152424159,0,0,0,0,0,0,0,0.0,0.0,0,0,0,0,0,0,0,0,0,0,0,0,0,0,0,1,0,0,1,0,7,53,3,64,0,0,0,0,,,0,0,0,0,0,0,0,0,0,0,0,0,,,,0,0,0,0,0,0,0,,0,0,0,0,,0,0,,0,0,0,0,0,0,0,0,0,0,11.5,22.5
00-0036366,N.Gallimore,Neville Gallimore,DT,DL,"https://static.www.nfl.com/image/upload/f_auto,q_auto/league/qwrxmtnfxfkhenqgsnjp",2023,REG,DAL,12,0,0,0,0,0,0,0,0,0,0,0,0,,,0,,0,0,0,0,0,0,0,0,0,0,,0,0,0,0,0,0,0,0,0,0,0,0,0,0,,0,0,0,0,0,,0.0,0.0,0.0,0,5,3,8,1,6,0,1.0,6.0,2,0,0,1,0,0,0,0,0,0,0,0,0,1,15,0,0,0,0,0,0,0,0,0,0,0,0,0,,,0,0,0,0,0,0,0,0,0,0,0,0,,,,0,0,0,0,0,0,0,,0,0,0,0,,0,0,,0,0,0,0,0,0,0,0,0,0,0.0,0.0
00-0036368,T.Muse,Tanner Muse,LB,LB,"https://static.www.nfl.com/image/upload/f_auto,q_auto/league/j2xl7exqirdrpzslqmjn",2023,REG,LAC,1,0,0,0,0,0,0,0,0,0,0,0,0,,,0,,0,0,0,0,0,0,0,0,0,0,,0,0,0,0,0,0,0,0,0,0,0,0,0,0,,0,0,0,0,0,,0.0,0.0,0.0,0,1,0,0,0,0,0,0.0,0.0,0,0,0,0,0,0,0,0,0,0,0,0,0,0,0,0,0,0,0,0,0,0,0,0,0,0,0,0,,,0,0,0,0,0,0,0,0,0,0,0,0,,,,0,0,0,0,0,0,0,,0,0,0,0,,0,0,,0,0,0,0,0,0,0,0,0,0,0.0,0.0
00-0036369,J.Simpson,John Simpson,G,OL,"https://static.www.nfl.com/image/upload/f_auto,q_auto/league/wv8eiewgjjgiedjzsnmh",2023,REG,BAL,9,0,0,0,0,0,0,0,0,0,0,0,0,,,0,,0,0,0,0,0,0,0,0,0,0,,0,0,0,0,0,0,0,0,0,0,0,0,0,0,,0,0,0,0,0,,0.0,0.0,0.0,0,1,0,0,0,0,0,0.0,0.0,0,0,0,0,0,0,0,0,1,0,0,0,0,10,96,0,0,0,0,0,0,0,0,0,0,0,0,0,,,0,0,0,0,0,0,0,0,0,0,0,0,,,,0,0,0,0,0,0,0,,0,0,0,0,,0,0,,0,0,0,0,0,0,0,0,0,0,0.0,0.0
00-0036370,J.Kelley,Joshua Kelley,RB,RB,"https://static.www.nfl.com/image/private/f_auto,q_auto/league/fsu6gqcltgnofaakmq6u",2023,REG,LAC,17,0,0,0,0,0,0,0,0,0,0,0,0,,,0,,0,0,0,0,107,405,2,1,1,21,-26.154033202018944,0,10,6,2,1,8,12,32,0,0,0,15,39,0,-5.66513554926496,0,0,0,0,0,2.1333333333333333,0.019543973941368076,0.003169237270230298,0.031534427001213325,0,0,0,0,0,0,0,0.0,0.0,0,0,0,0,0,0,0,0,0,0,0,0,0,0,0,1,0,0,1,1,0,0,1,16,0,0,0,0,,,0,0,0,0,0,0,0,0,0,0,0,0,,,,0,0,0,0,0,0,0,,0,0,0,0,,0,0,,0,0,0,0,0,0,0,0,0,0,53.7,61.7
00-0036371,L.Fotu,Leki Fotu,DT,DL,"https://static.www.nfl.com/image/upload/f_auto,q_auto/league/nvivcl9hxccojvuexvmw",2023,REG,ARI,11,0,0,0,0,0,0,0,0,0,0,0,0,,,0,,0,0,0,0,0,0,0,0,0,0,,0,0,0,0,0,0,0,0,0,0,0,0,0,0,,0,0,0,0,0,,0.0,0.0,0.0,0,10,5,13,3,18,0,2.5,14.0,2,0,0,0,0,0,0,0,0,0,0,0,0,1,5,0,0,0,0,0,0,0,0,0,0,0,0,0,,,0,0,0,0,0,0,0,0,0,0,0,0,,,,0,0,0,0,0,0,0,,0,0,0,0,,0,0,,0,0,0,0,0,0,0,0,0,0,0.0,0.0
00-0036374,L.Sneed,L'Jarius Sneed,SAF,DB,"https://static.www.nfl.com/image/upload/f_auto,q_auto/league/ft4szbihb9vyadwkiszf",2023,REG,KC,16,0,0,0,0,0,0,0,0,0,0,0,0,,,0,,0,0,0,0,0,0,0,0,0,0,,0,0,0,0,0,0,0,0,0,0,0,0,0,0,,0,0,0,0,0,,0.0,0.0,0.0,0,52,8,18,3,3,0,0.0,0.0,3,2,4,14,0,0,0,0,0,0,1,0,0,11,82,0,0,0,0,0,0,0,0,0,0,0,0,0,,,0,0,0,0,0,0,0,0,0,0,0,0,,,,0,0,0,0,0,0,0,,0,0,0,0,,0,0,,0,0,0,0,0,0,0,0,0,0,0.0,0.0
00-0036375,A.Robertson,Amik Robertson,CB,DB,"https://static.www.nfl.com/image/upload/f_auto,q_auto/league/htqmihuu8sds0x3qre8g",2023,REG,LV,13,0,0,0,0,0,0,0,0,0,0,0,0,,,0,,0,0,0,0,0,0,0,0,0,0,,0,0,0,0,0,0,0,0,0,0,0,0,0,0,,0,0,0,0,0,,0.0,0.0,0.0,0,35,3,12,2,10,1,1.0,5.0,1,2,40,6,0,0,0,0,0,0,0,0,0,4,43,0,0,0,0,0,0,0,0,0,0,0,0,0,,,0,0,0,0,0,0,0,0,0,0,0,0,,,,0,0,0,0,0,0,0,,0,0,0,0,,0,0,,0,0,0,0,0,0,0,0,0,0,0.0,0.0
00-0036376,T.Biadasz,Tyler Biadasz,C,OL,"https://static.www.nfl.com/image/upload/f_auto,q_auto/league/ls6xqzbvxs8pwkhwjwph",2023,REG,DAL,5,0,0,0,0,0,0,0,0,0,0,0,0,,,0,,0,0,0,0,0,0,0,0,0,0,,0,0,0,0,0,0,0,0,0,0,0,0,0,0,,0,0,0,0,0,,0.0,0.0,0.0,0,1,0,0,0,0,0,0.0,0.0,0,0,0,0,0,0,0,0,2,0,0,0,0,3,35,0,0,0,0,0,0,0,0,0,0,0,0,0,,,0,0,0,0,0,0,0,0,0,0,0,0,,,,0,0,0,0,0,0,0,,0,0,0,0,,0,0,,0,0,0,0,0,0,0,0,0,0,0.0,0.0
00-0036378,M.Danna,Michael Danna,LB,LB,"https://static.www.nfl.com/image/private/f_auto,q_auto/league/oiywq8es1rm2rjnpbouw",2023,REG,KC,16,0,0,0,0,0,0,0,0,0,0,0,0,,,0,,0,0,0,0,0,0,0,0,0,0,,0,0,0,0,0,0,0,0,0,0,0,0,0,0,,0,0,0,0,0,,0.0,0.0,0.0,0,29,3,18,7,33,0,6.5,34.0,13,0,0,3,0,0,0,0,0,0,0,0,0,0,0,0,0,0,0,0,0,0,0,0,0,0,0,0,,,0,0,0,0,0,0,0,0,0,0,0,0,,,,0,0,0,0,0,0,0,,0,0,0,0,,0,0,,0,0,0,0,0,0,0,0,0,0,0.0,0.0
00-0036380,A.Gilman,Alohi Gilman,SAF,DB,"https://static.www.nfl.com/image/upload/f_auto,q_auto/league/t5twpgxuuzuhasid5jzg",2023,REG,LAC,14,0,0,0,0,0,0,0,0,0,0,0,0,,,0,,0,0,0,0,0,0,0,0,0,0,,0,0,0,0,0,0,0,0,0,0,0,0,0,0,,0,0,0,0,0,,0.0,0.0,0.0,0,40,9,24,1,1,3,0.0,0.0,0,2,0,10,0,0,0,0,0,0,2,52,0,2,33,0,0,0,0,0,0,0,0,0,0,0,0,0,,,0,0,0,0,0,0,0,0,0,0,0,0,,,,0,0,0,0,0,0,0,,0,0,0,0,,0,0,,0,0,0,0,0,0,0,0,0,0,0.0,0.0
00-0036386,A.Thomas,Andrew Thomas,OT,OL,"https://static.www.nfl.com/image/upload/f_auto,q_auto/league/yuy9qansfewdhoxsi9fq",2023,REG,NYG,1,0,0,0,0,0,0,0,0,0,0,0,0,,,0,,0,0,0,0,0,0,0,0,0,0,,0,0,0,0,0,0,0,0,0,0,0,0,0,0,,0,0,0,0,0,,0.0,0.0,0.0,0,0,0,0,0,0,0,0.0,0.0,0,0,0,0,0,0,0,0,0,0,0,0,0,1,5,0,0,0,0,0,0,0,0,0,0,0,0,0,,,0,0,0,0,0,0,0,0,0,0,0,0,,,,0,0,0,0,0,0,0,,0,0,0,0,,0,0,,0,0,0,0,0,0,0,0,0,0,0.0,0.0
00-0036387,J.Reagor,Jalen Reagor,WR,WR,"https://static.www.nfl.com/image/upload/f_auto,q_auto/league/r55ywr41a014zd9zmvc1",2023,REG,NE,9,0,0,0,0,0,0,0,0,0,0,0,0,,,0,,0,0,0,0,1,17,0,0,0,1,1.2200781891588122,0,1,1,0,0,7,23,138,0,0,0,359,18,5,-11.385845331475139,0,6,3,3,0,0.38440111420612816,0.04251386321626617,0.087646484375,0.12512333388689925,1,0,0,0,0,0,0,0.0,0.0,0,0,0,0,0,0,0,0,0,0,0,0,0,1,5,0,0,0,0,0,0,0,7,221,0,0,0,0,,,0,0,0,0,0,0,0,0,0,0,0,0,,,,0,0,0,0,0,0,0,,0,0,0,0,,0,0,,0,0,0,0,0,0,0,0,0,0,21.5,28.5
00-0036388,X.McKinney,Xavier McKinney,SAF,DB,"https://static.www.nfl.com/image/upload/f_auto,q_auto/league/vvjc67dqz3mjghgkdr8v",2023,REG,NYG,17,0,0,0,0,0,0,0,0,0,0,0,0,,,0,,0,0,0,0,0,0,0,0,0,0,,0,0,0,0,0,0,0,0,0,0,0,0,0,0,,0,0,0,0,0,,0.0,0.0,0.0,0,67,11,38,1,2,1,0.5,3.0,1,3,22,11,0,0,0,0,0,0,2,0,0,3,42,0,0,0,0,0,0,0,0,0,0,0,0,0,,,0,0,0,0,0,0,0,0,0,0,0,0,,,,0,0,0,0,0,0,0,,0,0,0,0,,0,0,,0,0,0,0,0,0,0,0,0,0,0.0,0.0
00-0036389,J.Hurts,Jalen Hurts,QB,QB,"https://static.www.nfl.com/image/upload/f_auto,q_auto/league/c47i9v6gmokkun9cat9s",2023,REG,PHI,17,352,538,3858,23,15,36,-222,3,1,4638,1697,185,62.384721995971994,3.7886079430580137,0,0.8318240620957309,149,71,48,7,157,605,15,4,4,68,21.28859406406032,0,18,13,2,0,0,0,0,0,0,0,0,0,0,,0,0,0,0,0,,0.0,0.0,0.0,0,1,0,0,0,0,0,0.0,0.0,0,0,0,0,0,0,0,0,4,-3,0,0,0,4,22,5,4,0,9,5,0,0,0,0,0,0,0,0,,,0,0,0,0,0,0,0,0,0,0,0,0,,,,0,0,0,0,0,0,0,,0,0,0,0,,0,0,,0,0,0,0,0,0,0,0,0,0,356.82,356.82
00-0036391,L.Cushenberry,Lloyd Cushenberry III,C,OL,"https://static.www.nfl.com/image/upload/f_auto,q_auto/league/qfwevbrfaklbqmatvwat",2023,REG,DEN,3,0,0,0,0,0,0,0,0,0,0,0,0,,,0,,0,0,0,0,0,0,0,0,0,0,,0,0,0,0,0,0,0,0,0,0,0,0,0,0,,0,0,0,0,0,,0.0,0.0,0.0,0,0,0,0,0,0,0,0.0,0.0,0,0,0,0,0,0,0,0,0,0,0,0,0,5,30,0,0,0,0,0,0,0,0,0,0,0,0,0,,,0,0,0,0,0,0,0,0,0,0,0,0,,,,0,0,0,0,0,0,0,,0,0,0,0,,0,0,,0,0,0,0,0,0,0,0,0,0,0.0,0.0
00-0036392,M.Peart,Matt Peart,OT,OL,"https://static.www.nfl.com/image/upload/f_auto,q_auto/league/zcjwk9shhxnhv8vwjej7",2023,REG,NYG,2,0,0,0,0,0,0,0,0,0,0,0,0,,,0,,0,0,0,0,0,0,0,0,0,0,,0,0,0,0,0,0,0,0,0,0,0,0,0,0,,0,0,0,0,0,,0.0,0.0,0.0,0,1,0,0,0,0,0,0.0,0.0,0,0,0,0,0,0,0,0,0,0,0,0,0,1,5,0,0,0,0,0,0,0,0,0,0,0,0,0,,,0,0,0,0,0,0,0,0,0,0,0,0,,,,0,0,0,0,0,0,0,,0,0,0,0,,0,0,,0,0,0,0,0,0,0,0,0,0,0.0,0.0
00-0036394,D.Holmes,Darnay Holmes,CB,DB,"https://static.www.nfl.com/image/upload/f_auto,q_auto/league/pubbkwys2ishkc7i2ljb",2023,REG,NYG,9,0,0,0,0,0,0,0,0,0,0,0,0,,,0,,0,0,0,0,0,0,0,0,0,0,,0,0,0,0,0,0,0,0,0,0,0,0,0,0,,0,0,0,0,0,,0.0,0.0,0.0,0,17,0,1,1,5,1,0.0,0.0,0,2,13,3,0,0,0,0,0,0,0,0,0,3,25,0,0,0,0,0,0,0,0,0,0,0,0,0,,,0,0,0,0,0,0,0,0,0,0,0,0,,,,0,0,0,0,0,0,0,,0,0,0,0,,0,0,,0,0,0,0,0,0,0,0,0,0,0.0,0.0
00-0036395,K.Wallace,K'Von Wallace,SAF,DB,"https://static.www.nfl.com/image/upload/f_auto,q_auto/league/ytpbcdbdwwlysnjj6uwb",2023,REG,TEN,14,0,0,0,0,0,0,0,0,0,0,0,0,,,0,,0,0,0,0,0,0,0,0,0,0,,0,0,0,0,0,0,0,0,0,0,0,0,0,0,,0,0,0,0,0,,0.0,0.0,0.0,0,48,14,27,1,2,0,0.0,0.0,1,1,2,6,0,0,0,0,0,0,0,0,0,1,15,0,0,0,0,0,0,0,0,0,0,0,0,0,,,0,0,0,0,0,0,0,0,0,0,0,0,,,,0,0,0,0,0,0,0,,0,0,0,0,,0,0,,0,0,0,0,0,0,0,0,0,0,0.0,0.0
00-0036400,C.Brown,Cameron Brown,LB,LB,"https://static.www.nfl.com/image/upload/f_auto,q_auto/league/mghokahv3kzopupvgiwa",2023,REG,NYG,9,0,0,0,0,0,0,0,0,0,0,0,0,,,0,,0,0,0,0,0,0,0,0,0,0,,0,0,0,0,0,0,0,0,0,0,0,0,0,0,,0,0,0,0,0,,0.0,0.0,0.0,0,7,0,1,0,0,1,0.0,0.0,0,0,0,0,0,0,0,0,0,0,0,0,0,2,15,0,0,0,0,0,0,0,0,0,0,0,0,0,,,0,0,0,0,0,0,0,0,0,0,0,0,,,,0,0,0,0,0,0,0,,0,0,0,0,,0,0,,0,0,0,0,0,0,0,0,0,0,0.0,0.0
00-0036402,C.Coughlin,Carter Coughlin,LB,LB,"https://static.www.nfl.com/image/upload/f_auto,q_auto/league/dqszbolhovpnjot6ik96",2023,REG,NYG,7,0,0,0,0,0,0,0,0,0,0,0,0,,,0,,0,0,0,0,0,0,0,0,0,0,,0,0,0,0,0,0,0,0,0,0,0,0,0,0,,0,0,0,0,0,,0.0,0.0,0.0,0,8,1,0,0,0,0,0.0,0.0,0,0,0,0,0,0,0,0,0,0,0,0,0,1,5,0,0,0,0,0,0,0,0,0,0,0,0,0,,,0,0,0,0,0,0,0,0,0,0,0,0,,,,0,0,0,0,0,0,0,,0,0,0,0,,0,0,,0,0,0,0,0,0,0,0,0,0,0.0,0.0
00-0036403,C.Toohill,Casey Toohill,DE,DL,"https://static.www.nfl.com/image/upload/f_auto,q_auto/league/coyl0v90radu8roiklzo",2023,REG,WAS,14,0,0,0,0,0,0,0,0,0,0,0,0,,,0,,0,0,0,0,0,0,0,0,0,0,,0,0,0,0,0,0,0,0,0,0,0,0,0,0,,0,0,0,0,0,,0.0,0.0,0.0,0,15,2,9,5,23,0,5.0,19.0,7,0,0,1,0,0,0,0,0,0,1,0,0,0,0,0,0,0,0,0,0,0,0,0,0,0,0,0,,,0,0,0,0,0,0,0,0,0,0,0,0,,,,0,0,0,0,0,0,0,,0,0,0,0,,0,0,,0,0,0,0,0,0,0,0,0,0,0.0,0.0
00-0036406,T.Wirfs,Tristan Wirfs,OT,OL,"https://static.www.nfl.com/image/upload/f_auto,q_auto/league/jiuxi430mkpqe39ikuze",2023,REG,TB,6,0,0,0,0,0,0,0,0,0,0,0,0,,,0,,0,0,0,0,0,0,0,0,0,0,,0,0,0,0,0,0,0,0,0,0,0,0,0,0,,0,0,0,0,0,,0.0,0.0,0.0,0,1,0,0,0,0,0,0.0,0.0,0,0,0,0,0,0,0,0,1,0,0,0,0,5,25,0,0,0,0,0,0,0,0,0,0,0,0,0,,,0,0,0,0,0,0,0,0,0,0,0,0,,,,0,0,0,0,0,0,0,,0,0,0,0,,0,0,,0,0,0,0,0,0,0,0,0,0,0.0,0.0
00-0036407,J.Jeudy,Jerry Jeudy,WR,WR,"https://static.www.nfl.com/image/upload/f_auto,q_auto/league/szca1v9butuqkjs7ekpm",2023,REG,DEN,16,0,0,0,0,0,0,0,0,0,0,0,0,,,0,,0,0,0,0,0,0,0,0,0,0,,0,0,0,0,0,54,87,758,2,1,0,1109,323,28,16.952773686104997,0,29,19,10,5,0.6834986474301172,0.18238993710691823,0.29541822056473094,0.480377660055689,0,1,0,0,0,0,0,0.0,0.0,0,0,0,0,0,0,0,0,0,0,0,0,0,0,0,1,0,1,1,0,0,0,0,0,0,0,0,0,,,0,0,0,0,0,0,0,0,0,0,0,0,,,,0,0,0,0,0,0,0,,0,0,0,0,,0,0,,0,0,0,0,0,0,0,0,0,0,87.8,141.8
00-0036408,C.Ruiz,Cesar Ruiz,C,OL,"https://static.www.nfl.com/image/upload/f_auto,q_auto/league/i0hu869tzhne0frnt7fx",2023,REG,NO,2,0,0,0,0,0,0,0,0,0,0,0,0,,,0,,0,0,0,0,0,0,0,0,0,0,,0,0,0,0,0,0,0,0,0,0,0,0,0,0,,0,0,0,0,0,,0.0,0.0,0.0,0,0,0,0,0,0,0,0.0,0.0,0,0,0,0,0,0,0,0,1,0,0,0,0,1,5,0,0,0,0,0,0,0,0,0,0,0,0,0,,,0,0,0,0,0,0,0,0,0,0,0,0,,,,0,0,0,0,0,0,0,,0,0,0,0,,0,0,,0,0,0,0,0,0,0,0,0,0,0.0,0.0
00-0036409,J.Brooks,Jordyn Brooks,LB,LB,"https://static.www.nfl.com/image/upload/f_auto,q_auto/league/fqpdggqc3fngvkta63zy",2023,REG,SEA,15,0,0,0,0,0,0,0,0,0,0,0,0,,,0,,0,0,0,0,0,0,0,0,0,0,,0,0,0,0,0,0,0,0,0,0,0,0,0,0,,0,0,0,0,0,,0.0,0.0,0.0,0,52,10,49,5,16,1,4.5,19.0,5,1,12,4,1,0,0,0,0,0,1,8,0,1,5,0,0,0,0,0,0,0,0,0,0,0,0,0,,,0,0,0,0,0,0,0,0,0,0,0,0,,,,0,0,0,0,0,0,0,,0,0,0,0,,0,0,,0,0,0,0,0,0,0,0,0,0,0.0,0.0
00-0036410,T.Higgins,Tee Higgins,WR,WR,"https://static.www.nfl.com/image/upload/f_auto,q_auto/league/flr9f8oqigbyroeaubxb",2023,REG,CIN,12,0,0,0,0,0,0,0,0,0,0,0,0,,,0,,0,0,0,0,0,0,0,0,0,0,,0,0,0,0,0,42,76,656,5,0,0,973,235,33,26.474022851910785,0,30,13,8,2,0.6742034943473793,0.12837837837837837,0.2509025270758123,0.36819933652063613,0,0,0,0,0,0,0,0.0,0.0,0,0,0,0,0,0,0,0,0,0,0,0,0,2,20,0,0,0,0,0,0,0,0,0,0,0,0,0,,,0,0,0,0,0,0,0,0,0,0,0,0,,,,0,0,0,0,0,0,0,,0,0,0,0,,0,0,,0,0,0,0,0,0,0,0,0,0,95.60000000000001,137.60000000000002
00-0036411,A.Winfield,Antoine Winfield Jr.,SAF,DB,"https://static.www.nfl.com/image/upload/f_auto,q_auto/league/wn2vlv6eyc9str0ak0fx",2023,REG,TB,17,0,0,0,0,0,0,0,0,0,0,0,0,,,0,,0,0,0,0,0,0,0,0,0,0,,0,0,0,0,0,0,0,0,0,0,0,0,0,0,,0,0,0,0,0,,0.0,0.0,0.0,0,64,12,46,5,36,6,6.0,48.0,8,3,28,12,0,0,0,0,0,0,4,0,0,0,0,0,0,0,0,0,0,0,0,0,0,0,0,0,,,0,0,0,0,0,0,0,0,0,0,0,0,,,,0,0,0,0,0,0,0,,0,0,0,0,,0,0,,0,0,0,0,0,0,0,0,0,0,0.0,0.0
00-0036413,D.Taylor,Darrell Taylor,DE,DL,"https://static.www.nfl.com/image/upload/f_auto,q_auto/league/i0d3vsafckx1qzuzcrp6",2023,REG,SEA,15,0,0,0,0,0,0,0,0,0,0,0,0,,,0,,0,0,0,0,0,0,0,0,0,0,,0,0,0,0,0,0,0,0,0,0,0,0,0,0,,0,0,0,0,0,,0.0,0.0,0.0,0,15,2,11,6,33,1,5.5,32.0,8,0,0,1,0,0,0,0,0,0,0,0,0,1,15,0,0,0,0,0,0,0,0,0,0,0,0,0,,,0,0,0,0,0,0,0,0,0,0,0,0,,,,0,0,0,0,0,0,0,,0,0,0,0,,0,0,,0,0,0,0,0,0,0,0,0,0,0.0,0.0
00-0036414,C.Akers,Cam Akers,RB,RB,"https://static.www.nfl.com/image/upload/f_auto,q_auto/league/dutj0wamu7giwghnmr4m",2023,REG,MIN,7,0,0,0,0,0,1,-7,0,0,0,0,0,-1.5187924897181801,,0,,0,0,0,0,60,167,2,0,0,12,-4.78788391471329,0,4,3,0,0,11,12,70,0,0,0,-13,78,2,1.2472380947438069,0,2,1,1,0,-5.384615384615385,0.021621621621621623,-0.002884402041269137,0.030413351003544038,0,0,0,0,0,0,0,0.0,0.0,0,0,0,0,0,0,0,0,0,0,0,0,0,0,0,0,0,0,0,0,0,0,0,0,0,0,0,0,,,0,0,0,0,0,0,0,0,0,0,0,0,,,,0,0,0,0,0,0,0,,0,0,0,0,,0,0,,0,0,0,0,0,0,0,0,0,0,35.7,46.7
00-0036415,V.Jefferson,Van Jefferson,WR,WR,"https://static.www.nfl.com/image/upload/f_auto,q_auto/league/aavlanyckqnsej61ulir",2023,REG,ATL,14,0,0,0,0,0,0,0,0,0,0,0,0,,,0,,0,0,0,0,1,4,0,0,0,0,-0.17589182499796152,0,0,0,0,0,20,43,209,0,0,0,686,25,10,-17.639562277257596,0,8,2,1,1,0.30466472303207,0.07747747747747748,0.15220767694697138,0.22276159007909618,0,1,0,0,0,0,0,0.0,0.0,0,0,0,0,0,0,0,0,0,0,0,0,0,4,40,0,0,0,0,0,0,0,0,0,0,0,0,0,,,0,0,0,0,0,0,0,0,0,0,0,0,,,,0,0,0,0,0,0,0,,0,0,0,0,,0,0,,0,0,0,0,0,0,0,0,0,0,21.3,41.3
00-0036416,K.Fulton,Kristian Fulton,CB,DB,"https://static.www.nfl.com/image/upload/f_auto,q_auto/league/gxh7dcqykzmo2nadvs5u",2023,REG,TEN,11,0,0,0,0,0,0,0,0,0,0,0,0,,,0,,0,0,0,0,0,0,0,0,0,0,,0,0,0,0,0,0,0,0,0,0,0,0,0,0,,0,0,0,0,0,,0.0,0.0,0.0,0,29,8,9,2,7,0,0.0,0.0,0,0,0,5,0,0,0,0,0,0,0,0,0,6,90,0,0,0,0,0,0,0,0,0,0,0,0,0,,,0,0,0,0,0,0,0,0,0,0,0,0,,,,0,0,0,0,0,0,0,,0,0,0,0,,0,0,,0,0,0,0,0,0,0,0,0,0,0.0,0.0
00-0036417,D.Lewis,Damien Lewis,G,OL,"https://static.www.nfl.com/image/upload/f_auto,q_auto/league/aerw6b5qa0plz8ejg68g",2023,REG,SEA,4,0,0,0,0,0,0,0,0,0,0,0,0,,,0,,0,0,0,0,0,0,0,0,0,0,,0,0,0,0,0,0,0,0,0,0,0,0,0,0,,0,0,0,0,0,,0.0,0.0,0.0,0,0,0,0,0,0,0,0.0,0.0,0,0,0,0,0,0,0,0,0,0,0,0,0,4,29,0,0,0,0,0,0,0,0,0,0,0,0,0,,,0,0,0,0,0,0,0,0,0,0,0,0,,,,0,0,0,0,0,0,0,,0,0,0,0,,0,0,,0,0,0,0,0,0,0,0,0,0,0.0,0.0
00-0036418,Z.Baun,Zack Baun,LB,LB,"https://static.www.nfl.com/image/upload/f_auto,q_auto/league/lxfptgyjuuwmvxrwr3m4",2023,REG,NO,12,0,0,0,0,0,0,0,0,0,0,0,0,,,0,,0,0,0,0,0,0,0,0,0,0,,0,0,0,0,0,0,0,0,0,0,0,0,0,0,,0,0,0,0,0,,0.0,0.0,0.0,0,17,3,10,4,20,0,2.0,15.0,4,1,10,2,0,1,0,0,0,0,0,0,0,0,0,1,0,0,1,1,0,0,0,0,0,0,0,0,,,0,0,0,0,0,0,0,0,0,0,0,0,,,,0,0,0,0,0,0,0,,0,0,0,0,,0,0,,0,0,0,0,0,0,0,0,0,0,0.0,0.0
00-0036420,M.Agim,McTelvin Agim,DT,DL,"https://static.www.nfl.com/image/upload/f_auto,q_auto/league/rvttw0dofuy7plihfp0w",2023,REG,IND,1,0,0,0,0,0,0,0,0,0,0,0,0,,,0,,0,0,0,0,0,0,0,0,0,0,,0,0,0,0,0,0,0,0,0,0,0,0,0,0,,0,0,0,0,0,,0.0,0.0,0.0,0,0,0,2,0,0,0,0.0,0.0,1,0,0,0,0,0,0,0,0,0,0,0,0,0,0,0,0,0,0,0,0,0,0,0,0,0,0,0,,,0,0,0,0,0,0,0,0,0,0,0,0,,,,0,0,0,0,0,0,0,,0,0,0,0,,0,0,,0,0,0,0,0,0,0,0,0,0,0.0,0.0
00-0036421,T.Burgess,Terrell Burgess,SAF,DB,"https://static.www.nfl.com/image/upload/f_auto,q_auto/league/noqfcnfnqtsfgkbg4jum",2023,REG,WAS,6,0,0,0,0,0,0,0,0,0,0,0,0,,,0,,0,0,0,0,0,0,0,0,0,0,,0,0,0,0,0,0,0,0,0,0,0,0,0,0,,0,0,0,0,0,,0.0,0.0,0.0,0,16,1,8,0,0,0,0.0,0.0,0,0,0,0,0,0,0,0,0,0,0,0,0,0,0,0,0,0,0,0,0,0,0,0,0,0,0,0,,,0,0,0,0,0,0,0,0,0,0,0,0,,,,0,0,0,0,0,0,0,,0,0,0,0,,0,0,,0,0,0,0,0,0,0,0,0,0,0.0,0.0
00-0036422,A.Trautman,Adam Trautman,TE,TE,"https://static.www.nfl.com/image/upload/f_auto,q_auto/league/ck9dspk0ykijetdshyn4",2023,REG,DEN,16,0,0,0,0,0,0,0,0,0,0,0,0,,,0,,0,0,0,0,0,0,0,0,0,0,,0,0,0,0,0,22,35,204,3,0,0,226,98,10,-1.0960956305936742,0,7,3,2,0,0.9026548672566371,0.07337526205450734,0.06020245071923282,0.15220460858522397,0,0,0,0,0,0,0,0.0,0.0,0,0,0,0,0,0,0,0,0,0,0,0,0,1,10,0,0,0,0,0,0,0,0,0,0,0,0,0,,,0,0,0,0,0,0,0,0,0,0,0,0,,,,0,0,0,0,0,0,0,,0,0,0,0,,0,0,,0,0,0,0,0,0,0,0,0,0,38.400000000000006,60.400000000000006
00-0036423,A.Okwuegbunam,Albert Okwuegbunam,TE,TE,"https://static.www.nfl.com/image/upload/f_auto,q_auto/league/gww1gus87vabpsalkrpc",2023,REG,PHI,1,0,0,0,0,0,0,0,0,0,0,0,0,,,0,,0,0,0,0,0,0,0,0,0,0,,0,0,0,0,0,0,1,0,0,0,0,10,0,0,-0.4250669404864311,0,0,0,0,0,0.0,0.0019047619047619048,0.002064409578860446,0.004302229562345169,0,0,0,0,0,0,0,0.0,0.0,0,0,0,0,0,0,0,0,0,0,0,0,0,0,0,0,0,0,0,0,0,0,0,0,0,0,0,0,,,0,0,0,0,0,0,0,0,0,0,0,0,,,,0,0,0,0,0,0,0,,0,0,0,0,,0,0,,0,0,0,0,0,0,0,0,0,0,0.0,0.0
00-0036424,B.Hopkins,Brycen Hopkins,TE,TE,"https://static.www.nfl.com/image/private/f_auto,q_auto/league/agzychtsya1dteoz1khu",2023,REG,LA,5,0,0,0,0,0,0,0,0,0,0,0,0,,,0,,0,0,0,0,0,0,0,0,0,0,,0,0,0,0,0,5,7,78,0,0,0,66,32,3,3.0557512908417266,0,3,3,2,0,1.1818181818181819,0.012612612612612612,0.01464388728644331,0.029169640019429236,0,0,0,0,0,0,0,0.0,0.0,0,0,0,0,0,0,0,0,0,0,0,0,0,1,10,0,0,0,0,0,0,0,0,0,0,0,0,0,,,0,0,0,0,0,0,0,0,0,0,0,0,,,,0,0,0,0,0,0,0,,0,0,0,0,,0,0,,0,0,0,0,0,0,0,0,0,0,7.800000000000001,12.8
00-0036425,D.Dallas,DeeJay Dallas,RB,RB,"https://static.www.nfl.com/image/upload/f_auto,q_auto/league/weotbgqp9f3y1hptcxzm",2023,REG,SEA,17,0,0,0,0,0,1,0,0,0,0,0,0,-0.5178517469903454,,0,,0,0,0,0,10,36,0,0,0,2,0.15626433113357052,0,0,0,0,0,6,9,26,0,0,0,-15,31,1,-7.687290642526932,0,2,0,0,0,-1.7333333333333334,0.016453382084095063,-0.0036398932297985924,0.02213214786528358,0,0,0,3,0,0,0,0.0,0.0,0,0,0,0,0,2,0,0,0,0,0,0,0,1,4,1,1,0,2,2,25,265,17,440,0,0,0,0,,,0,0,0,0,0,0,0,0,0,0,0,0,,,,0,0,0,0,0,0,0,,0,0,0,0,,0,0,,0,0,0,0,0,0,0,0,0,0,6.2,12.2
00-0036427,T.Johnson,Tyler Johnson,WR,WR,"https://static.www.nfl.com/image/upload/f_auto,q_auto/league/s6fg2hapxwa9efbrygxf",2023,REG,LA,1,0,0,0,0,0,0,0,0,0,0,0,0,,,0,,0,0,0,0,0,0,0,0,0,0,,0,0,0,0,0,2,3,8,1,0,0,16,1,1,1.852269433264155,0,0,0,0,0,0.5,0.005405405405405406,0.0035500332815620148,0.010593131405201519,0,0,0,0,0,0,0,0.0,0.0,0,0,0,0,0,0,0,0,0,0,0,0,0,0,0,0,0,0,0,0,0,0,0,0,0,0,0,0,,,0,0,0,0,0,0,0,0,0,0,0,0,,,,0,0,0,0,0,0,0,,0,0,0,0,,0,0,,0,0,0,0,0,0,0,0,0,0,6.8,8.8
00-0036428,J.Strnad,Justin Strnad,LB,LB,"https://static.www.nfl.com/image/upload/f_auto,q_auto/league/qeikhakzijz2ipub82bt",2023,REG,DEN,6,0,0,0,0,0,0,0,0,0,0,0,0,,,0,,0,0,0,0,0,0,0,0,0,0,,0,0,0,0,0,0,0,0,0,0,0,0,0,0,,0,0,0,0,0,,0.0,0.0,0.0,0,3,1,1,0,0,0,0.0,0.0,0,0,0,0,0,0,0,0,0,0,0,0,0,1,10,0,0,0,0,0,0,0,0,0,0,0,0,0,,,0,0,0,0,0,0,0,0,0,0,0,0,,,,0,0,0,0,0,0,0,,0,0,0,0,,0,0,,0,0,0,0,0,0,0,0,0,0,0.0,0.0
00-0036429,C.Woerner,Charlie Woerner,TE,TE,"https://static.www.nfl.com/image/upload/f_auto,q_auto/league/tflwxcx2ohrc6e8j0n5a",2023,REG,SF,10,0,0,0,0,0,0,0,0,0,0,0,0,,,0,,0,0,0,0,0,0,0,0,0,0,,0,0,0,0,0,3,3,32,0,0,0,12,20,1,1.6073824221966788,0,1,1,1,0,2.6666666666666665,0.006369426751592357,0.0029865604778496766,0.01164473246188331,0,5,1,4,0,0,0,0.0,0.0,0,0,0,0,0,0,0,0,0,0,0,0,0,1,10,0,0,0,0,0,0,0,0,0,0,0,0,0,,,0,0,0,0,0,0,0,0,0,0,0,0,,,,0,0,0,0,0,0,0,,0,0,0,0,,0,0,,0,0,0,0,0,0,0,0,0,0,3.2,6.2
00-0036430,K.Davis,Khalil Davis,DT,DL,"https://static.www.nfl.com/image/upload/f_auto,q_auto/league/foksxh5i35k2ugmo1cqg",2023,REG,HOU,14,0,0,0,0,0,0,0,0,0,0,0,0,,,0,,0,0,0,0,0,0,0,0,0,0,,0,0,0,0,0,0,0,0,0,0,0,0,0,0,,0,0,0,0,0,,0.0,0.0,0.0,0,11,5,16,4,23,1,2.0,18.0,6,0,0,2,0,0,0,0,0,0,1,0,0,2,20,0,0,0,0,0,0,0,0,0,0,0,0,0,,,0,0,0,0,0,0,0,0,0,0,0,0,,,,0,0,0,0,0,0,0,,0,0,0,0,,0,0,,0,0,0,0,0,0,0,0,0,0,0.0,0.0
00-0036431,J.Fuller,Jordan Fuller,SAF,DB,"https://static.www.nfl.com/image/upload/f_auto,q_auto/league/fels90wvhbe4a0vdjnnu",2023,REG,LA,17,0,0,0,0,0,0,0,0,0,0,0,0,,,0,,0,0,0,0,0,0,0,0,0,0,,0,0,0,0,0,0,0,0,0,0,0,0,0,0,,0,0,0,0,0,,0.0,0.0,0.0,0,51,10,33,1,5,3,0.0,0.0,0,3,39,8,0,0,0,0,0,0,0,0,0,1,13,0,0,0,0,0,0,0,0,0,0,0,0,0,,,0,0,0,0,0,0,0,0,0,0,0,0,,,,0,0,0,0,0,0,0,,0,0,0,0,,0,0,,0,0,0,0,0,0,0,0,0,0,0.0,0.0
00-0036437,T.Anchrum,Tremayne Anchrum,G,OL,"https://static.www.nfl.com/image/private/f_auto,q_auto/league/feseaztzo9rf9ysqzmih",2023,REG,LA,2,0,0,0,0,0,0,0,0,0,0,0,0,,,0,,0,0,0,0,0,0,0,0,0,0,,0,0,0,0,0,0,0,0,0,0,0,0,0,0,,0,0,0,0,0,,0.0,0.0,0.0,0,1,0,0,0,0,0,0.0,0.0,0,0,0,0,0,0,0,0,0,0,0,0,0,1,15,0,0,0,0,0,0,0,0,0,0,0,0,0,,,0,0,0,0,0,0,0,0,0,0,0,0,,,,0,0,0,0,0,0,0,,0,0,0,0,,0,0,,0,0,0,0,0,0,0,0,0,0,0.0,0.0
00-0036438,S.Sullivan,Stephen Sullivan,TE,TE,"https://static.www.nfl.com/image/upload/f_auto,q_auto/league/miipmedtauhxf4tmilcs",2023,REG,CAR,10,0,0,0,0,0,0,0,0,0,0,0,0,,,0,,0,0,0,0,0,0,0,0,0,0,,0,0,0,0,0,12,24,125,0,0,0,255,8,5,-1.629873273887861,0,5,2,1,0,0.49019607843137253,0.0449438202247191,0.05689424364123159,0.10724170088594076,0,1,0,0,0,0,0,0.0,0.0,0,0,0,0,0,0,0,0,0,0,0,0,0,0,0,0,0,0,0,0,0,0,0,0,0,0,0,0,,,0,0,0,0,0,0,0,0,0,0,0,0,,,,0,0,0,0,0,0,0,,0,0,0,0,,0,0,,0,0,0,0,0,0,0,0,0,0,12.5,24.5
00-0036441,K.Murray,"Kenneth Murray, Jr.",LB,LB,"https://static.www.nfl.com/image/upload/f_auto,q_auto/league/up14o9gpznxgcvc5xtqh",2023,REG,LAC,15,0,0,0,0,0,0,0,0,0,0,0,0,,,0,,0,0,0,0,0,0,0,0,0,0,,0,0,0,0,0,0,0,0,0,0,0,0,0,0,,0,0,0,0,0,,0.0,0.0,0.0,0,68,11,28,6,26,0,3.0,15.0,4,1,0,4,0,0,0,0,0,0,0,0,0,1,7,0,0,0,0,0,0,0,0,0,0,0,0,0,,,0,0,0,0,0,0,0,0,0,0,0,0,,,,0,0,0,0,0,0,0,,0,0,0,0,,0,0,,0,0,0,0,0,0,0,0,0,0,0.0,0.0
00-0036442,J.Burrow,Joe Burrow,QB,QB,"https://static.www.nfl.com/image/upload/f_auto,q_auto/league/gnnvcgui1cijybukk2w7",2023,REG,CIN,10,244,365,2309,15,6,24,-180,2,1,2347,1239,115,6.095037059046861,1.2337517067577763,0,0.9838091180230081,85,33,21,4,31,88,0,0,0,9,-3.5122415173973422,0,5,2,1,0,0,0,0,0,0,0,0,0,0,,0,0,0,0,0,,0.0,0.0,0.0,0,1,0,0,0,0,0,0.0,0.0,0,0,0,0,0,0,0,0,0,0,0,0,0,0,0,2,0,0,2,1,0,0,0,0,0,0,0,0,,,0,0,0,0,0,0,0,0,0,0,0,0,,,,0,0,0,0,0,0,0,,0,0,0,0,,0,0,,0,0,0,0,0,0,0,0,0,0,147.16000000000003,147.16000000000003
00-0036450,K.Vaughn,Ke'Shawn Vaughn,RB,RB,"https://static.www.nfl.com/image/private/f_auto,q_auto/league/npa1msmoqbig9cqznkti",2023,REG,TB,5,0,0,0,0,0,0,0,0,0,0,0,0,,,0,,0,0,0,0,24,42,0,0,0,0,-11.136832802963909,0,0,0,0,0,2,5,2,0,0,0,-2,1,0,-4.583285461587366,0,0,0,0,0,-1.0,0.00909090909090909,-0.00041109969167523125,0.013348593852190975,0,0,0,0,0,0,0,0.0,0.0,0,0,0,0,0,0,0,0,0,0,0,0,0,0,0,0,0,0,0,0,0,0,0,0,0,0,0,0,,,0,0,0,0,0,0,0,0,0,0,0,0,,,,0,0,0,0,0,0,0,,0,0,0,0,,0,0,,0,0,0,0,0,0,0,0,0,0,4.4,6.4
00-0036462,I.Gaines,Innis Gaines,SAF,DB,"https://static.www.nfl.com/image/private/f_auto,q_auto/league/zzgd9mgmxwp9ihosvfoy",2023,REG,GB,3,0,0,0,0,0,0,0,0,0,0,0,0,,,0,,0,0,0,0,0,0,0,0,0,0,,0,0,0,0,0,0,0,0,0,0,0,0,0,0,,0,0,0,0,0,,0.0,0.0,0.0,0,2,1,1,0,0,0,0.0,0.0,0,0,0,0,0,0,0,0,0,0,0,0,0,1,15,0,0,0,0,0,0,0,0,0,0,0,0,0,,,0,0,0,0,0,0,0,0,0,0,0,0,,,,0,0,0,0,0,0,0,,0,0,0,0,,0,0,,0,0,0,0,0,0,0,0,0,0,0.0,0.0
00-0036469,M.Ammendola,Matt Ammendola,K,SPEC,"https://static.www.nfl.com/image/upload/f_auto,q_auto/league/ki0lul3j5dqbxlnnqtpv",2023,REG,HOU,5,0,0,0,0,0,0,0,0,0,0,0,0,,,0,,0,0,0,0,0,0,0,0,0,0,,0,0,0,0,0,0,0,0,0,0,0,0,0,0,,0,0,0,0,0,,0.0,0.0,0.0,0,0,0,0,0,0,0,0.0,0.0,0,0,0,0,0,0,0,0,0,0,0,0,0,0,0,0,0,0,0,0,0,0,0,0,6,9,3,0,45,0.6666666666666666,0,2,3,1,0,0,0,0,0,1,2,0,45;22;38;29;38;38,48;50;58,,210,156,0,10,11,1,0,0.9090909090909091,1,1,0,0,38,0,0,,0,0,0,0,0,0,0,0,0,0,0.0,0.0
00-0036479,K.Paye,Kwity Paye,DE,DL,"https://static.www.nfl.com/image/upload/f_auto,q_auto/league/omibgumkgr8ympte4rmo",2023,REG,IND,16,0,0,0,0,0,0,0,0,0,0,0,0,,,0,,0,0,0,0,0,0,0,0,0,0,,0,0,0,0,0,0,0,0,0,0,0,0,0,0,,0,0,0,0,0,,0.0,0.0,0.0,0,20,11,21,6,24,2,8.5,40.0,9,0,0,0,0,0,0,0,0,0,2,0,0,0,0,0,0,0,0,0,0,0,0,0,0,0,0,0,,,0,0,0,0,0,0,0,0,0,0,0,0,,,,0,0,0,0,0,0,0,,0,0,0,0,,0,0,,0,0,0,0,0,0,0,0,0,0,0.0,0.0
00-0036480,D.Odeyingbo,Dayo Odeyingbo,DE,DL,"https://static.www.nfl.com/image/upload/f_auto,q_auto/league/h0brx6vrdusdxl6fkxgv",2023,REG,IND,16,0,0,0,0,0,0,0,0,0,0,0,0,,,0,,0,0,0,0,0,0,0,0,0,0,,0,0,0,0,0,0,0,0,0,0,0,0,0,0,,0,0,0,0,0,,0.0,0.0,0.0,0,20,2,16,9,47,2,8.0,53.0,17,0,0,2,0,0,0,0,0,0,2,0,0,5,22,0,0,0,0,0,0,0,0,0,0,0,0,0,,,0,0,0,0,0,0,0,0,0,0,0,0,,,,0,0,0,0,0,0,0,,0,0,0,0,,0,0,,0,0,0,0,0,0,0,0,0,0,0.0,0.0
00-0036482,M.Strachan,Mike Strachan,WR,WR,"https://static.www.nfl.com/image/private/f_auto,q_auto/league/f0eepzx0zweaaoch5xfj",2023,REG,CAR,2,0,0,0,0,0,0,0,0,0,0,0,0,,,0,,0,0,0,0,0,0,0,0,0,0,,0,0,0,0,0,1,3,45,0,0,0,73,8,1,1.1621588364942,0,1,1,1,1,0.6164383561643836,0.0056179775280898875,0.016287371709058456,0.019828126488475747,0,0,0,0,0,0,0,0.0,0.0,0,0,0,0,0,0,0,0,0,0,0,0,0,0,0,0,0,0,0,0,0,0,0,0,0,0,0,0,,,0,0,0,0,0,0,0,0,0,0,0,0,,,,0,0,0,0,0,0,0,,0,0,0,0,,0,0,,0,0,0,0,0,0,0,0,0,0,4.5,5.5
00-0036483,W.Fries,Will Fries,G,OL,"https://static.www.nfl.com/image/upload/f_auto,q_auto/league/lswimbqlz0wdbsuq1wsh",2023,REG,IND,6,0,0,0,0,0,0,0,0,0,0,0,0,,,0,,0,0,0,0,0,0,0,0,0,0,,0,0,0,0,0,0,0,0,0,0,0,0,0,0,,0,0,0,0,0,,0.0,0.0,0.0,0,0,0,0,0,0,0,0.0,0.0,0,0,0,0,0,0,0,0,0,0,0,0,0,7,55,0,0,0,0,0,0,0,0,0,0,0,0,0,,,0,0,0,0,0,0,0,0,0,0,0,0,,,,0,0,0,0,0,0,0,,0,0,0,0,,0,0,,0,0,0,0,0,0,0,0,0,0,0.0,0.0
00-0036493,D.Jackson,Deon Jackson,RB,RB,"https://static.www.nfl.com/image/private/f_auto,q_auto/league/wvi0pz27h6t7gfjujxis",2023,REG,NYG,2,0,0,0,0,0,0,0,0,0,0,0,0,,,0,,0,0,0,0,14,16,0,1,1,1,-11.443214091501432,0,0,0,0,0,5,6,14,0,1,1,-6,20,0,-8.510520981624722,0,0,0,0,0,-2.3333333333333335,0.01098901098901099,-0.001410105757931845,0.015496442452964193,0,0,0,0,0,0,0,0.0,0.0,0,0,0,0,0,0,0,0,0,0,0,0,0,0,0,2,0,0,2,2,0,0,0,0,0,0,0,0,,,0,0,0,0,0,0,0,0,0,0,0,0,,,,0,0,0,0,0,0,0,,0,0,0,0,,0,0,,0,0,0,0,0,0,0,0,0,0,-1.0,4.0
00-0036497,T.Jones,Tim Jones,WR,WR,"https://static.www.nfl.com/image/upload/f_auto,q_auto/league/gimunqcnpgtctbdba53c",2023,REG,JAX,10,0,0,0,0,0,0,0,0,0,0,0,0,,,0,,0,0,0,0,0,0,0,0,0,0,,0,0,0,0,0,11,18,83,0,0,0,152,31,4,-1.0348130930853312,0,4,0,0,0,0.5460526315789473,0.029654036243822075,0.030515960650471793,0.06584222682106337,0,0,0,0,0,0,0,0.0,0.0,0,0,0,0,0,0,0,0,0,0,1,0,0,0,0,0,0,0,0,0,0,0,0,0,0,0,0,0,,,0,0,0,0,0,0,0,0,0,0,0,0,,,,0,0,0,0,0,0,0,,0,0,0,0,,0,0,,0,0,0,0,0,0,0,0,0,0,8.3,19.3
00-0036500,J.Sherwood,Jamien Sherwood,LB,LB,"https://static.www.nfl.com/image/upload/f_auto,q_auto/league/fvyykbueuzcivau5d9qq",2023,REG,NYJ,16,0,0,0,0,0,0,0,0,0,0,0,0,,,0,,0,0,0,0,0,0,0,0,0,0,,0,0,0,0,0,0,0,0,0,0,0,0,0,0,,0,0,0,0,0,,0.0,0.0,0.0,0,22,6,18,2,9,1,0.0,0.0,0,0,0,1,0,0,0,0,0,0,0,0,0,1,5,0,0,0,0,0,0,0,0,0,0,0,0,0,,,0,0,0,0,0,0,0,0,0,0,0,0,,,,0,0,0,0,0,0,0,,0,0,0,0,,0,0,,0,0,0,0,0,0,0,0,0,0,0.0,0.0
00-0036501,M.Carter,Michael Carter II,CB,DB,"https://static.www.nfl.com/image/upload/f_auto,q_auto/league/a7yskzasxy1hjvyqql1t",2023,REG,NYJ,15,0,0,0,0,0,0,0,0,0,0,0,0,,,0,,0,0,0,0,0,0,0,0,0,0,,0,0,0,0,0,0,0,0,0,0,0,0,0,0,,0,0,0,0,0,,0.0,0.0,0.0,0,26,11,13,0,0,1,0.0,0.0,1,0,0,9,0,0,0,0,0,0,0,0,0,1,3,0,0,0,0,0,0,0,0,0,0,0,0,0,,,0,0,0,0,0,0,0,0,0,0,0,0,,,,0,0,0,0,0,0,0,,0,0,0,0,,0,0,,0,0,0,0,0,0,0,0,0,0,0.0,0.0
00-0036502,J.Pinnock,Jason Pinnock,SAF,DB,"https://static.www.nfl.com/image/upload/f_auto,q_auto/league/vfudin1xe9wdv1bv6awj",2023,REG,NYG,16,0,0,0,0,0,0,0,0,0,0,0,0,,,0,,0,0,0,0,0,0,0,0,0,0,,0,0,0,0,0,0,0,0,0,0,0,0,0,0,,0,0,0,0,0,,0.0,0.0,0.0,0,52,7,26,6,22,2,2.0,17.0,4,2,123,6,1,0,0,0,0,0,0,0,0,1,5,0,0,0,0,0,0,0,0,0,0,0,0,0,,,0,0,0,0,0,0,0,0,0,0,0,0,,,,0,0,0,0,0,0,0,,0,0,0,0,,0,0,,0,0,0,0,0,0,0,0,0,0,0.0,0.0
00-0036504,B.Echols,Brandin Echols,CB,DB,"https://static.www.nfl.com/image/upload/f_auto,q_auto/league/ckxgtnxueibsimypf1qt",2023,REG,NYJ,6,0,0,0,0,0,0,0,0,0,0,0,0,,,0,,0,0,0,0,0,0,0,0,0,0,,0,0,0,0,0,1,1,18,0,0,0,10,8,1,2.6709000263363123,0,1,1,0,0,1.8,0.0017761989342806395,0.0025,0.0044142984014209595,0,6,0,4,0,0,0,0.0,0.0,0,1,30,2,1,0,0,0,0,0,0,0,0,3,22,0,0,0,0,0,0,0,0,0,0,0,0,0,,,0,0,0,0,0,0,0,0,0,0,0,0,,,,0,0,0,0,0,0,0,,0,0,0,0,,0,0,,0,0,0,0,0,0,0,0,0,0,1.8,2.8
00-0036510,K.Yeboah,Kenny Yeboah,TE,TE,"https://static.www.nfl.com/image/upload/f_auto,q_auto/league/ydf0qza9jro8obovns31",2023,REG,NYJ,3,0,0,0,0,0,0,0,0,0,0,0,0,,,0,,0,0,0,0,0,0,0,0,0,0,,0,0,0,0,0,2,4,28,0,0,0,19,20,1,-2.6562005399609916,0,1,1,1,0,1.4736842105263157,0.007104795737122558,0.00475,0.013982193605683837,0,1,0,1,0,0,0,0.0,0.0,0,0,0,0,0,0,0,0,0,0,0,0,0,0,0,0,0,0,0,0,0,0,0,0,0,0,0,0,,,0,0,0,0,0,0,0,0,0,0,0,0,,,,0,0,0,0,0,0,0,,0,0,0,0,,0,0,,0,0,0,0,0,0,0,0,0,0,2.8000000000000003,4.800000000000001
00-0036527,D.Turner,DJ Turner,WR,WR,"https://static.www.nfl.com/image/upload/f_auto,q_auto/league/os5eurhh1y45sixa8phl",2023,REG,LV,7,0,0,0,0,0,0,0,0,0,0,0,0,,,0,,0,0,0,0,0,0,0,0,0,0,,0,0,0,0,0,0,0,0,0,0,0,0,0,0,,0,0,0,0,0,,0.0,0.0,0.0,0,7,0,3,0,0,1,0.0,0.0,0,0,0,0,0,0,0,0,0,0,1,0,0,1,15,0,0,0,0,0,0,0,0,0,0,0,0,0,,,0,0,0,0,0,0,0,0,0,0,0,0,,,,0,0,0,0,0,0,0,,0,0,0,0,,0,0,,0,0,0,0,0,0,0,0,0,0,0.0,0.0
00-0036539,N.Cooney,Nolan Cooney,P,SPEC,"https://static.www.nfl.com/image/private/f_auto,q_auto/league/tscxpgcexupphg0xwodq",2023,REG,ARI,4,0,0,0,0,0,0,0,0,0,0,0,0,,,0,,0,0,0,0,0,0,0,0,0,0,,0,0,0,0,0,0,0,0,0,0,0,0,0,0,,0,0,0,0,0,,0.0,0.0,0.0,0,0,0,0,0,0,0,0.0,0.0,0,0,0,0,0,0,0,0,0,0,0,0,0,0,0,0,0,0,0,0,0,0,0,0,0,0,0,0,,,0,0,0,0,0,0,0,0,0,0,0,0,,,,0,0,0,0,0,0,0,,0,0,0,0,,13,0,56,592,2,1,1,1,3,7,48,0,524,0.0,0.0
00-0036550,R.Bateman,Rashod Bateman,WR,WR,"https://static.www.nfl.com/image/upload/f_auto,q_auto/league/gtktmsfcxc1eijwpwzyq",2023,REG,BAL,15,0,0,0,0,0,0,0,0,0,0,0,0,,,0,,0,0,0,0,1,18,0,0,0,1,2.5212486889213324,0,1,1,0,0,32,56,367,1,0,0,811,59,20,3.5081551851469532,0,17,6,2,0,0.4525277435265105,0.11764705882352941,0.19833700171191002,0.3153064894336311,0,1,0,0,0,0,0,0.0,0.0,0,0,0,0,0,0,0,0,0,0,0,0,0,0,0,0,0,0,0,0,0,0,0,0,0,0,0,0,,,0,0,0,0,0,0,0,0,0,0,0,0,,,,0,0,0,0,0,0,0,,0,0,0,0,,0,0,,0,0,0,0,0,0,0,0,0,0,44.5,76.5
00-0036551,A.Banks,Aaron Banks,G,OL,"https://static.www.nfl.com/image/upload/f_auto,q_auto/league/mkhxl0el2fj3i7k4adsl",2023,REG,SF,4,0,0,0,0,0,0,0,0,0,0,0,0,,,0,,0,0,0,0,0,0,0,0,0,0,,0,0,0,0,0,0,0,0,0,0,0,0,0,0,,0,0,0,0,0,,0.0,0.0,0.0,0,0,0,0,0,0,0,0.0,0.0,0,0,0,0,0,0,0,0,0,0,0,0,0,4,35,0,0,0,0,0,0,0,0,0,0,0,0,0,,,0,0,0,0,0,0,0,0,0,0,0,0,,,,0,0,0,0,0,0,0,,0,0,0,0,,0,0,,0,0,0,0,0,0,0,0,0,0,0.0,0.0
00-0036552,A.Ojulari,Azeez Ojulari,LB,LB,"https://static.www.nfl.com/image/upload/f_auto,q_auto/league/gfq1w3tlod06bgxdnfdc",2023,REG,NYG,9,0,0,0,0,0,0,0,0,0,0,0,0,,,0,,0,0,0,0,0,0,0,0,0,0,,0,0,0,0,0,0,0,0,0,0,0,0,0,0,,0,0,0,0,0,,0.0,0.0,0.0,0,9,0,7,3,15,0,2.5,11.0,7,0,0,0,0,0,0,0,0,0,1,0,0,0,0,0,0,0,0,0,0,0,0,0,0,0,0,0,,,0,0,0,0,0,0,0,0,0,0,0,0,,,,0,0,0,0,0,0,0,,0,0,0,0,,0,0,,0,0,0,0,0,0,0,0,0,0,0.0,0.0
00-0036553,C.Basham,Carlos Basham,LB,LB,"https://static.www.nfl.com/image/upload/f_auto,q_auto/league/stlyey1t2lotlwldzprf",2023,REG,NYG,8,0,0,0,0,0,0,0,0,0,0,0,0,,,0,,0,0,0,0,0,0,0,0,0,0,,0,0,0,0,0,0,0,0,0,0,0,0,0,0,,0,0,0,0,0,,0.0,0.0,0.0,0,5,0,6,0,0,0,0.0,0.0,0,0,0,0,0,0,0,0,0,0,0,0,0,0,0,0,0,0,0,0,0,0,0,0,0,0,0,0,,,0,0,0,0,0,0,0,0,0,0,0,0,,,,0,0,0,0,0,0,0,,0,0,0,0,,0,0,,0,0,0,0,0,0,0,0,0,0,0.0,0.0
00-0036554,N.Collins,Nico Collins,WR,WR,"https://static.www.nfl.com/image/upload/f_auto,q_auto/league/osmqyvmib3pssxi6cyic",2023,REG,HOU,15,0,0,0,0,0,0,0,0,0,0,0,0,,,0,,0,0,0,0,1,7,0,0,0,0,0.3455071428325027,0,0,0,0,0,80,109,1297,8,1,0,1186,549,53,72.15688174884806,1,48,31,25,5,1.0935919055649241,0.19257950530035337,0.22909020668340738,0.4492324026289152,0,1,0,0,0,0,1,0.0,0.0,0,0,0,0,0,0,0,0,1,0,0,0,0,0,0,1,0,1,1,0,0,0,0,0,0,0,0,0,,,0,0,0,0,0,0,0,0,0,0,0,0,,,,0,0,0,0,0,0,0,,0,0,0,0,,0,0,,0,0,0,0,0,0,0,0,0,0,180.4,260.4
00-0036555,C.Hubbard,Chuba Hubbard,RB,RB,"https://static.www.nfl.com/image/upload/f_auto,q_auto/league/pjgml85ghq7oa48dctn7",2023,REG,CAR,17,0,0,0,0,0,0,0,0,0,0,0,0,,,0,,0,0,0,0,238,902,5,0,0,59,-21.51596444684838,0,21,17,4,0,39,44,233,0,1,0,-34,269,9,-10.740264819702134,0,8,1,1,0,-6.852941176470588,0.08239700374531835,-0.007585899152164213,0.11828537621146258,0,0,0,0,0,0,0,0.0,0.0,0,0,0,0,0,0,0,0,0,0,0,0,0,0,0,1,0,1,1,0,0,0,0,0,0,0,0,0,,,0,0,0,0,0,0,0,0,0,0,0,0,,,,0,0,0,0,0,0,0,,0,0,0,0,,0,0,,0,0,0,0,0,0,0,0,0,0,143.5,182.5
00-0036556,B.Jordan,Brevin Jordan,TE,TE,"https://static.www.nfl.com/image/upload/f_auto,q_auto/league/ypyec24t4prirebsdcg4",2023,REG,HOU,10,0,0,0,0,0,0,0,0,0,0,0,0,,,0,,0,0,0,0,0,0,0,0,0,0,,0,0,0,0,0,17,21,219,2,0,0,115,124,13,17.50110164785292,0,10,5,3,0,1.9043478260869566,0.037102473498233215,0.02221363724164574,0.07120325631650185,0,0,0,1,0,0,0,0.0,0.0,0,0,0,0,0,0,0,0,0,0,0,0,0,2,15,0,0,0,0,0,0,0,0,0,0,0,0,0,,,0,0,0,0,0,0,0,0,0,0,0,0,,,,0,0,0,0,0,0,0,,0,0,0,0,,0,0,,0,0,0,0,0,0,0,0,0,0,33.900000000000006,50.900000000000006
00-0036559,S.Wade,Shaun Wade,CB,DB,"https://static.www.nfl.com/image/upload/f_auto,q_auto/league/z9vpeejmakfufwijb9gv",2023,REG,NE,11,0,0,0,0,0,0,0,0,0,0,0,0,,,0,,0,0,0,0,0,0,0,0,0,0,,0,0,0,0,0,0,0,0,0,0,0,0,0,0,,0,0,0,0,0,,0.0,0.0,0.0,0,20,1,2,2,6,0,0.0,0.0,0,0,0,1,0,0,0,0,0,0,0,0,0,1,5,0,0,0,0,0,0,0,0,0,0,0,0,0,,,0,0,0,0,0,0,0,0,0,0,0,0,,,,0,0,0,0,0,0,0,,0,0,0,0,,0,0,,0,0,0,0,0,0,0,0,0,0,0.0,0.0
00-0036563,D.Lenoir,Deommodore Lenoir,CB,DB,"https://static.www.nfl.com/image/upload/f_auto,q_auto/league/ypghnprlnzwmxjcrbpk7",2023,REG,SF,17,0,0,0,0,0,0,0,0,0,0,0,0,,,0,,0,0,0,0,0,0,0,0,0,0,,0,0,0,0,0,0,0,0,0,0,0,0,0,0,,0,0,0,0,0,,0.0,0.0,0.0,0,48,10,26,1,8,0,0.0,0.0,0,3,49,10,0,0,0,0,0,0,0,0,0,6,74,0,0,0,0,0,0,0,0,0,0,0,0,0,,,0,0,0,0,0,0,0,0,0,0,0,0,,,,0,0,0,0,0,0,0,,0,0,0,0,,0,0,,0,0,0,0,0,0,0,0,0,0,0.0,0.0
00-0036564,T.Hufanga,Talanoa Hufanga,SAF,DB,"https://static.www.nfl.com/image/upload/f_auto,q_auto/league/gyoo1p5nckluov1mihbe",2023,REG,SF,10,0,0,0,0,0,0,0,0,0,0,0,0,,,0,,0,0,0,0,0,0,0,0,0,0,,0,0,0,0,0,0,0,0,0,0,0,0,0,0,,0,0,0,0,0,,0.0,0.0,0.0,0,35,4,13,1,5,0,0.0,0.0,2,3,48,3,0,0,0,0,0,0,0,0,0,2,9,0,0,0,0,0,0,0,0,0,0,0,0,0,,,0,0,0,0,0,0,0,0,0,0,0,0,,,,0,0,0,0,0,0,0,,0,0,0,0,,0,0,,0,0,0,0,0,0,0,0,0,0,0.0,0.0
00-0036567,E.Mitchell,Elijah Mitchell,RB,RB,"https://static.www.nfl.com/image/upload/f_auto,q_auto/league/xf383ph8bz6dpp0u9lcd",2023,REG,SF,11,0,0,0,0,0,0,0,0,0,0,0,0,,,0,,0,0,0,0,75,281,2,0,0,14,-11.30356071589631,0,7,5,0,0,6,8,14,0,0,0,-22,26,2,-8.16301331249997,0,0,0,0,0,-0.6363636363636364,0.016985138004246284,-0.0054753608760577405,0.02164495439312901,0,0,0,0,0,0,0,0.0,0.0,0,0,0,0,0,0,0,0,0,0,0,0,0,0,0,0,0,0,0,0,0,0,0,0,0,0,0,0,,,0,0,0,0,0,0,0,0,0,0,0,0,,,,0,0,0,0,0,0,0,,0,0,0,0,,0,0,,0,0,0,0,0,0,0,0,0,0,41.5,47.5
00-0036568,R.Lopez,Roy Lopez,DT,DL,"https://static.www.nfl.com/image/upload/f_auto,q_auto/league/i4a37cibk9pwjjgq4rla",2023,REG,ARI,13,0,0,0,0,0,0,0,0,0,0,0,0,,,0,,0,0,0,0,0,0,0,0,0,0,,0,0,0,0,0,0,0,0,0,0,0,0,0,0,,0,0,0,0,0,,0.0,0.0,0.0,0,12,10,20,1,1,0,0.0,0.0,1,0,0,0,0,0,0,0,0,0,0,0,0,1,5,0,0,0,0,0,0,0,0,0,0,0,0,0,,,0,0,0,0,0,0,0,0,0,0,0,0,,,,0,0,0,0,0,0,0,,0,0,0,0,,0,0,,0,0,0,0,0,0,0,0,0,0,0.0,0.0
00-0036569,G.Brightwell,Gary Brightwell,RB,RB,"https://static.www.nfl.com/image/upload/f_auto,q_auto/league/egwohqryh9q3pa7erynt",2023,REG,NYG,4,0,0,0,0,0,0,0,0,0,0,0,0,,,0,,0,0,0,0,9,19,0,0,0,0,-3.899821025552228,0,0,0,0,0,5,7,47,0,0,0,-6,53,2,2.0630525096785277,0,3,1,0,0,-7.833333333333333,0.01443298969072165,-0.001584786053882726,0.020540134298364564,0,2,0,0,0,0,0,0.0,0.0,0,0,0,0,0,0,0,0,0,0,0,0,0,1,10,0,0,0,0,0,0,0,0,0,0,0,0,0,,,0,0,0,0,0,0,0,0,0,0,0,0,,,,0,0,0,0,0,0,0,,0,0,0,0,,0,0,,0,0,0,0,0,0,0,0,0,0,6.6000000000000005,11.600000000000001
00-0036576,P.Hoskins,Phil Hoskins,DT,DL,"https://static.www.nfl.com/image/upload/f_auto,q_auto/league/ffwoibyhadqfki62ftyw",2023,REG,ARI,5,0,0,0,0,0,0,0,0,0,0,0,0,,,0,,0,0,0,0,0,0,0,0,0,0,,0,0,0,0,0,0,0,0,0,0,0,0,0,0,,0,0,0,0,0,,0.0,0.0,0.0,0,2,0,6,0,0,0,0.0,0.0,0,0,0,0,0,0,0,0,0,0,0,0,0,0,0,0,0,0,0,0,0,0,0,0,0,0,0,0,,,0,0,0,0,0,0,0,0,0,0,0,0,,,,0,0,0,0,0,0,0,,0,0,0,0,,0,0,,0,0,0,0,0,0,0,0,0,0,0.0,0.0
00-0036587,A.Washington,Ar'Darius Washington,SAF,DB,"https://static.www.nfl.com/image/upload/f_auto,q_auto/league/ptjh8ufk5zfpdc0yrpeq",2023,REG,BAL,2,0,0,0,0,0,0,0,0,0,0,0,0,,,0,,0,0,0,0,0,0,0,0,0,0,,0,0,0,0,0,0,0,0,0,0,0,0,0,0,,0,0,0,0,0,,0.0,0.0,0.0,0,6,0,5,1,8,0,1.0,8.0,2,0,0,2,0,0,0,0,0,0,0,0,0,1,5,0,0,0,0,0,0,0,0,0,0,0,0,0,,,0,0,0,0,0,0,0,0,0,0,0,0,,,,0,0,0,0,0,0,0,,0,0,0,0,,0,0,,0,0,0,0,0,0,0,0,0,0,0.0,0.0
00-0036589,N.McCloud,Nick McCloud,CB,DB,"https://static.www.nfl.com/image/upload/f_auto,q_auto/league/tktqsmdus8y1alse43j5",2023,REG,NYG,12,0,0,0,0,0,0,0,0,0,0,0,0,,,0,,0,0,0,0,0,0,0,0,0,0,,0,0,0,0,0,0,0,0,0,0,0,0,0,0,,0,0,0,0,0,,0.0,0.0,0.0,0,19,1,8,0,0,3,0.0,0.0,0,1,0,2,0,1,0,0,3,1,0,0,0,0,0,0,1,0,1,0,1,0,0,0,0,0,0,0,,,0,0,0,0,0,0,0,0,0,0,0,0,,,,0,0,0,0,0,0,0,,0,0,0,0,,0,0,,0,0,0,0,0,0,0,0,0,0,0.0,0.0
00-0036590,Q.Morris,Quintin Morris,TE,TE,"https://static.www.nfl.com/image/upload/f_auto,q_auto/league/lvmccekmoj82dzw00xcl",2023,REG,BUF,2,0,0,0,0,0,0,0,0,0,0,0,0,,,0,,0,0,0,0,0,0,0,0,0,0,,0,0,0,0,0,2,3,26,1,0,0,33,5,1,1.7529108348261326,0,2,0,0,0,0.7878787878787878,0.005504587155963303,0.006571087216248507,0.012856641785318909,0,0,0,0,0,0,0,0.0,0.0,0,0,0,0,0,0,0,0,0,0,1,0,0,0,0,0,0,0,0,0,0,0,0,0,0,0,0,0,,,0,0,0,0,0,0,0,0,0,0,0,0,,,,0,0,0,0,0,0,0,,0,0,0,0,,0,0,,0,0,0,0,0,0,0,0,0,0,8.6,10.6
00-0036596,R.Jones,Robert Jones,G,OL,"https://static.www.nfl.com/image/upload/f_auto,q_auto/league/ghwina6zfdtlqzs3x7pu",2023,REG,MIA,2,0,0,0,0,0,0,0,0,0,0,0,0,,,0,,0,0,0,0,0,0,0,0,0,0,,0,0,0,0,0,0,0,0,0,0,0,0,0,0,,0,0,0,0,0,,0.0,0.0,0.0,0,0,0,0,0,0,0,0.0,0.0,0,0,0,0,0,0,0,0,0,0,0,0,0,3,20,0,0,0,0,0,0,0,0,0,0,0,0,0,,,0,0,0,0,0,0,0,0,0,0,0,0,,,,0,0,0,0,0,0,0,,0,0,0,0,,0,0,,0,0,0,0,0,0,0,0,0,0,0.0,0.0
00-0036603,A.Jackson,Alaric Jackson,OT,OL,"https://static.www.nfl.com/image/upload/f_auto,q_auto/league/p7eblgie3na4hjdl6pzb",2023,REG,LA,3,0,0,0,0,0,0,0,0,0,0,0,0,,,0,,0,0,0,0,0,0,0,0,0,0,,0,0,0,0,0,0,0,0,0,0,0,0,0,0,,0,0,0,0,0,,0.0,0.0,0.0,0,0,0,0,0,0,0,0.0,0.0,0,0,0,0,0,0,0,0,0,0,0,0,0,3,40,0,0,0,0,0,0,0,0,0,0,0,0,0,,,0,0,0,0,0,0,0,0,0,0,0,0,,,,0,0,0,0,0,0,0,,0,0,0,0,,0,0,,0,0,0,0,0,0,0,0,0,0,0.0,0.0
00-0036613,J.Waddle,Jaylen Waddle,WR,WR,"https://static.www.nfl.com/image/upload/f_auto,q_auto/league/dsxd2zcqm42wsv4ewtfc",2023,REG,MIA,14,0,0,0,0,0,0,0,0,0,0,0,0,,,0,,0,0,0,0,3,12,0,0,0,1,-0.6894866111688316,0,1,1,0,0,72,104,1014,4,0,0,1051,421,47,45.95691770556518,0,49,23,12,2,0.9647954329210275,0.1894353369763206,0.24407803065490014,0.45500762692291097,0,3,0,0,0,0,0,0.0,0.0,0,0,0,0,0,0,0,0,0,0,0,0,0,0,0,0,0,0,0,0,0,0,0,0,0,0,0,0,,,0,0,0,0,0,0,0,0,0,0,0,0,,,,0,0,0,0,0,0,0,,0,0,0,0,,0,0,,0,0,0,0,0,0,0,0,0,0,126.60000000000001,198.60000000000002
00-0036614,J.Davis,Jamin Davis,LB,LB,"https://static.www.nfl.com/image/upload/f_auto,q_auto/league/opdsr5ttchmbpuyw4vgf",2023,REG,WAS,13,0,0,0,0,0,0,0,0,0,0,0,0,,,0,,0,0,0,0,0,0,0,0,0,0,,0,0,0,0,0,0,0,0,0,0,0,0,0,0,,0,0,0,0,0,,0.0,0.0,0.0,0,43,7,39,7,25,2,3.0,8.0,3,1,0,4,0,0,0,0,0,0,0,0,0,3,25,0,0,0,0,0,0,0,0,0,0,0,0,0,,,0,0,0,0,0,0,0,0,0,0,0,0,,,,0,0,0,0,0,0,0,,0,0,0,0,,0,0,,0,0,0,0,0,0,0,0,0,0,0.0,0.0
00-0036616,C.Darrisaw,Christian Darrisaw,OT,OL,"https://static.www.nfl.com/image/upload/f_auto,q_auto/league/i6lajihxkwue0ntawn10",2023,REG,MIN,4,0,0,0,0,0,0,0,0,0,0,0,0,,,0,,0,0,0,0,0,0,0,0,0,0,,0,0,0,0,0,0,0,0,0,0,0,0,0,0,,0,0,0,0,0,,0.0,0.0,0.0,0,1,0,0,0,0,0,0.0,0.0,0,0,0,0,0,0,0,0,0,0,0,0,0,4,20,0,0,0,0,0,0,0,0,0,0,0,0,0,,,0,0,0,0,0,0,0,0,0,0,0,0,,,,0,0,0,0,0,0,0,,0,0,0,0,,0,0,,0,0,0,0,0,0,0,0,0,0,0.0,0.0
00-0036617,A.Samuel,Asante Samuel Jr.,CB,DB,"https://static.www.nfl.com/image/private/f_auto,q_auto/league/hrnnoumk2vtrx9yhqs6n",2023,REG,LAC,17,0,0,0,0,0,0,0,0,0,0,0,0,,,0,,0,0,0,0,0,0,0,0,0,0,,0,0,0,0,0,0,0,0,0,0,0,0,0,0,,0,0,0,0,0,,0.0,0.0,0.0,0,51,5,7,0,0,0,0.0,0.0,0,2,8,13,0,0,0,0,0,0,0,0,0,4,55,0,0,0,0,0,0,0,0,0,0,0,0,0,,,0,0,0,0,0,0,0,0,0,0,0,0,,,,0,0,0,0,0,0,0,,0,0,0,0,,0,0,,0,0,0,0,0,0,0,0,0,0,0.0,0.0
00-0036618,S.Cosmi,Sam Cosmi,OT,OL,"https://static.www.nfl.com/image/upload/f_auto,q_auto/league/n6vudhzl0uiaffexr81u",2023,REG,WAS,4,0,0,0,0,0,0,0,0,0,0,0,0,,,0,,0,0,0,0,0,0,0,0,0,0,,0,0,0,0,0,0,0,0,0,0,0,0,0,0,,0,0,0,0,0,,0.0,0.0,0.0,0,0,0,0,0,0,0,0.0,0.0,0,0,0,0,0,0,0,0,0,0,0,0,0,4,25,0,0,0,0,0,0,0,0,0,0,0,0,0,,,0,0,0,0,0,0,0,0,0,0,0,0,,,,0,0,0,0,0,0,0,,0,0,0,0,,0,0,,0,0,0,0,0,0,0,0,0,0,0.0,0.0
00-0036619,D.Radunz,Dillon Radunz,OT,OL,"https://static.www.nfl.com/image/upload/f_auto,q_auto/league/yg2itp7chkpsn8etgdh1",2023,REG,TEN,8,0,0,0,0,0,0,0,0,0,0,0,0,,,0,,0,0,0,0,0,0,0,0,0,0,,0,0,0,0,0,0,0,0,0,0,0,0,0,0,,0,0,0,0,0,,0.0,0.0,0.0,0,0,0,1,0,0,0,0.0,0.0,0,0,0,0,0,0,0,0,0,0,0,0,0,11,63,0,0,0,0,0,0,0,0,0,0,0,0,0,,,0,0,0,0,0,0,0,0,0,0,0,0,,,,0,0,0,0,0,0,0,,0,0,0,0,,0,0,,0,0,0,0,0,0,0,0,0,0,0.0,0.0
00-0036620,D.Eskridge,Dee Eskridge,WR,WR,"https://static.www.nfl.com/image/upload/f_auto,q_auto/league/baasw8ia3qztewmawfnz",2023,REG,SEA,4,0,0,0,0,0,0,0,0,0,0,0,0,,,0,,0,0,0,0,2,5,0,0,0,1,-0.8133049951866269,0,1,0,0,0,0,1,0,0,0,0,17,0,0,-1.2090849367668852,0,0,0,0,0,0.0,0.0018281535648994515,0.004125212327105072,0.005629878976322727,0,0,0,0,0,0,0,0.0,0.0,0,0,0,0,0,0,0,0,0,0,0,0,0,1,10,0,0,0,0,0,0,0,8,224,0,0,0,0,,,0,0,0,0,0,0,0,0,0,0,0,0,,,,0,0,0,0,0,0,0,,0,0,0,0,,0,0,,0,0,0,0,0,0,0,0,0,0,0.5,0.5
00-0036621,N.Bolton,Nick Bolton,LB,LB,"https://static.www.nfl.com/image/upload/f_auto,q_auto/league/qwdpcmobp7qgdzqgltlr",2023,REG,KC,8,0,0,0,0,0,0,0,0,0,0,0,0,,,0,,0,0,0,0,0,0,0,0,0,0,,0,0,0,0,0,0,0,0,0,0,0,0,0,0,,0,0,0,0,0,,0.0,0.0,0.0,0,27,11,22,0,0,0,0.0,0.0,1,1,1,3,0,0,0,0,0,0,0,0,0,0,0,0,0,0,0,0,0,0,0,0,0,0,0,0,,,0,0,0,0,0,0,0,0,0,0,0,0,,,,0,0,0,0,0,0,0,,0,0,0,0,,0,0,,0,0,0,0,0,0,0,0,0,0,0.0,0.0
00-0036622,J.Myers,Josh Myers,C,OL,"https://static.www.nfl.com/image/upload/f_auto,q_auto/league/ejnbuy27sru95vzzxdp3",2023,REG,GB,4,0,0,0,0,0,0,0,0,0,0,0,0,,,0,,0,0,0,0,0,0,0,0,0,0,,0,0,0,0,0,0,0,0,0,0,0,0,0,0,,0,0,0,0,0,,0.0,0.0,0.0,0,0,0,0,0,0,0,0.0,0.0,0,0,0,0,0,0,0,0,0,0,0,0,0,4,32,0,0,0,0,0,0,0,0,0,0,0,0,0,,,0,0,0,0,0,0,0,0,0,0,0,0,,,,0,0,0,0,0,0,0,,0,0,0,0,,0,0,,0,0,0,0,0,0,0,0,0,0,0.0,0.0
00-0036623,C.Humphrey,Creed Humphrey,C,OL,"https://static.www.nfl.com/image/upload/f_auto,q_auto/league/ggz2h81ghybmrerlgdsq",2023,REG,KC,9,0,0,0,0,0,0,0,0,0,0,0,0,,,0,,0,0,0,0,0,0,0,0,0,0,,0,0,0,0,0,0,0,0,0,0,0,0,0,0,,0,0,0,0,0,,0.0,0.0,0.0,0,2,0,0,0,0,1,0.0,0.0,0,0,0,0,0,0,0,0,0,0,0,0,0,6,51,0,2,0,2,0,0,0,0,0,0,0,0,0,,,0,0,0,0,0,0,0,0,0,0,0,0,,,,0,0,0,0,0,0,0,,0,0,0,0,,0,0,,0,0,0,0,0,0,0,0,0,0,0.0,0.0
00-0036624,A.McNeill,Alim McNeill,DT,DL,"https://static.www.nfl.com/image/upload/f_auto,q_auto/league/udieb8v70ple2vt3zyof",2023,REG,DET,12,0,0,0,0,0,0,0,0,0,0,0,0,,,0,,0,0,0,0,0,0,0,0,0,0,,0,0,0,0,0,0,0,0,0,0,0,0,0,0,,0,0,0,0,0,,0.0,0.0,0.0,0,15,2,15,5,43,1,5.0,43.0,10,0,0,1,0,0,0,0,0,0,0,0,0,0,0,0,0,0,0,0,0,0,0,0,0,0,0,0,,,0,0,0,0,0,0,0,0,0,0,0,0,,,,0,0,0,0,0,0,0,,0,0,0,0,,0,0,,0,0,0,0,0,0,0,0,0,0,0.0,0.0
00-0036625,B.St-Juste,Benjamin St-Juste,CB,DB,"https://static.www.nfl.com/image/upload/f_auto,q_auto/league/mad9dx5zee70kec6lpan",2023,REG,WAS,16,0,0,0,0,0,0,0,0,0,0,0,0,,,0,,0,0,0,0,0,0,0,0,0,0,,0,0,0,0,0,0,0,0,0,0,0,0,0,0,,0,0,0,0,0,,0.0,0.0,0.0,0,46,6,15,1,3,2,1.0,3.0,1,1,0,17,0,0,0,0,0,0,0,0,0,9,115,0,0,0,0,0,0,0,0,0,0,0,0,0,,,0,0,0,0,0,0,0,0,0,0,0,0,,,,0,0,0,0,0,0,0,,0,0,0,0,,0,0,,0,0,0,0,0,0,0,0,0,0,0.0,0.0
00-0036626,D.Brown,Dyami Brown,WR,WR,"https://static.www.nfl.com/image/upload/f_auto,q_auto/league/wwl9s886olkkvu67qktp",2023,REG,WAS,16,1,1,4,0,0,0,0,0,0,1,3,0,-0.30589396954746917,22.300511598587036,0,4.0,0,0,0,0,1,0,0,0,0,0,-0.8552284319885075,0,0,0,0,0,12,23,168,1,0,0,387,76,8,8.516261250188109,0,6,4,2,0,0.43410852713178294,0.03826955074875208,0.08118313404657017,0.11423251995572724,0,3,1,2,0,0,0,0.0,0.0,0,0,0,0,0,0,0,0,0,0,1,0,0,3,21,0,0,0,0,0,0,0,0,0,0,0,0,0,,,0,0,0,0,0,0,0,0,0,0,0,0,,,,0,0,0,0,0,0,0,,0,0,0,0,,0,0,,0,0,0,0,0,0,0,0,0,0,22.96,34.96
00-0036628,J.Bates,John Bates,TE,TE,"https://static.www.nfl.com/image/upload/f_auto,q_auto/league/edpnkleev10rpzfgjakv",2023,REG,WAS,15,0,0,0,0,0,0,0,0,0,0,0,0,,,0,,0,0,0,0,0,0,0,0,0,0,,0,0,0,0,0,19,28,151,0,0,0,175,65,6,-5.566456084954552,0,5,2,1,0,0.8628571428571429,0.04658901830282862,0.03671071953010279,0.09558103112531488,0,2,1,0,0,0,0,0.0,0.0,0,0,0,0,0,0,0,0,0,0,0,0,0,4,32,0,0,0,0,0,0,0,1,10,0,0,0,0,,,0,0,0,0,0,0,0,0,0,0,0,0,,,,0,0,0,0,0,0,0,,0,0,0,0,,0,0,,0,0,0,0,0,0,0,0,0,0,15.100000000000001,34.1
00-0036629,C.Bynum,Camryn Bynum,SAF,DB,"https://static.www.nfl.com/image/upload/f_auto,q_auto/league/rncq5z5bfhigx2atid7k",2023,REG,MIN,17,0,0,0,0,0,0,0,0,0,0,0,0,,,0,,0,0,0,0,0,0,0,0,0,0,,0,0,0,0,0,0,0,0,0,0,0,0,0,0,,0,0,0,0,0,,0.0,0.0,0.0,0,78,16,43,1,1,3,0.5,2.0,1,2,0,9,0,0,0,0,0,0,0,0,0,0,0,0,0,0,0,0,0,0,0,0,0,0,0,0,,,0,0,0,0,0,0,0,0,0,0,0,0,,,,0,0,0,0,0,0,0,,0,0,0,0,,0,0,,0,0,0,0,0,0,0,0,0,0,0.0,0.0
00-0036630,T.Wallace,Tylan Wallace,WR,WR,"https://static.www.nfl.com/image/upload/f_auto,q_auto/league/rifnnpeub6okv41offnd",2023,REG,BAL,6,0,0,0,0,0,0,0,0,0,0,0,0,,,0,,0,0,0,0,0,0,0,0,0,0,,0,0,0,0,0,1,2,11,0,0,0,23,0,1,-0.7508965742890723,0,1,0,0,0,0.4782608695652174,0.004201680672268907,0.005624847150892639,0.010239914014028208,1,2,0,0,0,0,0,0.0,0.0,0,0,0,0,0,0,0,0,0,0,0,0,0,1,5,0,0,0,0,0,6,127,1,26,0,0,0,0,,,0,0,0,0,0,0,0,0,0,0,0,0,,,,0,0,0,0,0,0,0,,0,0,0,0,,0,0,,0,0,0,0,0,0,0,0,0,0,7.1,8.1
00-0036631,R.Newman,Royce Newman,G,OL,"https://static.www.nfl.com/image/upload/f_auto,q_auto/league/q35tnynrruh8sagqphep",2023,REG,GB,1,0,0,0,0,0,0,0,0,0,0,0,0,,,0,,0,0,0,0,0,0,0,0,0,0,,0,0,0,0,0,0,0,0,0,0,0,0,0,0,,0,0,0,0,0,,0.0,0.0,0.0,0,0,0,0,0,0,0,0.0,0.0,0,0,0,0,0,0,0,0,0,0,0,0,0,1,5,0,0,0,0,0,0,0,0,0,0,0,0,0,,,0,0,0,0,0,0,0,0,0,0,0,0,,,,0,0,0,0,0,0,0,,0,0,0,0,,0,0,,0,0,0,0,0,0,0,0,0,0,0.0,0.0
00-0036634,T.Fields,Tony Fields II,LB,LB,"https://static.www.nfl.com/image/upload/f_auto,q_auto/league/dwjp5xpbs6yiekcfjxkx",2023,REG,CLE,10,0,0,0,0,0,0,0,0,0,0,0,0,,,0,,0,0,0,0,0,0,0,0,0,0,,0,0,0,0,0,0,0,0,0,0,0,0,0,0,,0,0,0,0,0,,0.0,0.0,0.0,0,12,4,18,0,0,0,0.0,0.0,0,0,0,0,0,0,0,0,0,0,1,0,1,1,5,0,0,0,0,0,0,0,0,0,0,0,0,0,,,0,0,0,0,0,0,0,0,0,0,0,0,,,,0,0,0,0,0,0,0,,0,0,0,0,,0,0,,0,0,0,0,0,0,0,0,0,0,0.0,0.0
00-0036635,I.Smith-Marsette,Ihmir Smith-Marsette,WR,WR,"https://static.www.nfl.com/image/upload/f_auto,q_auto/league/zv9y5bc8lsnvobjdm15p",2023,REG,CAR,17,0,0,0,0,0,0,0,0,0,0,0,0,,,0,,0,0,0,0,8,74,1,0,0,4,4.189766711962875,0,4,3,1,0,8,10,51,0,0,0,9,48,5,1.515756132430397,0,2,1,0,0,5.666666666666667,0.018726591760299626,0.002008032128514056,0.029495510130409276,1,0,1,1,0,0,0,0.0,0.0,0,0,0,0,0,2,0,0,2,0,0,0,0,3,25,0,2,0,2,0,37,322,0,0,0,0,0,0,,,0,0,0,0,0,0,0,0,0,0,0,0,,,,0,0,0,0,0,0,0,,0,0,0,0,,0,0,,0,0,0,0,0,0,0,0,0,0,24.5,32.5
00-0036636,B.Jaimes,Brenden Jaimes,OT,OL,"https://static.www.nfl.com/image/upload/f_auto,q_auto/league/z0ntejp0eolabsssocsn",2023,REG,LAC,1,0,0,0,0,0,0,0,0,0,0,0,0,,,0,,0,0,0,0,0,0,0,0,0,0,,0,0,0,0,0,0,0,0,0,0,0,0,0,0,,0,0,0,0,0,,0.0,0.0,0.0,0,0,0,0,0,0,0,0.0,0.0,0,0,0,0,0,0,0,0,0,0,0,0,0,1,4,0,0,0,0,0,0,0,0,0,0,0,0,0,,,0,0,0,0,0,0,0,0,0,0,0,0,,,,0,0,0,0,0,0,0,,0,0,0,0,,0,0,,0,0,0,0,0,0,0,0,0,0,0.0,0.0
00-0036637,N.Gray,Noah Gray,TE,TE,"https://static.www.nfl.com/image/upload/f_auto,q_auto/league/yugngcrdfxh0nwzl4zwp",2023,REG,KC,16,0,0,0,0,0,0,0,0,0,0,0,0,,,0,,0,0,0,0,1,1,0,0,0,0,-2.7568004212225787,0,0,0,0,0,28,41,305,2,0,0,270,140,15,5.184102260309757,0,12,7,4,0,1.1296296296296295,0.06844741235392321,0.06593406593406594,0.14882496468473097,0,4,0,0,0,0,0,0.0,0.0,0,0,0,0,0,0,0,0,0,0,0,0,0,0,0,0,0,0,0,0,0,0,0,0,0,0,0,0,,,0,0,0,0,0,0,0,0,0,0,0,0,,,,0,0,0,0,0,0,0,,0,0,0,0,,0,0,,0,0,0,0,0,0,0,0,0,0,42.6,70.6
00-0036638,D.Forrest,Darrick Forrest,SAF,DB,"https://static.www.nfl.com/image/upload/f_auto,q_auto/league/t1k57hvbictnyjh65ygx",2023,REG,WAS,5,0,0,0,0,0,0,0,0,0,0,0,0,,,0,,0,0,0,0,0,0,0,0,0,0,,0,0,0,0,0,0,0,0,0,0,0,0,0,0,,0,0,0,0,0,,0.0,0.0,0.0,0,14,4,11,0,0,0,0.0,0.0,0,0,0,0,0,0,0,0,0,0,0,0,0,0,0,0,0,0,0,0,0,0,0,0,0,0,0,0,,,0,0,0,0,0,0,0,0,0,0,0,0,,,,0,0,0,0,0,0,0,,0,0,0,0,,0,0,,0,0,0,0,0,0,0,0,0,0,0.0,0.0
00-0036642,T.Slaton,Tedarrell Slaton,DT,DL,"https://static.www.nfl.com/image/upload/f_auto,q_auto/league/oktzavt6whxgvr6ukmhl",2023,REG,GB,17,0,0,0,0,0,0,0,0,0,0,0,0,,,0,,0,0,0,0,0,0,0,0,0,0,,0,0,0,0,0,0,0,0,0,0,0,0,0,0,,0,0,0,0,0,,0.0,0.0,0.0,0,14,9,27,2,4,0,0.0,0.0,2,0,0,2,0,0,0,0,0,0,0,0,0,0,0,0,0,0,0,0,0,0,0,0,0,0,0,0,,,0,0,0,0,0,0,0,0,0,0,0,0,,,,0,0,0,0,0,0,0,,0,0,0,0,,0,0,,0,0,0,0,0,0,0,0,0,0,0.0,0.0
00-0036643,K.Britt,K.J. Britt,LB,LB,"https://static.www.nfl.com/image/upload/f_auto,q_auto/league/kca9qozdfs1albiamsq0",2023,REG,TB,10,0,0,0,0,0,0,0,0,0,0,0,0,,,0,,0,0,0,0,0,0,0,0,0,0,,0,0,0,0,0,0,0,0,0,0,0,0,0,0,,0,0,0,0,0,,0.0,0.0,0.0,0,13,3,13,1,1,0,0.0,0.0,0,0,0,1,0,0,0,0,0,0,0,0,0,0,0,0,0,0,0,0,0,0,0,0,0,0,0,0,,,0,0,0,0,0,0,0,0,0,0,0,0,,,,0,0,0,0,0,0,0,,0,0,0,0,,0,0,,0,0,0,0,0,0,0,0,0,0,0.0,0.0
00-0036644,C.McGrone,Cameron McGrone,LB,LB,"https://static.www.nfl.com/image/upload/f_auto,q_auto/league/ngmm9gg0mcgzufrizd80",2023,REG,IND,3,0,0,0,0,0,0,0,0,0,0,0,0,,,0,,0,0,0,0,0,0,0,0,0,0,,0,0,0,0,0,0,0,0,0,0,0,0,0,0,,0,0,0,0,0,,0.0,0.0,0.0,0,0,2,2,0,0,0,0.0,0.0,0,0,0,0,0,0,0,0,0,0,0,0,0,0,0,0,0,0,0,0,0,0,0,0,0,0,0,0,,,0,0,0,0,0,0,0,0,0,0,0,0,,,,0,0,0,0,0,0,0,,0,0,0,0,,0,0,,0,0,0,0,0,0,0,0,0,0,0.0,0.0
00-0036645,S.Jean-Charles,Shemar Jean-Charles,CB,DB,"https://static.www.nfl.com/image/upload/f_auto,q_auto/league/u7t0oehb31vg2xcz7z1q",2023,REG,SF,3,0,0,0,0,0,0,0,0,0,0,0,0,,,0,,0,0,0,0,0,0,0,0,0,0,,0,0,0,0,0,0,0,0,0,0,0,0,0,0,,0,0,0,0,0,,0.0,0.0,0.0,0,3,0,1,0,0,0,0.0,0.0,0,0,0,0,0,0,0,0,0,0,0,0,0,2,30,0,0,0,0,0,0,0,0,0,0,0,0,0,,,0,0,0,0,0,0,0,0,0,0,0,0,,,,0,0,0,0,0,0,0,,0,0,0,0,,0,0,,0,0,0,0,0,0,0,0,0,0,0.0,0.0
00-0036646,S.Fehoko,Simi Fehoko,WR,WR,"https://static.www.nfl.com/image/upload/f_auto,q_auto/league/kbnk59cdzp2opegnrom8",2023,REG,LAC,2,0,0,0,0,0,0,0,0,0,0,0,0,,,0,,0,0,0,0,0,0,0,0,0,0,,0,0,0,0,0,1,2,9,1,0,0,18,7,1,1.0416169919772074,0,0,0,0,0,0.5,0.003257328990228013,0.0038030847242763576,0.0075481527923354705,0,1,0,0,0,0,0,0.0,0.0,0,0,0,0,0,0,0,0,0,0,0,0,0,0,0,0,0,0,0,0,0,0,0,0,0,0,0,0,,,0,0,0,0,0,0,0,0,0,0,0,0,,,,0,0,0,0,0,0,0,,0,0,0,0,,0,0,,0,0,0,0,0,0,0,0,0,0,6.9,7.9
00-0036648,N.Niemann,Nick Niemann,LB,LB,"https://static.www.nfl.com/image/upload/f_auto,q_auto/league/nbizfccowpxtgytc4n2u",2023,REG,LAC,11,0,0,0,0,0,0,0,0,0,0,0,0,,,0,,0,0,0,0,1,0,0,1,0,0,-2.806892096064985,0,0,0,0,0,0,0,0,0,0,0,0,0,0,,0,0,0,0,0,,0.0,0.0,0.0,0,20,3,18,1,3,0,0.0,0.0,1,0,0,1,0,0,0,0,1,-2,0,0,0,0,0,0,1,0,1,0,0,0,0,0,0,0,0,0,,,0,0,0,0,0,0,0,0,0,0,0,0,,,,0,0,0,0,0,0,0,,0,0,0,0,,0,0,,0,0,0,0,0,0,0,0,0,0,0.0,0.0
00-0036649,Q.Bohanna,Quinton Bohanna,DT,DL,"https://static.www.nfl.com/image/upload/f_auto,q_auto/league/jfyxrdrkpytiahvsoatj",2023,REG,TEN,6,0,0,0,0,0,0,0,0,0,0,0,0,,,0,,0,0,0,0,0,0,0,0,0,0,,0,0,0,0,0,0,0,0,0,0,0,0,0,0,,0,0,0,0,0,,0.0,0.0,0.0,0,5,0,5,2,12,0,0.0,0.0,0,0,0,0,0,0,0,0,0,0,0,0,0,1,5,0,0,0,0,0,0,0,0,0,0,0,0,0,,,0,0,0,0,0,0,0,0,0,0,0,0,,,,0,0,0,0,0,0,0,,0,0,0,0,,0,0,,0,0,0,0,0,0,0,0,0,0,0.0,0.0
00-0036653,S.Forsythe,Stone Forsythe,OT,OL,"https://static.www.nfl.com/image/upload/f_auto,q_auto/league/iptr66al3wmni1hpipbo",2023,REG,SEA,2,0,0,0,0,0,0,0,0,0,0,0,0,,,0,,0,0,0,0,0,0,0,0,0,0,,0,0,0,0,0,0,0,0,0,0,0,0,0,0,,0,0,0,0,0,,0.0,0.0,0.0,0,0,0,0,0,0,0,0.0,0.0,0,0,0,0,0,0,0,0,0,0,0,0,0,2,20,0,0,0,0,0,0,0,0,0,0,0,0,0,,,0,0,0,0,0,0,0,0,0,0,0,0,,,,0,0,0,0,0,0,0,,0,0,0,0,,0,0,,0,0,0,0,0,0,0,0,0,0,0.0,0.0
00-0036658,I.McDuffie,Isaiah McDuffie,LB,LB,"https://static.www.nfl.com/image/upload/f_auto,q_auto/league/kfscpyshsfu3hswm7lkd",2023,REG,GB,12,0,0,0,0,0,0,0,0,0,0,0,0,,,0,,0,0,0,0,0,0,0,0,0,0,,0,0,0,0,0,0,0,0,0,0,0,0,0,0,,0,0,0,0,0,,0.0,0.0,0.0,0,43,13,30,2,8,0,0.5,5.0,3,0,0,1,0,0,0,0,0,0,0,0,0,2,19,0,0,0,0,0,0,0,0,0,0,0,0,0,,,0,0,0,0,0,0,0,0,0,0,0,0,,,,0,0,0,0,0,0,0,,0,0,0,0,,0,0,,0,0,0,0,0,0,0,0,0,0,0.0,0.0
00-0036659,C.Cheeseman,Camaron Cheeseman,LS,SPEC,"https://static.www.nfl.com/image/private/f_auto,q_auto/league/rhf4jqlcnyxouv1rnxap",2023,REG,WAS,1,0,0,0,0,0,0,0,0,0,0,0,0,,,0,,0,0,0,0,0,0,0,0,0,0,,0,0,0,0,0,0,0,0,0,0,0,0,0,0,,0,0,0,0,0,,0.0,0.0,0.0,0,0,0,0,0,0,0,0.0,0.0,0,0,0,0,0,0,0,0,0,-14,0,0,0,0,0,0,1,0,1,0,0,0,0,0,0,0,0,0,,,0,0,0,0,0,0,0,0,0,0,0,0,,,,0,0,0,0,0,0,0,,0,0,0,0,,0,0,,0,0,0,0,0,0,0,0,0,0,0.0,0.0
00-0036660,T.Smith,Trey Smith,G,OL,"https://static.www.nfl.com/image/upload/f_auto,q_auto/league/tevu0zoswqcvyjtweopr",2023,REG,KC,8,0,0,0,0,0,0,0,0,0,0,0,0,,,0,,0,0,0,0,0,0,0,0,0,0,,0,0,0,0,0,0,0,0,0,0,0,0,0,0,,0,0,0,0,0,,0.0,0.0,0.0,0,1,0,0,0,0,0,0.0,0.0,0,0,0,0,0,0,0,0,0,0,0,0,0,7,54,0,0,0,0,0,0,0,0,0,0,0,0,0,,,0,0,0,0,0,0,0,0,0,0,0,0,,,,0,0,0,0,0,0,0,,0,0,0,0,,0,0,,0,0,0,0,0,0,0,0,0,0,0.0,0.0
00-0036661,I.Mukuamu,Israel Mukuamu,CB,DB,"https://static.www.nfl.com/image/upload/f_auto,q_auto/league/suoepvbxuplqnqestfsz",2023,REG,DAL,5,0,0,0,0,0,0,0,0,0,0,0,0,,,0,,0,0,0,0,0,0,0,0,0,0,,0,0,0,0,0,0,0,0,0,0,0,0,0,0,,0,0,0,0,0,,0.0,0.0,0.0,0,3,1,2,0,0,0,0.0,0.0,0,0,0,1,0,0,0,0,0,0,1,-3,0,1,3,0,0,0,0,0,0,0,0,0,0,0,0,0,,,0,0,0,0,0,0,0,0,0,0,0,0,,,,0,0,0,0,0,0,0,,0,0,0,0,,0,0,,0,0,0,0,0,0,0,0,0,0,0.0,0.0
00-0036672,G.Stuard,Grant Stuard,LB,LB,"https://static.www.nfl.com/image/upload/f_auto,q_auto/league/ws9nh7wahkmhwqnpi7zv",2023,REG,IND,8,0,0,0,0,0,0,0,0,0,0,0,0,,,0,,0,0,0,0,0,0,0,0,0,0,,0,0,0,0,0,0,0,0,0,0,0,0,0,0,,0,0,0,0,0,,0.0,0.0,0.0,1,6,0,1,0,0,0,0.0,0.0,1,0,0,0,0,0,0,18,0,0,0,0,0,1,10,0,0,0,0,0,0,0,0,0,0,0,0,0,,,0,0,0,0,0,0,0,0,0,0,0,0,,,,0,0,0,0,0,0,0,,0,0,0,0,,0,0,,0,0,0,0,0,0,0,0,0,0,6.0,6.0
00-0036677,Z.Anderson,Zayne Anderson,SAF,DB,"https://static.www.nfl.com/image/upload/f_auto,q_auto/league/r4j0wtxm67rnmxl6zajl",2023,REG,GB,4,0,0,0,0,0,0,0,0,0,0,0,0,,,0,,0,0,0,0,0,0,0,0,0,0,,0,0,0,0,0,0,0,0,0,0,0,0,0,0,,0,0,0,0,0,,0.0,0.0,0.0,0,3,0,1,0,0,0,0.0,0.0,0,0,0,0,0,0,0,0,0,0,0,0,0,0,0,0,0,0,0,0,0,0,0,0,0,0,0,0,,,0,0,0,0,0,0,0,0,0,0,0,0,,,,0,0,0,0,0,0,0,,0,0,0,0,,0,0,,0,0,0,0,0,0,0,0,0,0,0.0,0.0
00-0036678,D.Bootle,Dicaprio Bootle,CB,DB,"https://static.www.nfl.com/image/upload/f_auto,q_auto/league/px3jesc8o4lw6fy0bhc7",2023,REG,CAR,6,0,0,0,0,0,0,0,0,0,0,0,0,,,0,,0,0,0,0,0,0,0,0,0,0,,0,0,0,0,0,0,0,0,0,0,0,0,0,0,,0,0,0,0,0,,0.0,0.0,0.0,0,12,2,0,0,0,0,0.0,0.0,0,0,0,2,0,0,0,0,0,0,0,0,0,1,9,0,0,0,0,0,0,0,0,0,0,0,0,0,,,0,0,0,0,0,0,0,0,0,0,0,0,,,,0,0,0,0,0,0,0,,0,0,0,0,,0,0,,0,0,0,0,0,0,0,0,0,0,0.0,0.0
00-0036682,M.Herring,Malik Herring,DE,DL,"https://static.www.nfl.com/image/upload/f_auto,q_auto/league/bic0n2ocrdgl57ygp8lj",2023,REG,KC,4,0,0,0,0,0,0,0,0,0,0,0,0,,,0,,0,0,0,0,0,0,0,0,0,0,,0,0,0,0,0,0,0,0,0,0,0,0,0,0,,0,0,0,0,0,,0.0,0.0,0.0,0,4,3,3,1,10,1,1.5,10.0,3,0,0,1,0,0,0,0,0,0,0,0,0,0,0,0,0,0,0,0,0,0,0,0,0,0,0,0,,,0,0,0,0,0,0,0,0,0,0,0,0,,,,0,0,0,0,0,0,0,,0,0,0,0,,0,0,,0,0,0,0,0,0,0,0,0,0,0.0,0.0
00-0036688,K.Thomas,Kiondre Thomas,CB,DB,"https://static.www.nfl.com/image/private/f_auto,q_auto/league/h80lqrskrkgwzb4i37zu",2023,REG,GB,1,0,0,0,0,0,0,0,0,0,0,0,0,,,0,,0,0,0,0,0,0,0,0,0,0,,0,0,0,0,0,0,0,0,0,0,0,0,0,0,,0,0,0,0,0,,0.0,0.0,0.0,0,0,0,0,0,0,0,0.0,0.0,0,0,0,0,0,0,0,0,1,0,0,0,0,0,0,0,0,0,0,0,0,0,0,0,0,0,0,0,,,0,0,0,0,0,0,0,0,0,0,0,0,,,,0,0,0,0,0,0,0,,0,0,0,0,,0,0,,0,0,0,0,0,0,0,0,0,0,0.0,0.0
00-0036695,N.Jones,Naquan Jones,DT,DL,"https://static.www.nfl.com/image/upload/f_auto,q_auto/league/i4edhuakry7za5kzgbov",2023,REG,ARI,11,0,0,0,0,0,0,0,0,0,0,0,0,,,0,,0,0,0,0,0,0,0,0,0,0,,0,0,0,0,0,0,0,0,0,0,0,0,0,0,,0,0,0,0,0,,0.0,0.0,0.0,0,3,0,14,1,3,0,0.0,0.0,0,0,0,0,0,0,0,0,0,0,0,0,0,2,8,0,0,0,0,0,0,0,0,0,0,0,0,0,,,0,0,0,0,0,0,0,0,0,0,0,0,,,,0,0,0,0,0,0,0,,0,0,0,0,,0,0,,0,0,0,0,0,0,0,0,0,0,0.0,0.0
00-0036704,C.Johnson,Caleb Johnson,LB,LB,"https://static.www.nfl.com/image/upload/f_auto,q_auto/league/cpvxwusivovnovmryprc",2023,REG,JAX,5,0,0,0,0,0,0,0,0,0,0,0,0,,,0,,0,0,0,0,0,0,0,0,0,0,,0,0,0,0,0,0,0,0,0,0,0,0,0,0,,0,0,0,0,0,,0.0,0.0,0.0,0,4,0,1,0,0,0,0.0,0.0,0,0,0,0,0,0,0,0,0,0,0,0,0,1,15,0,0,0,0,0,0,0,0,0,0,0,0,0,,,0,0,0,0,0,0,0,0,0,0,0,0,,,,0,0,0,0,0,0,0,,0,0,0,0,,0,0,,0,0,0,0,0,0,0,0,0,0,0.0,0.0
00-0036705,S.Kamara,Sam Kamara,DT,DL,"https://static.www.nfl.com/image/private/f_auto,q_auto/league/aakuha494hvtrja3dwjn",2023,REG,CLE,1,0,0,0,0,0,0,0,0,0,0,0,0,,,0,,0,0,0,0,0,0,0,0,0,0,,0,0,0,0,0,0,0,0,0,0,0,0,0,0,,0,0,0,0,0,,0.0,0.0,0.0,0,4,0,3,1,3,0,0.0,0.0,0,0,0,0,0,0,0,0,0,0,0,0,0,1,5,0,0,0,0,0,0,0,0,0,0,0,0,0,,,0,0,0,0,0,0,0,0,0,0,0,0,,,,0,0,0,0,0,0,0,,0,0,0,0,,0,0,,0,0,0,0,0,0,0,0,0,0,0.0,0.0
00-0036716,A.Ogbongbemiga,Amen Ogbongbemiga,LB,LB,"https://static.www.nfl.com/image/upload/f_auto,q_auto/league/liyabetbezsk9lvuuphd",2023,REG,LAC,4,0,0,0,0,0,0,0,0,0,0,0,0,,,0,,0,0,0,0,0,0,0,0,0,0,,0,0,0,0,0,0,0,0,0,0,0,0,0,0,,0,0,0,0,0,,0.0,0.0,0.0,0,1,1,2,0,0,0,0.0,0.0,0,0,0,0,0,0,0,0,0,0,2,0,0,0,0,0,0,0,0,0,0,0,0,0,0,0,0,0,,,0,0,0,0,0,0,0,0,0,0,0,0,,,,0,0,0,0,0,0,0,,0,0,0,0,,0,0,,0,0,0,0,0,0,0,0,0,0,0.0,0.0
00-0036727,A.Prentice,Adam Prentice,FB,RB,"https://static.www.nfl.com/image/upload/f_auto,q_auto/league/v7eu5mvg4n0cg3cbrjxn",2023,REG,NO,6,0,0,0,0,0,0,0,0,0,0,0,0,,,0,,0,0,0,0,2,12,0,1,1,1,-4.062858141202014,0,0,0,0,0,2,3,12,0,0,0,11,8,0,-2.0274838632903993,0,0,0,0,0,1.0909090909090908,0.0051813471502590676,0.0021929824561403508,0.009307108444686846,0,1,0,4,0,0,0,0.0,0.0,0,0,0,0,0,0,0,0,0,0,0,0,0,0,0,1,0,0,1,1,0,0,0,0,0,0,0,0,,,0,0,0,0,0,0,0,0,0,0,0,0,,,,0,0,0,0,0,0,0,,0,0,0,0,,0,0,,0,0,0,0,0,0,0,0,0,0,0.40000000000000036,2.4000000000000004
00-0036728,C.Robinson,Curtis Robinson,LB,LB,"https://static.www.nfl.com/image/upload/f_auto,q_auto/league/t0a61ugsjq7akmobnrh5",2023,REG,SF,3,0,0,0,0,0,0,0,0,0,0,0,0,,,0,,0,0,0,0,0,0,0,0,0,0,,0,0,0,0,0,0,0,0,0,0,0,0,0,0,,0,0,0,0,0,,0.0,0.0,0.0,0,3,0,0,0,0,0,0.0,0.0,0,0,0,0,0,0,0,0,0,0,0,0,0,0,0,0,0,0,0,0,0,0,0,0,0,0,0,0,,,0,0,0,0,0,0,0,0,0,0,0,0,,,,0,0,0,0,0,0,0,,0,0,0,0,,0,0,,0,0,0,0,0,0,0,0,0,0,0.0,0.0
00-0036736,K.Awosika,Kayode Awosika,G,OL,"https://static.www.nfl.com/image/upload/f_auto,q_auto/league/nrcnc0ypzmitcoud1ei8",2023,REG,DET,1,0,0,0,0,0,0,0,0,0,0,0,0,,,0,,0,0,0,0,0,0,0,0,0,0,,0,0,0,0,0,0,0,0,0,0,0,0,0,0,,0,0,0,0,0,,0.0,0.0,0.0,0,0,0,0,0,0,0,0.0,0.0,0,0,0,0,0,0,0,0,0,0,0,0,0,1,5,0,0,0,0,0,0,0,0,0,0,0,0,0,,,0,0,0,0,0,0,0,0,0,0,0,0,,,,0,0,0,0,0,0,0,,0,0,0,0,,0,0,,0,0,0,0,0,0,0,0,0,0,0.0,0.0
00-0036741,J.Stoll,Jack Stoll,TE,TE,"https://static.www.nfl.com/image/upload/f_auto,q_auto/league/rtgfs8jwzhtmupqxqgmz",2023,REG,PHI,6,0,0,0,0,0,0,0,0,0,0,0,0,,,0,,0,0,0,0,0,0,0,0,0,0,,0,0,0,0,0,5,8,38,0,0,0,25,25,2,-2.195436682261061,0,2,0,0,0,1.52,0.015238095238095238,0.005161023947151115,0.02646985962014864,0,1,0,1,0,0,0,0.0,0.0,0,0,0,0,0,0,0,0,0,0,0,0,0,1,14,0,0,0,0,0,0,0,0,0,0,0,0,0,,,0,0,0,0,0,0,0,0,0,0,0,0,,,,0,0,0,0,0,0,0,,0,0,0,0,,0,0,,0,0,0,0,0,0,0,0,0,0,3.8000000000000003,8.8
00-0036748,J.Jacobs,Jerry Jacobs,CB,DB,"https://static.www.nfl.com/image/private/f_auto,q_auto/league/dlseignrp0sx5zj94h6y",2023,REG,DET,12,0,0,0,0,0,0,0,0,0,0,0,0,,,0,,0,0,0,0,0,0,0,0,0,0,,0,0,0,0,0,0,0,0,0,0,0,0,0,0,,0,0,0,0,0,,0.0,0.0,0.0,0,40,9,6,1,2,0,0.0,0.0,1,3,45,8,0,0,0,0,0,0,0,0,0,9,76,0,0,0,0,0,0,0,0,0,0,0,0,0,,,0,0,0,0,0,0,0,0,0,0,0,0,,,,0,0,0,0,0,0,0,,0,0,0,0,,0,0,,0,0,0,0,0,0,0,0,0,0,0.0,0.0
00-0036752,A.Parker,AJ Parker,CB,DB,"https://static.www.nfl.com/image/private/f_auto,q_auto/league/tsgua6lcqdb7nobidicc",2023,REG,CAR,1,0,0,0,0,0,0,0,0,0,0,0,0,,,0,,0,0,0,0,0,0,0,0,0,0,,0,0,0,0,0,0,0,0,0,0,0,0,0,0,,0,0,0,0,0,,0.0,0.0,0.0,0,1,0,3,0,0,0,0.0,0.0,0,0,0,0,0,0,0,0,0,0,0,0,0,0,0,0,0,0,0,0,0,0,0,0,0,0,0,0,,,0,0,0,0,0,0,0,0,0,0,0,0,,,,0,0,0,0,0,0,0,,0,0,0,0,,0,0,,0,0,0,0,0,0,0,0,0,0,0.0,0.0
00-0036754,B.Wright,Brock Wright,TE,TE,"https://static.www.nfl.com/image/upload/f_auto,q_auto/league/bd8sqnzheg7zetlhvku5",2023,REG,DET,9,0,0,0,0,0,0,0,0,0,0,0,0,,,0,,0,0,0,0,0,0,0,0,0,0,,0,0,0,0,0,13,14,91,1,0,0,40,49,2,5.006717906566337,0,1,1,1,0,2.275,0.024390243902439025,0.00978952520802741,0.04343803349927773,0,1,1,0,0,0,0,0.0,0.0,0,0,0,0,0,0,0,0,0,0,0,0,0,0,0,0,0,0,0,0,0,0,0,0,0,0,0,0,,,0,0,0,0,0,0,0,0,0,0,0,0,,,,0,0,0,0,0,0,0,,0,0,0,0,,0,0,,0,0,0,0,0,0,0,0,0,0,15.1,28.1
00-0036767,A.Faoliu,Austin Faoliu,DT,DL,"https://static.www.nfl.com/image/private/f_auto,q_auto/league/yiunfanktxfm6gowcldw",2023,REG,SEA,1,0,0,0,0,0,0,0,0,0,0,0,0,,,0,,0,0,0,0,0,0,0,0,0,0,,0,0,0,0,0,0,0,0,0,0,0,0,0,0,,0,0,0,0,0,,0.0,0.0,0.0,0,0,0,1,0,0,0,0.0,0.0,0,0,0,0,0,0,0,0,0,0,0,0,0,0,0,0,0,0,0,0,0,0,0,0,0,0,0,0,,,0,0,0,0,0,0,0,0,0,0,0,0,,,,0,0,0,0,0,0,0,,0,0,0,0,,0,0,,0,0,0,0,0,0,0,0,0,0,0.0,0.0
00-0036788,J.Heflin,Jack Heflin,DT,DL,"https://static.www.nfl.com/image/upload/f_auto,q_auto/league/fpbxakmvdtvwmxmu6rl4",2023,REG,NO,1,0,0,0,0,0,0,0,0,0,0,0,0,,,0,,0,0,0,0,0,0,0,0,0,0,,0,0,0,0,0,0,0,0,0,0,0,0,0,0,,0,0,0,0,0,,0.0,0.0,0.0,0,0,0,1,0,0,0,0.0,0.0,0,0,0,0,0,0,0,0,0,0,0,0,0,0,0,0,0,0,0,0,0,0,0,0,0,0,0,0,,,0,0,0,0,0,0,0,0,0,0,0,0,,,,0,0,0,0,0,0,0,,0,0,0,0,,0,0,,0,0,0,0,0,0,0,0,0,0,0.0,0.0
00-0036795,J.Curhan,Jake Curhan,OT,OL,"https://static.www.nfl.com/image/upload/f_auto,q_auto/league/sfcyxgyi8qkzafuqwbnl",2023,REG,SEA,1,0,0,0,0,0,0,0,0,0,0,0,0,,,0,,0,0,0,0,0,0,0,0,0,0,,0,0,0,0,0,0,0,0,0,0,0,0,0,0,,0,0,0,0,0,,0.0,0.0,0.0,0,0,0,0,0,0,0,0.0,0.0,0,0,0,0,0,0,0,0,0,0,0,0,0,1,5,0,0,0,0,0,0,0,0,0,0,0,0,0,,,0,0,0,0,0,0,0,0,0,0,0,0,,,,0,0,0,0,0,0,0,,0,0,0,0,,0,0,,0,0,0,0,0,0,0,0,0,0,0.0,0.0
00-0036802,J.Rhattigan,Jon Rhattigan,LB,LB,"https://static.www.nfl.com/image/upload/f_auto,q_auto/league/im8y1u3b8ptowjxz56en",2023,REG,SEA,10,0,0,0,0,0,0,0,0,0,0,0,0,,,0,,0,0,0,0,0,0,0,0,0,0,,0,0,0,0,0,0,0,0,0,0,0,0,0,0,,0,0,0,0,0,,0.0,0.0,0.0,0,8,3,6,0,0,0,0.0,0.0,0,0,0,0,0,0,0,0,0,0,0,0,0,2,20,0,0,0,0,0,0,0,0,0,0,0,0,0,,,0,0,0,0,0,0,0,0,0,0,0,0,,,,0,0,0,0,0,0,0,,0,0,0,0,,0,0,,0,0,0,0,0,0,0,0,0,0,0.0,0.0
00-0036813,C.Elliss,Christian Elliss,LB,LB,"https://static.www.nfl.com/image/upload/f_auto,q_auto/league/g78euyfj7wtinnylus04",2023,REG,NE,8,0,0,0,0,0,0,0,0,0,0,0,0,,,0,,0,0,0,0,0,0,0,0,0,0,,0,0,0,0,0,0,0,0,0,0,0,0,0,0,,0,0,0,0,0,,0.0,0.0,0.0,0,15,0,8,2,9,0,0.0,0.0,0,0,0,0,0,0,0,0,0,0,0,0,0,0,0,0,0,0,0,0,0,0,0,0,0,0,0,0,,,0,0,0,0,0,0,0,0,0,0,0,0,,,,0,0,0,0,0,0,0,,0,0,0,0,,0,0,,0,0,0,0,0,0,0,0,0,0,0.0,0.0
00-0036816,R.Patterson,Riley Patterson,K,SPEC,"https://static.www.nfl.com/image/upload/f_auto,q_auto/league/gzvyb1u3dueikfy3otlq",2023,REG,CLE,15,0,0,0,0,0,0,0,0,0,0,0,0,,,0,,0,0,0,0,0,0,0,0,0,0,,0,0,0,0,0,0,0,0,0,0,0,0,0,0,,0,0,0,0,0,,0.0,0.0,0.0,0,0,0,0,0,0,0,0.0,0.0,0,0,0,0,0,0,0,0,0,0,0,0,0,0,0,0,0,0,0,0,0,0,0,0,16,18,2,0,52,0.8888888888888888,0,2,11,2,1,0,0,1,0,0,1,0,38;37;24;33;37;30;36;44;31;33;52;33;41;26;32;33,52;26,,560,78,0,41,44,3,0,0.9318181818181818,1,1,0,0,41,0,0,,0,0,0,0,0,0,0,0,0,0,0.0,0.0
00-0036833,R.Neuzil,Ryan Neuzil,G,OL,"https://static.www.nfl.com/image/upload/f_auto,q_auto/league/zhgrjqtmbyx5lzwaflbr",2023,REG,ATL,1,0,0,0,0,0,0,0,0,0,0,0,0,,,0,,0,0,0,0,0,0,0,0,0,0,,0,0,0,0,0,0,0,0,0,0,0,0,0,0,,0,0,0,0,0,,0.0,0.0,0.0,0,0,0,0,0,0,0,0.0,0.0,0,0,0,0,0,0,0,0,0,-1,0,0,0,0,0,0,1,0,1,0,0,0,0,0,0,0,0,0,,,0,0,0,0,0,0,0,0,0,0,0,0,,,,0,0,0,0,0,0,0,,0,0,0,0,,0,0,,0,0,0,0,0,0,0,0,0,0,0.0,0.0
00-0036839,Ki.Smith,Kion Smith,OT,OL,"https://static.www.nfl.com/image/upload/f_auto,q_auto/league/rawjlqbe9aroo9cqkpfv",2023,REG,MIA,1,0,0,0,0,0,0,0,0,0,0,0,0,,,0,,0,0,0,0,0,0,0,0,0,0,,0,0,0,0,0,0,0,0,0,0,0,0,0,0,,0,0,0,0,0,,0.0,0.0,0.0,0,0,0,0,0,0,0,0.0,0.0,0,0,0,0,0,0,0,0,0,0,0,0,0,1,4,0,0,0,0,0,0,0,0,0,0,0,0,0,,,0,0,0,0,0,0,0,0,0,0,0,0,,,,0,0,0,0,0,0,0,,0,0,0,0,,0,0,,0,0,0,0,0,0,0,0,0,0,0.0,0.0
00-0036841,A.Trammell,Austin Trammell,WR,WR,"https://static.www.nfl.com/image/upload/f_auto,q_auto/league/wycm0dz06421rredzyrq",2023,REG,LA,15,0,0,0,0,0,0,0,0,0,0,0,0,,,0,,0,0,0,0,0,0,0,0,0,0,,0,0,0,0,0,4,7,29,0,0,0,25,35,2,-3.0054264192585833,0,2,0,0,0,1.16,0.012612612612612612,0.005546927002440648,0.022801767820627372,0,1,0,0,0,0,0,0.0,0.0,0,0,0,0,0,3,0,0,2,0,0,0,0,0,0,1,2,0,3,1,25,183,6,101,0,0,0,0,,,0,0,0,0,0,0,0,0,0,0,0,0,,,,0,0,0,0,0,0,0,,0,0,0,0,,0,0,,0,0,0,0,0,0,0,0,0,0,2.9000000000000004,6.9
00-0036842,K.Nwangwu,Kene Nwangwu,RB,RB,"https://static.www.nfl.com/image/upload/f_auto,q_auto/league/rlnqgz517fsohrndgjrb",2023,REG,MIN,8,0,0,0,0,0,0,0,0,0,0,0,0,,,0,,0,0,0,0,5,13,0,0,0,0,-0.8229514649137855,0,0,0,0,0,0,0,0,0,0,0,0,0,0,,0,0,0,0,0,,0.0,0.0,0.0,0,1,0,0,0,0,0,0.0,0.0,0,0,0,0,0,0,0,0,0,0,0,0,0,0,0,0,0,0,0,0,0,0,15,380,0,0,0,0,,,0,0,0,0,0,0,0,0,0,0,0,0,,,,0,0,0,0,0,0,0,,0,0,0,0,,0,0,,0,0,0,0,0,0,0,0,0,0,1.3,1.3
00-0036843,I.Loudermilk,Isaiahh Loudermilk,DE,DL,"https://static.www.nfl.com/image/upload/f_auto,q_auto/league/ezdwpy005v0doz6sobcp",2023,REG,PIT,11,0,0,0,0,0,0,0,0,0,0,0,0,,,0,,0,0,0,0,0,0,0,0,0,0,,0,0,0,0,0,0,0,0,0,0,0,0,0,0,,0,0,0,0,0,,0.0,0.0,0.0,0,5,3,8,0,0,0,0.0,0.0,1,0,0,2,0,0,0,0,0,0,0,0,0,0,0,0,0,0,0,0,0,0,0,0,0,0,0,0,,,0,0,0,0,0,0,0,0,0,0,0,0,,,,0,0,0,0,0,0,0,,0,0,0,0,,0,0,,0,0,0,0,0,0,0,0,0,0,0.0,0.0
00-0036844,G.Wallow,Garret Wallow,LB,LB,"https://static.www.nfl.com/image/upload/f_auto,q_auto/league/jf7xnestp0wmq0lbezxs",2023,REG,TEN,3,0,0,0,0,0,0,0,0,0,0,0,0,,,0,,0,0,0,0,0,0,0,0,0,0,,0,0,0,0,0,0,0,0,0,0,0,0,0,0,,0,0,0,0,0,,0.0,0.0,0.0,0,4,1,1,0,0,0,0.0,0.0,0,0,0,0,0,0,0,0,0,0,0,0,0,1,15,0,0,0,0,0,0,0,0,0,0,0,0,0,,,0,0,0,0,0,0,0,0,0,0,0,0,,,,0,0,0,0,0,0,0,,0,0,0,0,,0,0,,0,0,0,0,0,0,0,0,0,0,0.0,0.0
00-0036847,P.Harvin,Pressley Harvin III,P,SPEC,"https://static.www.nfl.com/image/private/f_auto,q_auto/league/hwshwvpedy2bdkznmi6d",2023,REG,PIT,15,0,0,0,0,0,0,0,0,0,0,0,0,,,0,,0,0,0,0,0,0,0,0,0,0,,0,0,0,0,0,0,0,0,0,0,0,0,0,0,,0,0,0,0,0,,0.0,0.0,0.0,0,0,0,0,0,0,0,0.0,0.0,0,0,0,0,0,0,0,0,0,0,0,0,0,0,0,0,0,0,0,0,0,0,0,0,0,0,0,0,,,0,0,0,0,0,0,0,0,0,0,0,0,,,,0,0,0,0,0,0,0,,0,0,0,0,,78,0,63,3419,30,10,11,6,26,25,242,0,3057,0.0,0.0
00-0036849,T.Atwell,Tutu Atwell,WR,WR,"https://static.www.nfl.com/image/upload/f_auto,q_auto/league/twlslcaa7c2wblveaafu",2023,REG,LA,14,0,0,0,0,0,0,0,0,0,0,0,0,1.053,,1,,0,0,0,0,5,31,0,0,0,2,1.9713729490176775,0,1,1,1,0,39,67,483,3,0,0,767,104,26,9.334208720669695,1,20,10,8,2,0.6297262059973925,0.12072072072072072,0.17017972043487908,0.30020688538549645,0,2,0,0,0,0,0,0.0,0.0,0,0,0,0,0,0,0,0,0,0,0,0,0,0,0,0,0,0,0,0,0,0,0,0,0,0,0,0,,,0,0,0,0,0,0,0,0,0,0,0,0,,,,0,0,0,0,0,0,0,,0,0,0,0,,0,0,,0,0,0,0,0,0,0,0,0,0,73.4,112.4
00-0036850,C.Sample,Cameron Sample,DE,DL,"https://static.www.nfl.com/image/private/f_auto,q_auto/league/kvkvhvbvcebjkevxjdhd",2023,REG,CIN,14,0,0,0,0,0,0,0,0,0,0,0,0,,,0,,0,0,0,0,0,0,0,0,0,0,,0,0,0,0,0,0,0,0,0,0,0,0,0,0,,0,0,0,0,0,,0.0,0.0,0.0,0,15,3,11,1,9,0,1.5,9.0,8,0,0,1,0,0,0,0,0,0,0,0,0,0,0,0,0,0,0,0,0,0,0,0,0,0,0,0,,,0,0,0,0,0,0,0,0,0,0,0,0,,,,0,0,0,0,0,0,0,,0,0,0,0,,0,0,,0,0,0,0,0,0,0,0,0,0,0.0,0.0
00-0036854,E.McPherson,Evan McPherson,K,SPEC,"https://static.www.nfl.com/image/upload/f_auto,q_auto/league/cpvujaqwscupzvbbx7oe",2023,REG,CIN,17,0,0,0,0,0,0,0,0,0,0,0,0,,,0,,0,0,0,0,0,0,0,0,0,0,,0,0,0,0,0,0,0,0,0,0,0,0,0,0,,0,0,0,0,0,,0.0,0.0,0.0,0,0,0,0,0,0,0,0.0,0.0,0,0,0,0,0,0,0,0,0,0,0,0,0,0,0,0,0,0,0,0,0,0,0,0,26,31,5,0,56,0.8387096774193549,0,5,6,8,7,0,0,0,0,0,5,0,42;27;49;53;48;54;21;40;40;52;56;20;50;31;50;26;47;54;48;32;35;34;29;35;34;45,51;56;50;53;57,,1052,267,0,40,40,0,0,1.0,2,2,0,0,48;29,0,0,,0,0,0,0,0,0,0,0,0,0,0.0,0.0
00-0036855,E.Brown,Earnest Brown IV,DE,DL,"https://static.www.nfl.com/image/upload/f_auto,q_auto/league/nqyyjsk3zyn0t7lttprh",2023,REG,LA,3,0,0,0,0,0,0,0,0,0,0,0,0,,,0,,0,0,0,0,0,0,0,0,0,0,,0,0,0,0,0,0,0,0,0,0,0,0,0,0,,0,0,0,0,0,,0.0,0.0,0.0,0,1,1,3,0,0,0,0.0,0.0,0,0,0,0,0,0,0,0,0,0,0,0,0,0,0,0,0,0,0,0,0,0,0,0,0,0,0,0,,,0,0,0,0,0,0,0,0,0,0,0,0,,,,0,0,0,0,0,0,0,,0,0,0,0,,0,0,,0,0,0,0,0,0,0,0,0,0,0.0,0.0
00-0036857,C.Evans,Chris Evans,RB,RB,"https://static.www.nfl.com/image/upload/f_auto,q_auto/league/r7f5vinm6aqdzxtjf4yx",2023,REG,CIN,3,0,0,0,0,0,0,0,0,0,0,0,0,,,0,,0,0,0,0,2,12,0,0,0,0,-0.6515378241892904,0,0,0,0,0,1,1,-1,0,0,0,-1,0,0,-1.3476241859607399,0,0,0,0,0,1.0,0.0016891891891891893,-0.00025786487880350697,0.002353278368621329,0,2,0,0,0,0,0,0.0,0.0,0,0,0,0,0,0,0,0,0,0,0,0,0,0,0,0,0,0,0,0,0,0,2,45,0,0,0,0,,,0,0,0,0,0,0,0,0,0,0,0,0,,,,0,0,0,0,0,0,0,,0,0,0,0,,0,0,,0,0,0,0,0,0,0,0,0,0,1.1,2.1
00-0036860,J.Funk,Jake Funk,RB,RB,"https://static.www.nfl.com/image/upload/f_auto,q_auto/league/xkegujg1754uei9oomoz",2023,REG,IND,1,0,0,0,0,0,0,0,0,0,0,0,0,,,0,,0,0,0,0,2,10,0,0,0,0,-0.883889150689356,0,0,0,0,0,1,1,12,0,0,0,0,12,1,1.4138173322426155,0,1,0,0,0,0.0,0.0018315018315018315,0.0,0.002747252747252747,0,0,0,0,0,0,0,0.0,0.0,0,0,0,0,0,0,0,0,0,0,0,0,0,0,0,0,0,0,0,0,0,0,0,0,0,0,0,0,,,0,0,0,0,0,0,0,0,0,0,0,0,,,,0,0,0,0,0,0,0,,0,0,0,0,,0,0,,0,0,0,0,0,0,0,0,0,0,2.2,3.2
00-0036862,B.Skowronek,Ben Skowronek,WR,WR,"https://static.www.nfl.com/image/upload/f_auto,q_auto/league/drojmh3dbpuagobvilzv",2023,REG,LA,13,0,0,0,0,0,0,0,0,0,0,0,0,,,0,,0,0,0,0,2,9,0,0,0,1,-1.7192358581814915,0,1,0,0,0,8,12,66,1,0,0,88,30,3,1.4252855206141248,0,3,2,1,0,0.75,0.021621621621621623,0.01952518304859108,0.046100060566446194,0,10,1,2,0,0,0,0.0,0.0,0,0,0,0,0,0,0,0,0,0,0,0,0,5,38,0,0,0,0,0,0,0,0,0,0,0,0,0,,,0,0,0,0,0,0,0,0,0,0,0,0,,,,0,0,0,0,0,0,0,,0,0,0,0,,0,0,,0,0,0,0,0,0,0,0,0,0,13.5,21.5
00-0036866,J.Hudson,James Hudson,OT,OL,"https://static.www.nfl.com/image/upload/f_auto,q_auto/league/awncy5wgubdzptt9ici9",2023,REG,CLE,5,0,0,0,0,0,0,0,0,0,0,0,0,,,0,,0,0,0,0,0,0,0,0,0,0,,0,0,0,0,0,0,0,0,0,0,0,0,0,0,,0,0,0,0,0,,0.0,0.0,0.0,0,1,0,0,0,0,0,0.0,0.0,0,0,0,0,0,0,0,0,0,0,0,0,0,7,45,0,0,0,0,0,0,0,0,0,0,0,0,0,,,0,0,0,0,0,0,0,0,0,0,0,0,,,,0,0,0,0,0,0,0,,0,0,0,0,,0,0,,0,0,0,0,0,0,0,0,0,0,0.0,0.0
00-0036867,C.Rumph,Chris Rumph II,LB,LB,"https://static.www.nfl.com/image/upload/f_auto,q_auto/league/ayrvlbmyxlvek7afcioc",2023,REG,LAC,4,0,0,0,0,0,0,0,0,0,0,0,0,,,0,,0,0,0,0,0,0,0,0,0,0,,0,0,0,0,0,0,0,0,0,0,0,0,0,0,,0,0,0,0,0,,0.0,0.0,0.0,0,2,2,1,0,0,0,0.0,0.0,0,0,0,0,0,0,0,0,0,0,1,0,0,0,0,0,0,0,0,0,0,0,0,0,0,0,0,0,,,0,0,0,0,0,0,0,0,0,0,0,0,,,,0,0,0,0,0,0,0,,0,0,0,0,,0,0,,0,0,0,0,0,0,0,0,0,0,0.0,0.0
00-0036869,D.Moore,Dan Moore Jr.,OT,OL,"https://static.www.nfl.com/image/upload/f_auto,q_auto/league/boxltktohmx9eqfrjr9c",2023,REG,PIT,3,0,0,0,0,0,0,0,0,0,0,0,0,,,0,,0,0,0,0,0,0,0,0,0,0,,0,0,0,0,0,0,0,0,0,0,0,0,0,0,,0,0,0,0,0,,0.0,0.0,0.0,0,0,0,0,0,0,0,0.0,0.0,0,0,0,0,0,0,0,0,1,0,0,0,0,2,20,0,0,0,0,0,0,0,0,0,0,0,0,0,,,0,0,0,0,0,0,0,0,0,0,0,0,,,,0,0,0,0,0,0,0,,0,0,0,0,,0,0,,0,0,0,0,0,0,0,0,0,0,0.0,0.0
00-0036870,B.Johnson,Buddy Johnson,LB,LB,"https://static.www.nfl.com/image/upload/f_auto,q_auto/league/aa4htfuz4uxcprkmmvii",2023,REG,DAL,1,0,0,0,0,0,0,0,0,0,0,0,0,,,0,,0,0,0,0,0,0,0,0,0,0,,0,0,0,0,0,0,0,0,0,0,0,0,0,0,,0,0,0,0,0,,0.0,0.0,0.0,0,3,0,1,0,0,0,0.0,0.0,0,0,0,0,0,0,0,0,0,0,0,0,0,0,0,0,0,0,0,0,0,0,0,0,0,0,0,0,,,0,0,0,0,0,0,0,0,0,0,0,0,,,,0,0,0,0,0,0,0,,0,0,0,0,,0,0,,0,0,0,0,0,0,0,0,0,0,0.0,0.0
00-0036871,N.Hobbs,Nate Hobbs,CB,DB,"https://static.www.nfl.com/image/upload/f_auto,q_auto/league/tqngf0urgkjrrqtx0kzl",2023,REG,LV,13,0,0,0,0,0,0,0,0,0,0,0,0,,,0,,0,0,0,0,0,0,0,0,0,0,,0,0,0,0,0,0,0,0,0,0,0,0,0,0,,0,0,0,0,0,,0.0,0.0,0.0,0,52,7,27,4,17,1,1.0,8.0,2,1,10,7,0,0,0,0,0,0,0,0,0,3,35,0,0,0,0,0,0,0,0,0,0,0,0,0,,,0,0,0,0,0,0,0,0,0,0,0,0,,,,0,0,0,0,0,0,0,,0,0,0,0,,0,0,,0,0,0,0,0,0,0,0,0,0,0.0,0.0
00-0036874,P.Surtain,Pat Surtain II,CB,DB,"https://static.www.nfl.com/image/upload/f_auto,q_auto/league/soec8zk3n5jvxvywq1gm",2023,REG,DEN,17,0,0,0,0,0,0,0,0,0,0,0,0,,,0,,0,0,0,0,0,0,0,0,0,0,,0,0,0,0,0,0,0,0,0,0,0,0,0,0,,0,0,0,0,0,,0.0,0.0,0.0,0,53,6,10,0,0,0,0.0,0.0,0,1,0,12,0,0,0,0,0,0,0,0,0,6,57,0,0,0,0,0,0,0,0,0,0,0,0,0,,,0,0,0,0,0,0,0,0,0,0,0,0,,,,0,0,0,0,0,0,0,,0,0,0,0,,0,0,,0,0,0,0,0,0,0,0,0,0,0.0,0.0
00-0036875,R.Stevenson,Rhamondre Stevenson,RB,RB,"https://static.www.nfl.com/image/upload/f_auto,q_auto/league/ed09migntlyy8ntgvcu1",2023,REG,NE,12,0,0,0,0,0,0,0,0,0,0,0,0,,,0,,0,0,0,0,156,619,4,1,1,36,-12.854978864108363,0,10,7,1,1,38,51,238,0,0,0,13,261,8,-18.016630836844765,0,7,2,2,0,18.307692307692307,0.09426987060998152,0.003173828125,0.1436264856024723,0,0,0,0,0,0,0,0.0,0.0,0,0,0,0,0,0,0,0,0,0,0,0,0,0,0,1,0,0,1,1,0,0,0,0,0,0,0,0,,,0,0,0,0,0,0,0,0,0,0,0,0,,,,0,0,0,0,0,0,0,,0,0,0,0,,0,0,,0,0,0,0,0,0,0,0,0,0,107.7,145.7
00-0036876,K.Granson,Kylen Granson,TE,TE,"https://static.www.nfl.com/image/upload/f_auto,q_auto/league/ysbxmdw4da30q3kjb571",2023,REG,IND,15,0,0,0,0,0,0,0,0,0,0,0,0,,,0,,0,0,0,0,1,2,0,0,0,1,2.8402708591893315,0,0,0,0,0,30,50,368,1,0,0,402,128,19,11.460441077534359,0,14,7,5,2,0.9154228855721394,0.09157509157509157,0.0944770857814336,0.20349659740964088,0,5,0,1,0,0,0,0.0,0.0,0,0,0,0,0,0,0,0,0,0,0,0,0,2,10,0,0,0,0,0,0,0,0,0,0,0,0,0,,,0,0,0,0,0,0,0,0,0,0,0,0,,,,0,0,0,0,0,0,0,,0,0,0,0,,0,0,,0,0,0,0,0,0,0,0,0,0,43.0,73.0
00-0036877,J.Darden,Jaelon Darden,WR,WR,"https://static.www.nfl.com/image/upload/f_auto,q_auto/league/po3sqw0b1qwonkg80lrf",2023,REG,CLE,1,0,0,0,0,0,0,0,0,0,0,0,0,,,0,,0,0,0,0,0,0,0,0,0,0,,0,0,0,0,0,0,0,0,0,0,0,0,0,0,,0,0,0,0,0,,0.0,0.0,0.0,0,0,0,0,0,0,0,0.0,0.0,0,0,0,0,0,0,0,0,0,0,0,0,0,0,0,0,0,0,0,0,4,39,2,42,0,0,0,0,,,0,0,0,0,0,0,0,0,0,0,0,0,,,,0,0,0,0,0,0,0,,0,0,0,0,,0,0,,0,0,0,0,0,0,0,0,0,0,0.0,0.0
00-0036878,J.Robinson,Janarius Robinson,DE,DL,"https://static.www.nfl.com/image/upload/f_auto,q_auto/league/ph291rxrgooqvaulao4i",2023,REG,LV,5,0,0,0,0,0,0,0,0,0,0,0,0,,,0,,0,0,0,0,0,0,0,0,0,0,,0,0,0,0,0,0,0,0,0,0,0,0,0,0,,0,0,0,0,0,,0.0,0.0,0.0,0,4,1,3,1,9,0,1.0,9.0,2,0,0,0,0,0,0,0,0,0,0,0,0,2,10,0,0,0,0,0,0,0,0,0,0,0,0,0,,,0,0,0,0,0,0,0,0,0,0,0,0,,,,0,0,0,0,0,0,0,,0,0,0,0,,0,0,,0,0,0,0,0,0,0,0,0,0,0.0,0.0
00-0036880,P.Sewell,Penei Sewell,OT,OL,"https://static.www.nfl.com/image/upload/f_auto,q_auto/league/bfdl9aba5nufevjfckeb",2023,REG,DET,4,0,0,0,0,0,0,0,0,0,0,0,0,,,0,,0,0,0,0,0,0,0,0,0,0,,0,0,0,0,0,0,0,0,0,0,0,0,0,0,,0,0,0,0,0,,0.0,0.0,0.0,0,0,0,0,0,0,0,0.0,0.0,0,0,0,0,0,0,0,0,1,0,0,0,0,6,50,0,0,0,0,0,0,0,0,0,0,0,0,0,,,0,0,0,0,0,0,0,0,0,0,0,0,,,,0,0,0,0,0,0,0,,0,0,0,0,,0,0,,0,0,0,0,0,0,0,0,0,0,0.0,0.0
00-0036881,J.Tufele,Jay Tufele,DT,DL,"https://static.www.nfl.com/image/upload/f_auto,q_auto/league/w0b0txntjiv6diob9u5k",2023,REG,CIN,7,0,0,0,0,0,0,0,0,0,0,0,0,,,0,,0,0,0,0,0,0,0,0,0,0,,0,0,0,0,0,0,0,0,0,0,0,0,0,0,,0,0,0,0,0,,0.0,0.0,0.0,0,3,1,7,0,0,0,0.0,0.0,0,0,0,0,0,0,0,0,0,0,0,0,0,0,0,0,0,0,0,0,0,0,0,0,0,0,0,0,,,0,0,0,0,0,0,0,0,0,0,0,0,,,,0,0,0,0,0,0,0,,0,0,0,0,,0,0,,0,0,0,0,0,0,0,0,0,0,0.0,0.0
00-0036882,J.Cox,Jabril Cox,LB,LB,"https://static.www.nfl.com/image/private/f_auto,q_auto/league/ige3g4uhygy4v2w34xja",2023,REG,WAS,2,0,0,0,0,0,0,0,0,0,0,0,0,,,0,,0,0,0,0,0,0,0,0,0,0,,0,0,0,0,0,0,0,0,0,0,0,0,0,0,,0,0,0,0,0,,0.0,0.0,0.0,0,2,0,0,0,0,0,0.0,0.0,0,0,0,0,0,0,0,0,0,0,0,0,0,0,0,0,0,0,0,0,0,0,0,0,0,0,0,0,,,0,0,0,0,0,0,0,0,0,0,0,0,,,,0,0,0,0,0,0,0,,0,0,0,0,,0,0,,0,0,0,0,0,0,0,0,0,0,0.0,0.0
00-0036884,Ma.Wilson,Marco Wilson,CB,DB,"https://static.www.nfl.com/image/upload/f_auto,q_auto/league/mcmzfcisg5pkfulsp0tr",2023,REG,NE,12,0,0,0,0,0,0,0,0,0,0,0,0,,,0,,0,0,0,0,0,0,0,0,0,0,,0,0,0,0,0,0,0,0,0,0,0,0,0,0,,0,0,0,0,0,,0.0,0.0,0.0,0,40,1,12,0,0,0,0.0,0.0,0,0,0,4,0,0,0,0,0,0,0,0,0,4,62,0,0,0,0,0,0,0,0,0,0,0,0,0,,,0,0,0,0,0,0,0,0,0,0,0,0,,,,0,0,0,0,0,0,0,,0,0,0,0,,0,0,,0,0,0,0,0,0,0,0,0,0,0.0,0.0
00-0036885,T.Brown,Tre Brown,CB,DB,"https://static.www.nfl.com/image/upload/f_auto,q_auto/league/rsa4qgvqzrmqgonwf3co",2023,REG,SEA,14,0,0,0,0,0,0,0,0,0,0,0,0,,,0,,0,0,0,0,0,0,0,0,0,0,,0,0,0,0,0,0,0,0,0,0,0,0,0,0,,0,0,0,0,0,,0.0,0.0,0.0,0,25,4,5,2,8,2,1.0,5.0,1,2,40,6,1,0,0,0,0,0,0,0,0,8,63,0,0,0,0,0,0,0,0,0,0,0,0,0,,,0,0,0,0,0,0,0,0,0,0,0,0,,,,0,0,0,0,0,0,0,,0,0,0,0,,0,0,,0,0,0,0,0,0,0,0,0,0,0.0,0.0
00-0036887,L.Farrell,Luke Farrell,TE,TE,"https://static.www.nfl.com/image/upload/f_auto,q_auto/league/sccmpo8xbzdbjasmwcfj",2023,REG,JAX,10,0,0,0,0,0,0,0,0,0,0,0,0,,,0,,0,0,0,0,0,0,0,0,0,0,,0,0,0,0,0,13,15,155,0,0,0,71,96,5,8.012351745390333,0,4,3,2,1,2.183098591549296,0.02471169686985173,0.014254165830154587,0.047045461385885806,0,2,0,0,0,0,0,0.0,0.0,0,0,0,0,0,0,0,0,0,0,0,0,0,3,15,0,0,0,0,0,0,0,0,0,0,0,0,0,,,0,0,0,0,0,0,0,0,0,0,0,0,,,,0,0,0,0,0,0,0,,0,0,0,0,,0,0,,0,0,0,0,0,0,0,0,0,0,15.5,28.5
00-0036888,D.Hamlin,Damar Hamlin,SAF,DB,"https://static.www.nfl.com/image/upload/f_auto,q_auto/league/y3up9bdo5vczbq5zskxo",2023,REG,BUF,2,0,0,0,0,0,0,0,0,0,0,0,0,,,0,,0,0,0,0,0,0,0,0,0,0,,0,0,0,0,0,0,0,0,0,0,0,0,0,0,,0,0,0,0,0,,0.0,0.0,0.0,0,2,0,0,0,0,0,0.0,0.0,0,0,0,0,0,0,0,0,0,0,0,0,0,0,0,0,0,0,0,0,0,0,0,0,0,0,0,0,,,0,0,0,0,0,0,0,0,0,0,0,0,,,,0,0,0,0,0,0,0,,0,0,0,0,,0,0,,0,0,0,0,0,0,0,0,0,0,0.0,0.0
00-0036893,N.Harris,Najee Harris,RB,RB,"https://static.www.nfl.com/image/upload/f_auto,q_auto/league/grfxgbvqnzz40r7rdtvk",2023,REG,PIT,17,0,0,0,0,0,0,0,0,0,0,0,0,,,0,,0,0,0,0,255,1035,8,2,1,51,-25.892111917782064,0,24,17,8,0,29,38,170,0,0,0,9,175,9,-1.4201432877162006,0,6,1,1,0,18.88888888888889,0.07851239669421488,0.0023778071334214002,0.11943306003471729,0,0,0,0,0,0,0,0.0,0.0,0,0,0,0,0,0,0,0,0,0,0,0,0,0,0,2,0,0,2,1,0,0,0,0,0,0,0,0,,,0,0,0,0,0,0,0,0,0,0,0,0,,,,0,0,0,0,0,0,0,,0,0,0,0,,0,0,,0,0,0,0,0,0,0,0,0,0,166.5,195.5
00-0036894,P.Freiermuth,Pat Freiermuth,TE,TE,"https://static.www.nfl.com/image/upload/f_auto,q_auto/league/vmwioi77upc9hqwaskfa",2023,REG,PIT,11,0,0,0,0,0,0,0,0,0,0,0,0,,,0,,0,0,0,0,0,0,0,0,0,0,,0,0,0,0,0,32,47,308,2,0,0,311,145,17,9.54455986729572,1,11,4,3,0,0.9903536977491961,0.09710743801652892,0.0821664464993395,0.20317766957433103,0,2,0,1,0,0,1,0.0,0.0,0,0,0,0,0,0,0,0,0,0,0,0,0,3,20,0,0,0,0,0,0,0,0,0,0,0,0,0,,,0,0,0,0,0,0,0,0,0,0,0,0,,,,0,0,0,0,0,0,0,,0,0,0,0,,0,0,,0,0,0,0,0,0,0,0,0,0,44.8,76.8
00-0036896,V.Dimukeje,Victor Dimukeje,LB,LB,"https://static.www.nfl.com/image/upload/f_auto,q_auto/league/timanef1mpwuc1cqmptm",2023,REG,ARI,13,0,0,0,0,0,0,0,0,0,0,0,0,,,0,,0,0,0,0,0,0,0,0,0,0,,0,0,0,0,0,0,0,0,0,0,0,0,0,0,,0,0,0,0,0,,0.0,0.0,0.0,0,21,0,11,5,32,1,4.0,27.5,8,0,0,1,0,0,0,0,0,0,0,0,0,0,0,0,0,0,0,0,0,0,0,0,0,0,0,0,,,0,0,0,0,0,0,0,0,0,0,0,0,,,,0,0,0,0,0,0,0,,0,0,0,0,,0,0,,0,0,0,0,0,0,0,0,0,0,0.0,0.0
00-0036898,D.Mills,Davis Mills,QB,QB,"https://static.www.nfl.com/image/upload/f_auto,q_auto/league/v3bofeusytvkogvqichy",2023,REG,HOU,5,18,39,173,2,0,2,-13,0,0,313,74,12,-5.029577498353319,-19.54207985024703,1,0.5527156549520766,10,4,0,0,2,9,0,0,0,0,0.5758841405040585,0,0,0,0,0,0,0,0,0,0,0,0,0,0,,0,0,0,0,0,,0.0,0.0,0.0,0,0,0,0,0,0,0,0.0,0.0,0,0,0,0,0,0,0,0,0,0,0,0,0,0,0,0,0,0,0,0,0,0,0,0,0,0,0,0,,,0,0,0,0,0,0,0,0,0,0,0,0,,,,0,0,0,0,0,0,0,,0,0,0,0,,0,0,,0,0,0,0,0,0,0,0,0,0,17.82,17.82
00-0036900,J.Chase,Ja'Marr Chase,WR,WR,"https://static.www.nfl.com/image/upload/f_auto,q_auto/league/qya3dtjb5kgofcuj2tuw",2023,REG,CIN,16,1,1,-7,0,0,0,0,0,0,-7,0,0,-2.102857018588111,17.85406470298767,0,0.0,0,0,0,0,3,-6,0,0,0,0,-2.737977857934311,0,0,0,0,0,100,145,1216,7,1,0,1254,541,63,60.54723269477342,0,48,22,14,4,0.9696969696969697,0.24493243243243243,0.32336255801959773,0.593752439262367,0,2,0,0,0,0,0,0.0,0.0,0,0,0,0,0,0,0,0,1,0,0,0,0,0,0,1,0,0,1,0,0,0,0,0,0,0,0,0,,,0,0,0,0,0,0,0,0,0,0,0,0,,,,0,0,0,0,0,0,0,,0,0,0,0,,0,0,,0,0,0,0,0,0,0,0,0,0,162.72,262.72
00-0036901,E.Stokes,Eric Stokes,CB,DB,"https://static.www.nfl.com/image/upload/f_auto,q_auto/league/utosvktgajhtqd2px9xp",2023,REG,GB,2,0,0,0,0,0,0,0,0,0,0,0,0,,,0,,0,0,0,0,0,0,0,0,0,0,,0,0,0,0,0,0,0,0,0,0,0,0,0,0,,0,0,0,0,0,,0.0,0.0,0.0,0,4,1,1,0,0,0,0.0,0.0,0,0,0,0,0,0,0,0,0,0,0,0,0,0,0,0,0,0,0,0,0,0,0,0,0,0,0,0,,,0,0,0,0,0,0,0,0,0,0,0,0,,,,0,0,0,0,0,0,0,,0,0,0,0,,0,0,,0,0,0,0,0,0,0,0,0,0,0.0,0.0
00-0036902,J.Ossai,Joseph Ossai,DE,DL,"https://static.www.nfl.com/image/upload/f_auto,q_auto/league/ixgqo1gn6f79bhhoyirq",2023,REG,CIN,10,0,0,0,0,0,0,0,0,0,0,0,0,,,0,,0,0,0,0,0,0,0,0,0,0,,0,0,0,0,0,0,0,0,0,0,0,0,0,0,,0,0,0,0,0,,0.0,0.0,0.0,0,5,1,4,1,3,0,1.0,0.0,7,0,0,1,0,0,0,0,0,0,0,0,0,0,0,0,0,0,0,0,0,0,0,0,0,0,0,0,,,0,0,0,0,0,0,0,0,0,0,0,0,,,,0,0,0,0,0,0,0,,0,0,0,0,,0,0,,0,0,0,0,0,0,0,0,0,0,0.0,0.0
00-0036903,B.Brown,Bobby Brown III,DT,DL,"https://static.www.nfl.com/image/upload/f_auto,q_auto/league/f3fspidlfqws3asws3gw",2023,REG,LA,10,0,0,0,0,0,0,0,0,0,0,0,0,,,0,,0,0,0,0,0,0,0,0,0,0,,0,0,0,0,0,0,0,0,0,0,0,0,0,0,,0,0,0,0,0,,0.0,0.0,0.0,0,13,3,15,2,8,0,0.5,2.5,1,0,0,0,0,0,0,0,0,0,0,0,0,0,0,0,0,0,0,0,0,0,0,0,0,0,0,0,,,0,0,0,0,0,0,0,0,0,0,0,0,,,,0,0,0,0,0,0,0,,0,0,0,0,,0,0,,0,0,0,0,0,0,0,0,0,0,0.0,0.0
00-0036904,R.Rochell,Robert Rochell,CB,DB,"https://static.www.nfl.com/image/upload/f_auto,q_auto/league/oqn1nnmeqppzkymivtfe",2023,REG,GB,4,0,0,0,0,0,0,0,0,0,0,0,0,,,0,,0,0,0,0,0,0,0,0,0,0,,0,0,0,0,0,0,0,0,0,0,0,0,0,0,,0,0,0,0,0,,0.0,0.0,0.0,0,3,1,0,0,0,0,0.0,0.0,0,0,0,0,0,0,0,0,0,0,0,0,0,0,0,0,0,0,0,0,0,0,0,0,0,0,0,0,,,0,0,0,0,0,0,0,0,0,0,0,0,,,,0,0,0,0,0,0,0,,0,0,0,0,,0,0,,0,0,0,0,0,0,0,0,0,0,0.0,0.0
00-0036905,L.Borom,Larry Borom,G,OL,"https://static.www.nfl.com/image/upload/f_auto,q_auto/league/n9k0wubk028m5ecfwg8x",2023,REG,CHI,2,0,0,0,0,0,0,0,0,0,0,0,0,,,0,,0,0,0,0,0,0,0,0,0,0,,0,0,0,0,0,0,0,0,0,0,0,0,0,0,,0,0,0,0,0,,0.0,0.0,0.0,0,0,0,0,0,0,0,0.0,0.0,0,0,0,0,0,0,0,0,0,0,0,0,0,4,30,0,0,0,0,0,0,0,0,0,0,0,0,0,,,0,0,0,0,0,0,0,0,0,0,0,0,,,,0,0,0,0,0,0,0,,0,0,0,0,,0,0,,0,0,0,0,0,0,0,0,0,0,0.0,0.0
00-0036906,K.Herbert,Khalil Herbert,RB,RB,"https://static.www.nfl.com/image/upload/f_auto,q_auto/league/gjwksf9ygntjmtceeerh",2023,REG,CHI,12,0,0,0,0,0,0,0,0,0,0,0,0,,,0,,0,0,0,0,132,611,2,0,0,25,-1.569446540255126,1,13,11,5,0,20,31,134,1,1,1,17,138,9,-16.816771678331577,0,6,3,1,0,7.882352941176471,0.0649895178197065,0.004503311258278146,0.10063659461035444,0,0,0,0,0,0,0,0.0,0.0,0,0,0,0,0,0,0,0,0,0,0,0,0,0,0,1,0,0,1,1,0,0,0,0,0,0,0,0,,,0,0,0,0,0,0,0,0,0,0,0,0,,,,0,0,0,0,0,0,0,,0,0,0,0,,0,0,,0,0,0,0,0,0,0,0,0,0,92.5,112.5
00-0036909,K.Tonga,Khyiris Tonga,DT,DL,"https://static.www.nfl.com/image/upload/f_auto,q_auto/league/sd2nd0xkekkuf2hrlcjq",2023,REG,MIN,7,0,0,0,0,0,0,0,0,0,0,0,0,,,0,,0,0,0,0,0,0,0,0,0,0,,0,0,0,0,0,0,0,0,0,0,0,0,0,0,,0,0,0,0,0,,0.0,0.0,0.0,0,8,1,6,1,4,0,0.0,0.0,2,0,0,0,0,0,0,0,0,0,0,0,0,0,0,0,0,0,0,0,0,0,0,0,0,0,0,0,,,0,0,0,0,0,0,0,0,0,0,0,0,,,,0,0,0,0,0,0,0,,0,0,0,0,,0,0,,0,0,0,0,0,0,0,0,0,0,0.0,0.0
00-0036912,D.Smith,DeVonta Smith,WR,WR,"https://static.www.nfl.com/image/upload/f_auto,q_auto/league/vj2fz8veorg1k5qthnjm",2023,REG,PHI,16,0,0,0,0,0,0,0,0,0,0,0,0,,,0,,0,0,0,0,0,0,0,0,0,0,,0,0,0,0,0,81,112,1066,7,1,1,1350,294,47,34.021787702105996,0,43,22,14,3,0.7896296296296297,0.21333333333333335,0.2786952931461602,0.5150867052023121,0,2,0,0,0,0,0,0.0,0.0,0,0,0,0,0,0,0,0,0,0,0,0,0,1,10,1,0,0,1,1,0,0,0,0,0,0,0,0,,,0,0,0,0,0,0,0,0,0,0,0,0,,,,0,0,0,0,0,0,0,,0,0,0,0,,0,0,,0,0,0,0,0,0,0,0,0,0,146.60000000000002,227.60000000000002
00-0036913,K.Toney,Kadarius Toney,WR,WR,"https://static.www.nfl.com/image/upload/f_auto,q_auto/league/nuwjpint0g5wejogudt4",2023,REG,KC,13,0,1,0,0,0,0,0,0,0,16,0,0,-0.4460934295784682,-55.42793869972229,0,0.0,0,0,0,0,11,31,0,0,0,2,-4.55490440671565,0,2,2,0,0,27,38,169,1,1,0,112,128,12,-8.356740063003516,0,6,2,0,0,1.5089285714285714,0.06343906510851419,0.02735042735042735,0.11430389680807043,0,0,0,0,0,0,0,0.0,0.0,0,0,0,0,0,0,0,0,1,0,0,0,0,1,5,1,0,0,1,0,6,58,0,0,0,0,0,0,,,0,0,0,0,0,0,0,0,0,0,0,0,,,,0,0,0,0,0,0,0,,0,0,0,0,,0,0,,0,0,0,0,0,0,0,0,0,0,26.0,53.0
00-0036914,G.Rousseau,Greg Rousseau,LB,LB,"https://static.www.nfl.com/image/upload/f_auto,q_auto/league/oljb2xg9fry8gnuqz66k",2023,REG,BUF,16,0,0,0,0,0,0,0,0,0,0,0,0,,,0,,0,0,0,0,0,0,0,0,0,0,,0,0,0,0,0,0,0,0,0,0,0,0,0,0,,0,0,0,0,0,,0.0,0.0,0.0,0,27,3,12,13,47,1,5.0,33.5,18,0,0,4,0,0,0,0,0,0,1,0,0,0,0,0,0,0,0,0,0,0,0,0,0,0,0,0,,,0,0,0,0,0,0,0,0,0,0,0,0,,,,0,0,0,0,0,0,0,,0,0,0,0,,0,0,,0,0,0,0,0,0,0,0,0,0,0.0,0.0
00-0036915,J.Owusu-Koramoah,Jeremiah Owusu-Koramoah,LB,LB,"https://static.www.nfl.com/image/private/f_auto,q_auto/league/evmul3yfbefvmy1tc1ns",2023,REG,CLE,16,0,0,0,0,0,0,0,0,0,0,0,0,,,0,,0,0,0,0,0,0,0,0,0,0,,0,0,0,0,0,0,0,0,0,0,0,0,0,0,,0,0,0,0,0,,0.0,0.0,0.0,0,60,12,29,15,75,1,3.5,34.5,5,2,8,6,0,0,0,0,0,0,0,0,0,1,5,0,0,0,0,0,0,0,0,0,0,0,0,0,,,0,0,0,0,0,0,0,0,0,0,0,0,,,,0,0,0,0,0,0,0,,0,0,0,0,,0,0,,0,0,0,0,0,0,0,0,0,0,0.0,0.0
00-0036916,M.Williams,Milton Williams,DT,DL,"https://static.www.nfl.com/image/upload/f_auto,q_auto/league/pne778olspa9ercg4e56",2023,REG,PHI,15,0,0,0,0,0,0,0,0,0,0,0,0,,,0,,0,0,0,0,0,0,0,0,0,0,,0,0,0,0,0,0,0,0,0,0,0,0,0,0,,0,0,0,0,0,,0.0,0.0,0.0,0,18,3,21,3,6,1,0.5,3.0,7,0,0,1,0,0,0,0,0,0,0,0,0,1,15,0,0,0,0,0,0,0,0,0,0,0,0,0,,,0,0,0,0,0,0,0,0,0,0,0,0,,,,0,0,0,0,0,0,0,,0,0,0,0,,0,0,,0,0,0,0,0,0,0,0,0,0,0.0,0.0
00-0036919,K.Gainwell,Kenny Gainwell,RB,RB,"https://static.www.nfl.com/image/upload/f_auto,q_auto/league/f74x1ywy7oo5kq81vblh",2023,REG,PHI,16,1,1,17,0,0,0,0,0,0,17,0,1,1.2345058486098424,44.021499156951904,0,1.0,1,1,0,0,84,364,2,3,1,19,-11.646117783726266,1,10,8,3,0,30,37,183,0,0,0,71,175,11,2.570538667777347,0,5,2,0,0,2.5774647887323945,0.07047619047619047,0.014657308009909166,0.11597440132122212,0,1,0,0,0,0,0,0.0,0.0,0,0,0,0,0,0,0,0,0,0,0,0,0,0,0,3,0,1,3,1,0,0,1,19,0,0,0,0,,,0,0,0,0,0,0,0,0,0,0,0,0,,,,0,0,0,0,0,0,0,,0,0,0,0,,0,0,,0,0,0,0,0,0,0,0,0,0,67.38,97.38
00-0036920,M.Tuipulotu,Marlon Tuipulotu,DT,DL,"https://static.www.nfl.com/image/upload/f_auto,q_auto/league/ho9eokvcqvge4qdld2ie",2023,REG,PHI,8,0,0,0,0,0,0,0,0,0,0,0,0,,,0,,0,0,0,0,0,0,0,0,0,0,,0,0,0,0,0,0,0,0,0,0,0,0,0,0,,0,0,0,0,0,,0.0,0.0,0.0,0,9,4,9,3,8,0,2.0,7.0,2,0,0,0,0,0,0,0,0,0,0,0,0,0,0,0,0,0,0,0,0,0,0,0,0,0,0,0,,,0,0,0,0,0,0,0,0,0,0,0,0,,,,0,0,0,0,0,0,0,,0,0,0,0,,0,0,,0,0,0,0,0,0,0,0,0,0,0.0,0.0
00-0036922,P.Johnson,Patrick Johnson,LB,LB,"https://static.www.nfl.com/image/upload/f_auto,q_auto/league/qtngv13hh6rm4kfc52jt",2023,REG,PHI,6,0,0,0,0,0,0,0,0,0,0,0,0,,,0,,0,0,0,0,0,0,0,0,0,0,,0,0,0,0,0,0,0,0,0,0,0,0,0,0,,0,0,0,0,0,,0.0,0.0,0.0,0,3,2,2,0,0,0,0.0,0.0,0,0,0,0,0,0,0,0,0,0,0,0,0,1,5,0,0,0,0,0,0,0,0,0,0,0,0,0,,,0,0,0,0,0,0,0,0,0,0,0,0,,,,0,0,0,0,0,0,0,,0,0,0,0,,0,0,,0,0,0,0,0,0,0,0,0,0,0.0,0.0
00-0036924,Mi.Carter,Michael Carter,RB,RB,"https://static.www.nfl.com/image/upload/f_auto,q_auto/league/e1y7zhd7w3xbthodfa3m",2023,REG,ARI,15,0,0,0,0,0,0,0,0,0,0,0,0,,,0,,0,0,0,0,30,187,0,0,0,9,3.0564268973000885,0,6,6,1,0,24,31,101,1,0,0,34,87,5,-14.75494195598475,0,1,0,0,0,2.9705882352941178,0.055062166962699825,0.0085,0.08854325044404973,0,1,0,0,0,0,0,0.0,0.0,0,0,0,0,0,0,0,0,0,0,0,0,0,2,18,0,0,0,0,0,0,0,0,0,0,0,0,0,,,0,0,0,0,0,0,0,0,0,0,0,0,,,,0,0,0,0,0,0,0,,0,0,0,0,,0,0,,0,0,0,0,0,0,0,0,0,0,34.8,58.8
00-0036926,P.Turner,Payton Turner,DE,DL,"https://static.www.nfl.com/image/upload/f_auto,q_auto/league/lh1skysdf0gyqhkasque",2023,REG,NO,2,0,0,0,0,0,0,0,0,0,0,0,0,,,0,,0,0,0,0,0,0,0,0,0,0,,0,0,0,0,0,0,0,0,0,0,0,0,0,0,,0,0,0,0,0,,0.0,0.0,0.0,0,0,0,1,0,0,0,0.0,0.0,2,0,0,0,0,0,0,0,0,0,1,0,0,0,0,0,0,0,0,0,0,0,0,0,0,0,0,0,,,0,0,0,0,0,0,0,0,0,0,0,0,,,,0,0,0,0,0,0,0,,0,0,0,0,,0,0,,0,0,0,0,0,0,0,0,0,0,0.0,0.0
00-0036927,P.Werner,Pete Werner,LB,LB,"https://static.www.nfl.com/image/upload/f_auto,q_auto/league/nqs87jnlklns7tm7w5jj",2023,REG,NO,16,0,0,0,0,0,0,0,0,0,0,0,0,,,0,,0,0,0,0,0,0,0,0,0,0,,0,0,0,0,0,0,0,0,0,0,0,0,0,0,,0,0,0,0,0,,0.0,0.0,0.0,0,52,8,33,4,7,0,0.5,4.0,1,1,0,1,0,0,0,0,0,0,2,3,0,3,16,0,0,0,0,0,0,0,0,0,0,0,0,0,,,0,0,0,0,0,0,0,0,0,0,0,0,,,,0,0,0,0,0,0,0,,0,0,0,0,,0,0,,0,0,0,0,0,0,0,0,0,0,0.0,0.0
00-0036928,K.Trask,Kyle Trask,QB,QB,"https://static.www.nfl.com/image/upload/f_auto,q_auto/league/xd0hbsqzz2xhh392woow",2023,REG,TB,2,0,1,0,0,0,0,0,0,0,3,0,0,-1.8803028730234743,-47.043803334236145,0,0.0,0,0,0,0,1,-1,0,0,0,0,-1.7196962072630413,0,0,0,0,0,0,0,0,0,0,0,0,0,0,,0,0,0,0,0,,0.0,0.0,0.0,0,0,0,0,0,0,0,0.0,0.0,0,0,0,0,0,0,0,0,0,0,0,0,0,0,0,0,0,0,0,0,0,0,0,0,0,0,0,0,,,0,0,0,0,0,0,0,0,0,0,0,0,,,,0,0,0,0,0,0,0,,0,0,0,0,,0,0,,0,0,0,0,0,0,0,0,0,0,-0.1,-0.1
00-0036930,L.Young,Landon Young,OT,OL,"https://static.www.nfl.com/image/upload/f_auto,q_auto/league/xdlyslqtyq9dgyvhj9sw",2023,REG,NO,1,0,0,0,0,0,0,0,0,0,0,0,0,,,0,,0,0,0,0,0,0,0,0,0,0,,0,0,0,0,0,0,0,0,0,0,0,0,0,0,,0,0,0,0,0,,0.0,0.0,0.0,0,0,0,0,0,0,0,0.0,0.0,0,0,0,0,0,0,0,0,0,0,0,0,0,1,10,0,0,0,0,0,0,0,0,0,0,0,0,0,,,0,0,0,0,0,0,0,0,0,0,0,0,,,,0,0,0,0,0,0,0,,0,0,0,0,,0,0,,0,0,0,0,0,0,0,0,0,0,0.0,0.0
00-0036932,M.Parsons,Micah Parsons,LB,LB,"https://static.www.nfl.com/image/upload/f_auto,q_auto/league/igbkpnpsezgrvngnf5ck",2023,REG,DAL,16,0,0,0,0,0,0,0,0,0,0,0,0,,,0,,0,0,0,0,0,0,0,0,0,0,,0,0,0,0,0,0,0,0,0,0,0,0,0,0,,0,0,0,0,0,,0.0,0.0,0.0,0,28,8,28,16,111,1,14.0,115.0,33,0,0,2,0,0,0,0,0,0,1,0,0,6,29,0,0,0,0,0,0,0,0,0,0,0,0,0,,,0,0,0,0,0,0,0,0,0,0,0,0,,,,0,0,0,0,0,0,0,,0,0,0,0,,0,0,,0,0,0,0,0,0,0,0,0,0,0.0,0.0
00-0036933,Z.Collins,Zaven Collins,LB,LB,"https://static.www.nfl.com/image/upload/f_auto,q_auto/league/kyzjrpamx2gfuumvpxai",2023,REG,ARI,17,0,0,0,0,0,0,0,0,0,0,0,0,,,0,,0,0,0,0,0,0,0,0,0,0,,0,0,0,0,0,0,0,0,0,0,0,0,0,0,,0,0,0,0,0,,0.0,0.0,0.0,0,19,8,14,4,31,0,3.5,30.5,6,1,1,3,0,0,0,0,0,0,1,0,0,0,0,0,0,0,0,0,0,0,0,0,0,0,0,0,,,0,0,0,0,0,0,0,0,0,0,0,0,,,,0,0,0,0,0,0,0,,0,0,0,0,,0,0,,0,0,0,0,0,0,0,0,0,0,0.0,0.0
00-0036934,J.Phillips,Jaelan Phillips,LB,LB,"https://static.www.nfl.com/image/upload/f_auto,q_auto/league/etpp0zmoctw8uweix07f",2023,REG,MIA,8,0,0,0,0,0,0,0,0,0,0,0,0,,,0,,0,0,0,0,0,0,0,0,0,0,,0,0,0,0,0,0,0,0,0,0,0,0,0,0,,0,0,0,0,0,,0.0,0.0,0.0,0,23,5,15,7,39,0,6.5,36.5,11,1,5,2,0,0,0,0,0,0,0,0,0,0,0,0,0,0,0,0,0,0,0,0,0,0,0,0,,,0,0,0,0,0,0,0,0,0,0,0,0,,,,0,0,0,0,0,0,0,,0,0,0,0,,0,0,,0,0,0,0,0,0,0,0,0,0,0.0,0.0
00-0036935,K.Joseph,Kelvin Joseph,CB,DB,"https://static.www.nfl.com/image/upload/f_auto,q_auto/league/mdrpjtcjzd8gfzuwuy8r",2023,REG,SEA,3,0,0,0,0,0,0,0,0,0,0,0,0,,,0,,0,0,0,0,0,0,0,0,0,0,,0,0,0,0,0,0,0,0,0,0,0,0,0,0,,0,0,0,0,0,,0.0,0.0,0.0,0,3,0,0,0,0,0,0.0,0.0,0,0,0,0,0,0,0,0,0,0,0,0,0,0,0,0,0,0,0,0,0,0,0,0,0,0,0,0,,,0,0,0,0,0,0,0,0,0,0,0,0,,,,0,0,0,0,0,0,0,,0,0,0,0,,0,0,,0,0,0,0,0,0,0,0,0,0,0.0,0.0
00-0036936,R.Moore,Rondale Moore,WR,WR,"https://static.www.nfl.com/image/upload/f_auto,q_auto/league/v9s3rloekxbv6seesizb",2023,REG,ARI,17,0,0,0,0,0,0,0,0,0,0,0,0,,,0,,0,0,0,0,28,178,1,0,0,5,0.9481920970720239,0,3,3,2,2,40,62,352,1,1,0,322,216,17,-4.296013924347385,0,13,5,4,1,1.093167701863354,0.11481481481481481,0.07692307692307693,0.22606837606837607,0,1,0,0,0,0,0,0.0,0.0,0,0,0,0,0,0,0,0,2,0,0,0,0,0,0,0,1,0,1,0,1,11,0,0,0,0,0,0,,,0,0,0,0,0,0,0,0,0,0,0,0,,,,0,0,0,0,0,0,0,,0,0,0,0,,0,0,,0,0,0,0,0,0,0,0,0,0,65.0,105.0
00-0036937,P.Adebo,Paulson Adebo,CB,DB,"https://static.www.nfl.com/image/upload/f_auto,q_auto/league/syndlzqvjmmeplufohl8",2023,REG,NO,15,0,0,0,0,0,0,0,0,0,0,0,0,,,0,,0,0,0,0,0,0,0,0,0,0,,0,0,0,0,0,0,0,0,0,0,0,0,0,0,,0,0,0,0,0,,0.0,0.0,0.0,0,51,9,16,0,0,2,0.0,0.0,0,4,32,18,0,0,0,0,0,0,2,0,0,7,92,0,0,0,0,0,0,0,0,0,0,0,0,0,,,0,0,0,0,0,0,0,0,0,0,0,0,,,,0,0,0,0,0,0,0,,0,0,0,0,,0,0,,0,0,0,0,0,0,0,0,0,0,0.0,0.0
00-0036938,R.Weaver,Rashad Weaver,LB,LB,"https://static.www.nfl.com/image/upload/f_auto,q_auto/league/vt5dzhhhkf7aus8yofpf",2023,REG,TEN,10,0,0,0,0,0,0,0,0,0,0,0,0,,,0,,0,0,0,0,0,0,0,0,0,0,,0,0,0,0,0,0,0,0,0,0,0,0,0,0,,0,0,0,0,0,,0.0,0.0,0.0,0,10,1,9,3,16,0,0.0,0.0,0,0,0,1,0,0,0,0,0,0,0,0,0,0,0,0,0,0,0,0,0,0,0,0,0,0,0,0,,,0,0,0,0,0,0,0,0,0,0,0,0,,,,0,0,0,0,0,0,0,,0,0,0,0,,0,0,,0,0,0,0,0,0,0,0,0,0,0.0,0.0
00-0036940,O.Oweh,Odafe Oweh,LB,LB,"https://static.www.nfl.com/image/upload/f_auto,q_auto/league/xjfiyufnofknncgkmbyy",2023,REG,BAL,11,0,0,0,0,0,0,0,0,0,0,0,0,,,0,,0,0,0,0,0,0,0,0,0,0,,0,0,0,0,0,0,0,0,0,0,0,0,0,0,,0,0,0,0,0,,0.0,0.0,0.0,0,15,5,3,4,19,2,5.0,32.0,12,0,0,0,0,0,0,0,0,0,0,0,0,3,22,0,0,0,0,0,0,0,0,0,0,0,0,0,,,0,0,0,0,0,0,0,0,0,0,0,0,,,,0,0,0,0,0,0,0,,0,0,0,0,,0,0,,0,0,0,0,0,0,0,0,0,0,0.0,0.0
00-0036941,A.Cisco,Andre Cisco,SAF,DB,"https://static.www.nfl.com/image/upload/f_auto,q_auto/league/sdk8jvmv30mvetujj7bs",2023,REG,JAX,15,0,0,0,0,0,0,0,0,0,0,0,0,,,0,,0,0,0,0,0,0,0,0,0,0,,0,0,0,0,0,0,0,0,0,0,0,0,0,0,,0,0,0,0,0,,0.0,0.0,0.0,0,35,7,20,1,1,1,0.5,3.5,1,4,68,5,0,1,0,0,0,0,0,0,0,2,30,1,0,0,1,0,0,0,0,0,0,0,0,0,,,0,0,0,0,0,0,0,0,0,0,0,0,,,,0,0,0,0,0,0,0,,0,0,0,0,,0,0,,0,0,0,0,0,0,0,0,0,0,0.0,0.0
00-0036942,O.Odighizuwa,Osa Odighizuwa,DT,DL,"https://static.www.nfl.com/image/upload/f_auto,q_auto/league/xjx8vxlafv4i0hmvtrje",2023,REG,DAL,16,0,0,0,0,0,0,0,0,0,0,0,0,,,0,,0,0,0,0,0,0,0,0,0,0,,0,0,0,0,0,0,0,0,0,0,0,0,0,0,,0,0,0,0,0,,0.0,0.0,0.0,0,15,11,20,8,37,0,3.0,18.0,13,0,0,0,0,0,0,0,0,0,0,0,0,2,6,0,0,0,0,0,0,0,0,0,0,0,0,0,,,0,0,0,0,0,0,0,0,0,0,0,0,,,,0,0,0,0,0,0,0,,0,0,0,0,,0,0,,0,0,0,0,0,0,0,0,0,0,0.0,0.0
00-0036943,M.Fraboni,Mitchell Fraboni,LS,SPEC,"https://static.www.nfl.com/image/upload/f_auto,q_auto/league/csvbeqtitr9ixpgdt0fu",2023,REG,DEN,6,0,0,0,0,0,0,0,0,0,0,0,0,,,0,,0,0,0,0,0,0,0,0,0,0,,0,0,0,0,0,0,0,0,0,0,0,0,0,0,,0,0,0,0,0,,0.0,0.0,0.0,0,2,0,4,0,0,1,0.0,0.0,0,0,0,0,0,0,0,0,0,0,0,0,0,0,0,0,0,0,0,0,0,0,0,0,0,0,0,0,,,0,0,0,0,0,0,0,0,0,0,0,0,,,,0,0,0,0,0,0,0,,0,0,0,0,,0,0,,0,0,0,0,0,0,0,0,0,0,0.0,0.0
00-0036944,J.Horn,Jaycee Horn,CB,DB,"https://static.www.nfl.com/image/upload/f_auto,q_auto/league/lvqdczrm0ebvb8m3n5fu",2023,REG,CAR,6,0,0,0,0,0,0,0,0,0,0,0,0,,,0,,0,0,0,0,0,0,0,0,0,0,,0,0,0,0,0,0,0,0,0,0,0,0,0,0,,0,0,0,0,0,,0.0,0.0,0.0,0,17,3,7,0,0,0,0.0,0.0,0,0,0,5,0,0,0,0,0,0,0,0,0,0,0,0,0,0,0,0,0,0,0,0,0,0,0,0,,,0,0,0,0,0,0,0,0,0,0,0,0,,,,0,0,0,0,0,0,0,,0,0,0,0,,0,0,,0,0,0,0,0,0,0,0,0,0,0.0,0.0
00-0036945,J.Fields,Justin Fields,QB,QB,"https://static.www.nfl.com/image/upload/f_auto,q_auto/league/fbteankooq2c33yquq2j",2023,REG,CHI,13,227,370,2562,16,9,44,-285,7,3,2961,1224,121,-38.19047671384594,0.7927931911122482,0,0.8652482269503546,95,54,45,4,124,657,4,3,1,43,25.81475209187589,0,26,14,4,0,0,0,0,0,0,0,0,0,0,,0,0,0,0,0,,0.0,0.0,0.0,0,0,0,0,0,0,0,0.0,0.0,0,0,0,0,0,0,0,0,1,-8,0,0,0,1,11,8,2,2,10,4,0,0,0,0,0,0,0,0,,,0,0,0,0,0,0,0,0,0,0,0,0,,,,0,0,0,0,0,0,0,,0,0,0,0,,0,0,,0,0,0,0,0,0,0,0,0,0,230.18,230.18
00-0036947,J.Mayfield,Jalen Mayfield,OT,OL,"https://static.www.nfl.com/image/upload/f_auto,q_auto/league/fxz80fliscm47ruoytmh",2023,REG,NYG,1,0,0,0,0,0,0,0,0,0,0,0,0,,,0,,0,0,0,0,0,0,0,0,0,0,,0,0,0,0,0,0,0,0,0,0,0,0,0,0,,0,0,0,0,0,,0.0,0.0,0.0,0,0,0,0,0,0,0,0.0,0.0,0,0,0,0,0,0,0,0,0,0,0,0,0,2,18,0,0,0,0,0,0,0,0,0,0,0,0,0,,,0,0,0,0,0,0,0,0,0,0,0,0,,,,0,0,0,0,0,0,0,,0,0,0,0,,0,0,,0,0,0,0,0,0,0,0,0,0,0.0,0.0
00-0036948,T.Graham,Ta'Quon Graham,DT,DL,"https://static.www.nfl.com/image/upload/f_auto,q_auto/league/guxpxgrm0ulryqybspna",2023,REG,ATL,13,0,0,0,0,0,0,0,0,0,0,0,0,,,0,,0,0,0,0,0,0,0,0,0,0,,0,0,0,0,0,0,0,0,0,0,0,0,0,0,,0,0,0,0,0,,0.0,0.0,0.0,0,4,2,17,1,2,1,1.0,6.0,2,0,0,0,0,0,0,0,0,0,0,0,0,1,5,0,0,0,0,0,0,0,0,0,0,0,0,0,,,0,0,0,0,0,0,0,0,0,0,0,0,,,,0,0,0,0,0,0,0,,0,0,0,0,,0,0,,0,0,0,0,0,0,0,0,0,0,0.0,0.0
00-0036952,J.Cooper,Jonathon Cooper,LB,LB,"https://static.www.nfl.com/image/upload/f_auto,q_auto/league/rzjdnsaz0sfs9v4xetov",2023,REG,DEN,17,0,0,0,0,0,0,0,0,0,0,0,0,,,0,,0,0,0,0,0,0,0,0,0,0,,0,0,0,0,0,0,0,0,0,0,0,0,0,0,,0,0,0,0,0,,0.0,0.0,0.0,0,34,10,28,7,45,1,8.5,65.5,13,1,4,2,0,0,0,0,0,0,2,35,1,2,20,0,0,0,0,0,0,0,0,0,0,0,0,0,,,0,0,0,0,0,0,0,0,0,0,0,0,,,,0,0,0,0,0,0,0,,0,0,0,0,,0,0,,0,0,0,0,0,0,0,0,0,0,0.0,0.0
00-0036953,T.Jenkins,Teven Jenkins,G,OL,"https://static.www.nfl.com/image/upload/f_auto,q_auto/league/i0oiehuaelpnrtrlfmfl",2023,REG,CHI,3,0,0,0,0,0,0,0,0,0,0,0,0,,,0,,0,0,0,0,0,0,0,0,0,0,,0,0,0,0,0,0,0,0,0,0,0,0,0,0,,0,0,0,0,0,,0.0,0.0,0.0,0,0,0,0,0,0,0,0.0,0.0,0,0,0,0,0,0,0,0,1,0,0,0,0,3,24,0,0,0,0,0,0,0,0,0,0,0,0,0,,,0,0,0,0,0,0,0,0,0,0,0,0,,,,0,0,0,0,0,0,0,,0,0,0,0,,0,0,,0,0,0,0,0,0,0,0,0,0,0.0,0.0
00-0036954,L.Onwuzurike,Levi Onwuzurike,DT,DL,"https://static.www.nfl.com/image/upload/f_auto,q_auto/league/tcn8qpvseaumyfvt8ty3",2023,REG,DET,6,0,0,0,0,0,0,0,0,0,0,0,0,,,0,,0,0,0,0,0,0,0,0,0,0,,0,0,0,0,0,0,0,0,0,0,0,0,0,0,,0,0,0,0,0,,0.0,0.0,0.0,0,4,0,1,1,11,0,1.0,11.0,2,0,0,0,0,0,0,0,0,0,0,0,0,0,0,0,0,0,0,0,0,0,0,0,0,0,0,0,,,0,0,0,0,0,0,0,0,0,0,0,0,,,,0,0,0,0,0,0,0,,0,0,0,0,,0,0,,0,0,0,0,0,0,0,0,0,0,0.0,0.0
00-0036955,T.Marshall,Terrace Marshall Jr.,WR,WR,"https://static.www.nfl.com/image/upload/f_auto,q_auto/league/a2yarai1371wellve3nq",2023,REG,CAR,8,0,0,0,0,0,0,0,0,0,0,0,0,,,0,,0,0,0,0,0,0,0,0,0,0,,0,0,0,0,0,19,33,139,0,1,0,238,48,8,-7.208909526750292,0,6,0,0,0,0.5840336134453782,0.06179775280898876,0.05310129406514949,0.1298675350590878,0,1,0,0,0,0,0,0.0,0.0,0,0,0,0,0,0,0,0,1,0,0,0,0,1,5,1,0,0,1,0,0,0,0,0,0,0,0,0,,,0,0,0,0,0,0,0,0,0,0,0,0,,,,0,0,0,0,0,0,0,,0,0,0,0,,0,0,,0,0,0,0,0,0,0,0,0,0,13.9,32.9
00-0036957,D.Dalman,Drew Dalman,C,OL,"https://static.www.nfl.com/image/upload/f_auto,q_auto/league/dbs2xvntmad015bo7qxe",2023,REG,ATL,3,0,0,0,0,0,0,0,0,0,0,0,0,,,0,,0,0,0,0,0,0,0,0,0,0,,0,0,0,0,0,0,0,0,0,0,0,0,0,0,,0,0,0,0,0,,0.0,0.0,0.0,0,0,0,1,0,0,0,0.0,0.0,0,0,0,0,0,0,0,0,0,0,0,0,0,2,20,0,0,0,0,0,0,0,0,0,0,0,0,0,,,0,0,0,0,0,0,0,0,0,0,0,0,,,,0,0,0,0,0,0,0,,0,0,0,0,,0,0,,0,0,0,0,0,0,0,0,0,0,0.0,0.0
00-0036959,M.Bandy,Michael Bandy,WR,WR,"https://static.www.nfl.com/image/upload/f_auto,q_auto/league/chfu1cqtulkawqq1mulx",2023,REG,DEN,1,0,0,0,0,0,0,0,0,0,0,0,0,,,0,,0,0,0,0,0,0,0,0,0,0,,0,0,0,0,0,0,0,0,0,0,0,0,0,0,,0,0,0,0,0,,0.0,0.0,0.0,0,0,0,0,0,0,0,0.0,0.0,0,0,0,0,0,0,0,0,0,0,0,0,0,0,0,0,0,0,0,0,0,0,0,0,0,0,0,0,,,0,0,0,0,0,0,0,0,0,0,0,0,,,,0,0,0,0,0,0,0,,0,0,0,0,,0,0,,0,0,0,0,0,0,0,0,0,0,0.0,0.0
00-0036961,R.Grant,Richie Grant,SAF,DB,"https://static.www.nfl.com/image/upload/f_auto,q_auto/league/hzzmvmlmkqe6sn4g1d4j",2023,REG,ATL,17,0,0,0,0,0,0,0,0,0,0,0,0,,,0,,0,0,0,0,0,0,0,0,0,0,,0,0,0,0,0,0,0,0,0,0,0,0,0,0,,0,0,0,0,0,,0.0,0.0,0.0,0,59,7,37,2,19,2,3.0,19.0,5,1,4,6,0,0,0,0,0,0,0,0,0,0,0,0,0,0,0,0,0,0,0,0,0,0,0,0,,,0,0,0,0,0,0,0,0,0,0,0,0,,,,0,0,0,0,0,0,0,,0,0,0,0,,0,0,,0,0,0,0,0,0,0,0,0,0,0.0,0.0
00-0036962,T.Moehrig,Tre'von Moehrig,SAF,DB,"https://static.www.nfl.com/image/upload/f_auto,q_auto/league/cyprwi2vzj1a3oitgseo",2023,REG,LV,17,0,0,0,0,0,0,0,0,0,0,0,0,,,0,,0,0,0,0,0,0,0,0,0,0,,0,0,0,0,0,0,0,0,0,0,0,0,0,0,,0,0,0,0,0,,0.0,0.0,0.0,0,54,11,18,1,13,0,2.0,13.0,2,3,41,8,0,0,0,0,0,0,0,0,0,0,0,0,0,0,0,0,0,0,0,0,0,0,0,0,,,0,0,0,0,0,0,0,0,0,0,0,0,,,,0,0,0,0,0,0,0,,0,0,0,0,,0,0,,0,0,0,0,0,0,0,0,0,0,0.0,0.0
00-0036963,A.St. Brown,Amon-Ra St. Brown,WR,WR,"https://static.www.nfl.com/image/upload/f_auto,q_auto/league/fd8nwhm6pvxfyzphzl6i",2023,REG,DET,16,0,0,0,0,0,1,-8,0,0,0,0,0,-1.9745741735678166,,0,,0,0,0,0,4,24,0,0,0,2,1.235034344252199,0,1,0,0,0,119,164,1515,10,1,1,1271,668,75,71.34393314206709,0,60,28,24,3,1.1919748229740361,0.2857142857142857,0.311062163485071,0.6463149430109782,0,2,0,2,0,0,1,0.0,0.0,0,0,0,0,0,0,0,0,0,0,0,0,0,1,10,1,0,0,1,1,0,0,0,0,0,0,0,0,,,0,0,0,0,0,0,0,0,0,0,0,0,,,,0,0,0,0,0,0,0,,0,0,0,0,,0,0,,0,0,0,0,0,0,0,0,0,0,211.9,330.9
00-0036964,D.Barnes,Derrick Barnes,LB,LB,"https://static.www.nfl.com/image/upload/f_auto,q_auto/league/jksvb5xfttcodlgvlyjo",2023,REG,DET,16,0,0,0,0,0,0,0,0,0,0,0,0,,,0,,0,0,0,0,0,0,0,0,0,0,,0,0,0,0,0,0,0,0,0,0,0,0,0,0,,0,0,0,0,0,,0.0,0.0,0.0,0,37,5,39,4,18,1,1.0,12.0,5,0,0,0,0,0,0,0,0,0,0,0,0,0,0,0,0,0,0,0,0,0,0,0,0,0,0,0,,,0,0,0,0,0,0,0,0,0,0,0,0,,,,0,0,0,0,0,0,0,,0,0,0,0,,0,0,,0,0,0,0,0,0,0,0,0,0,0.0,0.0
00-0036967,J.Tryon,Joe Tryon-Shoyinka,DE,DL,"https://static.www.nfl.com/image/upload/f_auto,q_auto/league/it6wkxysejicc83azqkd",2023,REG,TB,16,0,0,0,0,0,0,0,0,0,0,0,0,,,0,,0,0,0,0,0,0,0,0,0,0,,0,0,0,0,0,0,0,0,0,0,0,0,0,0,,0,0,0,0,0,,0.0,0.0,0.0,0,20,8,17,6,36,1,5.0,39.0,7,0,0,1,0,0,0,0,0,0,1,0,0,5,31,0,0,0,0,0,0,0,0,0,0,0,0,0,,,0,0,0,0,0,0,0,0,0,0,0,0,,,,0,0,0,0,0,0,0,,0,0,0,0,,0,0,,0,0,0,0,0,0,0,0,0,0,0.0,0.0
00-0036970,K.Pitts,Kyle Pitts,TE,TE,"https://static.www.nfl.com/image/upload/f_auto,q_auto/league/tbec213me3pszzszecqo",2023,REG,ATL,17,0,0,0,0,0,0,0,0,0,0,0,0,,,0,,0,0,0,0,1,-4,0,0,0,0,-1.651203763205558,0,0,0,0,0,53,90,667,3,0,0,1029,134,35,17.37755679426676,0,32,16,7,0,0.6482021379980564,0.17716535433070865,0.23682393555811276,0.43152478638674185,0,2,0,0,0,0,0,0.0,0.0,0,0,0,0,0,0,0,0,0,0,0,0,0,2,15,0,0,0,0,0,0,0,0,0,0,0,0,0,,,0,0,0,0,0,0,0,0,0,0,0,0,,,,0,0,0,0,0,0,0,,0,0,0,0,,0,0,,0,0,0,0,0,0,0,0,0,0,84.3,137.3
00-0036971,T.Lawrence,Trevor Lawrence,QB,QB,"https://static.www.nfl.com/image/upload/f_auto,q_auto/league/d75srntioly7fq0z8vip",2023,REG,JAX,16,370,564,4016,21,14,35,-224,8,5,4613,1778,179,-0.06368614373231796,0.9032510841886202,1,0.8705831346195534,158,74,49,9,70,339,4,3,2,23,1.389242048232323,0,13,9,3,0,0,0,0,0,0,0,0,0,0,,0,0,0,0,0,,0.0,0.0,0.0,0,1,0,0,0,0,0,0.0,0.0,0,0,0,0,0,0,0,0,3,-10,0,0,0,2,30,8,4,2,12,7,0,0,0,0,0,0,0,0,,,0,0,0,0,0,0,0,0,0,0,0,0,,,,0,0,0,0,0,0,0,,0,0,0,0,,0,0,,0,0,0,0,0,0,0,0,0,0,262.54,262.54
00-0036972,M.Jones,Mac Jones,QB,QB,"https://static.www.nfl.com/image/upload/f_auto,q_auto/league/v5sg1z9qvdpjeapblndz",2023,REG,NE,11,224,345,2120,10,12,22,-127,2,1,2410,1211,100,-54.70160128159115,-2.8927735786522386,0,0.8796680497925311,84,33,17,2,26,96,0,1,1,11,-5.370463597837637,0,2,2,0,0,0,0,0,0,0,0,0,0,0,,0,0,0,0,0,,0.0,0.0,0.0,0,0,0,1,0,0,0,0.0,0.0,0,0,0,0,0,0,0,0,0,-5,0,0,0,0,0,2,1,0,3,2,0,0,0,0,0,0,0,0,,,0,0,0,0,0,0,0,0,0,0,0,0,,,,0,0,0,0,0,0,0,,0,0,0,0,,0,0,,0,0,0,0,0,0,0,0,0,0,106.4,106.4
00-0036973,T.Etienne,Travis Etienne,RB,RB,"https://static.www.nfl.com/image/upload/f_auto,q_auto/league/gc0iljgj34piecyfueyd",2023,REG,JAX,17,0,0,0,0,0,0,0,0,0,0,0,0,,,0,,0,0,0,0,267,1008,11,0,0,53,-32.688588852671685,2,22,14,6,1,58,73,476,1,0,0,-67,523,23,9.622610764199116,0,20,6,2,1,-7.104477611940299,0.12026359143327842,-0.01345111423408954,0.17097960718605495,0,2,0,0,0,0,0,0.0,0.0,0,0,0,0,0,0,0,0,0,0,0,0,0,1,5,0,0,0,0,0,0,0,0,0,0,0,0,0,,,0,0,0,0,0,0,0,0,0,0,0,0,,,,0,0,0,0,0,0,0,,0,0,0,0,,0,0,,0,0,0,0,0,0,0,0,0,0,224.4,282.4
00-0036974,Ty.Campbell,Tyson Campbell,CB,DB,"https://static.www.nfl.com/image/upload/f_auto,q_auto/league/qhtmkkoqakioplm2vfrw",2023,REG,JAX,11,0,0,0,0,0,0,0,0,0,0,0,0,,,0,,0,0,0,0,0,0,0,0,0,0,,0,0,0,0,0,0,0,0,0,0,0,0,0,0,,0,0,0,0,0,,0.0,0.0,0.0,0,37,5,19,2,5,1,0.0,0.0,0,1,0,5,0,0,0,0,0,0,0,0,0,1,5,0,0,0,0,0,0,0,0,0,0,0,0,0,,,0,0,0,0,0,0,0,0,0,0,0,0,,,,0,0,0,0,0,0,0,,0,0,0,0,,0,0,,0,0,0,0,0,0,0,0,0,0,0.0,0.0
00-0036975,W.Little,Walker Little,OT,OL,"https://static.www.nfl.com/image/upload/f_auto,q_auto/league/rcvi4hvhzassjkeya7z9",2023,REG,JAX,4,0,0,0,0,0,0,0,0,0,0,0,0,,,0,,0,0,0,0,0,0,0,0,0,0,,0,0,0,0,0,0,0,0,0,0,0,0,0,0,,0,0,0,0,0,,0.0,0.0,0.0,0,0,0,0,0,0,0,0.0,0.0,0,0,0,0,0,0,0,0,0,0,0,0,0,7,50,0,0,0,0,0,0,0,0,0,0,0,0,0,,,0,0,0,0,0,0,0,0,0,0,0,0,,,,0,0,0,0,0,0,0,,0,0,0,0,,0,0,,0,0,0,0,0,0,0,0,0,0,0.0,0.0
00-0036976,S.Brown,Spencer Brown,OT,OL,"https://static.www.nfl.com/image/upload/f_auto,q_auto/league/q2lsfuxunzzgso9rtldu",2023,REG,BUF,7,0,0,0,0,0,0,0,0,0,0,0,0,,,0,,0,0,0,0,0,0,0,0,0,0,,0,0,0,0,0,0,0,0,0,0,0,0,0,0,,0,0,0,0,0,,0.0,0.0,0.0,0,0,0,0,0,0,0,0.0,0.0,0,0,0,0,0,0,0,0,0,0,0,0,0,7,55,0,0,0,0,0,0,0,0,0,0,0,0,0,,,0,0,0,0,0,0,0,0,0,0,0,0,,,,0,0,0,0,0,0,0,,0,0,0,0,,0,0,,0,0,0,0,0,0,0,0,0,0,0.0,0.0
00-0036977,B.Cleveland,Ben Cleveland,G,OL,"https://static.www.nfl.com/image/upload/f_auto,q_auto/league/y36gxknbgsy3gt9wwzbl",2023,REG,BAL,1,0,0,0,0,0,0,0,0,0,0,0,0,,,0,,0,0,0,0,0,0,0,0,0,0,,0,0,0,0,0,0,0,0,0,0,0,0,0,0,,0,0,0,0,0,,0.0,0.0,0.0,0,0,0,0,0,0,0,0.0,0.0,0,0,0,0,0,0,0,0,0,0,0,0,0,1,5,0,0,0,0,0,0,0,0,0,0,0,0,0,,,0,0,0,0,0,0,0,0,0,0,0,0,,,,0,0,0,0,0,0,0,,0,0,0,0,,0,0,,0,0,0,0,0,0,0,0,0,0,0.0,0.0
00-0036978,R.Perkins,Ronnie Perkins,LB,LB,"https://static.www.nfl.com/image/upload/f_auto,q_auto/league/llkcfiijnugusu8gdgr4",2023,REG,DEN,7,0,0,0,0,0,0,0,0,0,0,0,0,,,0,,0,0,0,0,0,0,0,0,0,0,,0,0,0,0,0,0,0,0,0,0,0,0,0,0,,0,0,0,0,0,,0.0,0.0,0.0,0,6,3,4,1,2,0,0.0,0.0,1,0,0,0,0,0,0,0,0,0,0,0,0,1,5,0,0,0,0,0,0,0,0,0,0,0,0,0,,,0,0,0,0,0,0,0,0,0,0,0,0,,,,0,0,0,0,0,0,0,,0,0,0,0,,0,0,,0,0,0,0,0,0,0,0,0,0,0.0,0.0
00-0036979,A.Vera-Tucker,Alijah Vera-Tucker,G,OL,"https://static.www.nfl.com/image/upload/f_auto,q_auto/league/ybjzt1nrjtnflpjhnirs",2023,REG,NYJ,1,0,0,0,0,0,0,0,0,0,0,0,0,,,0,,0,0,0,0,0,0,0,0,0,0,,0,0,0,0,0,0,0,0,0,0,0,0,0,0,,0,0,0,0,0,,0.0,0.0,0.0,0,0,0,0,0,0,0,0.0,0.0,0,0,0,0,0,0,0,0,0,0,0,0,0,1,5,0,0,0,0,0,0,0,0,0,0,0,0,0,,,0,0,0,0,0,0,0,0,0,0,0,0,,,,0,0,0,0,0,0,0,,0,0,0,0,,0,0,,0,0,0,0,0,0,0,0,0,0,0.0,0.0
00-0036980,E.Moore,Elijah Moore,WR,WR,"https://static.www.nfl.com/image/upload/f_auto,q_auto/league/hglegw8qqnvb8fghc8cq",2023,REG,CLE,16,0,0,0,0,0,0,0,0,0,0,0,0,,,0,,0,0,0,0,9,11,0,1,1,2,-10.262956053542439,0,1,1,0,0,59,104,640,2,1,1,1155,191,29,-1.7487402335777857,0,27,12,9,1,0.5541125541125541,0.17420435510887772,0.21796565389696168,0.41388249039118974,0,2,0,0,0,0,0,0.0,0.0,0,0,0,0,0,0,0,0,1,-10,0,0,0,1,10,1,1,0,2,2,2,23,0,0,0,0,0,0,,,0,0,0,0,0,0,0,0,0,0,0,0,,,,0,0,0,0,0,0,0,,0,0,0,0,,0,0,,0,0,0,0,0,0,0,0,0,0,73.10000000000001,132.10000000000002
00-0036981,C.Barmore,Christian Barmore,DT,DL,"https://static.www.nfl.com/image/upload/f_auto,q_auto/league/r2qnczxwkpqhk8is5jkv",2023,REG,NE,17,0,0,0,0,0,0,0,0,0,0,0,0,,,0,,0,0,0,0,0,0,0,0,0,0,,0,0,0,0,0,0,0,0,0,0,0,0,0,0,,0,0,0,0,0,,0.0,0.0,0.0,0,34,5,25,11,62,1,8.5,60.5,16,0,0,6,0,0,0,0,0,0,0,0,0,2,30,0,0,0,0,0,0,0,0,0,0,0,0,0,,,0,0,0,0,0,0,0,0,0,0,0,0,,,,0,0,0,0,0,0,0,,0,0,0,0,,0,0,,0,0,0,0,0,0,0,0,0,0,0.0,0.0
00-0036982,C.Golston,Chauncey Golston,DE,DL,"https://static.www.nfl.com/image/upload/f_auto,q_auto/league/sxmy7rxufyanqn2mpsba",2023,REG,DAL,14,0,0,0,0,0,0,0,0,0,0,0,0,,,0,,0,0,0,0,0,0,0,0,0,0,,0,0,0,0,0,0,0,0,0,0,0,0,0,0,1.053,1,0,0,0,0,,0.0,0.0,0.0,0,10,1,14,1,1,1,1.5,12.0,3,0,0,0,0,0,0,0,0,0,0,0,0,2,20,0,0,0,0,0,0,0,0,0,0,0,0,0,,,0,0,0,0,0,0,0,0,0,0,0,0,,,,0,0,0,0,0,0,0,,0,0,0,0,,0,0,,0,0,0,0,0,0,0,0,0,0,2.0,2.0
00-0036983,K.Green,Kendrick Green,G,OL,"https://static.www.nfl.com/image/upload/f_auto,q_auto/league/b8rtjagcsjnnwczsin7u",2023,REG,HOU,1,0,0,0,0,0,0,0,0,0,0,0,0,,,0,,0,0,0,0,0,0,0,0,0,0,,0,0,0,0,0,0,0,0,0,0,0,0,0,0,,0,0,0,0,0,,0.0,0.0,0.0,0,0,0,0,0,0,0,0.0,0.0,0,0,0,0,0,0,0,0,0,0,0,0,0,1,10,0,0,0,0,0,0,0,0,0,0,0,0,0,,,0,0,0,0,0,0,0,0,0,0,0,0,,,,0,0,0,0,0,0,0,,0,0,0,0,,0,0,,0,0,0,0,0,0,0,0,0,0,0.0,0.0
00-0036984,T.Sermon,Trey Sermon,RB,RB,"https://static.www.nfl.com/image/upload/f_auto,q_auto/league/eqhl3xiczodsyqlmsxvr",2023,REG,IND,8,0,0,0,0,0,0,0,0,0,0,0,0,,,0,,0,0,0,0,35,160,0,0,0,7,-1.112495122676219,0,3,2,1,0,3,6,13,0,0,0,11,6,0,-3.0399064863951426,0,0,0,0,0,1.1818181818181819,0.01098901098901099,0.0025851938895417154,0.018293152206195686,0,0,0,0,0,0,0,0.0,0.0,0,0,0,0,0,0,0,0,0,0,0,0,0,0,0,0,0,0,0,0,0,0,0,0,0,0,0,0,,,0,0,0,0,0,0,0,0,0,0,0,0,,,,0,0,0,0,0,0,0,,0,0,0,0,,0,0,,0,0,0,0,0,0,0,0,0,0,17.3,20.3
00-0036985,R.Hainsey,Robert Hainsey,OT,OL,"https://static.www.nfl.com/image/upload/f_auto,q_auto/league/gaphcunqg5idsedj7rjv",2023,REG,TB,9,0,0,0,0,0,0,0,0,0,0,0,0,,,0,,0,0,0,0,0,0,0,0,0,0,,0,0,0,0,0,0,0,-3,0,0,0,0,-3,0,,0,0,0,0,0,0.0,0.0,0.0,0.0,0,0,0,0,0,0,0,0.0,0.0,0,0,0,0,0,0,0,0,2,2,0,0,0,7,40,0,1,0,1,0,0,0,0,0,0,0,0,0,,,0,0,0,0,0,0,0,0,0,0,0,0,,,,0,0,0,0,0,0,0,,0,0,0,0,,0,0,,0,0,0,0,0,0,0,0,0,0,-0.30000000000000004,-0.30000000000000004
00-0036986,N.Wright,Nahshon Wright,CB,DB,"https://static.www.nfl.com/image/upload/f_auto,q_auto/league/muwpbl5yr0o4yvkcxtu3",2023,REG,DAL,5,0,0,0,0,0,0,0,0,0,0,0,0,,,0,,0,0,0,0,0,0,0,0,0,0,,0,0,0,0,0,0,0,0,0,0,0,0,0,0,,0,0,0,0,0,,0.0,0.0,0.0,0,3,0,2,0,0,0,0.0,0.0,0,0,0,1,0,0,0,0,0,0,0,0,0,2,16,0,0,0,0,0,0,0,0,0,0,0,0,0,,,0,0,0,0,0,0,0,0,0,0,0,0,,,,0,0,0,0,0,0,0,,0,0,0,0,,0,0,,0,0,0,0,0,0,0,0,0,0,0.0,0.0
00-0036987,B.Stephens,Brandon Stephens,CB,DB,"https://static.www.nfl.com/image/upload/f_auto,q_auto/league/xvwpf9u0s2yj7ldppaen",2023,REG,BAL,16,0,0,0,0,0,0,0,0,0,0,0,0,,,0,,0,0,0,0,0,0,0,0,0,0,,0,0,0,0,0,0,0,0,0,0,0,0,0,0,,0,0,0,0,0,,0.0,0.0,0.0,0,53,4,17,2,3,0,0.0,0.0,0,2,56,11,0,0,0,0,0,0,0,0,0,4,74,0,0,0,0,0,0,0,0,0,0,0,0,0,,,0,0,0,0,0,0,0,0,0,0,0,0,,,,0,0,0,0,0,0,0,,0,0,0,0,,0,0,,0,0,0,0,0,0,0,0,0,0,0.0,0.0
00-0036988,J.Palmer,Josh Palmer,WR,WR,"https://static.www.nfl.com/image/upload/f_auto,q_auto/league/woswdfrtxnsfgzsjvsxx",2023,REG,LAC,10,0,0,0,0,0,0,0,0,0,0,0,0,,,0,,0,0,0,0,1,6,0,0,0,0,0.22556858509778976,0,0,0,0,0,38,61,581,2,1,1,693,196,22,8.454436657690362,0,16,14,9,3,0.8383838383838383,0.0993485342019544,0.14641876188463976,0.2515159346221794,0,1,0,0,0,0,0,0.0,0.0,0,0,0,0,0,0,0,0,0,0,0,0,0,1,5,1,0,0,1,1,0,0,0,0,0,0,0,0,,,0,0,0,0,0,0,0,0,0,0,0,0,,,,0,0,0,0,0,0,0,,0,0,0,0,,0,0,,0,0,0,0,0,0,0,0,0,0,68.7,106.7
00-0036989,M.Koonce,Malcolm Koonce,DE,DL,"https://static.www.nfl.com/image/upload/f_auto,q_auto/league/cujkqhjibrywjodwgfyp",2023,REG,LV,15,0,0,0,0,0,0,0,0,0,0,0,0,,,0,,0,0,0,0,0,0,0,0,0,0,,0,0,0,0,0,0,0,0,0,0,0,0,0,0,,0,0,0,0,0,,0.0,0.0,0.0,0,29,3,11,8,37,3,8.0,52.0,17,0,0,0,0,0,0,0,0,0,0,0,0,0,0,0,0,0,0,0,0,0,0,0,0,0,0,0,,,0,0,0,0,0,0,0,0,0,0,0,0,,,,0,0,0,0,0,0,0,,0,0,0,0,,0,0,,0,0,0,0,0,0,0,0,0,0,0.0,0.0
00-0036990,D.Deablo,Divine Deablo,LB,LB,"https://static.www.nfl.com/image/upload/f_auto,q_auto/league/btw2sohcblkqvpsrctio",2023,REG,LV,15,0,0,0,0,0,0,0,0,0,0,0,0,,,0,,0,0,0,0,0,0,0,0,0,0,,0,0,0,0,0,0,0,0,0,0,0,0,0,0,,0,0,0,0,0,,0.0,0.0,0.0,0,55,10,41,3,19,0,1.0,7.0,2,0,0,2,0,0,0,0,0,0,1,0,0,1,15,0,0,0,0,0,0,0,0,0,0,0,0,0,,,0,0,0,0,0,0,0,0,0,0,0,0,,,,0,0,0,0,0,0,0,,0,0,0,0,,0,0,,0,0,0,0,0,0,0,0,0,0,0.0,0.0
00-0036991,A.Rodgers,Amari Rodgers,WR,WR,"https://static.www.nfl.com/image/private/f_auto,q_auto/league/g85ohsk2pgbf7xz2f1a8",2023,REG,IND,1,0,0,0,0,0,0,0,0,0,0,0,0,,,0,,0,0,0,0,0,0,0,0,0,0,,0,0,0,0,0,0,2,0,0,0,0,30,0,0,-2.0035566507140175,0,0,0,0,0,0.0,0.003663003663003663,0.007050528789659225,0.01042987564726695,0,0,0,0,0,0,0,0.0,0.0,0,0,0,0,0,0,0,0,0,0,0,0,0,0,0,0,0,0,0,0,0,0,0,0,0,0,0,0,,,0,0,0,0,0,0,0,0,0,0,0,0,,,,0,0,0,0,0,0,0,,0,0,0,0,,0,0,,0,0,0,0,0,0,0,0,0,0,0.0,0.0
00-0036992,E.Molden,Elijah Molden,CB,DB,"https://static.www.nfl.com/image/upload/f_auto,q_auto/league/yxq6pkgcvnln5riyonff",2023,REG,TEN,14,0,0,0,0,0,0,0,0,0,0,0,0,,,0,,0,0,0,0,0,0,0,0,0,0,,0,0,0,0,0,0,0,0,0,0,0,0,0,0,,0,0,0,0,0,,0.0,0.0,0.0,0,40,7,26,1,16,1,0.0,0.0,0,1,44,4,1,0,0,0,0,0,1,1,0,2,10,0,0,0,0,0,0,0,0,0,0,0,0,0,,,0,0,0,0,0,0,0,0,0,0,0,0,,,,0,0,0,0,0,0,0,,0,0,0,0,,0,0,,0,0,0,0,0,0,0,0,0,0,0.0,0.0
00-0036993,I.Melifonwu,Ifeatu Melifonwu,SAF,DB,"https://static.www.nfl.com/image/upload/f_auto,q_auto/league/ftt7jc1nr0hmf1xmzyh2",2023,REG,DET,9,0,0,0,0,0,0,0,0,0,0,0,0,,,0,,0,0,0,0,0,0,0,0,0,0,,0,0,0,0,0,0,0,0,0,0,0,0,0,0,,0,0,0,0,0,,0.0,0.0,0.0,0,21,3,9,3,23,1,3.0,30.0,5,2,35,8,0,0,0,0,0,0,0,0,0,1,10,0,0,0,0,0,0,0,0,0,0,0,0,0,,,0,0,0,0,0,0,0,0,0,0,0,0,,,,0,0,0,0,0,0,0,,0,0,0,0,,0,0,,0,0,0,0,0,0,0,0,0,0,0.0,0.0
00-0036994,E.Jones,Ernest Jones,LB,LB,"https://static.www.nfl.com/image/upload/f_auto,q_auto/league/zn0pz6okty7vbj5ryryt",2023,REG,LA,15,0,0,0,0,0,0,0,0,0,0,0,0,,,0,,0,0,0,0,0,0,0,0,0,0,,0,0,0,0,0,0,0,0,0,0,0,0,0,0,,0,0,0,0,0,,0.0,0.0,0.0,0,56,18,71,12,35,0,4.5,19.5,6,0,0,6,0,0,0,0,0,0,0,0,0,1,2,0,0,0,0,0,0,0,0,0,0,0,0,0,,,0,0,0,0,0,0,0,0,0,0,0,0,,,,0,0,0,0,0,0,0,,0,0,0,0,,0,0,,0,0,0,0,0,0,0,0,0,0,0.0,0.0
00-0036995,B.Browning,Baron Browning,LB,LB,"https://static.www.nfl.com/image/upload/f_auto,q_auto/league/nd86rlr1op1wgkbpfcxv",2023,REG,DEN,10,0,0,0,0,0,0,0,0,0,0,0,0,,,0,,0,0,0,0,0,0,0,0,0,0,,0,0,0,0,0,0,0,0,0,0,0,0,0,0,,0,0,0,0,0,,0.0,0.0,0.0,0,14,5,6,3,17,2,4.5,28.5,9,0,0,2,0,0,0,0,0,0,0,0,0,4,29,0,0,0,0,0,0,0,0,0,0,0,0,0,,,0,0,0,0,0,0,0,0,0,0,0,0,,,,0,0,0,0,0,0,0,,0,0,0,0,,0,0,,0,0,0,0,0,0,0,0,0,0,0.0,0.0
00-0036996,G.Newsome,Greg Newsome II,CB,DB,"https://static.www.nfl.com/image/upload/f_auto,q_auto/league/zyfy3onrys9i6ounvai8",2023,REG,CLE,14,0,0,0,0,0,0,0,0,0,0,0,0,,,0,,0,0,0,0,0,0,0,0,0,0,,0,0,0,0,0,0,0,0,0,0,0,0,0,0,,0,0,0,0,0,,0.0,0.0,0.0,0,30,4,15,4,10,0,0.5,2.5,1,2,34,14,1,0,0,0,0,0,0,0,0,3,54,0,0,0,0,0,0,0,0,0,0,0,0,0,,,0,0,0,0,0,0,0,0,0,0,0,0,,,,0,0,0,0,0,0,0,,0,0,0,0,,0,0,,0,0,0,0,0,0,0,0,0,0,0.0,0.0
00-0036997,J.Williams,Javonte Williams,RB,RB,"https://static.www.nfl.com/image/upload/f_auto,q_auto/league/hwzske22c4wrlf27qrih",2023,REG,DEN,16,0,0,0,0,0,0,0,0,0,0,0,0,,,0,,0,0,0,0,217,774,3,0,0,41,-37.79810386897829,1,21,14,2,0,47,58,228,2,1,1,-99,301,10,-4.702793264572276,1,7,2,0,0,-2.303030303030303,0.12159329140461216,-0.02637187000532765,0.16392962810318887,0,0,0,0,0,0,0,0.0,0.0,0,0,0,0,0,0,0,0,0,0,0,0,0,1,10,1,0,0,1,1,0,0,0,0,0,0,0,0,,,0,0,0,0,0,0,0,0,0,0,0,0,,,,0,0,0,0,0,0,0,,0,0,0,0,,0,0,,0,0,0,0,0,0,0,0,0,0,132.2,179.2
00-0036998,J.Holland,Jevon Holland,SAF,DB,"https://static.www.nfl.com/image/upload/f_auto,q_auto/league/zuvtkp7vhs3iqvpj9nen",2023,REG,MIA,12,0,0,0,0,0,0,0,0,0,0,0,0,,,0,,0,0,0,0,0,0,0,0,0,0,,0,0,0,0,0,0,0,0,0,0,0,0,0,0,,0,0,0,0,0,,0.0,0.0,0.0,0,44,8,22,2,10,3,0.0,0.0,0,1,99,4,1,0,0,0,0,0,1,4,0,0,0,0,0,0,0,0,0,0,0,0,0,0,0,0,,,0,0,0,0,0,0,0,0,0,0,0,0,,,,0,0,0,0,0,0,0,,0,0,0,0,,0,0,,0,0,0,0,0,0,0,0,0,0,0.0,0.0
00-0037000,M.Rice,Monty Rice,LB,LB,"https://static.www.nfl.com/image/upload/f_auto,q_auto/league/rrcuqfoaipif1vrlobuz",2023,REG,TEN,10,0,0,0,0,0,0,0,0,0,0,0,0,,,0,,0,0,0,0,0,0,0,0,0,0,,0,0,0,0,0,0,0,0,0,0,0,0,0,0,,0,0,0,0,0,,0.0,0.0,0.0,0,11,3,12,0,0,0,0.0,0.0,1,0,0,0,0,0,0,0,0,0,0,0,0,2,15,0,0,0,0,0,0,0,0,0,0,0,0,0,,,0,0,0,0,0,0,0,0,0,0,0,0,,,,0,0,0,0,0,0,0,,0,0,0,0,,0,0,,0,0,0,0,0,0,0,0,0,0,0.0,0.0
00-0037001,Q.Meinerz,Quinn Meinerz,C,OL,"https://static.www.nfl.com/image/upload/f_auto,q_auto/league/wataecqih21xww0giu06",2023,REG,DEN,4,0,0,0,0,0,0,0,0,0,0,0,0,,,0,,0,0,0,0,0,0,0,0,0,0,,0,0,0,0,0,0,0,0,0,0,0,0,0,0,,0,0,0,0,0,,0.0,0.0,0.0,0,1,0,0,0,0,0,0.0,0.0,0,0,0,0,0,0,0,0,1,0,0,0,0,4,29,0,0,0,0,0,0,0,0,0,0,0,0,0,,,0,0,0,0,0,0,0,0,0,0,0,0,,,,0,0,0,0,0,0,0,,0,0,0,0,,0,0,,0,0,0,0,0,0,0,0,0,0,0.0,0.0
00-0037002,L.Dickerson,Landon Dickerson,G,OL,"https://static.www.nfl.com/image/upload/f_auto,q_auto/league/xmdowvfxum5huo9ahemm",2023,REG,PHI,7,0,0,0,0,0,0,0,0,0,0,0,0,,,0,,0,0,0,0,0,0,0,0,0,0,,0,0,0,0,0,0,0,0,0,0,0,0,0,0,,0,0,0,0,0,,0.0,0.0,0.0,0,1,0,0,0,0,0,0.0,0.0,0,0,0,0,0,0,0,0,0,0,0,0,0,7,39,0,0,0,0,0,0,0,0,0,0,0,0,0,,,0,0,0,0,0,0,0,0,0,0,0,0,,,,0,0,0,0,0,0,0,,0,0,0,0,,0,0,,0,0,0,0,0,0,0,0,0,0,0.0,0.0
00-0037003,C.Surratt,Chazz Surratt,LB,LB,"https://static.www.nfl.com/image/upload/f_auto,q_auto/league/wvgrytpf6ymlzcmxcnch",2023,REG,NYJ,5,0,0,0,0,0,0,0,0,0,0,0,0,,,0,,0,0,0,0,0,0,0,0,0,0,,0,0,0,0,0,0,0,0,0,0,0,0,0,0,,0,0,0,0,0,,0.0,0.0,0.0,0,5,1,2,0,0,0,0.0,0.0,0,0,0,0,0,0,0,0,0,0,0,0,0,1,15,0,0,0,0,0,0,0,0,0,0,0,0,0,,,0,0,0,0,0,0,0,0,0,0,0,0,,,,0,0,0,0,0,0,0,,0,0,0,0,,0,0,,0,0,0,0,0,0,0,0,0,0,0.0,0.0
00-0037004,H.Long,Hunter Long,TE,TE,"https://static.www.nfl.com/image/upload/f_auto,q_auto/league/n1kvmijdfpyv1dwlwqa6",2023,REG,LA,1,0,0,0,0,0,0,0,0,0,0,0,0,,,0,,0,0,0,0,0,0,0,0,0,0,,0,0,0,0,0,0,0,0,0,0,0,0,0,0,,0,0,0,0,0,,0.0,0.0,0.0,0,0,0,1,0,0,0,0.0,0.0,0,0,0,0,0,0,0,0,0,0,0,0,0,0,0,0,0,0,0,0,0,0,0,0,0,0,0,0,,,0,0,0,0,0,0,0,0,0,0,0,0,,,,0,0,0,0,0,0,0,,0,0,0,0,,0,0,,0,0,0,0,0,0,0,0,0,0,0.0,0.0
00-0037005,T.Tremble,Tommy Tremble,TE,TE,"https://static.www.nfl.com/image/upload/f_auto,q_auto/league/j0atbeflgj05pldxfon6",2023,REG,CAR,15,0,0,0,0,0,0,0,0,0,0,0,0,,,0,,0,0,0,0,0,0,0,0,0,0,,0,0,0,0,0,23,32,194,3,0,0,204,95,10,2.1053344268875662,0,8,3,2,0,0.9509803921568627,0.0599250936329588,0.04551539491298527,0.12174841688852789,0,3,0,1,0,0,0,0.0,0.0,0,0,0,0,0,0,0,0,1,0,0,0,0,3,16,0,0,0,0,0,0,0,0,0,0,0,0,0,,,0,0,0,0,0,0,0,0,0,0,0,0,,,,0,0,0,0,0,0,0,,0,0,0,0,,0,0,,0,0,0,0,0,0,0,0,0,0,37.400000000000006,60.400000000000006
00-0037007,P.Jones,Patrick Jones II,LB,LB,"https://static.www.nfl.com/image/upload/f_auto,q_auto/league/yj0r18rgx7oishozdalv",2023,REG,MIN,13,0,0,0,0,0,0,0,0,0,0,0,0,,,0,,0,0,0,0,0,0,0,0,0,0,,0,0,0,0,0,0,0,0,0,0,0,0,0,0,,0,0,0,0,0,,0.0,0.0,0.0,0,19,3,10,4,17,0,1.0,11.0,8,0,0,0,0,0,0,0,0,0,0,0,0,2,20,0,0,0,0,0,0,0,0,0,0,0,0,0,,,0,0,0,0,0,0,0,0,0,0,0,0,,,,0,0,0,0,0,0,0,,0,0,0,0,,0,0,,0,0,0,0,0,0,0,0,0,0,0.0,0.0
00-0037008,A.Thomas,Ambry Thomas,CB,DB,"https://static.www.nfl.com/image/upload/f_auto,q_auto/league/amjpcxjbfudtvtargzfa",2023,REG,SF,13,0,0,0,0,0,0,0,0,0,0,0,0,,,0,,0,0,0,0,0,0,0,0,0,0,,0,0,0,0,0,0,0,0,0,0,0,0,0,0,,0,0,0,0,0,,0.0,0.0,0.0,0,35,0,8,0,0,1,0.0,0.0,0,1,2,7,0,0,0,0,0,0,1,26,0,3,43,0,0,0,0,0,0,0,0,0,0,0,0,0,,,0,0,0,0,0,0,0,0,0,0,0,0,,,,0,0,0,0,0,0,0,,0,0,0,0,,0,0,,0,0,0,0,0,0,0,0,0,0,0.0,0.0
00-0037009,R.Slater,Rashawn Slater,OT,OL,"https://static.www.nfl.com/image/upload/f_auto,q_auto/league/o3c6u8ug6sw7mpdeojqk",2023,REG,LAC,8,0,0,0,0,0,0,0,0,0,0,0,0,,,0,,0,0,0,0,0,0,0,0,0,0,,0,0,0,0,0,0,0,0,0,0,0,0,0,0,,0,0,0,0,0,,0.0,0.0,0.0,0,1,0,1,0,0,0,0.0,0.0,0,0,0,0,0,0,0,0,0,0,0,0,0,7,69,0,0,0,0,0,0,0,0,0,0,0,0,0,,,0,0,0,0,0,0,0,0,0,0,0,0,,,,0,0,0,0,0,0,0,,0,0,0,0,,0,0,,0,0,0,0,0,0,0,0,0,0,0.0,0.0
00-0037010,L.Eichenberg,Liam Eichenberg,OT,OL,"https://static.www.nfl.com/image/upload/f_auto,q_auto/league/q1witqmianbqxz4lmtur",2023,REG,MIA,5,0,0,0,0,0,0,0,0,0,0,0,0,,,0,,0,0,0,0,0,0,0,0,0,0,,0,0,0,0,0,0,0,0,0,0,0,0,0,0,,0,0,0,0,0,,0.0,0.0,0.0,0,1,0,0,0,0,0,0.0,0.0,0,0,0,0,0,0,0,0,0,0,0,0,0,5,45,0,2,0,2,0,0,0,0,0,0,0,0,0,,,0,0,0,0,0,0,0,0,0,0,0,0,,,,0,0,0,0,0,0,0,,0,0,0,0,,0,0,,0,0,0,0,0,0,0,0,0,0,0.0,0.0
00-0037011,T.McKitty,Tre' McKitty,TE,TE,"https://static.www.nfl.com/image/upload/f_auto,q_auto/league/hcsuglnch88wtxp9emcv",2023,REG,LAC,1,0,0,0,0,0,0,0,0,0,0,0,0,,,0,,0,0,0,0,0,0,0,0,0,0,,0,0,0,0,0,0,0,0,0,0,0,0,0,0,,0,0,0,0,0,,0.0,0.0,0.0,0,0,0,0,0,0,0,0.0,0.0,0,0,0,0,0,0,0,0,0,0,0,0,0,1,10,0,0,0,0,0,0,0,0,0,0,0,0,0,,,0,0,0,0,0,0,0,0,0,0,0,0,,,,0,0,0,0,0,0,0,,0,0,0,0,,0,0,,0,0,0,0,0,0,0,0,0,0,0.0,0.0
00-0037013,Z.Wilson,Zach Wilson,QB,QB,"https://static.www.nfl.com/image/upload/f_auto,q_auto/league/i17xpbsar7evcypbhtel",2023,REG,NYJ,12,221,368,2271,8,7,46,-340,7,4,2672,1113,104,-101.19415159158767,-3.127371265658832,1,0.8499251497005988,86,39,27,3,36,211,0,4,3,7,-16.85752699665122,1,8,7,2,0,0,0,0,0,0,0,0,0,0,,0,0,0,0,0,,0.0,0.0,0.0,0,1,0,0,0,0,0,0.0,0.0,0,0,0,0,0,0,0,0,1,-6,0,0,0,1,10,8,3,0,11,7,0,0,0,0,0,0,0,0,,,0,0,0,0,0,0,0,0,0,0,0,0,,,,0,0,0,0,0,0,0,,0,0,0,0,,0,0,,0,0,0,0,0,0,0,0,0,0,119.94,119.94
00-0037034,D.Alford,Dee Alford,CB,DB,"https://static.www.nfl.com/image/upload/f_auto,q_auto/league/ekj8kwdcwmajijqt1ce2",2023,REG,ATL,14,0,0,0,0,0,0,0,0,0,0,0,0,,,0,,0,0,0,0,0,0,0,0,0,0,,0,0,0,0,0,0,0,0,0,0,0,0,0,0,,0,0,0,0,0,,0.0,0.0,0.0,0,22,3,16,2,6,0,0.0,0.0,0,0,0,6,0,2,0,96,1,0,1,0,0,4,45,0,2,1,2,0,20,160,2,13,0,0,0,0,,,0,0,0,0,0,0,0,0,0,0,0,0,,,,0,0,0,0,0,0,0,,0,0,0,0,,0,0,,0,0,0,0,0,0,0,0,0,0,0.0,0.0
00-0037039,D.Allen,Devon Allen,WR,WR,"https://static.www.nfl.com/image/private/f_auto,q_auto/league/tilktuhfb5feav8gwtdn",2023,REG,PHI,1,0,0,0,0,0,0,0,0,0,0,0,0,,,0,,0,0,0,0,0,0,0,0,0,0,,0,0,0,0,0,0,0,0,0,0,0,0,0,0,,0,0,0,0,0,,0.0,0.0,0.0,0,0,0,0,0,0,0,0.0,0.0,0,0,0,0,0,0,0,0,0,0,0,0,0,0,0,0,0,0,0,0,0,0,1,17,0,0,0,0,,,0,0,0,0,0,0,0,0,0,0,0,0,,,,0,0,0,0,0,0,0,,0,0,0,0,,0,0,,0,0,0,0,0,0,0,0,0,0,0.0,0.0
00-0037043,A.Barno,Amare Barno,LB,LB,"https://static.www.nfl.com/image/upload/f_auto,q_auto/league/nsjj3aui2wuogyxgtvlm",2023,REG,CAR,10,0,0,0,0,0,0,0,0,0,0,0,0,,,0,,0,0,0,0,0,0,0,0,0,0,,0,0,0,0,0,0,0,0,0,0,0,0,0,0,,0,0,0,0,0,,0.0,0.0,0.0,0,10,3,8,0,0,0,0.0,0.0,0,0,0,0,0,0,0,0,0,0,0,0,0,1,15,0,0,0,0,0,0,0,0,0,0,0,0,0,,,0,0,0,0,0,0,0,0,0,0,0,0,,,,0,0,0,0,0,0,0,,0,0,0,0,,0,0,,0,0,0,0,0,0,0,0,0,0,0.0,0.0
00-0037051,E.Garcia,Elijah Garcia,DE,DL,"https://static.www.nfl.com/image/upload/f_auto,q_auto/league/mdhtfrrfmfeop2secu2c",2023,REG,DEN,3,0,0,0,0,0,0,0,0,0,0,0,0,,,0,,0,0,0,0,0,0,0,0,0,0,,0,0,0,0,0,0,0,0,0,0,0,0,0,0,,0,0,0,0,0,,0.0,0.0,0.0,0,1,0,3,0,0,1,1.0,4.0,1,0,0,0,0,0,0,0,0,0,0,0,0,0,0,0,0,0,0,0,0,0,0,0,0,0,0,0,,,0,0,0,0,0,0,0,0,0,0,0,0,,,,0,0,0,0,0,0,0,,0,0,0,0,,0,0,,0,0,0,0,0,0,0,0,0,0,0.0,0.0
00-0037057,K.Thomas,Keir Thomas,LB,LB,"https://static.www.nfl.com/image/upload/f_auto,q_auto/league/wtzpz7bs64wypd4sgrya",2023,REG,LA,6,0,0,0,0,0,0,0,0,0,0,0,0,,,0,,0,0,0,0,0,0,0,0,0,0,,0,0,0,0,0,0,0,0,0,0,0,0,0,0,,0,0,0,0,0,,0.0,0.0,0.0,0,2,1,3,0,0,0,0.0,0.0,2,0,0,0,0,0,0,0,0,0,0,0,0,1,5,0,0,0,0,0,0,0,0,0,0,0,0,0,,,0,0,0,0,0,0,0,0,0,0,0,0,,,,0,0,0,0,0,0,0,,0,0,0,0,,0,0,,0,0,0,0,0,0,0,0,0,0,0.0,0.0
00-0037073,J.Davis,Jordan Davis,DT,DL,"https://static.www.nfl.com/image/upload/f_auto,q_auto/league/tcepyh61e1ct4vhdeaer",2023,REG,PHI,16,0,0,0,0,0,0,0,0,0,0,0,0,,,0,,0,0,0,0,0,0,0,0,0,0,,0,0,0,0,0,0,0,0,0,0,0,0,0,0,,0,0,0,0,0,,0.0,0.0,0.0,0,15,3,27,1,7,1,2.5,14.5,5,0,0,1,0,0,0,0,0,0,0,0,0,0,0,0,0,0,0,0,0,0,0,0,0,0,0,0,,,0,0,0,0,0,0,0,0,0,0,0,0,,,,0,0,0,0,0,0,0,,0,0,0,0,,0,0,,0,0,0,0,0,0,0,0,0,0,0.0,0.0
00-0037074,Q.Walker,Quay Walker,LB,LB,"https://static.www.nfl.com/image/upload/f_auto,q_auto/league/dkqnq4ccxwrr7u34aqrz",2023,REG,GB,14,0,0,0,0,0,0,0,0,0,0,0,0,,,0,,0,0,0,0,0,0,0,0,0,0,,0,0,0,0,0,0,0,0,0,0,0,0,0,0,,0,0,0,0,0,,0.0,0.0,0.0,0,46,13,59,4,20,0,2.5,16.5,5,1,37,3,1,0,0,0,0,0,0,0,0,2,22,0,0,0,0,0,0,0,0,0,0,0,0,0,,,0,0,0,0,0,0,0,0,0,0,0,0,,,,0,0,0,0,0,0,0,,0,0,0,0,,0,0,,0,0,0,0,0,0,0,0,0,0,0.0,0.0
00-0037075,D.Wyatt,Devonte Wyatt,DT,DL,"https://static.www.nfl.com/image/upload/f_auto,q_auto/league/p1oupvtm9kcm0wpuhape",2023,REG,GB,17,0,0,0,0,0,0,0,0,0,0,0,0,,,0,,0,0,0,0,0,0,0,0,0,0,,0,0,0,0,0,0,0,0,0,0,0,0,0,0,,0,0,0,0,0,,0.0,0.0,0.0,0,18,0,18,6,37,0,5.5,35.5,11,0,0,0,0,0,0,0,0,0,1,0,0,3,22,0,0,0,0,0,0,0,0,0,0,0,0,0,,,0,0,0,0,0,0,0,0,0,0,0,0,,,,0,0,0,0,0,0,0,,0,0,0,0,,0,0,,0,0,0,0,0,0,0,0,0,0,0.0,0.0
00-0037077,S.Howell,Sam Howell,QB,QB,"https://static.www.nfl.com/image/upload/f_auto,q_auto/league/umfyh2tmtggjep6nt44c",2023,REG,WAS,17,388,612,3946,21,21,65,-449,3,1,4588,2019,180,-103.5551776275185,-0.42723776663050933,1,0.8600697471665214,156,76,44,4,48,263,5,1,1,19,24.684257094320973,1,11,8,3,0,1,1,4,0,0,0,1,3,0,-0.30589396954746917,0,0,0,0,0,4.0,0.0016638935108153079,0.00020977554017201594,0.002642683144343373,0,0,0,0,0,0,0,0.0,0.0,0,0,0,0,0,0,0,0,0,0,0,0,0,2,20,4,1,0,5,2,0,0,0,0,0,0,0,0,,,0,0,0,0,0,0,0,0,0,0,0,0,,,,0,0,0,0,0,0,0,,0,0,0,0,,0,0,,0,0,0,0,0,0,0,0,0,0,256.54,257.54
00-0037078,C.Turner,Cole Turner,TE,TE,"https://static.www.nfl.com/image/upload/f_auto,q_auto/league/etikvhuu6qxktyrwthid",2023,REG,WAS,8,0,0,0,0,0,0,0,0,0,0,0,0,,,0,,0,0,0,0,0,0,0,0,0,0,,0,0,0,0,0,11,15,120,0,0,0,102,50,4,-0.005128661555817482,0,4,3,2,0,1.1764705882352942,0.024958402662229616,0.021397105097545627,0.05241557756162636,0,0,1,0,0,0,0,0.0,0.0,0,0,0,0,0,0,0,0,0,0,0,0,0,0,0,0,0,0,0,0,0,0,0,0,0,0,0,0,,,0,0,0,0,0,0,0,0,0,0,0,0,,,,0,0,0,0,0,0,0,,0,0,0,0,,0,0,,0,0,0,0,0,0,0,0,0,0,12.0,23.0
00-0037079,T.Woolen,Riq Woolen,CB,DB,"https://static.www.nfl.com/image/upload/f_auto,q_auto/league/rup4lbocfzdeohfrzfq9",2023,REG,SEA,15,0,0,0,0,0,0,0,0,0,0,0,0,,,0,,0,0,0,0,0,0,0,0,0,0,,0,0,0,0,0,0,0,0,0,0,0,0,0,0,,0,0,0,0,0,,0.0,0.0,0.0,0,38,4,11,1,5,0,0.0,0.0,0,2,0,11,0,0,0,0,0,0,2,1,0,8,122,0,0,0,0,0,0,0,0,0,0,0,0,0,,,0,0,0,0,0,0,0,0,0,0,0,0,,,,0,0,0,0,0,0,0,,0,0,0,0,,0,0,,0,0,0,0,0,0,0,0,0,0,0.0,0.0
00-0037080,T.Smith,Tyreke Smith,DE,DL,"https://static.www.nfl.com/image/upload/f_auto,q_auto/league/ax8zb9twn9ku6g0ozmmv",2023,REG,SEA,1,0,0,0,0,0,0,0,0,0,0,0,0,,,0,,0,0,0,0,0,0,0,0,0,0,,0,0,0,0,0,0,0,0,0,0,0,0,0,0,,0,0,0,0,0,,0.0,0.0,0.0,0,0,0,1,0,0,0,0.0,0.0,0,0,0,0,0,0,0,0,0,0,0,0,0,0,0,0,0,0,0,0,0,0,0,0,0,0,0,0,,,0,0,0,0,0,0,0,0,0,0,0,0,,,,0,0,0,0,0,0,0,,0,0,0,0,,0,0,,0,0,0,0,0,0,0,0,0,0,0.0,0.0
00-0037081,B.Jones,Braxton Jones,OT,OL,"https://static.www.nfl.com/image/upload/f_auto,q_auto/league/mjifvwkjowxkcdn61opd",2023,REG,CHI,5,0,0,0,0,0,0,0,0,0,0,0,0,,,0,,0,0,0,0,0,0,0,0,0,0,,0,0,0,0,0,0,0,0,0,0,0,0,0,0,,0,0,0,0,0,,0.0,0.0,0.0,0,0,0,0,0,0,0,0.0,0.0,0,0,0,0,0,0,0,0,1,0,0,0,0,8,55,0,0,0,0,0,0,0,0,0,0,0,0,0,,,0,0,0,0,0,0,0,0,0,0,0,0,,,,0,0,0,0,0,0,0,,0,0,0,0,,0,0,,0,0,0,0,0,0,0,0,0,0,0.0,0.0
00-0037082,D.Robinson,Dominique Robinson,DE,DL,"https://static.www.nfl.com/image/upload/f_auto,q_auto/league/ces5sntijczc3q0pabay",2023,REG,CHI,8,0,0,0,0,0,0,0,0,0,0,0,0,,,0,,0,0,0,0,0,0,0,0,0,0,,0,0,0,0,0,0,0,0,0,0,0,0,0,0,,0,0,0,0,0,,0.0,0.0,0.0,0,2,3,7,0,0,0,0.5,4.5,1,0,0,1,0,0,0,0,0,0,0,0,0,2,10,0,0,0,0,0,0,0,0,0,0,0,0,0,,,0,0,0,0,0,0,0,0,0,0,0,0,,,,0,0,0,0,0,0,0,,0,0,0,0,,0,0,,0,0,0,0,0,0,0,0,0,0,0.0,0.0
00-0037083,K.Enagbare,Kingsley Enagbare,LB,LB,"https://static.www.nfl.com/image/upload/f_auto,q_auto/league/ty3h4h6l190fjiwmczlt",2023,REG,GB,16,0,0,0,0,0,0,0,0,0,0,0,0,,,0,,0,0,0,0,0,0,0,0,0,0,,0,0,0,0,0,0,0,0,0,0,0,0,0,0,,0,0,0,0,0,,0.0,0.0,0.0,0,21,6,10,7,15,1,2.0,9.0,6,0,0,1,0,0,0,0,0,0,1,0,0,5,43,0,0,0,0,0,0,0,0,0,0,0,0,0,,,0,0,0,0,0,0,0,0,0,0,0,0,,,,0,0,0,0,0,0,0,,0,0,0,0,,0,0,,0,0,0,0,0,0,0,0,0,0,0.0,0.0
00-0037086,G.Calcaterra,Grant Calcaterra,TE,TE,"https://static.www.nfl.com/image/upload/f_auto,q_auto/league/xzfqqlmavruytirlmg3n",2023,REG,PHI,3,0,0,0,0,0,0,0,0,0,0,0,0,,,0,,0,0,0,0,0,0,0,0,0,0,,0,0,0,0,0,4,4,39,0,0,0,7,32,3,3.082500660791993,0,2,0,0,0,5.571428571428571,0.007619047619047619,0.001445086705202312,0.012440132122213047,0,0,0,2,0,0,0,0.0,0.0,0,0,0,0,0,0,0,0,0,0,0,0,0,0,0,0,0,0,0,0,0,0,0,0,0,0,0,0,,,0,0,0,0,0,0,0,0,0,0,0,0,,,,0,0,0,0,0,0,0,,0,0,0,0,,0,0,,0,0,0,0,0,0,0,0,0,0,3.9000000000000004,7.9
00-0037089,J.Carter,Ja'Tyre Carter,G,OL,"https://static.www.nfl.com/image/upload/f_auto,q_auto/league/cxsihmay85rgzyckkfxw",2023,REG,CHI,1,0,0,0,0,0,0,0,0,0,0,0,0,,,0,,0,0,0,0,0,0,0,0,0,0,,0,0,0,0,0,0,0,0,0,0,0,0,0,0,,0,0,0,0,0,,0.0,0.0,0.0,0,0,0,0,0,0,0,0.0,0.0,0,0,0,0,0,0,0,0,0,0,0,0,0,1,5,0,0,0,0,0,0,0,0,0,0,0,0,0,,,0,0,0,0,0,0,0,0,0,0,0,0,,,,0,0,0,0,0,0,0,,0,0,0,0,,0,0,,0,0,0,0,0,0,0,0,0,0,0.0,0.0
00-0037090,T.Carpenter,Tariq Carpenter,SAF,DB,"https://static.www.nfl.com/image/private/f_auto,q_auto/league/haxai0dhieaxqgxngxmz",2023,REG,PIT,2,0,0,0,0,0,0,0,0,0,0,0,0,,,0,,0,0,0,0,0,0,0,0,0,0,,0,0,0,0,0,0,0,0,0,0,0,0,0,0,,0,0,0,0,0,,0.0,0.0,0.0,0,1,0,1,0,0,0,0.0,0.0,0,0,0,0,0,0,0,0,0,0,0,0,0,1,10,0,0,0,0,0,0,0,0,0,0,0,0,0,,,0,0,0,0,0,0,0,0,0,0,0,0,,,,0,0,0,0,0,0,0,,0,0,0,0,,0,0,,0,0,0,0,0,0,0,0,0,0,0.0,0.0
00-0037091,B.Melton,Bo Melton,CB,DB,"https://static.www.nfl.com/image/upload/f_auto,q_auto/league/yt6xe5fxszt0byq1uszm",2023,REG,GB,4,0,0,0,0,0,0,0,0,0,0,0,0,,,0,,0,0,0,0,3,21,0,0,0,2,1.3748903480591252,0,1,1,0,0,16,24,218,1,0,0,267,37,13,8.540199223249303,0,10,5,3,0,0.8164794007490637,0.0427807486631016,0.054048582995951416,0.10200513109181839,0,1,0,0,0,0,0,0.0,0.0,0,0,0,0,0,0,0,0,0,0,0,0,0,0,0,0,0,0,0,0,0,0,0,0,0,0,0,0,,,0,0,0,0,0,0,0,0,0,0,0,0,,,,0,0,0,0,0,0,0,,0,0,0,0,,0,0,,0,0,0,0,0,0,0,0,0,0,29.900000000000002,45.900000000000006
00-0037092,C.Paul,Chris Paul,G,OL,"https://static.www.nfl.com/image/upload/f_auto,q_auto/league/mr885ffyaer4nyo820dq",2023,REG,WAS,1,0,0,0,0,0,0,0,0,0,0,0,0,,,0,,0,0,0,0,0,0,0,0,0,0,,0,0,0,0,0,0,0,0,0,0,0,0,0,0,,0,0,0,0,0,,0.0,0.0,0.0,0,0,0,0,0,0,0,0.0,0.0,0,0,0,0,0,0,0,0,0,0,0,0,0,1,5,0,0,0,0,0,0,0,0,0,0,0,0,0,,,0,0,0,0,0,0,0,0,0,0,0,0,,,,0,0,0,0,0,0,0,,0,0,0,0,,0,0,,0,0,0,0,0,0,0,0,0,0,0.0,0.0
00-0037093,D.Young,Dareke Young,WR,WR,"https://static.www.nfl.com/image/upload/f_auto,q_auto/league/umjr6zhpksws2vpfo0qe",2023,REG,SEA,1,0,0,0,0,0,0,0,0,0,0,0,0,,,0,,0,0,0,0,0,0,0,0,0,0,,0,0,0,0,0,0,0,0,0,0,0,0,0,0,,0,0,0,0,0,,0.0,0.0,0.0,0,0,0,1,0,0,0,0.0,0.0,0,0,0,0,0,0,0,0,0,0,0,0,0,0,0,0,0,0,0,0,0,0,0,0,0,0,0,0,,,0,0,0,0,0,0,0,0,0,0,0,0,,,,0,0,0,0,0,0,0,,0,0,0,0,,0,0,,0,0,0,0,0,0,0,0,0,0,0.0,0.0
00-0037095,C.Holmes,Christian Holmes,CB,DB,"https://static.www.nfl.com/image/upload/f_auto,q_auto/league/fllrp6z0frnaxrydis0e",2023,REG,WAS,8,0,0,0,0,0,0,0,0,0,0,0,0,,,0,,0,0,0,0,0,0,0,0,0,0,,0,0,0,0,0,0,0,0,0,0,0,0,0,0,,0,0,0,0,0,,0.0,0.0,0.0,0,3,0,5,0,0,0,0.0,0.0,0,0,0,1,0,0,0,0,0,0,0,0,0,5,30,0,0,0,0,0,0,0,0,0,0,0,0,0,,,0,0,0,0,0,0,0,0,0,0,0,0,,,,0,0,0,0,0,0,0,,0,0,0,0,,0,0,,0,0,0,0,0,0,0,0,0,0,0.0,0.0
00-0037096,E.Hicks,Elijah Hicks,SAF,DB,"https://static.www.nfl.com/image/upload/f_auto,q_auto/league/uxf5ugo9enwnd8vyxwyv",2023,REG,CHI,10,0,0,0,0,0,0,0,0,0,0,0,0,,,0,,0,0,0,0,0,0,0,0,0,0,,0,0,0,0,0,0,0,0,0,0,0,0,0,0,,0,0,0,0,0,,0.0,0.0,0.0,0,17,3,15,0,0,0,0.0,0.0,0,0,0,1,0,0,0,0,0,0,0,0,0,0,0,0,0,0,0,0,0,0,0,0,0,0,0,0,,,0,0,0,0,0,0,0,0,0,0,0,0,,,,0,0,0,0,0,0,0,,0,0,0,0,,0,0,,0,0,0,0,0,0,0,0,0,0,0.0,0.0
00-0037097,T.Gill,Trenton Gill,P,SPEC,"https://static.www.nfl.com/image/upload/f_auto,q_auto/league/qtiapxqfyetzyf3ndpts",2023,REG,CHI,17,0,0,0,0,0,0,0,0,0,0,0,0,,,0,,0,0,0,0,0,0,0,0,0,0,,0,0,0,0,0,0,0,0,0,0,0,0,0,0,,0,0,0,0,0,,0.0,0.0,0.0,0,1,0,0,0,0,0,0.0,0.0,0,0,0,0,0,0,0,0,0,0,0,0,0,0,0,0,0,0,0,0,0,0,0,0,0,0,0,0,,,0,0,0,0,0,0,0,0,0,0,0,0,,,,0,0,0,0,0,0,0,,0,0,0,0,,67,0,76,3088,18,6,10,8,13,30,381,1,2547,0.0,0.0
00-0037098,S.Toure,Samori Toure,WR,WR,"https://static.www.nfl.com/image/upload/f_auto,q_auto/league/k6s7xiugz2wgqjc7zsny",2023,REG,GB,8,0,0,0,0,0,0,0,0,0,0,0,0,,,0,,0,0,0,0,0,0,0,0,0,0,,0,0,0,0,0,8,18,78,0,0,0,316,18,4,-2.534043906098644,1,3,3,1,0,0.2468354430379747,0.03208556149732621,0.06396761133603239,0.09290567018121199,0,1,0,0,0,0,0,0.0,0.0,0,0,0,0,0,1,0,0,0,0,0,0,0,1,5,0,1,0,1,1,1,0,0,0,0,0,0,0,,,0,0,0,0,0,0,0,0,0,0,0,0,,,,0,0,0,0,0,0,0,,0,0,0,0,,0,0,,0,0,0,0,0,0,0,0,0,0,9.8,17.8
00-0037106,Ja.Jones,Jaylon Jones,DB,DB,"https://static.www.nfl.com/image/upload/f_auto,q_auto/league/xzmtw9ip1b8psz4u9nd0",2023,REG,CHI,9,0,0,0,0,0,0,0,0,0,0,0,0,,,0,,0,0,0,0,0,0,0,0,0,0,,0,0,0,0,0,0,0,0,0,0,0,0,0,0,,0,0,0,0,0,,0.0,0.0,0.0,0,16,2,5,1,2,0,0.0,0.0,1,0,0,0,0,0,0,0,0,0,0,0,0,3,26,0,0,0,0,0,0,0,0,0,0,0,0,0,,,0,0,0,0,0,0,0,0,0,0,0,0,,,,0,0,0,0,0,0,0,,0,0,0,0,,0,0,,0,0,0,0,0,0,0,0,0,0,0.0,0.0
00-0037109,J.Sanborn,Jack Sanborn,LB,LB,"https://static.www.nfl.com/image/upload/f_auto,q_auto/league/zlvowg4wze6yjwccibk2",2023,REG,CHI,16,0,0,0,0,0,0,0,0,0,0,0,0,,,0,,0,0,0,0,0,0,0,0,0,0,,0,0,0,0,0,0,0,0,0,0,0,0,0,0,,0,0,0,0,0,,0.0,0.0,0.0,0,32,11,22,4,12,0,1.0,5.0,1,1,42,2,0,0,0,0,0,0,0,0,0,1,15,0,0,0,0,0,0,0,0,0,0,0,0,0,,,0,0,0,0,0,0,0,0,0,0,0,0,,,,0,0,0,0,0,0,0,,0,0,0,0,,0,0,,0,0,0,0,0,0,0,0,0,0,0.0,0.0
00-0037120,T.Goodson,Tyler Goodson,RB,RB,"https://static.www.nfl.com/image/upload/f_auto,q_auto/league/fvuevf0apxtfjwdj7l0e",2023,REG,IND,6,0,0,0,0,0,0,0,0,0,0,0,0,,,0,,0,0,0,0,13,87,0,0,0,4,-2.6857279091742456,0,3,2,1,0,6,9,34,0,0,0,-4,51,1,-4.947708221821813,0,1,0,0,0,-8.5,0.016483516483516484,-0.0009400705052878966,0.0240672253715732,0,0,0,0,0,0,0,0.0,0.0,0,0,0,0,0,0,0,0,0,0,0,0,0,0,0,0,0,0,0,0,0,0,0,0,0,0,0,0,,,0,0,0,0,0,0,0,0,0,0,0,0,,,,0,0,0,0,0,0,0,,0,0,0,0,,0,0,,0,0,0,0,0,0,0,0,0,0,12.100000000000001,18.1
00-0037129,J.Blackwell,Josh Blackwell,CB,DB,"https://static.www.nfl.com/image/upload/f_auto,q_auto/league/cigs4edcf8auxzzv5klc",2023,REG,CHI,7,0,0,0,0,0,0,0,0,0,0,0,0,,,0,,0,0,0,0,0,0,0,0,0,0,,0,0,0,0,0,0,0,0,0,0,0,0,0,0,,0,0,0,0,0,,0.0,0.0,0.0,0,5,1,2,0,0,1,0.0,0.0,0,0,0,0,0,0,0,0,0,0,0,0,0,1,9,0,0,0,0,0,0,0,0,0,0,0,0,0,,,0,0,0,0,0,0,0,0,0,0,0,0,,,,0,0,0,0,0,0,0,,0,0,0,0,,0,0,,0,0,0,0,0,0,0,0,0,0,0.0,0.0
00-0037130,R.Blankenship,Reed Blankenship,SAF,DB,"https://static.www.nfl.com/image/upload/f_auto,q_auto/league/fot7g8gs7nv4ecavlisf",2023,REG,PHI,15,0,0,0,0,0,0,0,0,0,0,0,0,,,0,,0,0,0,0,0,0,0,0,0,0,,0,0,0,0,0,0,0,0,0,0,0,0,0,0,,0,0,0,0,0,,0.0,0.0,0.0,0,76,3,34,2,3,0,0.0,0.0,1,3,17,11,0,0,0,0,0,0,1,0,0,1,15,0,0,0,0,0,0,0,0,0,0,0,0,0,,,0,0,0,0,0,0,0,0,0,0,0,0,,,,0,0,0,0,0,0,0,,0,0,0,0,,0,0,,0,0,0,0,0,0,0,0,0,0,0.0,0.0
00-0037132,B.Covey,Britain Covey,WR,WR,"https://static.www.nfl.com/image/upload/f_auto,q_auto/league/ccxa0mqgouhyluizjbwt",2023,REG,PHI,15,0,0,0,0,0,0,0,0,0,0,0,0,,,0,,0,0,0,0,0,0,0,0,0,0,,0,0,0,0,0,4,6,42,0,0,0,52,26,2,0.5605941915431587,0,1,1,1,0,0.8076923076923077,0.011428571428571429,0.010734929810074319,0.024657308009909167,0,0,0,0,0,0,0,0.0,0.0,0,0,0,0,0,2,0,0,1,0,0,0,0,0,0,1,1,0,2,0,29,417,1,30,0,0,0,0,,,0,0,0,0,0,0,0,0,0,0,0,0,,,,0,0,0,0,0,0,0,,0,0,0,0,,0,0,,0,0,0,0,0,0,0,0,0,0,4.2,8.2
00-0037136,M.Goodrich,Mario Goodrich,CB,DB,"https://static.www.nfl.com/image/upload/f_auto,q_auto/league/uap7tsrlmrnvb8ptf02n",2023,REG,PHI,2,0,0,0,0,0,0,0,0,0,0,0,0,,,0,,0,0,0,0,0,0,0,0,0,0,,0,0,0,0,0,0,0,0,0,0,0,0,0,0,,0,0,0,0,0,,0.0,0.0,0.0,0,3,0,2,0,0,0,0.0,0.0,0,0,0,0,0,0,0,0,0,0,0,0,0,0,0,0,0,0,0,0,0,0,0,0,0,0,0,0,,,0,0,0,0,0,0,0,0,0,0,0,0,,,,0,0,0,0,0,0,0,,0,0,0,0,,0,0,,0,0,0,0,0,0,0,0,0,0,0.0,0.0
00-0037137,J.Jobe,Josh Jobe,CB,DB,"https://static.www.nfl.com/image/upload/f_auto,q_auto/league/tfksoqwgf4axolfjv6zi",2023,REG,PHI,11,0,0,0,0,0,0,0,0,0,0,0,0,,,0,,0,0,0,0,0,0,0,0,0,0,,0,0,0,0,0,0,0,0,0,0,0,0,0,0,,0,0,0,0,0,,0.0,0.0,0.0,0,20,0,2,0,0,1,0.0,0.0,0,0,0,4,0,0,0,0,0,0,0,0,0,5,65,0,0,0,0,0,0,0,0,0,0,0,0,0,,,0,0,0,0,0,0,0,0,0,0,0,0,,,,0,0,0,0,0,0,0,,0,0,0,0,,0,0,,0,0,0,0,0,0,0,0,0,0,0.0,0.0
00-0037141,J.Blount,Joey Blount,SAF,DB,"https://static.www.nfl.com/image/upload/f_auto,q_auto/league/hij1v5bnlk5wecmnefkd",2023,REG,ARI,6,0,0,0,0,0,0,0,0,0,0,0,0,,,0,,0,0,0,0,0,0,0,0,0,0,,0,0,0,0,0,0,0,0,0,0,0,0,0,0,,0,0,0,0,0,,0.0,0.0,0.0,0,2,1,4,0,0,2,0.0,0.0,0,1,0,1,0,0,0,0,0,0,0,0,0,1,5,0,0,0,0,0,0,0,0,0,0,0,0,0,,,0,0,0,0,0,0,0,0,0,0,0,0,,,,0,0,0,0,0,0,0,,0,0,0,0,,0,0,,0,0,0,0,0,0,0,0,0,0,0.0,0.0
00-0037155,T.Adams,Tony Adams,SAF,DB,"https://static.www.nfl.com/image/upload/f_auto,q_auto/league/lajc14lel9fjm8p6flnc",2023,REG,NYJ,15,0,0,0,0,0,0,0,0,0,0,0,0,,,0,,0,0,0,0,0,0,0,0,0,0,,0,0,0,0,0,0,0,0,0,0,0,0,0,0,,0,0,0,0,0,,0.0,0.0,0.0,0,42,12,28,4,5,0,0.0,0.0,0,3,50,5,0,0,0,0,0,0,0,0,0,2,22,0,0,0,0,0,0,0,0,0,0,0,0,0,,,0,0,0,0,0,0,0,0,0,0,0,0,,,,0,0,0,0,0,0,0,,0,0,0,0,,0,0,,0,0,0,0,0,0,0,0,0,0,0.0,0.0
00-0037156,I.Charles,Irvin Charles,WR,WR,"https://static.www.nfl.com/image/upload/f_auto,q_auto/league/heeyyjyf5prqas5tmwvk",2023,REG,NYJ,6,0,0,0,0,0,0,0,0,0,0,0,0,,,0,,0,0,0,0,0,0,0,0,0,0,,0,0,0,0,0,0,1,0,0,0,0,4,0,0,-1.5179237490519881,0,0,0,0,0,0.0,0.0017761989342806395,0.001,0.0033642984014209593,0,6,0,1,0,0,0,0.0,0.0,0,0,0,0,0,0,0,0,0,0,0,0,0,1,5,0,0,0,0,0,0,0,0,0,0,0,0,0,,,0,0,0,0,0,0,0,0,0,0,0,0,,,,0,0,0,0,0,0,0,,0,0,0,0,,0,0,,0,0,0,0,0,0,0,0,0,0,0.0,0.0
00-0037157,Z.Knight,Bam Knight,RB,RB,"https://static.www.nfl.com/image/upload/f_auto,q_auto/league/mjxnlzlnnwlfqayeybut",2023,REG,DET,2,0,0,0,0,0,0,0,0,0,0,0,0,,,0,,0,0,0,0,3,13,0,0,0,0,-0.20531910238787532,0,0,0,0,0,1,1,8,0,0,0,-5,13,0,0.6098271292867139,0,0,0,0,0,-1.6,0.0017421602787456446,-0.0012236906510034262,0.0017566569624160688,0,0,0,0,0,0,0,0.0,0.0,0,0,0,0,0,0,0,0,0,0,0,0,0,0,0,0,0,0,0,0,0,0,1,22,0,0,0,0,,,0,0,0,0,0,0,0,0,0,0,0,0,,,,0,0,0,0,0,0,0,,0,0,0,0,,0,0,,0,0,0,0,0,0,0,0,0,0,2.1,3.1
00-0037179,J.Moon,Jeremiah Moon,LB,LB,"https://static.www.nfl.com/image/upload/f_auto,q_auto/league/x2he3hockgnqfmxlxctw",2023,REG,BAL,5,0,0,0,0,0,0,0,0,0,0,0,0,,,0,,0,0,0,0,0,0,0,0,0,0,,0,0,0,0,0,0,0,0,0,0,0,0,0,0,,0,0,0,0,0,,0.0,0.0,0.0,0,4,2,6,0,0,2,0.0,0.0,0,0,0,0,0,0,0,0,0,0,0,0,0,0,0,0,0,0,0,0,0,0,0,0,0,0,0,0,,,0,0,0,0,0,0,0,0,0,0,0,0,,,,0,0,0,0,0,0,0,,0,0,0,0,,0,0,,0,0,0,0,0,0,0,0,0,0,0.0,0.0
00-0037190,A.Gardner,Sauce Gardner,CB,DB,"https://static.www.nfl.com/image/upload/f_auto,q_auto/league/tzp7ta7zvziaahtuxhlc",2023,REG,NYJ,16,0,0,0,0,0,0,0,0,0,0,0,0,,,0,,0,0,0,0,0,0,0,0,0,0,,0,0,0,0,0,0,0,0,0,0,0,0,0,0,,0,0,0,0,0,,0.0,0.0,0.0,0,39,2,16,2,3,1,0.0,0.0,0,0,0,12,0,0,0,0,0,0,0,0,0,5,50,0,0,0,0,0,0,0,0,0,0,0,0,0,,,0,0,0,0,0,0,0,0,0,0,0,0,,,,0,0,0,0,0,0,0,,0,0,0,0,,0,0,,0,0,0,0,0,0,0,0,0,0,0.0,0.0
00-0037191,T.McDuffie,Trent McDuffie,CB,DB,"https://static.www.nfl.com/image/upload/f_auto,q_auto/league/nkb7xmyxy4uxe4qhablh",2023,REG,KC,16,0,0,0,0,0,0,0,0,0,0,0,0,,,0,,0,0,0,0,0,0,0,0,0,0,,0,0,0,0,0,0,0,0,0,0,0,0,0,0,,0,0,0,0,0,,0.0,0.0,0.0,0,56,4,20,2,15,5,3.0,24.0,9,0,0,7,0,0,0,0,0,0,0,0,0,1,11,0,0,0,0,0,0,0,0,0,0,0,0,0,,,0,0,0,0,0,0,0,0,0,0,0,0,,,,0,0,0,0,0,0,0,,0,0,0,0,,0,0,,0,0,0,0,0,0,0,0,0,0,0.0,0.0
00-0037192,G.Karlaftis,George Karlaftis,DE,DL,"https://static.www.nfl.com/image/upload/f_auto,q_auto/league/hxs6hihwuusxydnr8skh",2023,REG,KC,16,0,0,0,0,0,0,0,0,0,0,0,0,,,0,,0,0,0,0,0,0,0,0,0,0,,0,0,0,0,0,0,0,0,0,0,0,0,0,0,,0,0,0,0,0,,0.0,0.0,0.0,0,28,1,18,7,50,1,10.5,55.5,17,0,0,3,0,0,0,0,0,0,0,0,0,0,0,0,0,0,0,0,0,0,0,0,0,0,0,0,,,0,0,0,0,0,0,0,0,0,0,0,0,,,,0,0,0,0,0,0,0,,0,0,0,0,,0,0,,0,0,0,0,0,0,0,0,0,0,0.0,0.0
00-0037193,B.Cook,Bryan Cook,SAF,DB,"https://static.www.nfl.com/image/upload/f_auto,q_auto/league/ge8j9sel1xacfl2plnol",2023,REG,KC,12,0,0,0,0,0,0,0,0,0,0,0,0,,,0,,0,0,0,0,0,0,0,0,0,0,,0,0,0,0,0,0,0,0,0,0,0,0,0,0,,0,0,0,0,0,,0.0,0.0,0.0,0,22,4,16,0,0,0,0.0,0.0,0,1,9,2,0,0,0,0,0,0,2,59,1,1,4,0,0,0,0,0,0,0,0,0,0,0,0,0,,,0,0,0,0,0,0,0,0,0,0,0,0,,,,0,0,0,0,0,0,0,,0,0,0,0,,0,0,,0,0,0,0,0,0,0,0,0,0,0.0,0.0
00-0037195,Ja.Watson,Jaylen Watson,CB,DB,"https://static.www.nfl.com/image/upload/f_auto,q_auto/league/vxmoq9pwno4z14gldecd",2023,REG,KC,14,0,0,0,0,0,0,0,0,0,0,0,0,,,0,,0,0,0,0,0,0,0,0,0,0,,0,0,0,0,0,0,0,0,0,0,0,0,0,0,,0,0,0,0,0,,0.0,0.0,0.0,0,28,0,5,2,17,0,2.0,17.0,2,0,0,6,0,0,0,0,0,0,0,0,0,3,55,0,0,0,0,0,0,0,0,0,0,0,0,0,,,0,0,0,0,0,0,0,0,0,0,0,0,,,,0,0,0,0,0,0,0,,0,0,0,0,,0,0,,0,0,0,0,0,0,0,0,0,0,0.0,0.0
00-0037196,R.Walker,Rasheed Walker,OT,OL,"https://static.www.nfl.com/image/upload/f_auto,q_auto/league/txizso7r4uhuocg4uhks",2023,REG,GB,6,0,0,0,0,0,0,0,0,0,0,0,0,,,0,,0,0,0,0,0,0,0,0,0,0,,0,0,0,0,0,0,0,0,0,0,0,0,0,0,,0,0,0,0,0,,0.0,0.0,0.0,0,1,0,0,0,0,0,0.0,0.0,0,0,0,0,0,0,0,0,0,0,0,0,0,6,34,0,0,0,0,0,0,0,0,0,0,0,0,0,,,0,0,0,0,0,0,0,0,0,0,0,0,,,,0,0,0,0,0,0,0,,0,0,0,0,,0,0,,0,0,0,0,0,0,0,0,0,0,0.0,0.0
00-0037197,I.Pacheco,Isiah Pacheco,RB,RB,"https://static.www.nfl.com/image/upload/f_auto,q_auto/league/tqshteijt4xhgk2ei9sx",2023,REG,KC,14,0,0,0,0,0,0,0,0,0,0,0,0,,,0,,0,0,0,0,205,935,7,1,1,53,-4.714482465831563,0,20,15,6,1,44,49,244,2,0,0,-113,359,12,1.8219697501959664,0,8,2,2,0,-2.15929203539823,0.08180300500834725,-0.027594627594627594,0.10338826819628157,0,0,0,0,0,0,0,0.0,0.0,0,0,0,0,0,0,0,0,0,-5,0,0,0,1,15,0,1,0,1,1,0,0,0,0,0,0,0,0,,,0,0,0,0,0,0,0,0,0,0,0,0,,,,0,0,0,0,0,0,0,,0,0,0,0,,0,0,,0,0,0,0,0,0,0,0,0,0,169.9,213.9
00-0037203,L.Ray,LaBryan Ray,DT,DL,"https://static.www.nfl.com/image/upload/f_auto,q_auto/league/sa3cqqnsfpbh8hbn6ga3",2023,REG,CAR,11,0,0,0,0,0,0,0,0,0,0,0,0,,,0,,0,0,0,0,0,0,0,0,0,0,,0,0,0,0,0,0,0,0,0,0,0,0,0,0,,0,0,0,0,0,,0.0,0.0,0.0,0,6,1,12,0,0,0,0.0,0.0,0,0,0,0,0,0,0,0,0,0,0,0,0,0,0,0,0,0,0,0,0,0,0,0,0,0,0,0,,,0,0,0,0,0,0,0,0,0,0,0,0,,,,0,0,0,0,0,0,0,,0,0,0,0,,0,0,,0,0,0,0,0,0,0,0,0,0,0.0,0.0
00-0037205,B.Schooler,Brenden Schooler,SAF,DB,"https://static.www.nfl.com/image/upload/f_auto,q_auto/league/lawgvaccr2r2susesv1g",2023,REG,NE,11,0,0,0,0,0,0,0,0,0,0,0,0,,,0,,0,0,0,0,0,0,0,0,0,0,,0,0,0,0,0,0,0,0,0,0,0,0,0,0,,0,0,0,0,0,,0.0,0.0,0.0,0,11,0,2,0,0,0,0.0,0.0,0,0,0,0,0,0,0,0,1,0,1,0,0,5,45,0,0,0,0,0,0,0,0,0,0,0,0,0,,,0,0,0,0,0,0,0,0,0,0,0,0,,,,0,0,0,0,0,0,0,,0,0,0,0,,0,0,,0,0,0,0,0,0,0,0,0,0,0.0,0.0
00-0037208,J.Cochrane,Jack Cochrane,LB,LB,"https://static.www.nfl.com/image/upload/f_auto,q_auto/league/oh1dnddhxhzozoatq0z9",2023,REG,KC,9,0,0,0,0,0,0,0,0,0,0,0,0,,,0,,0,0,0,0,0,0,0,0,0,0,,0,0,0,0,0,0,0,0,0,0,0,0,0,0,,0,0,0,0,0,,0.0,0.0,0.0,0,16,5,7,0,0,0,0.0,0.0,0,0,0,1,0,0,0,0,0,0,0,0,0,1,10,0,0,0,0,0,0,0,0,0,0,0,0,0,,,0,0,0,0,0,0,0,0,0,0,0,0,,,,0,0,0,0,0,0,0,,0,0,0,0,,0,0,,0,0,0,0,0,0,0,0,0,0,0.0,0.0
00-0037216,J.Ross,Justyn Ross,WR,WR,"https://static.www.nfl.com/image/private/f_auto,q_auto/league/sdhlpsccscg6u97qy3ef",2023,REG,KC,6,0,0,0,0,0,0,0,0,0,0,0,0,,,0,,0,0,0,0,0,0,0,0,0,0,,0,0,0,0,0,6,11,53,0,0,0,117,15,2,1.1094381852308288,0,2,1,1,0,0.452991452991453,0.018363939899833055,0.02857142857142857,0.04754590984974958,0,0,0,0,0,0,0,0.0,0.0,0,0,0,0,0,0,0,0,0,0,0,0,0,1,10,0,0,0,0,0,0,0,0,0,0,0,0,0,,,0,0,0,0,0,0,0,0,0,0,0,0,,,,0,0,0,0,0,0,0,,0,0,0,0,,0,0,,0,0,0,0,0,0,0,0,0,0,5.300000000000001,11.3
00-0037224,C.Dicker,Cameron Dicker,K,SPEC,"https://static.www.nfl.com/image/upload/f_auto,q_auto/league/vd4nd1hoax82j7fi2bx0",2023,REG,LAC,17,0,0,0,0,0,0,0,0,0,0,0,0,,,0,,0,0,0,0,0,0,0,0,0,0,,0,0,0,0,0,0,0,0,0,0,0,0,0,0,,0,0,0,0,0,,0.0,0.0,0.0,0,1,0,0,0,0,0,0.0,0.0,0,0,0,0,0,0,0,0,0,0,0,0,0,0,0,0,0,0,0,0,0,0,0,0,31,33,1,1,55,0.9393939393939394,0,7,8,9,7,0,0,0,0,0,1,0,50;25;27;30;33;33;24;55;43;53;46;55;38;48;25;26;39;38;38;20;40;47;45;53;36;50;52;49;40;43;20,53,50,1221,53,50,35,35,0,0,1.0,0,0,0,0,,0,0,,0,0,0,0,0,0,0,0,0,0,0.0,0.0
00-0037225,C.Glaser,Chris Glaser,G,OL,"https://static.www.nfl.com/image/upload/f_auto,q_auto/league/hnfgak3qdpzhlmqac8sy",2023,REG,NYJ,3,0,0,0,0,0,0,0,0,0,0,0,0,,,0,,0,0,0,0,0,0,0,0,0,0,,0,0,0,0,0,0,0,0,0,0,0,0,0,0,,0,0,0,0,0,,0.0,0.0,0.0,0,0,0,0,0,0,0,0.0,0.0,0,0,0,0,0,0,0,0,0,-12,0,0,0,2,10,0,1,0,1,0,0,0,0,0,0,0,0,0,,,0,0,0,0,0,0,0,0,0,0,0,0,,,,0,0,0,0,0,0,0,,0,0,0,0,,0,0,,0,0,0,0,0,0,0,0,0,0,0.0,0.0
00-0037228,J.Warren,Jaylen Warren,RB,RB,"https://static.www.nfl.com/image/upload/f_auto,q_auto/league/f3txbqdarbabqtq4sx98",2023,REG,PIT,17,0,0,0,0,0,0,0,0,0,0,0,0,,,0,,0,0,0,0,149,784,4,3,1,36,-4.028853708770196,0,24,17,6,1,61,74,370,0,1,1,-115,482,19,-13.432633325170398,0,14,4,2,0,-3.217391304347826,0.15289256198347106,-0.03038309114927345,0.20807067917071517,0,0,0,0,0,0,0,0.0,0.0,0,0,0,0,0,0,0,0,0,0,0,0,0,0,0,4,0,0,4,2,0,0,0,0,0,0,0,0,,,0,0,0,0,0,0,0,0,0,0,0,0,,,,0,0,0,0,0,0,0,,0,0,0,0,,0,0,,0,0,0,0,0,0,0,0,0,0,135.4,196.4
00-0037229,I.Ekwonu,Ikem Ekwonu,OT,OL,"https://static.www.nfl.com/image/upload/f_auto,q_auto/league/fcta66ia7jfaml7vssru",2023,REG,CAR,8,0,0,0,0,0,0,0,0,0,0,0,0,,,0,,0,0,0,0,0,0,0,0,0,0,,0,0,0,0,0,0,0,0,0,0,0,0,0,0,,0,0,0,0,0,,0.0,0.0,0.0,0,1,0,1,0,0,0,0.0,0.0,0,0,0,0,0,0,0,0,0,0,0,0,0,10,54,0,0,0,0,0,0,0,0,0,0,0,0,0,,,0,0,0,0,0,0,0,0,0,0,0,0,,,,0,0,0,0,0,0,0,,0,0,0,0,,0,0,,0,0,0,0,0,0,0,0,0,0,0.0,0.0
00-0037235,T.Walker,Travon Walker,DE,DL,"https://static.www.nfl.com/image/upload/f_auto,q_auto/league/dg4shgrhcxlmhrdaifiu",2023,REG,JAX,17,0,0,0,0,0,0,0,0,0,0,0,0,,,0,,0,0,0,0,0,0,0,0,0,0,,0,0,0,0,0,0,0,0,0,0,0,0,0,0,,0,0,0,0,0,,0.0,0.0,0.0,0,21,6,25,10,69,0,10.0,77.5,19,0,0,2,0,0,0,0,0,0,1,0,0,4,20,0,0,0,0,0,0,0,0,0,0,0,0,0,,,0,0,0,0,0,0,0,0,0,0,0,0,,,,0,0,0,0,0,0,0,,0,0,0,0,,0,0,,0,0,0,0,0,0,0,0,0,0,0.0,0.0
00-0037236,A.Hutchinson,Aidan Hutchinson,DE,DL,"https://static.www.nfl.com/image/upload/f_auto,q_auto/league/mnv2cpjveex9rtrkkaly",2023,REG,DET,17,0,0,0,0,0,0,0,0,0,0,0,0,,,0,,0,0,0,0,0,0,0,0,0,0,,0,0,0,0,0,0,0,0,0,0,0,0,0,0,,0,0,0,0,0,,0.0,0.0,0.0,0,32,4,15,12,76,3,11.5,98.5,33,1,6,7,0,0,0,0,0,0,2,0,0,2,15,0,0,0,0,0,0,0,0,0,0,0,0,0,,,0,0,0,0,0,0,0,0,0,0,0,0,,,,0,0,0,0,0,0,0,,0,0,0,0,,0,0,,0,0,0,0,0,0,0,0,0,0,0.0,0.0
00-0037237,D.Stingley,Derek Stingley Jr.,CB,DB,"https://static.www.nfl.com/image/upload/f_auto,q_auto/league/wkzinciyrrmsqdlda8lj",2023,REG,HOU,10,0,0,0,0,0,0,0,0,0,0,0,0,,,0,,0,0,0,0,0,0,0,0,0,0,,0,0,0,0,0,0,0,0,0,0,0,0,0,0,,0,0,0,0,0,,0.0,0.0,0.0,0,26,2,11,0,0,0,0.0,0.0,0,5,17,13,0,0,0,0,0,0,0,0,0,1,17,0,0,0,0,0,0,0,0,0,0,0,0,0,,,0,0,0,0,0,0,0,0,0,0,0,0,,,,0,0,0,0,0,0,0,,0,0,0,0,,0,0,,0,0,0,0,0,0,0,0,0,0,0.0,0.0
00-0037238,D.London,Drake London,WR,WR,"https://static.www.nfl.com/image/upload/f_auto,q_auto/league/np91pvk7mczra1iyjkmo",2023,REG,ATL,16,1,1,22,0,0,0,0,0,0,12,10,1,1.8440146018983796,33.69406461715698,0,1.8333333333333333,1,1,1,0,0,0,0,0,0,0,,0,0,0,0,0,69,110,905,2,0,0,1264,188,45,11.86987583838163,1,38,23,17,1,0.7159810126582279,0.21653543307086615,0.2909090909090909,0.5284395132426628,0,3,0,0,0,0,0,0.0,0.0,0,0,0,0,0,0,0,0,0,0,0,0,0,1,5,0,0,0,0,0,0,0,0,0,0,0,0,0,,,0,0,0,0,0,0,0,0,0,0,0,0,,,,0,0,0,0,0,0,0,,0,0,0,0,,0,0,,0,0,0,0,0,0,0,0,0,0,105.38,174.38
00-0037239,C.Olave,Chris Olave,WR,WR,"https://static.www.nfl.com/image/upload/f_auto,q_auto/league/vrrmyvpvujynckag9jop",2023,REG,NO,16,0,0,0,0,0,0,0,0,0,0,0,0,,,0,,0,0,0,0,0,0,0,0,0,0,,0,0,0,0,0,87,138,1123,5,0,0,1834,347,57,43.398492794719395,1,45,22,16,3,0.6123227917121047,0.23834196891191708,0.3656299840510367,0.6134539422036014,0,1,0,0,0,0,0,0.0,0.0,0,0,0,0,0,0,0,0,0,0,0,0,0,2,10,0,0,0,0,0,0,0,0,0,0,0,0,0,,,0,0,0,0,0,0,0,0,0,0,0,0,,,,0,0,0,0,0,0,0,,0,0,0,0,,0,0,,0,0,0,0,0,0,0,0,0,0,144.3,231.3
00-0037240,J.Williams,Jameson Williams,WR,WR,"https://static.www.nfl.com/image/upload/f_auto,q_auto/league/gpjarmglg1jhwq5wr1uu",2023,REG,DET,12,0,0,0,0,0,0,0,0,0,0,0,0,,,0,,0,0,0,0,3,29,1,0,0,1,2.504309055279009,0,1,1,0,0,24,42,354,2,1,0,665,105,14,13.631020210159477,0,14,6,5,2,0.5323308270676692,0.07317073170731707,0.1627508565834557,0.22368169716939457,0,0,0,0,0,0,0,0.0,0.0,0,0,0,0,0,0,0,0,0,0,0,0,0,0,0,1,0,1,1,0,0,0,0,0,0,0,0,0,,,0,0,0,0,0,0,0,0,0,0,0,0,,,,0,0,0,0,0,0,0,,0,0,0,0,,0,0,,0,0,0,0,0,0,0,0,0,0,56.300000000000004,80.30000000000001
00-0037241,T.Penning,Trevor Penning,OT,OL,"https://static.www.nfl.com/image/upload/f_auto,q_auto/league/ph1yzzisvtcuhbjb4uct",2023,REG,NO,4,0,0,0,0,0,0,0,0,0,0,0,0,,,0,,0,0,0,0,0,0,0,0,0,0,,0,0,0,0,0,0,0,0,0,0,0,0,0,0,,0,0,0,0,0,,0.0,0.0,0.0,0,0,0,0,0,0,0,0.0,0.0,0,0,0,0,0,0,0,0,0,0,0,0,0,5,38,0,0,0,0,0,0,0,0,0,0,0,0,0,,,0,0,0,0,0,0,0,0,0,0,0,0,,,,0,0,0,0,0,0,0,,0,0,0,0,,0,0,,0,0,0,0,0,0,0,0,0,0,0.0,0.0
00-0037242,K.Elam,Kaiir Elam,CB,DB,"https://static.www.nfl.com/image/upload/f_auto,q_auto/league/ye7stldje2waxyyjukvw",2023,REG,BUF,2,0,0,0,0,0,0,0,0,0,0,0,0,,,0,,0,0,0,0,0,0,0,0,0,0,,0,0,0,0,0,0,0,0,0,0,0,0,0,0,,0,0,0,0,0,,0.0,0.0,0.0,0,9,1,4,0,0,0,0.0,0.0,0,0,0,0,0,0,0,0,0,0,0,0,0,1,9,0,0,0,0,0,0,0,0,0,0,0,0,0,,,0,0,0,0,0,0,0,0,0,0,0,0,,,,0,0,0,0,0,0,0,,0,0,0,0,,0,0,,0,0,0,0,0,0,0,0,0,0,0.0,0.0
00-0037243,Tyl.Smith,Tyler Smith,OT,OL,"https://static.www.nfl.com/image/upload/f_auto,q_auto/league/hem9gdkwxuowfcvomvfx",2023,REG,DAL,10,0,0,0,0,0,0,0,0,0,0,0,0,,,0,,0,0,0,0,0,0,0,0,0,0,,0,0,0,0,0,0,0,0,0,0,0,0,0,0,,0,0,0,0,0,,0.0,0.0,0.0,0,2,0,1,0,0,0,0.0,0.0,0,0,0,0,0,0,0,0,0,0,0,0,0,10,80,0,0,0,0,0,0,0,0,0,0,0,0,0,,,0,0,0,0,0,0,0,0,0,0,0,0,,,,0,0,0,0,0,0,0,,0,0,0,0,,0,0,,0,0,0,0,0,0,0,0,0,0,0.0,0.0
00-0037244,D.Lloyd,Devin Lloyd,LB,LB,"https://static.www.nfl.com/image/upload/f_auto,q_auto/league/f4iyy3k80fzfzsgavxon",2023,REG,JAX,15,0,0,0,0,0,0,0,0,0,0,0,0,,,0,,0,0,0,0,0,0,0,0,0,0,,0,0,0,0,0,0,0,0,0,0,0,0,0,0,,0,0,0,0,0,,0.0,0.0,0.0,0,58,17,52,2,3,0,0.0,0.0,1,0,0,7,0,0,0,0,0,0,2,13,0,3,34,0,0,0,0,0,0,0,0,0,0,0,0,0,,,0,0,0,0,0,0,0,0,0,0,0,0,,,,0,0,0,0,0,0,0,,0,0,0,0,,0,0,,0,0,0,0,0,0,0,0,0,0,0.0,0.0
00-0037245,L.Cine,Lewis Cine,SAF,DB,"https://static.www.nfl.com/image/upload/f_auto,q_auto/league/fexshg85k40kqtwvmuou",2023,REG,MIN,1,0,0,0,0,0,0,0,0,0,0,0,0,,,0,,0,0,0,0,0,0,0,0,0,0,,0,0,0,0,0,0,0,0,0,0,0,0,0,0,,0,0,0,0,0,,0.0,0.0,0.0,0,0,0,1,0,0,0,0.0,0.0,0,0,0,0,0,0,0,0,0,0,0,0,0,0,0,0,0,0,0,0,0,0,0,0,0,0,0,0,,,0,0,0,0,0,0,0,0,0,0,0,0,,,,0,0,0,0,0,0,0,,0,0,0,0,,0,0,,0,0,0,0,0,0,0,0,0,0,0.0,0.0
00-0037246,J.Pitre,Jalen Pitre,SAF,DB,"https://static.www.nfl.com/image/upload/f_auto,q_auto/league/nq8a3zanbbjoihquklor",2023,REG,HOU,14,0,0,0,0,0,0,0,0,0,0,0,0,,,0,,0,0,0,0,0,0,0,0,0,0,,0,0,0,0,0,0,0,0,0,0,0,0,0,0,,0,0,0,0,0,,0.0,0.0,0.0,0,43,15,26,5,19,1,0.0,0.0,2,0,0,5,0,0,0,0,0,0,1,22,0,2,9,0,0,0,0,0,0,0,0,0,0,0,0,0,,,0,0,0,0,0,0,0,0,0,0,0,0,,,,0,0,0,0,0,0,0,,0,0,0,0,,0,0,,0,0,0,0,0,0,0,0,0,0,0.0,0.0
00-0037247,G.Pickens,George Pickens,WR,WR,"https://static.www.nfl.com/image/upload/f_auto,q_auto/league/cbpyykoguf7rsxezqzvk",2023,REG,PIT,17,0,0,0,0,0,0,0,0,0,0,0,0,,,0,,0,0,0,0,3,18,0,0,0,2,0.7274276368552819,0,1,1,0,0,63,106,1140,5,3,0,1428,388,42,28.604735998749263,0,42,27,22,6,0.7983193277310925,0.2190082644628099,0.37727873183619554,0.5926075089795517,0,0,0,1,0,0,0,0.0,0.0,0,0,0,0,0,0,0,0,1,0,0,0,0,4,50,3,0,2,3,0,0,0,1,7,0,0,0,0,,,0,0,0,0,0,0,0,0,0,0,0,0,,,,0,0,0,0,0,0,0,,0,0,0,0,,0,0,,0,0,0,0,0,0,0,0,0,0,145.8,208.8
00-0037248,J.Cook,James Cook,RB,RB,"https://static.www.nfl.com/image/upload/f_auto,q_auto/league/anjbznqb9i21wzcgrtbs",2023,REG,BUF,17,0,0,0,0,0,0,0,0,0,0,0,0,,,0,,0,0,0,0,237,1122,2,3,1,53,-7.3022381060924015,0,33,22,6,1,44,54,445,4,1,1,137,398,16,16.36920554709684,0,14,9,7,1,3.2481751824817517,0.09908256880733946,0.027279968140183193,0.16771983090913742,0,1,0,0,0,0,0,0.0,0.0,0,0,0,0,0,0,0,0,1,0,0,0,0,0,0,4,0,0,4,2,0,0,0,0,0,0,0,0,,,0,0,0,0,0,0,0,0,0,0,0,0,,,,0,0,0,0,0,0,0,,0,0,0,0,,0,0,,0,0,0,0,0,0,0,0,0,0,188.70000000000002,232.70000000000002
00-0037249,N.Bonitto,Nik Bonitto,LB,LB,"https://static.www.nfl.com/image/upload/f_auto,q_auto/league/y1ptokk7b6jovbe2gtss",2023,REG,DEN,15,0,0,0,0,0,0,0,0,0,0,0,0,,,0,,0,0,0,0,0,0,0,0,0,0,,0,0,0,0,0,0,0,0,0,0,0,0,0,0,,0,0,0,0,0,,0.0,0.0,0.0,0,14,9,7,10,49,1,8.0,57.5,20,0,0,2,0,0,0,0,0,0,0,0,0,1,15,0,0,0,0,0,0,0,0,0,0,0,0,0,,,0,0,0,0,0,0,0,0,0,0,0,0,,,,0,0,0,0,0,0,0,,0,0,0,0,,0,0,,0,0,0,0,0,0,0,0,0,0,0.0,0.0
00-0037250,M.Emerson,Martin Emerson,CB,DB,"https://static.www.nfl.com/image/upload/f_auto,q_auto/league/va7yfx0xoniri3fuxr0u",2023,REG,CLE,16,0,0,0,0,0,0,0,0,0,0,0,0,,,0,,0,0,0,0,0,0,0,0,0,0,,0,0,0,0,0,0,0,0,0,0,0,0,0,0,,0,0,0,0,0,,0.0,0.0,0.0,0,42,3,14,0,0,0,0.0,0.0,0,4,25,14,0,0,0,0,0,0,0,0,0,10,110,0,0,0,0,0,0,0,0,0,0,0,0,0,,,0,0,0,0,0,0,0,0,0,0,0,0,,,,0,0,0,0,0,0,0,,0,0,0,0,,0,0,,0,0,0,0,0,0,0,0,0,0,0.0,0.0
00-0037251,A.Wright,Alex Wright,DE,DL,"https://static.www.nfl.com/image/upload/f_auto,q_auto/league/rwvd1sputd9x1dziyznz",2023,REG,CLE,13,0,0,0,0,0,0,0,0,0,0,0,0,,,0,,0,0,0,0,0,0,0,0,0,0,,0,0,0,0,0,0,0,0,0,0,0,0,0,0,,0,0,0,0,0,,0.0,0.0,0.0,0,12,4,9,4,24,2,5.0,38.0,5,0,0,2,0,0,0,0,0,0,1,0,0,4,18,0,0,0,0,0,0,0,0,0,0,0,0,0,,,0,0,0,0,0,0,0,0,0,0,0,0,,,,0,0,0,0,0,0,0,,0,0,0,0,,0,0,,0,0,0,0,0,0,0,0,0,0,0.0,0.0
00-0037252,G.Dulcich,Greg Dulcich,TE,TE,"https://static.www.nfl.com/image/upload/f_auto,q_auto/league/kirfnwuge3eam1s0ycne",2023,REG,DEN,2,0,0,0,0,0,0,0,0,0,0,0,0,,,0,,0,0,0,0,0,0,0,0,0,0,,0,0,0,0,0,3,4,25,0,0,0,23,5,2,-4.157561154861469,0,1,0,0,0,1.0869565217391304,0.008385744234800839,0.006126798082045818,0.016867375009633333,0,0,0,0,0,0,0,0.0,0.0,0,0,0,0,0,0,0,0,0,0,0,0,0,0,0,0,0,0,0,0,0,0,0,0,0,0,0,0,,,0,0,0,0,0,0,0,0,0,0,0,0,,,,0,0,0,0,0,0,0,,0,0,0,0,,0,0,,0,0,0,0,0,0,0,0,0,0,2.5,5.5
00-0037253,Ma.Jones,Marcus Jones,CB,DB,"https://static.www.nfl.com/image/upload/f_auto,q_auto/league/bwy0az1y2vgvirna4bye",2023,REG,NE,2,0,0,0,0,0,0,0,0,0,0,0,0,,,0,,0,0,0,0,0,0,0,0,0,0,,0,0,0,0,0,0,0,0,0,0,0,0,0,0,,0,0,0,0,0,,0.0,0.0,0.0,0,3,1,1,0,0,0,0.0,0.0,0,0,0,0,0,1,0,0,0,0,1,0,0,0,0,1,0,1,1,0,3,21,0,0,0,0,0,0,,,0,0,0,0,0,0,0,0,0,0,0,0,,,,0,0,0,0,0,0,0,,0,0,0,0,,0,0,,0,0,0,0,0,0,0,0,0,0,0.0,0.0
00-0037254,T.Bernard,Terrel Bernard,LB,LB,"https://static.www.nfl.com/image/upload/f_auto,q_auto/league/ryvz6uol9kymdgslc0rh",2023,REG,BUF,17,0,0,0,0,0,0,0,0,0,0,0,0,,,0,,0,0,0,0,0,0,0,0,0,0,,0,0,0,0,0,0,0,0,0,0,0,0,0,0,,0,0,0,0,0,,0.0,0.0,0.0,0,68,16,59,8,33,0,6.5,32.0,9,3,2,5,0,0,0,0,0,0,3,-1,0,3,18,0,0,0,0,0,0,0,0,0,0,0,0,0,,,0,0,0,0,0,0,0,0,0,0,0,0,,,,0,0,0,0,0,0,0,,0,0,0,0,,0,0,,0,0,0,0,0,0,0,0,0,0,0.0,0.0
00-0037255,D.Parham,Dylan Parham,G,OL,"https://static.www.nfl.com/image/upload/f_auto,q_auto/league/wcuxehe604u11ay7hbpm",2023,REG,LV,5,0,0,0,0,0,0,0,0,0,0,0,0,,,0,,0,0,0,0,0,0,0,0,0,0,,0,0,0,0,0,0,0,0,0,0,0,0,0,0,,0,0,0,0,0,,0.0,0.0,0.0,0,0,0,0,0,0,0,0.0,0.0,0,0,0,0,0,0,0,0,1,0,0,0,0,5,45,0,1,0,1,0,0,0,0,0,0,0,0,0,,,0,0,0,0,0,0,0,0,0,0,0,0,,,,0,0,0,0,0,0,0,,0,0,0,0,,0,0,,0,0,0,0,0,0,0,0,0,0,0.0,0.0
00-0037256,R.White,Rachaad White,RB,RB,"https://static.www.nfl.com/image/upload/f_auto,q_auto/league/sxugbms8ketvgmilnlu3",2023,REG,TB,17,0,0,0,0,0,0,0,0,0,0,0,0,,,0,,0,0,0,0,272,990,6,2,1,46,-44.98654554305422,0,21,12,3,0,64,70,549,3,1,1,-33,611,23,23.218096512634304,0,16,12,10,1,-16.636363636363637,0.12727272727272726,-0.0067831449126413155,0.18616088947024198,0,1,0,0,0,0,0,0.0,0.0,0,0,0,0,0,0,0,0,3,3,0,0,0,2,15,3,0,0,3,2,0,0,0,0,0,0,0,0,,,0,0,0,0,0,0,0,0,0,0,0,0,,,,0,0,0,0,0,0,0,,0,0,0,0,,0,0,,0,0,0,0,0,0,0,0,0,0,203.9,267.9
00-0037257,Dav.Bell,David Bell,WR,WR,"https://static.www.nfl.com/image/private/f_auto,q_auto/league/otv2kkn3lxonp9z43bdj",2023,REG,CLE,9,0,0,0,0,0,0,0,0,0,0,0,0,,,0,,0,0,0,0,0,0,0,0,0,0,,0,0,0,0,0,14,23,167,3,0,0,142,73,9,8.862044934998266,0,5,3,3,1,1.176056338028169,0.038525963149078725,0.02679750896395546,0.07654720099838691,0,0,0,0,0,0,0,0.0,0.0,0,0,0,0,0,0,0,0,0,0,0,0,0,0,0,0,0,0,0,0,0,0,0,0,0,0,0,0,,,0,0,0,0,0,0,0,0,0,0,0,0,,,,0,0,0,0,0,0,0,,0,0,0,0,,0,0,,0,0,0,0,0,0,0,0,0,0,34.7,48.7
00-0037258,D.Pierce,Dameon Pierce,RB,RB,"https://static.www.nfl.com/image/upload/f_auto,q_auto/league/lifrupicniyrosy1vj9c",2023,REG,HOU,14,0,0,0,0,0,0,0,0,0,0,0,0,,,0,,0,0,0,0,145,416,2,0,0,14,-40.757559880495464,0,9,6,1,0,13,17,101,0,0,0,14,95,3,0.5504580808919854,0,5,2,1,0,7.214285714285714,0.030035335689045935,0.0027042688815916553,0.046945991750683064,1,0,0,0,0,0,0,0.0,0.0,0,0,0,0,0,0,0,0,0,0,0,0,0,0,0,0,0,0,0,0,0,0,7,225,0,0,0,0,,,0,0,0,0,0,0,0,0,0,0,0,0,,,,0,0,0,0,0,0,0,,0,0,0,0,,0,0,,0,0,0,0,0,0,0,0,0,0,69.7,82.7
00-0037259,M.McFadden,Micah McFadden,LB,LB,"https://static.www.nfl.com/image/upload/f_auto,q_auto/league/a5tbqialvnrvrvntreuj",2023,REG,NYG,16,0,0,0,0,0,0,0,0,0,0,0,0,,,0,,0,0,0,0,0,0,0,0,0,0,,0,0,0,0,0,0,0,0,0,0,0,0,0,0,,0,0,0,0,0,,0.0,0.0,0.0,0,55,8,38,11,30,0,1.0,6.5,6,1,5,5,0,0,0,0,0,0,4,10,0,0,0,0,0,0,0,0,0,0,0,0,0,0,0,0,,,0,0,0,0,0,0,0,0,0,0,0,0,,,,0,0,0,0,0,0,0,,0,0,0,0,,0,0,,0,0,0,0,0,0,0,0,0,0,0.0,0.0
00-0037260,D.Davidson,DJ Davidson,DT,DL,"https://static.www.nfl.com/image/upload/f_auto,q_auto/league/qnrdocqxvfswgpfdskkp",2023,REG,NYG,11,0,0,0,0,0,0,0,0,0,0,0,0,,,0,,0,0,0,0,0,0,0,0,0,0,,0,0,0,0,0,0,0,0,0,0,0,0,0,0,,0,0,0,0,0,,0.0,0.0,0.0,0,3,3,7,1,4,0,0.5,3.0,1,0,0,2,0,0,0,0,0,0,0,0,0,2,10,0,0,0,0,0,0,0,0,0,0,0,0,0,,,0,0,0,0,0,0,0,0,0,0,0,0,,,,0,0,0,0,0,0,0,,0,0,0,0,,0,0,,0,0,0,0,0,0,0,0,0,0,0.0,0.0
00-0037261,K.Shakir,Khalil Shakir,WR,WR,"https://static.www.nfl.com/image/upload/f_auto,q_auto/league/otadttbhvkmavhsonnqm",2023,REG,BUF,16,0,0,0,0,0,0,0,0,0,0,0,0,,,0,,0,0,0,0,1,10,0,0,0,1,0.5383229217259213,0,1,0,0,0,39,45,611,2,0,0,402,282,26,43.20398259095673,0,25,12,10,2,1.5199004975124377,0.08256880733944955,0.08004778972520908,0.17988666381682067,0,0,0,0,0,0,0,0.0,0.0,0,0,0,0,0,1,0,0,1,0,0,0,0,1,10,0,1,0,1,0,5,37,5,98,0,0,0,0,,,0,0,0,0,0,0,0,0,0,0,0,0,,,,0,0,0,0,0,0,0,,0,0,0,0,,0,0,,0,0,0,0,0,0,0,0,0,0,74.1,113.1
00-0037263,T.Allgeier,Tyler Allgeier,RB,RB,"https://static.www.nfl.com/image/upload/f_auto,q_auto/league/buwaomfsz4y6orgb0cyg",2023,REG,ATL,17,0,0,0,0,0,0,0,0,0,0,0,0,,,0,,0,0,0,0,186,683,4,0,0,39,-22.85130986501589,0,13,10,2,0,18,23,193,1,0,0,-23,217,6,4.273435934723355,1,5,4,2,2,-8.391304347826088,0.045275590551181105,-0.005293440736478711,0.06420797731123656,0,0,0,1,0,0,0,0.0,0.0,0,0,0,0,0,0,0,0,0,0,0,0,0,0,0,0,0,0,0,0,0,0,0,0,0,0,0,0,,,0,0,0,0,0,0,0,0,0,0,0,0,,,,0,0,0,0,0,0,0,,0,0,0,0,,0,0,,0,0,0,0,0,0,0,0,0,0,119.60000000000001,137.60000000000002
00-0037264,D.Turner-Yell,Delarrin Turner-Yell,SAF,DB,"https://static.www.nfl.com/image/upload/f_auto,q_auto/league/p3ngd3m6wcijmxglj06j",2023,REG,DEN,8,0,0,0,0,0,0,0,0,0,0,0,0,,,0,,0,0,0,0,0,0,0,0,0,0,,0,0,0,0,0,0,0,0,0,0,0,0,0,0,,0,0,0,0,0,,0.0,0.0,0.0,0,23,3,8,0,0,0,0.0,0.0,1,0,0,1,0,0,0,0,0,0,0,0,0,0,0,0,0,0,0,0,0,0,0,0,0,0,0,0,,,0,0,0,0,0,0,0,0,0,0,0,0,,,,0,0,0,0,0,0,0,,0,0,0,0,,0,0,,0,0,0,0,0,0,0,0,0,0,0.0,0.0
00-0037267,J.Ford,Jerome Ford,RB,RB,"https://static.www.nfl.com/image/private/f_auto,q_auto/league/djggmwo5v8osoboiseo2",2023,REG,CLE,17,0,0,0,0,0,0,0,0,0,0,0,0,,,0,,0,0,0,0,204,813,4,1,1,33,-36.28953655072814,1,23,15,5,2,44,63,319,5,0,0,30,304,16,-6.178224922747871,0,11,5,2,1,10.633333333333333,0.10552763819095477,0.005661445555765239,0.16225446917546782,0,0,0,0,0,0,0,0.0,0.0,0,0,0,0,0,0,0,0,2,0,0,0,0,0,0,1,0,0,1,1,0,0,0,0,0,0,0,0,,,0,0,0,0,0,0,0,0,0,0,0,0,,,,0,0,0,0,0,0,0,,0,0,0,0,,0,0,,0,0,0,0,0,0,0,0,0,0,167.2,211.2
00-0037268,Z.McCollum,Zyon McCollum,CB,DB,"https://static.www.nfl.com/image/upload/f_auto,q_auto/league/pkpopwwr1bwjvpxwqs94",2023,REG,TB,16,0,0,0,0,0,0,0,0,0,0,0,0,,,0,,0,0,0,0,0,0,0,0,0,0,,0,0,0,0,0,0,0,0,0,0,0,0,0,0,,0,0,0,0,0,,0.0,0.0,0.0,0,41,8,19,0,0,2,0.0,0.0,0,0,0,9,0,0,0,0,0,0,0,0,0,3,30,0,0,0,0,0,0,0,0,0,0,0,0,0,,,0,0,0,0,0,0,0,0,0,0,0,0,,,,0,0,0,0,0,0,0,,0,0,0,0,,0,0,,0,0,0,0,0,0,0,0,0,0,0.0,0.0
00-0037269,E.Johnson,Eric Johnson,DT,DL,"https://static.www.nfl.com/image/upload/f_auto,q_auto/league/fsvxbdkpnaondae99zbl",2023,REG,IND,12,0,0,0,0,0,0,0,0,0,0,0,0,,,0,,0,0,0,0,0,0,0,0,0,0,,0,0,0,0,0,0,0,0,0,0,0,0,0,0,,0,0,0,0,0,,0.0,0.0,0.0,0,5,1,9,1,1,0,1.0,5.0,3,0,0,0,0,0,0,0,0,0,0,0,0,0,0,0,0,0,0,0,0,0,0,0,0,0,0,0,,,0,0,0,0,0,0,0,0,0,0,0,0,,,,0,0,0,0,0,0,0,,0,0,0,0,,0,0,,0,0,0,0,0,0,0,0,0,0,0.0,0.0
00-0037270,O.Ogbonnia,Otito Ogbonnia,DT,DL,"https://static.www.nfl.com/image/upload/f_auto,q_auto/league/ktcgvykjyamzn8vj2vt1",2023,REG,LAC,7,0,0,0,0,0,0,0,0,0,0,0,0,,,0,,0,0,0,0,0,0,0,0,0,0,,0,0,0,0,0,0,0,0,0,0,0,0,0,0,,0,0,0,0,0,,0.0,0.0,0.0,0,7,3,11,0,0,0,0.0,0.0,2,0,0,0,0,0,0,0,0,0,0,0,0,0,0,0,0,0,0,0,0,0,0,0,0,0,0,0,,,0,0,0,0,0,0,0,0,0,0,0,0,,,,0,0,0,0,0,0,0,,0,0,0,0,,0,0,,0,0,0,0,0,0,0,0,0,0,0.0,0.0
00-0037271,D.Jackson,D'Marco Jackson,LB,LB,"https://static.www.nfl.com/image/upload/f_auto,q_auto/league/bwbialh78nao9svr8jqn",2023,REG,NO,7,0,0,0,0,0,0,0,0,0,0,0,0,,,0,,0,0,0,0,0,0,0,0,0,0,,0,0,0,0,0,0,0,0,0,0,0,0,0,0,,0,0,0,0,0,,0.0,0.0,0.0,0,3,0,9,0,0,0,0.0,0.0,0,0,0,0,0,0,0,0,0,0,1,8,1,0,0,0,0,0,0,0,0,0,0,0,0,0,0,0,,,0,0,0,0,0,0,0,0,0,0,0,0,,,,0,0,0,0,0,0,0,,0,0,0,0,,0,0,,0,0,0,0,0,0,0,0,0,0,0.0,0.0
00-0037272,M.Washington,Montrell Washington,WR,WR,"https://static.www.nfl.com/image/upload/f_auto,q_auto/league/tmuoypdqpak2ork1rfg0",2023,REG,KC,4,0,0,0,0,0,0,0,0,0,0,0,0,,,0,,0,0,0,0,0,0,0,0,0,0,,0,0,0,0,0,0,0,0,0,0,0,0,0,0,,0,0,0,0,0,,0.0,0.0,0.0,0,0,0,0,0,0,0,0.0,0.0,0,0,0,0,0,2,0,0,1,0,0,0,0,0,0,1,1,1,2,0,8,61,1,20,0,0,0,0,,,0,0,0,0,0,0,0,0,0,0,0,0,,,,0,0,0,0,0,0,0,,0,0,0,0,,0,0,,0,0,0,0,0,0,0,0,0,0,0.0,0.0
00-0037273,K.Philips,Kyle Philips,WR,WR,"https://static.www.nfl.com/image/upload/f_auto,q_auto/league/zktgqqc4vywgapt85rmx",2023,REG,TEN,8,0,0,0,0,0,0,0,0,0,0,0,0,,,0,,0,0,0,0,0,0,0,0,0,0,,0,0,0,0,0,15,22,181,0,0,0,197,79,9,6.535338858000354,0,9,4,4,0,0.9187817258883249,0.04602510460251046,0.043116655723353034,0.0992193159101128,0,0,0,0,0,0,0,0.0,0.0,0,0,0,0,0,1,0,0,0,0,0,0,0,0,0,0,1,0,1,1,4,23,1,13,0,0,0,0,,,0,0,0,0,0,0,0,0,0,0,0,0,,,,0,0,0,0,0,0,0,,0,0,0,0,,0,0,,0,0,0,0,0,0,0,0,0,0,18.1,33.1
00-0037275,D.Bland,DaRon Bland,CB,DB,"https://static.www.nfl.com/image/upload/f_auto,q_auto/league/cl7cnkp2mm58j8o086nm",2023,REG,DAL,17,0,0,0,0,0,0,0,0,0,0,0,0,,,0,,0,0,0,0,0,0,0,0,0,0,,0,0,0,0,0,0,0,0,0,0,0,0,0,0,,0,0,0,0,0,,0.0,0.0,0.0,0,48,5,16,3,5,0,0.0,0.0,1,9,209,15,5,0,0,0,0,0,0,0,0,5,67,0,0,0,0,0,0,0,0,0,0,0,0,0,,,0,0,0,0,0,0,0,0,0,0,0,0,,,,0,0,0,0,0,0,0,,0,0,0,0,,0,0,,0,0,0,0,0,0,0,0,0,0,0.0,0.0
00-0037276,T.Chandler,Ty Chandler,RB,RB,"https://static.www.nfl.com/image/upload/f_auto,q_auto/league/i3urodji7vrb11n4pl06",2023,REG,MIN,16,0,0,0,0,0,0,0,0,0,0,0,0,,,0,,0,0,0,0,102,461,3,0,0,20,0.6934660814883671,0,9,8,3,0,21,25,159,0,0,0,-47,206,7,3.944338552537374,0,7,3,0,0,-3.382978723404255,0.041254125412541254,-0.009533468559837728,0.05520776012692547,0,1,0,2,0,0,0,0.0,0.0,0,0,0,0,0,0,0,0,0,0,0,0,0,0,0,0,0,0,0,0,0,0,4,97,0,0,0,0,,,0,0,0,0,0,0,0,0,0,0,0,0,,,,0,0,0,0,0,0,0,,0,0,0,0,,0,0,,0,0,0,0,0,0,0,0,0,0,80.0,101.0
00-0037277,T.Quitoriano,Teagan Quitoriano,TE,TE,"https://static.www.nfl.com/image/upload/f_auto,q_auto/league/ecx86iiwr69wkwupjvzk",2023,REG,HOU,3,0,0,0,0,0,0,0,0,0,0,0,0,,,0,,0,0,0,0,0,0,0,0,0,0,,0,0,0,0,0,2,3,33,0,0,0,15,18,2,2.0726696146884933,0,2,1,1,0,2.2,0.00530035335689046,0.002897430944562488,0.009978731696529432,0,0,0,0,0,0,0,0.0,0.0,0,0,0,0,0,0,0,0,0,0,0,0,0,0,0,0,0,0,0,0,0,0,0,0,0,0,0,0,,,0,0,0,0,0,0,0,0,0,0,0,0,,,,0,0,0,0,0,0,0,,0,0,0,0,,0,0,,0,0,0,0,0,0,0,0,0,0,3.3000000000000003,5.300000000000001
00-0037280,M.Butler,Matthew Butler,DT,DL,"https://static.www.nfl.com/image/upload/f_auto,q_auto/league/nsv9pnp9s8oaxaepftzk",2023,REG,LV,1,0,0,0,0,0,0,0,0,0,0,0,0,,,0,,0,0,0,0,0,0,0,0,0,0,,0,0,0,0,0,0,0,0,0,0,0,0,0,0,,0,0,0,0,0,,0.0,0.0,0.0,0,0,0,1,0,0,0,0.0,0.0,0,0,0,0,0,0,0,0,0,0,0,0,0,0,0,0,0,0,0,0,0,0,0,0,0,0,0,0,,,0,0,0,0,0,0,0,0,0,0,0,0,,,,0,0,0,0,0,0,0,,0,0,0,0,,0,0,,0,0,0,0,0,0,0,0,0,0,0.0,0.0
00-0037281,D.Clark,Damone Clark,LB,LB,"https://static.www.nfl.com/image/upload/f_auto,q_auto/league/gmsr31hk1blgplqqkzml",2023,REG,DAL,17,0,0,0,0,0,0,0,0,0,0,0,0,,,0,,0,0,0,0,0,0,0,0,0,0,,0,0,0,0,0,0,0,0,0,0,0,0,0,0,,0,0,0,0,0,,0.0,0.0,0.0,0,50,20,39,3,11,0,0.0,0.0,3,0,0,3,0,0,0,0,0,0,1,0,0,1,15,0,0,0,0,0,0,0,0,0,0,0,0,0,,,0,0,0,0,0,0,0,0,0,0,0,0,,,,0,0,0,0,0,0,0,,0,0,0,0,,0,0,,0,0,0,0,0,0,0,0,0,0,0.0,0.0
00-0037282,J.Mitchell,James Mitchell,TE,TE,"https://static.www.nfl.com/image/upload/f_auto,q_auto/league/ragin6kbjyfeffii1hrl",2023,REG,DET,2,0,0,0,0,0,0,0,0,0,0,0,0,,,0,,0,0,0,0,0,0,0,0,0,0,,0,0,0,0,0,2,2,28,0,0,0,16,12,1,1.3387490222668275,0,1,1,1,0,1.75,0.003484320557491289,0.003915810083210965,0.00796754789448461,0,0,0,0,0,0,0,0.0,0.0,0,0,0,0,0,0,0,0,0,0,0,0,0,1,10,0,0,0,0,0,0,0,0,0,0,0,0,0,,,0,0,0,0,0,0,0,0,0,0,0,0,,,,0,0,0,0,0,0,0,,0,0,0,0,,0,0,,0,0,0,0,0,0,0,0,0,0,2.8000000000000003,4.800000000000001
00-0037283,J.Ridgeway,John Ridgeway,DT,DL,"https://static.www.nfl.com/image/upload/f_auto,q_auto/league/irpvoorgwwezk7qxrp0m",2023,REG,WAS,14,0,0,0,0,0,0,0,0,0,0,0,0,,,0,,0,0,0,0,0,0,0,0,0,0,,0,0,0,0,0,0,0,0,0,0,0,0,0,0,,0,0,0,0,0,,0.0,0.0,0.0,0,11,5,15,0,0,0,0.0,0.0,0,0,0,1,0,0,0,0,0,0,0,0,0,0,0,0,0,0,0,0,0,0,0,0,0,0,0,0,,,0,0,0,0,0,0,0,0,0,0,0,0,,,,0,0,0,0,0,0,0,,0,0,0,0,,0,0,,0,0,0,0,0,0,0,0,0,0,0.0,0.0
00-0037286,K.Harris,Kevin Harris,RB,RB,"https://static.www.nfl.com/image/private/f_auto,q_auto/league/jlqnwxuwbkoscvv9kz5h",2023,REG,NE,4,0,0,0,0,0,0,0,0,0,0,0,0,,,0,,0,0,0,0,16,65,1,0,0,2,-2.280369054118637,0,2,2,0,0,3,3,58,0,0,0,-1,59,2,4.877603708358947,0,1,1,1,1,-58.0,0.005545286506469501,-0.000244140625,0.00814703132220425,0,0,0,0,0,0,0,0.0,0.0,0,0,0,0,0,0,0,0,0,0,0,0,0,0,0,0,0,0,0,0,0,0,1,20,0,0,0,0,,,0,0,0,0,0,0,0,0,0,0,0,0,,,,0,0,0,0,0,0,0,,0,0,0,0,,0,0,,0,0,0,0,0,0,0,0,0,0,18.3,21.3
00-0037287,V.Lowe,Vederian Lowe,OT,OL,"https://static.www.nfl.com/image/upload/f_auto,q_auto/league/a72w3jazmnecd5nepevf",2023,REG,NE,3,0,0,0,0,0,0,0,0,0,0,0,0,,,0,,0,0,0,0,0,0,0,0,0,0,,0,0,0,0,0,0,0,0,0,0,0,0,0,0,,0,0,0,0,0,,0.0,0.0,0.0,0,0,0,0,0,0,0,0.0,0.0,0,0,0,0,0,0,0,0,0,0,1,0,0,2,10,0,0,0,0,0,0,0,0,0,0,0,0,0,,,0,0,0,0,0,0,0,0,0,0,0,0,,,,0,0,0,0,0,0,0,,0,0,0,0,,0,0,,0,0,0,0,0,0,0,0,0,0,0.0,0.0
00-0037288,C.Benford,Christian Benford,CB,DB,"https://static.www.nfl.com/image/upload/f_auto,q_auto/league/nltmhbxql5thc91mk1xy",2023,REG,BUF,15,0,0,0,0,0,0,0,0,0,0,0,0,,,0,,0,0,0,0,0,0,0,0,0,0,,0,0,0,0,0,0,0,0,0,0,0,0,0,0,,0,0,0,0,0,,0.0,0.0,0.0,0,38,5,11,3,4,2,0.0,0.0,0,2,8,10,0,0,0,0,0,0,1,0,0,4,17,0,0,0,0,0,0,0,0,0,0,0,0,0,,,0,0,0,0,0,0,0,0,0,0,0,0,,,,0,0,0,0,0,0,0,,0,0,0,0,,0,0,,0,0,0,0,0,0,0,0,0,0,0.0,0.0
00-0037289,M.Rodriguez,Malcolm Rodriguez,LB,LB,"https://static.www.nfl.com/image/upload/f_auto,q_auto/league/ofwspc5nzlzqdvxqvpxc",2023,REG,DET,11,0,0,0,0,0,0,0,0,0,0,0,0,,,0,,0,0,0,0,0,0,0,0,0,0,,0,0,0,0,0,1,1,6,0,0,0,6,0,1,0.05058677913621068,0,0,0,0,0,1.0,0.0017421602787456446,0.0014684287812041115,0.0036411405649613452,0,14,0,8,0,0,1,0.0,0.0,0,0,0,0,0,0,0,0,0,0,0,0,0,0,0,0,0,0,0,0,0,0,0,0,0,0,0,0,,,0,0,0,0,0,0,0,0,0,0,0,0,,,,0,0,0,0,0,0,0,,0,0,0,0,,0,0,,0,0,0,0,0,0,0,0,0,0,0.6000000000000001,1.6
00-0037291,J.Nailor,Jalen Nailor,WR,WR,"https://static.www.nfl.com/image/upload/f_auto,q_auto/league/sdsx2pttiiwbfpyuuwiz",2023,REG,MIN,3,0,0,0,0,0,0,0,0,0,0,0,0,,,0,,0,0,0,0,0,0,0,0,0,0,,0,0,0,0,0,3,6,29,0,0,0,54,21,1,-2.0255367812351324,0,1,1,0,0,0.5370370370370371,0.009900990099009901,0.010953346855983773,0.02251882794770349,0,1,0,0,0,0,0,0.0,0.0,0,0,0,0,0,0,0,0,0,0,0,0,0,1,10,0,0,0,0,0,0,0,0,0,0,0,0,0,,,0,0,0,0,0,0,0,0,0,0,0,0,,,,0,0,0,0,0,0,0,,0,0,0,0,,0,0,,0,0,0,0,0,0,0,0,0,0,2.9000000000000004,5.9
00-0037292,A.Ogletree,Andrew Ogletree,TE,TE,"https://static.www.nfl.com/image/upload/f_auto,q_auto/league/gw6pbughf5gdn2sm189f",2023,REG,IND,11,0,0,0,0,0,0,0,0,0,0,0,0,,,0,,0,0,0,0,0,0,0,0,0,0,,0,0,0,0,0,9,21,147,2,0,0,209,30,8,9.111151941033313,0,7,5,4,0,0.7033492822966507,0.038461538461538464,0.0491186839012926,0.09207538642321252,0,3,0,3,0,0,0,0.0,0.0,0,0,0,0,0,0,0,0,0,0,0,0,0,0,0,0,0,0,0,0,0,0,0,0,0,0,0,0,,,0,0,0,0,0,0,0,0,0,0,0,0,,,,0,0,0,0,0,0,0,,0,0,0,0,,0,0,,0,0,0,0,0,0,0,0,0,0,26.700000000000003,35.7
00-0037293,D.Harper,Devin Harper,LB,LB,"https://static.www.nfl.com/image/upload/f_auto,q_auto/league/kmxn7gzhqkoebrktadhh",2023,REG,CIN,5,0,0,0,0,0,0,0,0,0,0,0,0,,,0,,0,0,0,0,0,0,0,0,0,0,,0,0,0,0,0,0,0,0,0,0,0,0,0,0,,0,0,0,0,0,,0.0,0.0,0.0,0,3,1,1,0,0,0,0.0,0.0,0,0,0,0,0,0,0,0,0,0,0,0,0,2,25,0,0,0,0,0,0,0,0,0,0,0,0,0,,,0,0,0,0,0,0,0,0,0,0,0,0,,,,0,0,0,0,0,0,0,,0,0,0,0,,0,0,,0,0,0,0,0,0,0,0,0,0,0.0,0.0
00-0037295,J.Salyer,Jamaree Salyer,G,OL,"https://static.www.nfl.com/image/upload/f_auto,q_auto/league/u3uyixtjb60xtwwth40a",2023,REG,LAC,3,0,0,0,0,0,0,0,0,0,0,0,0,,,0,,0,0,0,0,0,0,0,0,0,0,,0,0,0,0,0,0,0,0,0,0,0,0,0,0,,0,0,0,0,0,,0.0,0.0,0.0,0,0,0,0,0,0,0,0.0,0.0,0,0,0,0,0,0,0,0,0,0,0,0,0,3,25,0,0,0,0,0,0,0,0,0,0,0,0,0,,,0,0,0,0,0,0,0,0,0,0,0,0,,,,0,0,0,0,0,0,0,,0,0,0,0,,0,0,,0,0,0,0,0,0,0,0,0,0,0.0,0.0
00-0037296,G.Junior,Gregory Junior,CB,DB,"https://static.www.nfl.com/image/upload/f_auto,q_auto/league/opu4jtxbzaa9pndej4cj",2023,REG,JAX,3,0,0,0,0,0,0,0,0,0,0,0,0,,,0,,0,0,0,0,0,0,0,0,0,0,,0,0,0,0,0,0,0,0,0,0,0,0,0,0,,0,0,0,0,0,,0.0,0.0,0.0,0,4,3,4,0,0,0,0.0,0.0,0,0,0,1,0,0,0,0,0,0,0,0,0,0,0,0,0,0,0,0,0,0,0,0,0,0,0,0,,,0,0,0,0,0,0,0,0,0,0,0,0,,,,0,0,0,0,0,0,0,,0,0,0,0,,0,0,,0,0,0,0,0,0,0,0,0,0,0.0,0.0
00-0037297,C.Mays,Cade Mays,C,OL,"https://static.www.nfl.com/image/upload/f_auto,q_auto/league/lvwir8l56pkjixweaca4",2023,REG,CAR,5,0,0,0,0,0,0,0,0,0,0,0,0,,,0,,0,0,0,0,0,0,0,0,0,0,,0,0,0,0,0,0,0,0,0,0,0,0,0,0,,0,0,0,0,0,,0.0,0.0,0.0,0,1,0,0,0,0,0,0.0,0.0,0,0,0,0,0,0,0,0,0,0,0,0,0,4,29,0,0,0,0,0,0,0,0,0,0,0,0,0,,,0,0,0,0,0,0,0,0,0,0,0,0,,,,0,0,0,0,0,0,0,,0,0,0,0,,0,0,,0,0,0,0,0,0,0,0,0,0,0.0,0.0
00-0037298,S.Roberts,Sam Roberts,DT,DL,"https://static.www.nfl.com/image/upload/f_auto,q_auto/league/lpeonw4s0htacobg1qa4",2023,REG,NE,5,0,0,0,0,0,0,0,0,0,0,0,0,,,0,,0,0,0,0,0,0,0,0,0,0,,0,0,0,0,0,0,0,0,0,0,0,0,0,0,,0,0,0,0,0,,0.0,0.0,0.0,0,2,0,3,0,0,0,0.0,0.0,0,0,0,0,0,0,0,0,0,0,0,0,0,1,12,0,0,0,0,0,0,0,0,0,0,0,0,0,,,0,0,0,0,0,0,0,0,0,0,0,0,,,,0,0,0,0,0,0,0,,0,0,0,0,,0,0,,0,0,0,0,0,0,0,0,0,0,0.0,0.0
00-0037299,K.Ingram,Keaontay Ingram,RB,RB,"https://static.www.nfl.com/image/upload/f_auto,q_auto/league/fa4if2wnlgsmjmkcnxke",2023,REG,ARI,7,0,0,0,0,0,0,0,0,0,0,0,0,,,0,,0,0,0,0,35,74,0,0,0,4,-11.316711037424264,0,4,2,0,0,4,4,26,0,0,0,-5,31,1,0.33775865577626973,0,0,0,0,0,-5.2,0.007407407407407408,-0.0011944577161968467,0.01027499070977332,0,0,0,0,0,0,0,0.0,0.0,0,0,0,0,0,0,0,0,0,0,0,0,0,0,0,0,0,0,0,0,0,0,0,0,0,0,0,0,,,0,0,0,0,0,0,0,0,0,0,0,0,,,,0,0,0,0,0,0,0,,0,0,0,0,,0,0,,0,0,0,0,0,0,0,0,0,0,10.0,14.0
00-0037301,Th.Jackson,Theo Jackson,DB,DB,"https://static.www.nfl.com/image/upload/f_auto,q_auto/league/g9hb4dnu5xp63p5wjvrw",2023,REG,MIN,11,0,0,0,0,0,0,0,0,0,0,0,0,,,0,,0,0,0,0,0,0,0,0,0,0,,0,0,0,0,0,0,0,0,0,0,0,0,0,0,,0,0,0,0,0,,0.0,0.0,0.0,0,12,2,7,0,0,0,0.0,0.0,1,1,0,1,0,0,0,0,0,0,0,0,0,0,0,0,0,0,0,0,0,0,0,0,0,0,0,0,,,0,0,0,0,0,0,0,0,0,0,0,0,,,,0,0,0,0,0,0,0,,0,0,0,0,,0,0,,0,0,0,0,0,0,0,0,0,0,0.0,0.0
00-0037303,M.Henningsen,Matt Henningsen,DE,DL,"https://static.www.nfl.com/image/upload/f_auto,q_auto/league/rvb3an0xk8hsda8xytra",2023,REG,DEN,12,0,0,0,0,0,0,0,0,0,0,0,0,,,0,,0,0,0,0,0,0,0,0,0,0,,0,0,0,0,0,0,0,0,0,0,0,0,0,0,,0,0,0,0,0,,0.0,0.0,0.0,0,8,2,9,0,0,0,0.0,0.0,1,0,0,2,0,0,0,0,0,0,0,0,0,0,0,0,0,0,0,0,0,0,0,0,0,0,0,0,,,0,0,0,0,0,0,0,0,0,0,0,0,,,,0,0,0,0,0,0,0,,0,0,0,0,,0,0,,0,0,0,0,0,0,0,0,0,0,0.0,0.0
00-0037304,Co.Heyward,Connor Heyward,FB,RB,"https://static.www.nfl.com/image/upload/f_auto,q_auto/league/b9bnasge2v2dtctdtqnf",2023,REG,PIT,14,0,1,0,0,0,0,0,0,0,-4,0,0,-0.25261004906496964,-85.42054295539856,0,0.0,0,0,0,0,1,0,0,0,0,0,-1.8671140377409756,0,0,0,0,0,23,34,167,0,0,0,175,94,8,-4.159333887193751,0,9,0,0,0,0.9542857142857143,0.07024793388429752,0.046235138705416116,0.13773649792023757,0,2,0,1,0,0,0,0.0,0.0,0,0,0,0,0,0,0,0,0,0,0,0,0,4,30,0,0,0,0,0,0,0,0,0,0,0,0,0,,,0,0,0,0,0,0,0,0,0,0,0,0,,,,0,0,0,0,0,0,0,,0,0,0,0,,0,0,,0,0,0,0,0,0,0,0,0,0,16.7,39.7
00-0037306,J.FitzPatrick,John FitzPatrick,TE,TE,"https://static.www.nfl.com/image/upload/f_auto,q_auto/league/kopyksw2p51nivtldayc",2023,REG,ATL,3,0,0,0,0,0,0,0,0,0,0,0,0,,,0,,0,0,0,0,0,0,0,0,0,0,,0,0,0,0,0,1,1,12,0,0,0,2,10,1,0.7121124425902963,0,1,0,0,0,6.0,0.001968503937007874,0.00046029919447640965,0.003274965341645298,0,3,1,0,0,0,0,0.0,0.0,0,0,0,0,0,0,0,0,0,0,0,0,0,0,0,0,0,0,0,0,0,0,0,0,0,0,0,0,,,0,0,0,0,0,0,0,0,0,0,0,0,,,,0,0,0,0,0,0,0,,0,0,0,0,,0,0,,0,0,0,0,0,0,0,0,0,0,1.2000000000000002,2.2
00-0037307,J.Taylor,Ja'Sir Taylor,CB,DB,"https://static.www.nfl.com/image/upload/f_auto,q_auto/league/usnlevporxzqj27zhgwu",2023,REG,LAC,13,0,0,0,0,0,0,0,0,0,0,0,0,,,0,,0,0,0,0,0,0,0,0,0,0,,0,0,0,0,0,0,0,0,0,0,0,0,0,0,,0,0,0,0,0,,0.0,0.0,0.0,0,23,2,7,0,0,0,0.0,0.0,2,1,8,8,0,0,0,0,0,0,0,0,0,3,25,0,0,0,0,0,0,0,0,0,0,0,0,0,,,0,0,0,0,0,0,0,0,0,0,0,0,,,,0,0,0,0,0,0,0,,0,0,0,0,,0,0,,0,0,0,0,0,0,0,0,0,0,0.0,0.0
00-0037310,J.Houston,James Houston,DE,DL,"https://static.www.nfl.com/image/upload/f_auto,q_auto/league/wrqp1yxxj1diweafto22",2023,REG,DET,2,0,0,0,0,0,0,0,0,0,0,0,0,,,0,,0,0,0,0,0,0,0,0,0,0,,0,0,0,0,0,0,0,0,0,0,0,0,0,0,,0,0,0,0,0,,0.0,0.0,0.0,0,1,0,0,0,0,0,0.0,0.0,1,0,0,0,0,0,0,0,0,0,0,0,0,0,0,0,0,0,0,0,0,0,0,0,0,0,0,0,,,0,0,0,0,0,0,0,0,0,0,0,0,,,,0,0,0,0,0,0,0,,0,0,0,0,,0,0,,0,0,0,0,0,0,0,0,0,0,0.0,0.0
00-0037311,K.Kieft,Ko Kieft,TE,TE,"https://static.www.nfl.com/image/upload/f_auto,q_auto/league/ibtxauqcq4tjq4xsgf6a",2023,REG,TB,10,0,0,0,0,0,0,0,0,0,0,0,0,,,0,,0,0,0,0,0,0,0,0,0,0,,0,0,0,0,0,1,5,2,1,0,0,61,2,1,-1.334328554396052,0,0,0,0,0,0.03278688524590164,0.00909090909090909,0.012538540596094553,0.022413342053629822,0,3,0,4,0,0,0,0.0,0.0,0,0,0,0,0,0,0,0,0,0,0,0,0,0,0,0,0,0,0,0,0,0,0,0,0,0,0,0,,,0,0,0,0,0,0,0,0,0,0,0,0,,,,0,0,0,0,0,0,0,,0,0,0,0,,0,0,,0,0,0,0,0,0,0,0,0,0,6.2,7.2
00-0037312,C.Campbell,Chance Campbell,LB,LB,"https://static.www.nfl.com/image/upload/f_auto,q_auto/league/kgrcvyoj0medjywaud0o",2023,REG,TEN,1,0,0,0,0,0,0,0,0,0,0,0,0,,,0,,0,0,0,0,0,0,0,0,0,0,,0,0,0,0,0,0,0,0,0,0,0,0,0,0,,0,0,0,0,0,,0.0,0.0,0.0,0,1,0,2,0,0,0,0.0,0.0,0,0,0,0,0,0,0,0,0,0,0,0,0,0,0,0,0,0,0,0,0,0,0,0,0,0,0,0,,,0,0,0,0,0,0,0,0,0,0,0,0,,,,0,0,0,0,0,0,0,,0,0,0,0,,0,0,,0,0,0,0,0,0,0,0,0,0,0.0,0.0
00-0037313,M.Brown,Montaric Brown,CB,DB,"https://static.www.nfl.com/image/upload/f_auto,q_auto/league/hvnfc3mqxut3v0mufgg5",2023,REG,JAX,8,0,0,0,0,0,0,0,0,0,0,0,0,,,0,,0,0,0,0,0,0,0,0,0,0,,0,0,0,0,0,0,0,0,0,0,0,0,0,0,,0,0,0,0,0,,0.0,0.0,0.0,0,23,2,9,0,0,0,0.0,0.0,0,0,0,4,0,0,0,0,0,0,0,0,0,1,5,0,0,0,0,0,0,0,0,0,0,0,0,0,,,0,0,0,0,0,0,0,0,0,0,0,0,,,,0,0,0,0,0,0,0,,0,0,0,0,,0,0,,0,0,0,0,0,0,0,0,0,0,0.0,0.0
00-0037315,C.Goode,Cameron Goode,LB,LB,"https://static.www.nfl.com/image/upload/f_auto,q_auto/league/y9nbijy8p3twagggyodh",2023,REG,MIA,5,0,0,0,0,0,0,0,0,0,0,0,0,,,0,,0,0,0,0,0,0,0,0,0,0,,0,0,0,0,0,0,0,0,0,0,0,0,0,0,,0,0,0,0,0,,0.0,0.0,0.0,0,2,1,3,0,0,0,0.0,0.0,2,0,0,0,0,0,0,0,0,0,0,0,0,1,10,0,0,0,0,0,0,0,0,0,0,0,0,0,,,0,0,0,0,0,0,0,0,0,0,0,0,,,,0,0,0,0,0,0,0,,0,0,0,0,,0,0,,0,0,0,0,0,0,0,0,0,0,0.0,0.0
00-0037316,M.Robinson,Mark Robinson,LB,LB,"https://static.www.nfl.com/image/upload/f_auto,q_auto/league/l7u61ekvlhzwchpxcdbo",2023,REG,PIT,11,0,0,0,0,0,0,0,0,0,0,0,0,,,0,,0,0,0,0,0,0,0,0,0,0,,0,0,0,0,0,0,0,0,0,0,0,0,0,0,,0,0,0,0,0,,0.0,0.0,0.0,0,21,1,8,1,8,1,1.0,8.0,1,0,0,0,0,0,0,0,0,0,0,0,0,2,15,0,0,0,0,0,0,0,0,0,0,0,0,0,,,0,0,0,0,0,0,0,0,0,0,0,0,,,,0,0,0,0,0,0,0,,0,0,0,0,,0,0,,0,0,0,0,0,0,0,0,0,0,0.0,0.0
00-0037317,N.Muse,Nick Muse,TE,TE,"https://static.www.nfl.com/image/upload/f_auto,q_auto/league/cdidnsvt1we5d7ffnjbo",2023,REG,MIN,1,0,0,0,0,0,0,0,0,0,0,0,0,,,0,,0,0,0,0,0,0,0,0,0,0,,0,0,0,0,0,1,1,22,0,0,0,12,10,1,1.3513400424271822,0,1,1,1,0,1.8333333333333333,0.0016501650165016502,0.002434077079107505,0.0041791014801277285,0,0,0,1,0,0,0,0.0,0.0,0,0,0,0,0,0,0,0,0,0,0,0,0,0,0,0,0,0,0,0,0,0,0,0,0,0,0,0,,,0,0,0,0,0,0,0,0,0,0,0,0,,,,0,0,0,0,0,0,0,,0,0,0,0,,0,0,,0,0,0,0,0,0,0,0,0,0,2.2,3.2
00-0037318,B.Spector,Baylon Spector,LB,LB,"https://static.www.nfl.com/image/upload/f_auto,q_auto/league/ekmjqmhpbhtlydc3sfag",2023,REG,BUF,4,0,0,0,0,0,0,0,0,0,0,0,0,,,0,,0,0,0,0,0,0,0,0,0,0,,0,0,0,0,0,0,0,0,0,0,0,0,0,0,,0,0,0,0,0,,0.0,0.0,0.0,0,2,0,4,0,0,0,0.0,0.0,0,0,0,0,0,0,0,0,0,0,0,0,0,2,15,0,0,0,0,0,0,0,0,0,0,0,0,0,,,0,0,0,0,0,0,0,0,0,0,0,0,,,,0,0,0,0,0,0,0,,0,0,0,0,,0,0,,0,0,0,0,0,0,0,0,0,0,0.0,0.0
00-0037320,D.Leonard,Deane Leonard,CB,DB,"https://static.www.nfl.com/image/upload/f_auto,q_auto/league/jk2a21dqnjr8ssq5s0tv",2023,REG,LAC,6,0,0,0,0,0,0,0,0,0,0,0,0,,,0,,0,0,0,0,0,0,0,0,0,0,,0,0,0,0,0,0,0,0,0,0,0,0,0,0,,0,0,0,0,0,,0.0,0.0,0.0,0,22,0,6,1,5,1,0.0,0.0,0,0,0,3,0,0,0,0,0,0,0,0,0,1,5,0,0,0,0,0,0,0,0,0,0,0,0,0,,,0,0,0,0,0,0,0,0,0,0,0,0,,,,0,0,0,0,0,0,0,,0,0,0,0,,0,0,,0,0,0,0,0,0,0,0,0,0,0.0,0.0
00-0037321,C.Lucas,Chase Lucas,CB,DB,"https://static.www.nfl.com/image/upload/f_auto,q_auto/league/ftkp0eabjmqrbftyddyo",2023,REG,DET,3,0,0,0,0,0,0,0,0,0,0,0,0,,,0,,0,0,0,0,0,0,0,0,0,0,,0,0,0,0,0,0,0,0,0,0,0,0,0,0,,0,0,0,0,0,,0.0,0.0,0.0,0,2,0,1,0,0,0,0.0,0.0,0,0,0,0,0,0,0,0,0,0,0,0,0,1,15,0,0,0,0,0,0,0,0,0,0,0,0,0,,,0,0,0,0,0,0,0,0,0,0,0,0,,,,0,0,0,0,0,0,0,,0,0,0,0,,0,0,,0,0,0,0,0,0,0,0,0,0,0.0,0.0
00-0037322,T.Munford,Thayer Munford Jr.,OT,OL,"https://static.www.nfl.com/image/upload/f_auto,q_auto/league/jeao2meaxkgip4pshlww",2023,REG,LV,2,0,0,0,0,0,0,0,0,0,0,0,0,,,0,,0,0,0,0,0,0,0,0,0,0,,0,0,0,0,0,0,0,0,0,0,0,0,0,0,,0,0,0,0,0,,0.0,0.0,0.0,0,1,0,0,0,0,0,0.0,0.0,0,0,0,0,0,0,0,0,0,0,0,0,0,1,10,0,0,0,0,0,0,0,0,0,0,0,0,0,,,0,0,0,0,0,0,0,0,0,0,0,0,,,,0,0,0,0,0,0,0,,0,0,0,0,,0,0,,0,0,0,0,0,0,0,0,0,0,0.0,0.0
00-0037323,R.Thomas,Rodney Thomas,SAF,DB,"https://static.www.nfl.com/image/upload/f_auto,q_auto/league/rmch7ilcol08gczhpwp6",2023,REG,IND,13,0,0,0,0,0,0,0,0,0,0,0,0,,,0,,0,0,0,0,0,0,0,0,0,0,,0,0,0,0,0,0,0,0,0,0,0,0,0,0,,0,0,0,0,0,,0.0,0.0,0.0,0,27,3,4,0,0,0,0.0,0.0,0,2,5,4,0,0,0,0,0,0,0,0,0,0,0,0,0,0,0,0,0,0,0,0,0,0,0,0,,,0,0,0,0,0,0,0,0,0,0,0,0,,,,0,0,0,0,0,0,0,,0,0,0,0,,0,0,,0,0,0,0,0,0,0,0,0,0,0.0,0.0
00-0037330,J.Luketa,Jesse Luketa,LB,LB,"https://static.www.nfl.com/image/upload/f_auto,q_auto/league/ulrqjbgiw7ukufjd1yez",2023,REG,ARI,9,0,0,0,0,0,0,0,0,0,0,0,0,,,0,,0,0,0,0,0,0,0,0,0,0,,0,0,0,0,0,0,0,0,0,0,0,0,0,0,,0,0,0,0,0,,0.0,0.0,0.0,0,4,0,7,1,6,0,0.0,0.0,1,0,0,0,0,0,0,0,0,0,0,0,0,0,0,0,0,0,0,0,0,0,0,0,0,0,0,0,,,0,0,0,0,0,0,0,0,0,0,0,0,,,,0,0,0,0,0,0,0,,0,0,0,0,,0,0,,0,0,0,0,0,0,0,0,0,0,0.0,0.0
00-0037332,Da.Bell,D'Anthony Bell,SAF,DB,"https://static.www.nfl.com/image/upload/f_auto,q_auto/league/ckont3gxmlaebwbbkplr",2023,REG,CLE,8,0,0,0,0,0,0,0,0,0,0,0,0,,,0,,0,0,0,0,0,0,0,0,0,0,,0,0,0,0,0,0,0,0,0,0,0,0,0,0,,0,0,0,0,0,,0.0,0.0,0.0,0,22,3,3,3,7,1,0.0,0.0,1,2,8,4,0,0,0,0,0,0,0,0,0,0,0,0,0,0,0,0,0,0,0,0,0,0,0,0,,,0,0,0,0,0,0,0,0,0,0,0,0,,,,0,0,0,0,0,0,0,,0,0,0,0,,0,0,,0,0,0,0,0,0,0,0,0,0,0.0,0.0
00-0037336,B.Hoffman,Brock Hoffman,C,OL,"https://static.www.nfl.com/image/upload/f_auto,q_auto/league/yzgyme4uziotnwqbfn7x",2023,REG,DAL,2,0,0,0,0,0,0,0,0,0,0,0,0,,,0,,0,0,0,0,0,0,0,0,0,0,,0,0,0,0,0,0,0,0,0,0,0,0,0,0,,0,0,0,0,0,,0.0,0.0,0.0,0,0,0,0,0,0,0,0.0,0.0,0,0,0,0,0,0,0,0,0,0,0,0,0,2,20,0,0,0,0,0,0,0,0,0,0,0,0,0,,,0,0,0,0,0,0,0,0,0,0,0,0,,,,0,0,0,0,0,0,0,,0,0,0,0,,0,0,,0,0,0,0,0,0,0,0,0,0,0.0,0.0
00-0037353,K.Kohou,Kader Kohou,CB,DB,"https://static.www.nfl.com/image/upload/f_auto,q_auto/league/ngmustpsoeobxhntvpsf",2023,REG,MIA,16,0,0,0,0,0,0,0,0,0,0,0,0,,,0,,0,0,0,0,0,0,0,0,0,0,,0,0,0,0,0,0,0,0,0,0,0,0,0,0,,0,0,0,0,0,,0.0,0.0,0.0,0,47,5,11,5,23,0,1.0,12.0,5,0,0,10,0,0,0,0,0,0,1,0,0,2,58,0,0,0,0,0,0,0,0,0,0,0,0,0,,,0,0,0,0,0,0,0,0,0,0,0,0,,,,0,0,0,0,0,0,0,,0,0,0,0,,0,0,,0,0,0,0,0,0,0,0,0,0,0.0,0.0
00-0037356,B.Stille,Ben Stille,DE,DL,"https://static.www.nfl.com/image/upload/f_auto,q_auto/league/wyj9urijpkzuz2noqk2g",2023,REG,ARI,4,0,0,0,0,0,0,0,0,0,0,0,0,,,0,,0,0,0,0,0,0,0,0,0,0,,0,0,0,0,0,0,0,0,0,0,0,0,0,0,,0,0,0,0,0,,0.0,0.0,0.0,0,3,3,2,0,0,0,1.0,0.0,1,0,0,0,0,0,0,0,0,0,0,0,0,1,5,0,0,0,0,0,0,0,0,0,0,0,0,0,,,0,0,0,0,0,0,0,0,0,0,0,0,,,,0,0,0,0,0,0,0,,0,0,0,0,,0,0,,0,0,0,0,0,0,0,0,0,0,0.0,0.0
00-0037375,C.Hinton,Christopher Hinton,DT,DL,"https://static.www.nfl.com/image/upload/f_auto,q_auto/league/qgg47ajpbsmv9td5qlrt",2023,REG,LAC,3,0,0,0,0,0,0,0,0,0,0,0,0,,,0,,0,0,0,0,0,0,0,0,0,0,,0,0,0,0,0,0,0,0,0,0,0,0,0,0,,0,0,0,0,0,,0.0,0.0,0.0,0,2,2,6,0,0,0,0.0,0.0,0,0,0,0,0,0,0,0,0,0,0,0,0,0,0,0,0,0,0,0,0,0,0,0,0,0,0,0,,,0,0,0,0,0,0,0,0,0,0,0,0,,,,0,0,0,0,0,0,0,,0,0,0,0,,0,0,,0,0,0,0,0,0,0,0,0,0,0.0,0.0
00-0037377,T.Thompson,Trenton Thompson,DB,DB,"https://static.www.nfl.com/image/private/f_auto,q_auto/league/vdvjwtgpiigi8k2xxurx",2023,REG,PIT,5,0,0,0,0,0,0,0,0,0,0,0,0,,,0,,0,0,0,0,0,0,0,0,0,0,,0,0,0,0,0,0,0,0,0,0,0,0,0,0,,0,0,0,0,0,,0.0,0.0,0.0,0,17,2,3,0,0,0,0.0,0.0,0,1,6,3,0,0,0,0,0,0,0,0,0,0,0,0,0,0,0,0,0,0,0,0,0,0,0,0,,,0,0,0,0,0,0,0,0,0,0,0,0,,,,0,0,0,0,0,0,0,,0,0,0,0,,0,0,,0,0,0,0,0,0,0,0,0,0,0.0,0.0
00-0037382,B.Johnson,Brandon Johnson,WR,WR,"https://static.www.nfl.com/image/upload/f_auto,q_auto/league/pjdx1jdr9snczoeyevli",2023,REG,DEN,10,0,0,0,0,0,0,0,0,0,0,0,0,,,0,,0,0,0,0,0,0,0,0,0,0,,0,0,0,0,0,19,30,284,4,0,0,328,89,12,21.36165455165671,1,11,7,6,1,0.8658536585365854,0.06289308176100629,0.08737346830047948,0.1555010504518451,0,0,0,0,0,0,0,0.0,0.0,0,0,0,0,0,0,0,0,0,0,0,0,0,3,15,0,0,0,0,0,0,0,0,0,0,0,0,0,,,0,0,0,0,0,0,0,0,0,0,0,0,,,,0,0,0,0,0,0,0,,0,0,0,0,,0,0,,0,0,0,0,0,0,0,0,0,0,54.400000000000006,73.4
00-0037383,K.Mauga,Kana'i Mauga,ILB,LB,"https://static.www.nfl.com/image/upload/f_auto,q_auto/league/lh27qiuvou0wapxxg83j",2023,REG,LV,2,0,0,0,0,0,0,0,0,0,0,0,0,,,0,,0,0,0,0,0,0,0,0,0,0,,0,0,0,0,0,0,0,0,0,0,0,0,0,0,,0,0,0,0,0,,0.0,0.0,0.0,0,1,0,2,0,0,0,0.0,0.0,0,0,0,0,0,0,0,0,0,0,0,0,0,0,0,0,0,0,0,0,0,0,0,0,0,0,0,0,,,0,0,0,0,0,0,0,0,0,0,0,0,,,,0,0,0,0,0,0,0,,0,0,0,0,,0,0,,0,0,0,0,0,0,0,0,0,0,0.0,0.0
00-0037384,J.McMillian,Ja'Quan McMillian,CB,DB,"https://static.www.nfl.com/image/upload/f_auto,q_auto/league/kpgabuesfqci0swbrkem",2023,REG,DEN,12,0,0,0,0,0,0,0,0,0,0,0,0,,,0,,0,0,0,0,0,0,0,0,0,0,,0,0,0,0,0,0,0,0,0,0,0,0,0,0,,0,0,0,0,0,,0.0,0.0,0.0,0,31,6,14,5,33,2,2.0,15.0,3,2,14,5,0,0,0,0,0,0,2,5,0,1,9,0,0,0,0,0,0,0,0,0,0,0,0,0,,,0,0,0,0,0,0,0,0,0,0,0,0,,,,0,0,0,0,0,0,0,,0,0,0,0,,0,0,,0,0,0,0,0,0,0,0,0,0,0.0,0.0
00-0037392,T.Denbow,Trevor Denbow,DB,DB,"https://static.www.nfl.com/image/upload/f_auto,q_auto/league/wrrbgysos44kvlx19rzb",2023,REG,IND,10,0,0,0,0,0,0,0,0,0,0,0,0,,,0,,0,0,0,0,0,0,0,0,0,0,,0,0,0,0,0,0,0,0,0,0,0,0,0,0,,0,0,0,0,0,,0.0,0.0,0.0,0,6,3,3,0,0,0,0.0,0.0,0,0,0,0,0,0,0,0,0,0,0,0,0,0,0,0,0,0,0,0,0,0,0,0,0,0,0,0,,,0,0,0,0,0,0,0,0,0,0,0,0,,,,0,0,0,0,0,0,0,,0,0,0,0,,0,0,,0,0,0,0,0,0,0,0,0,0,0.0,0.0
00-0037393,J.Domann,JoJo Domann,LB,LB,"https://static.www.nfl.com/image/upload/f_auto,q_auto/league/htqh9jv53g4fxryxbd8a",2023,REG,TEN,3,0,0,0,0,0,0,0,0,0,0,0,0,,,0,,0,0,0,0,0,0,0,0,0,0,,0,0,0,0,0,0,0,0,0,0,0,0,0,0,,0,0,0,0,0,,0.0,0.0,0.0,0,1,0,2,0,0,0,0.0,0.0,0,0,0,0,0,0,0,0,0,0,0,0,0,1,10,0,0,0,0,0,0,0,0,0,0,0,0,0,,,0,0,0,0,0,0,0,0,0,0,0,0,,,,0,0,0,0,0,0,0,,0,0,0,0,,0,0,,0,0,0,0,0,0,0,0,0,0,0.0,0.0
00-0037395,D.Flowers,Dallis Flowers,CB,DB,"https://static.www.nfl.com/image/upload/f_auto,q_auto/league/ejoqt02yk1eubbibnxre",2023,REG,IND,4,0,0,0,0,0,0,0,0,0,0,0,0,,,0,,0,0,0,0,0,0,0,0,0,0,,0,0,0,0,0,0,0,0,0,0,0,0,0,0,,0,0,0,0,0,,0.0,0.0,0.0,0,11,0,4,1,1,0,0.0,0.0,0,0,0,3,0,0,0,0,0,0,0,0,0,0,0,0,0,0,0,0,0,0,1,19,0,0,0,0,,,0,0,0,0,0,0,0,0,0,0,0,0,,,,0,0,0,0,0,0,0,,0,0,0,0,,0,0,,0,0,0,0,0,0,0,0,0,0,0.0,0.0
00-0037396,W.French,Wesley French,C,OL,"https://static.www.nfl.com/image/upload/f_auto,q_auto/league/jd4pp7egjcodrh7e5k1l",2023,REG,IND,1,0,0,0,0,0,0,0,0,0,0,0,0,,,0,,0,0,0,0,0,0,0,0,0,0,,0,0,0,0,0,0,0,0,0,0,0,0,0,0,,0,0,0,0,0,,0.0,0.0,0.0,0,0,0,0,0,0,0,0.0,0.0,0,0,0,0,0,0,0,0,0,0,0,0,0,1,4,0,0,0,0,0,0,0,0,0,0,0,0,0,,,0,0,0,0,0,0,0,0,0,0,0,0,,,,0,0,0,0,0,0,0,,0,0,0,0,,0,0,,0,0,0,0,0,0,0,0,0,0,0.0,0.0
00-0037410,J.Corbin,Jashaun Corbin,RB,RB,"https://static.www.nfl.com/image/upload/f_auto,q_auto/league/ovzlcbe1osd6ugfxu55d",2023,REG,NYG,3,0,0,0,0,0,0,0,0,0,0,0,0,,,0,,0,0,0,0,1,1,0,0,0,1,1.8487897993181832,0,0,0,0,0,3,3,12,0,0,0,-1,13,1,2.7991792996181175,0,0,0,0,0,-12.0,0.006185567010309278,-0.0002641310089804543,0.009093458809177599,0,1,1,1,0,0,0,0.0,0.0,0,0,0,0,0,0,0,0,0,0,0,0,0,1,5,0,0,0,0,0,0,0,0,0,0,0,0,0,,,0,0,0,0,0,0,0,0,0,0,0,0,,,,0,0,0,0,0,0,0,,0,0,0,0,,0,0,,0,0,0,0,0,0,0,0,0,0,1.3,4.3
00-0037412,C.Adomitis,Cal Adomitis,LS,SPEC,"https://static.www.nfl.com/image/upload/f_auto,q_auto/league/hi1jz8g2dtq0l6efegra",2023,REG,CIN,1,0,0,0,0,0,0,0,0,0,0,0,0,,,0,,0,0,0,0,0,0,0,0,0,0,,0,0,0,0,0,0,0,0,0,0,0,0,0,0,,0,0,0,0,0,,0.0,0.0,0.0,0,1,0,0,0,0,0,0.0,0.0,0,0,0,0,0,0,0,0,0,0,0,0,0,0,0,0,0,0,0,0,0,0,0,0,0,0,0,0,,,0,0,0,0,0,0,0,0,0,0,0,0,,,,0,0,0,0,0,0,0,,0,0,0,0,,0,0,,0,0,0,0,0,0,0,0,0,0,0.0,0.0
00-0037420,K.Lassiter,Kwamie Lassiter II,WR,WR,"https://static.www.nfl.com/image/private/f_auto,q_auto/league/emeqage9tq2mlpnlkzl9",2023,REG,CIN,1,0,0,0,0,0,0,0,0,0,0,0,0,,,0,,0,0,0,0,0,0,0,0,0,0,,0,0,0,0,0,1,1,2,0,0,0,-1,3,0,0.22231479996116832,0,0,0,0,0,0.0,0.0016891891891891893,-0.00025786487880350697,0.002353278368621329,0,0,0,0,0,0,0,0.0,0.0,0,0,0,0,0,0,0,0,0,0,0,0,0,0,0,0,0,0,0,0,0,0,0,0,0,0,0,0,,,0,0,0,0,0,0,0,0,0,0,0,0,,,,0,0,0,0,0,0,0,,0,0,0,0,,0,0,,0,0,0,0,0,0,0,0,0,0,0.2,1.2
00-0037429,R.Blackshear,Raheem Blackshear,RB,RB,"https://static.www.nfl.com/image/upload/f_auto,q_auto/league/hzdyiuzm78dpedlcicwy",2023,REG,CAR,9,0,0,0,0,0,0,0,0,0,0,0,0,,,0,,0,0,0,0,14,46,0,0,0,1,-3.439898128384578,1,0,0,0,0,6,7,45,0,0,0,13,38,1,-2.0544214530382305,0,1,1,0,0,3.4615384615384617,0.013108614232209739,0.0029004908522980814,0.02169326494492326,0,0,0,0,0,0,0,0.0,0.0,0,0,0,0,0,0,0,0,0,0,0,0,0,0,0,0,0,0,0,0,0,0,16,430,0,0,0,0,,,0,0,0,0,0,0,0,0,0,0,0,0,,,,0,0,0,0,0,0,0,,0,0,0,0,,0,0,,0,0,0,0,0,0,0,0,0,0,11.1,17.1
00-0037431,K.Jonathan,Kingsley Jonathan,DE,DL,"https://static.www.nfl.com/image/upload/f_auto,q_auto/league/bqknndwhdjnpkzp9h59r",2023,REG,BUF,6,0,0,0,0,0,0,0,0,0,0,0,0,,,0,,0,0,0,0,0,0,0,0,0,0,,0,0,0,0,0,0,0,0,0,0,0,0,0,0,,0,0,0,0,0,,0.0,0.0,0.0,0,2,1,2,0,0,1,0.0,0.0,2,0,0,0,0,0,0,0,0,0,0,0,0,0,0,0,0,0,0,0,0,0,0,0,0,0,0,0,,,0,0,0,0,0,0,0,0,0,0,0,0,,,,0,0,0,0,0,0,0,,0,0,0,0,,0,0,,0,0,0,0,0,0,0,0,0,0,0.0,0.0
00-0037447,T.Fox,Tomon Fox,LB,LB,"https://static.www.nfl.com/image/upload/f_auto,q_auto/league/lccvchowchcmx5ymg67u",2023,REG,NYG,1,0,0,0,0,0,0,0,0,0,0,0,0,,,0,,0,0,0,0,0,0,0,0,0,0,,0,0,0,0,0,0,0,0,0,0,0,0,0,0,,0,0,0,0,0,,0.0,0.0,0.0,0,1,0,0,0,0,0,0.0,0.0,0,0,0,0,0,0,0,0,0,0,0,0,0,0,0,0,0,0,0,0,0,0,0,0,0,0,0,0,,,0,0,0,0,0,0,0,0,0,0,0,0,,,,0,0,0,0,0,0,0,,0,0,0,0,,0,0,,0,0,0,0,0,0,0,0,0,0,0.0,0.0
00-0037451,R.Williams,Rod Williams,TE,TE,"https://static.www.nfl.com/image/upload/f_auto,q_auto/league/wdqerph3lu151tifksgo",2023,REG,PIT,6,0,0,0,0,0,0,0,0,0,0,0,0,,,0,,0,0,0,0,0,0,0,0,0,0,,0,0,0,0,0,0,2,0,0,0,0,8,0,0,-0.6810534338583238,0,0,0,0,0,0.0,0.004132231404958678,0.0021136063408190224,0.007677871546011333,0,5,0,1,0,0,0,0.0,0.0,0,0,0,0,0,0,0,0,0,0,0,0,0,0,0,0,0,0,0,0,0,0,0,0,0,0,0,0,,,0,0,0,0,0,0,0,0,0,0,0,0,,,,0,0,0,0,0,0,0,,0,0,0,0,,0,0,,0,0,0,0,0,0,0,0,0,0,0.0,0.0
00-0037457,J.Hansen,Jake Hansen,LB,LB,"https://static.www.nfl.com/image/upload/f_auto,q_auto/league/x63vwyjtybkdrulfmr2j",2023,REG,HOU,8,0,0,0,0,0,0,0,0,0,0,0,0,,,0,,0,0,0,0,0,0,0,0,0,0,,0,0,0,0,0,0,0,0,0,0,0,0,0,0,,0,0,0,0,0,,0.0,0.0,0.0,0,5,3,4,0,0,0,0.0,0.0,0,0,0,0,0,0,0,0,0,0,0,0,0,0,0,0,0,0,0,0,0,0,0,0,0,0,0,0,,,0,0,0,0,0,0,0,0,0,0,0,0,,,,0,0,0,0,0,0,0,,0,0,0,0,,0,0,,0,0,0,0,0,0,0,0,0,0,0.0,0.0
00-0037459,K.Hinish,Kurt Hinish,DT,DL,"https://static.www.nfl.com/image/upload/f_auto,q_auto/league/gqis1rtyk7axeywb6cls",2023,REG,HOU,14,0,0,0,0,0,0,0,0,0,0,0,0,,,0,,0,0,0,0,0,0,0,0,0,0,,0,0,0,0,0,0,0,0,0,0,0,0,0,0,,0,0,0,0,0,,0.0,0.0,0.0,0,7,4,11,1,4,0,0.5,4.0,2,0,0,1,0,0,0,0,0,0,0,0,0,5,25,0,0,0,0,0,0,0,0,0,0,0,0,0,,,0,0,0,0,0,0,0,0,0,0,0,0,,,,0,0,0,0,0,0,0,,0,0,0,0,,0,0,,0,0,0,0,0,0,0,0,0,0,0.0,0.0
00-0037461,T.McCollum,Tristin McCollum,DB,DB,"https://static.www.nfl.com/image/upload/f_auto,q_auto/league/lob4yulcbxvkweblc0dg",2023,REG,PHI,1,0,0,0,0,0,0,0,0,0,0,0,0,,,0,,0,0,0,0,0,0,0,0,0,0,,0,0,0,0,0,0,0,0,0,0,0,0,0,0,,0,0,0,0,0,,0.0,0.0,0.0,0,3,1,2,0,0,0,0.0,0.0,0,0,0,0,0,0,0,0,0,0,0,0,0,0,0,0,0,0,0,0,0,0,0,0,0,0,0,0,,,0,0,0,0,0,0,0,0,0,0,0,0,,,,0,0,0,0,0,0,0,,0,0,0,0,,0,0,,0,0,0,0,0,0,0,0,0,0,0.0,0.0
00-0037468,R.Layne,Raheem Layne,SAF,DB,"https://static.www.nfl.com/image/upload/f_auto,q_auto/league/gb6jlranah8r9odgtmhd",2023,REG,LAC,2,0,0,0,0,0,0,0,0,0,0,0,0,,,0,,0,0,0,0,0,0,0,0,0,0,,0,0,0,0,0,0,0,0,0,0,0,0,0,0,,0,0,0,0,0,,0.0,0.0,0.0,0,3,0,2,0,0,0,0.0,0.0,0,0,0,0,0,0,0,0,0,0,0,0,0,1,15,0,0,0,0,0,0,0,0,0,0,0,0,0,,,0,0,0,0,0,0,0,0,0,0,0,0,,,,0,0,0,0,0,0,0,,0,0,0,0,,0,0,,0,0,0,0,0,0,0,0,0,0,0.0,0.0
00-0037474,T.Shelby,Ty Shelby,DE,DL,"https://static.www.nfl.com/image/upload/f_auto,q_auto/league/r95yblkfziej5jumrmbf",2023,REG,LAC,1,0,0,0,0,0,0,0,0,0,0,0,0,,,0,,0,0,0,0,0,0,0,0,0,0,,0,0,0,0,0,0,0,0,0,0,0,0,0,0,,0,0,0,0,0,,0.0,0.0,0.0,0,0,1,0,0,0,0,0.0,0.0,0,0,0,0,0,0,0,0,0,0,0,0,0,0,0,0,0,0,0,0,0,0,0,0,0,0,0,0,,,0,0,0,0,0,0,0,0,0,0,0,0,,,,0,0,0,0,0,0,0,,0,0,0,0,,0,0,,0,0,0,0,0,0,0,0,0,0,0.0,0.0
00-0037475,S.Smartt,Stone Smartt,TE,TE,"https://static.www.nfl.com/image/upload/f_auto,q_auto/league/fdmnvrjgz8cqnxjtukzd",2023,REG,LAC,12,0,0,0,0,0,0,0,0,0,0,0,0,,,0,,0,0,0,0,0,0,0,0,0,0,,0,0,0,0,0,11,21,155,1,0,0,180,56,6,3.3231554576306586,0,4,4,3,1,0.8611111111111112,0.03420195439739414,0.03803084724276357,0.0779245246660257,0,0,0,0,0,0,0,0.0,0.0,0,0,0,0,0,0,0,0,0,0,0,0,0,3,30,0,0,0,0,0,0,0,0,0,0,0,0,0,,,0,0,0,0,0,0,0,0,0,0,0,0,,,,0,0,0,0,0,0,0,,0,0,0,0,,0,0,,0,0,0,0,0,0,0,0,0,0,21.5,32.5
00-0037481,O.Fatukasi,Olakunle Fatukasi,ILB,LB,"https://static.www.nfl.com/image/upload/f_auto,q_auto/league/qfsjnlwganiofilfdvph",2023,REG,LA,1,0,0,0,0,0,0,0,0,0,0,0,0,,,0,,0,0,0,0,0,0,0,0,0,0,,0,0,0,0,0,0,0,0,0,0,0,0,0,0,,0,0,0,0,0,,0.0,0.0,0.0,0,0,0,1,0,0,0,0.0,0.0,0,0,0,0,0,0,0,0,0,0,0,0,0,0,0,0,0,0,0,0,0,0,0,0,0,0,0,0,,,0,0,0,0,0,0,0,0,0,0,0,0,,,,0,0,0,0,0,0,0,,0,0,0,0,,0,0,,0,0,0,0,0,0,0,0,0,0,0.0,0.0
00-0037487,D.Thompkins,Deven Thompkins,WR,WR,"https://static.www.nfl.com/image/private/f_auto,q_auto/league/gt0yeyl9y8s6onw8wcdr",2023,REG,TB,17,0,0,0,0,0,0,0,0,0,0,0,0,,,0,,0,0,0,0,8,56,0,0,0,4,3.925564410194056,0,3,1,0,0,17,25,83,1,1,1,163,74,5,-8.702345053430081,0,1,1,1,0,0.50920245398773,0.045454545454545456,0.033504624871531344,0.09163505559189011,0,1,0,1,0,0,0,0.0,0.0,0,0,0,0,0,2,0,0,1,0,0,0,0,1,5,2,1,1,3,1,25,234,16,327,0,0,0,0,,,0,0,0,0,0,0,0,0,0,0,0,0,,,,0,0,0,0,0,0,0,,0,0,0,0,,0,0,,0,0,0,0,0,0,0,0,0,0,17.9,34.9
00-0037491,J.Russell,J.J. Russell,ILB,LB,"https://static.www.nfl.com/image/upload/f_auto,q_auto/league/lq6h1zfzzkq3u2zbbosh",2023,REG,TB,5,0,0,0,0,0,0,0,0,0,0,0,0,,,0,,0,0,0,0,0,0,0,0,0,0,,0,0,0,0,0,0,0,0,0,0,0,0,0,0,,0,0,0,0,0,,0.0,0.0,0.0,0,7,0,3,1,9,0,1.0,9.0,1,0,0,0,0,0,0,0,0,0,0,0,0,1,10,0,0,0,0,0,0,0,0,0,0,0,0,0,,,0,0,0,0,0,0,0,0,0,0,0,0,,,,0,0,0,0,0,0,0,,0,0,0,0,,0,0,,0,0,0,0,0,0,0,0,0,0,0.0,0.0
00-0037493,M.Brown,Mike Brown,SAF,DB,"https://static.www.nfl.com/image/upload/f_auto,q_auto/league/ztb9tdt5ihd7gmjyspbz",2023,REG,TEN,4,0,0,0,0,0,0,0,0,0,0,0,0,,,0,,0,0,0,0,0,0,0,0,0,0,,0,0,0,0,0,0,0,0,0,0,0,0,0,0,,0,0,0,0,0,,0.0,0.0,0.0,0,4,1,2,0,0,0,0.0,0.0,0,0,0,1,0,0,0,0,0,0,0,0,0,1,15,0,0,0,0,0,0,0,0,0,0,0,0,0,,,0,0,0,0,0,0,0,0,0,0,0,0,,,,0,0,0,0,0,0,0,,0,0,0,0,,0,0,,0,0,0,0,0,0,0,0,0,0,0.0,0.0
00-0037500,R.Wright,Ryan Wright,P,SPEC,"https://static.www.nfl.com/image/upload/f_auto,q_auto/league/n7t34xvfvc2pxgtcwnlw",2023,REG,MIN,17,0,0,0,0,0,0,0,0,0,0,0,0,,,0,,0,0,0,0,0,0,0,0,0,0,,0,0,0,0,0,0,0,0,0,0,0,0,0,0,,0,0,0,0,0,,0.0,0.0,0.0,0,0,0,0,0,0,0,0.0,0.0,0,0,0,0,0,0,0,0,0,0,0,0,0,0,0,0,0,0,0,0,0,0,0,0,0,0,0,0,,,0,0,0,0,0,0,0,0,0,0,0,0,,,,0,0,0,0,0,0,0,,0,0,0,0,,59,0,68,2873,16,7,2,7,16,27,260,0,2473,0.0,0.0
00-0037506,C.Fotheringham,Cole Fotheringham,TE,TE,"https://static.www.nfl.com/image/upload/f_auto,q_auto/league/stshlkkfc995vk5tuhtd",2023,REG,LV,1,0,0,0,0,0,0,0,0,0,0,0,0,,,0,,0,0,0,0,0,0,0,0,0,0,,0,0,0,0,0,1,1,6,0,0,0,1,5,0,0.21242226101458073,0,0,0,0,0,6.0,0.0018832391713747645,0.000233590282644242,0.002988371954913116,0,0,0,0,0,0,0,0.0,0.0,0,0,0,0,0,0,0,0,0,0,0,0,0,0,0,0,0,0,0,0,0,0,0,0,0,0,0,0,,,0,0,0,0,0,0,0,0,0,0,0,0,,,,0,0,0,0,0,0,0,,0,0,0,0,,0,0,,0,0,0,0,0,0,0,0,0,0,0.6000000000000001,1.6
00-0037512,I.Pola-Mao,Isaiah Pola-Mao,SAF,DB,"https://static.www.nfl.com/image/upload/f_auto,q_auto/league/iv2fsbkqbciaglpqrlbd",2023,REG,LV,6,0,0,0,0,0,0,0,0,0,0,0,0,,,0,,0,0,0,0,0,0,0,0,0,0,,0,0,0,0,0,0,0,0,0,0,0,0,0,0,,0,0,0,0,0,,0.0,0.0,0.0,0,12,2,6,1,7,0,1.0,7.0,1,1,0,1,0,0,0,0,0,0,0,0,0,0,0,0,0,0,0,0,0,0,0,0,0,0,0,0,,,0,0,0,0,0,0,0,0,0,0,0,0,,,,0,0,0,0,0,0,0,,0,0,0,0,,0,0,,0,0,0,0,0,0,0,0,0,0,0.0,0.0
00-0037515,Z.VanValkenburg,Zach VanValkenburg,LB,LB,"https://static.www.nfl.com/image/upload/f_auto,q_auto/league/yczkg02wj4bqzue9fxcw",2023,REG,LA,6,0,0,0,0,0,0,0,0,0,0,0,0,,,0,,0,0,0,0,0,0,0,0,0,0,,0,0,0,0,0,0,0,0,0,0,0,0,0,0,,0,0,0,0,0,,0.0,0.0,0.0,0,2,2,5,1,8,0,1.0,8.0,2,0,0,0,0,0,0,0,0,0,0,0,0,0,0,0,0,0,0,0,0,0,0,0,0,0,0,0,,,0,0,0,0,0,0,0,0,0,0,0,0,,,,0,0,0,0,0,0,0,,0,0,0,0,,0,0,,0,0,0,0,0,0,0,0,0,0,0.0,0.0
00-0037517,L.Masterson,Luke Masterson,LB,LB,"https://static.www.nfl.com/image/upload/f_auto,q_auto/league/fwfobtgnbj9tdku4vuwd",2023,REG,LV,11,0,0,0,0,0,0,0,0,0,0,0,0,,,0,,0,0,0,0,0,0,0,0,0,0,,0,0,0,0,0,0,0,0,0,0,0,0,0,0,,0,0,0,0,0,,0.0,0.0,0.0,0,15,2,10,0,0,2,0.0,0.0,0,0,0,1,0,0,0,0,0,0,0,0,0,1,15,0,0,0,0,0,0,0,0,0,0,0,0,0,,,0,0,0,0,0,0,0,0,0,0,0,0,,,,0,0,0,0,0,0,0,,0,0,0,0,,0,0,,0,0,0,0,0,0,0,0,0,0,0.0,0.0
00-0037521,T.Hawkins,Tayler Hawkins,SAF,DB,"https://static.www.nfl.com/image/upload/f_auto,q_auto/league/fy8lsab65a6ojkzy1l0h",2023,REG,SF,1,0,0,0,0,0,0,0,0,0,0,0,0,,,0,,0,0,0,0,0,0,0,0,0,0,,0,0,0,0,0,0,0,0,0,0,0,0,0,0,,0,0,0,0,0,,0.0,0.0,0.0,0,3,0,1,0,0,0,0.0,0.0,0,1,0,1,0,0,0,0,0,0,0,0,0,1,48,0,0,0,0,0,0,0,0,0,0,0,0,0,,,0,0,0,0,0,0,0,0,0,0,0,0,,,,0,0,0,0,0,0,0,,0,0,0,0,,0,0,,0,0,0,0,0,0,0,0,0,0,0.0,0.0
00-0037525,J.Mason,Jordan Mason,RB,RB,"https://static.www.nfl.com/image/upload/f_auto,q_auto/league/ixykwytfrfz1cdxlhj5w",2023,REG,SF,16,0,0,0,0,0,0,0,0,0,0,0,0,,,0,,0,0,0,0,40,206,3,0,0,13,5.648756881215377,0,4,3,1,0,3,4,31,0,0,0,12,23,1,0.7659366576117463,0,2,0,0,0,2.5833333333333335,0.008492569002123142,0.0029865604778496766,0.014829445837679488,0,4,0,5,0,0,0,0.0,0.0,0,0,0,0,0,0,0,0,0,0,0,0,0,0,0,0,0,0,0,0,0,0,2,40,0,0,0,0,,,0,0,0,0,0,0,0,0,0,0,0,0,,,,0,0,0,0,0,0,0,,0,0,0,0,,0,0,,0,0,0,0,0,0,0,0,0,0,41.7,44.7
00-0037527,S.Olubi,Segun Olubi,LB,LB,"https://static.www.nfl.com/image/upload/f_auto,q_auto/league/llpctz5sjgveunckp3pe",2023,REG,IND,7,0,0,0,0,0,0,0,0,0,0,0,0,,,0,,0,0,0,0,0,0,0,0,0,0,,0,0,0,0,0,0,0,0,0,0,0,0,0,0,,0,0,0,0,0,,0.0,0.0,0.0,0,15,5,6,0,0,0,0.0,0.0,0,1,0,1,0,0,0,0,0,0,1,6,0,0,0,0,0,0,0,0,0,0,0,0,0,0,0,0,,,0,0,0,0,0,0,0,0,0,0,0,0,,,,0,0,0,0,0,0,0,,0,0,0,0,,0,0,,0,0,0,0,0,0,0,0,0,0,0.0,0.0
00-0037536,V.Gray,Vincent Gray,DB,DB,"https://static.www.nfl.com/image/upload/f_auto,q_auto/league/dgaik8dgshwguocm9fcz",2023,REG,CLE,1,0,0,0,0,0,0,0,0,0,0,0,0,,,0,,0,0,0,0,0,0,0,0,0,0,,0,0,0,0,0,0,0,0,0,0,0,0,0,0,,0,0,0,0,0,,0.0,0.0,0.0,0,4,0,1,0,0,0,0.0,0.0,0,0,0,2,0,0,0,0,0,0,0,0,0,0,0,0,0,0,0,0,0,0,0,0,0,0,0,0,,,0,0,0,0,0,0,0,0,0,0,0,0,,,,0,0,0,0,0,0,0,,0,0,0,0,,0,0,,0,0,0,0,0,0,0,0,0,0,0.0,0.0
00-0037539,L.Krull,Lucas Krull,TE,TE,"https://static.www.nfl.com/image/upload/f_auto,q_auto/league/eolvpkk5jjmipuqmf5v6",2023,REG,DEN,7,0,0,0,0,0,0,0,0,0,0,0,0,,,0,,0,0,0,0,0,0,0,0,0,0,,0,0,0,0,0,8,14,95,1,0,0,133,50,5,1.9564658849324568,0,3,2,1,0,0.7142857142857143,0.029350104821802937,0.035428875865743205,0.06882537033872466,0,0,0,0,0,0,0,0.0,0.0,0,0,0,0,0,0,0,0,0,0,0,0,0,0,0,0,0,0,0,0,0,0,0,0,0,0,0,0,,,0,0,0,0,0,0,0,0,0,0,0,0,,,,0,0,0,0,0,0,0,,0,0,0,0,,0,0,,0,0,0,0,0,0,0,0,0,0,15.5,23.5
00-0037544,N.Sewell,Nephi Sewell,LB,LB,"https://static.www.nfl.com/image/upload/f_auto,q_auto/league/hxphcudtmtcfbazd36kn",2023,REG,NO,7,0,0,0,0,0,0,0,0,0,0,0,0,,,0,,0,0,0,0,0,0,0,0,0,0,,0,0,0,0,0,0,0,0,0,0,0,0,0,0,,0,0,0,0,0,,0.0,0.0,0.0,0,8,3,4,2,7,1,0.0,0.0,0,0,0,0,0,0,0,0,0,0,0,0,0,0,0,0,0,0,0,0,0,0,0,0,0,0,0,0,,,0,0,0,0,0,0,0,0,0,0,0,0,,,,0,0,0,0,0,0,0,,0,0,0,0,,0,0,,0,0,0,0,0,0,0,0,0,0,0.0,0.0
00-0037545,R.Shaheed,Rashid Shaheed,WR,WR,"https://static.www.nfl.com/image/upload/f_auto,q_auto/league/ynsy489xqmiwt5q9whty",2023,REG,NO,15,0,0,0,0,0,0,0,0,0,0,0,0,,,0,,0,0,0,0,7,37,0,0,0,1,-1.1300117239588872,0,1,1,0,0,46,75,719,5,0,0,1094,151,27,12.090541416417992,0,23,15,12,7,0.6572212065813529,0.12953367875647667,0.21810207336523127,0.3469719694903769,1,0,0,0,0,0,0,0.0,0.0,0,0,0,0,0,0,0,0,0,0,0,0,0,3,15,1,0,0,1,1,25,339,18,384,0,0,0,0,,,0,0,0,0,0,0,0,0,0,0,0,0,,,,0,0,0,0,0,0,0,,0,0,0,0,,0,0,,0,0,0,0,0,0,0,0,0,0,111.60000000000001,157.60000000000002
00-0037547,D.Whelan,Daniel Whelan,P,SPEC,"https://static.www.nfl.com/image/upload/f_auto,q_auto/league/lqnpsqdo5gpoxxirr9b6",2023,REG,GB,16,0,0,0,0,0,0,0,0,0,0,0,0,,,0,,0,0,0,0,0,0,0,0,0,0,,0,0,0,0,0,0,0,0,0,0,0,0,0,0,,0,0,0,0,0,,0.0,0.0,0.0,0,0,0,0,0,0,0,0.0,0.0,0,0,0,0,0,0,0,0,0,0,0,0,0,0,0,0,0,0,0,0,0,0,0,0,0,0,0,0,,,0,0,0,0,0,0,0,0,0,0,0,0,,,,0,0,0,0,0,0,0,,0,0,0,0,,57,0,68,2634,18,2,5,5,22,23,270,1,2264,0.0,0.0
00-0037549,D.Baker,Darrell Baker Jr.,CB,DB,"https://static.www.nfl.com/image/upload/f_auto,q_auto/league/e536r65rabmkj6idcwpb",2023,REG,IND,9,0,0,0,0,0,0,0,0,0,0,0,0,,,0,,0,0,0,0,0,0,0,0,0,0,,0,0,0,0,0,0,0,0,0,0,0,0,0,0,,0,0,0,0,0,,0.0,0.0,0.0,0,25,3,7,0,0,0,0.0,0.0,0,0,0,7,0,0,0,0,0,0,0,0,0,2,12,0,0,0,0,0,0,0,0,0,0,0,0,0,,,0,0,0,0,0,0,0,0,0,0,0,0,,,,0,0,0,0,0,0,0,,0,0,0,0,,0,0,,0,0,0,0,0,0,0,0,0,0,0.0,0.0
00-0037557,R.Rivers,Ronnie Rivers,RB,RB,"https://static.www.nfl.com/image/upload/f_auto,q_auto/league/ykza0uhrd73htnmjwbrk",2023,REG,LA,9,0,0,0,0,0,0,0,0,0,0,0,0,,,0,,0,0,0,0,32,129,0,0,0,4,-4.549811472872729,0,2,0,0,0,5,5,22,0,0,0,-19,41,0,-0.6381978864083067,0,1,0,0,0,-1.1578947368421053,0.009009009009009009,-0.004215664521854893,0.01056254834821509,0,0,0,0,0,0,0,0.0,0.0,0,0,0,0,0,0,0,0,0,0,0,0,0,0,0,0,0,0,0,0,0,0,1,16,0,0,0,0,,,0,0,0,0,0,0,0,0,0,0,0,0,,,,0,0,0,0,0,0,0,,0,0,0,0,,0,0,,0,0,0,0,0,0,0,0,0,0,15.100000000000001,20.1
00-0037560,C.Wooten,Chandler Wooten,LB,LB,"https://static.www.nfl.com/image/upload/f_auto,q_auto/league/xil7lf1lnywgdsc8wclv",2023,REG,CAR,4,0,0,0,0,0,0,0,0,0,0,0,0,,,0,,0,0,0,0,0,0,0,0,0,0,,0,0,0,0,0,0,0,0,0,0,0,0,0,0,,0,0,0,0,0,,0.0,0.0,0.0,0,2,0,6,0,0,0,0.0,0.0,0,0,0,0,0,0,0,0,0,0,1,0,0,2,10,0,0,0,0,0,0,0,0,0,0,0,0,0,,,0,0,0,0,0,0,0,0,0,0,0,0,,,,0,0,0,0,0,0,0,,0,0,0,0,,0,0,,0,0,0,0,0,0,0,0,0,0,0.0,0.0
00-0037561,M.Bell,Markquese Bell,SAF,DB,"https://static.www.nfl.com/image/upload/f_auto,q_auto/league/tltiuomelvkre4tsp25s",2023,REG,DAL,17,0,0,0,0,0,0,0,0,0,0,0,0,,,0,,0,0,0,0,0,0,0,0,0,0,,0,0,0,0,0,0,0,0,0,0,0,0,0,0,,0,0,0,0,0,,0.0,0.0,0.0,0,50,10,34,3,9,2,0.0,0.0,0,0,0,4,0,0,0,0,0,0,0,0,0,2,20,0,0,0,0,0,0,0,0,0,0,0,0,0,,,0,0,0,0,0,0,0,0,0,0,0,0,,,,0,0,0,0,0,0,0,,0,0,0,0,,0,0,,0,0,0,0,0,0,0,0,0,0,0.0,0.0
00-0037563,M.Davis,Malik Davis,RB,RB,"https://static.www.nfl.com/image/upload/f_auto,q_auto/league/mdjhv8xuitxkn7oefwty",2023,REG,DAL,1,0,0,0,0,0,0,0,0,0,0,0,0,,,0,,0,0,0,0,0,0,0,0,0,0,,0,0,0,0,0,0,0,0,0,0,0,0,0,0,,0,0,0,0,0,,0.0,0.0,0.0,0,1,0,0,0,0,0,0.0,0.0,0,0,0,0,0,0,0,0,0,0,0,0,0,0,0,0,0,0,0,0,0,0,0,0,0,0,0,0,,,0,0,0,0,0,0,0,0,0,0,0,0,,,,0,0,0,0,0,0,0,,0,0,0,0,,0,0,,0,0,0,0,0,0,0,0,0,0,0.0,0.0
00-0037569,P.Hendershot,Peyton Hendershot,TE,TE,"https://static.www.nfl.com/image/upload/f_auto,q_auto/league/d8plvjsvwdadr1ap93ci",2023,REG,DAL,8,0,0,0,0,0,0,0,0,0,0,0,0,,,0,,0,0,0,0,1,0,0,0,0,0,-0.20438591268612072,0,0,0,0,0,4,7,38,0,0,0,27,28,1,-1.4083490907796659,0,1,1,1,0,1.4074074074074074,0.011570247933884297,0.005632040050062578,0.02129779993587025,0,1,0,2,0,0,0,0.0,0.0,0,0,0,0,0,0,0,0,0,0,0,0,0,2,20,0,0,0,0,0,0,0,0,0,0,0,0,0,,,0,0,0,0,0,0,0,0,0,0,0,0,,,,0,0,0,0,0,0,0,,0,0,0,0,,0,0,,0,0,0,0,0,0,0,0,0,0,3.8000000000000003,7.800000000000001
00-0037578,J.Thomas,Juanyeh Thomas,SAF,DB,"https://static.www.nfl.com/image/upload/f_auto,q_auto/league/ftxdnkfoymrgcc96zlnt",2023,REG,DAL,10,0,0,0,0,0,0,0,0,0,0,0,0,,,0,,0,0,0,0,0,0,0,0,0,0,,0,0,0,0,0,0,0,0,0,0,0,0,0,0,,0,0,0,0,0,,0.0,0.0,0.0,0,12,2,8,0,0,0,0.0,0.0,0,0,0,4,0,0,0,0,0,0,0,0,0,2,15,0,0,0,0,0,0,0,0,0,0,0,0,0,,,0,0,0,0,0,0,0,0,0,0,0,0,,,,0,0,0,0,0,0,0,,0,0,0,0,,0,0,,0,0,0,0,0,0,0,0,0,0,0.0,0.0
00-0037585,T.Horne,Timmy Horne,DT,DL,"https://static.www.nfl.com/image/upload/f_auto,q_auto/league/tgtw0t2gjcsejvro76ts",2023,REG,ATL,3,0,0,0,0,0,0,0,0,0,0,0,0,,,0,,0,0,0,0,0,0,0,0,0,0,,0,0,0,0,0,0,0,0,0,0,0,0,0,0,,0,0,0,0,0,,0.0,0.0,0.0,0,0,0,4,0,0,0,0.0,0.0,0,0,0,1,0,0,0,0,0,0,0,0,0,0,0,0,0,0,0,0,0,0,0,0,0,0,0,0,,,0,0,0,0,0,0,0,0,0,0,0,0,,,,0,0,0,0,0,0,0,,0,0,0,0,,0,0,,0,0,0,0,0,0,0,0,0,0,0.0,0.0
00-0037587,N.Landman,Nate Landman,LB,LB,"https://static.www.nfl.com/image/upload/f_auto,q_auto/league/s9kvdztegpkmihjpwj0q",2023,REG,ATL,15,0,0,0,0,0,0,0,0,0,0,0,0,,,0,,0,0,0,0,0,0,0,0,0,0,,0,0,0,0,0,0,0,0,0,0,0,0,0,0,,0,0,0,0,0,,0.0,0.0,0.0,0,53,13,44,5,28,3,2.0,18.0,4,1,25,3,0,0,0,0,0,0,0,0,0,1,2,0,0,0,0,0,0,0,0,0,0,0,0,0,,,0,0,0,0,0,0,0,0,0,0,0,0,,,,0,0,0,0,0,0,0,,0,0,0,0,,0,0,,0,0,0,0,0,0,0,0,0,0,0.0,0.0
00-0037593,T.Avery,Tre Avery,CB,DB,"https://static.www.nfl.com/image/upload/f_auto,q_auto/league/malahw9czftvuse45ebp",2023,REG,TEN,9,0,0,0,0,0,0,0,0,0,0,0,0,,,0,,0,0,0,0,0,0,0,0,0,0,,0,0,0,0,0,0,0,0,0,0,0,0,0,0,,0,0,0,0,0,,0.0,0.0,0.0,0,23,5,5,1,1,0,0.0,0.0,0,0,0,2,0,0,0,0,0,0,0,0,0,5,77,0,0,0,0,0,0,0,0,0,0,0,0,0,,,0,0,0,0,0,0,0,0,0,0,0,0,,,,0,0,0,0,0,0,0,,0,0,0,0,,0,0,,0,0,0,0,0,0,0,0,0,0,0.0,0.0
00-0037594,J.Chestnut,Julius Chestnut,RB,RB,"https://static.www.nfl.com/image/upload/f_auto,q_auto/league/glst6wabuuvbrssmidng",2023,REG,TEN,1,0,0,0,0,0,0,0,0,0,0,0,0,,,0,,0,0,0,0,0,0,0,0,0,0,,0,0,0,0,0,0,0,0,0,0,0,0,0,0,,0,0,0,0,0,,0.0,0.0,0.0,0,1,0,1,0,0,0,0.0,0.0,0,0,0,0,0,0,0,0,0,0,0,0,0,0,0,0,0,0,0,0,0,0,0,0,0,0,0,0,,,0,0,0,0,0,0,0,0,0,0,0,0,,,,0,0,0,0,0,0,0,,0,0,0,0,,0,0,,0,0,0,0,0,0,0,0,0,0,0.0,0.0
00-0037596,J.Gibbens,Jack Gibbens,LB,LB,"https://static.www.nfl.com/image/upload/f_auto,q_auto/league/yrjlzoh5qps1evqxpcks",2023,REG,TEN,14,0,0,0,0,0,0,0,0,0,0,0,0,,,0,,0,0,0,0,0,0,0,0,0,0,,0,0,0,0,0,0,0,0,0,0,0,0,0,0,,0,0,0,0,0,,0.0,0.0,0.0,0,39,16,40,1,9,0,1.0,9.0,2,0,0,3,0,0,0,0,0,0,0,0,0,0,0,0,0,0,0,0,0,0,0,0,0,0,0,0,,,0,0,0,0,0,0,0,0,0,0,0,0,,,,0,0,0,0,0,0,0,,0,0,0,0,,0,0,,0,0,0,0,0,0,0,0,0,0,0.0,0.0
00-0037601,X.Newman-Johnson,Xavier Newman-Johnson,G,OL,"https://static.www.nfl.com/image/upload/f_auto,q_auto/league/ltlojovue9gzntpaubjn",2023,REG,NYJ,1,0,0,0,0,0,0,0,0,0,0,0,0,,,0,,0,0,0,0,0,0,0,0,0,0,,0,0,0,0,0,0,0,0,0,0,0,0,0,0,,0,0,0,0,0,,0.0,0.0,0.0,0,0,0,0,0,0,0,0.0,0.0,0,0,0,0,0,0,0,0,1,0,0,0,0,1,5,0,0,0,0,0,0,0,0,0,0,0,0,0,,,0,0,0,0,0,0,0,0,0,0,0,0,,,,0,0,0,0,0,0,0,,0,0,0,0,,0,0,,0,0,0,0,0,0,0,0,0,0,0.0,0.0
00-0037605,A.Rupcich,Andrew Rupcich,G,OL,"https://static.www.nfl.com/image/upload/f_auto,q_auto/league/jkbyyccmhaxdkuxsqpmn",2023,REG,TEN,1,0,0,0,0,0,0,0,0,0,0,0,0,,,0,,0,0,0,0,0,0,0,0,0,0,,0,0,0,0,0,0,0,0,0,0,0,0,0,0,,0,0,0,0,0,,0.0,0.0,0.0,0,0,0,0,0,0,0,0.0,0.0,0,0,0,0,0,0,0,0,0,0,0,0,0,1,5,0,0,0,0,0,0,0,0,0,0,0,0,0,,,0,0,0,0,0,0,0,0,0,0,0,0,,,,0,0,0,0,0,0,0,,0,0,0,0,,0,0,,0,0,0,0,0,0,0,0,0,0,0.0,0.0
00-0037607,R.Stonehouse,Ryan Stonehouse,P,SPEC,"https://static.www.nfl.com/image/upload/f_auto,q_auto/league/vlsrao7qxhrgpdsrjjar",2023,REG,TEN,12,0,0,0,0,0,0,0,0,0,0,0,0,,,0,,0,0,0,0,1,-11,0,1,1,0,-3.448375810345169,0,0,0,0,0,0,0,0,0,0,0,0,0,0,,0,0,0,0,0,,0.0,0.0,0.0,0,1,0,0,0,0,0,0.0,0.0,0,0,0,0,0,0,0,0,0,0,0,0,0,0,0,1,0,0,1,1,0,0,0,0,0,0,0,0,,,0,0,0,0,0,0,0,0,0,0,0,0,,,,0,0,0,0,0,0,0,,0,0,0,0,,53,1,74,2812,28,8,6,10,7,22,243,0,2369,-3.1,-3.1
00-0037608,T.Swilling,Tre Swilling,CB,DB,"https://static.www.nfl.com/image/upload/f_auto,q_auto/league/zx9sg0w3gtobquxrzr4t",2023,REG,SF,2,0,0,0,0,0,0,0,0,0,0,0,0,,,0,,0,0,0,0,0,0,0,0,0,0,,0,0,0,0,0,0,0,0,0,0,0,0,0,0,,0,0,0,0,0,,0.0,0.0,0.0,0,0,0,0,0,0,0,0.0,0.0,0,0,0,0,0,0,0,0,0,0,0,0,0,2,19,0,0,0,0,0,0,0,0,0,0,0,0,0,,,0,0,0,0,0,0,0,0,0,0,0,0,,,,0,0,0,0,0,0,0,,0,0,0,0,,0,0,,0,0,0,0,0,0,0,0,0,0,0.0,0.0
00-0037611,K.Thibodeaux,Kayvon Thibodeaux,LB,LB,"https://static.www.nfl.com/image/upload/f_auto,q_auto/league/dbu5kzu0gwuszwd81dcz",2023,REG,NYG,16,0,0,0,0,0,0,0,0,0,0,0,0,,,0,,0,0,0,0,0,0,0,0,0,0,,0,0,0,0,0,0,0,0,0,0,0,0,0,0,,0,0,0,0,0,,0.0,0.0,0.0,0,24,2,24,11,78,3,11.5,93.0,16,0,0,4,0,0,0,0,0,0,1,0,0,2,18,0,0,0,0,0,0,0,0,0,0,0,0,0,,,0,0,0,0,0,0,0,0,0,0,0,0,,,,0,0,0,0,0,0,0,,0,0,0,0,,0,0,,0,0,0,0,0,0,0,0,0,0,0.0,0.0
00-0037612,E.Neal,Evan Neal,OT,OL,"https://static.www.nfl.com/image/upload/f_auto,q_auto/league/drzi3cw9xrgubz2eet2t",2023,REG,NYG,3,0,0,0,0,0,0,0,0,0,0,0,0,,,0,,0,0,0,0,0,0,0,0,0,0,,0,0,0,0,0,0,0,0,0,0,0,0,0,0,,0,0,0,0,0,,0.0,0.0,0.0,0,0,0,0,0,0,0,0.0,0.0,0,0,0,0,0,0,0,0,0,0,0,0,0,4,24,0,0,0,0,0,0,0,0,0,0,0,0,0,,,0,0,0,0,0,0,0,0,0,0,0,0,,,,0,0,0,0,0,0,0,,0,0,0,0,,0,0,,0,0,0,0,0,0,0,0,0,0,0.0,0.0
00-0037614,J.Metchie,John Metchie III,WR,WR,"https://static.www.nfl.com/image/upload/f_auto,q_auto/league/u7ir1sy2vrpidvwpndqd",2023,REG,HOU,14,0,0,0,0,0,0,0,0,0,0,0,0,,,0,,0,0,0,0,1,4,0,0,0,0,-0.29380767786642537,0,0,0,0,0,16,30,158,0,0,0,266,84,7,-6.037336143665016,0,7,3,1,0,0.5939849624060151,0.053003533568904596,0.051381108750241454,0.11547207647852592,0,0,0,0,0,0,0,0.0,0.0,0,0,0,0,0,0,0,0,0,0,0,0,0,1,10,0,0,0,0,0,0,0,0,0,0,0,0,0,,,0,0,0,0,0,0,0,0,0,0,0,0,,,,0,0,0,0,0,0,0,,0,0,0,0,,0,0,,0,0,0,0,0,0,0,0,0,0,16.2,32.2
00-0037615,N.Dean,Nakobe Dean,LB,LB,"https://static.www.nfl.com/image/upload/f_auto,q_auto/league/ivady9pej8rcuwf1lf3h",2023,REG,PHI,5,0,0,0,0,0,0,0,0,0,0,0,0,,,0,,0,0,0,0,0,0,0,0,0,0,,0,0,0,0,0,0,0,0,0,0,0,0,0,0,,0,0,0,0,0,,0.0,0.0,0.0,0,18,4,8,2,2,0,0.5,4.0,1,0,0,0,0,0,0,0,0,0,0,0,0,1,10,0,0,0,0,0,0,0,0,0,0,0,0,0,,,0,0,0,0,0,0,0,0,0,0,0,0,,,,0,0,0,0,0,0,0,,0,0,0,0,,0,0,,0,0,0,0,0,0,0,0,0,0,0.0,0.0
00-0037616,N.Cross,Nick Cross,SAF,DB,"https://static.www.nfl.com/image/upload/f_auto,q_auto/league/kpyjflkuqsthoic5pcrm",2023,REG,IND,13,0,0,0,0,0,0,0,0,0,0,0,0,,,0,,0,0,0,0,0,0,0,0,0,0,,0,0,0,0,0,0,0,0,0,0,0,0,0,0,,0,0,0,0,0,,0.0,0.0,0.0,0,20,4,15,1,2,0,0.0,0.0,0,1,18,2,0,0,0,0,0,0,0,0,0,1,10,0,0,0,0,0,0,0,0,0,0,0,0,0,,,0,0,0,0,0,0,0,0,0,0,0,0,,,,0,0,0,0,0,0,0,,0,0,0,0,,0,0,,0,0,0,0,0,0,0,0,0,0,0.0,0.0
00-0037618,Z.Thomas,Zach Thomas,OT,OL,"https://static.www.nfl.com/image/upload/f_auto,q_auto/league/xavwevdxxjoneavs1mxl",2023,REG,LA,1,0,0,0,0,0,0,0,0,0,0,0,0,,,0,,0,0,0,0,0,0,0,0,0,0,,0,0,0,0,0,0,0,0,0,0,0,0,0,0,,0,0,0,0,0,,0.0,0.0,0.0,0,0,0,0,0,0,0,0.0,0.0,0,0,0,0,0,0,0,0,0,0,0,0,0,1,5,0,0,0,0,0,0,0,0,0,0,0,0,0,,,0,0,0,0,0,0,0,0,0,0,0,0,,,,0,0,0,0,0,0,0,,0,0,0,0,,0,0,,0,0,0,0,0,0,0,0,0,0,0.0,0.0
00-0037627,M.Greene,Mike Greene,DT,DL,"https://static.www.nfl.com/image/upload/f_auto,q_auto/league/am4sroiqifiizzjfjvt3",2023,REG,TB,6,0,0,0,0,0,0,0,0,0,0,0,0,,,0,,0,0,0,0,0,0,0,0,0,0,,0,0,0,0,0,0,0,0,0,0,0,0,0,0,,0,0,0,0,0,,0.0,0.0,0.0,0,2,0,4,0,0,0,0.0,0.0,0,0,0,0,0,0,0,0,0,0,0,0,0,1,15,0,0,0,0,0,0,0,0,0,0,0,0,0,,,0,0,0,0,0,0,0,0,0,0,0,0,,,,0,0,0,0,0,0,0,,0,0,0,0,,0,0,,0,0,0,0,0,0,0,0,0,0,0.0,0.0
00-0037633,J.Hummel,Jacob Hummel,LB,LB,"https://static.www.nfl.com/image/upload/f_auto,q_auto/league/yeqyn79axqsyvi7iqcpl",2023,REG,LA,8,0,0,0,0,0,0,0,0,0,0,0,0,,,0,,0,0,0,0,0,0,0,0,0,0,,0,0,0,0,0,0,0,0,0,0,0,0,0,0,,0,0,0,0,0,,0.0,0.0,0.0,0,7,0,3,0,0,0,0.0,0.0,0,0,0,0,0,0,0,0,0,0,0,0,0,0,0,0,0,0,0,0,0,0,0,0,0,0,0,0,,,0,0,0,0,0,0,0,0,0,0,0,0,,,,0,0,0,0,0,0,0,,0,0,0,0,,0,0,,0,0,0,0,0,0,0,0,0,0,0.0,0.0
00-0037638,B.Whitley,Benton Whitley,DE,DL,"https://static.www.nfl.com/image/upload/f_auto,q_auto/league/rzqvkmm6qv9ijywiqdwo",2023,REG,NYG,2,0,0,0,0,0,0,0,0,0,0,0,0,,,0,,0,0,0,0,0,0,0,0,0,0,,0,0,0,0,0,0,0,0,0,0,0,0,0,0,,0,0,0,0,0,,0.0,0.0,0.0,0,0,0,0,0,0,0,0.0,0.0,0,0,0,1,0,0,0,0,0,0,1,1,0,0,0,0,0,0,0,0,0,0,0,0,0,0,0,0,,,0,0,0,0,0,0,0,0,0,0,0,0,,,,0,0,0,0,0,0,0,,0,0,0,0,,0,0,,0,0,0,0,0,0,0,0,0,0,0.0,0.0
00-0037654,T.Fisk,Tucker Fisk,TE,TE,"https://static.www.nfl.com/image/upload/f_auto,q_auto/league/yqaco04wjatmxlmxpq1y",2023,REG,ATL,2,0,0,0,0,0,0,0,0,0,0,0,0,,,0,,0,0,0,0,0,0,0,0,0,0,,0,0,0,0,0,1,1,9,0,0,0,3,6,1,1.1956264986656606,0,0,0,0,0,3.0,0.001968503937007874,0.0006904487917146145,0.003436070059712041,0,0,0,1,0,0,0,0.0,0.0,0,0,0,0,0,0,0,0,0,0,0,0,0,0,0,0,0,0,0,0,0,0,0,0,0,0,0,0,,,0,0,0,0,0,0,0,0,0,0,0,0,,,,0,0,0,0,0,0,0,,0,0,0,0,,0,0,,0,0,0,0,0,0,0,0,0,0,0.9,1.9
00-0037661,J.Ingram,Ja'Marcus Ingram,CB,DB,"https://static.www.nfl.com/image/upload/f_auto,q_auto/league/d0p0jgugnjuez8uwejbl",2023,REG,BUF,1,0,0,0,0,0,0,0,0,0,0,0,0,,,0,,0,0,0,0,0,0,0,0,0,0,,0,0,0,0,0,0,0,0,0,0,0,0,0,0,,0,0,0,0,0,,0.0,0.0,0.0,0,0,0,0,0,0,0,0.0,0.0,0,0,0,0,0,0,0,0,0,0,0,0,0,1,7,0,0,0,0,0,0,0,0,0,0,0,0,0,,,0,0,0,0,0,0,0,0,0,0,0,0,,,,0,0,0,0,0,0,0,,0,0,0,0,,0,0,,0,0,0,0,0,0,0,0,0,0,0.0,0.0
00-0037663,J.Johnson,Jermaine Johnson II,DE,DL,"https://static.www.nfl.com/image/upload/f_auto,q_auto/league/kihqeivcgubenrrjopew",2023,REG,NYJ,17,0,0,0,0,0,0,0,0,0,0,0,0,,,0,,0,0,0,0,0,0,0,0,0,0,,0,0,0,0,0,0,0,0,0,0,0,0,0,0,,0,0,0,0,0,,0.0,0.0,0.0,0,28,8,19,10,48,1,7.5,50.0,16,1,37,7,1,0,0,0,0,0,1,0,0,3,25,0,0,0,0,0,0,0,0,0,0,0,0,0,,,0,0,0,0,0,0,0,0,0,0,0,0,,,,0,0,0,0,0,0,0,,0,0,0,0,,0,0,,0,0,0,0,0,0,0,0,0,0,0.0,0.0
00-0037664,A.Pierce,Alec Pierce,WR,WR,"https://static.www.nfl.com/image/upload/f_auto,q_auto/league/zeghrjc8rir3r3zi6det",2023,REG,IND,17,0,0,0,0,0,0,0,0,0,0,0,0,,,0,,0,0,0,0,0,0,0,0,0,0,,0,0,0,0,0,32,65,514,2,0,0,977,97,24,17.1916585591053,0,19,10,8,2,0.526100307062436,0.11904761904761904,0.22961222091656874,0.3392999832130267,0,2,0,0,0,0,0,0.0,0.0,0,0,0,0,0,0,0,0,0,0,0,0,0,2,13,0,0,0,0,0,0,0,0,0,0,0,0,0,,,0,0,0,0,0,0,0,0,0,0,0,0,,,,0,0,0,0,0,0,0,,0,0,0,0,,0,0,,0,0,0,0,0,0,0,0,0,0,63.400000000000006,95.4
00-0037665,S.Williams,Sam Williams,DE,DL,"https://static.www.nfl.com/image/upload/f_auto,q_auto/league/vspx1wxdwmektj1pjd6c",2023,REG,DAL,15,0,0,0,0,0,0,0,0,0,0,0,0,,,0,,0,0,0,0,0,0,0,0,0,0,,0,0,0,0,0,0,0,0,0,0,0,0,0,0,,0,0,0,0,0,,0.0,0.0,0.0,0,12,3,11,4,20,1,4.5,25.5,7,0,0,0,0,0,1,0,0,0,0,0,0,7,65,0,0,0,0,0,0,0,0,0,0,0,0,0,,,0,0,0,0,0,0,0,0,0,0,0,0,,,,0,0,0,0,0,0,0,,0,0,0,0,,0,0,,0,0,0,0,0,0,0,0,0,0,0.0,0.0
00-0037666,J.Tolbert,Jalen Tolbert,WR,WR,"https://static.www.nfl.com/image/upload/f_auto,q_auto/league/pif5ffxlibkfp90k1sj4",2023,REG,DAL,14,0,0,0,0,0,0,0,0,0,0,0,0,,,0,,0,0,0,0,0,0,0,0,0,0,,0,0,0,0,0,22,36,268,2,0,0,474,34,13,3.3950989600425427,0,9,6,3,1,0.5654008438818565,0.05950413223140496,0.09887359198998748,0.15846771274009866,0,3,1,0,0,0,0,0.0,0.0,0,0,0,0,0,1,0,0,0,0,0,0,0,0,0,0,1,0,1,1,1,0,0,0,0,0,0,0,,,0,0,0,0,0,0,0,0,0,0,0,0,,,,0,0,0,0,0,0,0,,0,0,0,0,,0,0,,0,0,0,0,0,0,0,0,0,0,38.8,60.8
00-0037667,K.Joseph,Kerby Joseph,SAF,DB,"https://static.www.nfl.com/image/upload/f_auto,q_auto/league/oeybnj8im7exzevs0jkh",2023,REG,DET,15,0,0,0,0,0,0,0,0,0,0,0,0,,,0,,0,0,0,0,0,0,0,0,0,0,,0,0,0,0,0,0,0,0,0,0,0,0,0,0,,0,0,0,0,0,,0.0,0.0,0.0,0,65,4,13,0,0,0,0.0,0.0,0,4,37,11,0,0,0,0,0,0,0,0,0,1,15,0,0,0,0,0,0,0,0,0,0,0,0,0,,,0,0,0,0,0,0,0,0,0,0,0,0,,,,0,0,0,0,0,0,0,,0,0,0,0,,0,0,,0,0,0,0,0,0,0,0,0,0,0.0,0.0
00-0037686,T.Addington,Tucker Addington,LS,SPEC,"https://static.www.nfl.com/image/private/f_auto,q_auto/league/cksjjfvjnvpwcs60giyw",2023,REG,WAS,1,0,0,0,0,0,0,0,0,0,0,0,0,,,0,,0,0,0,0,0,0,0,0,0,0,,0,0,0,0,0,0,0,0,0,0,0,0,0,0,,0,0,0,0,0,,0.0,0.0,0.0,0,1,0,0,0,0,0,0.0,0.0,0,0,0,0,0,0,0,0,0,0,0,0,0,0,0,0,0,0,0,0,0,0,0,0,0,0,0,0,,,0,0,0,0,0,0,0,0,0,0,0,0,,,,0,0,0,0,0,0,0,,0,0,0,0,,0,0,,0,0,0,0,0,0,0,0,0,0,0.0,0.0
00-0037692,B.Aubrey,Brandon Aubrey,K,SPEC,"https://static.www.nfl.com/image/upload/f_auto,q_auto/league/ynyyootbeabm5sx4ejgt",2023,REG,DAL,17,0,0,0,0,0,0,0,0,0,0,0,0,,,0,,0,0,0,0,0,0,0,0,0,0,,0,0,0,0,0,0,0,0,0,0,0,0,0,0,,0,0,0,0,0,,0.0,0.0,0.0,0,0,0,0,0,0,0,0.0,0.0,0,0,0,0,0,0,0,0,0,0,0,0,0,0,0,0,0,0,0,0,0,0,0,0,36,38,1,1,60,0.9473684210526315,0,9,13,4,9,1,0,0,1,0,0,0,21;38;35;21;55;26;30;49;27;26;23;23;33;50;32;39;58;27;51;30;27;52;30;31;38;32;60;59;45;50;32;43;33;51;43;50,36,32,1370,36,32,49,52,3,0,0.9423076923076923,0,0,0,0,,0,0,,0,0,0,0,0,0,0,0,0,0,0.0,0.0
00-0037711,J.Pharms,Jeremiah Pharms Jr.,DT,DL,"https://static.www.nfl.com/image/upload/f_auto,q_auto/league/bhm6towuahy7ztd8zkna",2023,REG,NE,6,0,0,0,0,0,0,0,0,0,0,0,0,,,0,,0,0,0,0,0,0,0,0,0,0,,0,0,0,0,0,0,0,0,0,0,0,0,0,0,,0,0,0,0,0,,0.0,0.0,0.0,0,2,2,5,0,0,0,0.0,0.0,0,0,0,0,0,0,0,0,0,0,1,0,0,0,0,0,0,0,0,0,0,0,0,0,0,0,0,0,,,0,0,0,0,0,0,0,0,0,0,0,0,,,,0,0,0,0,0,0,0,,0,0,0,0,,0,0,,0,0,0,0,0,0,0,0,0,0,0.0,0.0
00-0037740,G.Wilson,Garrett Wilson,WR,WR,"https://static.www.nfl.com/image/upload/f_auto,q_auto/league/kbijsheobhwej7lh8mvf",2023,REG,NYJ,17,0,1,0,0,0,0,0,0,0,10,0,0,-0.43348260154016316,-62.47800588607788,0,0.0,0,0,0,0,4,0,0,0,0,1,0.35526680084876716,0,0,0,0,0,95,168,1042,3,2,2,1707,327,47,-10.460633023866336,0,38,16,11,2,0.6104276508494435,0.2984014209591474,0.42675,0.7463271314387211,0,4,0,0,0,0,0,0.0,0.0,0,0,0,0,0,0,0,0,0,0,0,0,0,4,26,2,0,0,2,2,0,0,0,0,0,0,0,0,,,0,0,0,0,0,0,0,0,0,0,0,0,,,,0,0,0,0,0,0,0,,0,0,0,0,,0,0,,0,0,0,0,0,0,0,0,0,0,118.2,213.2
00-0037741,J.Dotson,Jahan Dotson,WR,WR,"https://static.www.nfl.com/image/upload/f_auto,q_auto/league/dbtou5ln1kwjutixywie",2023,REG,WAS,17,0,0,0,0,0,0,0,0,0,0,0,0,,,0,,0,0,0,0,0,0,0,0,0,0,,0,0,0,0,0,49,83,518,4,0,0,768,115,27,-15.9861186813161,0,24,7,5,0,0.6744791666666666,0.13810316139767054,0.16110761485210826,0.31993007249298155,0,0,0,0,0,0,0,0.0,0.0,0,0,0,0,0,0,0,0,0,0,0,0,0,1,10,0,0,0,0,0,0,0,0,0,0,0,0,0,,,0,0,0,0,0,0,0,0,0,0,0,0,,,,0,0,0,0,0,0,0,,0,0,0,0,,0,0,,0,0,0,0,0,0,0,0,0,0,75.80000000000001,124.80000000000001
00-0037742,T.Burks,Treylon Burks,WR,WR,"https://static.www.nfl.com/image/upload/f_auto,q_auto/league/dkgspszcaouw7lkpjmio",2023,REG,TEN,9,0,0,0,0,0,0,0,0,0,0,0,0,,,0,,0,0,0,0,5,18,0,0,0,0,-0.527836185938213,0,0,0,0,0,16,30,221,0,0,0,547,71,8,-0.7511070060006744,0,7,4,4,1,0.4040219378427788,0.06276150627615062,0.11971985117093456,0.17794615523388013,0,0,0,0,0,0,0,0.0,0.0,0,0,0,0,0,0,0,0,0,0,0,0,0,1,5,0,0,0,0,0,0,0,0,0,0,0,0,0,,,0,0,0,0,0,0,0,0,0,0,0,0,,,,0,0,0,0,0,0,0,,0,0,0,0,,0,0,,0,0,0,0,0,0,0,0,0,0,23.900000000000002,39.900000000000006
00-0037743,D.Hill,Daxton Hill,DB,DB,"https://static.www.nfl.com/image/upload/f_auto,q_auto/league/onw9ijbhtrdvjqpi0toh",2023,REG,CIN,17,0,0,0,0,0,0,0,0,0,0,0,0,,,0,,0,0,0,0,0,0,0,0,0,0,,0,0,0,0,0,0,0,0,0,0,0,0,0,0,,0,0,0,0,0,,0.0,0.0,0.0,0,66,6,38,5,16,0,1.5,12.0,5,2,20,11,0,0,0,0,0,0,0,0,0,3,28,0,0,0,0,0,0,0,0,0,0,0,0,0,,,0,0,0,0,0,0,0,0,0,0,0,0,,,,0,0,0,0,0,0,0,,0,0,0,0,,0,0,,0,0,0,0,0,0,0,0,0,0,0.0,0.0
00-0037744,T.McBride,Trey McBride,TE,TE,"https://static.www.nfl.com/image/upload/f_auto,q_auto/league/vd7av3vdfs6q7ncjogac",2023,REG,ARI,17,0,0,0,0,0,0,0,0,0,0,0,0,,,0,,0,0,0,0,0,0,0,0,0,0,,0,0,0,0,0,81,106,825,3,1,0,652,420,42,9.8028204253265,0,35,16,9,0,1.2653374233128833,0.1962962962962963,0.1557572861920688,0.4034745447788926,0,1,1,1,0,0,0,0.0,0.0,0,0,0,0,0,0,0,0,0,0,0,0,0,7,50,1,0,1,1,0,0,0,0,0,0,0,0,0,,,0,0,0,0,0,0,0,0,0,0,0,0,,,,0,0,0,0,0,0,0,,0,0,0,0,,0,0,,0,0,0,0,0,0,0,0,0,0,100.5,181.5
00-0037745,V.Jones,Velus Jones Jr.,WR,WR,"https://static.www.nfl.com/image/upload/f_auto,q_auto/league/fchis2k7zzpqg9sv1ya1",2023,REG,CHI,13,0,0,0,0,0,0,0,0,0,0,0,0,,,0,,0,0,0,0,8,51,0,0,0,4,0.22051762137562037,0,3,2,0,0,4,7,20,0,0,0,87,15,1,-1.528325080522336,0,1,0,0,0,0.22988505747126436,0.014675052410901468,0.02304635761589404,0.03814502894747803,0,1,0,3,0,0,0,0.0,0.0,0,0,0,0,0,0,0,0,0,0,0,0,0,3,40,0,0,0,0,0,0,0,16,435,0,0,0,0,,,0,0,0,0,0,0,0,0,0,0,0,0,,,,0,0,0,0,0,0,0,,0,0,0,0,,0,0,,0,0,0,0,0,0,0,0,0,0,7.1000000000000005,11.100000000000001
00-0037746,B.Robinson,Brian Robinson,RB,RB,"https://static.www.nfl.com/image/upload/f_auto,q_auto/league/n1xhex1ytisxcbcggqu7",2023,REG,WAS,15,0,0,0,0,0,0,0,0,0,0,0,0,,,0,,0,0,0,0,178,733,5,3,2,47,-21.13654659998362,1,19,13,4,0,36,43,368,4,1,0,-55,410,15,20.42483016240294,0,13,11,8,2,-6.6909090909090905,0.07154742096505824,-0.011537654709460877,0.09924477315096475,0,1,0,0,0,0,0,0.0,0.0,0,0,0,0,0,0,0,0,0,0,0,0,0,0,0,4,0,0,4,2,0,0,0,0,0,0,0,0,,,0,0,0,0,0,0,0,0,0,0,0,0,,,,0,0,0,0,0,0,0,,0,0,0,0,,0,0,,0,0,0,0,0,0,0,0,0,0,162.10000000000002,198.10000000000002
00-0037747,C.Matthew,Christian Matthew,CB,DB,"https://static.www.nfl.com/image/upload/f_auto,q_auto/league/rwf4fr8vbcyuefyh0gvo",2023,REG,ARI,2,0,0,0,0,0,0,0,0,0,0,0,0,,,0,,0,0,0,0,0,0,0,0,0,0,,0,0,0,0,0,0,0,0,0,0,0,0,0,0,,0,0,0,0,0,,0.0,0.0,0.0,0,1,0,0,0,0,0,0.0,0.0,0,0,0,0,0,0,0,0,0,0,0,0,0,1,10,0,0,0,0,0,0,0,0,0,0,0,0,0,,,0,0,0,0,0,0,0,0,0,0,0,0,,,,0,0,0,0,0,0,0,,0,0,0,0,,0,0,,0,0,0,0,0,0,0,0,0,0,0.0,0.0
00-0037751,M.Sanders,Myjai Sanders,LB,LB,"https://static.www.nfl.com/image/private/f_auto,q_auto/league/kqcipv8nfxk2lzkmiocj",2023,REG,HOU,2,0,0,0,0,0,0,0,0,0,0,0,0,,,0,,0,0,0,0,0,0,0,0,0,0,,0,0,0,0,0,0,0,0,0,0,0,0,0,0,,0,0,0,0,0,,0.0,0.0,0.0,0,2,2,3,1,2,0,0.0,0.0,2,0,0,0,0,0,0,0,0,0,0,0,0,0,0,0,0,0,0,0,0,0,0,0,0,0,0,0,,,0,0,0,0,0,0,0,0,0,0,0,0,,,,0,0,0,0,0,0,0,,0,0,0,0,,0,0,,0,0,0,0,0,0,0,0,0,0,0.0,0.0
00-0037752,T.Anderson,Tycen Anderson,SAF,DB,"https://static.www.nfl.com/image/upload/f_auto,q_auto/league/j3dvzorwxkvvf7ljykzu",2023,REG,CIN,5,0,0,0,0,0,0,0,0,0,0,0,0,,,0,,0,0,0,0,0,0,0,0,0,0,,0,0,0,0,0,0,0,0,0,0,0,0,0,0,,0,0,0,0,0,,0.0,0.0,0.0,0,5,0,3,0,0,0,0.0,0.0,0,0,0,0,0,0,0,0,0,0,0,0,0,2,15,0,0,0,0,0,0,0,0,0,0,0,0,0,,,0,0,0,0,0,0,0,0,0,0,0,0,,,,0,0,0,0,0,0,0,,0,0,0,0,,0,0,,0,0,0,0,0,0,0,0,0,0,0.0,0.0
00-0037753,C.Taylor-Britt,Cam Taylor-Britt,CB,DB,"https://static.www.nfl.com/image/upload/f_auto,q_auto/league/m6dqiwllhwoc2rd5gns1",2023,REG,CIN,12,0,0,0,0,0,0,0,0,0,0,0,0,,,0,,0,0,0,0,0,0,0,0,0,0,,0,0,0,0,0,0,0,0,0,0,0,0,0,0,,0,0,0,0,0,,0.0,0.0,0.0,0,39,1,10,1,1,1,0.0,0.0,0,4,65,11,1,0,0,0,0,0,0,0,0,3,27,0,0,0,0,0,0,0,0,0,0,0,0,0,,,0,0,0,0,0,0,0,0,0,0,0,0,,,,0,0,0,0,0,0,0,,0,0,0,0,,0,0,,0,0,0,0,0,0,0,0,0,0,0.0,0.0
00-0037754,N.Petit-Frere,Nicholas Petit-Frere,OT,OL,"https://static.www.nfl.com/image/upload/f_auto,q_auto/league/pbfr1pfxbihhuarcuqjz",2023,REG,TEN,2,0,0,0,0,0,0,0,0,0,0,0,0,,,0,,0,0,0,0,0,0,0,0,0,0,,0,0,0,0,0,0,0,0,0,0,0,0,0,0,,0,0,0,0,0,,0.0,0.0,0.0,0,0,0,0,0,0,0,0.0,0.0,0,0,0,0,0,0,0,0,0,0,0,0,0,2,14,0,0,0,0,0,0,0,0,0,0,0,0,0,,,0,0,0,0,0,0,0,0,0,0,0,0,,,,0,0,0,0,0,0,0,,0,0,0,0,,0,0,,0,0,0,0,0,0,0,0,0,0,0.0,0.0
00-0037756,T.Jones,Travis Jones,DT,DL,"https://static.www.nfl.com/image/upload/f_auto,q_auto/league/wm1f5uddgq3xmivgmrkz",2023,REG,BAL,15,0,0,0,0,0,0,0,0,0,0,0,0,,,0,,0,0,0,0,0,0,0,0,0,0,,0,0,0,0,0,0,0,0,0,0,0,0,0,0,,0,0,0,0,0,,0.0,0.0,0.0,0,14,6,16,3,8,0,1.5,7.5,5,0,0,2,0,0,0,0,0,0,0,0,0,1,15,0,0,0,0,0,0,0,0,0,0,0,0,0,,,0,0,0,0,0,0,0,0,0,0,0,0,,,,0,0,0,0,0,0,0,,0,0,0,0,,0,0,,0,0,0,0,0,0,0,0,0,0,0.0,0.0
00-0037757,B.Raimann,Bernhard Raimann,OT,OL,"https://static.www.nfl.com/image/upload/f_auto,q_auto/league/cis1c2tzux68l6ca07hp",2023,REG,IND,3,0,0,0,0,0,0,0,0,0,0,0,0,,,0,,0,0,0,0,0,0,0,0,0,0,,0,0,0,0,0,0,0,0,0,0,0,0,0,0,,0,0,0,0,0,,0.0,0.0,0.0,0,0,0,0,0,0,0,0.0,0.0,0,0,0,0,0,0,0,0,0,0,0,0,0,4,40,0,0,0,0,0,0,0,0,0,0,0,0,0,,,0,0,0,0,0,0,0,0,0,0,0,0,,,,0,0,0,0,0,0,0,,0,0,0,0,,0,0,,0,0,0,0,0,0,0,0,0,0,0.0,0.0
00-0037758,C.Flott,Cordale Flott,CB,DB,"https://static.www.nfl.com/image/upload/f_auto,q_auto/league/dk8b5dpa5fflut1j4ynl",2023,REG,NYG,14,0,0,0,0,0,0,0,0,0,0,0,0,,,0,,0,0,0,0,0,0,0,0,0,0,,0,0,0,0,0,0,0,0,0,0,0,0,0,0,,0,0,0,0,0,,0.0,0.0,0.0,0,25,0,11,0,0,1,0.0,0.0,0,1,21,5,0,0,0,0,0,0,0,0,0,2,32,0,0,0,0,0,0,0,0,0,0,0,0,0,,,0,0,0,0,0,0,0,0,0,0,0,0,,,,0,0,0,0,0,0,0,,0,0,0,0,,0,0,,0,0,0,0,0,0,0,0,0,0,0.0,0.0
00-0037759,D.Leal,DeMarvin Leal,DE,DL,"https://static.www.nfl.com/image/upload/f_auto,q_auto/league/gqsxinwxry4uggkdd90r",2023,REG,PIT,7,0,0,0,0,0,0,0,0,0,0,0,0,,,0,,0,0,0,0,0,0,0,0,0,0,,0,0,0,0,0,0,0,0,0,0,0,0,0,0,,0,0,0,0,0,,0.0,0.0,0.0,0,8,2,5,1,2,0,1.0,2.0,2,0,0,1,0,0,0,0,0,0,0,0,0,1,15,0,0,0,0,0,0,0,0,0,0,0,0,0,,,0,0,0,0,0,0,0,0,0,0,0,0,,,,0,0,0,0,0,0,0,,0,0,0,0,,0,0,,0,0,0,0,0,0,0,0,0,0,0.0,0.0
00-0037801,K.Turpin,KaVontae Turpin,WR,WR,"https://static.www.nfl.com/image/upload/f_auto,q_auto/league/cgjwzierootp8gjem5oe",2023,REG,DAL,16,0,0,0,0,0,0,0,0,0,0,0,0,,,0,,0,0,0,0,11,110,1,1,0,5,7.481028122419957,0,3,3,2,1,12,18,127,3,0,0,163,39,9,12.217260575415434,0,5,2,2,0,0.7791411042944786,0.02975206611570248,0.03400083437630371,0.06842868323696631,0,0,0,0,0,0,0,0.0,0.0,0,0,0,0,0,0,0,0,0,0,0,0,0,1,5,1,0,0,1,0,13,79,10,292,0,0,0,0,,,0,0,0,0,0,0,0,0,0,0,0,0,,,,0,0,0,0,0,0,0,,0,0,0,0,,0,0,,0,0,0,0,0,0,0,0,0,0,47.7,59.7
00-0037804,Z.Carter,Zachary Carter,DT,DL,"https://static.www.nfl.com/image/upload/f_auto,q_auto/league/f64doat4n78solyaa7xv",2023,REG,CIN,14,0,0,0,0,0,0,0,0,0,0,0,0,,,0,,0,0,0,0,0,0,0,0,0,0,,0,0,0,0,0,0,0,0,0,0,0,0,0,0,,0,0,0,0,0,,0.0,0.0,0.0,0,6,2,15,1,3,1,0.0,0.0,2,0,0,1,0,0,0,0,0,0,0,0,0,1,5,0,0,0,0,0,0,0,0,0,0,0,0,0,,,0,0,0,0,0,0,0,0,0,0,0,0,,,,0,0,0,0,0,0,0,,0,0,0,0,,0,0,,0,0,0,0,0,0,0,0,0,0,0.0,0.0
00-0037805,J.Ruckert,Jeremy Ruckert,TE,TE,"https://static.www.nfl.com/image/upload/f_auto,q_auto/league/jnwpnpbukmzrsuutpufx",2023,REG,NYJ,10,0,0,0,0,0,0,0,0,0,0,0,0,,,0,,0,0,0,0,0,0,0,0,0,0,,0,0,0,0,0,16,22,151,0,0,0,139,51,6,4.471252668532543,0,5,3,1,0,1.0863309352517985,0.03907637655417407,0.03475,0.08293956483126111,0,1,0,1,0,0,0,0.0,0.0,0,0,0,0,0,0,0,0,0,0,0,0,0,2,10,0,0,0,0,0,0,0,0,0,0,0,0,0,,,0,0,0,0,0,0,0,0,0,0,0,0,,,,0,0,0,0,0,0,0,,0,0,0,0,,0,0,,0,0,0,0,0,0,0,0,0,0,15.100000000000001,31.1
00-0037807,J.Ezeudu,Joshua Ezeudu,G,OL,"https://static.www.nfl.com/image/upload/f_auto,q_auto/league/p7b21zmpoxp6hxr3uxnf",2023,REG,NYG,5,0,0,0,0,0,0,0,0,0,0,0,0,,,0,,0,0,0,0,0,0,0,0,0,0,,0,0,0,0,0,0,0,0,0,0,0,0,0,0,,0,0,0,0,0,,0.0,0.0,0.0,0,0,0,0,0,0,0,0.0,0.0,0,0,0,0,0,0,0,0,2,0,0,0,0,5,37,0,0,0,0,0,0,0,0,0,0,0,0,0,,,0,0,0,0,0,0,0,0,0,0,0,0,,,,0,0,0,0,0,0,0,,0,0,0,0,,0,0,,0,0,0,0,0,0,0,0,0,0,0.0,0.0
00-0037808,D.Malone,DeAngelo Malone,LB,LB,"https://static.www.nfl.com/image/upload/f_auto,q_auto/league/yywbozwgj0uqnexmdaex",2023,REG,ATL,5,0,0,0,0,0,0,0,0,0,0,0,0,,,0,,0,0,0,0,0,0,0,0,0,0,,0,0,0,0,0,0,0,0,0,0,0,0,0,0,,0,0,0,0,0,,0.0,0.0,0.0,0,4,0,2,0,0,0,0.0,0.0,0,0,0,0,0,0,0,0,0,0,0,0,0,0,0,0,0,0,0,0,0,0,0,0,0,0,0,0,,,0,0,0,0,0,0,0,0,0,0,0,0,,,,0,0,0,0,0,0,0,,0,0,0,0,,0,0,,0,0,0,0,0,0,0,0,0,0,0.0,0.0
00-0037809,C.Okonkwo,Chig Okonkwo,TE,TE,"https://static.www.nfl.com/image/upload/f_auto,q_auto/league/omm5z5iq6dlmidqz1sgz",2023,REG,TEN,17,0,0,0,0,0,0,0,0,0,0,0,0,,,0,,0,0,0,0,2,6,0,0,0,1,-0.019908076850697398,0,0,0,0,0,54,77,528,1,0,0,525,260,25,7.755041697244279,0,25,8,6,0,1.0057142857142858,0.16108786610878661,0.1149047931713723,0.32206515438314054,0,0,0,1,0,0,0,0.0,0.0,0,0,0,0,0,0,0,0,1,0,0,0,0,4,24,0,0,0,0,0,0,0,0,0,0,0,0,0,,,0,0,0,0,0,0,0,0,0,0,0,0,,,,0,0,0,0,0,0,0,,0,0,0,0,,0,0,,0,0,0,0,0,0,0,0,0,0,59.400000000000006,113.4
00-0037810,T.Andersen,Troy Andersen,LB,LB,"https://static.www.nfl.com/image/upload/f_auto,q_auto/league/hazptxokp1zuwvuvdasb",2023,REG,ATL,2,0,0,0,0,0,0,0,0,0,0,0,0,,,0,,0,0,0,0,0,0,0,0,0,0,,0,0,0,0,0,0,0,0,0,0,0,0,0,0,,0,0,0,0,0,,0.0,0.0,0.0,0,7,0,12,1,3,0,0.5,3.5,1,0,0,0,0,0,0,0,0,0,0,0,0,1,4,0,0,0,0,0,0,0,0,0,0,0,0,0,,,0,0,0,0,0,0,0,0,0,0,0,0,,,,0,0,0,0,0,0,0,,0,0,0,0,,0,0,,0,0,0,0,0,0,0,0,0,0,0.0,0.0
00-0037811,C.Muma,Chad Muma,LB,LB,"https://static.www.nfl.com/image/upload/f_auto,q_auto/league/wwf5gmaohjdyvpigwu5e",2023,REG,JAX,4,0,0,0,0,0,0,0,0,0,0,0,0,,,0,,0,0,0,0,0,0,0,0,0,0,,0,0,0,0,0,0,0,0,0,0,0,0,0,0,,0,0,0,0,0,,0.0,0.0,0.0,0,8,0,7,0,0,0,0.0,0.0,0,0,0,2,0,0,0,0,0,0,0,0,0,1,15,0,0,0,0,0,0,0,0,0,0,0,0,0,,,0,0,0,0,0,0,0,0,0,0,0,0,,,,0,0,0,0,0,0,0,,0,0,0,0,,0,0,,0,0,0,0,0,0,0,0,0,0,0.0,0.0
00-0037813,C.Tindall,Channing Tindall,LB,LB,"https://static.www.nfl.com/image/upload/f_auto,q_auto/league/iop376y4dj0sxvhznh3f",2023,REG,MIA,4,0,0,0,0,0,0,0,0,0,0,0,0,,,0,,0,0,0,0,0,0,0,0,0,0,,0,0,0,0,0,0,0,0,0,0,0,0,0,0,,0,0,0,0,0,,0.0,0.0,0.0,0,2,1,5,0,0,0,0.0,0.0,0,0,0,0,0,0,0,0,0,0,0,0,0,1,10,0,0,0,0,0,0,0,0,0,0,0,0,0,,,0,0,0,0,0,0,0,0,0,0,0,0,,,,0,0,0,0,0,0,0,,0,0,0,0,,0,0,,0,0,0,0,0,0,0,0,0,0,0.0,0.0
00-0037814,L.Fortner,Luke Fortner,C,OL,"https://static.www.nfl.com/image/upload/f_auto,q_auto/league/kvv7na6p5zwlcmtoji7q",2023,REG,JAX,7,0,0,0,0,0,0,0,0,0,0,0,0,,,0,,0,0,0,0,0,0,0,0,0,0,,0,0,0,0,0,0,0,0,0,0,0,0,0,0,,0,0,0,0,0,,0.0,0.0,0.0,0,1,0,0,0,0,0,0.0,0.0,0,0,0,0,0,0,0,0,0,0,0,0,0,4,30,0,2,0,2,0,0,0,0,0,0,0,0,0,,,0,0,0,0,0,0,0,0,0,0,0,0,,,,0,0,0,0,0,0,0,,0,0,0,0,,0,0,,0,0,0,0,0,0,0,0,0,0,0.0,0.0
00-0037815,C.Thomas,Cameron Thomas,DE,DL,"https://static.www.nfl.com/image/upload/f_auto,q_auto/league/pjqi76adcm3i9xkbbepg",2023,REG,ARI,12,0,0,0,0,0,0,0,0,0,0,0,0,,,0,,0,0,0,0,0,0,0,0,0,0,,0,0,0,0,0,0,0,0,0,0,0,0,0,0,,0,0,0,0,0,,0.0,0.0,0.0,0,10,3,9,3,7,0,0.0,0.0,1,0,0,1,0,0,0,0,0,0,1,2,1,1,15,0,0,0,0,0,0,0,0,0,0,0,0,0,,,0,0,0,0,0,0,0,0,0,0,0,0,,,,0,0,0,0,0,0,0,,0,0,0,0,,0,0,,0,0,0,0,0,0,0,0,0,0,0.0,0.0
00-0037816,R.Doubs,Romeo Doubs,WR,WR,"https://static.www.nfl.com/image/upload/f_auto,q_auto/league/ov2llp1bfetznmngqybi",2023,REG,GB,17,0,0,0,0,0,0,0,0,0,0,0,0,-0.947,,0,,0,0,0,0,0,0,0,0,0,0,,0,0,0,0,0,59,96,674,8,1,0,1126,134,41,25.05756660561879,0,31,12,7,0,0.5985790408525755,0.1711229946524064,0.22793522267206479,0.4162391478490549,0,2,0,0,0,0,0,0.0,0.0,0,0,0,0,0,0,0,0,0,0,0,0,0,0,0,1,0,0,1,0,0,0,0,0,0,0,0,0,,,0,0,0,0,0,0,0,0,0,0,0,0,,,,0,0,0,0,0,0,0,,0,0,0,0,,0,0,,0,0,0,0,0,0,0,0,0,0,115.4,174.4
00-0037817,Z.Tom,Zach Tom,G,OL,"https://static.www.nfl.com/image/upload/f_auto,q_auto/league/ed0itvu56lxrfabusaux",2023,REG,GB,4,0,0,0,0,0,0,0,0,0,0,0,0,,,0,,0,0,0,0,0,0,0,0,0,0,,0,0,0,0,0,0,0,0,0,0,0,0,0,0,,0,0,0,0,0,,0.0,0.0,0.0,0,1,0,0,0,0,0,0.0,0.0,0,0,0,0,0,0,0,0,2,0,0,0,0,3,10,0,0,0,0,0,0,0,0,0,0,0,0,0,,,0,0,0,0,0,0,0,0,0,0,0,0,,,,0,0,0,0,0,0,0,,0,0,0,0,,0,0,,0,0,0,0,0,0,0,0,0,0,0.0,0.0
00-0037818,Z.Johnson,Zion Johnson,G,OL,"https://static.www.nfl.com/image/upload/f_auto,q_auto/league/wjgcg8pqadn0mtzoumhj",2023,REG,LAC,5,0,0,0,0,0,0,0,0,0,0,0,0,,,0,,0,0,0,0,0,0,0,0,0,0,,0,0,0,0,0,0,0,0,0,0,0,0,0,0,,0,0,0,0,0,,0.0,0.0,0.0,0,0,0,0,0,0,0,0.0,0.0,0,0,0,0,0,0,0,0,0,0,0,0,0,6,44,0,0,0,0,0,0,0,0,0,0,0,0,0,,,0,0,0,0,0,0,0,0,0,0,0,0,,,,0,0,0,0,0,0,0,,0,0,0,0,,0,0,,0,0,0,0,0,0,0,0,0,0,0.0,0.0
00-0037819,L.Chenal,Leo Chenal,LB,LB,"https://static.www.nfl.com/image/upload/f_auto,q_auto/league/x09uj5ta65jfceysfi2v",2023,REG,KC,17,0,0,0,0,0,0,0,0,0,0,0,0,,,0,,0,0,0,0,0,0,0,0,0,0,,0,0,0,0,0,0,0,0,0,0,0,0,0,0,,0,0,0,0,0,,0.0,0.0,0.0,0,31,9,25,8,27,0,3.0,17.0,7,0,0,1,0,0,0,0,0,0,0,0,0,0,0,0,0,0,0,0,0,0,0,0,0,0,0,0,,,0,0,0,0,0,0,0,0,0,0,0,0,,,,0,0,0,0,0,0,0,,0,0,0,0,,0,0,,0,0,0,0,0,0,0,0,0,0,0.0,0.0
00-0037821,C.Cross,Charles Cross,OT,OL,"https://static.www.nfl.com/image/upload/f_auto,q_auto/league/unfc89gx8anfyuzom0dv",2023,REG,SEA,4,0,0,0,0,0,0,0,0,0,0,0,0,,,0,,0,0,0,0,0,0,0,0,0,0,,0,0,0,0,0,0,0,0,0,0,0,0,0,0,,0,0,0,0,0,,0.0,0.0,0.0,0,0,0,0,0,0,0,0.0,0.0,0,0,0,0,0,0,0,0,0,0,0,0,0,4,25,0,0,0,0,0,0,0,0,0,0,0,0,0,,,0,0,0,0,0,0,0,0,0,0,0,0,,,,0,0,0,0,0,0,0,,0,0,0,0,,0,0,,0,0,0,0,0,0,0,0,0,0,0.0,0.0
00-0037822,B.Asamoah,Brian Asamoah II,LB,LB,"https://static.www.nfl.com/image/upload/f_auto,q_auto/league/xohuccngmgsc8x8t7onn",2023,REG,MIN,7,0,0,0,0,0,0,0,0,0,0,0,0,,,0,,0,0,0,0,0,0,0,0,0,0,,0,0,0,0,0,0,0,0,0,0,0,0,0,0,,0,0,0,0,0,,0.0,0.0,0.0,0,2,0,5,0,0,0,0.0,0.0,0,0,0,0,0,0,0,0,0,0,0,0,0,3,27,0,0,0,0,0,0,0,0,0,0,0,0,0,,,0,0,0,0,0,0,0,0,0,0,0,0,,,,0,0,0,0,0,0,0,,0,0,0,0,,0,0,,0,0,0,0,0,0,0,0,0,0,0.0,0.0
00-0037823,C.Harris,Christian Harris,LB,LB,"https://static.www.nfl.com/image/upload/f_auto,q_auto/league/vu59vuwhkncfc8gtsjq4",2023,REG,HOU,16,0,0,0,0,0,0,0,0,0,0,0,0,,,0,,0,0,0,0,0,0,0,0,0,0,,0,0,0,0,0,0,0,0,0,0,0,0,0,0,,0,0,0,0,0,,0.0,0.0,0.0,0,57,8,36,7,20,1,2.0,8.0,3,0,0,7,0,0,0,0,0,0,0,0,0,2,11,0,0,0,0,0,0,0,0,0,0,0,0,0,,,0,0,0,0,0,0,0,0,0,0,0,0,,,,0,0,0,0,0,0,0,,0,0,0,0,,0,0,,0,0,0,0,0,0,0,0,0,0,0.0,0.0
00-0037825,T.Linderbaum,Tyler Linderbaum,C,OL,"https://static.www.nfl.com/image/upload/f_auto,q_auto/league/ojvsyozouivghvkbw5qk",2023,REG,BAL,4,0,0,0,0,0,0,0,0,0,0,0,0,,,0,,0,0,0,0,0,0,0,0,0,0,,0,0,0,0,0,0,0,0,0,0,0,0,0,0,,0,0,0,0,0,,0.0,0.0,0.0,0,0,0,0,0,0,0,0.0,0.0,0,0,0,0,0,0,0,0,0,-15,0,0,0,3,25,0,1,1,1,0,0,0,0,0,0,0,0,0,,,0,0,0,0,0,0,0,0,0,0,0,0,,,,0,0,0,0,0,0,0,,0,0,0,0,,0,0,,0,0,0,0,0,0,0,0,0,0,0.0,0.0
00-0037826,D.Jackson,Drake Jackson,DE,DL,"https://static.www.nfl.com/image/upload/f_auto,q_auto/league/z0rbarktd2j64zhoav02",2023,REG,SF,4,0,0,0,0,0,0,0,0,0,0,0,0,,,0,,0,0,0,0,0,0,0,0,0,0,,0,0,0,0,0,0,0,0,0,0,0,0,0,0,,0,0,0,0,0,,0.0,0.0,0.0,0,4,0,3,2,20,0,3.0,20.0,3,0,0,1,0,0,0,0,0,0,0,0,0,0,0,0,0,0,0,0,0,0,0,0,0,0,0,0,,,0,0,0,0,0,0,0,0,0,0,0,0,,,,0,0,0,0,0,0,0,,0,0,0,0,,0,0,,0,0,0,0,0,0,0,0,0,0,0.0,0.0
00-0037827,T.Davis-Price,Tyrion Davis-Price,RB,RB,"https://static.www.nfl.com/image/upload/f_auto,q_auto/league/np2ljgazwwq6sh9015qs",2023,REG,SF,1,0,0,0,0,0,0,0,0,0,0,0,0,,,0,,0,0,0,0,6,21,0,0,0,1,-3.7345579089596868,0,1,1,0,0,0,0,0,0,0,0,0,0,0,,0,0,0,0,0,,0.0,0.0,0.0,0,0,0,0,0,0,0,0.0,0.0,0,0,0,0,0,0,0,0,0,0,0,0,0,0,0,0,0,0,0,0,0,0,0,0,0,0,0,0,,,0,0,0,0,0,0,0,0,0,0,0,0,,,,0,0,0,0,0,0,0,,0,0,0,0,,0,0,,0,0,0,0,0,0,0,0,0,0,2.1,2.1
00-0037829,S.Burford,Spencer Burford,G,OL,"https://static.www.nfl.com/image/upload/f_auto,q_auto/league/rizdurffvnwd66ait3pt",2023,REG,SF,6,0,0,0,0,0,0,0,0,0,0,0,0,,,0,,0,0,0,0,0,0,0,0,0,0,,0,0,0,0,0,0,0,0,0,0,0,0,0,0,,0,0,0,0,0,,0.0,0.0,0.0,0,0,0,0,0,0,0,0.0,0.0,0,0,0,0,0,0,0,0,0,0,0,0,0,8,70,0,0,0,0,0,0,0,0,0,0,0,0,0,,,0,0,0,0,0,0,0,0,0,0,0,0,,,,0,0,0,0,0,0,0,,0,0,0,0,,0,0,,0,0,0,0,0,0,0,0,0,0,0.0,0.0
00-0037830,S.Womack,Samuel Womack,CB,DB,"https://static.www.nfl.com/image/upload/f_auto,q_auto/league/qjqal4jl2itgnfzbliys",2023,REG,SF,6,0,0,0,0,0,0,0,0,0,0,0,0,,,0,,0,0,0,0,0,0,0,0,0,0,,0,0,0,0,0,0,0,0,0,0,0,0,0,0,,0,0,0,0,0,,0.0,0.0,0.0,0,5,1,1,0,0,0,0.0,0.0,0,0,0,0,0,0,0,0,0,0,0,0,0,1,5,0,0,0,0,0,0,0,0,0,0,0,0,0,,,0,0,0,0,0,0,0,0,0,0,0,0,,,,0,0,0,0,0,0,0,,0,0,0,0,,0,0,,0,0,0,0,0,0,0,0,0,0,0.0,0.0
00-0037832,K.Davis,Kalia Davis,DT,DL,"https://static.www.nfl.com/image/upload/f_auto,q_auto/league/bqad9jqdvg5tis5i3vgu",2023,REG,SF,1,0,0,0,0,0,0,0,0,0,0,0,0,,,0,,0,0,0,0,0,0,0,0,0,0,,0,0,0,0,0,0,0,0,0,0,0,0,0,0,,0,0,0,0,0,,0.0,0.0,0.0,0,1,0,0,1,3,0,1.0,3.0,1,0,0,0,0,0,0,0,0,0,0,0,0,0,0,0,0,0,0,0,0,0,0,0,0,0,0,0,,,0,0,0,0,0,0,0,0,0,0,0,0,,,,0,0,0,0,0,0,0,,0,0,0,0,,0,0,,0,0,0,0,0,0,0,0,0,0,0.0,0.0
00-0037833,T.Castro-Fields,Tariq Castro-Fields,CB,DB,"https://static.www.nfl.com/image/upload/f_auto,q_auto/league/sauvxksfrf2vm2nhsjjd",2023,REG,WAS,4,0,0,0,0,0,0,0,0,0,0,0,0,,,0,,0,0,0,0,0,0,0,0,0,0,,0,0,0,0,0,0,0,0,0,0,0,0,0,0,,0,0,0,0,0,,0.0,0.0,0.0,0,1,2,1,0,0,0,0.0,0.0,0,0,0,0,0,0,0,0,0,0,0,0,0,3,20,0,0,0,0,0,0,0,0,0,0,0,0,0,,,0,0,0,0,0,0,0,0,0,0,0,0,,,,0,0,0,0,0,0,0,,0,0,0,0,,0,0,,0,0,0,0,0,0,0,0,0,0,0.0,0.0
00-0037834,B.Purdy,Brock Purdy,QB,QB,"https://static.www.nfl.com/image/upload/f_auto,q_auto/league/xykdxnvxpf9pobxvkjfj",2023,REG,SF,16,308,444,4280,31,11,28,-153,4,2,3636,2034,192,143.75355856953541,5.383880628355772,0,1.177117711771177,167,100,72,14,39,144,2,2,0,15,11.427492490520338,0,6,5,0,0,0,0,0,0,0,0,0,0,0,,0,0,0,0,0,,0.0,0.0,0.0,0,2,0,0,0,0,0,0.0,0.0,0,0,0,0,0,0,0,0,4,-1,0,0,0,2,23,3,3,0,6,2,0,0,0,0,0,0,0,0,,,0,0,0,0,0,0,0,0,0,0,0,0,,,,0,0,0,0,0,0,0,,0,0,0,0,,0,0,,0,0,0,0,0,0,0,0,0,0,295.6,295.6
00-0037835,L.Goedeke,Luke Goedeke,OT,OL,"https://static.www.nfl.com/image/upload/f_auto,q_auto/league/umds1rrsxq5kja5kt08g",2023,REG,TB,7,0,0,0,0,0,0,0,0,0,0,0,0,,,0,,0,0,0,0,0,0,0,0,0,0,,0,0,0,0,0,0,0,0,0,0,0,0,0,0,,0,0,0,0,0,,0.0,0.0,0.0,0,1,0,0,0,0,0,0.0,0.0,0,0,0,0,0,0,0,0,0,0,0,0,0,10,73,0,0,0,0,0,0,0,0,0,0,0,0,0,,,0,0,0,0,0,0,0,0,0,0,0,0,,,,0,0,0,0,0,0,0,,0,0,0,0,,0,0,,0,0,0,0,0,0,0,0,0,0,0.0,0.0
00-0037837,C.Austin,Calvin Austin III,WR,WR,"https://static.www.nfl.com/image/private/f_auto,q_auto/league/qlt6ztqcbu0uzad6aavt",2023,REG,PIT,16,0,0,0,0,0,0,0,0,0,0,0,0,,,0,,0,0,0,0,11,57,1,0,0,4,3.413140455435496,0,2,1,0,0,17,30,180,1,0,0,378,73,7,-3.259148747407768,0,6,1,1,1,0.47619047619047616,0.06198347107438017,0.09986789960369881,0.1628827363341594,0,1,0,0,0,0,0,0.0,0.0,0,0,0,0,0,2,0,0,2,0,0,0,0,1,10,0,2,0,2,0,29,249,0,0,0,0,0,0,,,0,0,0,0,0,0,0,0,0,0,0,0,,,,0,0,0,0,0,0,0,,0,0,0,0,,0,0,,0,0,0,0,0,0,0,0,0,0,35.7,52.7
00-0037838,I.Likely,Isaiah Likely,TE,TE,"https://static.www.nfl.com/image/upload/f_auto,q_auto/league/ssrjtyvnyfflobmi0mb8",2023,REG,BAL,14,0,0,0,0,0,0,0,0,0,0,0,0,,,0,,0,0,0,0,0,0,0,0,0,0,,0,0,0,0,0,30,40,411,5,0,0,249,216,15,32.19419939463758,0,16,10,6,1,1.6506024096385543,0.08403361344537816,0.06089508437270726,0.1686769792289623,0,1,1,0,0,0,0,0.0,0.0,0,0,0,0,0,0,0,0,0,0,0,0,0,4,30,0,0,0,0,0,0,0,0,0,0,0,0,0,,,0,0,0,0,0,0,0,0,0,0,0,0,,,,0,0,0,0,0,0,0,,0,0,0,0,,0,0,,0,0,0,0,0,0,0,0,0,0,71.1,101.1
00-0037839,C.Durant,Cobie Durant,CB,DB,"https://static.www.nfl.com/image/upload/f_auto,q_auto/league/vkte59jemwhdeuobis0e",2023,REG,LA,14,0,0,0,0,0,0,0,0,0,0,0,0,,,0,,0,0,0,0,0,0,0,0,0,0,,0,0,0,0,0,0,0,0,0,0,0,0,0,0,,0,0,0,0,0,,0.0,0.0,0.0,0,22,1,16,0,0,0,0.0,0.0,2,0,0,6,0,0,0,0,0,0,0,0,0,2,15,0,0,0,0,0,0,0,0,0,0,0,0,0,,,0,0,0,0,0,0,0,0,0,0,0,0,,,,0,0,0,0,0,0,0,,0,0,0,0,,0,0,,0,0,0,0,0,0,0,0,0,0,0.0,0.0
00-0037840,K.Williams,Kyren Williams,RB,RB,"https://static.www.nfl.com/image/upload/f_auto,q_auto/league/smsyrjrwy0lf0hu9hkvg",2023,REG,LA,12,0,0,0,0,0,0,0,0,0,0,0,0,,,0,,0,0,0,0,228,1144,12,2,1,62,23.489599657068254,1,26,14,7,1,32,48,206,3,1,1,10,277,9,-15.600401715665086,0,8,2,2,0,20.6,0.08648648648648649,0.002218770800976259,0.1312828692904131,0,1,0,0,0,0,0,0.0,0.0,0,0,0,0,0,0,0,0,0,0,0,0,0,2,18,3,0,0,3,2,3,21,1,8,0,0,0,0,,,0,0,0,0,0,0,0,0,0,0,0,0,,,,0,0,0,0,0,0,0,,0,0,0,0,,0,0,,0,0,0,0,0,0,0,0,0,0,223.0,255.0
00-0037841,Q.Lake,Quentin Lake,SAF,DB,"https://static.www.nfl.com/image/upload/f_auto,q_auto/league/rhyy4y6kh7kbnuglf7jp",2023,REG,LA,14,0,0,0,0,0,0,0,0,0,0,0,0,,,0,,0,0,0,0,0,0,0,0,0,0,,0,0,0,0,0,0,0,0,0,0,0,0,0,0,,0,0,0,0,0,,0.0,0.0,0.0,0,34,8,11,1,3,0,0.0,0.0,0,0,0,6,0,0,0,0,0,0,1,0,0,3,12,0,0,0,0,0,0,0,0,0,0,0,0,0,,,0,0,0,0,0,0,0,0,0,0,0,0,,,,0,0,0,0,0,0,0,,0,0,0,0,,0,0,,0,0,0,0,0,0,0,0,0,0,0.0,0.0
00-0037842,D.Kendrick,Derion Kendrick,CB,DB,"https://static.www.nfl.com/image/upload/f_auto,q_auto/league/jqmngrtmkviwleea8i40",2023,REG,LA,14,0,0,0,0,0,0,0,0,0,0,0,0,,,0,,0,0,0,0,0,0,0,0,0,0,,0,0,0,0,0,0,0,0,0,0,0,0,0,0,,0,0,0,0,0,,0.0,0.0,0.0,0,38,3,8,3,8,0,0.0,0.0,0,1,0,10,0,0,0,0,0,0,0,0,0,10,96,0,0,0,0,0,0,0,0,0,0,0,0,0,,,0,0,0,0,0,0,0,0,0,0,0,0,,,,0,0,0,0,0,0,0,,0,0,0,0,,0,0,,0,0,0,0,0,0,0,0,0,0,0.0,0.0
00-0037844,R.Yeast,Russ Yeast,SAF,DB,"https://static.www.nfl.com/image/upload/f_auto,q_auto/league/ocmzjjmepmzbrxfegfaj",2023,REG,LA,16,0,0,0,0,0,0,0,0,0,0,0,0,,,0,,0,0,0,0,0,0,0,0,0,0,,0,0,0,0,0,0,0,0,0,0,0,0,0,0,,0,0,0,0,0,,0.0,0.0,0.0,0,31,6,24,0,0,0,0.0,0.0,0,0,0,5,0,0,0,0,0,0,0,0,0,2,20,0,0,0,0,0,0,0,0,0,0,0,0,0,,,0,0,0,0,0,0,0,0,0,0,0,0,,,,0,0,0,0,0,0,0,,0,0,0,0,,0,0,,0,0,0,0,0,0,0,0,0,0,0.0,0.0
00-0037984,D.Williams,Damarion Williams,CB,DB,"https://static.www.nfl.com/image/upload/f_auto,q_auto/league/mfeu7klqfh5ximkpkf1f",2023,REG,BAL,1,0,0,0,0,0,0,0,0,0,0,0,0,,,0,,0,0,0,0,0,0,0,0,0,0,,0,0,0,0,0,0,0,0,0,0,0,0,0,0,,0,0,0,0,0,,0.0,0.0,0.0,0,0,0,0,0,0,0,0.0,0.0,0,0,0,0,0,0,0,0,0,0,0,0,0,0,0,0,0,0,0,0,0,0,0,0,0,0,0,0,,,0,0,0,0,0,0,0,0,0,0,0,0,,,,0,0,0,0,0,0,0,,0,0,0,0,,0,0,,0,0,0,0,0,0,0,0,0,0,0.0,0.0
00-0038038,K.Hamilton,Kyle Hamilton,SAF,DB,"https://static.www.nfl.com/image/upload/f_auto,q_auto/league/chrrlhiriydmjomv3s2f",2023,REG,BAL,15,0,0,0,0,0,0,0,0,0,0,0,0,,,0,,0,0,0,0,0,0,0,0,0,0,,0,0,0,0,0,0,0,0,0,0,0,0,0,0,,0,0,0,0,0,,0.0,0.0,0.0,0,57,6,18,9,36,1,3.0,36.0,4,4,25,13,1,0,0,0,0,0,0,0,0,5,45,0,0,0,0,0,0,0,0,0,0,0,0,0,,,0,0,0,0,0,0,0,0,0,0,0,0,,,,0,0,0,0,0,0,0,,0,0,0,0,,0,0,,0,0,0,0,0,0,0,0,0,0,0.0,0.0
00-0038039,J.Jones,Jack Jones,CB,DB,"https://static.www.nfl.com/image/upload/f_auto,q_auto/league/du4dbnopryqdeffnwcwh",2023,REG,LV,10,0,0,0,0,0,0,0,0,0,0,0,0,,,0,,0,0,0,0,0,0,0,0,0,0,,0,0,0,0,0,0,0,0,0,0,0,0,0,0,,0,0,0,0,0,,0.0,0.0,0.0,0,27,1,9,0,0,0,0.0,0.0,1,2,49,5,2,0,0,0,0,0,0,0,0,5,55,0,0,0,0,0,0,0,0,0,0,0,0,0,,,0,0,0,0,0,0,0,0,0,0,0,0,,,,0,0,0,0,0,0,0,,0,0,0,0,,0,0,,0,0,0,0,0,0,0,0,0,0,0.0,0.0
00-0038040,Z.White,Zamir White,RB,RB,"https://static.www.nfl.com/image/upload/f_auto,q_auto/league/jzthyqk2ld52f31ka1ir",2023,REG,LV,13,0,0,0,0,0,0,0,0,0,0,0,0,,,0,,0,0,0,0,104,451,1,1,1,19,-17.689954509143718,0,8,7,2,1,15,19,98,0,0,0,4,94,4,0.7290253781829961,0,2,0,0,0,24.5,0.035781544256120526,0.000934361130576968,0.054326369175584664,0,1,0,1,0,0,0,0.0,0.0,0,0,0,0,0,0,0,0,0,0,0,0,0,0,0,1,0,0,1,1,0,0,0,0,0,0,0,0,,,0,0,0,0,0,0,0,0,0,0,0,0,,,,0,0,0,0,0,0,0,,0,0,0,0,,0,0,,0,0,0,0,0,0,0,0,0,0,58.900000000000006,73.9
00-0038041,J.Ferguson,Jake Ferguson,TE,TE,"https://static.www.nfl.com/image/upload/f_auto,q_auto/league/ebdz1yf8ky2mscdvyv1v",2023,REG,DAL,17,0,0,0,0,0,0,0,0,0,0,0,0,,,0,,0,0,0,0,0,0,0,0,0,0,,0,0,0,0,0,71,102,761,5,0,0,514,425,40,32.75242731869887,0,36,12,8,1,1.4805447470817121,0.16859504132231404,0.10721735502711723,0.3279447105024531,0,0,0,0,0,0,0,0.0,0.0,0,0,0,0,0,0,0,0,0,0,0,0,0,4,25,0,0,0,0,0,0,0,0,0,0,0,0,0,,,0,0,0,0,0,0,0,0,0,0,0,0,,,,0,0,0,0,0,0,0,,0,0,0,0,,0,0,,0,0,0,0,0,0,0,0,0,0,106.10000000000001,177.10000000000002
00-0038042,J.Camarda,Jake Camarda,P,SPEC,"https://static.www.nfl.com/image/upload/f_auto,q_auto/league/hqkpgynlysrpztamxn6n",2023,REG,TB,17,0,0,0,0,0,0,0,0,0,0,0,0,,,0,,0,0,0,0,0,0,0,0,0,0,,0,0,0,0,0,0,0,0,0,0,0,0,0,0,,0,0,0,0,0,,0.0,0.0,0.0,0,1,0,0,0,0,0,0.0,0.0,0,0,0,0,0,0,0,0,1,0,0,0,0,0,0,0,1,0,1,0,0,0,0,0,0,0,0,0,,,0,0,0,0,0,0,0,0,0,0,0,0,,,,0,0,0,0,0,0,0,,0,0,0,0,,77,0,74,3854,26,11,9,9,10,38,455,0,3219,0.0,0.0
00-0038043,J.Williams,Joshua Williams,CB,DB,"https://static.www.nfl.com/image/upload/f_auto,q_auto/league/gpyxftvkpvbwrc7srrgt",2023,REG,KC,10,0,0,0,0,0,0,0,0,0,0,0,0,,,0,,0,0,0,0,0,0,0,0,0,0,,0,0,0,0,0,0,0,0,0,0,0,0,0,0,,0,0,0,0,0,,0.0,0.0,0.0,0,14,0,4,1,3,0,0.0,0.0,0,0,0,5,0,0,0,0,0,0,0,0,0,4,57,0,0,0,0,0,0,0,0,0,0,0,0,0,,,0,0,0,0,0,0,0,0,0,0,0,0,,,,0,0,0,0,0,0,0,,0,0,0,0,,0,0,,0,0,0,0,0,0,0,0,0,0,0.0,0.0
00-0038045,I.Spiller,Isaiah Spiller,RB,RB,"https://static.www.nfl.com/image/upload/f_auto,q_auto/league/msdwytjm5qjxe336lmnv",2023,REG,LAC,9,0,0,0,0,0,0,0,0,0,0,0,0,,,0,,0,0,0,0,37,96,0,0,0,1,-14.360955198761076,0,0,0,0,0,6,6,34,0,0,0,-5,39,1,0.5254501588632001,0,1,0,0,0,-6.8,0.009771986970684038,-0.0010564124234100994,0.013918491759638989,0,0,0,0,0,0,0,0.0,0.0,0,0,0,0,0,0,0,0,0,0,0,0,0,0,0,0,0,0,0,0,0,0,0,0,0,0,0,0,,,0,0,0,0,0,0,0,0,0,0,0,0,,,,0,0,0,0,0,0,0,,0,0,0,0,,0,0,,0,0,0,0,0,0,0,0,0,0,13.0,19.0
00-0038046,C.Kolar,Charlie Kolar,TE,TE,"https://static.www.nfl.com/image/upload/f_auto,q_auto/league/g75ws8vkqz9cqwifhcy7",2023,REG,BAL,9,0,0,0,0,0,0,0,0,0,0,0,0,,,0,,0,0,0,0,0,0,0,0,0,0,,0,0,0,0,0,7,9,87,1,0,0,88,17,5,7.684576356812613,0,5,2,0,0,0.9886363636363636,0.018907563025210083,0.02152115431645879,0.043426152559336274,0,4,0,1,0,0,0,0.0,0.0,0,0,0,0,0,0,0,0,0,0,0,0,0,0,0,0,0,0,0,0,0,0,0,0,0,0,0,0,,,0,0,0,0,0,0,0,0,0,0,0,0,,,,0,0,0,0,0,0,0,,0,0,0,0,,0,0,,0,0,0,0,0,0,0,0,0,0,14.700000000000001,21.700000000000003
00-0038090,S.Moore,Skyy Moore,WR,WR,"https://static.www.nfl.com/image/upload/f_auto,q_auto/league/fadcpretmhczwjq8ovae",2023,REG,KC,13,0,0,0,0,0,0,0,0,0,0,0,0,,,0,,0,0,0,0,3,23,0,0,0,1,0.9917829283513129,0,1,0,0,0,21,38,244,1,0,0,339,109,13,-9.618858476804308,0,10,4,3,1,0.7197640117994101,0.06343906510851419,0.08278388278388278,0.15310731561148921,0,2,0,0,0,0,0,0.0,0.0,0,0,0,0,0,0,0,0,0,0,0,0,0,0,0,0,0,0,0,0,0,0,0,0,0,0,0,0,,,0,0,0,0,0,0,0,0,0,0,0,0,,,,0,0,0,0,0,0,0,,0,0,0,0,,0,0,,0,0,0,0,0,0,0,0,0,0,32.7,53.7
00-0038091,J.Woods,JT Woods,SAF,DB,"https://static.www.nfl.com/image/upload/f_auto,q_auto/league/c9yj9oh5pdja14fvmoub",2023,REG,LAC,2,0,0,0,0,0,0,0,0,0,0,0,0,,,0,,0,0,0,0,0,0,0,0,0,0,,0,0,0,0,0,0,0,0,0,0,0,0,0,0,,0,0,0,0,0,,0.0,0.0,0.0,0,3,2,0,0,0,0,0.0,0.0,0,0,0,0,0,0,0,0,0,0,0,0,0,0,0,0,0,0,0,0,0,0,0,0,0,0,0,0,,,0,0,0,0,0,0,0,0,0,0,0,0,,,,0,0,0,0,0,0,0,,0,0,0,0,,0,0,,0,0,0,0,0,0,0,0,0,0,0.0,0.0
00-0038092,E.Ezukanma,Erik Ezukanma,WR,WR,"https://static.www.nfl.com/image/upload/f_auto,q_auto/league/z5fkw0w6ylpkumdxcpcv",2023,REG,MIA,2,0,0,0,0,0,0,0,0,0,0,0,0,,,0,,0,0,0,0,5,22,0,0,0,1,-1.453355719218962,0,1,1,0,0,0,1,0,0,0,0,8,0,0,-0.9126537921924407,0,0,0,0,0,0.0,0.0018214936247723133,0.0018578727357176034,0.004032751352160792,0,0,0,0,0,0,0,0.0,0.0,0,0,0,0,0,0,0,0,0,0,0,0,0,0,0,0,0,0,0,0,0,0,0,0,0,0,0,0,,,0,0,0,0,0,0,0,0,0,0,0,0,,,,0,0,0,0,0,0,0,,0,0,0,0,,0,0,,0,0,0,0,0,0,0,0,0,0,2.2,2.2
00-0038093,N.Farrell,Neil Farrell,DE,DL,"https://static.www.nfl.com/image/upload/f_auto,q_auto/league/pikpateqjukuersidq1m",2023,REG,KC,1,0,0,0,0,0,0,0,0,0,0,0,0,,,0,,0,0,0,0,0,0,0,0,0,0,,0,0,0,0,0,0,0,0,0,0,0,0,0,0,,0,0,0,0,0,,0.0,0.0,0.0,0,1,0,0,1,1,0,0.0,0.0,0,0,0,1,0,0,0,0,0,0,0,0,0,0,0,0,0,0,0,0,0,0,0,0,0,0,0,0,,,0,0,0,0,0,0,0,0,0,0,0,0,,,,0,0,0,0,0,0,0,,0,0,0,0,,0,0,,0,0,0,0,0,0,0,0,0,0,0.0,0.0
00-0038094,J.Stout,Jordan Stout,P,SPEC,"https://static.www.nfl.com/image/upload/f_auto,q_auto/league/ta8m8jfnaotfjnasvy2e",2023,REG,BAL,17,0,0,0,0,0,0,0,0,0,0,0,0,,,0,,0,0,0,0,0,0,0,0,0,0,,0,0,0,0,0,0,0,0,0,0,0,0,0,0,,0,0,0,0,0,,0.0,0.0,0.0,0,2,0,0,0,0,0,0.0,0.0,0,0,0,0,0,0,0,0,0,0,0,0,0,0,0,0,0,0,0,0,0,0,0,0,0,0,0,0,,,0,0,0,0,0,0,0,0,0,0,0,0,,,,0,0,0,0,0,0,0,,0,0,0,0,,66,1,67,3158,28,8,4,5,17,32,433,1,2625,0.0,0.0
00-0038095,C.Volson,Cordell Volson,G,OL,"https://static.www.nfl.com/image/upload/f_auto,q_auto/league/ez7oydk1ozqz8cw50y91",2023,REG,CIN,3,0,0,0,0,0,0,0,0,0,0,0,0,,,0,,0,0,0,0,0,0,0,0,0,0,,0,0,0,0,0,0,0,0,0,0,0,0,0,0,,0,0,0,0,0,,0.0,0.0,0.0,0,1,0,0,0,0,0,0.0,0.0,0,0,0,0,0,0,0,0,0,0,0,0,0,2,10,0,0,0,0,0,0,0,0,0,0,0,0,0,,,0,0,0,0,0,0,0,0,0,0,0,0,,,,0,0,0,0,0,0,0,,0,0,0,0,,0,0,,0,0,0,0,0,0,0,0,0,0,0.0,0.0
00-0038096,J.Paschal,Joshua Paschal,DE,DL,"https://static.www.nfl.com/image/upload/f_auto,q_auto/league/cu4msshr9uspguaggw2c",2023,REG,DET,10,0,0,0,0,0,0,0,0,0,0,0,0,,,0,,0,0,0,0,0,0,0,0,0,0,,0,0,0,0,0,0,0,0,0,0,0,0,0,0,,0,0,0,0,0,,0.0,0.0,0.0,0,13,4,8,4,19,0,1.0,9.0,3,0,0,1,0,0,0,0,0,0,1,0,0,0,0,0,0,0,0,0,0,0,0,0,0,0,0,0,,,0,0,0,0,0,0,0,0,0,0,0,0,,,,0,0,0,0,0,0,0,,0,0,0,0,,0,0,,0,0,0,0,0,0,0,0,0,0,0.0,0.0
00-0038098,P.Strong,Pierre Strong,RB,RB,"https://static.www.nfl.com/image/upload/f_auto,q_auto/league/xvsnviejqwulftgrccpb",2023,REG,CLE,16,0,0,0,0,0,0,0,0,0,0,0,0,,,0,,0,0,0,0,63,291,1,1,1,10,-10.877036237987223,0,7,6,2,1,5,8,47,0,0,0,-5,73,1,-2.232929656165652,0,1,1,1,1,-9.4,0.01340033500837521,-0.0009435742592942064,0.01944000053105687,0,7,0,2,0,0,1,0.0,0.0,0,0,0,0,0,0,0,0,0,0,0,0,0,0,0,1,0,0,1,1,0,0,8,200,0,0,0,0,,,0,0,0,0,0,0,0,0,0,0,0,0,,,,0,0,0,0,0,0,0,,0,0,0,0,,0,0,,0,0,0,0,0,0,0,0,0,0,37.800000000000004,42.800000000000004
00-0038099,P.Mathis,Phidarian Mathis,DT,DL,"https://static.www.nfl.com/image/upload/f_auto,q_auto/league/sad9ieuv0z3maak06mir",2023,REG,WAS,6,0,0,0,0,0,0,0,0,0,0,0,0,,,0,,0,0,0,0,0,0,0,0,0,0,,0,0,0,0,0,0,0,0,0,0,0,0,0,0,,0,0,0,0,0,,0.0,0.0,0.0,0,2,0,6,0,0,0,0.0,0.0,1,0,0,0,0,0,0,0,0,0,1,0,0,0,0,0,0,0,0,0,0,0,0,0,0,0,0,0,,,0,0,0,0,0,0,0,0,0,0,0,0,,,,0,0,0,0,0,0,0,,0,0,0,0,,0,0,,0,0,0,0,0,0,0,0,0,0,0.0,0.0
00-0038100,P.Butler,Percy Butler,SAF,DB,"https://static.www.nfl.com/image/upload/f_auto,q_auto/league/a91iobuedgc4i8c8jq7j",2023,REG,WAS,14,0,0,0,0,0,0,0,0,0,0,0,0,,,0,,0,0,0,0,0,0,0,0,0,0,,0,0,0,0,0,0,0,0,0,0,0,0,0,0,,0,0,0,0,0,,0.0,0.0,0.0,0,27,8,29,1,2,1,0.0,0.0,0,0,0,8,0,0,0,0,0,0,0,0,0,0,0,0,0,0,0,0,0,0,0,0,0,0,0,0,,,0,0,0,0,0,0,0,0,0,0,0,0,,,,0,0,0,0,0,0,0,,0,0,0,0,,0,0,,0,0,0,0,0,0,0,0,0,0,0.0,0.0
00-0038101,A.Evans,Akayleb Evans,CB,DB,"https://static.www.nfl.com/image/upload/f_auto,q_auto/league/anmntl6frvbrhct3tzn1",2023,REG,MIN,15,0,0,0,0,0,0,0,0,0,0,0,0,,,0,,0,0,0,0,0,0,0,0,0,0,,0,0,0,0,0,0,0,0,0,0,0,0,0,0,,0,0,0,0,0,,0.0,0.0,0.0,0,40,9,16,0,0,3,0.0,0.0,0,1,1,7,0,0,0,0,0,0,0,0,0,3,47,0,0,0,0,0,0,0,0,0,0,0,0,0,,,0,0,0,0,0,0,0,0,0,0,0,0,,,,0,0,0,0,0,0,0,,0,0,0,0,,0,0,,0,0,0,0,0,0,0,0,0,0,0.0,0.0
00-0038102,K.Pickett,Kenny Pickett,QB,QB,"https://static.www.nfl.com/image/upload/f_auto,q_auto/league/nfdzmyfr8eup5uuojjdw",2023,REG,PIT,12,201,324,2070,6,4,23,-173,0,0,2288,1046,91,-41.18849194660611,-2.1204296427388347,0,0.9047202797202797,81,34,25,4,42,54,1,2,0,12,-5.1628800429785695,0,3,0,0,0,0,0,0,0,0,0,0,0,0,,0,0,0,0,0,,0.0,0.0,0.0,0,0,0,0,0,0,0,0.0,0.0,0,0,0,0,0,0,0,0,2,-6,0,0,0,1,16,1,1,1,2,0,0,0,0,0,0,0,0,0,,,0,0,0,0,0,0,0,0,0,0,0,0,,,,0,0,0,0,0,0,0,,0,0,0,0,,0,0,,0,0,0,0,0,0,0,0,0,0,110.2,110.2
00-0038103,C.Strange,Cole Strange,G,OL,"https://static.www.nfl.com/image/upload/f_auto,q_auto/league/rnuyg2ipah0b18vkxiqz",2023,REG,NE,4,0,0,0,0,0,0,0,0,0,0,0,0,,,0,,0,0,0,0,0,0,0,0,0,0,,0,0,0,0,0,0,0,3,0,0,0,0,3,0,,0,0,0,0,0,0.0,0.0,0.0,0.0,0,1,0,0,0,0,0,0.0,0.0,0,0,0,0,0,0,0,0,1,0,0,0,0,2,20,0,0,0,0,0,0,0,0,0,0,0,0,0,,,0,0,0,0,0,0,0,0,0,0,0,0,,,,0,0,0,0,0,0,0,,0,0,0,0,,0,0,,0,0,0,0,0,0,0,0,0,0,0.30000000000000004,0.30000000000000004
00-0038104,T.Thornton,Tyquan Thornton,WR,WR,"https://static.www.nfl.com/image/upload/f_auto,q_auto/league/bjqzuempyiwxe0hl7e5a",2023,REG,NE,9,0,0,0,0,0,0,0,0,0,0,0,0,,,0,,0,0,0,0,3,51,0,0,0,1,3.0184006072089895,0,1,1,1,0,13,23,91,0,0,0,230,50,3,-13.239605868468061,0,4,0,0,0,0.39565217391304347,0.04251386321626617,0.05615234375,0.10307743544939926,0,1,0,0,0,0,0,0.0,0.0,0,0,0,0,0,0,0,0,0,0,0,0,0,0,0,0,0,0,0,0,0,0,0,0,0,0,0,0,,,0,0,0,0,0,0,0,0,0,0,0,0,,,,0,0,0,0,0,0,0,,0,0,0,0,,0,0,,0,0,0,0,0,0,0,0,0,0,14.200000000000001,27.200000000000003
00-0038105,D.Mathis,Damarri Mathis,DB,DB,"https://static.www.nfl.com/image/upload/f_auto,q_auto/league/cdikr2r1oljvhnzrfr9p",2023,REG,DEN,9,0,0,0,0,0,0,0,0,0,0,0,0,,,0,,0,0,0,0,0,0,0,0,0,0,,0,0,0,0,0,0,0,0,0,0,0,0,0,0,,0,0,0,0,0,,0.0,0.0,0.0,0,25,1,9,2,2,0,0.0,0.0,0,0,0,1,0,0,0,0,0,0,0,0,0,2,25,0,0,0,0,0,0,0,0,0,0,0,0,0,,,0,0,0,0,0,0,0,0,0,0,0,0,,,,0,0,0,0,0,0,0,,0,0,0,0,,0,0,,0,0,0,0,0,0,0,0,0,0,0.0,0.0
00-0038107,M.Clemons,Micheal Clemons,DE,DL,"https://static.www.nfl.com/image/upload/f_auto,q_auto/league/bclys2f80w1v5klsswky",2023,REG,NYJ,14,0,0,0,0,0,0,0,0,0,0,0,0,,,0,,0,0,0,0,0,0,0,0,0,0,,0,0,0,0,0,0,0,0,0,0,0,0,0,0,,0,0,0,0,0,,0.0,0.0,0.0,0,11,3,13,0,0,1,0.5,4.5,1,0,0,0,0,0,0,0,0,0,0,0,0,3,21,0,0,0,0,0,0,0,0,0,0,0,0,0,,,0,0,0,0,0,0,0,0,0,0,0,0,,,,0,0,0,0,0,0,0,,0,0,0,0,,0,0,,0,0,0,0,0,0,0,0,0,0,0.0,0.0
00-0038108,B.Zappe,Bailey Zappe,QB,QB,"https://static.www.nfl.com/image/upload/f_auto,q_auto/league/bdiiarfqwhyvsmmxtvg5",2023,REG,NE,10,127,212,1272,6,9,25,-191,2,1,1686,637,53,-81.79545271547397,-4.42770113154213,0,0.7544483985765125,49,24,17,2,17,83,1,0,0,6,4.63150148303248,0,3,2,0,0,0,0,0,0,0,0,0,0,0,,0,0,0,0,0,,0.0,0.0,0.0,0,0,0,0,0,0,0,0.0,0.0,0,0,0,0,0,0,0,0,0,0,0,0,0,0,0,2,0,0,2,1,0,0,0,0,0,0,0,0,,,0,0,0,0,0,0,0,0,0,0,0,0,,,,0,0,0,0,0,0,0,,0,0,0,0,,0,0,,0,0,0,0,0,0,0,0,0,0,69.17999999999999,69.17999999999999
00-0038111,K.Gordon,Kyler Gordon,CB,DB,"https://static.www.nfl.com/image/upload/f_auto,q_auto/league/bx1snjc1rdkqpytb6bvu",2023,REG,CHI,13,0,0,0,0,0,0,0,0,0,0,0,0,,,0,,0,0,0,0,0,0,0,0,0,0,,0,0,0,0,0,0,0,0,0,0,0,0,0,0,,0,0,0,0,0,,0.0,0.0,0.0,0,42,2,17,3,15,0,1.0,8.0,2,2,0,6,0,0,0,0,0,0,0,0,0,3,46,0,0,0,0,0,0,0,0,0,0,0,0,0,,,0,0,0,0,0,0,0,0,0,0,0,0,,,,0,0,0,0,0,0,0,,0,0,0,0,,0,0,,0,0,0,0,0,0,0,0,0,0,0.0,0.0
00-0038112,C.Jurgens,Cam Jurgens,C,OL,"https://static.www.nfl.com/image/upload/f_auto,q_auto/league/gksconutf766u40keyxr",2023,REG,PHI,1,0,0,0,0,0,0,0,0,0,0,0,0,,,0,,0,0,0,0,0,0,0,0,0,0,,0,0,0,0,0,0,0,0,0,0,0,0,0,0,,0,0,0,0,0,,0.0,0.0,0.0,0,0,0,1,0,0,0,0.0,0.0,0,0,0,0,0,0,0,0,0,0,0,0,0,0,0,0,0,0,0,0,0,0,0,0,0,0,0,0,,,0,0,0,0,0,0,0,0,0,0,0,0,,,,0,0,0,0,0,0,0,,0,0,0,0,,0,0,,0,0,0,0,0,0,0,0,0,0,0.0,0.0
00-0038113,B.Smith,Brandon Smith,LB,LB,"https://static.www.nfl.com/image/upload/f_auto,q_auto/league/iclseim2aem6aioawabq",2023,REG,PHI,1,0,0,0,0,0,0,0,0,0,0,0,0,,,0,,0,0,0,0,0,0,0,0,0,0,,0,0,0,0,0,0,0,0,0,0,0,0,0,0,,0,0,0,0,0,,0.0,0.0,0.0,0,0,0,1,0,0,0,0.0,0.0,0,0,0,0,0,0,0,0,0,0,0,0,0,0,0,0,0,0,0,0,0,0,0,0,0,0,0,0,,,0,0,0,0,0,0,0,0,0,0,0,0,,,,0,0,0,0,0,0,0,,0,0,0,0,,0,0,,0,0,0,0,0,0,0,0,0,0,0.0,0.0
00-0038114,M.Mitchell,Max Mitchell,OT,OL,"https://static.www.nfl.com/image/upload/f_auto,q_auto/league/l1jfqww1t2fkjdjbgmyk",2023,REG,NYJ,2,0,0,0,0,0,0,0,0,0,0,0,0,,,0,,0,0,0,0,0,0,0,0,0,0,,0,0,0,0,0,0,0,0,0,0,0,0,0,0,,0,0,0,0,0,,0.0,0.0,0.0,0,0,0,0,0,0,0,0.0,0.0,0,0,0,0,0,0,0,0,0,0,0,0,0,1,5,0,0,0,0,0,0,0,0,0,0,0,0,0,,,0,0,0,0,0,0,0,0,0,0,0,0,,,,0,0,0,0,0,0,0,,0,0,0,0,,0,0,,0,0,0,0,0,0,0,0,0,0,0.0,0.0
00-0038115,D.Bellinger,Daniel Bellinger,TE,TE,"https://static.www.nfl.com/image/upload/f_auto,q_auto/league/hu3gywcwp2rlsefvawh1",2023,REG,NYG,14,0,0,0,0,0,0,0,0,0,0,0,0,-0.947,,0,,0,0,0,0,0,0,0,0,0,0,,0,0,0,0,0,25,28,255,0,0,0,130,134,6,8.481088334228843,0,7,5,4,0,1.9615384615384615,0.0577319587628866,0.03433703116745906,0.11063385996155123,0,2,0,3,0,0,0,0.0,0.0,0,0,0,0,0,0,0,0,0,0,0,0,0,6,49,0,0,0,0,0,0,0,0,0,0,0,0,0,,,0,0,0,0,0,0,0,0,0,0,0,0,,,,0,0,0,0,0,0,0,,0,0,0,0,,0,0,,0,0,0,0,0,0,0,0,0,0,25.5,50.5
00-0038116,A.Ebiketie,Arnold Ebiketie,LB,LB,"https://static.www.nfl.com/image/upload/f_auto,q_auto/league/w5sjq8cj5tdar5ttlll7",2023,REG,ATL,15,0,0,0,0,0,0,0,0,0,0,0,0,,,0,,0,0,0,0,0,0,0,0,0,0,,0,0,0,0,0,0,0,0,0,0,0,0,0,0,,0,0,0,0,0,,0.0,0.0,0.0,0,15,1,9,3,25,2,6.0,40.0,12,0,0,1,0,0,0,0,0,0,0,0,0,0,0,0,0,0,0,0,0,0,0,0,0,0,0,0,,,0,0,0,0,0,0,0,0,0,0,0,0,,,,0,0,0,0,0,0,0,,0,0,0,0,,0,0,,0,0,0,0,0,0,0,0,0,0,0.0,0.0
00-0038117,W.Robinson,Wan'Dale Robinson,WR,WR,"https://static.www.nfl.com/image/upload/f_auto,q_auto/league/yzcvyhmilvxedfjfjglc",2023,REG,NYG,15,0,0,0,0,0,0,0,0,0,0,0,0,,,0,,0,0,0,0,9,87,1,0,0,4,4.916419042623602,0,3,2,2,0,60,78,525,1,0,0,410,287,29,21.910620719088797,0,20,8,7,0,1.2804878048780488,0.16082474226804125,0.10829371368198626,0.31704271297945225,0,0,0,0,0,0,0,0.0,0.0,0,0,0,0,0,0,0,0,1,0,0,0,0,0,0,0,0,0,0,0,0,0,0,0,0,0,0,0,,,0,0,0,0,0,0,0,0,0,0,0,0,,,,0,0,0,0,0,0,0,,0,0,0,0,,0,0,,0,0,0,0,0,0,0,0,0,0,73.2,133.2
00-0038119,J.Armour-Davis,Jalyn Armour-Davis,CB,DB,"https://static.www.nfl.com/image/upload/f_auto,q_auto/league/stfweqraa3ezp6xtcqut",2023,REG,BAL,5,0,0,0,0,0,0,0,0,0,0,0,0,,,0,,0,0,0,0,0,0,0,0,0,0,,0,0,0,0,0,0,0,0,0,0,0,0,0,0,,0,0,0,0,0,,0.0,0.0,0.0,0,1,1,4,0,0,0,0.0,0.0,0,0,0,0,0,0,0,0,0,0,0,0,0,0,0,0,0,0,0,0,0,0,0,0,0,0,0,0,,,0,0,0,0,0,0,0,0,0,0,0,0,,,,0,0,0,0,0,0,0,,0,0,0,0,,0,0,,0,0,0,0,0,0,0,0,0,0,0.0,0.0
00-0038120,Bre.Hall,Breece Hall,RB,RB,"https://static.www.nfl.com/image/upload/f_auto,q_auto/league/m3dviruymtm2wl2zcpmr",2023,REG,NYJ,17,0,0,0,0,0,0,0,0,0,0,0,0,,,0,,0,0,0,0,223,994,5,2,0,40,-20.706780243049266,1,20,15,7,4,76,95,591,4,0,0,-48,649,28,6.088125992420828,0,25,7,7,1,-12.3125,0.16873889875666073,-0.012,0.24470834813499112,0,2,0,0,0,0,0,0.0,0.0,0,0,0,0,0,0,0,0,3,0,0,0,0,0,0,2,0,1,2,0,0,0,0,0,0,0,0,0,,,0,0,0,0,0,0,0,0,0,0,0,0,,,,0,0,0,0,0,0,0,,0,0,0,0,,0,0,,0,0,0,0,0,0,0,0,0,0,214.5,290.5
00-0038121,A.Taylor,Alontae Taylor,CB,DB,"https://static.www.nfl.com/image/upload/f_auto,q_auto/league/n5x6q4v3rj8lrkiiva0h",2023,REG,NO,17,0,0,0,0,0,0,0,0,0,0,0,0,,,0,,0,0,0,0,0,0,0,0,0,0,,0,0,0,0,0,0,0,0,0,0,0,0,0,0,,0,0,0,0,0,,0.0,0.0,0.0,0,50,6,19,4,24,1,1.0,14.0,1,2,16,14,0,0,0,0,0,0,0,0,0,6,80,0,0,0,0,0,0,0,0,0,0,0,0,0,,,0,0,0,0,0,0,0,0,0,0,0,0,,,,0,0,0,0,0,0,0,,0,0,0,0,,0,0,,0,0,0,0,0,0,0,0,0,0,0.0,0.0
00-0038122,D.Ridder,Desmond Ridder,QB,QB,"https://static.www.nfl.com/image/upload/f_auto,q_auto/league/rhpusa7pfgd82d9ui6y7",2023,REG,ATL,15,249,388,2836,12,12,31,-197,6,4,3184,1222,136,-32.2407411758443,-1.3355350295702617,2,0.8907035175879398,113,57,34,7,53,193,5,6,3,18,-14.43581715768457,0,6,5,1,0,1,1,-6,0,0,0,-6,0,0,-1.5153478160500526,0,0,0,0,0,0.0,0.001968503937007874,-0.001380897583429229,0.0019861275971113507,0,2,0,0,0,0,0,0.0,0.0,0,0,0,0,0,0,0,0,4,-16,0,0,0,2,26,7,5,1,12,7,0,0,0,0,0,0,0,0,,,0,0,0,0,0,0,0,0,0,0,0,0,,,,0,0,0,0,0,0,0,,0,0,0,0,,0,0,,0,0,0,0,0,0,0,0,0,0,176.14,177.14
00-0038123,D.Belton,Dane Belton,SAF,DB,"https://static.www.nfl.com/image/upload/f_auto,q_auto/league/dteu26qeqai20d4da21f",2023,REG,NYG,13,0,0,0,0,0,0,0,0,0,0,0,0,,,0,,0,0,0,0,0,0,0,0,0,0,,0,0,0,0,0,0,0,0,0,0,0,0,0,0,,0,0,0,0,0,,0.0,0.0,0.0,0,17,5,11,2,18,0,1.0,14.0,2,2,22,2,0,0,0,0,0,0,1,2,0,0,0,0,0,0,0,0,0,0,0,0,0,0,0,0,,,0,0,0,0,0,0,0,0,0,0,0,0,,,,0,0,0,0,0,0,0,,0,0,0,0,,0,0,,0,0,0,0,0,0,0,0,0,0,0.0,0.0
00-0038124,C.Watson,Christian Watson,WR,WR,"https://static.www.nfl.com/image/upload/f_auto,q_auto/league/syljognztlbghfeqyqn1",2023,REG,GB,9,0,0,0,0,0,0,0,0,0,0,0,0,,,0,,0,0,0,0,4,11,0,0,0,1,-1.5207444586558267,0,1,1,0,0,28,53,422,5,0,0,817,105,20,1.8825399146626935,0,14,8,5,2,0.5165238678090576,0.0944741532976827,0.16538461538461538,0.2574804607157548,0,1,0,0,0,0,0,0.0,0.0,0,0,0,0,0,0,0,0,0,0,0,0,0,2,15,0,0,0,0,0,0,0,0,0,0,0,0,0,,,0,0,0,0,0,0,0,0,0,0,0,0,,,,0,0,0,0,0,0,0,,0,0,0,0,,0,0,,0,0,0,0,0,0,0,0,0,0,73.30000000000001,101.30000000000001
00-0038125,R.McCreary,Roger McCreary,CB,DB,"https://static.www.nfl.com/image/upload/f_auto,q_auto/league/ntg1yix4ehhorke1zxkb",2023,REG,TEN,14,0,0,0,0,0,0,0,0,0,0,0,0,,,0,,0,0,0,0,0,0,0,0,0,0,,0,0,0,0,0,0,0,0,0,0,0,0,0,0,,0,0,0,0,0,,0.0,0.0,0.0,0,50,12,24,3,13,1,2.0,25.0,2,1,18,6,0,0,0,0,0,0,0,0,0,5,48,0,0,0,0,0,0,0,0,0,0,0,0,0,,,0,0,0,0,0,0,0,0,0,0,0,0,,,,0,0,0,0,0,0,0,,0,0,0,0,,0,0,,0,0,0,0,0,0,0,0,0,0,0.0,0.0
00-0038126,P.Winfrey,Perrion Winfrey,DT,DL,"https://static.www.nfl.com/image/upload/f_auto,q_auto/league/mba0pzg4jlbxszeneexx",2023,REG,NYJ,1,0,0,0,0,0,0,0,0,0,0,0,0,,,0,,0,0,0,0,0,0,0,0,0,0,,0,0,0,0,0,0,0,0,0,0,0,0,0,0,,0,0,0,0,0,,0.0,0.0,0.0,0,1,0,2,0,0,0,0.0,0.0,0,0,0,0,0,0,0,0,0,0,0,0,0,1,5,0,0,0,0,0,0,0,0,0,0,0,0,0,,,0,0,0,0,0,0,0,0,0,0,0,0,,,,0,0,0,0,0,0,0,,0,0,0,0,,0,0,,0,0,0,0,0,0,0,0,0,0,0.0,0.0
00-0038127,L.Hall,Logan Hall,DE,DL,"https://static.www.nfl.com/image/upload/f_auto,q_auto/league/bwkyc5onugo39cqnsa4e",2023,REG,TB,12,0,0,0,0,0,0,0,0,0,0,0,0,,,0,,0,0,0,0,0,0,0,0,0,0,,0,0,0,0,0,0,0,0,0,0,0,0,0,0,,0,0,0,0,0,,0.0,0.0,0.0,0,8,3,11,2,6,0,0.5,1.5,1,0,0,2,0,0,0,0,0,0,2,0,0,0,0,0,0,0,0,0,0,0,0,0,0,0,0,0,,,0,0,0,0,0,0,0,0,0,0,0,0,,,,0,0,0,0,0,0,0,,0,0,0,0,,0,0,,0,0,0,0,0,0,0,0,0,0,0.0,0.0
00-0038128,M.Willis,Malik Willis,QB,QB,"https://static.www.nfl.com/image/upload/f_auto,q_auto/league/hsnetccy7bquili3gcqq",2023,REG,TEN,2,4,5,74,0,0,4,-30,0,0,39,55,1,-0.068276936013552,14.360389113426208,0,1.8974358974358974,2,1,1,1,5,21,0,1,1,1,-6.9683296756702475,0,1,0,0,0,0,0,0,0,0,0,0,0,0,,0,0,0,0,0,,0.0,0.0,0.0,0,0,0,0,0,0,0,0.0,0.0,0,0,0,0,0,0,0,0,0,-8,0,0,0,0,0,0,1,0,1,1,0,0,0,0,0,0,0,0,,,0,0,0,0,0,0,0,0,0,0,0,0,,,,0,0,0,0,0,0,0,,0,0,0,0,,0,0,,0,0,0,0,0,0,0,0,0,0,3.0600000000000005,3.0600000000000005
00-0038129,C.Otton,Cade Otton,TE,TE,"https://static.www.nfl.com/image/upload/f_auto,q_auto/league/dlgxvfpnufpnxkvu1ynb",2023,REG,TB,17,0,0,0,0,0,0,0,0,0,0,0,0,,,0,,0,0,0,0,0,0,0,0,0,0,,0,0,0,0,0,47,67,455,4,0,0,452,223,22,12.590982239606266,1,15,7,6,0,1.0066371681415929,0.12181818181818181,0.09290853031860226,0.24776324395029428,0,1,0,0,0,0,0,0.0,0.0,0,0,0,0,0,0,0,0,0,0,0,0,0,2,15,1,0,0,1,1,0,0,0,0,0,0,0,0,,,0,0,0,0,0,0,0,0,0,0,0,0,,,,0,0,0,0,0,0,0,,0,0,0,0,,0,0,,0,0,0,0,0,0,0,0,0,0,71.5,118.5
00-0038130,A.Booth,Andrew Booth,CB,DB,"https://static.www.nfl.com/image/upload/f_auto,q_auto/league/vg0kwozv8jzcn5vf4wzz",2023,REG,MIN,7,0,0,0,0,0,0,0,0,0,0,0,0,,,0,,0,0,0,0,0,0,0,0,0,0,,0,0,0,0,0,0,0,0,0,0,0,0,0,0,,0,0,0,0,0,,0.0,0.0,0.0,0,7,0,1,0,0,0,0.0,0.0,0,0,0,1,0,0,0,0,0,0,0,0,0,0,0,0,0,0,0,0,0,0,0,0,0,0,0,0,,,0,0,0,0,0,0,0,0,0,0,0,0,,,,0,0,0,0,0,0,0,,0,0,0,0,,0,0,,0,0,0,0,0,0,0,0,0,0,0.0,0.0
00-0038131,E.Ingram,Ed Ingram,G,OL,"https://static.www.nfl.com/image/upload/f_auto,q_auto/league/zcqlqfil0ci0v8eftkub",2023,REG,MIN,6,0,0,0,0,0,0,0,0,0,0,0,0,,,0,,0,0,0,0,0,0,0,0,0,0,,0,0,0,0,0,0,0,0,0,0,0,0,0,0,,0,0,0,0,0,,0.0,0.0,0.0,0,1,0,0,0,0,0,0.0,0.0,0,0,0,0,0,0,0,0,0,0,0,0,0,5,40,0,0,0,0,0,0,0,0,0,0,0,0,0,,,0,0,0,0,0,0,0,0,0,0,0,0,,,,0,0,0,0,0,0,0,,0,0,0,0,,0,0,,0,0,0,0,0,0,0,0,0,0,0.0,0.0
00-0038133,B.Mafe,Boye Mafe,DE,DL,"https://static.www.nfl.com/image/upload/f_auto,q_auto/league/smudeksouwxr6zynwcws",2023,REG,SEA,16,0,0,0,0,0,0,0,0,0,0,0,0,,,0,,0,0,0,0,0,0,0,0,0,0,,0,0,0,0,0,0,0,0,0,0,0,0,0,0,,0,0,0,0,0,,0.0,0.0,0.0,0,32,3,17,9,63,1,9.0,65.0,16,0,0,6,0,0,0,0,0,0,2,3,0,2,15,0,0,0,0,0,0,0,0,0,0,0,0,0,,,0,0,0,0,0,0,0,0,0,0,0,0,,,,0,0,0,0,0,0,0,,0,0,0,0,,0,0,,0,0,0,0,0,0,0,0,0,0,0.0,0.0
00-0038134,K.Walker,Kenneth Walker III,RB,RB,"https://static.www.nfl.com/image/upload/f_auto,q_auto/league/mnzsnemdzbey5hbahdhk",2023,REG,SEA,15,0,0,0,0,0,0,0,0,0,0,0,0,,,0,,0,0,0,0,219,905,8,1,0,46,-9.327501742838649,0,24,19,7,1,29,37,259,1,0,0,-79,317,9,3.5109288067906164,0,8,4,3,1,-3.278481012658228,0.06764168190127971,-0.019170104343605922,0.08804344981139542,0,1,0,0,0,0,0,0.0,0.0,0,0,0,0,0,0,0,0,1,-7,0,0,0,2,25,0,1,0,1,0,0,0,0,0,0,0,0,0,,,0,0,0,0,0,0,0,0,0,0,0,0,,,,0,0,0,0,0,0,0,,0,0,0,0,,0,0,,0,0,0,0,0,0,0,0,0,0,170.4,199.4
00-0038135,J.Brisker,Jaquan Brisker,SAF,DB,"https://static.www.nfl.com/image/upload/f_auto,q_auto/league/f21nhdemlyjvrtq9j01z",2023,REG,CHI,15,0,0,0,0,0,0,0,0,0,0,0,0,,,0,,0,0,0,0,0,0,0,0,0,0,,0,0,0,0,0,0,0,0,0,0,0,0,0,0,,0,0,0,0,0,,0.0,0.0,0.0,0,55,11,39,3,4,2,1.0,7.5,3,1,0,9,0,0,0,0,0,0,1,0,0,3,21,0,0,0,0,0,0,0,0,0,0,0,0,0,,,0,0,0,0,0,0,0,0,0,0,0,0,,,,0,0,0,0,0,0,0,,0,0,0,0,,0,0,,0,0,0,0,0,0,0,0,0,0,0.0,0.0
00-0038136,C.Bryant,Coby Bryant,CB,DB,"https://static.www.nfl.com/image/upload/f_auto,q_auto/league/dx8iy9fohocha1eh4k58",2023,REG,SEA,6,0,0,0,0,0,0,0,0,0,0,0,0,,,0,,0,0,0,0,0,0,0,0,0,0,,0,0,0,0,0,0,0,0,0,0,0,0,0,0,,0,0,0,0,0,,0.0,0.0,0.0,0,12,2,4,0,0,1,0.0,0.0,1,0,0,0,0,0,0,0,0,0,0,0,0,0,0,0,0,0,0,0,0,0,0,0,0,0,0,0,,,0,0,0,0,0,0,0,0,0,0,0,0,,,,0,0,0,0,0,0,0,,0,0,0,0,,0,0,,0,0,0,0,0,0,0,0,0,0,0.0,0.0
00-0038142,D.Ojabo,David Ojabo,LB,LB,"https://static.www.nfl.com/image/upload/f_auto,q_auto/league/zhwq0frk3h6ni3uw4btp",2023,REG,BAL,3,0,0,0,0,0,0,0,0,0,0,0,0,,,0,,0,0,0,0,0,0,0,0,0,0,,0,0,0,0,0,0,0,0,0,0,0,0,0,0,,0,0,0,0,0,,0.0,0.0,0.0,0,4,1,1,0,0,1,1.0,5.0,1,0,0,0,0,0,0,0,0,0,0,0,0,0,0,0,0,0,0,0,0,0,0,0,0,0,0,0,,,0,0,0,0,0,0,0,0,0,0,0,0,,,,0,0,0,0,0,0,0,,0,0,0,0,,0,0,,0,0,0,0,0,0,0,0,0,0,0.0,0.0
00-0038152,L.Havrisik,Lucas Havrisik,K,SPEC,"https://static.www.nfl.com/image/upload/f_auto,q_auto/league/dpkfsna78iqtafg1fpdm",2023,REG,LA,9,0,0,0,0,0,0,0,0,0,0,0,0,,,0,,0,0,0,0,0,0,0,0,0,0,,0,0,0,0,0,0,0,0,0,0,0,0,0,0,,0,0,0,0,0,,0.0,0.0,0.0,0,0,0,0,0,0,0,0.0,0.0,0,0,0,0,0,0,0,0,0,0,0,0,0,0,0,0,0,0,0,0,0,0,0,0,15,20,5,0,52,0.75,0,8,3,2,2,0,0,0,0,4,1,0,33;47;52;22;24;44;28;27;51;36;22;27;20;22;32,49;50;43;43;47,,487,232,0,19,22,3,0,0.8636363636363636,0,0,0,0,,0,0,,0,0,0,0,0,0,0,0,0,0,0.0,0.0
00-0038360,A.Ward,Alex Ward,LS,SPEC,"https://static.www.nfl.com/image/upload/f_auto,q_auto/league/bck0h02cdfjklvhxe9vq",2023,REG,LA,1,0,0,0,0,0,0,0,0,0,0,0,0,,,0,,0,0,0,0,0,0,0,0,0,0,,0,0,0,0,0,0,0,0,0,0,0,0,0,0,,0,0,0,0,0,,0.0,0.0,0.0,0,0,0,1,0,0,0,0.0,0.0,0,0,0,0,0,0,0,0,0,0,0,0,0,0,0,0,0,0,0,0,0,0,0,0,0,0,0,0,,,0,0,0,0,0,0,0,0,0,0,0,0,,,,0,0,0,0,0,0,0,,0,0,0,0,,0,0,,0,0,0,0,0,0,0,0,0,0,0.0,0.0
00-0038368,Q.Johnson,Quindell Johnson,DB,DB,"https://static.www.nfl.com/image/upload/f_auto,q_auto/league/uga90lawcfxjcqna7opb",2023,REG,CHI,3,0,0,0,0,0,0,0,0,0,0,0,0,,,0,,0,0,0,0,0,0,0,0,0,0,,0,0,0,0,0,0,0,0,0,0,0,0,0,0,,0,0,0,0,0,,0.0,0.0,0.0,0,2,0,1,0,0,0,0.0,0.0,0,1,0,1,0,0,0,0,0,0,0,0,0,0,0,0,0,0,0,0,0,0,0,0,0,0,0,0,,,0,0,0,0,0,0,0,0,0,0,0,0,,,,0,0,0,0,0,0,0,,0,0,0,0,,0,0,,0,0,0,0,0,0,0,0,0,0,0.0,0.0
00-0038381,K.Kelly,Kyu Blu Kelly,CB,DB,"https://static.www.nfl.com/image/upload/f_auto,q_auto/league/jmwlrbcsuzckrohnwgdu",2023,REG,WAS,1,0,0,0,0,0,0,0,0,0,0,0,0,,,0,,0,0,0,0,0,0,0,0,0,0,,0,0,0,0,0,0,0,0,0,0,0,0,0,0,,0,0,0,0,0,,0.0,0.0,0.0,0,5,0,0,1,1,0,0.0,0.0,0,0,0,0,0,0,0,0,0,0,0,0,0,0,0,0,0,0,0,0,0,0,0,0,0,0,0,0,,,0,0,0,0,0,0,0,0,0,0,0,0,,,,0,0,0,0,0,0,0,,0,0,0,0,,0,0,,0,0,0,0,0,0,0,0,0,0,0.0,0.0
00-0038386,J.Carter,Jalen Carter,DT,DL,"https://static.www.nfl.com/image/upload/f_auto,q_auto/league/dxkrjv1ihimkwj9xahsz",2023,REG,PHI,16,0,0,0,0,0,0,0,0,0,0,0,0,,,0,,0,0,0,0,0,0,0,0,0,0,,0,0,0,0,0,0,0,0,0,0,0,0,0,0,,0,0,0,0,0,,0.0,0.0,0.0,0,20,0,13,8,35,2,6.0,33.5,9,0,0,0,0,0,0,0,0,0,1,42,1,5,34,0,0,0,0,0,0,0,0,0,0,0,0,0,,,0,0,0,0,0,0,0,0,0,0,0,0,,,,0,0,0,0,0,0,0,,0,0,0,0,,0,0,,0,0,0,0,0,0,0,0,0,0,0.0,0.0
00-0038387,C.Wooden,Colby Wooden,DE,DL,"https://static.www.nfl.com/image/upload/f_auto,q_auto/league/fwupcm9mwqoufrt6sz2z",2023,REG,GB,11,0,0,0,0,0,0,0,0,0,0,0,0,,,0,,0,0,0,0,0,0,0,0,0,0,,0,0,0,0,0,0,0,0,0,0,0,0,0,0,,0,0,0,0,0,,0.0,0.0,0.0,0,8,2,7,1,2,0,0.5,5.0,2,0,0,0,0,0,0,0,0,0,0,0,0,0,0,0,0,0,0,0,0,0,0,0,0,0,0,0,,,0,0,0,0,0,0,0,0,0,0,0,0,,,,0,0,0,0,0,0,0,,0,0,0,0,,0,0,,0,0,0,0,0,0,0,0,0,0,0.0,0.0
00-0038388,D.Rush,Darius Rush,CB,DB,"https://static.www.nfl.com/image/upload/f_auto,q_auto/league/ycmbuhp7r224vf220r0t",2023,REG,PIT,1,0,0,0,0,0,0,0,0,0,0,0,0,,,0,,0,0,0,0,0,0,0,0,0,0,,0,0,0,0,0,0,0,0,0,0,0,0,0,0,,0,0,0,0,0,,0.0,0.0,0.0,0,2,0,1,0,0,0,0.0,0.0,0,0,0,1,0,0,0,0,0,0,0,0,0,0,0,0,0,0,0,0,0,0,0,0,0,0,0,0,,,0,0,0,0,0,0,0,0,0,0,0,0,,,,0,0,0,0,0,0,0,,0,0,0,0,,0,0,,0,0,0,0,0,0,0,0,0,0,0.0,0.0
00-0038389,I.Abanikanda,Israel Abanikanda,RB,RB,"https://static.www.nfl.com/image/upload/f_auto,q_auto/league/uegr8w0frbrrqmlalg48",2023,REG,NYJ,6,0,0,0,0,0,0,0,0,0,0,0,0,,,0,,0,0,0,0,22,70,0,0,0,3,-2.945533414859291,0,2,1,0,0,7,11,43,0,0,0,6,46,2,-1.2154877553111874,0,2,0,0,0,7.166666666666667,0.019538188277087035,0.0015,0.030357282415630554,0,0,0,0,0,0,0,0.0,0.0,0,0,0,0,0,0,0,0,0,0,0,0,0,0,0,1,0,0,1,1,0,0,2,31,0,0,0,0,,,0,0,0,0,0,0,0,0,0,0,0,0,,,,0,0,0,0,0,0,0,,0,0,0,0,,0,0,,0,0,0,0,0,0,0,0,0,0,11.3,18.3
00-0038390,N.Sewell,Noah Sewell,LB,LB,"https://static.www.nfl.com/image/upload/f_auto,q_auto/league/sw5wea1zlc1drxoisej0",2023,REG,CHI,6,0,0,0,0,0,0,0,0,0,0,0,0,,,0,,0,0,0,0,0,0,0,0,0,0,,0,0,0,0,0,0,0,0,0,0,0,0,0,0,,0,0,0,0,0,,0.0,0.0,0.0,0,3,1,5,0,0,1,0.0,0.0,0,0,0,0,0,0,0,0,0,0,0,0,0,0,0,0,0,0,0,0,0,0,0,0,0,0,0,0,,,0,0,0,0,0,0,0,0,0,0,0,0,,,,0,0,0,0,0,0,0,,0,0,0,0,,0,0,,0,0,0,0,0,0,0,0,0,0,0.0,0.0
00-0038391,S.Clifford,Sean Clifford,QB,QB,"https://static.www.nfl.com/image/upload/f_auto,q_auto/league/aox0jnclewicjmdydbmq",2023,REG,GB,2,1,1,37,0,0,0,0,0,0,34,3,1,2.1436268281540833,58.596500754356384,0,1.088235294117647,1,1,1,0,3,-2,0,1,0,0,-3.4916840002988465,0,0,0,0,0,0,0,0,0,0,0,0,0,0,,0,0,0,0,0,,0.0,0.0,0.0,0,0,0,0,0,0,0,0.0,0.0,0,0,0,0,0,0,0,0,1,-1,0,0,0,0,0,0,1,0,1,0,0,0,0,0,0,0,0,0,,,0,0,0,0,0,0,0,0,0,0,0,0,,,,0,0,0,0,0,0,0,,0,0,0,0,,0,0,,0,0,0,0,0,0,0,0,0,0,1.28,1.28
00-0038393,D.Wicks,Dontayvion Wicks,WR,WR,"https://static.www.nfl.com/image/upload/f_auto,q_auto/league/er7pbyq82nsbw1w3wyor",2023,REG,GB,15,1,1,14,0,0,0,0,0,0,9,5,1,0.8892822902998887,33.030641078948975,0,1.5555555555555556,1,0,0,0,1,1,0,0,0,0,-0.3758543661679141,0,0,0,0,0,39,58,581,4,3,1,591,211,29,29.157121740925746,0,26,18,11,0,0.9830795262267343,0.10338680926916222,0.11963562753036437,0.23882515317499836,0,0,0,1,0,0,0,0.0,0.0,0,0,0,0,0,0,0,0,1,0,0,0,0,2,15,1,2,0,3,1,0,0,0,0,0,0,0,0,,,0,0,0,0,0,0,0,0,0,0,0,0,,,,0,0,0,0,0,0,0,,0,0,0,0,,0,0,,0,0,0,0,0,0,0,0,0,0,80.76,119.76
00-0038394,W.Mallory,Will Mallory,TE,TE,"https://static.www.nfl.com/image/upload/f_auto,q_auto/league/iedvpzvx9rric1dyi3iy",2023,REG,IND,11,0,0,0,0,0,0,0,0,0,0,0,0,,,0,,0,0,0,0,0,0,0,0,0,0,,0,0,0,0,0,18,26,207,0,1,0,203,89,11,11.680780712864362,0,9,5,1,1,1.019704433497537,0.047619047619047616,0.047708578143360755,0.10482457612892396,0,0,0,0,0,0,0,0.0,0.0,0,0,0,0,0,0,0,0,1,0,0,0,0,0,0,1,0,0,1,0,0,0,0,0,0,0,0,0,,,0,0,0,0,0,0,0,0,0,0,0,0,,,,0,0,0,0,0,0,0,,0,0,0,0,,0,0,,0,0,0,0,0,0,0,0,0,0,20.700000000000003,38.7
00-0038395,T.Smith,Terell Smith,CB,DB,"https://static.www.nfl.com/image/upload/f_auto,q_auto/league/azhrgsawgwgxed3z2dke",2023,REG,CHI,10,0,0,0,0,0,0,0,0,0,0,0,0,,,0,,0,0,0,0,0,0,0,0,0,0,,0,0,0,0,0,0,0,0,0,0,0,0,0,0,,0,0,0,0,0,,0.0,0.0,0.0,0,34,3,12,3,4,1,0.0,0.0,0,0,0,6,0,0,0,0,0,0,1,0,0,1,5,0,0,0,0,0,0,0,0,0,0,0,0,0,,,0,0,0,0,0,0,0,0,0,0,0,0,,,,0,0,0,0,0,0,0,,0,0,0,0,,0,0,,0,0,0,0,0,0,0,0,0,0,0.0,0.0
00-0038396,E.Gray,Eric Gray,RB,RB,"https://static.www.nfl.com/image/upload/f_auto,q_auto/league/ijjxwxv1ccyowzhpuw2k",2023,REG,NYG,10,0,0,0,0,0,0,0,0,0,0,0,0,,,0,,0,0,0,0,17,48,0,1,0,2,-7.894027838774491,0,1,1,0,0,6,7,22,0,0,0,-8,40,0,-3.7494461149908602,0,0,0,0,0,-2.75,0.01443298969072165,-0.0021130480718436345,0.02017035088579193,0,0,0,0,0,0,0,0.0,0.0,0,0,0,0,0,2,0,0,0,0,0,0,0,0,0,1,2,0,3,0,7,28,4,58,0,0,0,0,,,0,0,0,0,0,0,0,0,0,0,0,0,,,,0,0,0,0,0,0,0,,0,0,0,0,,0,0,,0,0,0,0,0,0,0,0,0,0,7.0,13.0
00-0038397,E.Hull,Evan Hull,RB,RB,"https://static.www.nfl.com/image/upload/f_auto,q_auto/league/xyyujk9mvvzegaiefp51",2023,REG,IND,1,0,0,0,0,0,0,0,0,0,0,0,0,,,0,,0,0,0,0,1,1,0,0,0,0,-1.4869537617778406,0,0,0,0,0,1,1,6,0,0,0,3,3,0,-0.10811814304906875,0,0,0,0,0,2.0,0.0018315018315018315,0.0007050528789659225,0.003240789762528893,0,0,0,0,0,0,0,0.0,0.0,0,0,0,0,0,0,0,0,0,0,0,0,0,0,0,0,0,0,0,0,0,0,0,0,0,0,0,0,,,0,0,0,0,0,0,0,0,0,0,0,0,,,,0,0,0,0,0,0,0,,0,0,0,0,,0,0,,0,0,0,0,0,0,0,0,0,0,0.7000000000000001,1.7000000000000002
00-0038398,K.Brooks,Karl Brooks,DT,DL,"https://static.www.nfl.com/image/upload/f_auto,q_auto/league/qfyjyfmkoutz6s3ffy12",2023,REG,GB,16,0,0,0,0,0,0,0,0,0,0,0,0,,,0,,0,0,0,0,0,0,0,0,0,0,,0,0,0,0,0,0,0,0,0,0,0,0,0,0,,0,0,0,0,0,,0.0,0.0,0.0,0,10,2,8,5,34,1,4.0,31.0,5,0,0,4,0,0,0,0,0,0,2,0,0,1,5,0,0,0,0,0,0,0,0,0,0,0,0,0,,,0,0,0,0,0,0,0,0,0,0,0,0,,,,0,0,0,0,0,0,0,,0,0,0,0,,0,0,,0,0,0,0,0,0,0,0,0,0,0.0,0.0
00-0038401,J.Bernard-Converse,Jarrick Bernard-Converse,CB,DB,"https://static.www.nfl.com/image/upload/f_auto,q_auto/league/qijokuz8ptkewjqktjm4",2023,REG,NYJ,2,0,0,0,0,0,0,0,0,0,0,0,0,,,0,,0,0,0,0,0,0,0,0,0,0,,0,0,0,0,0,0,0,0,0,0,0,0,0,0,,0,0,0,0,0,,0.0,0.0,0.0,0,1,0,1,0,0,0,0.0,0.0,0,0,0,0,0,0,0,0,0,0,0,0,0,0,0,0,0,0,0,0,0,0,0,0,0,0,0,0,,,0,0,0,0,0,0,0,0,0,0,0,0,,,,0,0,0,0,0,0,0,,0,0,0,0,,0,0,,0,0,0,0,0,0,0,0,0,0,0.0,0.0
00-0038402,A.Carlson,Anders Carlson,K,SPEC,"https://static.www.nfl.com/image/upload/f_auto,q_auto/league/hier2cwevwkhkpgoxvb2",2023,REG,GB,17,0,0,0,0,0,0,0,0,0,0,0,0,,,0,,0,0,0,0,0,0,0,0,0,0,,0,0,0,0,0,0,0,0,0,0,0,0,0,0,,0,0,0,0,0,,0.0,0.0,0.0,0,1,0,0,0,0,0,0.0,0.0,0,0,0,0,0,0,0,0,0,0,0,0,0,0,0,0,0,0,0,0,0,0,0,0,27,33,6,0,53,0.8181818181818182,0,6,14,4,3,0,0,0,0,4,1,1,52;33;38;34;50;37;22;29;30;26;34;31;28;28;43;40;48;36;32;48;36;33;53;32;34;37;25,43;48;52;63;45;41,,969,292,0,34,39,4,1,0.8717948717948718,1,1,0,0,32,0,0,,0,0,0,0,0,0,0,0,0,0,0.0,0.0
00-0038403,T.Hawkins,Tre Hawkins III,CB,DB,"https://static.www.nfl.com/image/upload/f_auto,q_auto/league/hluwbh24y0wuxzwz99qd",2023,REG,NYG,9,0,0,0,0,0,0,0,0,0,0,0,0,,,0,,0,0,0,0,0,0,0,0,0,0,,0,0,0,0,0,0,0,0,0,0,0,0,0,0,,0,0,0,0,0,,0.0,0.0,0.0,0,20,4,11,0,0,0,0.0,0.0,0,0,0,1,0,0,0,0,0,0,0,0,0,4,52,0,0,0,0,0,0,0,0,0,0,0,0,0,,,0,0,0,0,0,0,0,0,0,0,0,0,,,,0,0,0,0,0,0,0,,0,0,0,0,,0,0,,0,0,0,0,0,0,0,0,0,0,0.0,0.0
00-0038405,T.Bell,Travis Bell,DT,DL,"https://static.www.nfl.com/image/upload/f_auto,q_auto/league/vxtxq2pl29wefdsqyvhz",2023,REG,ATL,2,0,0,0,0,0,0,0,0,0,0,0,0,,,0,,0,0,0,0,0,0,0,0,0,0,,0,0,0,0,0,0,0,0,0,0,0,0,0,0,,0,0,0,0,0,,0.0,0.0,0.0,0,2,0,0,0,0,0,0.0,0.0,0,0,0,0,0,0,0,0,0,0,0,0,0,0,0,0,0,0,0,0,0,0,0,0,0,0,0,0,,,0,0,0,0,0,0,0,0,0,0,0,0,,,,0,0,0,0,0,0,0,,0,0,0,0,,0,0,,0,0,0,0,0,0,0,0,0,0,0.0,0.0
00-0038407,J.Jones,Jaylon Jones,DB,DB,"https://static.www.nfl.com/image/upload/f_auto,q_auto/league/wa0dnjnbqq4emnlkykd4",2023,REG,IND,14,0,0,0,0,0,0,0,0,0,0,0,0,,,0,,0,0,0,0,0,0,0,0,0,0,,0,0,0,0,0,0,0,0,0,0,0,0,0,0,,0,0,0,0,0,,0.0,0.0,0.0,0,32,1,11,0,0,0,0.0,0.0,0,0,0,5,0,0,0,0,0,0,0,0,0,6,53,0,0,0,0,0,0,0,0,0,0,0,0,0,,,0,0,0,0,0,0,0,0,0,0,0,0,,,,0,0,0,0,0,0,0,,0,0,0,0,,0,0,,0,0,0,0,0,0,0,0,0,0,0.0,0.0
00-0038408,C.Valentine,Carrington Valentine,DB,DB,"https://static.www.nfl.com/image/upload/f_auto,q_auto/league/wtkzctyceullg5napiwx",2023,REG,GB,13,0,0,0,0,0,0,0,0,0,0,0,0,,,0,,0,0,0,0,0,0,0,0,0,0,,0,0,0,0,0,0,0,0,0,0,0,0,0,0,,0,0,0,0,0,,0.0,0.0,0.0,0,31,2,11,0,0,0,0.0,0.0,0,0,0,9,0,0,0,0,0,0,1,50,0,2,30,0,0,0,0,0,0,0,0,0,0,0,0,0,,,0,0,0,0,0,0,0,0,0,0,0,0,,,,0,0,0,0,0,0,0,,0,0,0,0,,0,0,,0,0,0,0,0,0,0,0,0,0,0.0,0.0
00-0038411,A.Johnson,Anthony Johnson Jr.,SAF,DB,"https://static.www.nfl.com/image/upload/f_auto,q_auto/league/refvxunbbme3kanexiyp",2023,REG,GB,8,0,0,0,0,0,0,0,0,0,0,0,0,,,0,,0,0,0,0,0,0,0,0,0,0,,0,0,0,0,0,0,0,0,0,0,0,0,0,0,,0,0,0,0,0,,0.0,0.0,0.0,0,15,3,6,0,0,0,0.0,0.0,0,1,1,3,0,0,0,0,0,0,0,0,0,2,21,0,0,0,0,0,0,0,0,0,0,0,0,0,,,0,0,0,0,0,0,0,0,0,0,0,0,,,,0,0,0,0,0,0,0,,0,0,0,0,,0,0,,0,0,0,0,0,0,0,0,0,0,0.0,0.0
00-0038412,M.Ojomo,Moro Ojomo,DT,DL,"https://static.www.nfl.com/image/upload/f_auto,q_auto/league/bbiomvn996iwm4ckkzio",2023,REG,PHI,2,0,0,0,0,0,0,0,0,0,0,0,0,,,0,,0,0,0,0,0,0,0,0,0,0,,0,0,0,0,0,0,0,0,0,0,0,0,0,0,,0,0,0,0,0,,0.0,0.0,0.0,0,1,1,1,0,0,0,0.0,0.0,0,0,0,0,0,0,0,0,0,0,0,0,0,0,0,0,0,0,0,0,0,0,0,0,0,0,0,0,,,0,0,0,0,0,0,0,0,0,0,0,0,,,,0,0,0,0,0,0,0,,0,0,0,0,,0,0,,0,0,0,0,0,0,0,0,0,0,0.0,0.0
00-0038413,G.Owens,Gervarrius Owens,SAF,DB,"https://static.www.nfl.com/image/upload/f_auto,q_auto/league/c6ftowfm8bhcipydmtni",2023,REG,NYG,1,0,0,0,0,0,0,0,0,0,0,0,0,,,0,,0,0,0,0,0,0,0,0,0,0,,0,0,0,0,0,0,0,0,0,0,0,0,0,0,,0,0,0,0,0,,0.0,0.0,0.0,0,0,0,1,0,0,0,0.0,0.0,0,0,0,0,0,0,0,0,0,0,1,0,0,0,0,0,0,0,0,0,0,0,0,0,0,0,0,0,,,0,0,0,0,0,0,0,0,0,0,0,0,,,,0,0,0,0,0,0,0,,0,0,0,0,,0,0,,0,0,0,0,0,0,0,0,0,0,0.0,0.0
00-0038416,T.Bagent,Tyson Bagent,QB,QB,"https://static.www.nfl.com/image/upload/f_auto,q_auto/league/kfwnayxjfnbfs3sm5a21",2023,REG,CHI,5,94,143,859,3,6,5,-35,2,2,814,498,48,-26.3647472920779,-2.432583164477694,0,1.0552825552825553,36,14,3,1,23,109,2,0,0,11,11.023287959246257,0,5,4,1,0,0,0,0,0,0,0,0,0,0,,0,0,0,0,0,,0.0,0.0,0.0,0,0,0,0,0,0,0,0.0,0.0,0,0,0,0,0,0,0,0,1,0,0,0,0,0,0,2,1,0,3,2,0,0,0,0,0,0,0,0,,,0,0,0,0,0,0,0,0,0,0,0,0,,,,0,0,0,0,0,0,0,,0,0,0,0,,0,0,,0,0,0,0,0,0,0,0,0,0,53.26,53.26
00-0038423,J.Harris,Jalen Harris,DE,DL,"https://static.www.nfl.com/image/upload/f_auto,q_auto/league/bp06ity6j442g9rdxzmp",2023,REG,WAS,4,0,0,0,0,0,0,0,0,0,0,0,0,,,0,,0,0,0,0,0,0,0,0,0,0,,0,0,0,0,0,0,0,0,0,0,0,0,0,0,,0,0,0,0,0,,0.0,0.0,0.0,0,4,1,1,0,0,0,0.0,0.0,1,0,0,1,0,0,0,0,0,0,0,0,0,0,0,0,0,0,0,0,0,0,0,0,0,0,0,0,,,0,0,0,0,0,0,0,0,0,0,0,0,,,,0,0,0,0,0,0,0,,0,0,0,0,,0,0,,0,0,0,0,0,0,0,0,0,0,0.0,0.0
00-0038454,K.Mitchell,Keaton Mitchell,RB,RB,"https://static.www.nfl.com/image/upload/f_auto,q_auto/league/klpn2btfhgfv5a8dp3jj",2023,REG,BAL,7,0,0,0,0,0,0,0,0,0,0,0,0,,,0,,0,0,0,0,47,396,2,0,0,19,17.40301456837915,0,12,10,7,2,9,11,93,0,0,0,-2,122,5,2.5917365161389103,0,4,1,1,0,-46.5,0.023109243697478993,-0.0004891171435558817,0.03432148354572937,0,1,0,1,0,0,0,0.0,0.0,0,0,0,0,0,0,0,0,0,0,0,0,0,0,0,0,0,0,0,0,0,0,0,0,0,0,0,0,,,0,0,0,0,0,0,0,0,0,0,0,0,,,,0,0,0,0,0,0,0,,0,0,0,0,,0,0,,0,0,0,0,0,0,0,0,0,0,60.900000000000006,69.9
00-0038465,M.Heath,Malik Heath,WR,WR,"https://static.www.nfl.com/image/upload/f_auto,q_auto/league/gtvkkadrxfzlj1qxshhx",2023,REG,GB,12,0,0,0,0,0,0,0,0,0,0,0,0,,,0,,0,0,0,0,0,0,0,0,0,0,,0,0,0,0,0,15,24,125,1,0,0,210,35,6,4.743851487571687,0,6,1,0,0,0.5952380952380952,0.0427807486631016,0.04251012145748988,0.0939282080148953,0,2,0,0,0,0,0,0.0,0.0,0,0,0,0,0,0,0,0,0,0,0,0,0,0,0,0,0,0,0,0,0,0,1,1,0,0,0,0,,,0,0,0,0,0,0,0,0,0,0,0,0,,,,0,0,0,0,0,0,0,,0,0,0,0,,0,0,,0,0,0,0,0,0,0,0,0,0,18.5,33.5
00-0038468,H.Pearson,Henry Pearson,TE,TE,"https://static.www.nfl.com/image/private/f_auto,q_auto/league/nwuhn6inss8ksuvqtrrc",2023,REG,GB,1,0,0,0,0,0,0,0,0,0,0,0,0,,,0,,0,0,0,0,0,0,0,0,0,0,,0,0,0,0,0,0,0,0,0,0,0,0,0,0,,0,0,0,0,0,,0.0,0.0,0.0,0,0,0,0,0,0,0,0.0,0.0,0,0,0,0,0,0,0,0,0,0,0,0,0,1,5,0,0,0,0,0,0,0,0,0,0,0,0,0,,,0,0,0,0,0,0,0,0,0,0,0,0,,,,0,0,0,0,0,0,0,,0,0,0,0,,0,0,,0,0,0,0,0,0,0,0,0,0,0.0,0.0
00-0038470,B.Sapp,Benny Sapp III,SAF,DB,"https://static.www.nfl.com/image/upload/f_auto,q_auto/league/nzljjxkadkyh9ijuylmp",2023,REG,GB,2,0,0,0,0,0,0,0,0,0,0,0,0,,,0,,0,0,0,0,0,0,0,0,0,0,,0,0,0,0,0,0,0,0,0,0,0,0,0,0,,0,0,0,0,0,,0.0,0.0,0.0,0,1,0,1,0,0,0,0.0,0.0,0,0,0,0,0,0,0,0,0,0,0,0,0,0,0,0,0,0,0,0,0,0,0,0,0,0,0,0,,,0,0,0,0,0,0,0,0,0,0,0,0,,,,0,0,0,0,0,0,0,,0,0,0,0,,0,0,,0,0,0,0,0,0,0,0,0,0,0.0,0.0
00-0038475,A.Cook,Alex Cook,SAF,DB,"https://static.www.nfl.com/image/upload/f_auto,q_auto/league/c8bvrjjpsaccjsokwptb",2023,REG,CAR,5,0,0,0,0,0,0,0,0,0,0,0,0,,,0,,0,0,0,0,0,0,0,0,0,0,,0,0,0,0,0,0,0,0,0,0,0,0,0,0,,0,0,0,0,0,,0.0,0.0,0.0,0,3,3,5,0,0,0,0.0,0.0,0,0,0,0,0,0,0,0,0,0,0,0,0,0,0,0,0,0,0,0,0,0,0,0,0,0,0,0,,,0,0,0,0,0,0,0,0,0,0,0,0,,,,0,0,0,0,0,0,0,,0,0,0,0,,0,0,,0,0,0,0,0,0,0,0,0,0,0.0,0.0
00-0038476,T.DeVito,Tommy DeVito,QB,QB,"https://static.www.nfl.com/image/upload/f_auto,q_auto/league/iazdkuygt4kb7j6dgygi",2023,REG,NYG,9,114,178,1101,8,3,37,-196,0,0,1149,583,46,-49.3222322049457,-2.9026570242075693,0,0.95822454308094,37,19,16,2,36,195,1,2,1,7,-3.2305081719739066,0,6,5,1,0,0,0,0,0,0,0,0,0,0,-0.947,0,0,0,0,0,,0.0,0.0,0.0,0,0,0,0,0,0,0,0.0,0.0,0,0,0,0,0,0,0,0,1,-1,0,0,0,1,12,1,1,0,2,1,0,0,0,0,0,0,0,0,,,0,0,0,0,0,0,0,0,0,0,0,0,,,,0,0,0,0,0,0,0,,0,0,0,0,,0,0,,0,0,0,0,0,0,0,0,0,0,93.53999999999999,93.53999999999999
00-0038487,E.Ricks,Eli Ricks,CB,DB,"https://static.www.nfl.com/image/upload/f_auto,q_auto/league/yelfjbtjqpgpt8ypmlal",2023,REG,PHI,13,0,0,0,0,0,0,0,0,0,0,0,0,,,0,,0,0,0,0,0,0,0,0,0,0,,0,0,0,0,0,0,0,0,0,0,0,0,0,0,,0,0,0,0,0,,0.0,0.0,0.0,0,12,1,6,1,1,0,0.0,0.0,0,0,0,3,0,0,0,0,0,0,0,0,0,3,14,0,0,0,0,0,0,0,0,0,0,0,0,0,,,0,0,0,0,0,0,0,0,0,0,0,0,,,,0,0,0,0,0,0,0,,0,0,0,0,,0,0,,0,0,0,0,0,0,0,0,0,0,0.0,0.0
00-0038488,B.Russell,Brady Russell,RB,RB,"https://static.www.nfl.com/image/upload/f_auto,q_auto/league/qvf5yojj8rznahzzxffx",2023,REG,SEA,6,0,0,0,0,0,0,0,0,0,0,0,0,,,0,,0,0,0,0,0,0,0,0,0,0,,0,0,0,0,0,0,0,0,0,0,0,0,0,0,,0,0,0,0,0,,0.0,0.0,0.0,0,4,1,2,0,0,0,0.0,0.0,0,0,0,0,0,0,0,0,0,0,0,0,0,0,0,0,0,0,0,0,0,0,0,0,0,0,0,0,,,0,0,0,0,0,0,0,0,0,0,0,0,,,,0,0,0,0,0,0,0,,0,0,0,0,,0,0,,0,0,0,0,0,0,0,0,0,0,0.0,0.0
00-0038489,B.VanSumeren,Ben VanSumeren,RB,RB,"https://static.www.nfl.com/image/upload/f_auto,q_auto/league/nkj6hhniksfdsoan2jnm",2023,REG,PHI,5,0,0,0,0,0,0,0,0,0,0,0,0,,,0,,0,0,0,0,0,0,0,0,0,0,,0,0,0,0,0,0,0,0,0,0,0,0,0,0,,0,0,0,0,0,,0.0,0.0,0.0,0,4,0,9,0,0,0,0.0,0.0,0,0,0,0,0,0,0,0,0,0,0,0,0,0,0,0,0,0,0,0,0,0,0,0,0,0,0,0,,,0,0,0,0,0,0,0,0,0,0,0,0,,,,0,0,0,0,0,0,0,,0,0,0,0,,0,0,,0,0,0,0,0,0,0,0,0,0,0.0,0.0
00-0038490,T.Zentner,Ty Zentner,P,SPEC,"https://static.www.nfl.com/image/upload/f_auto,q_auto/league/rmprz572lgnxuojnxh5p",2023,REG,TEN,9,0,0,0,0,0,0,0,0,0,0,0,0,,,0,,0,0,0,0,1,0,0,1,0,0,-2.2570949586224742,0,0,0,0,0,0,0,0,0,0,0,0,0,0,,0,0,0,0,0,,0.0,0.0,0.0,0,0,0,0,0,0,0,0.0,0.0,0,0,0,0,0,0,0,0,1,-6,0,0,0,0,0,0,1,0,1,0,0,0,0,0,0,0,0,0,,,0,0,0,0,0,0,0,0,0,0,0,0,,,,0,0,0,0,0,0,0,,0,0,0,0,,38,0,64,1705,10,5,4,4,16,9,91,0,1534,0.0,0.0
00-0038492,J.Brownlee,Jason Brownlee,WR,WR,"https://static.www.nfl.com/image/upload/f_auto,q_auto/league/gnqpsix71nvcuclltghc",2023,REG,NYJ,4,0,0,0,0,0,0,0,0,0,0,0,0,,,0,,0,0,0,0,0,0,0,0,0,0,,0,0,0,0,0,5,8,56,1,0,0,62,20,2,-4.2100681482988875,0,2,1,1,0,0.9032258064516129,0.014209591474245116,0.0155,0.032164387211367676,0,1,0,0,0,0,0,0.0,0.0,0,0,0,0,0,0,0,0,0,0,0,0,0,2,20,0,0,0,0,0,0,0,0,0,0,0,0,0,,,0,0,0,0,0,0,0,0,0,0,0,0,,,,0,0,0,0,0,0,0,,0,0,0,0,,0,0,,0,0,0,0,0,0,0,0,0,0,11.600000000000001,16.6
00-0038496,X.Gipson,Xavier Gipson,WR,WR,"https://static.www.nfl.com/image/upload/f_auto,q_auto/league/xmtz360jnxg9psmqifnp",2023,REG,NYJ,17,0,0,0,0,0,0,0,0,0,0,0,0,,,0,,0,0,0,0,8,68,1,1,0,4,3.8386966165271588,0,3,3,0,0,21,38,229,0,0,0,358,109,9,-0.6364557228929271,0,8,5,4,0,0.6396648044692738,0.0674955595026643,0.0895,0.16389333925399646,1,2,0,0,0,0,0,0.0,0.0,0,0,0,0,0,3,0,0,1,0,0,0,0,2,20,3,2,1,5,2,33,319,22,511,0,0,0,0,,,0,0,0,0,0,0,0,0,0,0,0,0,,,,0,0,0,0,0,0,0,,0,0,0,0,,0,0,,0,0,0,0,0,0,0,0,0,0,41.7,62.7
00-0038504,T.Simpson,Trenton Simpson,LB,LB,"https://static.www.nfl.com/image/upload/f_auto,q_auto/league/ozi4oorc2wbcbonnjoo8",2023,REG,BAL,6,0,0,0,0,0,0,0,0,0,0,0,0,,,0,,0,0,0,0,0,0,0,0,0,0,,0,0,0,0,0,0,0,0,0,0,0,0,0,0,,0,0,0,0,0,,0.0,0.0,0.0,0,10,0,3,2,11,0,1.0,6.0,1,0,0,0,0,0,0,0,0,0,1,10,0,1,6,0,0,0,0,0,0,0,0,0,0,0,0,0,,,0,0,0,0,0,0,0,0,0,0,0,0,,,,0,0,0,0,0,0,0,,0,0,0,0,,0,0,,0,0,0,0,0,0,0,0,0,0,0.0,0.0
00-0038505,T.Robinson,Tavius Robinson,LB,LB,"https://static.www.nfl.com/image/upload/f_auto,q_auto/league/jmwnobonw2ieerdw5ynd",2023,REG,BAL,11,0,0,0,0,0,0,0,0,0,0,0,0,,,0,,0,0,0,0,0,0,0,0,0,0,,0,0,0,0,0,0,0,0,0,0,0,0,0,0,,0,0,0,0,0,,0.0,0.0,0.0,0,12,1,13,2,27,0,1.0,7.0,1,0,0,0,0,0,0,0,0,0,0,0,0,1,15,0,0,0,0,0,0,0,0,0,0,0,0,0,,,0,0,0,0,0,0,0,0,0,0,0,0,,,,0,0,0,0,0,0,0,,0,0,0,0,,0,0,,0,0,0,0,0,0,0,0,0,0,0.0,0.0
00-0038506,J.Riley,Jordon Riley,DT,DL,"https://static.www.nfl.com/image/upload/f_auto,q_auto/league/usm4wso1im2kvuxcv7sb",2023,REG,NYG,5,0,0,0,0,0,0,0,0,0,0,0,0,,,0,,0,0,0,0,0,0,0,0,0,0,,0,0,0,0,0,0,0,0,0,0,0,0,0,0,,0,0,0,0,0,,0.0,0.0,0.0,0,3,1,4,0,0,0,0.0,0.0,0,0,0,0,0,0,0,0,0,0,0,0,0,0,0,0,0,0,0,0,0,0,0,0,0,0,0,0,,,0,0,0,0,0,0,0,0,0,0,0,0,,,,0,0,0,0,0,0,0,,0,0,0,0,,0,0,,0,0,0,0,0,0,0,0,0,0,0.0,0.0
00-0038513,Ca.Jones,Cam Jones,LB,LB,"https://static.www.nfl.com/image/upload/f_auto,q_auto/league/hu5ays6cwy6vlibjuscy",2023,REG,KC,7,0,0,0,0,0,0,0,0,0,0,0,0,,,0,,0,0,0,0,0,0,0,0,0,0,,0,0,0,0,0,0,0,0,0,0,0,0,0,0,,0,0,0,0,0,,0.0,0.0,0.0,0,11,3,3,0,0,0,0.0,0.0,0,0,0,0,0,0,0,0,0,0,0,0,0,1,10,0,0,0,0,0,0,0,0,0,0,0,0,0,,,0,0,0,0,0,0,0,0,0,0,0,0,,,,0,0,0,0,0,0,0,,0,0,0,0,,0,0,,0,0,0,0,0,0,0,0,0,0,0.0,0.0
00-0038523,K.Hailassie,Kahlef Hailassie,DB,DB,"https://static.www.nfl.com/image/upload/f_auto,q_auto/league/le2icrrvczzvuzc9tdqh",2023,REG,CLE,4,0,0,0,0,0,0,0,0,0,0,0,0,,,0,,0,0,0,0,0,0,0,0,0,0,,0,0,0,0,0,0,0,0,0,0,0,0,0,0,,0,0,0,0,0,,0.0,0.0,0.0,0,7,0,1,1,2,0,0.0,0.0,0,0,0,1,0,0,0,0,0,0,0,0,0,1,10,0,0,0,0,0,0,0,0,0,0,0,0,0,,,0,0,0,0,0,0,0,0,0,0,0,0,,,,0,0,0,0,0,0,0,,0,0,0,0,,0,0,,0,0,0,0,0,0,0,0,0,0,0.0,0.0
00-0038535,D.Johnson,DJ Johnson,DE,DL,"https://static.www.nfl.com/image/upload/f_auto,q_auto/league/msiycion6qjuafdstc2z",2023,REG,CAR,7,0,0,0,0,0,0,0,0,0,0,0,0,,,0,,0,0,0,0,0,0,0,0,0,0,,0,0,0,0,0,0,0,0,0,0,0,0,0,0,,0,0,0,0,0,,0.0,0.0,0.0,0,4,2,10,1,3,0,0.0,0.0,0,0,0,1,0,0,0,0,0,0,0,0,0,1,9,0,0,0,0,0,0,0,0,0,0,0,0,0,,,0,0,0,0,0,0,0,0,0,0,0,0,,,,0,0,0,0,0,0,0,,0,0,0,0,,0,0,,0,0,0,0,0,0,0,0,0,0,0.0,0.0
00-0038536,C.Zavala,Chandler Zavala,G,OL,"https://static.www.nfl.com/image/upload/f_auto,q_auto/league/i9wpf8cyyxwj1uou1jyy",2023,REG,CAR,3,0,0,0,0,0,0,0,0,0,0,0,0,,,0,,0,0,0,0,0,0,0,0,0,0,,0,0,0,0,0,0,0,0,0,0,0,0,0,0,,0,0,0,0,0,,0.0,0.0,0.0,0,0,0,0,0,0,0,0.0,0.0,0,0,0,0,0,0,0,0,0,0,0,0,0,3,15,0,0,0,0,0,0,0,0,0,0,0,0,0,,,0,0,0,0,0,0,0,0,0,0,0,0,,,,0,0,0,0,0,0,0,,0,0,0,0,,0,0,,0,0,0,0,0,0,0,0,0,0,0.0,0.0
00-0038540,P.Johnson,Paris Johnson Jr.,OT,OL,"https://static.www.nfl.com/image/upload/f_auto,q_auto/league/fto9oiuqts9esmpl7dxf",2023,REG,ARI,8,0,0,0,0,0,0,0,0,0,0,0,0,,,0,,0,0,0,0,0,0,0,0,0,0,,0,0,0,0,0,0,0,0,0,0,0,0,0,0,,0,0,0,0,0,,0.0,0.0,0.0,0,0,0,0,0,0,0,0.0,0.0,0,0,0,0,0,0,0,0,1,0,0,0,0,7,74,0,0,0,0,0,0,0,0,0,0,0,0,0,,,0,0,0,0,0,0,0,0,0,0,0,0,,,,0,0,0,0,0,0,0,,0,0,0,0,,0,0,,0,0,0,0,0,0,0,0,0,0,0.0,0.0
00-0038541,T.Wilson,Tyree Wilson,DE,DL,"https://static.www.nfl.com/image/upload/f_auto,q_auto/league/wrybvbogxpg3f0fiakaz",2023,REG,LV,14,0,0,0,0,0,0,0,0,0,0,0,0,,,0,,0,0,0,0,0,0,0,0,0,0,,0,0,0,0,0,0,0,0,0,0,0,0,0,0,,0,0,0,0,0,,0.0,0.0,0.0,0,14,2,13,2,9,1,3.5,18.0,8,0,0,0,0,0,0,0,0,0,1,0,0,2,16,0,0,0,0,0,0,0,0,0,0,0,0,0,,,0,0,0,0,0,0,0,0,0,0,0,0,,,,0,0,0,0,0,0,0,,0,0,0,0,,0,0,,0,0,0,0,0,0,0,0,0,0,0.0,0.0
00-0038542,B.Robinson,Bijan Robinson,RB,RB,"https://static.www.nfl.com/image/upload/f_auto,q_auto/league/rjaf9auhx3lrktzgwpfb",2023,REG,ATL,17,0,0,0,0,0,0,0,0,0,0,0,0,,,0,,0,0,0,0,214,976,4,4,3,50,-26.706271382120423,0,30,21,7,0,58,86,487,4,0,0,24,519,24,-12.915696720455113,0,13,6,5,1,20.291666666666668,0.16929133858267717,0.005523590333716916,0.25780352110761756,0,2,0,0,0,0,0,0.0,0.0,0,0,0,0,0,0,0,0,0,-7,0,0,0,2,10,3,1,0,4,3,1,8,0,0,0,0,0,0,,,0,0,0,0,0,0,0,0,0,0,0,0,,,,0,0,0,0,0,0,0,,0,0,0,0,,0,0,,0,0,0,0,0,0,0,0,0,0,188.3,246.3
00-0038543,J.Smith-Njigba,Jaxon Smith-Njigba,WR,WR,"https://static.www.nfl.com/image/upload/f_auto,q_auto/league/jpvhsregfvw46mlyckzj",2023,REG,SEA,17,0,0,0,0,0,0,0,0,0,0,0,0,,,0,,0,0,0,0,0,0,0,0,0,0,,0,0,0,0,0,63,93,628,4,0,0,569,366,29,12.165431976956652,0,27,12,7,0,1.1036906854130053,0.170018281535649,0.13807328318369327,0.35167872053205873,0,2,0,0,0,0,0,0.0,0.0,0,0,0,0,0,0,0,0,0,0,0,0,0,1,15,0,0,0,0,0,0,0,0,0,0,0,0,0,,,0,0,0,0,0,0,0,0,0,0,0,0,,,,0,0,0,0,0,0,0,,0,0,0,0,,0,0,,0,0,0,0,0,0,0,0,0,0,86.80000000000001,149.8
00-0038544,Q.Johnston,Quentin Johnston,WR,WR,"https://static.www.nfl.com/image/upload/f_auto,q_auto/league/bpzdpin1xp1kjxmbkq6d",2023,REG,LAC,17,0,0,0,0,0,0,0,0,0,0,0,0,,,0,,0,0,0,0,3,9,0,0,0,0,-0.9055283989291638,0,0,0,0,0,38,67,431,2,0,0,861,152,20,7.059383286199804,0,17,10,5,1,0.5005807200929152,0.10912052117263844,0.1819142193112191,0.29102073527681105,0,1,0,0,0,0,0,0.0,0.0,0,0,0,0,0,0,0,0,0,0,0,0,0,0,0,0,0,0,0,0,0,0,0,0,0,0,0,0,,,0,0,0,0,0,0,0,0,0,0,0,0,,,,0,0,0,0,0,0,0,,0,0,0,0,,0,0,,0,0,0,0,0,0,0,0,0,0,56.0,94.0
00-0038545,M.Smith,Mazi Smith,DT,DL,"https://static.www.nfl.com/image/upload/f_auto,q_auto/league/y2b8scr5fmymetjob0lz",2023,REG,DAL,9,0,0,0,0,0,0,0,0,0,0,0,0,,,0,,0,0,0,0,0,0,0,0,0,0,,0,0,0,0,0,0,0,0,0,0,0,0,0,0,,0,0,0,0,0,,0.0,0.0,0.0,0,9,0,4,3,14,0,1.0,9.0,3,0,0,0,0,0,0,0,0,0,0,0,0,0,0,0,0,0,0,0,0,0,0,0,0,0,0,0,,,0,0,0,0,0,0,0,0,0,0,0,0,,,,0,0,0,0,0,0,0,,0,0,0,0,,0,0,,0,0,0,0,0,0,0,0,0,0,0.0,0.0
00-0038546,M.Murphy,Myles Murphy,DE,DL,"https://static.www.nfl.com/image/upload/f_auto,q_auto/league/u0zvh5to1xhky5oiyonv",2023,REG,CIN,12,0,0,0,0,0,0,0,0,0,0,0,0,,,0,,0,0,0,0,0,0,0,0,0,0,,0,0,0,0,0,0,0,0,0,0,0,0,0,0,,0,0,0,0,0,,0.0,0.0,0.0,0,10,0,10,3,10,0,3.0,10.0,3,0,0,0,0,0,0,0,0,0,0,0,0,1,5,0,0,0,0,0,0,0,0,0,0,0,0,0,,,0,0,0,0,0,0,0,0,0,0,0,0,,,,0,0,0,0,0,0,0,,0,0,0,0,,0,0,,0,0,0,0,0,0,0,0,0,0,0.0,0.0
00-0038547,L.Schoonmaker,Luke Schoonmaker,TE,TE,"https://static.www.nfl.com/image/upload/f_auto,q_auto/league/mjaidpltef1ctqwrk5o5",2023,REG,DAL,12,0,0,0,0,0,0,0,0,0,0,0,0,,,0,,0,0,0,0,0,0,0,0,0,0,,0,0,0,0,0,8,15,65,2,0,0,81,27,5,-4.434511691703607,0,4,1,0,0,0.8024691358024691,0.024793388429752067,0.016896120150187734,0.04901736674975951,0,2,0,0,0,0,0,0.0,0.0,0,0,0,0,0,0,0,0,0,0,0,0,0,1,10,0,0,0,0,0,0,0,0,0,0,0,0,0,,,0,0,0,0,0,0,0,0,0,0,0,0,,,,0,0,0,0,0,0,0,,0,0,0,0,,0,0,,0,0,0,0,0,0,0,0,0,0,18.5,26.5
00-0038548,O.Torrence,O'Cyrus Torrence,G,OL,"https://static.www.nfl.com/image/upload/f_auto,q_auto/league/bkbuobkm9dwoyprlaasp",2023,REG,BUF,5,0,0,0,0,0,0,0,0,0,0,0,0,,,0,,0,0,0,0,0,0,0,0,0,0,,0,0,0,0,0,0,0,0,0,0,0,0,0,0,,0,0,0,0,0,,0.0,0.0,0.0,0,0,0,0,0,0,0,0.0,0.0,0,0,0,0,0,0,0,0,1,0,0,0,0,5,39,0,0,0,0,0,0,0,0,0,0,0,0,0,,,0,0,0,0,0,0,0,0,0,0,0,0,,,,0,0,0,0,0,0,0,,0,0,0,0,,0,0,,0,0,0,0,0,0,0,0,0,0,0.0,0.0
00-0038549,D.Turner,DJ Turner II,CB,DB,"https://static.www.nfl.com/image/upload/f_auto,q_auto/league/nijmaqsa0uggtjzmpzgy",2023,REG,CIN,16,0,0,0,0,0,0,0,0,0,0,0,0,,,0,,0,0,0,0,0,0,0,0,0,0,,0,0,0,0,0,0,0,0,0,0,0,0,0,0,,0,0,0,0,0,,0.0,0.0,0.0,0,37,3,10,1,5,0,1.0,5.0,1,0,0,7,0,0,0,0,0,0,1,28,0,3,75,0,0,0,0,0,0,0,0,0,0,0,0,0,,,0,0,0,0,0,0,0,0,0,0,0,0,,,,0,0,0,0,0,0,0,,0,0,0,0,,0,0,,0,0,0,0,0,0,0,0,0,0,0.0,0.0
00-0038551,K.Miller,Kendre Miller,RB,RB,"https://static.www.nfl.com/image/upload/f_auto,q_auto/league/jz3mpvifmldus3ipdvu1",2023,REG,NO,7,0,0,0,0,0,0,0,0,0,0,0,0,,,0,,0,0,0,0,41,156,1,0,0,10,-3.0978242640849203,0,4,2,0,0,10,11,117,0,0,0,-8,128,5,5.604395734902937,0,4,2,2,0,-14.625,0.018998272884283247,-0.001594896331738437,0.027380981894207967,0,0,0,0,0,0,0,0.0,0.0,0,0,0,0,0,0,0,0,0,0,0,0,0,0,0,0,0,0,0,0,0,0,0,0,0,0,0,0,,,0,0,0,0,0,0,0,0,0,0,0,0,,,,0,0,0,0,0,0,0,,0,0,0,0,,0,0,,0,0,0,0,0,0,0,0,0,0,33.3,43.3
00-0038552,R.Moss,Riley Moss,CB,DB,"https://static.www.nfl.com/image/upload/f_auto,q_auto/league/ien8dnxggtcrizatnuom",2023,REG,DEN,7,0,0,0,0,0,0,0,0,0,0,0,0,,,0,,0,0,0,0,0,0,0,0,0,0,,0,0,0,0,0,0,0,0,0,0,0,0,0,0,,0,0,0,0,0,,0.0,0.0,0.0,0,1,1,4,0,0,0,0.0,0.0,0,0,0,0,0,0,0,0,0,0,0,0,0,2,15,0,0,0,0,0,0,0,0,0,0,0,0,0,,,0,0,0,0,0,0,0,0,0,0,0,0,,,,0,0,0,0,0,0,0,,0,0,0,0,,0,0,,0,0,0,0,0,0,0,0,0,0,0.0,0.0
00-0038553,D.Henley,Daiyan Henley,LB,LB,"https://static.www.nfl.com/image/upload/f_auto,q_auto/league/rkogtmgnthxju5bqrtx1",2023,REG,LAC,8,0,0,0,0,0,0,0,0,0,0,0,0,,,0,,0,0,0,0,0,0,0,0,0,0,,0,0,0,0,0,0,0,0,0,0,0,0,0,0,,0,0,0,0,0,,0.0,0.0,0.0,0,8,1,7,0,0,0,0.0,0.0,0,0,0,0,0,0,0,0,0,0,0,0,0,0,0,0,0,0,0,0,0,0,0,0,0,0,0,0,,,0,0,0,0,0,0,0,0,0,0,0,0,,,,0,0,0,0,0,0,0,,0,0,0,0,,0,0,,0,0,0,0,0,0,0,0,0,0,0.0,0.0
00-0038554,J.Brown,Ji'Ayir Brown,SAF,DB,"https://static.www.nfl.com/image/upload/f_auto,q_auto/league/gmgewszcsvxdb63dmqby",2023,REG,SF,9,0,0,0,0,0,0,0,0,0,0,0,0,,,0,,0,0,0,0,0,0,0,0,0,0,,0,0,0,0,0,0,0,0,0,0,0,0,0,0,,0,0,0,0,0,,0.0,0.0,0.0,0,22,0,13,0,0,0,0.0,0.0,0,2,0,4,0,0,0,0,0,0,0,0,0,0,0,0,0,0,0,0,0,0,0,0,0,0,0,0,,,0,0,0,0,0,0,0,0,0,0,0,0,,,,0,0,0,0,0,0,0,,0,0,0,0,,0,0,,0,0,0,0,0,0,0,0,0,0,0.0,0.0
00-0038555,T.Bigsby,Tank Bigsby,RB,RB,"https://static.www.nfl.com/image/upload/f_auto,q_auto/league/nin8aexyipca7g7u7f4a",2023,REG,JAX,13,0,0,0,0,0,0,0,0,0,0,0,0,,,0,,0,0,0,0,50,132,2,1,1,12,-12.336056941567222,0,1,1,0,0,1,4,6,0,0,0,6,5,0,-13.688695142627694,0,0,0,0,0,1.0,0.006589785831960461,0.0012045773940975708,0.010727882923808992,0,1,0,0,0,0,0,0.0,0.0,0,0,0,0,0,0,0,0,1,-9,0,0,0,1,4,2,0,0,2,2,0,0,4,99,0,0,0,0,,,0,0,0,0,0,0,0,0,0,0,0,0,,,,0,0,0,0,0,0,0,,0,0,0,0,,0,0,,0,0,0,0,0,0,0,0,0,0,23.8,24.8
00-0038557,D.Williams,Dorian Williams,LB,LB,"https://static.www.nfl.com/image/upload/f_auto,q_auto/league/fsslbcbp87yehsofpwg1",2023,REG,BUF,12,0,0,0,0,0,0,0,0,0,0,0,0,,,0,,0,0,0,0,0,0,0,0,0,0,,0,0,0,0,0,0,0,0,0,0,0,0,0,0,,0,0,0,0,0,,0.0,0.0,0.0,0,23,2,15,0,0,0,0.0,0.0,2,0,0,1,0,0,0,0,0,0,0,0,0,2,20,0,0,0,0,0,0,0,0,0,0,0,0,0,,,0,0,0,0,0,0,0,0,0,0,0,0,,,,0,0,0,0,0,0,0,,0,0,0,0,,0,0,,0,0,0,0,0,0,0,0,0,0,0.0,0.0
00-0038558,D.Washington,Darnell Washington,TE,TE,"https://static.www.nfl.com/image/upload/f_auto,q_auto/league/nza9bxmg2tdtg7wldjct",2023,REG,PIT,8,0,0,0,0,0,0,0,0,0,0,0,0,,,0,,0,0,0,0,0,0,0,0,0,0,,0,0,0,0,0,7,10,61,0,0,0,11,50,4,1.19134930105065,0,3,0,0,0,5.545454545454546,0.02066115702479339,0.002906208718626156,0.03302608164022839,0,0,0,0,0,0,0,0.0,0.0,0,0,0,0,0,0,0,0,0,0,0,0,0,0,0,0,0,0,0,0,0,0,0,0,0,0,0,0,,,0,0,0,0,0,0,0,0,0,0,0,0,,,,0,0,0,0,0,0,0,,0,0,0,0,,0,0,,0,0,0,0,0,0,0,0,0,0,6.1000000000000005,13.100000000000001
00-0038559,Mi.Wilson,Michael Wilson,WR,WR,"https://static.www.nfl.com/image/upload/f_auto,q_auto/league/yc8awtck004bz2a5oeb8",2023,REG,ARI,13,0,0,0,0,0,0,0,0,0,0,0,0,,,0,,0,0,0,0,0,0,0,0,0,0,,0,0,0,0,0,38,58,565,3,0,0,720,139,29,19.10879741826415,1,26,16,7,1,0.7847222222222222,0.10740740740740741,0.17200191113234592,0.28151244890375327,0,0,0,0,0,0,0,0.0,0.0,0,0,0,0,0,0,0,0,0,0,0,0,0,2,14,0,0,0,0,0,0,0,0,0,0,0,0,0,,,0,0,0,0,0,0,0,0,0,0,0,0,,,,0,0,0,0,0,0,0,,0,0,0,0,,0,0,,0,0,0,0,0,0,0,0,0,0,76.5,114.5
00-0038560,J.Battle,Jordan Battle,SAF,DB,"https://static.www.nfl.com/image/upload/f_auto,q_auto/league/cqndmjyignuar0ekntsy",2023,REG,CIN,15,0,0,0,0,0,0,0,0,0,0,0,0,,,0,,0,0,0,0,0,0,0,0,0,0,,0,0,0,0,0,0,0,0,0,0,0,0,0,0,,0,0,0,0,0,,0.0,0.0,0.0,0,34,9,28,3,13,0,2.0,12.0,3,1,0,5,0,0,0,0,0,0,0,0,0,0,0,0,0,0,0,0,0,0,0,0,0,0,0,0,,,0,0,0,0,0,0,0,0,0,0,0,0,,,,0,0,0,0,0,0,0,,0,0,0,0,,0,0,,0,0,0,0,0,0,0,0,0,0,0.0,0.0
00-0038561,S.Ika,Siaki Ika,DT,DL,"https://static.www.nfl.com/image/upload/f_auto,q_auto/league/otjbz9eqgulexs1atlsd",2023,REG,CLE,2,0,0,0,0,0,0,0,0,0,0,0,0,,,0,,0,0,0,0,0,0,0,0,0,0,,0,0,0,0,0,0,0,0,0,0,0,0,0,0,,0,0,0,0,0,,0.0,0.0,0.0,0,0,0,0,0,0,0,0.0,0.0,1,0,0,1,0,0,0,0,0,0,0,0,0,2,10,0,0,0,0,0,0,0,0,0,0,0,0,0,,,0,0,0,0,0,0,0,0,0,0,0,0,,,,0,0,0,0,0,0,0,,0,0,0,0,,0,0,,0,0,0,0,0,0,0,0,0,0,0.0,0.0
00-0038562,J.Moody,Jake Moody,K,SPEC,"https://static.www.nfl.com/image/upload/f_auto,q_auto/league/wkqqi3zfucoti8g5ncob",2023,REG,SF,17,0,0,0,0,0,0,0,0,0,0,0,0,,,0,,0,0,0,0,0,0,0,0,0,0,,0,0,0,0,0,0,0,0,0,0,0,0,0,0,,0,0,0,0,0,,0.0,0.0,0.0,0,0,0,0,0,0,0,0.0,0.0,0,0,0,0,0,0,0,0,0,0,0,0,0,0,0,0,0,0,0,0,0,0,0,0,21,25,4,0,57,0.84,0,7,8,4,2,0,0,0,1,2,1,0,41;32;40;27;57;26;28;21;36;25;55;36;39;35;37;28;32;43;45;38;22,54;41;40;38,,743,173,0,60,61,1,0,0.9836065573770492,0,1,1,0,41,0,0,,0,0,0,0,0,0,0,0,0,0,0.0,0.0
00-0038563,T.Tucker,Tre Tucker,WR,WR,"https://static.www.nfl.com/image/upload/f_auto,q_auto/league/fsx05ats4azj8mus03d4",2023,REG,LV,13,0,0,0,0,0,0,0,0,0,0,0,0,,,0,,0,0,0,0,10,77,0,0,0,4,1.2450567943742499,0,3,2,1,0,19,34,331,2,0,0,624,28,12,6.242420197464526,0,12,9,6,3,0.530448717948718,0.064030131826742,0.14576033637000702,0.1980774331991179,0,4,0,1,0,0,0,0.0,0.0,0,0,0,0,0,0,0,0,0,0,0,0,0,1,5,0,0,0,0,0,0,0,0,0,0,0,0,0,,,0,0,0,0,0,0,0,0,0,0,0,0,,,,0,0,0,0,0,0,0,,0,0,0,0,,0,0,,0,0,0,0,0,0,0,0,0,0,52.800000000000004,71.80000000000001
00-0038565,M.Blackmon,Mekhi Blackmon,DB,DB,"https://static.www.nfl.com/image/upload/f_auto,q_auto/league/uo4d3xkm63u1elamfvxw",2023,REG,MIN,13,0,0,0,0,0,0,0,0,0,0,0,0,,,0,,0,0,0,0,0,0,0,0,0,0,,0,0,0,0,0,0,0,0,0,0,0,0,0,0,,0,0,0,0,0,,0.0,0.0,0.0,0,33,1,7,3,11,0,0.0,0.0,0,1,0,8,0,0,0,0,0,0,1,0,0,0,0,0,0,0,0,0,0,0,0,0,0,0,0,0,,,0,0,0,0,0,0,0,0,0,0,0,0,,,,0,0,0,0,0,0,0,,0,0,0,0,,0,0,,0,0,0,0,0,0,0,0,0,0,0.0,0.0
00-0038567,C.Ryland,Chad Ryland,K,SPEC,"https://static.www.nfl.com/image/upload/f_auto,q_auto/league/hqbrncv4ktphfcmkf23g",2023,REG,NE,17,0,0,0,0,0,0,0,0,0,0,0,0,,,0,,0,0,0,0,0,0,0,0,0,0,,0,0,0,0,0,0,0,0,0,0,0,0,0,0,,0,0,0,0,0,,0.0,0.0,0.0,0,0,0,0,0,0,0,0.0,0.0,0,0,0,0,0,0,0,0,0,0,0,0,0,0,0,0,0,0,0,0,0,0,0,0,16,25,9,0,56,0.64,0,4,5,5,2,0,0,0,2,5,2,0,49;48;51;29;43;30;24;49;38;43;37;24;25;33;56;30,48;57;52;48;35;35;41;47;47,,609,410,0,24,25,1,0,0.96,1,1,0,0,56,0,0,,0,0,0,0,0,0,0,0,0,0,0.0,0.0
00-0038568,C.Phillips,Clark Phillips III,CB,DB,"https://static.www.nfl.com/image/upload/f_auto,q_auto/league/hamwwwt2yzzd1l7kjj7t",2023,REG,ATL,7,0,0,0,0,0,0,0,0,0,0,0,0,,,0,,0,0,0,0,0,0,0,0,0,0,,0,0,0,0,0,0,0,0,0,0,0,0,0,0,,0,0,0,0,0,,0.0,0.0,0.0,0,19,3,5,0,0,0,0.0,0.0,0,0,0,5,0,0,0,0,0,0,0,0,0,6,52,0,0,0,0,0,0,0,0,0,0,0,0,0,,,0,0,0,0,0,0,0,0,0,0,0,0,,,,0,0,0,0,0,0,0,,0,0,0,0,,0,0,,0,0,0,0,0,0,0,0,0,0,0.0,0.0
00-0038569,S.Sow,Sidy Sow,G,OL,"https://static.www.nfl.com/image/upload/f_auto,q_auto/league/blaqsoggckre8xjgfxgr",2023,REG,NE,2,0,0,0,0,0,0,0,0,0,0,0,0,,,0,,0,0,0,0,0,0,0,0,0,0,,0,0,0,0,0,0,0,0,0,0,0,0,0,0,,0,0,0,0,0,,0.0,0.0,0.0,0,0,0,1,0,0,0,0.0,0.0,0,0,0,0,0,0,0,0,0,0,0,0,0,1,5,0,0,0,0,0,0,0,0,0,0,0,0,0,,,0,0,0,0,0,0,0,0,0,0,0,0,,,,0,0,0,0,0,0,0,,0,0,0,0,,0,0,,0,0,0,0,0,0,0,0,0,0,0.0,0.0
00-0038572,Ca.Young,Cameron Young,DT,DL,"https://static.www.nfl.com/image/upload/f_auto,q_auto/league/bxua8lc5zasfkdmvu99e",2023,REG,SEA,9,0,0,0,0,0,0,0,0,0,0,0,0,,,0,,0,0,0,0,0,0,0,0,0,0,,0,0,0,0,0,0,0,0,0,0,0,0,0,0,,0,0,0,0,0,,0.0,0.0,0.0,0,8,2,8,0,0,0,0.0,0.0,1,0,0,1,0,0,0,0,0,0,0,0,0,1,15,0,0,0,0,0,0,0,0,0,0,0,0,0,,,0,0,0,0,0,0,0,0,0,0,0,0,,,,0,0,0,0,0,0,0,,0,0,0,0,,0,0,,0,0,0,0,0,0,0,0,0,0,0.0,0.0
00-0038573,D.Davis,Derius Davis,WR,WR,"https://static.www.nfl.com/image/upload/f_auto,q_auto/league/if9lcwax4p0gwlqswr1y",2023,REG,LAC,17,0,0,0,0,0,0,0,0,0,0,0,0,,,0,,0,0,0,0,14,101,0,0,0,5,5.187934546498582,0,4,2,1,1,15,17,66,0,0,0,-38,115,0,-5.932091548147568,0,3,1,0,0,0.0,0.02768729641693811,-0.008028734417916754,0.03591083053286544,1,0,0,0,0,0,0,0.0,0.0,0,0,0,0,0,3,0,0,2,0,0,0,0,1,5,1,2,1,3,1,24,385,17,374,0,0,0,0,,,0,0,0,0,0,0,0,0,0,0,0,0,,,,0,0,0,0,0,0,0,,0,0,0,0,,0,0,,0,0,0,0,0,0,0,0,0,0,22.7,37.7
00-0038574,I.McGuire,Isaiah McGuire,DE,DL,"https://static.www.nfl.com/image/upload/f_auto,q_auto/league/bgay7c5onbqadb4qjguc",2023,REG,CLE,2,0,0,0,0,0,0,0,0,0,0,0,0,,,0,,0,0,0,0,0,0,0,0,0,0,,0,0,0,0,0,0,0,0,0,0,0,0,0,0,,0,0,0,0,0,,0.0,0.0,0.0,0,4,1,1,2,13,0,1.0,12.0,2,0,0,0,0,0,0,0,0,0,0,0,0,0,0,0,0,0,0,0,0,0,0,0,0,0,0,0,,,0,0,0,0,0,0,0,0,0,0,0,0,,,,0,0,0,0,0,0,0,,0,0,0,0,,0,0,,0,0,0,0,0,0,0,0,0,0,0.0,0.0
00-0038576,C.Jones,Charlie Jones,WR,WR,"https://static.www.nfl.com/image/upload/f_auto,q_auto/league/rofwl0wrsdqnfvv4iokq",2023,REG,CIN,11,0,0,0,0,0,0,0,0,0,0,0,0,,,0,,0,0,0,0,2,13,0,0,0,1,1.0999452469404787,0,0,0,0,0,7,9,64,0,0,0,79,38,3,2.376261502795387,0,1,1,1,0,0.810126582278481,0.015202702702702704,0.02037132542547705,0.03706398185188799,1,0,0,0,0,0,0,0.0,0.0,0,0,0,0,0,0,0,0,0,0,0,0,0,0,0,0,0,0,0,0,23,248,0,0,0,0,0,0,,,0,0,0,0,0,0,0,0,0,0,0,0,,,,0,0,0,0,0,0,0,,0,0,0,0,,0,0,,0,0,0,0,0,0,0,0,0,0,13.7,20.7
00-0038577,Ni.Herbig,Nick Herbig,LB,LB,"https://static.www.nfl.com/image/upload/f_auto,q_auto/league/x2pdurg2nwxy1tiyfeac",2023,REG,PIT,12,0,0,0,0,0,0,0,0,0,0,0,0,,,0,,0,0,0,0,0,0,0,0,0,0,,0,0,0,0,0,0,0,0,0,0,0,0,0,0,,0,0,0,0,0,,0.0,0.0,0.0,0,15,4,8,4,18,2,3.0,24.0,3,0,0,0,0,0,0,0,0,0,1,0,0,0,0,0,0,0,0,0,0,0,0,0,0,0,0,0,,,0,0,0,0,0,0,0,0,0,0,0,0,,,,0,0,0,0,0,0,0,,0,0,0,0,,0,0,,0,0,0,0,0,0,0,0,0,0,0.0,0.0
00-0038578,J.Ward,Jay Ward,SAF,DB,"https://static.www.nfl.com/image/upload/f_auto,q_auto/league/c3y0kln3tvfhyw5e3nbt",2023,REG,MIN,7,0,0,0,0,0,0,0,0,0,0,0,0,,,0,,0,0,0,0,0,0,0,0,0,0,,0,0,0,0,0,0,0,0,0,0,0,0,0,0,,0,0,0,0,0,,0.0,0.0,0.0,0,5,0,3,0,0,0,0.0,0.0,0,0,0,0,0,0,0,0,0,0,1,0,0,3,20,0,0,0,0,0,0,0,0,0,0,0,0,0,,,0,0,0,0,0,0,0,0,0,0,0,0,,,,0,0,0,0,0,0,0,,0,0,0,0,,0,0,,0,0,0,0,0,0,0,0,0,0,0.0,0.0
00-0038579,A.O'Connell,Aidan O'Connell,QB,QB,"https://static.www.nfl.com/image/upload/f_auto,q_auto/league/bcejxo7ofgk5pszhup12",2023,REG,LV,11,213,343,2218,12,7,24,-173,3,2,2561,1063,107,-17.799607789448427,-3.9035496967179433,0,0.8660679422100742,87,41,24,4,17,11,1,1,0,7,-4.116635266691446,0,0,0,0,0,0,0,0,0,0,0,0,0,0,,0,0,0,0,0,,0.0,0.0,0.0,0,0,0,0,0,0,0,0.0,0.0,0,0,0,0,0,0,0,0,2,-1,0,0,0,1,12,2,2,0,4,2,0,0,0,0,0,0,0,0,,,0,0,0,0,0,0,0,0,0,0,0,0,,,,0,0,0,0,0,0,0,,0,0,0,0,,0,0,,0,0,0,0,0,0,0,0,0,0,125.82,125.82
00-0038580,Y.Abdullah,Yasir Abdullah,LB,LB,"https://static.www.nfl.com/image/upload/f_auto,q_auto/league/xcqrvdytgfa12io99n2w",2023,REG,JAX,2,0,0,0,0,0,0,0,0,0,0,0,0,,,0,,0,0,0,0,0,0,0,0,0,0,,0,0,0,0,0,0,0,0,0,0,0,0,0,0,,0,0,0,0,0,,0.0,0.0,0.0,0,1,0,0,0,0,0,0.0,0.0,1,0,0,0,0,0,0,0,0,0,0,0,0,0,0,0,0,0,0,0,0,0,0,0,0,0,0,0,,,0,0,0,0,0,0,0,0,0,0,0,0,,,,0,0,0,0,0,0,0,,0,0,0,0,,0,0,,0,0,0,0,0,0,0,0,0,0,0.0,0.0
00-0038581,K.Henry,KJ Henry,DE,DL,"https://static.www.nfl.com/image/upload/f_auto,q_auto/league/tuxlq3yp5alivdyqugdw",2023,REG,WAS,8,0,0,0,0,0,0,0,0,0,0,0,0,,,0,,0,0,0,0,0,0,0,0,0,0,,0,0,0,0,0,0,0,0,0,0,0,0,0,0,,0,0,0,0,0,,0.0,0.0,0.0,0,10,4,5,4,18,0,1.5,4.5,2,0,0,2,0,0,0,0,0,0,0,0,0,1,15,0,0,0,0,0,0,0,0,0,0,0,0,0,,,0,0,0,0,0,0,0,0,0,0,0,0,,,,0,0,0,0,0,0,0,,0,0,0,0,,0,0,,0,0,0,0,0,0,0,0,0,0,0.0,0.0
00-0038582,C.Tune,Clayton Tune,QB,QB,"https://static.www.nfl.com/image/upload/f_auto,q_auto/league/qf8khbyllgjzfyqd3yuz",2023,REG,ARI,6,12,21,62,0,2,7,-41,1,1,53,43,3,-34.74954317265656,-15.147793860662551,0,1.169811320754717,2,0,0,0,8,30,1,1,0,3,0.41171421630145044,1,1,0,0,0,0,0,0,0,0,0,0,0,0,,0,0,0,0,0,,0.0,0.0,0.0,0,0,0,0,0,0,0,0.0,0.0,0,0,0,0,0,0,0,0,0,-5,0,0,0,0,0,1,1,0,2,1,0,0,0,0,0,0,0,0,,,0,0,0,0,0,0,0,0,0,0,0,0,,,,0,0,0,0,0,0,0,,0,0,0,0,,0,0,,0,0,0,0,0,0,0,0,0,0,7.48,7.48
00-0038583,D.Thompson-Robinson,Dorian Thompson-Robinson,QB,QB,"https://static.www.nfl.com/image/upload/f_auto,q_auto/league/ujuyt3hpswlin3aahmhu",2023,REG,CLE,7,60,112,440,1,4,6,-60,1,0,662,204,26,-39.52713009677772,-11.654824926739646,0,0.6646525679758308,17,6,1,0,14,65,0,1,0,4,1.7851055858046747,1,1,1,0,0,0,0,0,0,0,0,0,0,0,,0,0,0,0,0,,0.0,0.0,0.0,0,1,0,0,0,0,0,0.0,0.0,0,0,0,0,0,0,0,0,0,-5,0,0,0,1,5,0,2,0,2,0,0,0,0,0,0,0,0,0,,,0,0,0,0,0,0,0,0,0,0,0,0,,,,0,0,0,0,0,0,0,,0,0,0,0,,0,0,,0,0,0,0,0,0,0,0,0,0,22.1,22.1
00-0038584,J.Roy,Jaquelin Roy,DT,DL,"https://static.www.nfl.com/image/upload/f_auto,q_auto/league/qnbp4fkzgxvoq9ujzsvg",2023,REG,MIN,4,0,0,0,0,0,0,0,0,0,0,0,0,,,0,,0,0,0,0,0,0,0,0,0,0,,0,0,0,0,0,0,0,0,0,0,0,0,0,0,,0,0,0,0,0,,0.0,0.0,0.0,0,2,1,5,0,0,0,0.0,0.0,1,0,0,0,0,0,0,0,0,0,0,0,0,0,0,0,0,0,0,0,0,0,0,0,0,0,0,0,,,0,0,0,0,0,0,0,0,0,0,0,0,,,,0,0,0,0,0,0,0,,0,0,0,0,,0,0,,0,0,0,0,0,0,0,0,0,0,0.0,0.0
00-0038585,C.Mitchell,Cameron Mitchell,DB,DB,"https://static.www.nfl.com/image/upload/f_auto,q_auto/league/ozye3yup4gplbpdy23ig",2023,REG,CLE,9,0,0,0,0,0,0,0,0,0,0,0,0,,,0,,0,0,0,0,0,0,0,0,0,0,,0,0,0,0,0,0,0,0,0,0,0,0,0,0,,0,0,0,0,0,,0.0,0.0,0.0,0,14,2,2,0,0,0,1.0,0.0,1,0,0,2,0,0,0,0,0,0,0,0,0,1,5,0,0,0,0,0,0,0,0,0,0,0,0,0,,,0,0,0,0,0,0,0,0,0,0,0,0,,,,0,0,0,0,0,0,0,,0,0,0,0,,0,0,,0,0,0,0,0,0,0,0,0,0,0.0,0.0
00-0038586,A.Mafi,Atonio Mafi,G,OL,"https://static.www.nfl.com/image/upload/f_auto,q_auto/league/xdqzggyys7bapcjjajcl",2023,REG,NE,4,0,0,0,0,0,0,0,0,0,0,0,0,,,0,,0,0,0,0,0,0,0,0,0,0,,0,0,0,0,0,0,0,0,0,0,0,0,0,0,,0,0,0,0,0,,0.0,0.0,0.0,0,0,0,0,0,0,0,0.0,0.0,0,0,0,0,0,0,0,0,0,0,0,0,0,5,42,0,0,0,0,0,0,0,0,0,0,0,0,0,,,0,0,0,0,0,0,0,0,0,0,0,0,,,,0,0,0,0,0,0,0,,0,0,0,0,,0,0,,0,0,0,0,0,0,0,0,0,0,0.0,0.0
00-0038587,J.Robinson,Jammie Robinson,SAF,DB,"https://static.www.nfl.com/image/upload/f_auto,q_auto/league/ngfibwfaxwwdtwqe40qy",2023,REG,CAR,7,0,0,0,0,0,0,0,0,0,0,0,0,,,0,,0,0,0,0,0,0,0,0,0,0,,0,0,0,0,0,0,0,0,0,0,0,0,0,0,,0,0,0,0,0,,0.0,0.0,0.0,0,10,1,6,0,0,0,0.0,0.0,0,0,0,0,0,0,0,0,0,0,0,0,0,2,20,0,0,0,0,0,0,0,0,0,0,0,0,0,,,0,0,0,0,0,0,0,0,0,0,0,0,,,,0,0,0,0,0,0,0,,0,0,0,0,,0,0,,0,0,0,0,0,0,0,0,0,0,0.0,0.0
00-0038588,J.Howden,Jordan Howden,SAF,DB,"https://static.www.nfl.com/image/upload/f_auto,q_auto/league/x87djeswtkpxvuvyw5xh",2023,REG,NO,11,0,0,0,0,0,0,0,0,0,0,0,0,,,0,,0,0,0,0,0,0,0,0,0,0,,0,0,0,0,0,0,0,0,0,0,0,0,0,0,,0,0,0,0,0,,0.0,0.0,0.0,0,22,1,20,0,0,1,1.0,12.0,1,0,0,5,0,0,0,0,0,0,0,0,0,1,5,0,0,0,0,0,0,0,0,0,0,0,0,0,,,0,0,0,0,0,0,0,0,0,0,0,0,,,,0,0,0,0,0,0,0,,0,0,0,0,,0,0,,0,0,0,0,0,0,0,0,0,0,0.0,0.0
00-0038589,J.Whyle,Josh Whyle,TE,TE,"https://static.www.nfl.com/image/upload/f_auto,q_auto/league/anwoxedspnle4xdk0cnl",2023,REG,TEN,9,0,0,0,0,0,0,0,0,0,0,0,0,,,0,,0,0,0,0,0,0,0,0,0,0,,0,0,0,0,0,9,15,94,1,0,0,146,40,8,3.782551838114159,0,5,2,1,0,0.6438356164383562,0.03138075313807531,0.03195447581527686,0.06943926277780677,0,0,1,0,0,0,0,0.0,0.0,0,0,0,0,0,0,0,0,0,0,0,0,0,1,5,0,0,0,0,0,0,0,0,0,0,0,0,0,,,0,0,0,0,0,0,0,0,0,0,0,0,,,,0,0,0,0,0,0,0,,0,0,0,0,,0,0,,0,0,0,0,0,0,0,0,0,0,15.4,24.4
00-0038591,M.Morris,Mike Morris,DE,DL,"https://static.www.nfl.com/image/upload/f_auto,q_auto/league/hknu9azwhvn7pq4tfaiz",2023,REG,SEA,1,0,0,0,0,0,0,0,0,0,0,0,0,,,0,,0,0,0,0,0,0,0,0,0,0,,0,0,0,0,0,0,0,0,0,0,0,0,0,0,,0,0,0,0,0,,0.0,0.0,0.0,0,2,0,1,0,0,0,0.0,0.0,0,0,0,0,0,0,0,0,0,0,0,0,0,0,0,0,0,0,0,0,0,0,0,0,0,0,0,0,,,0,0,0,0,0,0,0,0,0,0,0,0,,,,0,0,0,0,0,0,0,,0,0,0,0,,0,0,,0,0,0,0,0,0,0,0,0,0,0.0,0.0
00-0038592,C.Sorsdal,Colby Sorsdal,G,OL,"https://static.www.nfl.com/image/upload/f_auto,q_auto/league/fd5jmocmvxp7lo6wf1rp",2023,REG,DET,1,0,0,0,0,0,0,0,0,0,0,0,0,,,0,,0,0,0,0,0,0,0,0,0,0,,0,0,0,0,0,0,0,0,0,0,0,0,0,0,,0,0,0,0,0,,0.0,0.0,0.0,0,0,0,0,0,0,0,0.0,0.0,0,0,0,0,0,0,0,0,0,0,0,0,0,1,10,0,0,0,0,0,0,0,0,0,0,0,0,0,,,0,0,0,0,0,0,0,0,0,0,0,0,,,,0,0,0,0,0,0,0,,0,0,0,0,,0,0,,0,0,0,0,0,0,0,0,0,0,0.0,0.0
00-0038593,O.Oluwatimi,Olu Oluwatimi,C,OL,"https://static.www.nfl.com/image/upload/f_auto,q_auto/league/tckr2bfo3rzwbhzuppsh",2023,REG,SEA,1,0,0,0,0,0,0,0,0,0,0,0,0,,,0,,0,0,0,0,0,0,0,0,0,0,,0,0,0,0,0,0,0,0,0,0,0,0,0,0,,0,0,0,0,0,,0.0,0.0,0.0,0,0,0,0,0,0,0,0.0,0.0,0,0,0,0,0,0,0,0,0,0,0,0,0,1,5,0,0,0,0,0,0,0,0,0,0,0,0,0,,,0,0,0,0,0,0,0,0,0,0,0,0,,,,0,0,0,0,0,0,0,,0,0,0,0,,0,0,,0,0,0,0,0,0,0,0,0,0,0.0,0.0
00-0038594,D.Luter,Darrell Luter Jr.,CB,DB,"https://static.www.nfl.com/image/upload/f_auto,q_auto/league/c7i5bj3inrno1uvjxwv4",2023,REG,SF,3,0,0,0,0,0,0,0,0,0,0,0,0,,,0,,0,0,0,0,0,0,0,0,0,0,,0,0,0,0,0,0,0,0,0,0,0,0,0,0,,0,0,0,0,0,,0.0,0.0,0.0,0,2,2,3,0,0,0,0.0,0.0,0,0,0,0,0,0,0,0,0,0,0,0,0,0,0,0,0,0,0,0,0,0,0,0,0,0,0,0,,,0,0,0,0,0,0,0,0,0,0,0,0,,,,0,0,0,0,0,0,0,,0,0,0,0,,0,0,,0,0,0,0,0,0,0,0,0,0,0.0,0.0
00-0038596,A.Johnson,Antonio Johnson,SAF,DB,"https://static.www.nfl.com/image/upload/f_auto,q_auto/league/zpd9kentvqmeamoeg6g1",2023,REG,JAX,10,0,0,0,0,0,0,0,0,0,0,0,0,,,0,,0,0,0,0,0,0,0,0,0,0,,0,0,0,0,0,0,0,0,0,0,0,0,0,0,,0,0,0,0,0,,0.0,0.0,0.0,0,10,3,4,0,0,1,1.0,4.0,1,2,50,3,0,0,0,0,0,0,0,0,0,1,15,0,0,0,0,0,0,0,0,0,0,0,0,0,,,0,0,0,0,0,0,0,0,0,0,0,0,,,,0,0,0,0,0,0,0,,0,0,0,0,,0,0,,0,0,0,0,0,0,0,0,0,0,0.0,0.0
00-0038597,C.Brown,Chase Brown,RB,RB,"https://static.www.nfl.com/image/upload/f_auto,q_auto/league/pv3sq3uzosixxexbznq5",2023,REG,CIN,12,0,0,0,0,0,0,0,0,0,0,0,0,,,0,,0,0,0,0,44,179,0,1,0,6,-9.011016155281297,0,5,4,2,0,14,15,156,1,0,0,-45,194,4,6.435282231483143,0,5,3,2,1,-3.466666666666667,0.02533783783783784,-0.011603919546157814,0.029884013074446287,0,1,1,3,0,0,0,0.0,0.0,0,0,0,0,0,0,0,0,1,0,0,0,0,1,10,1,0,0,1,0,0,0,2,44,0,0,0,0,,,0,0,0,0,0,0,0,0,0,0,0,0,,,,0,0,0,0,0,0,0,,0,0,0,0,,0,0,,0,0,0,0,0,0,0,0,0,0,39.5,53.5
00-0038598,J.Hall,Jaren Hall,QB,QB,"https://static.www.nfl.com/image/upload/f_auto,q_auto/league/ki7jq97gzu1dv16hi4jq",2023,REG,MIN,3,13,20,168,0,1,4,-28,2,2,156,99,7,-12.676042797437358,0.45617301213113887,0,1.0769230769230769,6,5,2,1,6,14,0,0,0,0,-1.9660199251832182,0,0,0,0,0,0,0,0,0,0,0,0,0,0,,0,0,0,0,0,,0.0,0.0,0.0,0,0,0,0,0,0,0,0.0,0.0,0,0,0,0,0,0,0,0,0,0,0,0,0,0,0,2,0,0,2,2,0,0,0,0,0,0,0,0,,,0,0,0,0,0,0,0,0,0,0,0,0,,,,0,0,0,0,0,0,0,,0,0,0,0,,0,0,,0,0,0,0,0,0,0,0,0,0,2.12,2.12
00-0038599,H.To'oTo'o,Henry To'oTo'o,LB,LB,"https://static.www.nfl.com/image/upload/f_auto,q_auto/league/epsdr0zqlm2vrhizwama",2023,REG,HOU,14,0,0,0,0,0,0,0,0,0,0,0,0,,,0,,0,0,0,0,0,0,0,0,0,0,,0,0,0,0,0,0,0,0,0,0,0,0,0,0,,0,0,0,0,0,,0.0,0.0,0.0,0,28,7,26,2,4,1,0.0,0.0,1,0,0,2,0,0,0,0,0,0,1,0,0,1,5,0,0,0,0,0,0,0,0,0,0,0,0,0,,,0,0,0,0,0,0,0,0,0,0,0,0,,,,0,0,0,0,0,0,0,,0,0,0,0,,0,0,,0,0,0,0,0,0,0,0,0,0,0.0,0.0
00-0038600,O.Pappoe,Owen Pappoe,LB,LB,"https://static.www.nfl.com/image/upload/f_auto,q_auto/league/in0wnyee7iv62hkgvnhf",2023,REG,ARI,10,0,0,0,0,0,0,0,0,0,0,0,0,,,0,,0,0,0,0,0,0,0,0,0,0,,0,0,0,0,0,0,0,0,0,0,0,0,0,0,,0,0,0,0,0,,0.0,0.0,0.0,0,5,0,6,0,0,0,0.0,0.0,1,0,0,1,0,0,0,0,0,0,0,0,0,2,15,0,0,0,0,0,0,0,0,0,0,0,0,0,,,0,0,0,0,0,0,0,0,0,0,0,0,,,,0,0,0,0,0,0,0,,0,0,0,0,,0,0,,0,0,0,0,0,0,0,0,0,0,0.0,0.0
00-0038602,C.Smith,Chris Smith II,S,DB,"https://static.www.nfl.com/image/upload/f_auto,q_auto/league/vada29u8cv7aooueespg",2023,REG,LV,1,0,0,0,0,0,0,0,0,0,0,0,0,,,0,,0,0,0,0,0,0,0,0,0,0,,0,0,0,0,0,0,0,0,0,0,0,0,0,0,,0,0,0,0,0,,0.0,0.0,0.0,0,1,0,0,0,0,0,0.0,0.0,0,0,0,0,0,0,0,0,0,0,0,0,0,0,0,0,0,0,0,0,0,0,0,0,0,0,0,0,,,0,0,0,0,0,0,0,0,0,0,0,0,,,,0,0,0,0,0,0,0,,0,0,0,0,,0,0,,0,0,0,0,0,0,0,0,0,0,0.0,0.0
00-0038603,R.Beal,Robert Beal Jr.,DE,DL,"https://static.www.nfl.com/image/upload/f_auto,q_auto/league/yuxokzgzu2p3o68w0wfx",2023,REG,SF,3,0,0,0,0,0,0,0,0,0,0,0,0,,,0,,0,0,0,0,0,0,0,0,0,0,,0,0,0,0,0,0,0,0,0,0,0,0,0,0,,0,0,0,0,0,,0.0,0.0,0.0,0,2,0,3,1,7,0,1.0,7.0,1,0,0,0,0,0,0,0,0,0,0,0,0,0,0,0,0,0,0,0,0,0,0,0,0,0,0,0,,,0,0,0,0,0,0,0,0,0,0,0,0,,,,0,0,0,0,0,0,0,,0,0,0,0,,0,0,,0,0,0,0,0,0,0,0,0,0,0.0,0.0
00-0038606,P.Washington,Parker Washington,WR,WR,"https://static.www.nfl.com/image/upload/f_auto,q_auto/league/sqgxayp6nrrpvwonksdm",2023,REG,JAX,8,0,0,0,0,0,0,0,0,0,0,0,0,,,0,,0,0,0,0,0,0,0,0,0,0,,0,0,0,0,0,16,21,132,2,1,1,155,34,5,-1.5196061322349124,0,5,2,0,0,0.8516129032258064,0.03459637561779242,0.03111824934752058,0.07367733796995304,0,0,0,0,0,0,0,0.0,0.0,0,0,0,0,0,1,0,0,2,-1,0,0,0,0,0,1,1,0,2,1,12,126,2,51,0,0,0,0,,,0,0,0,0,0,0,0,0,0,0,0,0,,,,0,0,0,0,0,0,0,,0,0,0,0,,0,0,,0,0,0,0,0,0,0,0,0,0,23.200000000000003,39.2
00-0038607,J.Duncan,Jaelyn Duncan,OT,OL,"https://static.www.nfl.com/image/upload/f_auto,q_auto/league/ndqy0svsgab2tcuflu3x",2023,REG,TEN,3,0,0,0,0,0,0,0,0,0,0,0,0,,,0,,0,0,0,0,0,0,0,0,0,0,,0,0,0,0,0,0,0,0,0,0,0,0,0,0,,0,0,0,0,0,,0.0,0.0,0.0,0,0,0,0,0,0,0,0.0,0.0,0,0,0,0,0,0,0,0,0,0,0,0,0,4,25,0,0,0,0,0,0,0,0,0,0,0,0,0,,,0,0,0,0,0,0,0,0,0,0,0,0,,,,0,0,0,0,0,0,0,,0,0,0,0,,0,0,,0,0,0,0,0,0,0,0,0,0,0.0,0.0
00-0038608,K.Boutte,Kayshon Boutte,WR,WR,"https://static.www.nfl.com/image/upload/f_auto,q_auto/league/mg4icjqhwhnc5uobmau5",2023,REG,NE,3,0,0,0,0,0,0,0,0,0,0,0,0,,,0,,0,0,0,0,0,0,0,0,0,0,,0,0,0,0,0,2,7,19,0,0,0,125,10,1,-2.6910366584779695,0,1,0,0,0,0.152,0.012939001848428836,0.030517578125,0.040770807460143256,0,0,0,0,0,0,0,0.0,0.0,0,0,0,0,0,0,0,0,0,0,0,0,0,0,0,0,0,0,0,0,0,0,0,0,0,0,0,0,,,0,0,0,0,0,0,0,0,0,0,0,0,,,,0,0,0,0,0,0,0,,0,0,0,0,,0,0,,0,0,0,0,0,0,0,0,0,0,1.9000000000000001,3.9000000000000004
00-0038609,L.Wypler,Luke Wypler,C,OL,"https://static.www.nfl.com/image/upload/f_auto,q_auto/league/alkthyatyuxkudodqhke",2023,REG,CLE,1,0,0,0,0,0,0,0,0,0,0,0,0,,,0,,0,0,0,0,0,0,0,0,0,0,,0,0,0,0,0,0,0,0,0,0,0,0,0,0,,0,0,0,0,0,,0.0,0.0,0.0,0,1,0,0,0,0,0,0.0,0.0,0,0,0,0,0,0,0,0,0,0,0,0,0,0,0,0,0,0,0,0,0,0,0,0,0,0,0,0,,,0,0,0,0,0,0,0,0,0,0,0,0,,,,0,0,0,0,0,0,0,,0,0,0,0,,0,0,,0,0,0,0,0,0,0,0,0,0,0.0,0.0
00-0038610,B.Baringer,Bryce Baringer,P,SPEC,"https://static.www.nfl.com/image/upload/f_auto,q_auto/league/chin7dbgay28deurzjbb",2023,REG,NE,17,0,0,0,0,0,0,0,0,0,0,0,0,,,0,,0,0,0,0,0,0,0,0,0,0,,0,0,0,0,0,0,0,0,0,0,0,0,0,0,,0,0,0,0,0,,0.0,0.0,0.0,0,1,0,0,0,0,0,0.0,0.0,0,0,0,0,0,0,0,0,1,0,0,0,0,0,0,0,0,0,0,0,0,0,0,0,0,0,0,0,,,0,0,0,0,0,0,0,0,0,0,0,0,,,,0,0,0,0,0,0,0,,0,0,0,0,,98,0,79,4598,38,14,8,8,24,44,439,0,3999,0.0,0.0
00-0038611,C.Rodriguez,Chris Rodriguez Jr.,RB,RB,"https://static.www.nfl.com/image/upload/f_auto,q_auto/league/z5nbh1nza9je683o17h1",2023,REG,WAS,9,0,0,0,0,0,0,0,0,0,0,0,0,,,0,,0,0,0,0,51,247,2,1,1,14,-3.4841602042724844,0,9,6,0,0,2,2,12,0,0,0,-7,19,1,0.45433003921061754,0,0,0,0,0,-1.7142857142857142,0.0033277870216306157,-0.0014684287812041115,0.003963780385603045,0,1,0,0,0,0,0,0.0,0.0,0,0,0,0,0,0,0,0,0,0,0,0,0,0,0,1,0,0,1,1,0,0,0,0,0,0,0,0,,,0,0,0,0,0,0,0,0,0,0,0,0,,,,0,0,0,0,0,0,0,,0,0,0,0,,0,0,,0,0,0,0,0,0,0,0,0,0,35.900000000000006,37.900000000000006
00-0038612,A.Perry,A.T. Perry,WR,WR,"https://static.www.nfl.com/image/upload/f_auto,q_auto/league/ctnvhmwcin0vif2gunca",2023,REG,NO,8,0,0,0,0,0,0,0,0,0,0,0,0,,,0,,0,0,0,0,0,0,0,0,0,0,,0,0,0,0,0,12,18,246,4,0,0,293,20,10,19.071494034456784,0,9,8,5,1,0.8395904436860068,0.031088082901554404,0.05841307814992026,0.08752127905727577,0,1,0,0,0,0,0,0.0,0.0,0,0,0,0,0,0,0,0,1,0,0,0,0,0,0,0,0,0,0,0,0,0,0,0,0,0,0,0,,,0,0,0,0,0,0,0,0,0,0,0,0,,,,0,0,0,0,0,0,0,,0,0,0,0,,0,0,,0,0,0,0,0,0,0,0,0,0,48.6,60.6
00-0038613,Je.Reed,Jerrick Reed II,SAF,DB,"https://static.www.nfl.com/image/upload/f_auto,q_auto/league/jdg6nd5cot2srdfixjnv",2023,REG,SEA,7,0,0,0,0,0,0,0,0,0,0,0,0,,,0,,0,0,0,0,0,0,0,0,0,0,,0,0,0,0,0,0,0,0,0,0,0,0,0,0,,0,0,0,0,0,,0.0,0.0,0.0,0,7,2,2,0,0,0,0.0,0.0,0,0,0,0,0,0,0,0,0,0,0,0,0,0,0,0,0,0,0,0,0,0,0,0,0,0,0,0,,,0,0,0,0,0,0,0,0,0,0,0,0,,,,0,0,0,0,0,0,0,,0,0,0,0,,0,0,,0,0,0,0,0,0,0,0,0,0,0.0,0.0
00-0038614,S.Matlock,Scott Matlock,DT,DL,"https://static.www.nfl.com/image/upload/f_auto,q_auto/league/cuk2ssb69ywuhputouz8",2023,REG,LAC,9,0,0,0,0,0,0,0,0,0,0,0,0,,,0,,0,0,0,0,0,0,0,0,0,0,,0,0,0,0,0,0,0,0,0,0,0,0,0,0,,0,0,0,0,0,,0.0,0.0,0.0,0,5,1,9,1,1,0,0.0,0.0,1,0,0,0,0,0,0,0,0,0,0,0,0,0,0,0,0,0,0,0,0,0,0,0,0,0,0,0,,,0,0,0,0,0,0,0,0,0,0,0,0,,,,0,0,0,0,0,0,0,,0,0,0,0,,0,0,,0,0,0,0,0,0,0,0,0,0,0.0,0.0
00-0038615,J.Patterson,Jarrett Patterson,C,OL,"https://static.www.nfl.com/image/upload/f_auto,q_auto/league/etaxd4fgrxgfeygli9af",2023,REG,HOU,2,0,0,0,0,0,0,0,0,0,0,0,0,,,0,,0,0,0,0,0,0,0,0,0,0,,0,0,0,0,0,0,0,0,0,0,0,0,0,0,,0,0,0,0,0,,0.0,0.0,0.0,0,0,0,0,0,0,0,0.0,0.0,0,0,0,0,0,0,0,0,0,0,0,0,0,1,5,0,1,0,1,0,0,0,0,0,0,0,0,0,,,0,0,0,0,0,0,0,0,0,0,0,0,,,,0,0,0,0,0,0,0,,0,0,0,0,,0,0,,0,0,0,0,0,0,0,0,0,0,0.0,0.0
00-0038617,A.Burney,Amari Burney,LB,LB,"https://static.www.nfl.com/image/upload/f_auto,q_auto/league/ppsvzbopjgq7uc57e8hp",2023,REG,LV,4,0,0,0,0,0,0,0,0,0,0,0,0,,,0,,0,0,0,0,0,0,0,0,0,0,,0,0,0,0,0,0,0,0,0,0,0,0,0,0,,0,0,0,0,0,,0.0,0.0,0.0,0,9,1,5,0,0,0,0.0,0.0,0,0,0,0,0,0,0,0,0,0,0,0,0,0,0,0,0,0,0,0,0,0,0,0,0,0,0,0,,,0,0,0,0,0,0,0,0,0,0,0,0,,,,0,0,0,0,0,0,0,,0,0,0,0,,0,0,,0,0,0,0,0,0,0,0,0,0,0.0,0.0
00-0038618,X.Hutchinson,Xavier Hutchinson,WR,WR,"https://static.www.nfl.com/image/upload/f_auto,q_auto/league/hv3mfhadliph08b4pl4s",2023,REG,HOU,12,0,0,0,0,0,0,0,0,0,0,0,0,,,0,,0,0,0,0,5,49,0,0,0,3,2.8702967594144866,0,3,3,0,0,8,19,90,0,0,0,216,20,3,-6.574253347999138,0,2,2,1,0,0.4166666666666667,0.03356890459363958,0.04172300560169983,0.07955946081164925,0,2,0,0,0,0,0,0.0,0.0,0,0,0,0,0,0,0,0,0,0,0,0,0,3,20,0,0,0,0,0,0,0,0,0,0,0,0,0,,,0,0,0,0,0,0,0,0,0,0,0,0,,,,0,0,0,0,0,0,0,,0,0,0,0,,0,0,,0,0,0,0,0,0,0,0,0,0,13.9,21.9
00-0038619,A.Iosivas,Andrei Iosivas,WR,WR,"https://static.www.nfl.com/image/upload/f_auto,q_auto/league/zvanfldklpds1gp08bsp",2023,REG,CIN,11,0,0,0,0,0,0,0,0,0,0,0,0,,,0,,0,0,0,0,0,0,0,0,0,0,,0,0,0,0,0,15,25,116,4,0,0,215,35,11,5.361129631346557,0,4,1,0,0,0.5395348837209303,0.04222972972972973,0.055440948942754,0.1021532588545224,0,3,0,1,0,0,0,0.0,0.0,0,0,0,0,0,0,0,0,0,0,0,0,0,0,0,0,0,0,0,0,1,0,0,0,0,0,0,0,,,0,0,0,0,0,0,0,0,0,0,0,0,,,,0,0,0,0,0,0,0,,0,0,0,0,,0,0,,0,0,0,0,0,0,0,0,0,0,35.6,50.6
00-0038621,D.Douglas,DeMario Douglas,WR,WR,"https://static.www.nfl.com/image/upload/f_auto,q_auto/league/almsm6nmovpasu8ts9u3",2023,REG,NE,14,0,0,0,0,0,0,0,0,0,0,0,0,,,0,,0,0,0,0,8,41,0,0,0,2,1.0250696777366102,0,1,1,1,0,49,79,561,0,1,1,648,336,26,-5.602887880623224,0,26,12,6,2,0.8657407407407407,0.14602587800369685,0.158203125,0.32978100450554526,0,1,0,0,0,0,0,0.0,0.0,0,0,0,0,0,2,0,0,1,0,0,0,0,2,25,2,1,1,3,1,11,56,0,0,0,0,0,0,,,0,0,0,0,0,0,0,0,0,0,0,0,,,,0,0,0,0,0,0,0,,0,0,0,0,,0,0,,0,0,0,0,0,0,0,0,0,0,58.2,107.2
00-0038622,D.Vaughn,Deuce Vaughn,RB,RB,"https://static.www.nfl.com/image/upload/f_auto,q_auto/league/z8lnunc6vvq9qlnidaw3",2023,REG,DAL,6,0,0,0,0,0,0,0,0,0,0,0,0,,,0,,0,0,0,0,23,40,0,0,0,1,-12.909250165859703,0,1,1,0,0,7,7,40,0,0,0,-6,46,1,0.7451961804763414,0,3,0,0,0,-6.666666666666667,0.011570247933884297,-0.0012515644555694619,0.016479276781927822,0,0,0,0,0,0,0,0.0,0.0,0,0,0,0,0,0,0,0,0,0,0,0,0,0,0,0,0,0,0,0,4,19,0,0,0,0,0,0,,,0,0,0,0,0,0,0,0,0,0,0,0,,,,0,0,0,0,0,0,0,,0,0,0,0,,0,0,,0,0,0,0,0,0,0,0,0,0,8.0,15.0
00-0038623,D.Stills,Dante Stills,DT,DL,"https://static.www.nfl.com/image/upload/f_auto,q_auto/league/aqvvpt76ifof0r42hsgg",2023,REG,ARI,14,0,0,0,0,0,0,0,0,0,0,0,0,,,0,,0,0,0,0,0,0,0,0,0,0,,0,0,0,0,0,0,0,0,0,0,0,0,0,0,,0,0,0,0,0,,0.0,0.0,0.0,0,15,3,29,4,27,0,3.5,25.0,5,0,0,0,0,0,0,0,0,0,1,0,0,1,7,0,0,0,0,0,0,0,0,0,0,0,0,0,,,0,0,0,0,0,0,0,0,0,0,0,0,,,,0,0,0,0,0,0,0,,0,0,0,0,,0,0,,0,0,0,0,0,0,0,0,0,0,0.0,0.0
00-0038624,A.Speed,Ameer Speed,CB,DB,"https://static.www.nfl.com/image/upload/f_auto,q_auto/league/o9d89l2prvb5k7uawpzi",2023,REG,IND,7,0,0,0,0,0,0,0,0,0,0,0,0,,,0,,0,0,0,0,0,0,0,0,0,0,,0,0,0,0,0,0,0,0,0,0,0,0,0,0,,0,0,0,0,0,,0.0,0.0,0.0,0,8,0,1,1,23,0,0.0,0.0,0,0,0,0,0,0,1,0,0,0,0,0,0,1,4,0,0,0,0,0,0,0,0,0,0,0,0,0,,,0,0,0,0,0,0,0,0,0,0,0,0,,,,0,0,0,0,0,0,0,,0,0,0,0,,0,0,,0,0,0,0,0,0,0,0,0,0,0.0,0.0
00-0038625,D.Winters,Dee Winters,LB,LB,"https://static.www.nfl.com/image/upload/f_auto,q_auto/league/uq6qbsrwlkhnu7lsrejj",2023,REG,SF,9,0,0,0,0,0,0,0,0,0,0,0,0,,,0,,0,0,0,0,0,0,0,0,0,0,,0,0,0,0,0,0,0,0,0,0,0,0,0,0,,0,0,0,0,0,,0.0,0.0,0.0,0,6,0,4,0,0,0,0.0,0.0,0,0,0,1,0,0,0,0,0,0,0,0,0,0,0,0,0,0,0,0,0,0,0,0,0,0,0,0,,,0,0,0,0,0,0,0,0,0,0,0,0,,,,0,0,0,0,0,0,0,,0,0,0,0,,0,0,,0,0,0,0,0,0,0,0,0,0,0.0,0.0
00-0038626,B.Robbins,Brad Robbins,P,SPEC,"https://static.www.nfl.com/image/upload/f_auto,q_auto/league/vhvczed44djnv8vrfwly",2023,REG,CIN,17,0,0,0,0,0,0,0,0,0,0,0,0,,,0,,0,0,0,0,0,0,0,0,0,0,,0,0,0,0,0,0,0,0,0,0,0,0,0,0,,0,0,0,0,0,,0.0,0.0,0.0,0,1,0,0,0,0,0,0.0,0.0,0,0,0,0,0,0,0,0,0,0,0,0,0,0,0,0,0,0,0,0,0,0,0,0,0,0,0,0,,,0,0,0,0,0,0,0,0,0,0,0,0,,,,0,0,0,0,0,0,0,,0,0,0,0,,76,0,62,3318,20,8,8,5,26,29,203,0,3015,0.0,0.0
00-0038627,A.Green,Antoine Green,WR,WR,"https://static.www.nfl.com/image/upload/f_auto,q_auto/league/x5jwwdjpwiwe5sdtjzsd",2023,REG,DET,2,0,0,0,0,0,0,0,0,0,0,0,0,,,0,,0,0,0,0,0,0,0,0,0,0,,0,0,0,0,0,1,2,2,0,0,0,11,1,0,-3.5383273064508103,0,0,0,0,0,0.18181818181818182,0.003484320557491289,0.0026921194322075378,0.00711096443878221,0,0,0,0,0,0,0,0.0,0.0,0,0,0,0,0,0,0,0,0,0,0,0,0,0,0,0,0,0,0,0,0,0,0,0,0,0,0,0,,,0,0,0,0,0,0,0,0,0,0,0,0,,,,0,0,0,0,0,0,0,,0,0,0,0,,0,0,,0,0,0,0,0,0,0,0,0,0,0.2,1.2
00-0038628,D.Hellams,DeMarcco Hellams,SAF,DB,"https://static.www.nfl.com/image/upload/f_auto,q_auto/league/sgwgvm0vfhjzx2skseii",2023,REG,ATL,11,0,0,0,0,0,0,0,0,0,0,0,0,,,0,,0,0,0,0,0,0,0,0,0,0,,0,0,0,0,0,0,0,0,0,0,0,0,0,0,,0,0,0,0,0,,0.0,0.0,0.0,0,22,3,15,1,1,0,0.0,0.0,1,0,0,0,0,0,0,0,0,0,0,0,0,3,42,0,0,0,0,0,0,0,0,0,0,0,0,0,,,0,0,0,0,0,0,0,0,0,0,0,0,,,,0,0,0,0,0,0,0,,0,0,0,0,,0,0,,0,0,0,0,0,0,0,0,0,0,0.0,0.0
00-0038632,C.Dowell,Colton Dowell,WR,WR,"https://static.www.nfl.com/image/upload/f_auto,q_auto/league/asnykoet55r5qhhewijc",2023,REG,TEN,4,0,0,0,0,0,0,0,0,0,0,0,0,,,0,,0,0,0,0,0,0,0,0,0,0,,0,0,0,0,0,1,2,3,0,0,0,40,0,0,-2.652739236073103,0,0,0,0,0,0.075,0.0041841004184100415,0.008754650908295032,0.012404406263421583,0,3,0,1,0,0,0,0.0,0.0,0,0,0,0,0,0,0,0,0,0,0,0,0,0,0,0,0,0,0,0,0,0,0,0,0,0,0,0,,,0,0,0,0,0,0,0,0,0,0,0,0,,,,0,0,0,0,0,0,0,,0,0,0,0,,0,0,,0,0,0,0,0,0,0,0,0,0,0.30000000000000004,1.3
00-0038634,N.Silvera,Nesta Jade Silvera,DT,DL,"https://static.www.nfl.com/image/upload/f_auto,q_auto/league/bkxlwccg77a4trgxflfh",2023,REG,LV,2,0,0,0,0,0,0,0,0,0,0,0,0,,,0,,0,0,0,0,0,0,0,0,0,0,,0,0,0,0,0,0,0,0,0,0,0,0,0,0,,0,0,0,0,0,,0.0,0.0,0.0,0,1,0,1,0,0,0,0.0,0.0,0,0,0,0,0,0,0,0,0,0,0,0,0,0,0,0,0,0,0,0,0,0,0,0,0,0,0,0,,,0,0,0,0,0,0,0,0,0,0,0,0,,,,0,0,0,0,0,0,0,,0,0,0,0,,0,0,,0,0,0,0,0,0,0,0,0,0,0.0,0.0
00-0038635,A.Jones,Andre Jones Jr.,LB,LB,"https://static.www.nfl.com/image/upload/f_auto,q_auto/league/gom8feliopfzca4zgdqs",2023,REG,WAS,4,0,0,0,0,0,0,0,0,0,0,0,0,,,0,,0,0,0,0,0,0,0,0,0,0,,0,0,0,0,0,0,0,0,0,0,0,0,0,0,,0,0,0,0,0,,0.0,0.0,0.0,0,1,0,3,0,0,0,0.0,0.0,0,0,0,3,0,0,0,0,0,0,0,0,0,0,0,0,0,0,0,0,0,0,0,0,0,0,0,0,,,0,0,0,0,0,0,0,0,0,0,0,0,,,,0,0,0,0,0,0,0,,0,0,0,0,,0,0,,0,0,0,0,0,0,0,0,0,0,0.0,0.0
00-0038640,J.Brooks,Jalen Brooks,WR,WR,"https://static.www.nfl.com/image/upload/f_auto,q_auto/league/drpljzij7e0e9ojwf0cq",2023,REG,DAL,3,0,0,0,0,0,0,0,0,0,0,0,0,,,0,,0,0,0,0,0,0,0,0,0,0,,0,0,0,0,0,6,6,64,0,0,0,36,28,4,3.8548707699228544,0,3,1,1,0,1.7777777777777777,0.009917355371900827,0.007509386733416771,0.02013260377124298,0,0,0,0,0,0,0,0.0,0.0,0,0,0,0,0,0,0,0,0,0,0,0,0,0,0,0,0,0,0,0,0,0,0,0,0,0,0,0,,,0,0,0,0,0,0,0,0,0,0,0,0,,,,0,0,0,0,0,0,0,,0,0,0,0,,0,0,,0,0,0,0,0,0,0,0,0,0,6.4,12.4
00-0038642,D.Ivey,D.J. Ivey,CB,DB,"https://static.www.nfl.com/image/upload/f_auto,q_auto/league/bgycp6whsc4bd61aumsq",2023,REG,CIN,3,0,0,0,0,0,0,0,0,0,0,0,0,,,0,,0,0,0,0,0,0,0,0,0,0,,0,0,0,0,0,0,0,0,0,0,0,0,0,0,,0,0,0,0,0,,0.0,0.0,0.0,0,2,1,0,0,0,0,0.0,0.0,0,0,0,1,0,0,0,0,0,0,1,0,0,0,0,0,0,0,0,0,0,0,0,0,0,0,0,0,,,0,0,0,0,0,0,0,0,0,0,0,0,,,,0,0,0,0,0,0,0,,0,0,0,0,,0,0,,0,0,0,0,0,0,0,0,0,0,0.0,0.0
00-0038643,B.Willis,Brayden Willis,TE,TE,"https://static.www.nfl.com/image/upload/f_auto,q_auto/league/pz1nzzfellquco7nk65e",2023,REG,SF,1,0,0,0,0,0,0,0,0,0,0,0,0,,,0,,0,0,0,0,0,0,0,0,0,0,,0,0,0,0,0,0,0,0,0,0,0,0,0,0,,0,0,0,0,0,,0.0,0.0,0.0,0,0,1,0,0,0,0,0.0,0.0,0,0,0,0,0,0,0,0,0,0,0,0,0,0,0,0,0,0,0,0,0,0,0,0,0,0,0,0,,,0,0,0,0,0,0,0,0,0,0,0,0,,,,0,0,0,0,0,0,0,,0,0,0,0,,0,0,,0,0,0,0,0,0,0,0,0,0,0.0,0.0
00-0038646,A.Austin,Alex Austin,CB,DB,"https://static.www.nfl.com/image/upload/f_auto,q_auto/league/vtgwc8celooprxtaqlb6",2023,REG,NE,4,0,0,0,0,0,0,0,0,0,0,0,0,,,0,,0,0,0,0,0,0,0,0,0,0,,0,0,0,0,0,0,0,0,0,0,0,0,0,0,,0,0,0,0,0,,0.0,0.0,0.0,0,6,1,2,0,0,0,0.0,0.0,0,1,0,2,0,0,0,0,0,0,0,0,0,2,10,0,0,0,0,0,0,0,0,0,0,0,0,0,,,0,0,0,0,0,0,0,0,0,0,0,0,,,,0,0,0,0,0,0,0,,0,0,0,0,,0,0,,0,0,0,0,0,0,0,0,0,0,0.0,0.0
00-0038647,R.Bell,Ronnie Bell,WR,WR,"https://static.www.nfl.com/image/upload/f_auto,q_auto/league/iz3uiudpv80vgvgjzzej",2023,REG,SF,13,0,0,0,0,0,0,0,0,0,0,0,0,,,0,,0,0,0,0,0,0,0,0,0,0,,0,0,0,0,0,6,13,68,3,0,0,160,10,5,6.735426280842981,0,3,1,1,0,0.425,0.027600849256900213,0.039820806371329016,0.06927583834528063,0,2,0,1,0,0,0,0.0,0.0,0,0,0,0,0,1,0,0,0,0,1,0,0,2,15,0,1,1,1,0,10,70,1,0,0,0,0,0,,,0,0,0,0,0,0,0,0,0,0,0,0,,,,0,0,0,0,0,0,0,,0,0,0,0,,0,0,,0,0,0,0,0,0,0,0,0,0,24.8,30.8
00-0038648,J.Graham,Jalen Graham,LB,LB,"https://static.www.nfl.com/image/upload/f_auto,q_auto/league/oxlmlst1qeq1wi0hq0j6",2023,REG,SF,1,0,0,0,0,0,0,0,0,0,0,0,0,,,0,,0,0,0,0,0,0,0,0,0,0,,0,0,0,0,0,0,0,0,0,0,0,0,0,0,,0,0,0,0,0,,0.0,0.0,0.0,0,1,0,0,0,0,0,0.0,0.0,0,0,0,0,0,0,0,0,0,0,0,0,0,0,0,0,0,0,0,0,0,0,0,0,0,0,0,0,,,0,0,0,0,0,0,0,0,0,0,0,0,,,,0,0,0,0,0,0,0,,0,0,0,0,,0,0,,0,0,0,0,0,0,0,0,0,0,0.0,0.0
00-0038653,C.Durden,Cory Durden,DT,DL,"https://static.www.nfl.com/image/upload/f_auto,q_auto/league/cdqrqnmvljjdupjz9wgc",2023,REG,LA,3,0,0,0,0,0,0,0,0,0,0,0,0,,,0,,0,0,0,0,0,0,0,0,0,0,,0,0,0,0,0,0,0,0,0,0,0,0,0,0,,0,0,0,0,0,,0.0,0.0,0.0,0,1,0,2,0,0,0,0.0,0.0,0,0,0,0,0,0,0,0,0,0,0,0,0,0,0,0,0,0,0,0,0,0,0,0,0,0,0,0,,,0,0,0,0,0,0,0,0,0,0,0,0,,,,0,0,0,0,0,0,0,,0,0,0,0,,0,0,,0,0,0,0,0,0,0,0,0,0,0.0,0.0
00-0038656,M.Ibrahim,Mohamed Ibrahim,RB,RB,"https://static.www.nfl.com/image/private/f_auto,q_auto/league/pza5mwdk8hlnkdxi03at",2023,REG,DET,1,0,0,0,0,0,0,0,0,0,0,0,0,,,0,,0,0,0,0,0,0,0,0,0,0,,0,0,0,0,0,0,0,0,0,0,0,0,0,0,,0,0,0,0,0,,0.0,0.0,0.0,0,0,0,0,0,0,0,0.0,0.0,0,0,0,0,0,0,0,0,0,0,0,0,0,0,0,0,0,0,0,0,0,0,1,22,0,0,0,0,,,0,0,0,0,0,0,0,0,0,0,0,0,,,,0,0,0,0,0,0,0,,0,0,0,0,,0,0,,0,0,0,0,0,0,0,0,0,0,0.0,0.0
00-0038660,T.Nowaske,Trevor Nowaske,LB,LB,"https://static.www.nfl.com/image/upload/f_auto,q_auto/league/kwj6mthtdunxiwdcogz2",2023,REG,DET,1,0,0,0,0,0,0,0,0,0,0,0,0,,,0,,0,0,0,0,0,0,0,0,0,0,,0,0,0,0,0,0,0,0,0,0,0,0,0,0,,0,0,0,0,0,,0.0,0.0,0.0,0,1,0,0,0,0,0,0.0,0.0,0,0,0,0,0,0,0,0,0,0,0,0,0,1,5,0,0,0,0,0,0,0,0,0,0,0,0,0,,,0,0,0,0,0,0,0,0,0,0,0,0,,,,0,0,0,0,0,0,0,,0,0,0,0,,0,0,,0,0,0,0,0,0,0,0,0,0,0.0,0.0
00-0038663,S.Thomas,Starling Thomas V,CB,DB,"https://static.www.nfl.com/image/upload/f_auto,q_auto/league/wep63sxqoqc3yyyo8hds",2023,REG,ARI,10,0,0,0,0,0,0,0,0,0,0,0,0,,,0,,0,0,0,0,0,0,0,0,0,0,,0,0,0,0,0,0,0,0,0,0,0,0,0,0,,0,0,0,0,0,,0.0,0.0,0.0,0,33,2,3,1,1,0,0.0,0.0,0,0,0,5,0,0,0,0,0,0,0,0,0,3,13,0,0,0,0,0,0,0,0,0,0,0,0,0,,,0,0,0,0,0,0,0,0,0,0,0,0,,,,0,0,0,0,0,0,0,,0,0,0,0,,0,0,,0,0,0,0,0,0,0,0,0,0,0.0,0.0
00-0038667,E.Cooks,Elijah Cooks,WR,WR,"https://static.www.nfl.com/image/upload/f_auto,q_auto/league/jdwpqogatij3pqncde1l",2023,REG,JAX,4,0,0,0,0,0,0,0,0,0,0,0,0,,,0,,0,0,0,0,0,0,0,0,0,0,,0,0,0,0,0,3,4,38,0,0,0,33,8,2,3.9043628774344454,0,2,1,1,0,1.1515151515151516,0.006589785831960461,0.006625175667536639,0.014522301715216339,0,0,0,0,0,0,0,0.0,0.0,0,0,0,0,0,0,0,0,0,0,0,0,0,2,20,0,0,0,0,0,0,0,0,0,0,0,0,0,,,0,0,0,0,0,0,0,0,0,0,0,0,,,,0,0,0,0,0,0,0,,0,0,0,0,,0,0,,0,0,0,0,0,0,0,0,0,0,3.8000000000000003,6.800000000000001
00-0038674,D.Wilson,Divaad Wilson,CB,DB,"https://static.www.nfl.com/image/upload/f_auto,q_auto/league/p98t3eilvrv5mgvlagcq",2023,REG,ARI,2,0,0,0,0,0,0,0,0,0,0,0,0,,,0,,0,0,0,0,0,0,0,0,0,0,,0,0,0,0,0,0,0,0,0,0,0,0,0,0,,0,0,0,0,0,,0.0,0.0,0.0,0,3,1,1,0,0,0,0.0,0.0,0,0,0,0,0,0,0,0,0,0,0,0,0,1,16,0,0,0,0,0,0,0,0,0,0,0,0,0,,,0,0,0,0,0,0,0,0,0,0,0,0,,,,0,0,0,0,0,0,0,,0,0,0,0,,0,0,,0,0,0,0,0,0,0,0,0,0,0.0,0.0
00-0038678,J.Mims,Jordan Mims,RB,RB,"https://static.www.nfl.com/image/upload/f_auto,q_auto/league/nvamfcrdqvkwtnpgmzdh",2023,REG,NO,2,0,0,0,0,0,0,0,0,0,0,0,0,,,0,,0,0,0,0,0,0,0,0,0,0,,0,0,0,0,0,0,2,0,0,0,0,10,0,0,-1.3712282797787338,0,0,0,0,0,0.0,0.0034542314335060447,0.001993620414673046,0.006576881440530199,0,0,0,1,0,0,0,0.0,0.0,0,0,0,0,0,0,0,0,0,0,0,0,0,0,0,0,0,0,0,0,0,0,0,0,0,0,0,0,,,0,0,0,0,0,0,0,0,0,0,0,0,,,,0,0,0,0,0,0,0,,0,0,0,0,,0,0,,0,0,0,0,0,0,0,0,0,0,0.0,0.0
00-0038684,E.Bonner,Ethan Bonner,CB,DB,"https://static.www.nfl.com/image/upload/f_auto,q_auto/league/dgnoznkjwxtrum7vg5oe",2023,REG,MIA,1,0,0,0,0,0,0,0,0,0,0,0,0,,,0,,0,0,0,0,0,0,0,0,0,0,,0,0,0,0,0,0,0,0,0,0,0,0,0,0,,0,0,0,0,0,,0.0,0.0,0.0,0,0,0,1,0,0,0,0.0,0.0,0,0,0,1,0,0,0,0,0,0,0,0,0,0,0,0,0,0,0,0,0,0,0,0,0,0,0,0,,,0,0,0,0,0,0,0,0,0,0,0,0,,,,0,0,0,0,0,0,0,,0,0,0,0,,0,0,,0,0,0,0,0,0,0,0,0,0,0.0,0.0
00-0038685,C.Brooks,Chris Brooks,RB,RB,"https://static.www.nfl.com/image/upload/f_auto,q_auto/league/nnwloijqopel4em6vfhb",2023,REG,MIA,3,0,0,0,0,0,0,0,0,0,0,0,0,,,0,,0,0,0,0,19,106,0,0,0,2,-3.3922051011468284,0,2,2,2,1,0,0,0,0,0,0,0,0,0,,0,0,0,0,0,,0.0,0.0,0.0,0,0,0,0,0,0,0,0.0,0.0,0,0,0,0,0,0,0,0,0,0,0,0,0,0,0,0,0,0,0,0,0,0,0,0,0,0,0,0,,,0,0,0,0,0,0,0,0,0,0,0,0,,,,0,0,0,0,0,0,0,,0,0,0,0,,0,0,,0,0,0,0,0,0,0,0,0,0,10.600000000000001,10.600000000000001
00-0038694,B.Pili,Brandon Pili,DT,DL,"https://static.www.nfl.com/image/upload/f_auto,q_auto/league/hwulhwha4dlvlwapdl4r",2023,REG,MIA,1,0,0,0,0,0,0,0,0,0,0,0,0,,,0,,0,0,0,0,0,0,0,0,0,0,,0,0,0,0,0,0,0,0,0,0,0,0,0,0,,0,0,0,0,0,,0.0,0.0,0.0,0,1,0,1,0,0,0,0.0,0.0,0,0,0,0,0,0,0,0,0,0,0,0,0,0,0,0,0,0,0,0,0,0,0,0,0,0,0,0,,,0,0,0,0,0,0,0,0,0,0,0,0,,,,0,0,0,0,0,0,0,,0,0,0,0,,0,0,,0,0,0,0,0,0,0,0,0,0,0.0,0.0
00-0038705,E.Demercado,Emari Demercado,RB,RB,"https://static.www.nfl.com/image/upload/f_auto,q_auto/league/jasnk9akri8eghfgolsn",2023,REG,ARI,11,0,0,0,0,0,0,0,0,0,0,0,0,,,0,,0,0,0,0,58,284,2,0,0,12,-5.2967349450051175,0,5,4,1,1,21,30,119,0,0,0,27,109,4,-14.946506310184343,0,4,1,1,0,4.407407407407407,0.05555555555555555,0.006450071667462972,0.0878483835005574,0,0,0,0,0,0,0,0.0,0.0,0,0,0,0,0,0,0,0,0,0,0,0,0,0,0,0,0,0,0,0,0,0,0,0,0,0,0,0,,,0,0,0,0,0,0,0,0,0,0,0,0,,,,0,0,0,0,0,0,0,,0,0,0,0,,0,0,,0,0,0,0,0,0,0,0,0,0,52.300000000000004,73.30000000000001
00-0038711,M.Diabate,Mohamoud Diabate,LB,LB,"https://static.www.nfl.com/image/upload/f_auto,q_auto/league/clvmbgcxk6mw8gqdzyxa",2023,REG,CLE,9,0,0,0,0,0,0,0,0,0,0,0,0,,,0,,0,0,0,0,0,0,0,0,0,0,,0,0,0,0,0,0,0,0,0,0,0,0,0,0,,0,0,0,0,0,,0.0,0.0,0.0,0,3,0,5,0,0,0,0.0,0.0,0,0,0,0,0,0,0,0,0,0,1,0,0,0,0,0,0,0,0,0,0,0,0,0,0,0,0,0,,,0,0,0,0,0,0,0,0,0,0,0,0,,,,0,0,0,0,0,0,0,,0,0,0,0,,0,0,,0,0,0,0,0,0,0,0,0,0,0.0,0.0
00-0038715,R.Hickman,Ronnie Hickman Jr.,SAF,DB,"https://static.www.nfl.com/image/upload/f_auto,q_auto/league/ds24p7j86p9mwshsjvbu",2023,REG,CLE,7,0,0,0,0,0,0,0,0,0,0,0,0,,,0,,0,0,0,0,0,0,0,0,0,0,,0,0,0,0,0,0,0,0,0,0,0,0,0,0,,0,0,0,0,0,,0.0,0.0,0.0,0,15,2,8,0,0,0,0.0,0.0,0,1,30,3,1,0,0,0,0,0,0,0,0,0,0,0,0,0,0,0,0,0,0,0,0,0,0,0,,,0,0,0,0,0,0,0,0,0,0,0,0,,,,0,0,0,0,0,0,0,,0,0,0,0,,0,0,,0,0,0,0,0,0,0,0,0,0,0.0,0.0
00-0038717,T.McCalister,Tanner McCalister,SAF,DB,"https://static.www.nfl.com/image/upload/f_auto,q_auto/league/qhx1wwej9q7ktxomelx1",2023,REG,CLE,1,0,0,0,0,0,0,0,0,0,0,0,0,,,0,,0,0,0,0,0,0,0,0,0,0,,0,0,0,0,0,0,0,0,0,0,0,0,0,0,,0,0,0,0,0,,0.0,0.0,0.0,0,1,0,1,0,0,0,0.0,0.0,0,0,0,0,0,0,0,0,0,0,0,0,0,0,0,0,0,0,0,0,0,0,0,0,0,0,0,0,,,0,0,0,0,0,0,0,0,0,0,0,0,,,,0,0,0,0,0,0,0,,0,0,0,0,,0,0,,0,0,0,0,0,0,0,0,0,0,0.0,0.0
00-0038719,C.Thomas,Charlie Thomas,LB,LB,,2023,REG,CLE,2,0,0,0,0,0,0,0,0,0,0,0,0,,,0,,0,0,0,0,0,0,0,0,0,0,,0,0,0,0,0,0,0,0,0,0,0,0,0,0,,0,0,0,0,0,,0.0,0.0,0.0,0,2,0,0,0,0,0,0.0,0.0,0,0,0,0,0,0,0,0,0,0,0,0,0,0,0,0,0,0,0,0,0,0,0,0,0,0,0,0,,,0,0,0,0,0,0,0,0,0,0,0,0,,,,0,0,0,0,0,0,0,,0,0,0,0,,0,0,,0,0,0,0,0,0,0,0,0,0,0.0,0.0
00-0038720,J.Hill,Julian Hill,TE,TE,"https://static.www.nfl.com/image/upload/f_auto,q_auto/league/yogwwyzq4sydycahhbgw",2023,REG,MIA,10,0,0,0,0,0,0,0,0,0,0,0,0,,,0,,0,0,0,0,0,0,0,0,0,0,,0,0,0,0,0,6,9,48,0,1,1,29,30,2,-4.413320557694417,0,2,1,0,0,1.6551724137931034,0.01639344262295082,0.006734788666976312,0.029304516001309646,0,0,0,0,0,0,0,0.0,0.0,0,0,0,0,0,0,0,0,0,0,0,0,0,5,43,1,0,0,1,1,0,0,0,0,0,0,0,0,,,0,0,0,0,0,0,0,0,0,0,0,0,,,,0,0,0,0,0,0,0,,0,0,0,0,,0,0,,0,0,0,0,0,0,0,0,0,0,2.8000000000000007,8.8
00-0038731,T.Bass,TJ Bass,OT,OL,"https://static.www.nfl.com/image/upload/f_auto,q_auto/league/hnmg3ncfxso056ybw5zz",2023,REG,DAL,1,0,0,0,0,0,0,0,0,0,0,0,0,,,0,,0,0,0,0,0,0,0,0,0,0,,0,0,0,0,0,0,0,0,0,0,0,0,0,0,,0,0,0,0,0,,0.0,0.0,0.0,0,0,0,0,0,0,0,0.0,0.0,0,0,0,0,0,0,0,0,0,0,0,0,0,1,10,0,0,0,0,0,0,0,0,0,0,0,0,0,,,0,0,0,0,0,0,0,0,0,0,0,0,,,,0,0,0,0,0,0,0,,0,0,0,0,,0,0,,0,0,0,0,0,0,0,0,0,0,0.0,0.0
00-0038737,I.Land,Isaiah Land,LB,LB,"https://static.www.nfl.com/image/upload/f_auto,q_auto/league/sskntoeekejhqz1wkbmj",2023,REG,IND,4,0,0,0,0,0,0,0,0,0,0,0,0,,,0,,0,0,0,0,0,0,0,0,0,0,,0,0,0,0,0,0,0,0,0,0,0,0,0,0,,0,0,0,0,0,,0.0,0.0,0.0,0,2,0,4,0,0,0,1.0,0.0,1,0,0,0,0,0,0,0,0,0,0,0,0,0,0,0,0,0,0,0,0,0,0,0,0,0,0,0,,,0,0,0,0,0,0,0,0,0,0,0,0,,,,0,0,0,0,0,0,0,,0,0,0,0,,0,0,,0,0,0,0,0,0,0,0,0,0,0.0,0.0
00-0038738,H.Luepke,Hunter Luepke,RB,RB,"https://static.www.nfl.com/image/upload/f_auto,q_auto/league/buachhzmd8p3hq2olwtf",2023,REG,DAL,10,0,0,0,0,0,0,0,0,0,0,0,0,,,0,,0,0,0,0,6,19,1,0,0,5,4.696443124208599,0,0,0,0,0,3,4,18,0,0,0,-2,16,1,-1.2384939483599737,0,1,0,0,0,-9.0,0.006611570247933884,-0.00041718815185648727,0.009625323665601284,0,3,0,1,0,0,0,0.0,0.0,0,0,0,0,0,0,0,0,0,0,0,0,0,0,0,0,0,0,0,0,0,0,2,15,0,0,0,0,,,0,0,0,0,0,0,0,0,0,0,0,0,,,,0,0,0,0,0,0,0,,0,0,0,0,,0,0,,0,0,0,0,0,0,0,0,0,0,9.7,12.7
00-0038742,T.Wheat,Tyrus Wheat,DE,DL,"https://static.www.nfl.com/image/upload/f_auto,q_auto/league/mismzdnqkzpufwxohzvf",2023,REG,DAL,3,0,0,0,0,0,0,0,0,0,0,0,0,,,0,,0,0,0,0,0,0,0,0,0,0,,0,0,0,0,0,0,0,0,0,0,0,0,0,0,,0,0,0,0,0,,0.0,0.0,0.0,0,1,1,1,0,0,0,0.0,0.0,0,0,0,0,0,0,0,0,0,0,0,0,0,1,5,0,0,0,0,0,0,0,0,0,0,0,0,0,,,0,0,0,0,0,0,0,0,0,0,0,0,,,,0,0,0,0,0,0,0,,0,0,0,0,,0,0,,0,0,0,0,0,0,0,0,0,0,0.0,0.0
00-0038752,J.Bobo,Jake Bobo,WR,WR,"https://static.www.nfl.com/image/upload/f_auto,q_auto/league/xkwlqqmn2dcjlyeywpw5",2023,REG,SEA,14,0,0,0,0,0,0,0,0,0,0,0,0,,,0,,0,0,0,0,1,3,1,0,0,1,0.7756043871340808,0,0,0,0,0,19,25,196,2,0,0,150,87,9,8.033546223537996,0,6,4,3,0,1.3066666666666666,0.04570383912248629,0.03639893229798592,0.09403501129231957,0,2,0,0,0,0,0,0.0,0.0,0,0,0,0,0,0,0,0,0,0,0,0,0,1,5,0,0,0,0,0,0,0,0,0,0,0,0,0,,,0,0,0,0,0,0,0,0,0,0,0,0,,,,0,0,0,0,0,0,0,,0,0,0,0,,0,0,,0,0,0,0,0,0,0,0,0,0,37.900000000000006,56.900000000000006
00-0038764,P.O'Connell,Patrick O'Connell,LB,LB,"https://static.www.nfl.com/image/upload/f_auto,q_auto/league/s5wok0ocqr8yc86xhucm",2023,REG,SEA,1,0,0,0,0,0,0,0,0,0,0,0,0,,,0,,0,0,0,0,0,0,0,0,0,0,,0,0,0,0,0,0,0,0,0,0,0,0,0,0,,0,0,0,0,0,,0.0,0.0,0.0,0,0,0,1,0,0,0,0.0,0.0,0,0,0,0,0,0,0,0,0,0,0,0,0,0,0,0,0,0,0,0,0,0,0,0,0,0,0,0,,,0,0,0,0,0,0,0,0,0,0,0,0,,,,0,0,0,0,0,0,0,,0,0,0,0,,0,0,,0,0,0,0,0,0,0,0,0,0,0.0,0.0
00-0038765,T.Okada,Ty Okada,SAF,DB,"https://static.www.nfl.com/image/upload/f_auto,q_auto/league/qnhwwei8cfomvdveuhg2",2023,REG,SEA,1,0,0,0,0,0,0,0,0,0,0,0,0,,,0,,0,0,0,0,0,0,0,0,0,0,,0,0,0,0,0,0,0,0,0,0,0,0,0,0,,0,0,0,0,0,,0.0,0.0,0.0,0,0,0,1,0,0,0,0.0,0.0,0,0,0,0,0,0,0,0,0,0,0,0,0,0,0,0,0,0,0,0,0,0,0,0,0,0,0,0,,,0,0,0,0,0,0,0,0,0,0,0,0,,,,0,0,0,0,0,0,0,,0,0,0,0,,0,0,,0,0,0,0,0,0,0,0,0,0,0.0,0.0
00-0038769,C.Stoll,Chris Stoll,LS,SPEC,"https://static.www.nfl.com/image/upload/f_auto,q_auto/league/lqeose8mmkyqtdnhirab",2023,REG,SEA,1,0,0,0,0,0,0,0,0,0,0,0,0,,,0,,0,0,0,0,0,0,0,0,0,0,,0,0,0,0,0,0,0,0,0,0,0,0,0,0,,0,0,0,0,0,,0.0,0.0,0.0,0,0,0,1,0,0,0,0.0,0.0,0,0,0,0,0,0,0,0,0,0,0,0,0,0,0,0,0,0,0,0,0,0,0,0,0,0,0,0,,,0,0,0,0,0,0,0,0,0,0,0,0,,,,0,0,0,0,0,0,0,,0,0,0,0,,0,0,,0,0,0,0,0,0,0,0,0,0,0.0,0.0
00-0038775,N.Jensen,Nash Jensen,G,OL,"https://static.www.nfl.com/image/upload/f_auto,q_auto/league/ud7qe9fw9yl5hrswc6h9",2023,REG,CAR,1,0,0,0,0,0,0,0,0,0,0,0,0,,,0,,0,0,0,0,0,0,0,0,0,0,,0,0,0,0,0,0,0,0,0,0,0,0,0,0,,0,0,0,0,0,,0.0,0.0,0.0,0,0,0,0,0,0,0,0.0,0.0,0,0,0,0,0,0,0,0,0,0,0,0,0,1,5,0,0,0,0,0,0,0,0,0,0,0,0,0,,,0,0,0,0,0,0,0,0,0,0,0,0,,,,0,0,0,0,0,0,0,,0,0,0,0,,0,0,,0,0,0,0,0,0,0,0,0,0,0.0,0.0
00-0038782,E.Leota,Eku Leota,LB,LB,"https://static.www.nfl.com/image/upload/f_auto,q_auto/league/omtbxuvxr6jedl4ukduv",2023,REG,CAR,3,0,0,0,0,0,0,0,0,0,0,0,0,,,0,,0,0,0,0,0,0,0,0,0,0,,0,0,0,0,0,0,0,0,0,0,0,0,0,0,,0,0,0,0,0,,0.0,0.0,0.0,0,2,0,2,0,0,0,0.0,0.0,1,0,0,0,0,0,0,0,0,0,0,0,0,1,5,0,0,0,0,0,0,0,0,0,0,0,0,0,,,0,0,0,0,0,0,0,0,0,0,0,0,,,,0,0,0,0,0,0,0,,0,0,0,0,,0,0,,0,0,0,0,0,0,0,0,0,0,0.0,0.0
00-0038783,N.Adkins,Nate Adkins,TE,TE,"https://static.www.nfl.com/image/upload/f_auto,q_auto/league/k3js5r3a9fl0q2gghqmv",2023,REG,DEN,5,0,0,0,0,0,0,0,0,0,0,0,0,,,0,,0,0,0,0,0,0,0,0,0,0,,0,0,0,0,0,4,5,22,0,0,0,-5,24,1,1.5452797129401006,0,1,0,0,0,0.0,0.010482180293501049,-0.0013319126265316996,0.014790931601679382,0,0,0,1,0,0,0,0.0,0.0,0,0,0,0,0,0,0,0,0,0,0,0,0,1,10,0,0,0,0,0,0,0,0,0,0,0,0,0,,,0,0,0,0,0,0,0,0,0,0,0,0,,,,0,0,0,0,0,0,0,,0,0,0,0,,0,0,,0,0,0,0,0,0,0,0,0,0,2.2,6.2
00-0038791,T.Incoom,Thomas Incoom,LB,LB,"https://static.www.nfl.com/image/upload/f_auto,q_auto/league/fdp1jblpdjc6l7nw8u8a",2023,REG,DEN,2,0,0,0,0,0,0,0,0,0,0,0,0,,,0,,0,0,0,0,0,0,0,0,0,0,,0,0,0,0,0,0,0,0,0,0,0,0,0,0,,0,0,0,0,0,,0.0,0.0,0.0,0,1,0,1,0,0,0,0.0,0.0,0,0,0,0,0,0,0,0,0,0,0,0,0,0,0,0,0,0,0,0,0,0,0,0,0,0,0,0,,,0,0,0,0,0,0,0,0,0,0,0,0,,,,0,0,0,0,0,0,0,,0,0,0,0,,0,0,,0,0,0,0,0,0,0,0,0,0,0.0,0.0
00-0038794,J.McLaughlin,Jaleel McLaughlin,RB,RB,"https://static.www.nfl.com/image/upload/f_auto,q_auto/league/pw2tngyy8k8jlb1qpooo",2023,REG,DEN,17,0,0,0,0,0,0,0,0,0,0,0,0,,,0,,0,0,0,0,76,410,1,0,0,16,5.87916513410164,0,12,8,4,0,31,36,160,2,0,0,-140,290,5,1.971246713945415,0,5,2,1,0,-1.1428571428571428,0.07547169811320754,-0.03729355354288759,0.08710205968979001,0,1,0,0,0,0,0,0.0,0.0,0,0,0,0,0,0,0,0,0,0,0,0,0,0,0,0,0,0,0,0,0,0,0,0,0,0,0,0,,,0,0,0,0,0,0,0,0,0,0,0,0,,,,0,0,0,0,0,0,0,,0,0,0,0,,0,0,,0,0,0,0,0,0,0,0,0,0,75.0,106.0
00-0038795,P.Mustipher,PJ Mustipher,DT,DL,"https://static.www.nfl.com/image/upload/f_auto,q_auto/league/z6ege6sbkke2esr7vx0u",2023,REG,NO,2,0,0,0,0,0,0,0,0,0,0,0,0,,,0,,0,0,0,0,0,0,0,0,0,0,,0,0,0,0,0,0,0,0,0,0,0,0,0,0,,0,0,0,0,0,,0.0,0.0,0.0,0,0,1,3,0,0,0,0.0,0.0,0,0,0,0,0,0,0,0,0,0,0,0,0,0,0,0,0,0,0,0,0,0,0,0,0,0,0,0,,,0,0,0,0,0,0,0,0,0,0,0,0,,,,0,0,0,0,0,0,0,,0,0,0,0,,0,0,,0,0,0,0,0,0,0,0,0,0,0.0,0.0
00-0038797,Em.Wilson,Emanuel Wilson,RB,RB,"https://static.www.nfl.com/image/upload/f_auto,q_auto/league/xni9gnwmhdex7h1ey3jq",2023,REG,GB,5,0,0,0,0,0,0,0,0,0,0,0,0,,,0,,0,0,0,0,14,85,0,0,0,2,0.5645331993582658,0,2,2,1,0,4,5,23,0,0,0,-4,30,1,0.8509028874395881,0,0,0,0,0,-5.75,0.008912655971479501,-0.0008097165991902834,0.012802182337786055,0,0,0,0,0,0,0,0.0,0.0,0,0,0,0,0,0,0,0,0,0,0,0,0,0,0,0,1,0,1,0,0,0,0,0,0,0,0,0,,,0,0,0,0,0,0,0,0,0,0,0,0,,,,0,0,0,0,0,0,0,,0,0,0,0,,0,0,,0,0,0,0,0,0,0,0,0,0,10.8,14.8
00-0038801,A.Carter,Andre Carter II,LB,LB,"https://static.www.nfl.com/image/upload/f_auto,q_auto/league/bituv2j2sivdpcqpxlbs",2023,REG,MIN,2,0,0,0,0,0,0,0,0,0,0,0,0,,,0,,0,0,0,0,0,0,0,0,0,0,,0,0,0,0,0,0,0,0,0,0,0,0,0,0,,0,0,0,0,0,,0.0,0.0,0.0,0,0,0,2,0,0,0,0.0,0.0,0,0,0,0,0,0,0,0,0,0,0,0,0,0,0,0,0,0,0,0,0,0,0,0,0,0,0,0,,,0,0,0,0,0,0,0,0,0,0,0,0,,,,0,0,0,0,0,0,0,,0,0,0,0,,0,0,,0,0,0,0,0,0,0,0,0,0,0.0,0.0
00-0038807,I.Pace,Ivan Pace Jr.,LB,LB,"https://static.www.nfl.com/image/upload/f_auto,q_auto/league/til1eiumoueha3mnindj",2023,REG,MIN,16,0,0,0,0,0,0,0,0,0,0,0,0,,,0,,0,0,0,0,0,0,0,0,0,0,,0,0,0,0,0,0,0,0,0,0,0,0,0,0,,0,0,0,0,0,,0.0,0.0,0.0,0,53,10,39,2,12,1,2.5,12.5,9,1,0,2,0,0,0,0,0,0,1,6,0,1,10,0,0,0,0,0,0,0,0,0,0,0,0,0,,,0,0,0,0,0,0,0,0,0,0,0,0,,,,0,0,0,0,0,0,0,,0,0,0,0,,0,0,,0,0,0,0,0,0,0,0,0,0,0.0,0.0
00-0038809,B.Sims,Ben Sims,TE,TE,"https://static.www.nfl.com/image/upload/f_auto,q_auto/league/ew1gt7xokysjzgksmzfq",2023,REG,GB,6,0,0,0,0,0,0,0,0,0,0,0,0,,,0,,0,0,0,0,0,0,0,0,0,0,,0,0,0,0,0,4,6,21,1,0,0,30,18,3,2.0139265662874095,0,1,0,0,0,0.7,0.0106951871657754,0.006072874493927126,0.020293792894412088,0,0,0,0,0,0,0,0.0,0.0,0,0,0,0,0,0,0,0,0,0,0,0,0,0,0,0,0,0,0,0,0,0,0,0,0,0,0,0,,,0,0,0,0,0,0,0,0,0,0,0,0,,,,0,0,0,0,0,0,0,,0,0,0,0,,0,0,,0,0,0,0,0,0,0,0,0,0,8.1,12.1
00-0038811,N.Thompson,NaJee Thompson,CB,DB,"https://static.www.nfl.com/image/private/f_auto,q_auto/league/ctes8fi6xzretoy0hjop",2023,REG,MIN,7,0,0,0,0,0,0,0,0,0,0,0,0,,,0,,0,0,0,0,0,0,0,0,0,0,,0,0,0,0,0,0,0,0,0,0,0,0,0,0,,0,0,0,0,0,,0.0,0.0,0.0,0,5,0,2,0,0,0,0.0,0.0,0,0,0,0,0,0,0,0,0,0,1,0,0,2,14,0,0,0,0,0,0,0,0,0,0,0,0,0,,,0,0,0,0,0,0,0,0,0,0,0,0,,,,0,0,0,0,0,0,0,,0,0,0,0,,0,0,,0,0,0,0,0,0,0,0,0,0,0.0,0.0
00-0038812,J.Williams,Jaylin Williams,DB,DB,"https://static.www.nfl.com/image/upload/f_auto,q_auto/league/mmb0tunfhcmd3wrspkvm",2023,REG,MIN,2,0,0,0,0,0,0,0,0,0,0,0,0,,,0,,0,0,0,0,0,0,0,0,0,0,,0,0,0,0,0,0,0,0,0,0,0,0,0,0,,0,0,0,0,0,,0.0,0.0,0.0,0,1,0,0,0,0,0,0.0,0.0,0,0,0,0,0,0,0,0,0,0,0,0,0,1,5,0,0,0,0,0,0,0,0,0,0,0,0,0,,,0,0,0,0,0,0,0,0,0,0,0,0,,,,0,0,0,0,0,0,0,,0,0,0,0,,0,0,,0,0,0,0,0,0,0,0,0,0,0.0,0.0
00-0038820,C.Izien,Christian Izien,SAF,DB,"https://static.www.nfl.com/image/upload/f_auto,q_auto/league/klbosecrlbeeqvuts8l4",2023,REG,TB,17,0,0,0,0,0,0,0,0,0,0,0,0,,,0,,0,0,0,0,0,0,0,0,0,0,,0,0,0,0,0,0,0,0,0,0,0,0,0,0,,0,0,0,0,0,,0.0,0.0,0.0,0,41,6,18,0,0,1,0.0,0.0,2,2,18,2,0,0,0,0,0,0,0,0,0,6,61,0,0,0,0,0,0,0,0,0,0,0,0,0,,,0,0,0,0,0,0,0,0,0,0,0,0,,,,0,0,0,0,0,0,0,,0,0,0,0,,0,0,,0,0,0,0,0,0,0,0,0,0,0.0,0.0
00-0038821,R.Jarrett,Rakim Jarrett,WR,WR,"https://static.www.nfl.com/image/upload/f_auto,q_auto/league/clvmliknnulpmcoofvik",2023,REG,TB,7,0,0,0,0,0,0,0,0,0,0,0,0,,,0,,0,0,0,0,1,0,0,0,0,0,-0.47981417417759076,0,0,0,0,0,4,9,60,0,0,0,142,27,1,-1.1475128345191479,0,1,1,1,1,0.4225352112676056,0.016363636363636365,0.029188078108941418,0.04497710922171354,0,1,0,0,0,0,0,0.0,0.0,0,0,0,0,0,0,0,0,0,0,0,0,0,0,0,0,0,0,0,0,0,0,0,0,0,0,0,0,,,0,0,0,0,0,0,0,0,0,0,0,0,,,,0,0,0,0,0,0,0,,0,0,0,0,,0,0,,0,0,0,0,0,0,0,0,0,0,6.0,10.0
00-0038823,K.Merriweather,Kaevon Merriweather,SAF,DB,"https://static.www.nfl.com/image/upload/f_auto,q_auto/league/tglrg1tbq9ixnb81ala0",2023,REG,TB,11,0,0,0,0,0,0,0,0,0,0,0,0,,,0,,0,0,0,0,0,0,0,0,0,0,,0,0,0,0,0,0,0,0,0,0,0,0,0,0,,0,0,0,0,0,,0.0,0.0,0.0,0,12,1,8,0,0,0,0.0,0.0,0,0,0,1,0,0,0,0,0,0,0,0,0,1,8,0,0,0,0,0,0,0,0,0,0,0,0,0,,,0,0,0,0,0,0,0,0,0,0,0,0,,,,0,0,0,0,0,0,0,,0,0,0,0,,0,0,,0,0,0,0,0,0,0,0,0,0,0.0,0.0
00-0038827,D.Pitts,Derrek Pitts,CB,DB,"https://static.www.nfl.com/image/private/f_auto,q_auto/league/qgubsq8pd8sowh8yymbo",2023,REG,TB,1,0,0,0,0,0,0,0,0,0,0,0,0,,,0,,0,0,0,0,0,0,0,0,0,0,,0,0,0,0,0,0,0,0,0,0,0,0,0,0,,0,0,0,0,0,,0.0,0.0,0.0,0,2,0,0,0,0,0,0.0,0.0,0,0,0,0,0,0,0,0,0,0,0,0,0,1,5,0,0,0,0,0,0,0,0,0,0,0,0,0,,,0,0,0,0,0,0,0,0,0,0,0,0,,,,0,0,0,0,0,0,0,,0,0,0,0,,0,0,,0,0,0,0,0,0,0,0,0,0,0.0,0.0
00-0038835,J.Pryor,Joshua Pryor,DE,DL,"https://static.www.nfl.com/image/private/f_auto,q_auto/league/zlyoco3d0b8mxmelqiff",2023,REG,WAS,2,0,0,0,0,0,0,0,0,0,0,0,0,,,0,,0,0,0,0,0,0,0,0,0,0,,0,0,0,0,0,0,0,0,0,0,0,0,0,0,,0,0,0,0,0,,0.0,0.0,0.0,0,0,1,0,0,0,0,0.0,0.0,0,0,0,0,0,0,0,0,0,0,0,0,0,0,0,0,0,0,0,0,0,0,0,0,0,0,0,0,,,0,0,0,0,0,0,0,0,0,0,0,0,,,,0,0,0,0,0,0,0,,0,0,0,0,,0,0,,0,0,0,0,0,0,0,0,0,0,0.0,0.0
00-0038845,M.Jackson,Matthew Jackson,DB,DB,"https://static.www.nfl.com/image/upload/f_auto,q_auto/league/lhc67rtkbayfwvvghqdz",2023,REG,TEN,6,0,0,0,0,0,0,0,0,0,0,0,0,,,0,,0,0,0,0,0,0,0,0,0,0,,0,0,0,0,0,0,0,0,0,0,0,0,0,0,,0,0,0,0,0,,0.0,0.0,0.0,0,2,1,3,0,0,0,0.0,0.0,0,0,0,0,0,0,0,0,0,0,0,0,0,0,0,0,0,0,0,0,0,0,0,0,0,0,0,0,,,0,0,0,0,0,0,0,0,0,0,0,0,,,,0,0,0,0,0,0,0,,0,0,0,0,,0,0,,0,0,0,0,0,0,0,0,0,0,0.0,0.0
00-0038848,A.Kendall,Anthony Kendall,CB,DB,"https://static.www.nfl.com/image/upload/f_auto,q_auto/league/kgha3oguelser2rcl2lp",2023,REG,TEN,7,0,0,0,0,0,0,0,0,0,0,0,0,,,0,,0,0,0,0,0,0,0,0,0,0,,0,0,0,0,0,0,0,0,0,0,0,0,0,0,,0,0,0,0,0,,0.0,0.0,0.0,0,5,0,4,0,0,0,0.0,0.0,0,0,0,0,0,0,0,0,0,0,0,0,0,2,19,0,0,0,0,0,0,0,0,0,0,0,0,0,,,0,0,0,0,0,0,0,0,0,0,0,0,,,,0,0,0,0,0,0,0,,0,0,0,0,,0,0,,0,0,0,0,0,0,0,0,0,0,0.0,0.0
00-0038850,T.McLendon,TK McLendon Jr.,DE,DL,"https://static.www.nfl.com/image/upload/f_auto,q_auto/league/cxy58xbvrbpfscpynrhc",2023,REG,TEN,7,0,0,0,0,0,0,0,0,0,0,0,0,,,0,,0,0,0,0,0,0,0,0,0,0,,0,0,0,0,0,0,0,0,0,0,0,0,0,0,,0,0,0,0,0,,0.0,0.0,0.0,0,1,2,5,0,0,0,0.0,0.0,0,0,0,0,0,0,0,0,0,0,1,0,0,0,0,0,0,0,0,0,0,0,0,0,0,0,0,0,,,0,0,0,0,0,0,0,0,0,0,0,0,,,,0,0,0,0,0,0,0,,0,0,0,0,,0,0,,0,0,0,0,0,0,0,0,0,0,0.0,0.0
00-0038851,C.Murphy,Caleb Murphy,LB,LB,"https://static.www.nfl.com/image/upload/f_auto,q_auto/league/qenmdl6vsivdtjpj9mvk",2023,REG,TEN,2,0,0,0,0,0,0,0,0,0,0,0,0,,,0,,0,0,0,0,0,0,0,0,0,0,,0,0,0,0,0,0,0,0,0,0,0,0,0,0,,0,0,0,0,0,,0.0,0.0,0.0,0,1,0,1,0,0,0,0.0,0.0,0,0,0,0,0,0,0,0,0,0,0,0,0,1,5,0,0,0,0,0,0,0,0,0,0,0,0,0,,,0,0,0,0,0,0,0,0,0,0,0,0,,,,0,0,0,0,0,0,0,,0,0,0,0,,0,0,,0,0,0,0,0,0,0,0,0,0,0.0,0.0
00-0038853,O.Reese,Otis Reese,LB,LB,"https://static.www.nfl.com/image/upload/f_auto,q_auto/league/mif8jzstvkmzvcxnz69m",2023,REG,TEN,4,0,0,0,0,0,0,0,0,0,0,0,0,,,0,,0,0,0,0,0,0,0,0,0,0,,0,0,0,0,0,0,0,0,0,0,0,0,0,0,,0,0,0,0,0,,0.0,0.0,0.0,0,12,0,9,0,0,0,0.0,0.0,0,0,0,0,0,0,0,0,0,0,0,0,0,0,0,0,0,0,0,0,0,0,0,0,0,0,0,0,,,0,0,0,0,0,0,0,0,0,0,0,0,,,,0,0,0,0,0,0,0,,0,0,0,0,,0,0,,0,0,0,0,0,0,0,0,0,0,0.0,0.0
00-0038862,E.Dotson,Elijah Dotson,RB,RB,"https://static.www.nfl.com/image/upload/f_auto,q_auto/league/yx9vzbdqe6khlgdanbk3",2023,REG,LAC,1,0,0,0,0,0,0,0,0,0,0,0,0,,,0,,0,0,0,0,4,6,0,0,0,0,-3.1967907728394493,0,0,0,0,0,2,2,13,0,0,0,-1,14,0,0.37644284265115857,0,0,0,0,0,-13.0,0.003257328990228013,-0.00021128248468201986,0.004738095746064606,0,0,0,0,0,0,0,0.0,0.0,0,0,0,0,0,0,0,0,0,0,0,0,0,0,0,0,0,0,0,0,0,0,0,0,0,0,0,0,,,0,0,0,0,0,0,0,0,0,0,0,0,,,,0,0,0,0,0,0,0,,0,0,0,0,,0,0,,0,0,0,0,0,0,0,0,0,0,1.9000000000000001,3.9000000000000004
00-0038865,A.Farmer,Andrew Farmer,DE,DL,"https://static.www.nfl.com/image/upload/f_auto,q_auto/league/yhtbla5k72ipuqg7kfne",2023,REG,LAC,3,0,0,0,0,0,0,0,0,0,0,0,0,,,0,,0,0,0,0,0,0,0,0,0,0,,0,0,0,0,0,0,0,0,0,0,0,0,0,0,,0,0,0,0,0,,0.0,0.0,0.0,0,1,0,2,0,0,0,0.0,0.0,0,0,0,0,0,0,0,0,0,0,0,0,0,0,0,0,0,0,0,0,0,0,0,0,0,0,0,0,,,0,0,0,0,0,0,0,0,0,0,0,0,,,,0,0,0,0,0,0,0,,0,0,0,0,,0,0,,0,0,0,0,0,0,0,0,0,0,0.0,0.0
00-0038866,A.Finley,AJ Finley,SAF,DB,"https://static.www.nfl.com/image/upload/f_auto,q_auto/league/zc71zmnbxjzpnaunxawc",2023,REG,LAC,3,0,0,0,0,0,0,0,0,0,0,0,0,,,0,,0,0,0,0,0,0,0,0,0,0,,0,0,0,0,0,0,0,0,0,0,0,0,0,0,,0,0,0,0,0,,0.0,0.0,0.0,0,1,0,2,0,0,1,0.0,0.0,0,0,0,0,0,0,0,0,0,0,0,0,0,0,0,0,0,0,0,0,0,0,0,0,0,0,0,0,,,0,0,0,0,0,0,0,0,0,0,0,0,,,,0,0,0,0,0,0,0,,0,0,0,0,,0,0,,0,0,0,0,0,0,0,0,0,0,0.0,0.0
00-0038877,D.Jamison,D'Shawn Jamison,DB,DB,"https://static.www.nfl.com/image/upload/f_auto,q_auto/league/tpz66swcddlot6x1lcfz",2023,REG,CAR,7,0,0,0,0,0,0,0,0,0,0,0,0,,,0,,0,0,0,0,0,0,0,0,0,0,,0,0,0,0,0,0,0,0,0,0,0,0,0,0,,0,0,0,0,0,,0.0,0.0,0.0,0,6,0,4,0,0,0,0.0,0.0,0,0,0,1,0,0,0,0,0,0,0,0,0,0,0,0,0,0,0,0,0,0,2,40,0,0,0,0,,,0,0,0,0,0,0,0,0,0,0,0,0,,,,0,0,0,0,0,0,0,,0,0,0,0,,0,0,,0,0,0,0,0,0,0,0,0,0,0.0,0.0
00-0038891,S.Jackson,Shedrick Jackson,WR,WR,"https://static.www.nfl.com/image/upload/f_auto,q_auto/league/el1geev5wxc1cqbbrou7",2023,REG,CIN,2,0,0,0,0,0,0,0,0,0,0,0,0,,,0,,0,0,0,0,0,0,0,0,0,0,,0,0,0,0,0,0,1,0,0,0,0,30,0,0,-0.856143947923556,0,0,0,0,0,0.0,0.0016891891891891893,0.007735946364105209,0.007948946238657429,0,1,0,0,0,0,0,0.0,0.0,0,0,0,0,0,0,0,0,0,0,0,0,0,0,0,0,0,0,0,0,0,0,0,0,0,0,0,0,,,0,0,0,0,0,0,0,0,0,0,0,0,,,,0,0,0,0,0,0,0,,0,0,0,0,,0,0,,0,0,0,0,0,0,0,0,0,0,0.0,0.0
00-0038905,B.Grupe,Blake Grupe,K,SPEC,"https://static.www.nfl.com/image/upload/f_auto,q_auto/league/de3vz6xjjo9paba6encd",2023,REG,NO,17,0,0,0,0,0,0,0,0,0,0,0,0,,,0,,0,0,0,0,0,0,0,0,0,0,,0,0,0,0,0,0,0,0,0,0,0,0,0,0,,0,0,0,0,0,,0.0,0.0,0.0,0,0,0,0,0,0,0,0.0,0.0,0,0,0,0,0,0,0,0,0,0,0,0,0,0,0,0,0,0,0,0,0,0,0,0,30,37,7,0,55,0.8108108108108109,0,10,6,8,6,0,0,2,0,2,3,0,26;33;52;28;23;25;37;32;44;54;53;48;45;23;35;42;27;55;48;25;52;41;45;39;50;45;28;38;24;24,46;52;29;51;47;54;29,,1141,308,0,40,40,0,0,1.0,0,1,1,0,46,0,0,,0,0,0,0,0,0,0,0,0,0,0.0,0.0
00-0038906,L.Hedley,Lou Hedley,P,SPEC,"https://static.www.nfl.com/image/upload/f_auto,q_auto/league/vuqqx26distms66oakam",2023,REG,NO,17,0,0,0,0,0,0,0,0,0,0,0,0,,,0,,0,0,0,0,0,0,0,0,0,0,,0,0,0,0,0,0,0,0,0,0,0,0,0,0,,0,0,0,0,0,,0.0,0.0,0.0,0,0,0,0,0,0,0,0.0,0.0,0,0,0,0,0,0,0,0,0,0,0,0,0,0,0,0,0,0,0,0,0,0,0,0,0,0,0,0,,,0,0,0,0,0,0,0,0,0,0,0,0,,,,0,0,0,0,0,0,0,,0,0,0,0,,75,0,62,3224,31,10,8,4,24,29,163,0,2981,0.0,0.0
00-0038911,M.Cunningham,Malik Cunningham,WR,WR,"https://static.www.nfl.com/image/upload/f_auto,q_auto/league/pspxhbxgnqanfsrcf7ux",2023,REG,NE,1,0,0,0,0,0,1,-5,0,0,0,0,0,-1.2853722739964724,,0,,0,0,0,0,0,0,0,0,0,0,,0,0,0,0,0,0,0,0,0,0,0,0,0,0,,0,0,0,0,0,,0.0,0.0,0.0,0,0,0,0,0,0,0,0.0,0.0,0,0,0,0,0,0,0,0,0,0,0,0,0,0,0,0,0,0,0,0,0,0,0,0,0,0,0,0,,,0,0,0,0,0,0,0,0,0,0,0,0,,,,0,0,0,0,0,0,0,,0,0,0,0,,0,0,,0,0,0,0,0,0,0,0,0,0,0.0,0.0
00-0038922,D.Thomas,Drake Thomas,LB,LB,"https://static.www.nfl.com/image/upload/f_auto,q_auto/league/egqpcx91rp0iadqqxu2v",2023,REG,SEA,2,0,0,0,0,0,0,0,0,0,0,0,0,,,0,,0,0,0,0,0,0,0,0,0,0,,0,0,0,0,0,0,0,0,0,0,0,0,0,0,,0,0,0,0,0,,0.0,0.0,0.0,0,0,1,2,0,0,0,0.0,0.0,0,0,0,0,0,0,0,0,0,0,0,0,0,0,0,0,0,0,0,0,0,0,0,0,0,0,0,0,,,0,0,0,0,0,0,0,0,0,0,0,0,,,,0,0,0,0,0,0,0,,0,0,0,0,,0,0,,0,0,0,0,0,0,0,0,0,0,0.0,0.0
00-0038932,D.Wright,Darnell Wright,OT,OL,"https://static.www.nfl.com/image/upload/f_auto,q_auto/league/ihow3o7fo62p8abdqgn3",2023,REG,CHI,8,0,0,0,0,0,0,0,0,0,0,0,0,,,0,,0,0,0,0,0,0,0,0,0,0,,0,0,0,0,0,0,0,0,0,0,0,0,0,0,,0,0,0,0,0,,0.0,0.0,0.0,0,0,0,0,0,0,0,0.0,0.0,0,0,0,0,0,0,0,0,0,0,0,0,0,11,86,0,0,0,0,0,0,0,0,0,0,0,0,0,,,0,0,0,0,0,0,0,0,0,0,0,0,,,,0,0,0,0,0,0,0,,0,0,0,0,,0,0,,0,0,0,0,0,0,0,0,0,0,0.0,0.0
00-0038933,D.Kincaid,Dalton Kincaid,TE,TE,"https://static.www.nfl.com/image/upload/f_auto,q_auto/league/zwkeaiecuyafkidllebz",2023,REG,BUF,16,0,0,0,0,0,0,0,0,0,0,0,0,,,0,,0,0,0,0,0,0,0,0,0,0,,0,0,0,0,0,73,91,673,2,1,1,538,315,29,12.59950763116428,0,23,8,5,1,1.2509293680297398,0.1669724770642202,0.10712863401035444,0.32544875940357837,0,2,0,0,0,0,0,0.0,0.0,0,0,0,0,0,0,0,0,0,0,0,0,0,5,40,1,0,0,1,1,0,0,0,0,0,0,0,0,,,0,0,0,0,0,0,0,0,0,0,0,0,,,,0,0,0,0,0,0,0,,0,0,0,0,,0,0,,0,0,0,0,0,0,0,0,0,0,77.3,150.3
00-0038934,A.Harrison,Anton Harrison,OT,OL,"https://static.www.nfl.com/image/upload/f_auto,q_auto/league/zgvchtxhtni7sablqnu9",2023,REG,JAX,5,0,0,0,0,0,0,0,0,0,0,0,0,,,0,,0,0,0,0,0,0,0,0,0,0,,0,0,0,0,0,0,0,0,0,0,0,0,0,0,,0,0,0,0,0,,0.0,0.0,0.0,0,1,0,0,0,0,0,0.0,0.0,0,0,0,0,0,0,0,0,0,0,0,0,0,5,35,0,0,0,0,0,0,0,0,0,0,0,0,0,,,0,0,0,0,0,0,0,0,0,0,0,0,,,,0,0,0,0,0,0,0,,0,0,0,0,,0,0,,0,0,0,0,0,0,0,0,0,0,0.0,0.0
00-0038935,B.Strange,Brenton Strange,TE,TE,"https://static.www.nfl.com/image/upload/f_auto,q_auto/league/yabpcvadjlrkxzducv7k",2023,REG,JAX,7,0,0,0,0,0,0,0,0,0,0,0,0,,,0,,0,0,0,0,0,0,0,0,0,0,,0,0,0,0,0,5,9,35,1,0,0,68,28,2,-0.46192139575155755,0,2,1,0,0,0.5147058823529411,0.014827018121911038,0.013651877133105802,0.03179684117604062,0,1,0,0,1,6,0,0.0,0.0,0,0,0,0,0,0,0,0,0,0,0,0,0,4,29,0,0,0,0,0,0,0,0,0,0,0,0,0,,,0,0,0,0,0,0,0,0,0,0,0,0,,,,0,0,0,0,0,0,0,,0,0,0,0,,0,0,,0,0,0,0,0,0,0,0,0,0,9.5,14.5
00-0038936,J.Scruggs,Juice Scruggs,C,OL,"https://static.www.nfl.com/image/upload/f_auto,q_auto/league/k4ptrnct4nayobia4qcw",2023,REG,HOU,3,0,0,0,0,0,0,0,0,0,0,0,0,,,0,,0,0,0,0,0,0,0,0,0,0,,0,0,0,0,0,0,0,0,0,0,0,0,0,0,,0,0,0,0,0,,0.0,0.0,0.0,0,0,0,0,0,0,0,0.0,0.0,0,0,0,0,0,0,0,0,0,0,0,0,0,3,30,0,0,0,0,0,0,0,0,0,0,0,0,0,,,0,0,0,0,0,0,0,0,0,0,0,0,,,,0,0,0,0,0,0,0,,0,0,0,0,,0,0,,0,0,0,0,0,0,0,0,0,0,0.0,0.0
00-0038937,Z.Pickens,Zacch Pickens,DT,DL,"https://static.www.nfl.com/image/upload/f_auto,q_auto/league/gd66kzu0v4hgipt6lppc",2023,REG,CHI,13,0,0,0,0,0,0,0,0,0,0,0,0,,,0,,0,0,0,0,0,0,0,0,0,0,,0,0,0,0,0,0,0,0,0,0,0,0,0,0,,0,0,0,0,0,,0.0,0.0,0.0,0,6,3,11,0,0,1,0.5,4.5,2,0,0,1,0,0,0,0,0,0,0,0,0,0,0,0,0,0,0,0,0,0,0,0,0,0,0,0,,,0,0,0,0,0,0,0,0,0,0,0,0,,,,0,0,0,0,0,0,0,,0,0,0,0,,0,0,,0,0,0,0,0,0,0,0,0,0,0.0,0.0
00-0038938,J.Hyatt,Jalin Hyatt,WR,WR,"https://static.www.nfl.com/image/upload/f_auto,q_auto/league/bzyn9cpmwfqjtztwblmy",2023,REG,NYG,13,0,0,0,0,0,0,0,0,0,0,0,0,,,0,,0,0,0,0,0,0,0,0,0,0,,0,0,0,0,0,23,40,373,0,1,0,841,48,11,3.0651579910464024,0,11,8,7,3,0.44351961950059454,0.08247422680412371,0.22213417855256207,0.279205265192979,0,1,0,0,0,0,0,0.0,0.0,0,0,0,0,0,0,0,0,0,0,0,0,0,0,0,1,0,0,1,0,0,0,0,0,0,0,0,0,,,0,0,0,0,0,0,0,0,0,0,0,0,,,,0,0,0,0,0,0,0,,0,0,0,0,,0,0,,0,0,0,0,0,0,0,0,0,0,37.300000000000004,60.300000000000004
00-0038939,B.Martin,Brodric Martin,DT,DL,"https://static.www.nfl.com/image/upload/f_auto,q_auto/league/fxo9xafpvo3nphye3bwq",2023,REG,DET,2,0,0,0,0,0,0,0,0,0,0,0,0,,,0,,0,0,0,0,0,0,0,0,0,0,,0,0,0,0,0,0,0,0,0,0,0,0,0,0,,0,0,0,0,0,,0.0,0.0,0.0,0,1,0,2,0,0,0,0.0,0.0,0,0,0,0,0,0,0,0,0,0,0,0,0,0,0,0,0,0,0,0,0,0,0,0,0,0,0,0,,,0,0,0,0,0,0,0,0,0,0,0,0,,,,0,0,0,0,0,0,0,,0,0,0,0,,0,0,,0,0,0,0,0,0,0,0,0,0,0.0,0.0
00-0038940,T.Lacy,Tyler Lacy,DE,DL,"https://static.www.nfl.com/image/upload/f_auto,q_auto/league/t11eflx8jvobxmnssg22",2023,REG,JAX,10,0,0,0,0,0,0,0,0,0,0,0,0,,,0,,0,0,0,0,0,0,0,0,0,0,,0,0,0,0,0,0,0,0,0,0,0,0,0,0,,0,0,0,0,0,,0.0,0.0,0.0,0,4,1,7,1,4,0,0.0,0.0,3,0,0,1,0,0,0,0,0,0,0,0,0,0,0,0,0,0,0,0,0,0,0,0,0,0,0,0,,,0,0,0,0,0,0,0,0,0,0,0,0,,,,0,0,0,0,0,0,0,,0,0,0,0,,0,0,,0,0,0,0,0,0,0,0,0,0,0.0,0.0
00-0038941,T.Scott,Tyler Scott,WR,WR,"https://static.www.nfl.com/image/upload/f_auto,q_auto/league/k6g5zzfxtkvu21okobss",2023,REG,CHI,13,0,0,0,0,0,0,0,0,0,0,0,0,,,0,,0,0,0,0,7,41,0,0,0,2,0.2591785707627423,0,2,1,0,0,17,32,168,0,1,1,370,70,10,-11.053834886963601,0,8,2,1,0,0.4540540540540541,0.06708595387840671,0.09801324503311258,0.16923820234078887,0,2,0,0,0,0,0,0.0,0.0,0,0,0,0,0,0,0,0,0,0,0,0,0,1,5,1,0,0,1,1,0,0,5,108,0,0,0,0,,,0,0,0,0,0,0,0,0,0,0,0,0,,,,0,0,0,0,0,0,0,,0,0,0,0,,0,0,,0,0,0,0,0,0,0,0,0,0,18.900000000000002,35.900000000000006
00-0038951,S.Tucker,Sean Tucker,RB,RB,"https://static.www.nfl.com/image/upload/f_auto,q_auto/league/zyzp7e2gos47ebzur9gi",2023,REG,TB,3,0,0,0,0,0,0,0,0,0,0,0,0,,,0,,0,0,0,0,15,23,0,0,0,1,-6.209175009164028,0,0,0,0,0,2,2,9,0,0,0,-3,12,0,-0.1717009178828448,0,0,0,0,0,-3.0,0.0036363636363636364,-0.0006166495375128469,0.0050228907782864625,0,1,0,0,0,0,0,0.0,0.0,0,0,0,0,0,0,0,0,0,0,0,0,0,0,0,0,0,0,0,0,0,0,0,0,0,0,0,0,,,0,0,0,0,0,0,0,0,0,0,0,0,,,,0,0,0,0,0,0,0,,0,0,0,0,,0,0,,0,0,0,0,0,0,0,0,0,0,3.2,5.2
00-0038958,M.Watts,Markees Watts,LB,LB,"https://static.www.nfl.com/image/upload/f_auto,q_auto/league/hwxh3ps9lwnj0qu4mw8v",2023,REG,TB,4,0,0,0,0,0,0,0,0,0,0,0,0,,,0,,0,0,0,0,0,0,0,0,0,0,,0,0,0,0,0,0,0,0,0,0,0,0,0,0,,0,0,0,0,0,,0.0,0.0,0.0,0,4,0,0,1,6,0,1.0,6.0,1,0,0,0,0,0,0,0,0,0,0,0,0,1,5,0,0,0,0,0,0,0,0,0,0,0,0,0,,,0,0,0,0,0,0,0,0,0,0,0,0,,,,0,0,0,0,0,0,0,,0,0,0,0,,0,0,,0,0,0,0,0,0,0,0,0,0,0.0,0.0
00-0038961,E.Garror,Eric Garror,CB,DB,"https://static.www.nfl.com/image/upload/f_auto,q_auto/league/vhdzdxva7on1mvkwc0fg",2023,REG,TEN,11,0,0,0,0,0,0,0,0,0,0,0,0,,,0,,0,0,0,0,0,0,0,0,0,0,,0,0,0,0,0,0,0,0,0,0,0,0,0,0,,0,0,0,0,0,,0.0,0.0,0.0,0,15,4,3,0,0,0,0.0,0.0,1,0,0,2,0,2,0,0,0,0,0,0,0,1,3,1,1,0,2,2,21,159,0,0,0,0,0,0,,,0,0,0,0,0,0,0,0,0,0,0,0,,,,0,0,0,0,0,0,0,,0,0,0,0,,0,0,,0,0,0,0,0,0,0,0,0,0,0.0,0.0
00-0038969,K.Jackson,Kearis Jackson,WR,WR,"https://static.www.nfl.com/image/upload/f_auto,q_auto/league/jgrj4b7pqoigggkcms80",2023,REG,TEN,2,0,0,0,0,0,0,0,0,0,0,0,0,,,0,,0,0,0,0,0,0,0,0,0,0,,0,0,0,0,0,0,0,0,0,0,0,0,0,0,,0,0,0,0,0,,0.0,0.0,0.0,0,0,0,0,0,0,0,0.0,0.0,0,0,0,0,0,0,0,0,0,0,0,0,0,0,0,0,0,0,0,0,6,48,0,0,0,0,0,0,,,0,0,0,0,0,0,0,0,0,0,0,0,,,,0,0,0,0,0,0,0,,0,0,0,0,,0,0,,0,0,0,0,0,0,0,0,0,0,0.0,0.0
00-0038976,M.Mims,Marvin Mims Jr.,WR,WR,"https://static.www.nfl.com/image/upload/f_auto,q_auto/league/zbdjtph5xplbf4yocz0l",2023,REG,DEN,16,0,0,0,0,0,0,0,0,0,0,0,0,,,0,,0,0,0,0,9,30,0,0,0,2,-1.3348473097430542,0,2,0,0,0,22,33,377,1,0,0,497,154,9,9.032453146143975,0,8,8,6,4,0.7585513078470825,0.06918238993710692,0.13239211507725093,0.19644806545973603,1,2,0,0,0,0,0,0.0,0.0,0,0,0,0,0,1,0,0,0,0,0,0,0,1,15,1,1,0,2,2,19,312,15,397,0,0,0,0,,,0,0,0,0,0,0,0,0,0,0,0,0,,,,0,0,0,0,0,0,0,,0,0,0,0,,0,0,,0,0,0,0,0,0,0,0,0,0,52.7,74.7
00-0038977,N.Dell,Tank Dell,WR,WR,"https://static.www.nfl.com/image/upload/f_auto,q_auto/league/ykyiamjbjkjklnnttisw",2023,REG,HOU,10,0,0,0,0,0,1,-1,0,0,0,0,0,-0.7774166874005459,,0,,0,0,0,0,11,51,0,0,0,3,-0.15540222637355328,0,3,2,0,0,47,75,709,7,0,0,1070,152,34,30.07528327010287,0,28,19,10,3,0.6626168224299065,0.13250883392226148,0.20668340737879082,0.3434416360485458,0,1,0,0,0,0,0,0.0,0.0,0,0,0,0,0,1,0,0,2,0,0,0,0,1,5,0,1,0,1,0,11,100,2,44,0,0,0,0,,,0,0,0,0,0,0,0,0,0,0,0,0,,,,0,0,0,0,0,0,0,,0,0,0,0,,0,0,,0,0,0,0,0,0,0,0,0,0,118.0,165.0
00-0038978,B.Young,Byron Young,DT,DL,"https://static.www.nfl.com/image/upload/f_auto,q_auto/league/zkjuhizs7now7kfwp9s3",2023,REG,LV,3,0,0,0,0,0,0,0,0,0,0,0,0,,,0,,0,0,0,0,0,0,0,0,0,0,,0,0,0,0,0,0,0,0,0,0,0,0,0,0,,0,0,0,0,0,,0.0,0.0,0.0,0,4,0,0,0,0,0,0.0,0.0,0,0,0,0,0,0,0,0,0,0,0,0,0,0,0,0,0,0,0,0,0,0,0,0,0,0,0,0,,,0,0,0,0,0,0,0,0,0,0,0,0,,,,0,0,0,0,0,0,0,,0,0,0,0,,0,0,,0,0,0,0,0,0,0,0,0,0,0.0,0.0
00-0038979,C.Tillman,Cedric Tillman,WR,WR,"https://static.www.nfl.com/image/upload/f_auto,q_auto/league/a4mcdjjl1pkxr3etechx",2023,REG,CLE,11,0,0,0,0,0,0,0,0,0,0,0,0,,,0,,0,0,0,0,1,8,0,0,0,0,0.23409246746450663,0,0,0,0,0,21,44,224,0,0,0,468,88,12,-26.516042324695917,0,10,5,1,0,0.47863247863247865,0.07370184254606366,0.08831855066993773,0.17237574928805188,0,0,0,0,0,0,0,0.0,0.0,0,0,0,0,0,0,0,0,0,0,0,0,0,1,5,0,0,0,0,0,0,0,0,0,0,0,0,0,,,0,0,0,0,0,0,0,0,0,0,0,0,,,,0,0,0,0,0,0,0,,0,0,0,0,,0,0,,0,0,0,0,0,0,0,0,0,0,23.200000000000003,44.2
00-0038980,Z.Harrison,Zach Harrison,DE,DL,"https://static.www.nfl.com/image/upload/f_auto,q_auto/league/ufhdwcktmkeamlzdcuvg",2023,REG,ATL,15,0,0,0,0,0,0,0,0,0,0,0,0,,,0,,0,0,0,0,0,0,0,0,0,0,,0,0,0,0,0,0,0,0,0,0,0,0,0,0,,0,0,0,0,0,,0.0,0.0,0.0,0,13,5,15,3,11,0,3.0,10.0,5,0,0,1,0,0,0,0,0,0,0,0,0,0,0,0,0,0,0,0,0,0,0,0,0,0,0,0,,,0,0,0,0,0,0,0,0,0,0,0,0,,,,0,0,0,0,0,0,0,,0,0,0,0,,0,0,,0,0,0,0,0,0,0,0,0,0,0.0,0.0
00-0038981,W.Morris,Wanya Morris,OT,OL,"https://static.www.nfl.com/image/upload/f_auto,q_auto/league/snaxi8ken7hkapokvwfr",2023,REG,KC,2,0,0,0,0,0,0,0,0,0,0,0,0,,,0,,0,0,0,0,0,0,0,0,0,0,,0,0,0,0,0,0,0,0,0,0,0,0,0,0,,0,0,0,0,0,,0.0,0.0,0.0,0,0,0,0,0,0,0,0.0,0.0,0,0,0,0,0,0,0,0,0,0,0,0,0,2,20,0,0,0,0,0,0,0,0,0,0,0,0,0,,,0,0,0,0,0,0,0,0,0,0,0,0,,,,0,0,0,0,0,0,0,,0,0,0,0,,0,0,,0,0,0,0,0,0,0,0,0,0,0.0,0.0
00-0038982,C.Conner,Chamarri Conner,DB,DB,"https://static.www.nfl.com/image/upload/f_auto,q_auto/league/fzzbwoogfbowestdz7gz",2023,REG,KC,14,0,0,0,0,0,0,0,0,0,0,0,0,,,0,,0,0,0,0,0,0,0,0,0,0,,0,0,0,0,0,0,0,0,0,0,0,0,0,0,,0,0,0,0,0,,0.0,0.0,0.0,0,26,5,5,2,5,0,0.0,0.0,0,1,4,1,0,0,0,0,0,0,0,0,0,0,0,0,0,0,0,0,0,0,0,0,0,0,0,0,,,0,0,0,0,0,0,0,0,0,0,0,0,,,,0,0,0,0,0,0,0,,0,0,0,0,,0,0,,0,0,0,0,0,0,0,0,0,0,0.0,0.0
00-0038983,B.Thompson,BJ Thompson,DE,DL,"https://static.www.nfl.com/image/private/f_auto,q_auto/league/y8ahoqoytfuw62piwnjc",2023,REG,KC,1,0,0,0,0,0,0,0,0,0,0,0,0,,,0,,0,0,0,0,0,0,0,0,0,0,,0,0,0,0,0,0,0,0,0,0,0,0,0,0,,0,0,0,0,0,,0.0,0.0,0.0,0,2,0,0,0,0,0,0.0,0.0,0,0,0,0,0,0,0,0,0,0,0,0,0,0,0,0,0,0,0,0,0,0,0,0,0,0,0,0,,,0,0,0,0,0,0,0,0,0,0,0,0,,,,0,0,0,0,0,0,0,,0,0,0,0,,0,0,,0,0,0,0,0,0,0,0,0,0,0.0,0.0
00-0038984,K.Clark,Kei'Trel Clark,CB,DB,"https://static.www.nfl.com/image/upload/f_auto,q_auto/league/mcmz4ef4fvvoqapbf8rf",2023,REG,ARI,9,0,0,0,0,0,0,0,0,0,0,0,0,,,0,,0,0,0,0,0,0,0,0,0,0,,0,0,0,0,0,0,0,0,0,0,0,0,0,0,,0,0,0,0,0,,0.0,0.0,0.0,0,32,5,6,1,2,0,0.0,0.0,0,0,0,4,0,0,0,0,0,0,0,0,0,2,24,0,0,0,0,0,0,0,0,0,0,0,0,0,,,0,0,0,0,0,0,0,0,0,0,0,0,,,,0,0,0,0,0,0,0,,0,0,0,0,,0,0,,0,0,0,0,0,0,0,0,0,0,0.0,0.0
00-0038985,K.Coburn,Keondre Coburn,DE,DL,"https://static.www.nfl.com/image/upload/f_auto,q_auto/league/z9daqscjnbr5kbfpayzt",2023,REG,TEN,5,0,0,0,0,0,0,0,0,0,0,0,0,,,0,,0,0,0,0,0,0,0,0,0,0,,0,0,0,0,0,0,0,0,0,0,0,0,0,0,,0,0,0,0,0,,0.0,0.0,0.0,0,2,1,5,0,0,0,0.0,0.0,0,0,0,0,0,0,0,0,0,0,0,0,0,0,0,0,0,0,0,0,0,0,0,0,0,0,0,0,,,0,0,0,0,0,0,0,0,0,0,0,0,,,,0,0,0,0,0,0,0,,0,0,0,0,,0,0,,0,0,0,0,0,0,0,0,0,0,0.0,0.0
00-0038986,N.Jones,Nic Jones,CB,DB,"https://static.www.nfl.com/image/upload/f_auto,q_auto/league/y6vbjn7oqj8j5zm94cwx",2023,REG,KC,3,0,0,0,0,0,0,0,0,0,0,0,0,,,0,,0,0,0,0,0,0,0,0,0,0,,0,0,0,0,0,0,0,0,0,0,0,0,0,0,,0,0,0,0,0,,0.0,0.0,0.0,0,4,0,0,1,4,0,0.0,0.0,1,0,0,0,0,0,0,0,0,0,0,0,0,1,15,0,0,0,0,0,0,0,0,0,0,0,0,0,,,0,0,0,0,0,0,0,0,0,0,0,0,,,,0,0,0,0,0,0,0,,0,0,0,0,,0,0,,0,0,0,0,0,0,0,0,0,0,0.0,0.0
00-0038994,J.Addison,Jordan Addison,WR,WR,"https://static.www.nfl.com/image/upload/f_auto,q_auto/league/s2ey8g5memyqvxc52uzy",2023,REG,MIN,17,0,0,0,0,0,0,0,0,0,0,0,0,,,0,,0,0,0,0,1,2,0,0,0,0,-0.4106065997038968,0,0,0,0,0,70,108,911,10,0,0,1347,262,38,26.098682321514307,0,36,20,15,3,0.676317743132888,0.1782178217821782,0.27322515212981746,0.45858433916413954,0,5,0,0,0,0,0,0.0,0.0,0,0,0,0,0,0,0,0,0,-6,0,0,0,0,0,0,0,0,0,0,0,0,0,0,0,0,0,0,,,0,0,0,0,0,0,0,0,0,0,0,0,,,,0,0,0,0,0,0,0,,0,0,0,0,,0,0,,0,0,0,0,0,0,0,0,0,0,151.3,221.3
00-0038995,B.Bresee,Bryan Bresee,DT,DL,"https://static.www.nfl.com/image/upload/f_auto,q_auto/league/ggluxdivvc7bhfhpfrsl",2023,REG,NO,15,0,0,0,0,0,0,0,0,0,0,0,0,,,0,,0,0,0,0,0,0,0,0,0,0,,0,0,0,0,0,0,0,0,0,0,0,0,0,0,,0,0,0,0,0,,0.0,0.0,0.0,0,10,2,12,6,42,0,4.5,42.0,9,0,0,6,0,0,0,0,0,0,0,0,0,6,40,0,0,0,0,0,0,0,0,0,0,0,0,0,,,0,0,0,0,0,0,0,0,0,0,0,0,,,,0,0,0,0,0,0,0,,0,0,0,0,,0,0,,0,0,0,0,0,0,0,0,0,0,0.0,0.0
00-0038996,T.Kraft,Tucker Kraft,TE,TE,"https://static.www.nfl.com/image/upload/f_auto,q_auto/league/yr6nj1zqaqg6nbdnxu3q",2023,REG,GB,14,0,0,0,0,0,0,0,0,0,0,0,0,,,0,,0,0,0,0,0,0,0,0,0,0,,0,0,0,0,0,31,40,355,2,0,0,156,232,18,17.774812822950842,0,10,6,5,1,2.2756410256410255,0.07130124777183601,0.031578947368421054,0.12905713481564876,0,3,0,2,0,0,0,0.0,0.0,0,0,0,0,0,0,0,0,0,0,0,0,0,1,8,0,0,0,0,0,0,0,0,0,0,0,0,0,,,0,0,0,0,0,0,0,0,0,0,0,0,,,,0,0,0,0,0,0,0,,0,0,0,0,,0,0,,0,0,0,0,0,0,0,0,0,0,47.5,78.5
00-0038997,J.Downs,Josh Downs,WR,WR,"https://static.www.nfl.com/image/upload/f_auto,q_auto/league/gqozitn9vxnp8acz6wwg",2023,REG,IND,17,0,0,0,0,0,0,0,0,0,0,0,0,,,0,,0,0,0,0,0,0,0,0,0,0,,0,0,0,0,0,68,98,771,2,0,0,707,371,30,26.50760102279591,0,28,12,10,2,1.0905233380480905,0.1794871794871795,0.16615746180963573,0.3855409924975142,0,2,0,0,0,0,0,0.0,0.0,0,0,0,0,0,0,0,0,0,0,0,0,0,1,5,0,0,0,0,0,6,63,2,24,0,0,0,0,,,0,0,0,0,0,0,0,0,0,0,0,0,,,,0,0,0,0,0,0,0,,0,0,0,0,,0,0,,0,0,0,0,0,0,0,0,0,0,89.10000000000001,157.10000000000002
00-0039000,D.Banks,Deonte Banks,CB,DB,"https://static.www.nfl.com/image/upload/f_auto,q_auto/league/disrzmax4qwvr20oheiw",2023,REG,NYG,15,0,0,0,0,0,0,0,0,0,0,0,0,,,0,,0,0,0,0,0,0,0,0,0,0,,0,0,0,0,0,0,0,0,0,0,0,0,0,0,,0,0,0,0,0,,0.0,0.0,0.0,0,51,2,11,2,2,0,0.0,0.0,0,2,6,11,0,0,0,0,0,0,0,0,0,4,22,0,0,0,0,0,0,0,0,0,0,0,0,0,,,0,0,0,0,0,0,0,0,0,0,0,0,,,,0,0,0,0,0,0,0,,0,0,0,0,,0,0,,0,0,0,0,0,0,0,0,0,0,0.0,0.0
00-0039001,T.Steen,Tyler Steen,OT,OL,"https://static.www.nfl.com/image/upload/f_auto,q_auto/league/vql0qqvuq0eqkaolcqep",2023,REG,PHI,1,0,0,0,0,0,0,0,0,0,0,0,0,,,0,,0,0,0,0,0,0,0,0,0,0,,0,0,0,0,0,0,0,0,0,0,0,0,0,0,,0,0,0,0,0,,0.0,0.0,0.0,0,0,0,0,0,0,0,0.0,0.0,0,0,0,0,0,0,0,0,1,0,0,0,0,1,5,0,0,0,0,0,0,0,0,0,0,0,0,0,,,0,0,0,0,0,0,0,0,0,0,0,0,,,,0,0,0,0,0,0,0,,0,0,0,0,,0,0,,0,0,0,0,0,0,0,0,0,0,0.0,0.0
00-0039002,S.Brown,Sydney Brown,SAF,DB,"https://static.www.nfl.com/image/upload/f_auto,q_auto/league/r3cwxtqft79kjy5nvpjm",2023,REG,PHI,12,0,0,0,0,0,0,0,0,0,0,0,0,,,0,,0,0,0,0,0,0,0,0,0,0,,0,0,0,0,0,0,0,0,0,0,0,0,0,0,,0,0,0,0,0,,0.0,0.0,0.0,0,30,2,13,1,1,1,0.0,0.0,0,1,99,3,1,0,0,0,0,0,0,0,0,0,0,0,0,0,0,0,0,0,0,0,0,0,0,0,,,0,0,0,0,0,0,0,0,0,0,0,0,,,,0,0,0,0,0,0,0,,0,0,0,0,,0,0,,0,0,0,0,0,0,0,0,0,0,0.0,0.0
00-0039003,D.Sanders,Drew Sanders,LB,LB,"https://static.www.nfl.com/image/upload/f_auto,q_auto/league/pwssntxbrgoe7n4x9b9a",2023,REG,DEN,11,0,0,0,0,0,0,0,0,0,0,0,0,,,0,,0,0,0,0,0,0,0,0,0,0,,0,0,0,0,0,0,0,0,0,0,0,0,0,0,,0,0,0,0,0,,0.0,0.0,0.0,0,11,2,11,1,2,0,0.0,0.0,0,0,0,0,0,0,0,0,0,0,1,0,0,1,15,0,0,0,0,0,0,0,0,0,0,0,0,0,,,0,0,0,0,0,0,0,0,0,0,0,0,,,,0,0,0,0,0,0,0,,0,0,0,0,,0,0,,0,0,0,0,0,0,0,0,0,0,0.0,0.0
00-0039004,C.Warren,Carter Warren,OT,OL,"https://static.www.nfl.com/image/upload/f_auto,q_auto/league/tatbe1k9y37qwi63q3yp",2023,REG,NYJ,3,0,0,0,0,0,0,0,0,0,0,0,0,,,0,,0,0,0,0,0,0,0,0,0,0,,0,0,0,0,0,0,0,0,0,0,0,0,0,0,,0,0,0,0,0,,0.0,0.0,0.0,0,2,0,0,0,0,0,0.0,0.0,0,0,0,0,0,0,0,0,1,0,0,0,0,2,10,0,0,0,0,0,0,0,0,0,0,0,0,0,,,0,0,0,0,0,0,0,0,0,0,0,0,,,,0,0,0,0,0,0,0,,0,0,0,0,,0,0,,0,0,0,0,0,0,0,0,0,0,0.0,0.0
00-0039006,F.Anudike-Uzomah,Felix Anudike-Uzomah,DE,DL,"https://static.www.nfl.com/image/upload/f_auto,q_auto/league/mvdexbrnafjhz7ld7oct",2023,REG,KC,11,0,0,0,0,0,0,0,0,0,0,0,0,,,0,,0,0,0,0,0,0,0,0,0,0,,0,0,0,0,0,0,0,0,0,0,0,0,0,0,,0,0,0,0,0,,0.0,0.0,0.0,0,7,1,6,2,6,1,0.5,1.0,7,0,0,0,0,0,0,0,0,0,0,0,0,0,0,0,0,0,0,0,0,0,0,0,0,0,0,0,,,0,0,0,0,0,0,0,0,0,0,0,0,,,,0,0,0,0,0,0,0,,0,0,0,0,,0,0,,0,0,0,0,0,0,0,0,0,0,0.0,0.0
00-0039007,G.Williams,Garrett Williams,CB,DB,"https://static.www.nfl.com/image/upload/f_auto,q_auto/league/xlczxxctbgim3ynwtsw4",2023,REG,ARI,8,0,0,0,0,0,0,0,0,0,0,0,0,,,0,,0,0,0,0,0,0,0,0,0,0,,0,0,0,0,0,0,0,0,0,0,0,0,0,0,,0,0,0,0,0,,0.0,0.0,0.0,0,16,3,4,1,2,0,0.0,0.0,0,1,0,2,0,0,0,0,0,0,0,0,0,0,0,0,0,0,0,0,0,0,0,0,0,0,0,0,,,0,0,0,0,0,0,0,0,0,0,0,0,,,,0,0,0,0,0,0,0,,0,0,0,0,,0,0,,0,0,0,0,0,0,0,0,0,0,0.0,0.0
00-0039009,D.Horton,Dylan Horton,DE,DL,"https://static.www.nfl.com/image/upload/f_auto,q_auto/league/ocqc1uhsjinyou8klloj",2023,REG,HOU,9,0,0,0,0,0,0,0,0,0,0,0,0,,,0,,0,0,0,0,0,0,0,0,0,0,,0,0,0,0,0,0,0,0,0,0,0,0,0,0,,0,0,0,0,0,,0.0,0.0,0.0,0,6,2,5,1,6,0,0.0,0.0,2,0,0,0,0,0,0,0,0,0,1,0,0,0,0,0,0,0,0,0,0,0,0,0,0,0,0,0,,,0,0,0,0,0,0,0,0,0,0,0,0,,,,0,0,0,0,0,0,0,,0,0,0,0,,0,0,,0,0,0,0,0,0,0,0,0,0,0.0,0.0
00-0039013,N.Smith,Nolan Smith,LB,LB,"https://static.www.nfl.com/image/upload/f_auto,q_auto/league/mutic3dzmrlfruwqlgcb",2023,REG,PHI,12,0,0,0,0,0,0,0,0,0,0,0,0,,,0,,0,0,0,0,0,0,0,0,0,0,,0,0,0,0,0,0,0,0,0,0,0,0,0,0,,0,0,0,0,0,,0.0,0.0,0.0,0,8,2,8,1,2,0,1.0,2.0,3,0,0,0,0,0,0,0,0,0,0,0,0,2,15,0,0,0,0,0,0,0,0,0,0,0,0,0,,,0,0,0,0,0,0,0,0,0,0,0,0,,,,0,0,0,0,0,0,0,,0,0,0,0,,0,0,,0,0,0,0,0,0,0,0,0,0,0.0,0.0
00-0039014,D.Jones,Dawand Jones,OT,OL,"https://static.www.nfl.com/image/upload/f_auto,q_auto/league/tm5zyhltmnhwcqkutc2u",2023,REG,CLE,3,0,0,0,0,0,0,0,0,0,0,0,0,,,0,,0,0,0,0,0,0,0,0,0,0,,0,0,0,0,0,0,0,0,0,0,0,0,0,0,,0,0,0,0,0,,0.0,0.0,0.0,0,0,0,0,0,0,0,0.0,0.0,0,0,0,0,0,0,0,0,1,0,0,0,0,3,20,0,0,0,0,0,0,0,0,0,0,0,0,0,,,0,0,0,0,0,0,0,0,0,0,0,0,,,,0,0,0,0,0,0,0,,0,0,0,0,,0,0,,0,0,0,0,0,0,0,0,0,0,0.0,0.0
00-0039018,J.Campbell,Jack Campbell,LB,LB,"https://static.www.nfl.com/image/upload/f_auto,q_auto/league/mmmtiej4dp5nt7giycwy",2023,REG,DET,17,0,0,0,0,0,0,0,0,0,0,0,0,,,0,,0,0,0,0,0,0,0,0,0,0,,0,0,0,0,0,0,0,0,0,0,0,0,0,0,,0,0,0,0,0,,0.0,0.0,0.0,0,43,9,43,4,17,0,2.0,14.0,3,0,0,1,0,0,0,0,0,0,0,0,0,2,20,0,0,0,0,0,0,0,0,0,0,0,0,0,,,0,0,0,0,0,0,0,0,0,0,0,0,,,,0,0,0,0,0,0,0,,0,0,0,0,,0,0,,0,0,0,0,0,0,0,0,0,0,0.0,0.0
00-0039019,J.Schmitz,John Michael Schmitz,C,OL,"https://static.www.nfl.com/image/private/f_auto,q_auto/league/viajsunbxleejrou46vu",2023,REG,NYG,3,0,0,0,0,0,0,0,0,0,0,0,0,,,0,,0,0,0,0,0,0,0,0,0,0,,0,0,0,0,0,0,0,0,0,0,0,0,0,0,,0,0,0,0,0,,0.0,0.0,0.0,0,0,0,0,0,0,0,0.0,0.0,0,0,0,0,0,0,0,0,0,-14,0,0,0,3,25,0,1,0,1,0,0,0,0,0,0,0,0,0,,,0,0,0,0,0,0,0,0,0,0,0,0,,,,0,0,0,0,0,0,0,,0,0,0,0,,0,0,,0,0,0,0,0,0,0,0,0,0,0.0,0.0
00-0039020,A.Bradford,Anthony Bradford,G,OL,"https://static.www.nfl.com/image/upload/f_auto,q_auto/league/yooqcfbbgozkkkcuhhva",2023,REG,SEA,2,0,0,0,0,0,0,0,0,0,0,0,0,,,0,,0,0,0,0,0,0,0,0,0,0,,0,0,0,0,0,0,0,0,0,0,0,0,0,0,,0,0,0,0,0,,0.0,0.0,0.0,0,0,0,0,0,0,0,0.0,0.0,0,0,0,0,0,0,0,0,0,0,0,0,0,2,20,0,0,0,0,0,0,0,0,0,0,0,0,0,,,0,0,0,0,0,0,0,0,0,0,0,0,,,,0,0,0,0,0,0,0,,0,0,0,0,,0,0,,0,0,0,0,0,0,0,0,0,0,0.0,0.0
00-0039021,R.Johnson,Roschon Johnson,RB,RB,"https://static.www.nfl.com/image/upload/f_auto,q_auto/league/gxzw5kntjivjixre9whh",2023,REG,CHI,15,0,0,0,0,0,0,0,0,0,0,0,0,,,0,,0,0,0,0,81,352,2,1,0,16,-6.616163542861621,0,8,3,2,0,34,40,209,0,0,0,-33,247,6,-6.066275085396026,0,5,2,2,0,-6.333333333333333,0.08385744234800839,-0.008741721854304637,0.11966695822399934,0,1,0,2,0,0,0,0.0,0.0,0,0,0,0,0,0,0,0,1,0,0,0,0,0,0,1,0,0,1,0,0,0,1,0,0,0,0,0,,,0,0,0,0,0,0,0,0,0,0,0,0,,,,0,0,0,0,0,0,0,,0,0,0,0,,0,0,,0,0,0,0,0,0,0,0,0,0,68.1,102.1
00-0039031,A.Adebawore,Adetomiwa Adebawore,DT,DL,"https://static.www.nfl.com/image/upload/f_auto,q_auto/league/of8dhgchuzh584ipm4ut",2023,REG,IND,5,0,0,0,0,0,0,0,0,0,0,0,0,,,0,,0,0,0,0,0,0,0,0,0,0,,0,0,0,0,0,0,0,0,0,0,0,0,0,0,,0,0,0,0,0,,0.0,0.0,0.0,0,4,0,1,1,9,0,1.5,12.5,4,0,0,0,0,0,0,0,0,0,0,0,0,1,5,0,0,0,0,0,0,0,0,0,0,0,0,0,,,0,0,0,0,0,0,0,0,0,0,0,0,,,,0,0,0,0,0,0,0,,0,0,0,0,,0,0,,0,0,0,0,0,0,0,0,0,0,0.0,0.0
00-0039032,T.Spears,Tyjae Spears,RB,RB,"https://static.www.nfl.com/image/upload/f_auto,q_auto/league/fc7vhbtw80einad9hsfu",2023,REG,TEN,17,0,0,0,0,0,0,0,0,0,0,0,0,,,0,,0,0,0,0,100,453,2,0,0,24,-0.736231872569715,0,13,10,3,0,52,70,385,1,1,0,-12,460,17,-1.360957262101093,0,13,4,4,1,-32.083333333333336,0.14644351464435146,-0.0026263952724885093,0.21782679527578522,0,2,0,0,0,0,0,0.0,0.0,0,0,0,0,0,0,0,0,1,0,0,0,0,1,10,1,0,1,1,0,0,0,13,270,0,0,0,0,,,0,0,0,0,0,0,0,0,0,0,0,0,,,,0,0,0,0,0,0,0,,0,0,0,0,,0,0,,0,0,0,0,0,0,0,0,0,0,101.80000000000001,153.8
00-0039034,P.Skoronski,Peter Skoronski,OT,OL,"https://static.www.nfl.com/image/upload/f_auto,q_auto/league/c4arvhcrnxg0y3vkzgp7",2023,REG,TEN,1,0,0,0,0,0,0,0,0,0,0,0,0,,,0,,0,0,0,0,0,0,0,0,0,0,,0,0,0,0,0,0,0,0,0,0,0,0,0,0,,0,0,0,0,0,,0.0,0.0,0.0,0,0,0,0,0,0,0,0.0,0.0,0,0,0,0,0,0,0,0,0,0,0,0,0,1,5,0,0,0,0,0,0,0,0,0,0,0,0,0,,,0,0,0,0,0,0,0,0,0,0,0,0,,,,0,0,0,0,0,0,0,,0,0,0,0,,0,0,,0,0,0,0,0,0,0,0,0,0,0.0,0.0
00-0039040,D.Achane,De'Von Achane,RB,RB,"https://static.www.nfl.com/image/upload/f_auto,q_auto/league/xk1xwio0bryfxo1ylweu",2023,REG,MIA,11,0,0,0,0,0,1,-6,0,0,0,0,0,-1.4337288234382868,,0,,0,0,0,0,103,800,8,1,1,30,33.23397523668477,0,22,16,8,5,27,37,197,3,0,0,26,262,10,1.49171892736697,0,8,3,2,0,7.576923076923077,0.06739526411657559,0.006038086391082211,0.10531955664862094,0,0,0,0,0,0,0,0.0,0.0,0,0,0,0,0,0,0,0,0,0,0,0,0,0,0,1,0,0,1,1,0,0,0,0,0,0,0,0,,,0,0,0,0,0,0,0,0,0,0,0,0,,,,0,0,0,0,0,0,0,,0,0,0,0,,0,0,,0,0,0,0,0,0,0,0,0,0,163.7,190.7
00-0039041,E.Higgins,Elijah Higgins,TE,TE,"https://static.www.nfl.com/image/upload/f_auto,q_auto/league/yjvdxmqromyt64w89bhq",2023,REG,ARI,11,0,0,0,0,0,0,0,0,0,0,0,0,,,0,,0,0,0,0,0,0,0,0,0,0,,0,0,0,0,0,14,19,163,1,0,0,128,67,9,10.236289127060445,0,7,4,3,0,1.2734375,0.03518518518518519,0.030578117534639272,0.07418246005202528,0,0,0,3,0,0,0,0.0,0.0,0,0,0,0,0,0,0,0,0,0,0,0,0,3,24,0,0,0,0,0,0,0,0,0,0,0,0,0,,,0,0,0,0,0,0,0,0,0,0,0,0,,,,0,0,0,0,0,0,0,,0,0,0,0,,0,0,,0,0,0,0,0,0,0,0,0,0,22.3,36.3
00-0039047,D.Hall,Derick Hall,LB,LB,"https://static.www.nfl.com/image/upload/f_auto,q_auto/league/gbzmlna8fujliinb6g33",2023,REG,SEA,15,0,0,0,0,0,0,0,0,0,0,0,0,,,0,,0,0,0,0,0,0,0,0,0,0,,0,0,0,0,0,0,0,0,0,0,0,0,0,0,,0,0,0,0,0,,0.0,0.0,0.0,0,14,4,20,3,4,0,0.0,0.0,5,0,0,1,0,0,0,0,0,0,0,0,0,3,18,0,0,0,0,0,0,0,0,0,0,0,0,0,,,0,0,0,0,0,0,0,0,0,0,0,0,,,,0,0,0,0,0,0,0,,0,0,0,0,,0,0,,0,0,0,0,0,0,0,0,0,0,0.0,0.0
00-0039048,M.Bergeron,Matthew Bergeron,OL,OL,"https://static.www.nfl.com/image/upload/f_auto,q_auto/league/lyfj3zqtupagc1yrcdr7",2023,REG,ATL,4,0,0,0,0,0,0,0,0,0,0,0,0,,,0,,0,0,0,0,0,0,0,0,0,0,,0,0,0,0,0,0,0,0,0,0,0,0,0,0,,0,0,0,0,0,,0.0,0.0,0.0,0,1,0,0,0,0,0,0.0,0.0,0,0,0,0,0,0,0,0,0,0,0,0,0,4,20,0,0,0,0,0,0,0,0,0,0,0,0,0,,,0,0,0,0,0,0,0,0,0,0,0,0,,,,0,0,0,0,0,0,0,,0,0,0,0,,0,0,,0,0,0,0,0,0,0,0,0,0,0.0,0.0
00-0039049,S.Dennis,SirVocea Dennis,LB,LB,"https://static.www.nfl.com/image/upload/f_auto,q_auto/league/gdi13xin0t60pyxsmjc6",2023,REG,TB,7,0,0,0,0,0,0,0,0,0,0,0,0,,,0,,0,0,0,0,0,0,0,0,0,0,,0,0,0,0,0,0,0,0,0,0,0,0,0,0,,0,0,0,0,0,,0.0,0.0,0.0,0,8,3,2,0,0,0,0.0,0.0,0,0,0,1,0,0,0,0,0,0,0,0,0,2,19,0,0,0,0,0,0,0,0,0,0,0,0,0,,,0,0,0,0,0,0,0,0,0,0,0,0,,,,0,0,0,0,0,0,0,,0,0,0,0,,0,0,,0,0,0,0,0,0,0,0,0,0,0.0,0.0
00-0039050,P.Durham,Payne Durham,TE,TE,"https://static.www.nfl.com/image/upload/f_auto,q_auto/league/ijjyd8bvvkjttepqv82u",2023,REG,TB,6,0,0,0,0,0,0,0,0,0,0,0,0,,,0,,0,0,0,0,0,0,0,0,0,0,,0,0,0,0,0,5,7,58,0,0,0,69,16,3,3.6907551045296714,0,2,1,1,0,0.8405797101449275,0.012727272727272728,0.014182939362795478,0.029018966644865925,0,0,0,0,0,0,0,0.0,0.0,0,0,0,0,0,0,0,0,0,0,0,0,0,0,0,0,0,0,0,0,0,0,0,0,0,0,0,0,,,0,0,0,0,0,0,0,0,0,0,0,0,,,,0,0,0,0,0,0,0,,0,0,0,0,,0,0,,0,0,0,0,0,0,0,0,0,0,5.800000000000001,10.8
00-0039051,J.Hayes,Josh Hayes,DB,DB,"https://static.www.nfl.com/image/upload/f_auto,q_auto/league/yikjuckgb86cwgym5tf4",2023,REG,TB,10,0,0,0,0,0,0,0,0,0,0,0,0,,,0,,0,0,0,0,0,0,0,0,0,0,,0,0,0,0,0,0,0,0,0,0,0,0,0,0,,0,0,0,0,0,,0.0,0.0,0.0,0,9,0,8,0,0,0,0.0,0.0,0,0,0,0,0,0,0,0,0,0,0,0,0,3,20,0,0,0,0,0,0,0,0,0,0,0,0,0,,,0,0,0,0,0,0,0,0,0,0,0,0,,,,0,0,0,0,0,0,0,,0,0,0,0,,0,0,,0,0,0,0,0,0,0,0,0,0,0.0,0.0
00-0039052,T.Palmer,Trey Palmer,WR,WR,"https://static.www.nfl.com/image/upload/f_auto,q_auto/league/ptc6qdhbltadeencvb9r",2023,REG,TB,17,0,0,0,0,0,0,0,0,0,0,0,0,,,0,,0,0,0,0,3,22,0,0,0,1,1.0916882276069373,0,1,1,0,0,39,68,385,3,3,1,736,103,17,-9.260565892752012,0,14,8,6,1,0.5230978260869565,0.12363636363636364,0.1512846865364851,0.29135382603008503,0,1,0,0,0,0,0,0.0,0.0,0,0,0,0,0,0,0,0,0,0,0,0,0,4,35,2,1,0,3,1,0,0,0,0,0,0,0,0,,,0,0,0,0,0,0,0,0,0,0,0,0,,,,0,0,0,0,0,0,0,,0,0,0,0,,0,0,,0,0,0,0,0,0,0,0,0,0,56.7,95.7
00-0039054,M.Mapu,Marte Mapu,LB,LB,"https://static.www.nfl.com/image/upload/f_auto,q_auto/league/yowcsdwn6r2bh5q2fpa0",2023,REG,NE,10,0,0,0,0,0,0,0,0,0,0,0,0,,,0,,0,0,0,0,0,0,0,0,0,0,,0,0,0,0,0,0,0,0,0,0,0,0,0,0,,0,0,0,0,0,,0.0,0.0,0.0,0,11,1,6,0,0,1,0.0,0.0,0,1,20,1,0,0,0,0,0,0,0,0,0,2,20,0,0,0,0,0,0,0,0,0,0,0,0,0,,,0,0,0,0,0,0,0,0,0,0,0,0,,,,0,0,0,0,0,0,0,,0,0,0,0,,0,0,,0,0,0,0,0,0,0,0,0,0,0.0,0.0
00-0039058,S.Avila,Steve Avila,G,OL,"https://static.www.nfl.com/image/upload/f_auto,q_auto/league/k8py6unecntq8dio0wrz",2023,REG,LA,2,0,0,0,0,0,0,0,0,0,0,0,0,,,0,,0,0,0,0,0,0,0,0,0,0,,0,0,0,0,0,0,0,0,0,0,0,0,0,0,,0,0,0,0,0,,0.0,0.0,0.0,0,0,0,0,0,0,0,0.0,0.0,0,0,0,0,0,0,0,0,0,0,0,0,0,2,15,0,0,0,0,0,0,0,0,0,0,0,0,0,,,0,0,0,0,0,0,0,0,0,0,0,0,,,,0,0,0,0,0,0,0,,0,0,0,0,,0,0,,0,0,0,0,0,0,0,0,0,0,0.0,0.0
00-0039059,E.Evans,Ethan Evans,P,SPEC,"https://static.www.nfl.com/image/upload/f_auto,q_auto/league/xqev6nqi3dzbwf6q5xkg",2023,REG,LA,17,0,0,0,0,0,0,0,0,0,0,0,0,,,0,,0,0,0,0,0,0,0,0,0,0,,0,0,0,0,0,0,0,0,0,0,0,0,0,0,,0,0,0,0,0,,0.0,0.0,0.0,0,0,0,0,0,0,0,0.0,0.0,0,0,0,0,0,0,0,0,0,0,0,0,0,0,0,0,0,0,0,0,0,0,0,0,0,0,0,0,,,0,0,0,0,0,0,0,0,0,0,0,0,,,,0,0,0,0,0,0,0,,0,0,0,0,,63,1,72,3101,20,7,5,7,12,32,495,2,2466,0.0,0.0
00-0039060,J.Taylor,Jason Taylor II,SAF,DB,"https://static.www.nfl.com/image/upload/f_auto,q_auto/league/aozchrij1ghc0d9lpk86",2023,REG,LA,3,0,0,0,0,0,0,0,0,0,0,0,0,,,0,,0,0,0,0,0,0,0,0,0,0,,0,0,0,0,0,0,0,0,0,0,0,0,0,0,,0,0,0,0,0,,0.0,0.0,0.0,0,4,1,0,0,0,0,0.0,0.0,0,0,0,0,0,0,0,0,0,0,0,0,0,0,0,0,0,0,0,0,0,0,0,0,0,0,0,0,,,0,0,0,0,0,0,0,0,0,0,0,0,,,,0,0,0,0,0,0,0,,0,0,0,0,,0,0,,0,0,0,0,0,0,0,0,0,0,0.0,0.0
00-0039061,D.Johnson,Desjuan Johnson,DE,DL,"https://static.www.nfl.com/image/upload/f_auto,q_auto/league/daqugeefmqpj99qzpjmh",2023,REG,LA,5,0,0,0,0,0,0,0,0,0,0,0,0,,,0,,0,0,0,0,0,0,0,0,0,0,,0,0,0,0,0,0,0,0,0,0,0,0,0,0,,0,0,0,0,0,,0.0,0.0,0.0,0,2,3,4,1,10,1,2.0,10.0,2,0,0,0,0,0,0,0,0,0,0,0,0,0,0,0,0,0,0,0,0,0,0,0,0,0,0,0,,,0,0,0,0,0,0,0,0,0,0,0,0,,,,0,0,0,0,0,0,0,,0,0,0,0,,0,0,,0,0,0,0,0,0,0,0,0,0,0.0,0.0
00-0039062,J.Mingo,Jonathan Mingo,WR,WR,"https://static.www.nfl.com/image/upload/f_auto,q_auto/league/adaubthdtcqe2ez7dw9w",2023,REG,CAR,15,0,0,0,0,0,0,0,0,0,0,0,0,,,0,,0,0,0,0,0,0,0,0,0,0,,0,0,0,0,0,43,85,418,0,1,0,921,155,15,-24.645943882652734,0,16,6,6,1,0.4538545059717698,0.15917602996254682,0.20548862115127176,0.38260607974971045,0,2,0,0,0,0,0,0.0,0.0,0,0,0,0,0,0,0,0,0,0,0,0,0,1,5,1,0,0,1,0,0,0,0,0,0,0,0,0,,,0,0,0,0,0,0,0,0,0,0,0,0,,,,0,0,0,0,0,0,0,,0,0,0,0,,0,0,,0,0,0,0,0,0,0,0,0,0,41.800000000000004,84.80000000000001
00-0039063,C.Kancey,Calijah Kancey,DT,DL,"https://static.www.nfl.com/image/upload/f_auto,q_auto/league/idizvzmzmmdkc4dprb0g",2023,REG,TB,13,0,0,0,0,0,0,0,0,0,0,0,0,,,0,,0,0,0,0,0,0,0,0,0,0,,0,0,0,0,0,0,0,0,0,0,0,0,0,0,,0,0,0,0,0,,0.0,0.0,0.0,0,17,2,7,9,34,0,4.0,22.0,12,0,0,1,0,0,0,0,0,0,0,0,0,1,5,0,0,0,0,0,0,0,0,0,0,0,0,0,,,0,0,0,0,0,0,0,0,0,0,0,0,,,,0,0,0,0,0,0,0,,0,0,0,0,,0,0,,0,0,0,0,0,0,0,0,0,0,0.0,0.0
00-0039064,Z.Flowers,Zay Flowers,WR,WR,"https://static.www.nfl.com/image/upload/f_auto,q_auto/league/sqqh8gmxdpo55qwpsszj",2023,REG,BAL,16,0,0,0,0,0,0,0,0,0,0,0,0,,,0,,0,0,0,0,8,56,1,0,0,1,4.306115789804608,0,1,1,1,0,77,108,858,5,0,0,921,387,41,28.935609554954237,1,31,18,12,4,0.9315960912052117,0.226890756302521,0.2252384446074835,0.49800304567902,0,1,0,0,0,0,0,0.0,0.0,0,0,0,0,0,0,0,0,0,0,0,0,0,0,0,0,0,0,0,0,0,0,0,0,0,0,0,0,,,0,0,0,0,0,0,0,0,0,0,0,0,,,,0,0,0,0,0,0,0,,0,0,0,0,,0,0,,0,0,0,0,0,0,0,0,0,0,129.4,206.4
00-0039065,S.LaPorta,Sam LaPorta,TE,TE,"https://static.www.nfl.com/image/upload/f_auto,q_auto/league/qfcy3taaoage00rrl0cc",2023,REG,DET,17,0,0,0,0,0,0,0,0,0,0,0,0,,,0,,0,0,0,0,1,4,0,0,0,0,0.13318984856596217,0,0,0,0,0,86,120,889,10,0,0,851,358,48,40.43289501998984,2,35,13,8,2,1.0446533490011751,0.20905923344947736,0.20827214880078315,0.4593793543347642,0,1,0,3,0,0,0,0.0,0.0,0,0,0,0,0,0,0,0,0,0,0,0,0,1,5,0,0,0,0,0,0,0,0,0,0,0,0,0,,,0,0,0,0,0,0,0,0,0,0,0,0,,,,0,0,0,0,0,0,0,,0,0,0,0,,0,0,,0,0,0,0,0,0,0,0,0,0,153.3,239.3
00-0039066,M.Mayer,Michael Mayer,TE,TE,"https://static.www.nfl.com/image/upload/f_auto,q_auto/league/crb4nzumiww6ftxcyiqm",2023,REG,LV,13,0,0,0,0,0,0,0,0,0,0,0,0,,,0,,0,0,0,0,0,0,0,0,0,0,,0,0,0,0,0,27,40,304,2,0,0,227,164,19,17.77738836945547,1,15,7,2,0,1.3392070484581498,0.07532956685499058,0.053024994160242936,0.15011184619465592,0,2,0,1,0,0,0,0.0,0.0,0,0,0,0,0,0,0,0,0,0,0,0,0,3,30,0,0,0,0,0,0,0,0,0,0,0,0,0,,,0,0,0,0,0,0,0,0,0,0,0,0,,,,0,0,0,0,0,0,0,,0,0,0,0,,0,0,,0,0,0,0,0,0,0,0,0,0,44.400000000000006,71.4
00-0039067,R.Rice,Rashee Rice,WR,WR,"https://static.www.nfl.com/image/upload/f_auto,q_auto/league/iy0uidp9wokc6a7u8lwq",2023,REG,KC,16,0,0,0,0,0,0,0,0,0,0,0,0,,,0,,0,0,0,0,1,-3,0,0,0,0,-2.2021301239728928,0,0,0,0,0,79,102,938,7,2,1,491,654,44,39.4724151469952,0,36,17,10,1,1.910386965376782,0.17028380634390652,0.1199023199023199,0.33935733344748376,0,3,0,0,0,0,0,0.0,0.0,0,0,0,0,0,0,0,0,1,0,0,0,0,2,15,2,0,0,2,1,0,0,0,0,0,0,0,0,,,0,0,0,0,0,0,0,0,0,0,0,0,,,,0,0,0,0,0,0,0,,0,0,0,0,,0,0,,0,0,0,0,0,0,0,0,0,0,133.5,212.5
00-0039068,Y.Diaby,Yaya Diaby,LB,LB,"https://static.www.nfl.com/image/upload/f_auto,q_auto/league/wccyapm2qdoidjmfveos",2023,REG,TB,15,0,0,0,0,0,0,0,0,0,0,0,0,,,0,,0,0,0,0,0,0,0,0,0,0,,0,0,0,0,0,0,0,0,0,0,0,0,0,0,,0,0,0,0,0,,0.0,0.0,0.0,0,22,3,13,10,66,1,7.5,48.0,8,0,0,0,0,0,0,0,0,0,2,0,0,2,10,0,0,0,0,0,0,0,0,0,0,0,0,0,,,0,0,0,0,0,0,0,0,0,0,0,0,,,,0,0,0,0,0,0,0,,0,0,0,0,,0,0,,0,0,0,0,0,0,0,0,0,0,0.0,0.0
00-0039070,G.Dexter,Gervon Dexter Sr.,DT,DL,"https://static.www.nfl.com/image/private/f_auto,q_auto/league/vj6m4qixxhqmufrr5ilo",2023,REG,CHI,11,0,0,0,0,0,0,0,0,0,0,0,0,,,0,,0,0,0,0,0,0,0,0,0,0,,0,0,0,0,0,0,0,0,0,0,0,0,0,0,,0,0,0,0,0,,0.0,0.0,0.0,0,12,1,7,0,0,0,2.5,11.0,12,0,0,2,0,0,0,0,0,0,0,0,0,1,15,0,0,0,0,0,0,0,0,0,0,0,0,0,,,0,0,0,0,0,0,0,0,0,0,0,0,,,,0,0,0,0,0,0,0,,0,0,0,0,,0,0,,0,0,0,0,0,0,0,0,0,0,0.0,0.0
00-0039071,T.Stevenson,Tyrique Stevenson,CB,DB,"https://static.www.nfl.com/image/upload/f_auto,q_auto/league/whzeosd28apu5wrlaixk",2023,REG,CHI,16,0,0,0,0,0,0,0,0,0,0,0,0,,,0,,0,0,0,0,0,0,0,0,0,0,,0,0,0,0,0,0,0,0,0,0,0,0,0,0,,0,0,0,0,0,,0.0,0.0,0.0,0,56,9,21,1,2,2,0.0,0.0,0,4,46,16,0,0,0,0,0,0,0,0,0,5,53,0,0,0,0,0,0,0,0,0,0,0,0,0,,,0,0,0,0,0,0,0,0,0,0,0,0,,,,0,0,0,0,0,0,0,,0,0,0,0,,0,0,,0,0,0,0,0,0,0,0,0,0,0.0,0.0
00-0039072,J.Bennett,Jakorian Bennett,DB,DB,"https://static.www.nfl.com/image/upload/f_auto,q_auto/league/faleietqfsmpnhibdhad",2023,REG,LV,10,0,0,0,0,0,0,0,0,0,0,0,0,,,0,,0,0,0,0,0,0,0,0,0,0,,0,0,0,0,0,0,0,0,0,0,0,0,0,0,,0,0,0,0,0,,0.0,0.0,0.0,0,23,1,8,0,0,0,0.0,0.0,0,0,0,3,0,0,0,0,0,0,0,0,0,4,43,0,0,0,0,0,0,0,0,0,0,0,0,0,,,0,0,0,0,0,0,0,0,0,0,0,0,,,,0,0,0,0,0,0,0,,0,0,0,0,,0,0,,0,0,0,0,0,0,0,0,0,0,0.0,0.0
00-0039074,D.Allen,Davis Allen,TE,TE,"https://static.www.nfl.com/image/upload/f_auto,q_auto/league/knzujvs0ge3lozkyilsf",2023,REG,LA,7,0,0,0,0,0,0,0,0,0,0,0,0,,,0,,0,0,0,0,0,0,0,0,0,0,,0,0,0,0,0,10,11,95,1,0,0,24,74,7,9.994334343646187,0,4,2,1,0,3.9583333333333335,0.01981981981981982,0.005325049922343022,0.033457264675369844,0,2,0,0,0,0,0,0.0,0.0,0,0,0,0,0,0,0,0,0,0,0,0,0,2,15,0,0,0,0,0,0,0,0,0,0,0,0,0,,,0,0,0,0,0,0,0,0,0,0,0,0,,,,0,0,0,0,0,0,0,,0,0,0,0,,0,0,,0,0,0,0,0,0,0,0,0,0,15.5,25.5
00-0039075,P.Nacua,Puka Nacua,WR,WR,"https://static.www.nfl.com/image/upload/f_auto,q_auto/league/zvi4hdm6fywcekfe7ceb",2023,REG,LA,17,0,0,0,0,0,0,0,0,0,0,0,0,,,0,,0,0,0,0,12,89,0,0,0,5,3.8680537542386446,0,2,2,1,0,105,160,1486,6,1,0,1453,639,68,67.80774026007683,0,59,35,25,3,1.0227116311080524,0.2882882882882883,0.32238739738185046,0.6581036105997278,0,1,0,0,0,0,0,0.0,0.0,0,0,0,0,0,0,0,0,1,0,0,0,0,5,43,1,0,0,1,0,0,0,0,0,0,0,0,0,,,0,0,0,0,0,0,0,0,0,0,0,0,,,,0,0,0,0,0,0,0,,0,0,0,0,,0,0,,0,0,0,0,0,0,0,0,0,0,193.5,298.5
00-0039076,N.Hampton,Nick Hampton,LB,LB,"https://static.www.nfl.com/image/upload/f_auto,q_auto/league/pyouk6br5ca950zlofia",2023,REG,LA,5,0,0,0,0,0,0,0,0,0,0,0,0,,,0,,0,0,0,0,0,0,0,0,0,0,,0,0,0,0,0,0,0,0,0,0,0,0,0,0,,0,0,0,0,0,,0.0,0.0,0.0,0,2,0,2,0,0,0,0.0,0.0,0,0,0,1,0,0,0,0,0,0,0,0,0,0,0,0,0,0,0,0,0,0,0,0,0,0,0,0,,,0,0,0,0,0,0,0,0,0,0,0,0,,,,0,0,0,0,0,0,0,,0,0,0,0,,0,0,,0,0,0,0,0,0,0,0,0,0,0.0,0.0
00-0039108,W.Anderson,Will Anderson Jr.,DE,DL,"https://static.www.nfl.com/image/upload/f_auto,q_auto/league/ar9k2r2btzzb10zc0xja",2023,REG,HOU,15,0,0,0,0,0,0,0,0,0,0,0,0,,,0,,0,0,0,0,0,0,0,0,0,0,,0,0,0,0,0,0,0,0,0,0,0,0,0,0,,0,0,0,0,0,,0.0,0.0,0.0,0,21,8,16,9,54,0,7.0,48.0,22,0,0,1,0,0,0,0,0,0,0,0,0,4,44,0,0,0,0,0,0,0,0,0,0,0,0,0,,,0,0,0,0,0,0,0,0,0,0,0,0,,,,0,0,0,0,0,0,0,,0,0,0,0,,0,0,,0,0,0,0,0,0,0,0,0,0,0.0,0.0
00-0039109,B.Jones,Broderick Jones,OT,OL,"https://static.www.nfl.com/image/upload/f_auto,q_auto/league/vaquwulcfwqcn8vaumac",2023,REG,PIT,4,0,0,0,0,0,0,0,0,0,0,0,0,,,0,,0,0,0,0,0,0,0,0,0,0,,0,0,0,0,0,0,0,0,0,0,0,0,0,0,,0,0,0,0,0,,0.0,0.0,0.0,0,0,0,1,0,0,0,0.0,0.0,0,0,0,0,0,0,0,0,1,0,0,0,0,3,30,0,0,0,0,0,0,0,0,0,0,0,0,0,,,0,0,0,0,0,0,0,0,0,0,0,0,,,,0,0,0,0,0,0,0,,0,0,0,0,,0,0,,0,0,0,0,0,0,0,0,0,0,0.0,0.0
00-0039110,K.Benton,Keeanu Benton,DT,DL,"https://static.www.nfl.com/image/upload/f_auto,q_auto/league/xhauoqvtf8w00rv8wtwv",2023,REG,PIT,16,0,0,0,0,0,0,0,0,0,0,0,0,,,0,,0,0,0,0,0,0,0,0,0,0,,0,0,0,0,0,0,0,0,0,0,0,0,0,0,,0,0,0,0,0,,0.0,0.0,0.0,0,14,2,20,1,9,2,1.0,9.0,8,0,0,2,0,0,0,0,0,0,0,0,0,1,5,0,0,0,0,0,0,0,0,0,0,0,0,0,,,0,0,0,0,0,0,0,0,0,0,0,0,,,,0,0,0,0,0,0,0,,0,0,0,0,,0,0,,0,0,0,0,0,0,0,0,0,0,0.0,0.0
00-0039111,T.Tuipulotu,Tuli Tuipulotu,LB,LB,"https://static.www.nfl.com/image/upload/f_auto,q_auto/league/dxdvukwnw4gk0j5ttihc",2023,REG,LAC,17,0,0,0,0,0,0,0,0,0,0,0,0,,,0,,0,0,0,0,0,0,0,0,0,0,,0,0,0,0,0,0,0,0,0,0,0,0,0,0,,0,0,0,0,0,,0.0,0.0,0.0,0,28,9,16,8,43,2,4.5,37.5,12,0,0,1,0,0,0,0,0,0,1,0,0,1,5,0,0,0,0,0,0,0,0,0,0,0,0,0,,,0,0,0,0,0,0,0,0,0,0,0,0,,,,0,0,0,0,0,0,0,,0,0,0,0,,0,0,,0,0,0,0,0,0,0,0,0,0,0.0,0.0
00-0039112,L.Van Ness,Lukas Van Ness,LB,LB,"https://static.www.nfl.com/image/upload/f_auto,q_auto/league/qxrs2r7nvy9k6hlkqvyb",2023,REG,GB,16,0,0,0,0,0,0,0,0,0,0,0,0,,,0,,0,0,0,0,0,0,0,0,0,0,,0,0,0,0,0,0,0,0,0,0,0,0,0,0,,0,0,0,0,0,,0.0,0.0,0.0,0,21,3,8,8,40,0,4.0,31.0,10,0,0,1,0,0,0,0,0,0,0,0,0,2,30,0,0,0,0,0,0,0,0,0,0,0,0,0,,,0,0,0,0,0,0,0,0,0,0,0,0,,,,0,0,0,0,0,0,0,,0,0,0,0,,0,0,,0,0,0,0,0,0,0,0,0,0,0.0,0.0
00-0039133,C.Smith,Cam Smith,CB,DB,"https://static.www.nfl.com/image/upload/f_auto,q_auto/league/wigvosz3n5ozh2uihk7o",2023,REG,MIA,2,0,0,0,0,0,0,0,0,0,0,0,0,,,0,,0,0,0,0,0,0,0,0,0,0,,0,0,0,0,0,0,0,0,0,0,0,0,0,0,,0,0,0,0,0,,0.0,0.0,0.0,0,1,0,1,0,0,0,0.0,0.0,0,0,0,0,0,0,0,0,0,0,0,0,0,0,0,0,0,0,0,0,0,0,0,0,0,0,0,0,,,0,0,0,0,0,0,0,0,0,0,0,0,,,,0,0,0,0,0,0,0,,0,0,0,0,,0,0,,0,0,0,0,0,0,0,0,0,0,0.0,0.0
00-0039134,T.Tomlinson,Tre Tomlinson,CB,DB,"https://static.www.nfl.com/image/upload/f_auto,q_auto/league/n5pfv126xw0psc0d1ydz",2023,REG,LA,9,0,0,0,0,0,0,0,0,0,0,0,0,,,0,,0,0,0,0,0,0,0,0,0,0,,0,0,0,0,0,0,0,0,0,0,0,0,0,0,,0,0,0,0,0,,0.0,0.0,0.0,0,9,2,2,0,0,0,0.0,0.0,0,0,0,0,0,0,0,0,0,0,0,0,0,4,34,0,0,0,0,0,0,0,0,0,0,0,0,0,,,0,0,0,0,0,0,0,0,0,0,0,0,,,,0,0,0,0,0,0,0,,0,0,0,0,,0,0,,0,0,0,0,0,0,0,0,0,0,0.0,0.0
00-0039135,O.Mathis,Ochaun Mathis,LB,LB,"https://static.www.nfl.com/image/upload/f_auto,q_auto/league/wk5nybgfppan8k2tai2c",2023,REG,LA,3,0,0,0,0,0,0,0,0,0,0,0,0,,,0,,0,0,0,0,0,0,0,0,0,0,,0,0,0,0,0,0,0,0,0,0,0,0,0,0,,0,0,0,0,0,,0.0,0.0,0.0,0,1,0,1,0,0,0,0.0,0.0,1,0,0,0,0,0,0,0,0,0,0,0,0,0,0,0,0,0,0,0,0,0,0,0,0,0,0,0,,,0,0,0,0,0,0,0,0,0,0,0,0,,,,0,0,0,0,0,0,0,,0,0,0,0,,0,0,,0,0,0,0,0,0,0,0,0,0,0.0,0.0
00-0039136,Z.Evans,Zach Evans,RB,RB,"https://static.www.nfl.com/image/upload/f_auto,q_auto/league/i2hxbdi464do6jaxgpua",2023,REG,LA,4,0,0,0,0,0,0,0,0,0,0,0,0,,,0,,0,0,0,0,9,19,0,0,0,0,-5.212815568695271,0,0,0,0,0,0,0,0,0,0,0,0,0,0,,0,0,0,0,0,,0.0,0.0,0.0,0,0,0,0,0,0,0,0.0,0.0,0,0,0,0,0,0,0,0,0,0,0,0,0,0,0,0,0,0,0,0,0,0,0,0,0,0,0,0,,,0,0,0,0,0,0,0,0,0,0,0,0,,,,0,0,0,0,0,0,0,,0,0,0,0,,0,0,,0,0,0,0,0,0,0,0,0,0,1.9000000000000001,1.9000000000000001
00-0039137,B.Young,Byron Young,LB,LB,"https://static.www.nfl.com/image/upload/f_auto,q_auto/league/q68ctteciw57fgxh8c4u",2023,REG,LA,17,0,0,0,0,0,0,0,0,0,0,0,0,,,0,,0,0,0,0,0,0,0,0,0,0,,0,0,0,0,0,0,0,0,0,0,0,0,0,0,,0,0,0,0,0,,0.0,0.0,0.0,0,31,11,19,6,19,2,8.0,41.0,19,0,0,0,0,0,0,0,0,0,1,0,0,0,0,0,0,0,0,0,0,0,0,0,0,0,0,0,,,0,0,0,0,0,0,0,0,0,0,0,0,,,,0,0,0,0,0,0,0,,0,0,0,0,,0,0,,0,0,0,0,0,0,0,0,0,0,0.0,0.0
00-0039138,K.Turner,Kobie Turner,DE,DL,"https://static.www.nfl.com/image/upload/f_auto,q_auto/league/tmifh6zibjgxpesgp7bf",2023,REG,LA,17,0,0,0,0,0,0,0,0,0,0,0,0,,,0,,0,0,0,0,0,0,0,0,0,0,,0,0,0,0,0,0,0,0,0,0,0,0,0,0,,0,0,0,0,0,,0.0,0.0,0.0,0,17,12,28,8,65,0,9.0,77.5,16,0,0,2,0,0,0,0,0,0,0,0,0,2,16,0,0,0,0,0,0,0,0,0,0,0,0,0,,,0,0,0,0,0,0,0,0,0,0,0,0,,,,0,0,0,0,0,0,0,,0,0,0,0,,0,0,,0,0,0,0,0,0,0,0,0,0,0.0,0.0
00-0039139,J.Gibbs,Jahmyr Gibbs,RB,RB,"https://static.www.nfl.com/image/upload/f_auto,q_auto/league/hjxk3judytgsxkqiilre",2023,REG,DET,15,0,0,0,0,0,0,0,0,0,0,0,0,,,0,,0,0,0,0,182,945,10,2,1,42,-5.18102973025623,0,27,22,10,0,52,71,316,1,0,0,8,314,20,-12.10023507666364,0,9,3,2,0,39.5,0.12369337979094076,0.0019579050416054823,0.186910603215535,0,0,0,0,0,0,0,0.0,0.0,0,0,0,0,0,0,0,0,0,0,0,0,0,0,0,2,0,1,2,1,0,0,0,0,0,0,0,0,,,0,0,0,0,0,0,0,0,0,0,0,0,,,,0,0,0,0,0,0,0,,0,0,0,0,,0,0,,0,0,0,0,0,0,0,0,0,0,190.10000000000002,242.10000000000002
00-0039140,K.Ringo,Kelee Ringo,CB,DB,"https://static.www.nfl.com/image/upload/f_auto,q_auto/league/ly44wusmozddh3mx9jqv",2023,REG,PHI,10,0,0,0,0,0,0,0,0,0,0,0,0,,,0,,0,0,0,0,0,0,0,0,0,0,,0,0,0,0,0,0,0,0,0,0,0,0,0,0,,0,0,0,0,0,,0.0,0.0,0.0,0,16,1,4,0,0,0,1.0,0.0,1,1,0,2,0,0,0,0,1,0,0,0,0,5,74,0,0,0,0,0,0,0,0,0,0,0,0,0,,,0,0,0,0,0,0,0,0,0,0,0,0,,,,0,0,0,0,0,0,0,,0,0,0,0,,0,0,,0,0,0,0,0,0,0,0,0,0,0.0,0.0
00-0039141,B.Branch,Brian Branch,CB,DB,"https://static.www.nfl.com/image/upload/f_auto,q_auto/league/zcri8hzscyasi2nhjdlk",2023,REG,DET,15,0,0,0,0,0,0,0,0,0,0,0,0,,,0,,0,0,0,0,0,0,0,0,0,0,,0,0,0,0,0,0,0,0,0,0,0,0,0,0,,0,0,0,0,0,,0.0,0.0,0.0,0,43,7,24,6,23,1,1.0,6.0,3,3,63,13,1,0,0,0,0,0,0,0,0,6,47,0,0,0,0,0,0,0,0,0,0,0,0,0,,,0,0,0,0,0,0,0,0,0,0,0,0,,,,0,0,0,0,0,0,0,,0,0,0,0,,0,0,,0,0,0,0,0,0,0,0,0,0,0.0,0.0
00-0039142,W.McDonald,Will McDonald IV,DE,DL,"https://static.www.nfl.com/image/private/f_auto,q_auto/league/nw8aiicw9bjhxaqwbeo9",2023,REG,NYJ,11,0,0,0,0,0,0,0,0,0,0,0,0,,,0,,0,0,0,0,0,0,0,0,0,0,,0,0,0,0,0,0,0,0,0,0,0,0,0,0,,0,0,0,0,0,,0.0,0.0,0.0,0,8,1,5,4,33,1,3.0,25.5,5,0,0,0,0,0,0,0,1,0,0,0,0,0,0,0,0,0,0,0,0,0,0,0,0,0,0,0,,,0,0,0,0,0,0,0,0,0,0,0,0,,,,0,0,0,0,0,0,0,,0,0,0,0,,0,0,,0,0,0,0,0,0,0,0,0,0,0.0,0.0
00-0039143,I.Foskey,Isaiah Foskey,DE,DL,"https://static.www.nfl.com/image/upload/f_auto,q_auto/league/tp8wa1rbwxtoaabgjm4r",2023,REG,NO,5,0,0,0,0,0,0,0,0,0,0,0,0,,,0,,0,0,0,0,0,0,0,0,0,0,,0,0,0,0,0,0,0,0,0,0,0,0,0,0,,0,0,0,0,0,,0.0,0.0,0.0,0,5,0,5,0,0,0,0.5,1.5,1,0,0,1,0,0,0,0,0,0,0,0,0,0,0,0,0,0,0,0,0,0,0,0,0,0,0,0,,,0,0,0,0,0,0,0,0,0,0,0,0,,,,0,0,0,0,0,0,0,,0,0,0,0,,0,0,,0,0,0,0,0,0,0,0,0,0,0.0,0.0
00-0039144,L.Musgrave,Luke Musgrave,TE,TE,"https://static.www.nfl.com/image/upload/f_auto,q_auto/league/erqld7keza48co6umuaa",2023,REG,GB,11,0,0,0,0,0,0,0,0,0,0,0,0,,,0,,0,0,0,0,0,0,0,0,0,0,,0,0,0,0,0,34,46,352,1,0,0,344,169,14,12.029787327513112,0,12,7,5,0,1.0232558139534884,0.08199643493761141,0.06963562753036437,0.17173959167767217,0,0,0,0,0,0,0,0.0,0.0,0,0,0,0,0,0,0,0,0,0,0,0,0,1,5,0,0,0,0,0,0,0,0,0,0,0,0,0,,,0,0,0,0,0,0,0,0,0,0,0,0,,,,0,0,0,0,0,0,0,,0,0,0,0,,0,0,,0,0,0,0,0,0,0,0,0,0,41.2,75.2
00-0039145,J.Tippmann,Joe Tippmann,C,OL,"https://static.www.nfl.com/image/upload/f_auto,q_auto/league/q8sbzzwjkyb42gn9shb3",2023,REG,NYJ,5,0,0,0,0,0,0,0,0,0,0,0,0,,,0,,0,0,0,0,0,0,0,0,0,0,,0,0,0,0,0,0,0,0,0,0,0,0,0,0,,0,0,0,0,0,,0.0,0.0,0.0,0,0,0,0,0,0,0,0.0,0.0,0,0,0,0,0,0,0,0,0,0,0,0,0,5,30,0,0,0,0,0,0,0,0,0,0,0,0,0,,,0,0,0,0,0,0,0,0,0,0,0,0,,,,0,0,0,0,0,0,0,,0,0,0,0,,0,0,,0,0,0,0,0,0,0,0,0,0,0.0,0.0
00-0039146,J.Reed,Jayden Reed,WR,WR,"https://static.www.nfl.com/image/upload/f_auto,q_auto/league/blh2tfg9qjthqo2g6ot4",2023,REG,GB,16,0,0,0,0,0,0,0,0,0,0,0,0,,,0,,0,0,0,0,11,119,2,0,0,6,4.534427440186962,0,6,6,3,0,64,94,793,8,0,0,970,335,32,34.3522616618623,1,29,17,13,3,0.8175257731958763,0.16755793226381463,0.19635627530364372,0.38878629110827256,0,1,0,0,0,0,0,0.0,0.0,0,0,0,0,0,2,0,0,1,0,0,0,0,3,20,0,2,0,2,0,11,94,0,0,0,0,0,0,,,0,0,0,0,0,0,0,0,0,0,0,0,,,,0,0,0,0,0,0,0,,0,0,0,0,,0,0,,0,0,0,0,0,0,0,0,0,0,153.2,217.2
00-0039147,C.Gonzalez,Christian Gonzalez,CB,DB,"https://static.www.nfl.com/image/upload/f_auto,q_auto/league/iua1eh08ixdlgp2qisst",2023,REG,NE,4,0,0,0,0,0,0,0,0,0,0,0,0,,,0,,0,0,0,0,0,0,0,0,0,0,,0,0,0,0,0,0,0,0,0,0,0,0,0,0,,0,0,0,0,0,,0.0,0.0,0.0,0,14,0,3,1,8,0,1.0,8.0,1,1,0,3,0,0,0,0,0,0,0,0,0,0,0,0,0,0,0,0,0,0,0,0,0,0,0,0,,,0,0,0,0,0,0,0,0,0,0,0,0,,,,0,0,0,0,0,0,0,,0,0,0,0,,0,0,,0,0,0,0,0,0,0,0,0,0,0.0,0.0
00-0039148,K.White,Keion White,DE,DL,"https://static.www.nfl.com/image/upload/f_auto,q_auto/league/wkq3kmgtrqxsndffclam",2023,REG,NE,12,0,0,0,0,0,0,0,0,0,0,0,0,,,0,,0,0,0,0,0,0,0,0,0,0,,0,0,0,0,0,0,0,0,0,0,0,0,0,0,,0,0,0,0,0,,0.0,0.0,0.0,0,10,2,14,2,17,0,1.0,9.0,5,0,0,3,0,0,0,0,0,0,0,0,0,1,8,0,0,0,0,0,0,0,0,0,0,0,0,0,,,0,0,0,0,0,0,0,0,0,0,0,0,,,,0,0,0,0,0,0,0,,0,0,0,0,,0,0,,0,0,0,0,0,0,0,0,0,0,0.0,0.0
00-0039149,J.Martin,Quan Martin,SAF,DB,"https://static.www.nfl.com/image/upload/f_auto,q_auto/league/mqvepjtbymevlwn2c7qj",2023,REG,WAS,14,0,0,0,0,0,0,0,0,0,0,0,0,,,0,,0,0,0,0,0,0,0,0,0,0,,0,0,0,0,0,0,0,0,0,0,0,0,0,0,,0,0,0,0,0,,0.0,0.0,0.0,0,25,3,18,1,10,0,1.0,0.0,1,2,7,4,0,0,0,0,0,0,0,0,0,1,10,0,0,0,0,0,0,0,0,0,0,0,0,0,,,0,0,0,0,0,0,0,0,0,0,0,0,,,,0,0,0,0,0,0,0,,0,0,0,0,,0,0,,0,0,0,0,0,0,0,0,0,0,0.0,0.0
00-0039150,B.Young,Bryce Young,QB,QB,"https://static.www.nfl.com/image/upload/f_auto,q_auto/league/qy1lfhlzhiacsyzzm1j7",2023,REG,CAR,16,315,527,2877,11,10,62,-477,9,6,4009,1300,133,-159.2734418747372,-1.4098406276282143,1,0.7176353205288102,109,48,26,4,39,253,0,2,0,18,22.669299519575787,1,9,7,3,0,0,0,0,0,0,0,0,0,0,,0,0,0,0,0,,0.0,0.0,0.0,0,0,0,0,0,0,0,0.0,0.0,0,0,0,0,0,0,0,0,4,0,0,0,0,2,25,7,4,1,11,6,0,0,0,0,0,0,0,0,,,0,0,0,0,0,0,0,0,0,0,0,0,,,,0,0,0,0,0,0,0,,0,0,0,0,,0,0,,0,0,0,0,0,0,0,0,0,0,156.38,156.38
00-0039151,E.Forbes,Emmanuel Forbes,CB,DB,"https://static.www.nfl.com/image/upload/f_auto,q_auto/league/zuqfigu7eadzoeo0uymt",2023,REG,WAS,12,0,0,0,0,0,0,0,0,0,0,0,0,,,0,,0,0,0,0,0,0,0,0,0,0,,0,0,0,0,0,0,0,0,0,0,0,0,0,0,,0,0,0,0,0,,0.0,0.0,0.0,0,31,4,3,2,6,0,0.0,0.0,0,1,3,11,0,1,0,0,0,0,0,0,0,3,35,0,1,1,1,0,0,0,0,0,0,0,0,0,,,0,0,0,0,0,0,0,0,0,0,0,0,,,,0,0,0,0,0,0,0,,0,0,0,0,,0,0,,0,0,0,0,0,0,0,0,0,0,0.0,0.0
00-0039152,W.Levis,Will Levis,QB,QB,"https://static.www.nfl.com/image/upload/f_auto,q_auto/league/n7usvaleeuqvwomo68kf",2023,REG,TEN,9,149,255,1808,8,4,28,-185,5,2,2688,746,81,-12.83349083961092,-0.38261012389109683,1,0.6726190476190477,71,43,32,5,25,57,1,2,2,7,-9.428326834575273,0,2,0,0,0,0,0,0,0,0,0,0,0,0,,0,0,0,0,0,,0.0,0.0,0.0,0,0,0,0,0,0,0,0.0,0.0,0,0,0,0,0,0,0,0,1,-15,1,0,0,1,5,5,2,1,7,4,0,0,0,0,0,0,0,0,,,0,0,0,0,0,0,0,0,0,0,0,0,,,,0,0,0,0,0,0,0,,0,0,0,0,,0,0,,0,0,0,0,0,0,0,0,0,0,102.02000000000001,102.02000000000001
00-0039155,B.Ojulari,BJ Ojulari,LB,LB,"https://static.www.nfl.com/image/upload/f_auto,q_auto/league/yiulza2bhdta4aegzpnm",2023,REG,ARI,13,0,0,0,0,0,0,0,0,0,0,0,0,,,0,,0,0,0,0,0,0,0,0,0,0,,0,0,0,0,0,0,0,0,0,0,0,0,0,0,,0,0,0,0,0,,0.0,0.0,0.0,0,19,4,17,5,29,0,4.0,28.0,6,0,0,1,0,0,0,0,0,0,0,0,0,0,0,0,0,0,0,0,0,0,0,0,0,0,0,0,,,0,0,0,0,0,0,0,0,0,0,0,0,,,,0,0,0,0,0,0,0,,0,0,0,0,,0,0,,0,0,0,0,0,0,0,0,0,0,0.0,0.0
00-0039156,J.Brents,Julius Brents,CB,DB,"https://static.www.nfl.com/image/upload/f_auto,q_auto/league/chqdioyasofpjnu25iqi",2023,REG,IND,8,0,0,0,0,0,0,0,0,0,0,0,0,,,0,,0,0,0,0,0,0,0,0,0,0,,0,0,0,0,0,0,0,0,0,0,0,0,0,0,,0,0,0,0,0,,0.0,0.0,0.0,0,28,2,13,0,0,1,0.0,0.0,0,1,0,6,0,0,0,0,0,0,1,0,0,2,19,0,0,0,0,0,0,0,0,0,0,0,0,0,,,0,0,0,0,0,0,0,0,0,0,0,0,,,,0,0,0,0,0,0,0,,0,0,0,0,,0,0,,0,0,0,0,0,0,0,0,0,0,0.0,0.0
00-0039157,C.Mauch,Cody Mauch,G,OL,"https://static.www.nfl.com/image/upload/f_auto,q_auto/league/m0851jmhecw29hxwlygs",2023,REG,TB,4,0,0,0,0,0,0,0,0,0,0,0,0,,,0,,0,0,0,0,0,0,0,0,0,0,,0,0,0,0,0,0,0,0,0,0,0,0,0,0,,0,0,0,0,0,,0.0,0.0,0.0,0,0,0,0,0,0,0,0.0,0.0,0,0,0,0,0,0,0,0,0,0,0,0,0,4,34,0,0,0,0,0,0,0,0,0,0,0,0,0,,,0,0,0,0,0,0,0,0,0,0,0,0,,,,0,0,0,0,0,0,0,,0,0,0,0,,0,0,,0,0,0,0,0,0,0,0,0,0,0.0,0.0
00-0039158,B.Freeland,Blake Freeland,OT,OL,"https://static.www.nfl.com/image/upload/f_auto,q_auto/league/jehv0joja3f4ansvv4ng",2023,REG,IND,4,0,0,0,0,0,0,0,0,0,0,0,0,,,0,,0,0,0,0,0,0,0,0,0,0,,0,0,0,0,0,0,0,0,0,0,0,0,0,0,,0,0,0,0,0,,0.0,0.0,0.0,0,0,0,0,0,0,0,0.0,0.0,0,0,0,0,0,0,0,0,0,0,0,0,0,5,25,0,0,0,0,0,0,0,0,0,0,0,0,0,,,0,0,0,0,0,0,0,0,0,0,0,0,,,,0,0,0,0,0,0,0,,0,0,0,0,,0,0,,0,0,0,0,0,0,0,0,0,0,0.0,0.0
00-0039163,C.Stroud,C.J. Stroud,QB,QB,"https://static.www.nfl.com/image/upload/f_auto,q_auto/league/tt4zrtxlhifaljhj0rn7",2023,REG,HOU,15,319,499,4108,23,5,38,-331,6,3,4481,1762,188,61.98517261070857,0.21033499922071183,0,0.9167596518634233,160,94,66,9,39,167,3,2,1,17,6.110495691349247,1,8,3,0,0,1,1,0,0,0,0,-1,1,0,-0.873243719805032,0,0,0,0,0,0.0,0.0017667844522968198,-0.00019316206297083252,0.0025149632343656465,0,0,0,0,0,0,0,0.0,0.0,0,0,0,0,0,0,0,0,1,-10,0,0,0,1,14,5,3,1,8,4,0,0,0,0,0,0,0,0,,,0,0,0,0,0,0,0,0,0,0,0,0,,,,0,0,0,0,0,0,0,,0,0,0,0,,0,0,,0,0,0,0,0,0,0,0,0,0,275.02,276.02
00-0039164,A.Richardson,Anthony Richardson,QB,QB,"https://static.www.nfl.com/image/upload/f_auto,q_auto/league/wrddeyklfcgk9qybgofq",2023,REG,IND,4,50,84,577,3,1,7,-29,1,0,676,297,31,6.693791287072113,-7.687461891292054,2,0.8535502958579881,20,11,9,0,25,136,4,2,1,8,0.4301043392624706,0,4,4,1,0,0,0,0,0,0,0,0,0,0,,0,0,0,0,0,,0.0,0.0,0.0,0,0,0,0,0,0,0,0.0,0.0,0,0,0,0,0,0,0,0,1,-9,0,0,0,0,0,2,1,1,3,1,0,0,0,0,0,0,0,0,,,0,0,0,0,0,0,0,0,0,0,0,0,,,,0,0,0,0,0,0,0,,0,0,0,0,,0,0,,0,0,0,0,0,0,0,0,0,0,72.68,72.68
00-0039165,Z.Charbonnet,Zach Charbonnet,RB,RB,"https://static.www.nfl.com/image/upload/f_auto,q_auto/league/jqbzg5e8pdltbnb7hc8p",2023,REG,SEA,16,0,0,0,0,0,0,0,0,0,0,0,0,,,0,,0,0,0,0,108,462,1,0,0,32,-7.121667024652782,0,16,10,4,0,33,40,209,0,0,0,-41,248,7,-4.6932113845278245,0,5,1,1,0,-5.097560975609756,0.07312614259597806,-0.00994904149478282,0.10272488484761913,0,0,0,1,0,0,0,0.0,0.0,0,0,0,0,0,0,0,0,0,0,0,0,0,1,5,0,0,0,0,0,0,0,0,0,0,0,0,0,,,0,0,0,0,0,0,0,0,0,0,0,0,,,,0,0,0,0,0,0,0,,0,0,0,0,,0,0,,0,0,0,0,0,0,0,0,0,0,73.10000000000001,106.10000000000001
00-0039167,J.Porter,Joey Porter Jr.,CB,DB,"https://static.www.nfl.com/image/upload/f_auto,q_auto/league/pcan3dqynqusx1ltmecf",2023,REG,PIT,16,0,0,0,0,0,0,0,0,0,0,0,0,,,0,,0,0,0,0,0,0,0,0,0,0,,0,0,0,0,0,0,0,0,0,0,0,0,0,0,,0,0,0,0,0,,0.0,0.0,0.0,0,29,3,11,1,5,0,0.0,0.0,0,1,0,10,0,0,0,0,0,0,0,0,0,8,75,0,0,0,0,0,0,0,0,0,0,0,0,0,,,0,0,0,0,0,0,0,0,0,0,0,0,,,,0,0,0,0,0,0,0,,0,0,0,0,,0,0,,0,0,0,0,0,0,0,0,0,0,0.0,0.0
00-0039169,D.Witherspoon,Devon Witherspoon,CB,DB,"https://static.www.nfl.com/image/upload/f_auto,q_auto/league/zlp8cnwllrdonrcmoxpl",2023,REG,SEA,14,0,0,0,0,0,0,0,0,0,0,0,0,,,0,,0,0,0,0,0,0,0,0,0,0,,0,0,0,0,0,0,0,0,0,0,0,0,0,0,,0,0,0,0,0,,0.0,0.0,0.0,0,48,8,23,7,31,1,3.0,19.0,4,1,97,16,1,0,0,0,0,0,0,0,0,5,47,0,0,0,0,0,0,0,0,0,0,0,0,0,,,0,0,0,0,0,0,0,0,0,0,0,0,,,,0,0,0,0,0,0,0,,0,0,0,0,,0,0,,0,0,0,0,0,0,0,0,0,0,0.0,0.0
,,,,,,2023,REG,MIA,272,0,0,0,0,0,0,0,0,0,0,0,0,,,0,,0,0,0,0,0,0,0,0,0,0,,0,0,0,0,0,0,0,0,0,0,0,0,0,0,,0,0,0,0,0,,0.0,0.0,0.0,0,0,0,0,0,0,0,0.0,0.0,0,0,0,0,0,0,9,0,0,0,0,0,0,255,1282,0,0,0,0,0,0,0,0,0,0,0,0,0,,,0,0,0,0,0,0,0,0,0,0,0,0,,,,0,0,0,0,0,0,0,,0,0,0,0,,0,0,,0,0,0,0,0,0,0,0,0,0,0.0,0.0
