season,team,position,depth_chart_position,jersey_number,status,full_name,first_name,last_name,birth_date,height,weight,college,gsis_id,espn_id,sportradar_id,yahoo_id,rotowire_id,pff_id,pfr_id,fantasy_data_id,sleeper_id,years_exp,headshot_url,ngs_position,week,game_type,status_description_abbr,football_name,esb_id,gsis_it_id,smart_id,entry_year,rookie_year,draft_club,draft_number
2022,TB,QB,QB,12,ACT,Tom Brady,Tom,Brady,1977-08-03,76.0,225,Michigan,00-0019596,2330,41c44740-d0f6-44ab-8347-3b5d515e5ecf,5228,1350,698,BradTo00,4314,167,22,"https://static.www.nfl.com/image/private/f_auto,q_auto/league/q7dpdlxyu5rs05rgh1le",QB,19,WC,A01,Tom,BRA371156,25511,32004252-4137-1156-7ed0-8b9e44948f13,2000,2000,NE,199
2022,DAL,OL,T,71,INA,Jason Peters,Jason,Peters,1982-01-22,76.0,328,Arkansas,00-0022531,6012,46aab8e6-3ca9-4213-a6cb-87db90786f6b,7122,3874,2148,,8920,412,18,"https://static.www.nfl.com/image/private/f_auto,q_auto/league/ma7bkdymewzelolhydoc",,20,DIV,A01,Jason,PET150539,29550,32005045-5415-0539-96c0-31361312950f,2004,2004,,
2022,ARI,P,P,14,ACT,Andy Lee,Andy,Lee,1982-08-11,73.0,185,Pittsburgh,00-0022824,5713,edaad8e3-62cd-4715-b225-0010ee9825a0,6947,4044,1906,LeexAn20,3100,112,18,"https://static.www.nfl.com/image/private/f_auto,q_auto/league/bfozbs2h9jueavslvw3z",,18,REG,A01,Andy,LEE008195,29141,32004c45-4500-8195-3f84-7c9db88c8928,2004,2004,SF,188
2022,SF,K,K,9,ACT,Robbie Gould,Robbie,Gould,1982-12-06,72.0,190,Penn State,00-0023252,9354,abd73d50-ce60-47f1-b37f-2f9a05b0d7b9,7520,4686,2607,,1410,49,17,"https://static.www.nfl.com/image/private/f_auto,q_auto/league/uakpiwhnutg2rvoyrmgh",,21,CON,A01,Robbie,GOU258729,30403,3200474f-5525-8729-db48-d9e3a46235a3,2005,2005,,
2022,GB,QB,QB,12,ACT,Aaron Rodgers,Aaron,Rodgers,1983-12-02,74.0,225,California,00-0023459,8439,0ce48193-e2fa-466e-a986-33f751add206,7200,4307,2241,RodgAa00,2593,96,17,"https://static.www.nfl.com/image/private/f_auto,q_auto/league/mee42twdk3qpcdotzdka",QB,18,REG,A01,Aaron,ROD339293,29851,3200524f-4433-9293-a3cf-ad7758d03003,2005,2005,GB,24
2022,SF,RB,RB,21,RET,Frank Gore,Frank,Gore,1983-05-14,69.0,212,Miami,00-0023500,8479,6a2b129d-a9e5-4131-b491-82269b323f77,7241,4400,2282,GoreFr00,5820,232,17,"https://static.www.nfl.com/image/private/f_auto,q_auto/league/lxxkhd2suyalrbruzut7",,21,CON,R02,Frank,GOR411171,29892,3200474f-5241-1171-e932-18530d86ff0c,2005,2005,SF,65
2022,ARI,K,K,5,ACT,Matt Prater,Matt,Prater,1984-08-10,70.0,201,Central Florida,00-0023853,11122,67f5e782-f91c-4536-9818-cf4a0e7e821d,8565,5051,3471,,549,17,16,"https://static.www.nfl.com/image/private/f_auto,q_auto/league/tefurlijv7jypsujufkv",,18,REG,A01,Matt,PRA143616,31446,32005052-4114-3616-ccef-0127103fb075,2006,2006,,
2022,GB,TE,TE,89,ACT,Marcedes Lewis,Marcedes,Lewis,1984-05-19,78.0,267,UCLA,00-0024243,9614,9c21e9af-681c-41ef-9b00-fbc9e1668ed1,7777,4891,2973,LewiMa00,3061,111,16,"https://static.www.nfl.com/image/private/f_auto,q_auto/league/kbqyepybd9wbk1nvykx4",TE,18,REG,A01,Marcedes,LEW492053,30842,32004c45-5749-2053-af92-a96945af706a,2006,2006,JAX,28
2022,LA,OL,T,77,RET,Andrew Whitworth,Andrew,Whitworth,1981-12-12,79.0,330,Louisiana State,00-0024270,,,,,,,,,16,"https://static.www.nfl.com/image/private/f_auto,q_auto/league/jcpd1mheqjofcqoy8bd5",,18,REG,R02,Andrew,WHI825900,30869,32005748-4982-5900-e93f-eb602e0a7d0b,2006,2006,CIN,55
2022,BAL,P,P,4,RET,Sam Koch,Sam,Koch,1982-08-13,73.0,222,Nebraska,00-0024417,9789,544e4159-3da3-47ad-866c-bf48d7634f25,7952,7073,3148,KochSa20,430,13,16,"https://static.www.nfl.com/image/private/f_auto,q_auto/league/dw34lcf6qit1i1knjhpv",,19,WC,R02,Sam,KOC420430,31018,32004b4f-4342-0430-38c8-f7582cd5f048,2006,2006,BAL,203
2022,NE,K,K,6,ACT,Nick Folk,Nick,Folk,1984-11-05,73.0,222,Arizona,00-0025565,10621,b37c621e-1125-4c35-bea0-fcabb1527060,8432,5365,,FolkNi20,11694,650,15,"https://static.www.nfl.com/image/private/f_auto,q_auto/league/dzy0hpdmdtd2zxzpaybr",,18,REG,A01,Nick,FOL378021,32371,3200464f-4c37-8021-409f-36e78a589e4b,2007,2007,DAL,178
2022,GB,K,K,2,ACT,Mason Crosby,Mason,Crosby,1984-09-03,73.0,207,Colorado,00-0025580,10636,e0856548-6fd5-4f83-9aa0-91f1bf4cbbd8,8447,5363,3809,CrosMa20,1694,59,15,"https://static.www.nfl.com/image/private/f_auto,q_auto/league/usbwgcjsdcugjafgjzvt",,18,REG,A01,Mason,CRO369933,32386,32004352-4f36-9933-a863-d4bf2cc5772e,2007,2007,GB,193
2022,CIN,LS,LS,46,RES,Clark Harris,Clark,Harris,1984-07-10,77.0,250,Rutgers,00-0025630,10686,d7eec5c7-c401-485e-b0c8-fb0784c07b27,8497,5308,3859,HarrCl20,12330,738,15,"https://static.www.nfl.com/image/private/f_auto,q_auto/league/uzlssqn1cw3yxntldmhy",,21,CON,R01,Clark,HAR351770,32436,32004841-5235-1770-ad8b-c366544f217d,2007,2007,GB,243
2022,PHI,P,P,13,INA,Brett Kern,Brett,Kern,1986-02-17,74.0,214,Toledo,00-0025825,11555,9aec0e35-cef7-4093-8de6-49868ca8644b,9070,6315,4580,,10067,497,14,"https://static.www.nfl.com/image/private/f_auto,q_auto/league/dbph1kuozunx3aorpeiw",,22,SB,A01,Brett,KER326640,33338,32004b45-5232-6640-3d9d-98cba8c08416,2008,2008,,
2022,CAR,LS,LS,44,ACT,J.J. Jansen,Jeffrey,Jansen,1986-01-20,74.0,235,Notre Dame,00-0026027,,,,,,,,,14,"https://static.www.nfl.com/image/private/f_auto,q_auto/league/ugmw3fc7mdwii0yduihz",,18,REG,A01,J.J.,JAN681650,33557,32004a41-4e68-1650-bdb2-b3ecc68bb736,2008,2008,,
2022,IND,QB,QB,2,ACT,Matt Ryan,Matthew,Ryan,1985-05-17,76.0,217,Boston College,00-0026143,11237,7e648a0b-fdc8-4661-a587-5826f2cac11b,8780,5610,4317,RyanMa00,732,24,14,"https://static.www.nfl.com/image/private/f_auto,q_auto/league/s6zam4ekrrnonsck6vak",,18,REG,A01,Matt,RYA238179,33084,32005259-4123-8179-1aae-5603693aba86,2008,2008,ATL,3
2022,NYJ,QB,QB,19,ACT,Joe Flacco,Joseph,Flacco,1985-01-16,78.0,245,Delaware,00-0026158,11252,64797df2-efd3-4b27-86ee-1d48f7edb09f,8795,5648,4332,FlacJo00,611,19,14,"https://static.www.nfl.com/image/private/f_auto,q_auto/league/zg6azyjniovtgb7vdssz",QB,18,REG,A01,Joe,FLA009602,33099,3200464c-4100-9602-96e8-665718e215c0,2008,2008,BAL,18
2022,NYJ,OL,T,71,RES,Duane Brown,Duane,Brown,1985-08-30,76.0,315,Virginia Tech,00-0026166,,,,,,,,,14,"https://static.www.nfl.com/image/private/f_auto,q_auto/league/oo4wdp0wxeyowhqtbor9",,18,REG,R01,Duane,BRO408217,33107,32004252-4f40-8217-b6d5-7b42b3df2aa2,2008,2008,HOU,26
2022,BAL,WR,WR,15,CUT,DeSean Jackson,DeSean,Jackson,1986-12-01,70.0,175,California,00-0026189,11283,3e618eb6-41f2-4f20-ad70-2460f9366f43,8826,5581,4363,JackDe00,3943,147,14,"https://static.www.nfl.com/image/private/f_auto,q_auto/league/pr5m864fqvnoozihylrh",,19,WC,W03,DeSean,JAC127681,33130,32004a41-4312-7681-93f9-b06ab3ee3184,2008,2008,PHI,49
2022,BAL,DL,DE,93,ACT,Calais Campbell,Calais,Campbell,1986-09-01,80.0,300,Miami,00-0026190,11284,0333b8f0-3aab-45aa-a684-6d402a309413,8827,5587,4364,CampCa99,3341,125,14,"https://static.www.nfl.com/image/private/f_auto,q_auto/league/iwzrhl7qp6toisge1an0",INTERIOR_LINE,19,WC,A01,Calais,CAM208843,33131,32004341-4d20-8843-b05a-24f8ec79f300,2008,2008,ARI,50
2022,KC,QB,QB,4,ACT,Chad Henne,Chad,Henne,1985-07-02,75.0,222,Michigan,00-0026197,11291,f55053e4-4bfd-495d-981a-d62e3662f01b,8834,5685,4371,HennCh01,2405,89,14,"https://static.www.nfl.com/image/private/f_auto,q_auto/league/ornr9pcnzveqlntqc7jx",,22,SB,A01,Chad,HEN507580,33138,32004845-4e50-7580-e49c-f07a94f3aec4,2008,2008,MIA,57
2022,NE,WR,WR,18,ACT,Matt Slater,Matthew,Slater,1985-09-09,72.0,205,UCLA,00-0026293,11387,9d404288-65c5-414f-8ea5-ceb97eccaea0,8930,5786,4467,SlatMa00,7651,312,14,"https://static.www.nfl.com/image/private/f_auto,q_auto/league/rfmypyxtmwqfwswqunaq",,18,REG,A01,Matt,SLA420538,33234,3200534c-4142-0538-6b7d-15160d047894,2008,2008,NE,153
2022,SF,QB,QB,17,ACT,Josh Johnson,Joshua,Johnson,1986-05-15,74.0,219,San Diego,00-0026300,11394,73e133bf-d3f7-4fda-bd25-2fde66cb8ee1,8937,5653,4474,JohnJo05,6489,260,14,"https://static.www.nfl.com/image/private/f_auto,q_auto/league/cr9xb7ode8isteiidqix",QB,21,CON,A01,Josh,JOH000001,33241,32004a4f-4800-0001-966a-b4f304503fea,2008,2008,TB,160
2022,LA,QB,QB,9,RES,Matthew Stafford,John,Stafford,1988-02-07,75.0,220,Georgia,00-0026498,12483,ade43b1a-0601-4672-83b6-d246bc066a19,9265,5971,4924,StafMa00,9038,421,13,"https://static.www.nfl.com/image/private/f_auto,q_auto/league/eteieq8zzws1fbcgzbip",,18,REG,R01,Matthew,STA134157,34452,32005354-4113-4157-19b1-37e6835d09b9,2009,2009,DET,1
2022,LAC,QB,QB,4,ACT,Chase Daniel,William,Daniel,1986-10-07,72.0,229,Missouri,00-0026544,12471,0045a36c-f464-49e0-a25a-9210edc94bc1,9678,6162,5214,,9902,490,13,"https://static.www.nfl.com/image/private/f_auto,q_auto/league/jt8fvgeyuhsbpo9m9t4x",,19,WC,A01,Chase,DAN230354,34754,32004441-4e23-0354-f686-46d36ead5645,2009,2009,,
2022,NE,QB,QB,5,RES,Brian Hoyer,Brian,Hoyer,1985-10-13,74.0,215,Michigan State,00-0026625,12477,af4ba620-2f00-4b00-9111-7897f2b1cde8,9547,6140,5277,,8358,345,13,"https://static.www.nfl.com/image/private/f_auto,q_auto/league/u0xo8skri7jc8abzzdts",,18,REG,R01,Brian,HOY440791,34843,3200484f-5944-0791-71d1-a8236e0d6f80,2009,2009,,
2022,JAX,LS,LS,89,DEV,Garrison Sanborn,Garrison,Sanborn,1985-07-31,73.0,240,Florida State,00-0026844,,,,,,,,,13,"https://static.www.nfl.com/image/private/f_auto,q_auto/league/hf5lgpcdcidclrjmppfy",,20,DIV,P07,Garrison,SAN042512,35072,32005341-4e04-2512-f951-78befecb91c6,2009,2009,,
2022,NYG,K,K,9,ACT,Graham Gano,Graham,Gano,1987-04-09,74.0,202,Florida State,00-0026858,12460,63f8a401-f308-4463-9d0b-4335b98da682,9526,6045,5443,,10333,503,13,"https://static.www.nfl.com/image/private/f_auto,q_auto/league/owrnm7ulfxu6nqbdyxop",,20,DIV,A01,Graham,GAN308500,35102,32004741-4e30-8500-b62f-cb2bc1d26244,2009,2009,,
2022,TB,K,K,3,ACT,Ryan Succop,Ryan,Succop,1986-09-19,74.0,218,South Carolina,00-0026968,12731,ecc4f0c1-64e0-46cc-9b58-91c2b215e62a,9520,6150,5180,SuccRy44,8750,391,13,"https://static.www.nfl.com/image/private/f_auto,q_auto/league/sbdymbap2wadw2jbey6w",,19,WC,A01,Ryan,SUC073828,34707,32005355-4307-3828-6982-7ecebf5df339,2009,2009,KC,256
2022,NO,DB,SS,27,RET,Malcolm Jenkins,Malcolm,Jenkins,1987-12-20,72.0,204,Ohio State,00-0026990,12426,0a4c5237-08a4-41d5-873d-18f70c025149,9278,6086,4937,JenkMa99,9196,444,13,"https://static.www.nfl.com/image/private/f_auto,q_auto/league/mbjf9xp0ilh4vbbwyzwi",,18,REG,R02,Malcolm,JEN372222,34465,32004a45-4e37-2222-54a5-49c78979aed5,2009,2009,NO,14
2022,SF,OL,C,50,RET,Alex Mack,Alex,Mack,1985-11-19,76.0,311,California,00-0026997,,,,,,,,,13,"https://static.www.nfl.com/image/private/f_auto,q_auto/league/ebzxqyz5e7h7wrszr5vn",,21,CON,R02,Alex,MAC273212,34472,32004d41-4327-3212-1e14-4e6c9383176b,2009,2009,CLE,21
2022,CIN,P,P,10,DEV,Kevin Huber,Kevin,Huber,1985-07-16,73.0,211,Cincinnati,00-0027103,12669,d14302ef-0224-4c92-961a-6d10452936ff,9406,7087,5066,HubeKe20,8433,353,13,"https://static.www.nfl.com/image/private/f_auto,q_auto/league/yrd8jgpvefr8jvu7oejg",,21,CON,P07,Kevin,HUB689771,34593,32004855-4268-9771-ea36-7d1952b010f7,2009,2009,CIN,142
2022,MIA,P,P,4,ACT,Thomas Morstead,Thomas,Morstead,1986-03-08,76.0,235,Southern Methodist,00-0027114,12701,e5371625-0c83-4f1f-9252-c7e0b6bc616e,9428,6301,5088,MorsTh00,9201,445,13,"https://static.www.nfl.com/image/private/f_auto,q_auto/league/lbthn3nmz0qcf9uoma1q",,19,WC,A01,Thomas,MOR758512,34615,32004d4f-5275-8512-839f-313ab30fb191,2009,2009,NO,164
2022,DAL,LS,LS,45,ACT,Matt Overton,Matthew,Overton,1985-07-06,73.0,243,Western Washington,00-0027187,13186,77c36756-9d3a-4746-bba1-8ff32542cf74,9803,8517,6979,,14010,1112,12,"https://static.www.nfl.com/image/private/f_auto,q_auto/league/yeulo5dieb6um5zajehr",,20,DIV,A01,Matt,OVE674964,35330,32004f56-4567-4964-cc37-416430c8e96d,2010,2010,,
2022,HOU,LS,LS,46,ACT,Jonathan Weeks,Jonathan,Weeks,1986-02-17,70.0,242,Baylor,00-0027224,,,,,,,,,12,"https://static.www.nfl.com/image/private/f_auto,q_auto/league/voya83nlggvkz053t9su",,18,REG,A01,Jonathan,WEE504348,35731,32005745-4550-4348-e7fc-6621be523408,2010,2010,,
2022,TEN,LS,LS,46,ACT,Morgan Cox,Charles,Cox,1986-04-26,76.0,233,Tennessee,00-0027557,,,,,,,,,12,"https://static.www.nfl.com/image/private/f_auto,q_auto/league/vnnivni3ekfglfl8nhtz",,18,REG,A01,Morgan,COX524880,36086,3200434f-5852-4880-cd4f-5e8dfeb6ae6c,2010,2010,,
2022,NE,DB,FS,32,ACT,Devin McCourty,Devin,McCourty,1987-08-13,70.0,195,Rutgers,00-0027647,13236,88d2dbf4-3b9f-43ea-bac6-a8722cb24f43,24002,6621,5552,McCoDe99,10978,518,12,"https://static.www.nfl.com/image/private/f_auto,q_auto/league/ykgtrwxckxvxdvadgqjf",SAFETY,18,REG,A01,Devin,MCC600258,35466,32004d43-4360-0258-e4c2-62745bb56c73,2010,2010,NE,27
2022,BUF,OL,G,76,ACT,Rodger Saffold,Rodger,Saffold,1988-06-06,77.0,325,Indiana,00-0027648,,,,,,,,,12,"https://static.www.nfl.com/image/private/f_auto,q_auto/league/nasek2y0us6cise3zu3g",G,20,DIV,A01,Rodger,SAF408541,35472,32005341-4640-8541-2bbc-ef7e27a3a3bb,2010,2010,STL,33
2022,KC,LB,OLB,8,ACT,Carlos Dunlap,Carlos,Dunlap,1989-02-28,78.0,285,Florida,00-0027662,13274,e79d8a12-4ec0-46d3-ae42-384f16deebed,24029,6570,5579,DunlCa99,11023,529,12,"https://static.www.nfl.com/image/private/f_auto,q_auto/league/wbg4avjy9bbdyeri6b6j",EDGE,22,SB,A01,Carlos,DUN474478,35493,32004455-4e47-4478-d651-c5c2e90fab0d,2010,2010,CIN,54
2022,JAX,DL,DT,98,ACT,Corey Peters,Corey,Peters,1988-06-08,75.0,335,Kentucky,00-0027686,13292,a50e3085-370b-4fd2-b79a-28d3b9c5c1c7,24058,6682,5607,PeteCo00,11437,608,12,"https://static.www.nfl.com/image/private/f_auto,q_auto/league/zutvrtzwir9awk4zh7yn",INTERIOR_LINE,20,DIV,A01,Corey,PET099667,35522,32005045-5409-9667-87ff-b243fa214ce8,2010,2010,ATL,83
2022,ARI,QB,QB,12,INA,Colt McCoy,Daniel,McCoy,1986-09-05,73.0,212,Texas,00-0027688,13199,3699dfd9-d437-43f7-b674-adbb31e7e64b,24060,6444,5609,McCoCo00,11047,533,12,"https://static.www.nfl.com/image/private/f_auto,q_auto/league/mvcoi7f6thyudufnh0dx",,18,REG,A01,Colt,MCC603149,35524,32004d43-4360-3149-3730-03f6064d0cb7,2010,2010,CLE,85
2022,CAR,WR,WR,18,ACT,Andre Roberts,Andre,Roberts,1988-01-09,71.0,195,Citadel,00-0027691,13226,9691f874-be36-4529-a7eb-dde22ee4a848,24063,6506,5612,RobeAn00,11565,627,12,"https://static.www.nfl.com/image/private/f_auto,q_auto/league/hjoyjewh7knoafxt4k93",,18,REG,A01,Andre,ROB102317,35527,3200524f-4210-2317-b087-af0f9a8937e1,2010,2010,ARI,88
2022,SEA,DL,NT,99,ACT,Al Woods,Al,Woods,1987-03-25,75.0,330,Louisiana State,00-0027723,13493,7011a0e7-f402-4bc0-bba3-b31d3613e47f,24098,6714,5646,WoodAl99,12450,754,12,"https://static.www.nfl.com/image/private/f_auto,q_auto/league/lbnufn7rjy1ibkxe1zzi",INTERIOR_LINE,19,WC,A01,Al,WOO401988,35562,3200574f-4f40-1988-3618-55072355959c,2010,2010,NO,123
2022,PHI,DL,DE,74,ACT,Ndamukong Suh,Ndamukong,Suh,1987-01-06,76.0,313,Nebraska,00-0027855,13234,f0f60621-a075-41f6-a07d-74fd9e1348f2,23977,6537,5527,SuhxNd99,11382,594,12,"https://static.www.nfl.com/image/private/f_auto,q_auto/league/amvgudlseikg7eq0nn9d",INTERIOR_LINE,22,SB,A01,Ndamukong,SUH046142,35441,32005355-4804-6142-1974-e53b4236da9c,2010,2010,DET,2
2022,SF,OL,T,71,ACT,Trent Williams,Trent,Williams,1988-07-19,77.0,320,Oklahoma,00-0027857,,,,,,,,,12,"https://static.www.nfl.com/image/private/f_auto,q_auto/league/j4me8ehuoyl0a2fdlgtt",T,21,CON,A01,Trent,WIL547553,35443,32005749-4c54-7553-75b9-3d34c5460f69,2010,2010,WAS,4
2022,CLE,DB,CB,23,RET,Joe Haden,Joseph,Haden,1989-04-14,71.0,195,Florida,00-0027860,13249,3ec2ad5e-f4e0-474a-98a9-0bde4ff5aab9,23982,6617,5532,HadeJo99,11043,531,12,"https://static.www.nfl.com/image/private/f_auto,q_auto/league/caumqxwppfoakjvpqxej",,18,REG,R02,Joe,HAD357325,35446,32004841-4435-7325-1b6c-2a7130bb8814,2010,2010,CLE,7
2022,PIT,DL,NT,94,ACT,Tyson Alualu,Tyson,Alualu,1987-05-12,75.0,304,California,00-0027862,13233,1aa8d83f-c084-4893-b9b0-b1296ec822f1,23985,6590,5535,AluaTy99,11151,554,12,"https://static.www.nfl.com/image/private/f_auto,q_auto/league/wz7lyukjawvr7xfdszmb",INTERIOR_LINE,18,REG,A01,Tyson,ALU059326,35449,3200414c-5505-9326-1ec7-33466b04e799,2010,2010,JAX,10
2022,PHI,DL,DE,55,ACT,Brandon Graham,Brandon,Graham,1988-04-03,74.0,265,Michigan,00-0027865,13239,b3e41b52-a8aa-4be8-8513-8ede6f3f83d3,23988,6571,5538,GrahBr99,11315,583,12,"https://static.www.nfl.com/image/private/f_auto,q_auto/league/lky7qaffyndovhl2yr6g",EDGE,22,SB,A01,Brandon,GRA130064,35452,32004752-4113-0064-408f-cc7f40d8b327,2010,2010,PHI,13
2022,BAL,DL,DE,4,ACT,Jason Pierre-Paul,Jason,Pierre-Paul,1989-01-01,77.0,275,South Florida,00-0027867,13256,e56569f1-eaf4-473b-b92c-fc5c84cc7338,23990,6568,5540,PierJa99,12247,720,12,"https://static.www.nfl.com/image/private/f_auto,q_auto/league/pwl0fkpfwut1rizcarub",EDGE,19,WC,A01,Jason,PIE587019,35454,32005049-4558-7019-446d-495a9311a45c,2010,2010,NYG,15
2022,DEN,DB,SS,22,ACT,Kareem Jackson,Kareem,Jackson,1988-04-10,70.0,185,Alabama,00-0027872,13254,f7b49d9d-2ce4-459f-8065-fa3b52d28069,23995,6622,5545,JackKa99,11105,544,12,"https://static.www.nfl.com/image/private/f_auto,q_auto/league/y8vznimiwdmxauyspsek",SAFETY,18,REG,A01,Kareem,JAC283467,35459,32004a41-4328-3467-b648-2976c8acb66c,2010,2010,HOU,20
2022,HOU,DL,DE,55,ACT,Jerry Hughes,Jerry,Hughes,1988-08-13,74.0,254,Texas Christian,00-0027881,13245,f40e0707-1bf5-44d4-b447-7c03255aa423,24006,6576,5556,HughJe99,11132,550,12,"https://static.www.nfl.com/image/private/f_auto,q_auto/league/ti276yxwmzmlumx20akm",EDGE,18,REG,A01,Jerry,HUG532081,35470,32004855-4753-2081-c19b-8ba34ec6d46a,2010,2010,IND,31
2022,PHI,DL,NT,72,ACT,Linval Joseph,Linval,Joseph,1988-10-10,76.0,329,East Carolina,00-0027885,13281,6c48b2a7-924e-43ec-bcd9-f1cda06b2332,24021,6681,5571,JoseLi99,11302,579,12,"https://static.www.nfl.com/image/private/f_auto,q_auto/league/uql234khiu9m7cmhcp6o",INTERIOR_LINE,22,SB,A01,Linval,JOS231117,35485,32004a4f-5323-1117-a24e-6a59f8c4812c,2010,2010,NYG,46
2022,BUF,LB,OLB,40,RES,Von Miller,Vonnie,Miller,1989-03-26,75.0,250,Texas A&amp;M,00-0027940,13976,cc9528c4-3a18-4d3f-8d8f-cfef4dcd2d38,24789,7421,6154,MillVo00,13022,871,11,"https://static.www.nfl.com/image/private/f_auto,q_auto/league/cjg7rsgxpx0cskvyiaxo",,20,DIV,R01,Von,MIL597654,37075,32004d49-4c59-7654-8608-622051b53bd3,2011,2011,DEN,2
2022,ARI,WR,WR,18,ACT,A.J. Green,Adriel,Green,1988-07-31,76.0,210,Georgia,00-0027942,13983,c9701373-23f6-4058-9189-8d9c085f3c49,24791,7241,6156,GreeA.00,12845,830,11,"https://static.www.nfl.com/image/private/f_auto,q_auto/league/guj5a9vnnzqfiljupzuj",WR,18,REG,A01,A.J.,GRE034604,37077,32004752-4503-4604-5592-82f254d9dbee,2011,2011,CIN,4
2022,MIN,DB,CB,7,ACT,Patrick Peterson,Patrick,Peterson,1990-07-11,73.0,203,Louisiana State,00-0027943,13980,9f3b934e-52d6-4e16-ae92-d3e60be10493,24792,7300,6157,PetePa00,13415,972,11,"https://static.www.nfl.com/image/private/f_auto,q_auto/league/nc3fjicv6kv0nc9ofo6r",CB,19,WC,A01,Patrick,PET415511,37078,32005045-5441-5511-6ae6-059d8eb99a8d,2011,2011,ARI,5
2022,TB,WR,WR,6,ACT,Julio Jones,Quintorris,Jones,1989-02-08,75.0,220,Alabama,00-0027944,13982,0b3217b9-ba37-4222-95cb-a7a222441e8b,24793,7242,6158,JoneJu02,13291,947,11,"https://static.www.nfl.com/image/private/f_auto,q_auto/league/zr7o7ow6cdb3ata0errd",WR,19,WC,A01,Julio,JON640315,37079,32004a4f-4e64-0315-6848-b53a911b9cd3,2011,2011,ATL,6
2022,DAL,OL,T,77,ACT,Tyron Smith,Tyron,Smith,1990-12-12,77.0,320,Southern California,00-0027947,,,,,,,,,11,"https://static.www.nfl.com/image/private/f_auto,q_auto/league/gusxhtces7965hzerrg2",T,20,DIV,A01,Tyron,SMI766760,37082,3200534d-4976-6760-5813-4c45b840e8ca,2011,2011,DAL,9
2022,TB,QB,QB,11,ACT,Blaine Gabbert,Blaine,Gabbert,1989-10-15,77.0,235,Missouri,00-0027948,13987,de816e24-8442-49a4-99cd-dde7e7c05863,24797,7248,6162,GabbBl00,12982,862,11,"https://static.www.nfl.com/image/private/f_auto,q_auto/league/phss2f3lxcjex7hif0so",,19,WC,A01,Blaine,GAB221145,37083,32004741-4222-1145-cd0f-449f7f72bdc9,2011,2011,JAX,10
2022,ARI,DL,DE,99,ACT,J.J. Watt,Justin,Watt,1989-03-22,77.0,288,Wisconsin,00-0027949,13979,dc11299d-6c24-4048-8b2f-f929e4ed0b92,24798,7323,6163,WattJ.00,12955,856,11,"https://static.www.nfl.com/image/private/f_auto,q_auto/league/pooulgm7mdcx5x9gza7l",INTERIOR_LINE,18,REG,A01,J.J.,WAT579210,37084,32005741-5457-9210-c7bb-fd19d17d4962,2011,2011,HOU,11
2022,PHI,LB,OLB,98,ACT,Robert Quinn,Robert,Quinn,1990-05-18,76.0,257,North Carolina,00-0027952,13984,57bd3249-bae3-4e13-b4d6-f86dbc4978e7,24801,7418,6166,QuinRo00,13393,967,11,"https://static.www.nfl.com/image/private/f_auto,q_auto/league/g8hslz6tb43l7xbmxzfh",EDGE,22,SB,A01,Robert,QUI715221,37087,32005155-4971-5221-618f-7f85cefdf3b3,2011,2011,STL,14
2022,WAS,DL,DE,90,RET,Ryan Kerrigan,Patrick,Kerrigan,1988-08-16,76.0,265,Purdue,00-0027954,13973,a25f92e6-6e67-4463-a32f-77976807b3d8,24803,7448,6168,KerrRy00,13166,917,11,"https://static.www.nfl.com/image/private/f_auto,q_auto/league/zi9qhkog8osjo2pk5bg4",,18,REG,R02,Ryan,KER630730,37089,32004b45-5263-0730-bb7d-f88e72d4f02f,2011,2011,WAS,16
2022,NO,DL,DE,94,ACT,Cameron Jordan,Cameron,Jordan,1989-07-10,76.0,287,California,00-0027962,13971,543e5e1e-50e5-482d-a6ad-498d7fab497e,24811,7447,6176,JordCa00,13338,957,11,"https://static.www.nfl.com/image/private/f_auto,q_auto/league/ny0drvucmx3qnvac9wno",EDGE,18,REG,A01,Cameron,JOR051224,37097,32004a4f-5205-1224-2417-472af132c281,2011,2011,NO,24
2022,NO,RB,RB,22,RES,Mark Ingram,Mark,Ingram,1989-12-21,69.0,215,Alabama,00-0027966,13981,f336567d-44a9-4245-8452-1dd485fd70fb,24815,7244,6180,IngrMa01,13337,956,11,"https://static.www.nfl.com/image/private/f_auto,q_auto/league/qyju9wutyssrf0b26ran",,18,REG,R01,Mark,ING656964,37101,3200494e-4765-6964-19af-4fbe814368d2,2011,2011,NO,28
2022,PIT,DL,DT,97,ACT,Cameron Heyward,Cameron,Heyward,1989-05-06,77.0,295,Ohio State,00-0027969,13977,9779acc7-ed88-4a16-b78d-230ace9ec3eb,24818,7449,6183,HeywCa01,12902,843,11,"https://static.www.nfl.com/image/private/f_auto,q_auto/league/fg3q4kqekt2eocaf2bcq",INTERIOR_LINE,18,REG,A01,Cameron,HEY271611,37104,32004845-5927-1611-4c0d-39454c8d1eaf,2011,2011,PIT,31
2022,NO,QB,QB,14,ACT,Andy Dalton,Andrew,Dalton,1987-10-29,74.0,220,Texas Christian,00-0027973,14012,d2a0e5af-3850-4f16-8e40-a0b1d15c2ce1,24822,7355,6187,DaltAn00,12841,829,11,"https://static.www.nfl.com/image/private/f_auto,q_auto/league/yhkh8vtc5ocjo3iyn9ug",QB,18,REG,A01,Andy,DAL659900,37110,32004441-4c65-9900-551d-a31a0423b3ca,2011,2011,CIN,35
2022,TB,TE,TE,8,INA,Kyle Rudolph,Kyle,Rudolph,1989-11-09,78.0,265,Notre Dame,00-0027981,14054,1059e9dc-97df-4643-9116-883a0573d8b1,24830,7246,6195,RudoKy00,13275,943,11,"https://static.www.nfl.com/image/private/f_auto,q_auto/league/mtvrkfel5750mlevcvtp",,19,WC,A01,Kyle,RUD559717,37118,32005255-4455-9717-7e48-fda7c76802aa,2011,2011,MIN,43
2022,ARI,OL,C,61,RES,Rodney Hudson,Rodney,Hudson,1989-07-12,74.0,315,Florida State,00-0027993,,,,,,,,,11,"https://static.www.nfl.com/image/private/f_auto,q_auto/league/qcyahgqlx44j8n9bzkwg",,18,REG,R01,Rodney,HUD736504,37130,32004855-4473-6504-5b3c-8616ce1867b3,2011,2011,KC,55
2022,GB,WR,WR,18,ACT,Randall Cobb,Randall,Cobb,1990-08-22,70.0,192,Kentucky,00-0028002,14053,3283f152-d373-43b3-b88f-f6f261c48e81,24851,7256,6216,CobbRa00,13227,928,11,"https://static.www.nfl.com/image/private/f_auto,q_auto/league/wphqc5wstbm0wji2bpxk",SLOT_WR,18,REG,A01,Randall,COB365535,37139,3200434f-4236-5535-cf6f-4337b5dff0b3,2011,2011,GB,64
2022,BAL,LB,OLB,50,ACT,Justin Houston,Justin,Houston,1989-01-21,75.0,270,Georgia,00-0028008,14048,98841eb4-0f2a-4073-bc91-0fa8548b305b,24857,7476,6222,HousJu00,13036,878,11,"https://static.www.nfl.com/image/private/f_auto,q_auto/league/dtzoiwbtc880lbbknvya",EDGE,19,WC,A01,Justin,HOU476949,37145,3200484f-5547-6949-dd42-0d64d4c020ff,2011,2011,KC,70
2022,SEA,LB,OLB,34,RET,K.J. Wright,Kenneth,Wright,1989-07-23,76.0,246,Mississippi State,00-0028037,14140,93ff0e6f-fee3-41d1-a913-6111cd9ebef1,24886,7483,6251,WrigK.00,13484,998,11,"https://static.www.nfl.com/image/private/f_auto,q_auto/league/z1lt2ic9salihpdevh7p",,19,WC,R02,K.J.,WRI487649,37174,32005752-4948-7649-65bb-07761788ca7f,2011,2011,SEA,99
2022,BUF,RB,RB,25,ACT,Taiwan Jones,Taiwan,Jones,1988-07-26,72.0,195,Eastern Washington,00-0028063,14167,adadafa1-dc37-486d-8538-7db1e1b5f71e,24912,7324,6277,JoneTa00,13063,886,11,"https://static.www.nfl.com/image/private/f_auto,q_auto/league/va09vgfr7bdc2wb6ikq4",,20,DIV,A01,Taiwan,JON731670,37200,32004a4f-4e73-1670-c97b-fc6f9ff14f6c,2011,2011,OAK,125
2022,NYJ,RB,RB,29,RET,Bilal Powell,Bilal,Powell,1988-10-27,70.0,204,Louisville,00-0028064,14129,4a38cda2-e92f-47f8-b324-0c34e09d83f2,24913,7367,6278,PoweBi00,12800,818,11,"https://static.www.nfl.com/image/private/f_auto,q_auto/league/a5qlloemeetaqawzwuf7",,18,REG,R02,Bilal,POW162772,37201,3200504f-5716-2772-5bb8-04da93b620cf,2011,2011,NYJ,126
2022,TEN,DB,CB,38,RET,Buster Skrine,Darryl,Skrine,1989-04-26,69.0,185,Chattanooga,00-0028075,14139,639ff90f-285c-44a7-ba8d-6a47d0ecff71,24924,7623,6289,SkriBu00,12881,837,11,"https://static.www.nfl.com/image/private/f_auto,q_auto/league/veok5ok0xu5vjfg5uni4",,18,REG,R02,Buster,SKR296636,37212,3200534b-5229-6636-391d-806176cf2567,2011,2011,CLE,137
2022,NE,OL,T,61,RES,Marcus Cannon,Marcus,Cannon,1988-05-06,78.0,335,Texas Christian,00-0028076,,,,,,,,,11,"https://static.www.nfl.com/image/private/f_auto,q_auto/league/rwce2yi6lcykdletcuvk",,18,REG,R01,Marcus,CAN637002,37213,32004341-4e63-7002-b3ef-7da8eb5cdcda,2011,2011,NE,138
2022,NYG,QB,QB,2,ACT,Tyrod Taylor,Tyrod,Taylor,1989-08-03,73.0,215,Virginia Tech,00-0028118,14163,7f3ef024-eb34-46af-8b9e-544cdf09378f,24967,7357,6332,TaylTy00,12831,827,11,"https://static.www.nfl.com/image/private/f_auto,q_auto/league/c8dbt9tuux5oatihnwkz",,20,DIV,A01,Tyrod,TAY764868,37255,32005441-5976-4868-b81d-df31fbb7fe72,2011,2011,BAL,180
2022,PHI,OL,C,62,ACT,Jason Kelce,Jason,Kelce,1987-11-05,75.0,295,Cincinnati,00-0028129,,,,,,,,,11,"https://static.www.nfl.com/image/private/f_auto,q_auto/league/yqb2aiulmtgupvdzzk4s",C,22,SB,A01,Jason,KEL008305,37266,32004b45-4c00-8305-1f03-df8c2d4508ed,2011,2011,PHI,191
2022,NE,DL,DT,93,ACT,Lawrence Guy,Lawrence,Guy,1990-03-17,76.0,315,Arizona State,00-0028171,14185,0861a57d-b468-4c21-ba3a-7523b6838ed0,25020,7472,6385,GuyxLa00,14743,1288,11,"https://static.www.nfl.com/image/private/f_auto,q_auto/league/tfz76ee9h7j9rsqlgcn1",INTERIOR_LINE,18,REG,A01,Lawrence,GUY230716,37308,32004755-5923-0716-9c19-5d5221f839e8,2011,2011,GB,233
2022,NO,DB,CB,19,ACT,Chris Harris,Christopher,Harris,1989-06-18,70.0,199,Kansas,00-0028224,14398,de185684-3a02-4e63-b2b1-405e562b3a77,25189,7924,6457,,13018,869,11,"https://static.www.nfl.com/image/private/f_auto,q_auto/league/jil3vlqjybwg2tawnume",,18,REG,A01,Chris,HAR349333,37724,32004841-5234-9333-a346-b5fbf7780ee7,2011,2011,,
2022,BAL,LB,ILB,56,DEV,Josh Bynes,Joshua,Bynes,1989-08-24,73.0,235,Auburn,00-0028278,14519,87745a22-9ce8-4a5a-8935-dcc102ce4b18,25358,7740,6503,,12815,821,11,"https://static.www.nfl.com/image/private/f_auto,q_auto/league/yki1iqv1tu8hvta68ypu",,19,WC,P07,Josh,BYN301611,37778,32004259-4e30-1611-b9d3-f5c55f574df4,2011,2011,,
2022,CHI,LS,LS,48,ACT,Patrick Scales,Patrick,Scales,1988-02-11,75.0,228,Utah State,00-0028284,,,,,,,,,11,"https://static.www.nfl.com/image/private/f_auto,q_auto/league/ixq1n4kzw3f8clvi0gvo",,18,REG,A01,Patrick,SCA247669,37784,32005343-4124-7669-2d7c-7a36bbc9d869,2011,2011,,
2022,SEA,LB,ILB,44,ACT,Nick Bellore,Nick,Bellore,1989-05-12,73.0,250,Central Michigan,00-0028292,14471,eeb9e3f4-e378-44ca-94b6-a724011ad710,25295,7504,6515,,12787,815,11,"https://static.www.nfl.com/image/private/f_auto,q_auto/league/qlhiilybqds8mfmoht5q",FB,19,WC,A01,Nick,BEL740458,37792,32004245-4c74-0458-f160-9cf6a1a7b60c,2011,2011,,
2022,HOU,DL,DE,97,ACT,Mario Addison,Mario,Addison,1987-09-06,75.0,260,Troy,00-0028339,14320,ea2fda83-2817-4884-9e85-973263a4e069,25147,7889,6558,,13181,922,11,"https://static.www.nfl.com/image/private/f_auto,q_auto/league/bapzewurohnyaqq1p3ud",EDGE,18,REG,A01,Mario,ADD494264,37841,32004144-4449-4264-a260-256c81ea051a,2011,2011,,
2022,LA,LS,LS,48,DEV,Kyle Nelson,Kyle,Nelson,1986-10-03,74.0,240,New Mexico State,00-0028374,14426,09a1fe57-c026-4ca4-b084-48b8ed9c106f,25291,9186,6428,,14776,1301,11,"https://static.www.nfl.com/image/private/f_auto,q_auto/league/mbpziehbztm2l0elsalv",,6,REG,P07,Kyle,NEL536534,37669,32004e45-4c53-6534-4c6b-ce0f45875b0b,2011,2011,,
2022,DAL,LS,LS,44,RES,Jake McQuaide,Jacob,McQuaide,1987-12-07,74.0,235,Ohio State,00-0028394,,,,,,,,,11,"https://static.www.nfl.com/image/private/f_auto,q_auto/league/besfh7upk8k1nv6fx94c",,20,DIV,R01,Jake,MCQ288110,37874,32004d43-5128-8110-af3b-efbcaad1871f,2011,2011,,
2022,LAC,LS,LS,47,ACT,Josh Harris,Josh,Harris,1989-04-27,73.0,224,Auburn,00-0028845,,,,,,,,,10,"https://static.www.nfl.com/image/private/f_auto,q_auto/league/ysmb6k3f2ahc83o0r9zd",,19,WC,A01,Josh,HAR000002,38785,32004841-5200-0002-4939-feff6037684f,2012,2012,,
2022,CAR,P,P,10,ACT,Johnny Hekker,John,Hekker,1990-02-08,77.0,241,Oregon State,00-0028872,15153,380435a9-1833-4381-a12b-498a43732798,26350,8381,7252,,14409,1202,10,"https://static.www.nfl.com/image/private/f_auto,q_auto/league/q2ktkkjd22yle7zydx43",,18,REG,A01,Johnny,HEK403291,38815,32004845-4b40-3291-c2a9-69e708d367a1,2012,2012,,
2022,IND,DB,FS,26,ACT,Rodney McLeod,Rodney,McLeod,1990-06-23,70.0,195,Virginia,00-0028899,15222,b7253ed5-d2c3-4757-8b54-5176fe9f45df,26356,8509,7271,,14419,1205,10,"https://static.www.nfl.com/image/private/f_auto,q_auto/league/fsspysj8zftqm5i5prar",SAFETY,18,REG,A01,Rodney,MCL709174,38843,32004d43-4c70-9174-2092-304976fe0fa0,2012,2012,,
2022,CIN,DB,SS,31,ACT,Michael Thomas,Michael,Thomas,1990-03-17,71.0,195,Stanford,00-0028908,15231,16e13f52-32b1-416f-83ae-1cbf2f92cffc,26265,8825,7279,,15589,1703,10,"https://static.www.nfl.com/image/private/f_auto,q_auto/league/wkugml4qpzkcj1tcyezx",,21,CON,A01,Michael,THO308948,38852,32005448-4f30-8948-855d-a380c86dfacb,2012,2012,,
2022,SF,DB,FS,31,ACT,Tashaun Gipson,Tashaun,Gipson,1990-08-07,73.0,212,Wyoming,00-0028924,15235,d5efd828-7339-43a7-ad7e-6f936dbbabb2,26372,8567,7288,,13894,1079,10,"https://static.www.nfl.com/image/private/f_auto,q_auto/league/n3qcfqbr1bswzclr7erl",SAFETY,21,CON,A01,Tashaun,GIP543222,38868,32004749-5054-3222-289f-e3999ceed099,2012,2012,,
2022,ARI,LS,LS,46,RES,Aaron Brewer,Aaron,Brewer,1990-07-05,77.0,232,San Diego State,00-0028946,15241,99149c69-e14f-4e05-9c3a-8ae7e3b1f00b,25976,8543,7301,,14042,1122,10,"https://static.www.nfl.com/image/private/f_auto,q_auto/league/z5mwmacjuevcsu0ble79",,18,REG,R01,Aaron,BRE611741,38897,32004252-4561-1741-8e18-114a5262818a,2012,2012,,
2022,BUF,QB,QB,18,ACT,Case Keenum,Casey,Keenum,1988-02-17,73.0,215,Houston,00-0028986,15168,1b3d350a-478b-4542-a430-d12cc96adc22,26483,8065,7323,,15694,1737,10,"https://static.www.nfl.com/image/private/f_auto,q_auto/league/tymwoe3wpwzln78uzbvu",,20,DIV,A01,Case,KEE690598,38937,32004b45-4569-0598-1a82-7cad5305e148,2012,2012,,
2022,BUF,WR,WR,11,ACT,Cole Beasley,Cole,Beasley,1989-04-26,68.0,174,Southern Methodist,00-0029000,15349,7092bb09-a161-4ab9-8d19-fdcf1a91bb3d,26060,8249,7330,BeasCo00,14141,1144,10,"https://static.www.nfl.com/image/private/f_auto,q_auto/league/y5r0fhwctl6ljwvmktvu",SLOT_WR,20,DIV,A01,Cole,BEA434808,38947,32004245-4143-4808-b9d8-45a5d1a5ad73,2012,2012,,
2022,CLE,LS,LS,47,ACT,Charley Hughlett,Robert,Hughlett,1990-05-16,76.0,248,Central Florida,00-0029008,,,,,,,,,10,"https://static.www.nfl.com/image/private/f_auto,q_auto/league/mkp6zccenzl3yphey08m",,18,REG,A01,Charley,HUG732560,38955,32004855-4773-2560-c7ff-043ee5c39d10,2012,2012,,
2022,DET,LB,OLB,49,DEV,Julian Stanford,Julian,Stanford,1990-09-02,73.0,230,Wagner,00-0029061,15373,05640572-1b4d-40d5-b584-d79bdd7d5c5f,26093,8437,7372,,14037,1120,10,"https://static.www.nfl.com/image/private/f_auto,q_auto/league/mezqwdtmou8ccdns9jc2",,18,REG,P07,Julian,STA425500,39008,32005354-4142-5500-fdb5-8ea63f8e6650,2012,2012,,
2022,ATL,LS,LS,43,RES,Beau Brinkley,Beau,Brinkley,1990-01-25,76.0,260,Missouri,00-0029134,15355,f5fe1cf6-ce57-4d6f-b2d4-6ebc3a18e336,26016,8532,7418,,14590,1245,10,"https://static.www.nfl.com/image/private/f_auto,q_auto/league/wo31hxnedtsytt9ig0lo",,18,REG,R01,Beau,BRI416479,39124,32004252-4941-6479-d65d-a222add5c41f,2012,2012,,
2022,DEN,OL,T,69,RES,Tom Compton,Thomas,Compton,1989-05-10,78.0,313,South Dakota,00-0029144,,,,,,,,,10,"https://static.www.nfl.com/image/private/f_auto,q_auto/league/pqw3ldugrml3w13fzyry",,18,REG,R01,Tom,COM663097,38723,3200434f-4d66-3097-30f8-3bd31722a411,2012,2012,WAS,193
2022,SEA,OL,G,63,RET,J.R. Sweezy,Justin,Sweezy,1989-04-08,77.0,310,North Carolina State,00-0029146,15025,be62bf39-c737-416f-a1ea-6b9d61684a62,25935,8364,7209,SweeJ.00,14585,1243,10,"https://static.www.nfl.com/image/private/f_auto,q_auto/league/ofg23bow8ypxcikp1qws",,19,WC,R02,J.R.,SWE678847,38755,32005357-4567-8847-dc81-31a9a83e3548,2012,2012,SEA,225
2022,NYJ,OL,T,68,ACT,Mike Remmers,Mike,Remmers,1989-04-11,77.0,310,Oregon State,00-0029164,,,,,,,,,10,"https://static.www.nfl.com/image/private/f_auto,q_auto/league/qsp6ncqgwc9uyrgptyrc",T,18,REG,A01,Mike,REM320232,39146,32005245-4d32-0232-f91f-2a8bbb7fc0de,2012,2012,,
2022,SEA,LB,OLB,51,ACT,Bruce Irvin,Bruce,Irvin,1987-11-01,75.0,250,West Virginia,00-0029193,14946,6fc3f73e-9c19-41cf-aa95-df4d83e29e9e,25725,8199,7021,IrviBr00,14583,1242,10,"https://static.www.nfl.com/image/private/f_auto,q_auto/league/jxsrulnbvfvmls7u6w7s",EDGE,19,WC,A01,Bruce,IRV115072,38545,32004952-5611-5072-dd24-80eba3f53bc9,2012,2012,SEA,15
2022,LV,RB,RB,34,ACT,Brandon Bolden,Brandon,Bolden,1990-01-26,71.0,220,Mississippi,00-0029239,15478,dba5e3ec-2c77-4f65-ad6e-cee246f816ef,26389,8077,7469,BoldBr00,13741,1034,10,"https://static.www.nfl.com/image/private/f_auto,q_auto/league/pfjkzc83utqnmzjqe1wy",,18,REG,A01,Brandon,BOL167697,39212,3200424f-4c16-7697-b02d-13b14d1a8fe2,2012,2012,,
2022,MIA,LB,OLB,6,ACT,Melvin Ingram,Melvin,Ingram,1989-04-26,74.0,247,South Carolina,00-0029249,14926,2cae991f-878e-434e-9f76-fad263fad23c,25728,8133,7024,IngrMe00,14128,1141,10,"https://static.www.nfl.com/image/private/f_auto,q_auto/league/kbnd1mhegpg4n5kj7rac",EDGE,19,WC,A01,Melvin,ING667979,38548,3200494e-4766-7979-5ad7-72203eae4114,2012,2012,SD,18
2022,LA,LB,ILB,45,ACT,Bobby Wagner,Bobby,Wagner,1990-06-27,72.0,242,Utah State,00-0029255,14979,706bc0ab-7200-47e9-9b09-726110eb83dc,25757,8208,7050,WagnBo00,14534,1233,10,"https://static.www.nfl.com/image/private/f_auto,q_auto/league/ewnw62iiygl9wpbttdum",MLB,18,REG,A01,Bobby,WAG236381,38577,32005741-4723-6381-ac85-fd0b1d975c90,2012,2012,SEA,47
2022,ATL,DB,CB,29,RES,Casey Hayward,Casey,Hayward,1989-09-09,71.0,192,Vanderbilt,00-0029261,14966,a278c39e-7d4d-48c2-8145-2f8ad882ebeb,25772,8172,7064,HaywCa00,14285,1175,10,"https://static.www.nfl.com/image/private/f_auto,q_auto/league/o5cft0nj87mwqsnp3wug",,18,REG,R01,Casey,HAY777816,38592,32004841-5977-7816-4425-dab6792fbc7c,2012,2012,GB,62
2022,DEN,QB,QB,3,ACT,Russell Wilson,Russell,Wilson,1988-11-29,71.0,215,Wisconsin,00-0029263,14881,409d4cac-ee90-4470-9710-ebe671678339,25785,8043,7077,WilsRu00,14536,1234,10,"https://static.www.nfl.com/image/private/f_auto,q_auto/league/gebzv2aljujgleboe4ns",QB,18,REG,A01,Russell,WIL777781,38605,32005749-4c77-7781-795c-94c753706d1d,2012,2012,SEA,75
2022,CAR,DB,CB,6,ACT,Josh Norman,Joshua,Norman,1987-12-15,72.0,200,Coastal Carolina,00-0029285,15124,2bdf19ad-a957-4f3c-bb2f-2bb72b0b3595,25853,8174,7649,NormJo01,14340,1182,10,"https://static.www.nfl.com/image/private/f_auto,q_auto/league/i2bihsraophhbhvhhypb",CB,18,REG,A01,Josh,NOR291905,38673,32004e4f-5229-1905-2f64-ae4d1e0b4325,2012,2012,CAR,143
2022,JAX,WR,WR,11,ACT,Marvin Jones,Marvin,Jones,1990-03-12,74.0,198,California,00-0029293,15072,1a2fbc23-e6db-4d2f-a152-2c774341b7c4,25876,8223,7158,JoneMa02,13870,1067,10,"https://static.www.nfl.com/image/private/f_auto,q_auto/league/xjvmodkuzq2euwtr7o85",WR,20,DIV,A01,Marvin,JON601697,38696,32004a4f-4e60-1697-4762-9c6d786d2931,2012,2012,CIN,166
2022,ARI,OL,T,68,ACT,Kelvin Beachum,Kelvin,Beachum,1989-06-08,75.0,308,Southern Methodist,00-0029316,,,,,,,,,10,"https://static.www.nfl.com/image/private/f_auto,q_auto/league/u3czj2odlwauluxkbzf8",T,18,REG,A01,Kelvin,BEA111513,38779,32004245-4111-1513-5626-cd2b32ceb041,2012,2012,PIT,248
2022,NYJ,DL,DE,99,ACT,Vinny Curry,Vincent,Curry,1988-06-30,75.0,279,Marshall,00-0029412,14959,e929b3d8-6f7b-41f2-acfa-fe3840d03509,25769,8139,7061,CurrVi00,13722,1028,10,"https://static.www.nfl.com/image/private/f_auto,q_auto/league/fcmh8m4lmzuvrnnbthjh",EDGE,18,REG,A01,Vinny,CUR528238,38589,32004355-5252-8238-37c9-886c456a9256,2012,2012,PHI,59
2022,TEN,OL,C,60,RES,Ben Jones,Benjamin,Jones,1989-07-02,75.0,308,Georgia,00-0029413,,,,,,,,,10,"https://static.www.nfl.com/image/private/f_auto,q_auto/league/wcnzcpaw850lpjoyghmf",,18,REG,R01,Ben,JON078067,38629,32004a4f-4e07-8067-89ab-799503141302,2012,2012,HOU,99
2022,IND,OL,T,73,ACT,Dennis Kelly,Dennis,Kelly,1990-01-16,80.0,321,Purdue,00-0029419,,,,,,,,,10,"https://static.www.nfl.com/image/private/f_auto,q_auto/league/ox0245oteblixynle7jp",,18,REG,A01,Dennis,KEL539857,38683,32004b45-4c53-9857-cb25-901e6dbf85ce,2012,2012,PHI,153
2022,TEN,K,K,14,ACT,Randy Bullock,Randol,Bullock,1989-12-16,69.0,210,Texas A&amp;M,00-0029421,15091,c7d8781f-b9f6-4e0f-b0b6-29fce3985f3e,25871,8222,,BullRa00,13961,1099,10,"https://static.www.nfl.com/image/private/f_auto,q_auto/league/pim6xbwsdnk5xwhlwde8",,18,REG,A01,Randy,BUL521842,38691,32004255-4c52-1842-b35e-9d2f6350e85f,2012,2012,HOU,161
2022,MIA,DB,FS,20,ACT,Justin Bethel,Justin,Bethel,1990-06-17,72.0,200,Presbyterian,00-0029530,15089,f403d099-29d4-43cd-bf79-4aeeb8dc6cd3,25887,8306,7654,BethJu00,14469,1216,10,"https://static.www.nfl.com/image/private/f_auto,q_auto/league/ufj34cilucpu8ki71ukn",,19,WC,A01,Justin,BET201235,38707,32004245-5420-1235-8b83-7aa6aa147af8,2012,2012,ARI,177
2022,IND,DB,CB,5,INA,Stephon Gilmore,Stephon,Gilmore,1990-09-19,72.0,202,South Carolina,00-0029542,14942,c7c6dc46-a58a-4cfc-b626-2360434671cb,25720,8165,7016,GilmSt00,13761,1043,10,"https://static.www.nfl.com/image/private/f_auto,q_auto/league/yxduc1yani0acj51a34j",,18,REG,A01,Stephon,GIL801084,38540,32004749-4c80-1084-2415-1c581378a22b,2012,2012,BUF,10
2022,TB,LB,ILB,54,ACT,Lavonte David,Lavonte,David,1990-01-23,73.0,233,Nebraska,00-0029562,14985,9a612961-9fdf-47d0-b7ca-32b55adb1f61,25768,8184,7060,DaviLa00,14375,1192,10,"https://static.www.nfl.com/image/private/f_auto,q_auto/league/jphlxtv3vpvfbr2ufg0g",MLB,19,WC,A01,Lavonte,DAV026654,38588,32004441-5602-6654-edb8-aa6da5673253,2012,2012,TB,58
2022,IND,QB,QB,9,INA,Nick Foles,Nick,Foles,1989-01-20,78.0,243,Arizona,00-0029567,14877,c8232b55-6617-4dd9-a7cf-cf14cd9a29ab,25798,8066,7089,FoleNi00,13723,1029,10,"https://static.www.nfl.com/image/private/f_auto,q_auto/league/dxuz2ir773wylutxo7zs",,18,REG,A01,Nick,FOL058566,38618,3200464f-4c05-8566-67a5-109ec305cdd5,2012,2012,PHI,88
2022,LV,DL,DE,55,RES,Chandler Jones,Chandler,Jones,1990-02-27,77.0,265,Syracuse,00-0029585,14927,5197def5-f444-4561-ad28-7aac10dc748e,25731,8140,7027,JoneCh03,13749,1038,10,"https://static.www.nfl.com/image/private/f_auto,q_auto/league/bdl9z3lwkymcjg34mcho",,18,REG,R01,Chandler,JON157557,38551,32004a4f-4e15-7557-51cb-cda4be7bedd9,2012,2012,NE,21
2022,BAL,DL,DE,95,CUT,Derek Wolfe,Derek,Wolfe,1990-02-24,77.0,285,Cincinnati,00-0029586,14964,30f98123-214c-4f32-b29c-ac6f3ff56f39,25746,8204,7040,WolfDe00,14059,1128,10,"https://static.www.nfl.com/image/private/f_auto,q_auto/league/vw63rdpjpc1rh3az3zme",,1,REG,A01,Derek,WOL309455,38566,3200574f-4c30-9455-72d0-e7d6893ee805,2012,2012,DEN,36
2022,BAL,OL,G,70,ACT,Kevin Zeitler,Kevin,Zeitler,1990-03-08,76.0,315,Wisconsin,00-0029592,,,,,,,,,10,"https://static.www.nfl.com/image/private/f_auto,q_auto/league/fibku7clkon8mzbhpgzm",G,19,WC,A01,Kevin,ZEI626612,38557,32005a45-4962-6612-5e4f-98d957ec559c,2012,2012,CIN,27
2022,BAL,K,K,9,ACT,Justin Tucker,Justin,Tucker,1989-11-21,73.0,183,Texas,00-0029597,15683,20a0bad2-d530-4ff4-a2df-5c0a21a1f5db,26534,8398,7604,,14688,1264,10,"https://static.www.nfl.com/image/private/f_auto,q_auto/league/rktidvinrkjwf6swzpnf",,19,WC,A01,Justin,TUC224643,39470,32005455-4322-4643-f70e-a24b7ce9db07,2012,2012,,
2022,MIN,QB,QB,8,ACT,Kirk Cousins,Kirk,Cousins,1988-08-19,75.0,202,Michigan State,00-0029604,14880,bbd0942c-6f77-4f83-a6d0-66ec6548019e,25812,8057,7102,CousKi00,14252,1166,10,"https://static.www.nfl.com/image/private/f_auto,q_auto/league/h9ndf9ralxifgjvot2q4",QB,19,WC,A01,Kirk,COU709400,38632,3200434f-5570-9400-e1ae-f835abb5963e,2012,2012,WAS,102
2022,MIN,DB,SS,22,ACT,Harrison Smith,Harrison,Smith,1989-02-02,74.0,214,Notre Dame,00-0029606,14945,407f1923-6659-4564-800f-25b8746d6d3e,25739,8202,7641,SmitHa00,14461,1213,10,"https://static.www.nfl.com/image/private/f_auto,q_auto/league/mcy1mlsjuu0dyzge3cl9",SAFETY,19,WC,A01,Harrison,SMI317465,38559,3200534d-4931-7465-ebfe-5c05b57e543c,2012,2012,MIN,29
2022,NO,LB,ILB,56,ACT,Demario Davis,Demario,Davis,1989-01-11,74.0,248,Arkansas State,00-0029607,14958,e6221da0-1ce0-4f60-85b5-f2094e9d2863,25787,8213,7079,DaviDe00,13810,1052,10,"https://static.www.nfl.com/image/private/f_auto,q_auto/league/fuxqoj7rnbf3uv6swr0d",MLB,18,REG,A01,Demario,DAV262404,38607,32004441-5626-2404-80ee-7e2bd72b20d4,2012,2012,NYJ,77
2022,DAL,WR,WR,16,ACT,T.Y. Hilton,Eugene,Hilton,1989-11-14,70.0,183,Florida International,00-0029608,14924,b8426cea-f8b9-4061-8d56-e70d1230103e,25802,8098,7092,HiltT.00,14005,1110,10,"https://static.www.nfl.com/image/private/f_auto,q_auto/league/b8kor0sgeynyd8u8cush",WR,20,DIV,A01,T.Y.,HIL775449,38622,32004849-4c77-5449-32f3-1710cf2948b2,2012,2012,IND,92
2022,NYJ,K,K,6,ACT,Greg Zuerlein,Greg,Zuerlein,1987-12-27,72.0,191,Missouri Western,00-0029621,14993,93d11276-45d2-4168-a9b7-df0cbf12dabb,25881,8179,7163,ZuerGr00,14697,1266,10,"https://static.www.nfl.com/image/private/f_auto,q_auto/league/ifnvhsqug9nabrjkuhkz",,18,REG,A01,Greg,ZUE563610,38701,32005a55-4556-3610-f151-c4c4c1d9709d,2012,2012,STL,171
2022,DET,DL,DE,90,INA,Michael Brockers,Michael,Brockers,1990-12-21,77.0,305,Louisiana State,00-0029630,14944,30119d63-584c-4fd6-95aa-67b7af4998f5,25724,8152,7020,BrocMi00,14397,1197,10,"https://static.www.nfl.com/image/private/f_auto,q_auto/league/qkh4jhodaog0uckpbzja",,18,REG,A01,Michael,BRO060116,38544,32004252-4f06-0116-e3d2-40eff8ffad04,2012,2012,STL,14
2022,MIA,WR,WR,16,CUT,Mohamed Sanu,Mohamed,Sanu,1989-08-22,74.0,215,Rutgers,00-0029632,14922,1726a359-9444-4761-a1f2-cb35ee6fa60e,25793,8026,7084,SanuMo00,13878,1071,10,"https://static.www.nfl.com/image/private/f_auto,q_auto/league/a6loroqhta6g65aqnsrk",,1,REG,A01,Mohamed,SAN808447,38613,32005341-4e80-8447-be59-af7546fda327,2012,2012,CIN,83
2022,PHI,DL,DT,91,ACT,Fletcher Cox,Fletcher,Cox,1990-12-13,76.0,310,Mississippi State,00-0029653,14941,49671677-0e37-4c70-ae1b-ec36be357eb9,25722,8154,7018,CoxxFl00,13721,1027,10,"https://static.www.nfl.com/image/private/f_auto,q_auto/league/pape0nfbeqszbbe4s0a5",INTERIOR_LINE,22,SB,A01,Fletcher,COX200177,38542,3200434f-5820-0177-83ba-63d72110a827,2012,2012,PHI,12
2022,TB,DL,DT,96,ACT,Akiem Hicks,Akiem,Hicks,1989-11-16,77.0,352,"Regina, Can.",00-0029657,14984,e2d85e2a-3d88-42e7-95ca-8db79228135c,25799,8350,7090,HickAk00,14358,1186,10,"https://static.www.nfl.com/image/private/f_auto,q_auto/league/u6vzbrj6xejni2lks17m",INTERIOR_LINE,19,WC,A01,Akiem,HIC340209,38619,32004849-4334-0209-678c-b8e5cd3a13ab,2012,2012,NO,89
2022,TEN,WR,WR,19,DEV,Josh Gordon,Joshua,Gordon,1991-04-13,75.0,225,Baylor,00-0029664,15705,b228c353-bb1f-4ba8-aa6d-d18ecf297259,26561,8415,7618,,14587,1244,10,"https://static.www.nfl.com/image/private/f_auto,q_auto/league/wwqz2ujrj7wp86tyaxof",,5,REG,P07,Josh,GOR190310,39646,3200474f-5219-0310-af1f-30d8c9d32e21,2012,2012,CLE,34
2022,CHI,OL,T,71,ACT,Riley Reiff,Riley,Reiff,1988-12-01,78.0,305,Iowa,00-0029672,,,,,,,,,10,"https://static.www.nfl.com/image/private/f_auto,q_auto/league/lawfi0zl9hftzckaduej",T,18,REG,A01,Riley,REI392998,38553,32005245-4939-2998-df0a-597d7cb2faca,2012,2012,DET,23
2022,PHI,OL,G,79,RET,Brandon Brooks,Brandon,Brooks,1989-08-19,77.0,335,"Miami, O.",00-0029679,,,,,,,,,10,"https://static.www.nfl.com/image/private/f_auto,q_auto/league/wlko6hftwezwwfscjj8c",,22,SB,R02,Brandon,BRO118473,38606,32004252-4f11-8473-9e35-61e0fe9de99b,2012,2012,HOU,76
2022,SF,DB,CB,22,ACT,Janoris Jenkins,Janoris,Jenkins,1988-10-29,70.0,190,North Alabama,00-0029681,14974,be7e6d3f-a5d5-4ba9-b694-5bdacab75606,25749,8164,7043,JenkJa03,14412,1203,10,"https://static.www.nfl.com/image/private/f_auto,q_auto/league/qfjugbhul7ergngoqlyg",,21,CON,A01,Janoris,JEN268608,38569,32004a45-4e26-8608-948f-d1b40ef14056,2012,2012,STL,39
2022,BUF,OL,G,75,ACT,Greg Van Roten,Gregory,Van Roten,1990-02-26,76.0,305,Pennsylvania,00-0029685,,,,,,,,,10,"https://static.www.nfl.com/image/private/f_auto,q_auto/league/w95pxphizkixgh7umssz",,20,DIV,A01,Greg,VAN749202,39684,32005641-4e74-9202-dbb8-9834c0144c70,2012,2012,,
2022,DAL,P,P,5,ACT,Bryan Anger,Bryan,Anger,1988-10-06,75.0,205,California,00-0029692,14950,6ee71282-c2b8-416a-8de1-29c0185d9b7b,25780,8251,7072,AngeBr00,14017,1113,10,"https://static.www.nfl.com/image/private/f_auto,q_auto/league/icugl6eee4cztrxrrlwa",,20,DIV,A01,Bryan,ANG280911,38600,3200414e-4728-0911-cad2-e8c7ca434956,2012,2012,JAX,70
2022,TEN,QB,QB,17,RES,Ryan Tannehill,Ryan,Tannehill,1988-07-27,76.0,207,Texas A&amp;M,00-0029701,14876,5812204c-6dae-4450-8011-99e0f72864ac,25718,8040,7014,TannRy00,13799,1049,10,"https://static.www.nfl.com/image/private/f_auto,q_auto/league/ns30g7th6gkhjaeoivgj",,18,REG,R01,Ryan,TAN298716,38538,32005441-4e29-8716-6443-cc1663c47ac9,2012,2012,MIA,8
2022,LA,OL,T,68,ACT,Ty Nsekhe,Attauyo,Nsekhe,1985-10-27,80.0,330,Texas State,00-0029709,,,,,,,,,10,"https://static.www.nfl.com/image/private/f_auto,q_auto/league/qo6hsquatehof76coedl",T,18,REG,A01,Ty,NSE355964,36785,32004e53-4535-5964-6d91-dd94f572e4d9,2012,2012,,
2022,MIN,LS,LS,42,ACT,Andrew DePaola,Andrew,DePaola,1987-07-28,73.0,230,Rutgers,00-0029714,,,,,,,,,10,"https://static.www.nfl.com/image/private/f_auto,q_auto/league/bf7d1nyelywhjf9z0n98",,19,WC,A01,Andrew,DEP118180,39750,32004445-5011-8180-19a1-6814db083a3b,2012,2012,,
2022,ARI,DB,FS,31,RES,Chris Banjo,Ayorunmi,Banjo,1990-02-26,70.0,207,Southern Methodist,00-0029747,15782,6c7704c2-f833-46aa-9f9c-d975d5ad1297,26621,9101,8419,,15011,1442,9,"https://static.www.nfl.com/image/private/f_auto,q_auto/league/ibqowvcvkzurwo95ukg9",,18,REG,R01,Chris,BAN373418,39941,32004241-4e37-3418-7494-6de47748ece8,2013,2013,,
2022,NE,DB,FS,22,RES,Cody Davis,Cody,Davis,1989-06-06,74.0,203,Texas Tech,00-0029764,16286,4f454037-be8e-4575-b332-5e40f4788970,27105,9173,8458,,15208,1565,9,"https://static.www.nfl.com/image/private/f_auto,q_auto/league/bp3xb3scg09hvuzpu3sk",,18,REG,R01,Cody,DAV247918,40217,32004441-5624-7918-7ceb-9a12194677dc,2013,2013,,
2022,DEN,K,K,8,ACT,Brandon McManus,Brandon,McManus,1991-07-25,75.0,201,Temple,00-0029822,16339,6444feb1-f5a4-4b45-9a45-79308a4445fd,27120,9948,8437,,14996,1433,9,"https://static.www.nfl.com/image/private/f_auto,q_auto/league/fulgekxiksz6zob4u20f",,18,REG,A01,Brandon,MCM226186,40276,32004d43-4d22-6186-f944-10ba09a79444,2013,2013,,
2022,TB,QB,QB,4,DEV,Ryan Griffin,Ryan,Griffin,1989-11-17,76.0,210,Tulane,00-0029857,16140,949c34b9-150a-4a1b-b884-1fcf1ebaabdf,26949,8923,7983,,15190,1550,9,"https://static.www.nfl.com/image/private/f_auto,q_auto/league/mpwu7c3o2lkxwqn1gras",,19,WC,P07,Ryan,GRI294351,40314,32004752-4929-4351-4c0e-39c1aef9403f,2013,2013,,
2022,DEN,DL,NT,98,ACT,Mike Purcell,Michael,Purcell,1991-04-20,75.0,328,Wyoming,00-0029890,16377,291aca07-a3b7-4666-a8c0-2e0c01024de5,27217,9935,8530,,15375,1640,9,"https://static.www.nfl.com/image/private/f_auto,q_auto/league/czs2lsj7hku7fzs6xw1u",INTERIOR_LINE,18,REG,A01,Mike,PUR087672,40347,32005055-5208-7672-171f-2d3c2eb649cd,2013,2013,,
2022,SF,RB,FB,44,ACT,Kyle Juszczyk,Kyle,Juszczyk,1991-04-23,74.0,240,Harvard,00-0029892,16002,67da5b5c-0db9-4fbc-b98d-7eb8e97b69f6,26753,8930,7912,JuszKy00,14901,1379,9,"https://static.www.nfl.com/image/private/f_auto,q_auto/league/gmhhtflwf3lekys7sa09",TE,21,CON,A01,Kyle,JUS812736,40078,32004a55-5381-2736-6940-2f5c2a0823b7,2013,2013,BAL,130
2022,TB,OL,C,66,ACT,Ryan Jensen,Ryan,Jensen,1991-05-27,76.0,319,Colorado State-Pueblo,00-0029895,,,,,,,,,9,"https://static.www.nfl.com/image/private/f_auto,q_auto/league/gocwrguxix0vc8rgvku5",C,19,WC,R48,Ryan,JEN789150,40151,32004a45-4e78-9150-a3e9-3ee6cf3901c4,2013,2013,BAL,203
2022,CAR,DB,CB,29,RET,Rashaan Melvin,Rashaan,Melvin,1989-10-02,74.0,196,Northern Illinois,00-0029901,16270,20b43016-a174-423d-9551-7f62ababad3c,27041,9135,8334,,15359,1633,9,"https://static.www.nfl.com/image/private/f_auto,q_auto/league/ppqnt1ryi9qrc3os8c37",,18,REG,R02,Rashaan,MEL736889,40353,32004d45-4c73-6889-126e-93da4f401fdf,2013,2013,,
2022,SEA,LS,LS,46,ACT,Carson Tinker,James,Tinker,1989-11-15,72.0,233,Alabama,00-0029959,,,,,,,,,9,"https://static.www.nfl.com/image/private/f_auto,q_auto/league/qsgbjtgtduvkiky2dh7c",,19,WC,A01,Carson,TIN173324,40412,32005449-4e17-3324-685f-71fdd27d197a,2013,2013,,
2022,CLE,OL,T,74,ACT,Christopher Hubbard,Christopher,Hubbard,1991-04-23,76.0,295,Alabama-Birmingham,00-0029963,,,,,,,,,9,"https://static.www.nfl.com/image/private/f_auto,q_auto/league/gv1hjim7h90fltbsmolr",TE,18,REG,A01,Christopher,HUB174074,40416,32004855-4217-4074-41a2-2926a9fc4a4b,2013,2013,,
2022,BAL,LB,OLB,49,CUT,Brandon Copeland,Brandon,Copeland,1991-07-02,75.0,263,Pennsylvania,00-0030010,16393,b6d2274d-87cf-4427-bddf-ee8a1b4ea652,27259,9806,8378,,15423,1657,9,"https://static.www.nfl.com/image/private/f_auto,q_auto/league/xp2g7lnnvmlmchbccpp0",,7,REG,P07,Brandon,COP276485,40463,3200434f-5027-6485-a527-a62b039d43ab,2013,2013,,
2022,MIN,WR,WR,19,ACT,Adam Thielen,Adam,Thielen,1990-08-22,74.0,200,Minn. State-Mankato,00-0030035,16460,2fa2b2da-4aa9-44b5-b27e-56876dfe2ad4,27277,8986,8288,ThieAd00,15534,1689,9,"https://static.www.nfl.com/image/private/f_auto,q_auto/league/fuutugtpr0nikfvjwk67",WR,19,WC,A01,Adam,THI510348,40488,32005448-4951-0348-440c-28f32f21652b,2013,2013,,
2022,LV,DB,CB,23,DEV,Nickell Robey,Nickell Robey-Coleman,Robey,1992-01-17,68.0,178,Southern California,00-0030041,16217,1eb8ad96-b4f3-461e-81a3-0a4e08844f73,27007,8651,8483,,15469,1672,9,"https://static.www.nfl.com/image/private/f_auto,q_auto/league/zw694ltpgyqw5kuuileb",,18,REG,P07,Nickell,ROB361684,40494,3200524f-4236-1684-f599-46a46eb69458,2013,2013,,
2022,SF,OL,T,50,CUT,Jordan Mills,Jordan,Mills,1990-12-24,77.0,316,Louisiana Tech,00-0030046,,,,,,,,,9,"https://static.www.nfl.com/image/private/f_auto,q_auto/league/zxrk6tcnr3jnjluohskt",,1,REG,A01,Jordan,MIL706804,40111,32004d49-4c70-6804-7bfe-b42949f0984f,2013,2013,CHI,163
2022,ARI,TE,TE,86,RES,Zach Ertz,Zachary,Ertz,1990-11-10,77.0,250,Stanford,00-0030061,15835,de3421f7-2147-4835-89a5-724e87bad463,26658,8781,7816,ErtzZa00,14856,1339,9,"https://static.www.nfl.com/image/private/f_auto,q_auto/league/u5sxvgvz0pujcgrsjenk",,18,REG,R01,Zach,ERT800920,39983,32004552-5480-0920-32a6-165b5a77814e,2013,2013,PHI,35
2022,PHI,DB,CB,2,ACT,Darius Slay,Darius,Slay,1991-01-01,72.0,190,Mississippi State,00-0030062,15863,2c3ef101-5fa9-41d0-a0b1-32a1d27a1f69,26659,8647,7817,SlayDa00,15127,1518,9,"https://static.www.nfl.com/image/private/f_auto,q_auto/league/wqeehnfmf15oinnbwfs4",CB,22,SB,A01,Darius,SLA746089,39984,3200534c-4174-6089-247d-164a667d0a9a,2013,2013,DET,36
2022,DAL,DL,NT,95,ACT,Johnathan Hankins,Johnathan,Hankins,1992-03-30,74.0,340,Ohio State,00-0030063,15841,9d53adf2-4c3f-48a4-b7f8-6bb7f207c1f8,26672,8669,7830,HankJo00,15090,1492,9,"https://static.www.nfl.com/image/private/f_auto,q_auto/league/izatuswcrxjbrnbcabcx",INTERIOR_LINE,20,DIV,A01,Johnathan,HAN169902,39997,32004841-4e16-9902-788f-c9022e21f3ed,2013,2013,NYG,49
2022,WAS,LB,OLB,59,RES,Jon Bostic,Jon,Bostic,1991-05-05,73.0,245,Florida,00-0030064,15827,a76abacb-2309-477c-b075-ec05ccf938ae,26673,8696,7831,,15113,1507,9,"https://static.www.nfl.com/image/private/f_auto,q_auto/league/t2pjyumewomvynbvdvzy",,18,REG,R01,Jon,BOS528427,39998,3200424f-5352-8427-d19b-34d453f8090e,2013,2013,CHI,50
2022,MIA,OL,T,72,ACT,Terron Armstead,Terron,Armstead,1991-07-23,77.0,304,Arkansas-Pine Bluff,00-0030067,,,,,,,,,9,"https://static.www.nfl.com/image/private/f_auto,q_auto/league/mtvrowc5i1gqjqf165lv",T,19,WC,A01,Terron,ARM089867,40023,32004152-4d08-9867-92e9-15966a0ab591,2013,2013,NO,75
2022,SEA,WR,WR,11,RES,Marquise Goodwin,Marquise,Goodwin,1990-11-19,69.0,179,Texas,00-0030068,15839,bf52ff53-35a6-4696-ac6d-3fa952dc2c87,26701,8807,7859,GoodMa00,14865,1346,9,"https://static.www.nfl.com/image/private/f_auto,q_auto/league/mq9ih2olutji2nufwbvj",,19,WC,R01,Marquise,GOO681722,40026,3200474f-4f68-1722-a2ec-9d5c7a13eba1,2013,2013,BUF,78
2022,MIA,DL,NT,77,ACT,John Jenkins,Johnathan,Jenkins,1989-07-11,75.0,327,Georgia,00-0030070,15846,60d48e85-931c-45dc-b62f-024503a2e09b,26705,8672,7863,JenkJo00,15194,1553,9,"https://static.www.nfl.com/image/private/f_auto,q_auto/league/rmqvqxbays0ahcyyhhyj",INTERIOR_LINE,19,WC,A01,John,JEN271683,40030,32004a45-4e27-1683-8a30-9a574921106a,2013,2013,NO,82
2022,GB,OL,T,69,ACT,David Bakhtiari,David,Bakhtiari,1991-09-30,76.0,310,Colorado,00-0030074,,,,,,,,,9,"https://static.www.nfl.com/image/private/f_auto,q_auto/league/sbgns5rrmtgjd4rwrbpg",T,18,REG,A01,David,BAK787653,40057,32004241-4b78-7653-c094-66c621e0417c,2013,2013,GB,109
2022,LA,OL,G,63,ACT,Oday Aboushi,Oday,Aboushi,1991-06-05,77.0,315,Virginia,00-0030083,,,,,,,,,9,"https://static.www.nfl.com/image/private/f_auto,q_auto/league/qayiwzp2hlziik6pueim",,18,REG,A01,Oday,ABO652601,40089,32004142-4f65-2601-6e79-9f8aa00e5115,2013,2013,NYJ,141
2022,BUF,DB,FS,23,RES,Micah Hyde,Micah,Hyde,1990-12-31,72.0,197,Iowa,00-0030090,15960,e030ef2b-1dcc-4c66-b8de-0016ca0d52d2,26782,8892,7941,HydeMi00,15136,1525,9,"https://static.www.nfl.com/image/private/f_auto,q_auto/league/r6r20tq0j61aivifl9fb",,20,DIV,R48,Micah,HYD422041,40107,32004859-4442-2041-2cef-c6fc73545f0d,2013,2013,GB,159
2022,BUF,P,P,8,ACT,Sam Martin,Sam,Martin,1990-02-27,73.0,211,Appalachian State,00-0030092,15928,80b403da-381f-467e-883b-5b83ac02aac3,26788,9022,7947,MartSa01,15125,1516,9,"https://static.www.nfl.com/image/private/f_auto,q_auto/league/ytuz6naeaekh3xgdmo4c",,20,DIV,A01,Sam,MAR720548,40113,32004d41-5272-0548-89fe-164b32a0f793,2013,2013,DET,165
2022,BUF,OL,G,77,ACT,David Quessenberry,David,Quessenberry,1990-08-24,77.0,310,San Jose State,00-0030097,,,,,,,,,9,"https://static.www.nfl.com/image/private/f_auto,q_auto/league/e2mktyvj6li7edqwuxnp",,20,DIV,A01,David,QUE597984,40124,32005155-4559-7984-fe6c-8f632e818cdc,2013,2013,HOU,176
2022,LAC,K,K,6,RES,Dustin Hopkins,Dustin,Hopkins,1990-10-01,74.0,203,Florida State,00-0030098,15965,058c99fc-470c-4579-a165-03e043335cc1,26800,8896,,HopkDu00,14867,1348,9,"https://static.www.nfl.com/image/private/f_auto,q_auto/league/nzohsoavtmf8o6y0vmip",,19,WC,R01,Dustin,HOP165345,40125,3200484f-5016-5345-5687-66c5b0279290,2013,2013,BUF,177
2022,CHI,TE,TE,84,ACT,Ryan Griffin,Ryan,Griffin,1990-01-11,78.0,255,Connecticut,00-0030108,15887,cb1df42c-b59c-4e23-a9a2-fbfc2b39ef71,26824,8911,7982,GrifRy00,14985,1425,9,"https://static.www.nfl.com/image/private/f_auto,q_auto/league/izjfxtmk2dhzhrlwpt9g",TE,18,REG,A01,Ryan,GRI293499,40149,32004752-4929-3499-4553-f2c6b22bb2af,2013,2013,HOU,201
2022,BUF,DB,SS,21,ACT,Jordan Poyer,Jordan,Poyer,1991-04-25,72.0,191,Oregon State,00-0030114,15979,95fab6fa-3ee1-47d0-93ad-c7ff41744be7,26841,8639,8000,PoyeJo00,14860,1343,9,"https://static.www.nfl.com/image/private/f_auto,q_auto/league/udqu4c49w1ch7wssz9a5",SAFETY,20,DIV,A01,Jordan,POY177981,40166,3200504f-5917-7981-49e3-4504d10369fb,2013,2013,PHI,218
2022,WAS,P,P,5,ACT,Tress Way,Tress,Way,1990-04-18,73.0,220,Oklahoma,00-0030140,16166,55e1ecbd-96c5-456e-833b-9cd3f046f3fc,26945,9832,8358,,15112,1506,9,"https://static.www.nfl.com/image/private/f_auto,q_auto/league/kz3xiwuipxc4zpnmoaoy",,18,REG,A01,Tress,WAY228645,40600,32005741-5922-8645-73f7-640013d2a29d,2013,2013,,
2022,LAC,WR,WR,13,ACT,Keenan Allen,Keenan,Allen,1992-04-27,74.0,211,California,00-0030279,15818,5f424505-f29f-433c-b3f2-1a143a04a010,26699,8627,7857,AlleKe00,15076,1479,9,"https://static.www.nfl.com/image/private/f_auto,q_auto/league/i1fgxnhxvwdusljchnsv",SLOT_WR,19,WC,A01,Keenan,ALL532966,40024,3200414c-4c53-2966-dfa9-55ae464e7b3d,2013,2013,SD,76
2022,HOU,RB,RB,28,ACT,Rex Burkhead,Michael,Burkhead,1990-07-02,70.0,215,Nebraska,00-0030288,15971,bd8052bd-0898-430b-99c9-2529e895ae79,26813,8765,7971,BurkRe00,14917,1387,9,"https://static.www.nfl.com/image/private/f_auto,q_auto/league/ysgdnkasvp07qmrkasve",RB,18,REG,A01,Rex,BUR268979,40138,32004255-5226-8979-d329-833f70d2b628,2013,2013,CIN,190
2022,NYG,DB,SS,36,ACT,Tony Jefferson,Tony,Jefferson,1992-01-27,71.0,212,Oklahoma,00-0030294,16195,7690ab6a-2ae0-4449-abd5-74ec54403f2e,27081,8688,8361,,15516,1686,9,"https://static.www.nfl.com/image/private/f_auto,q_auto/league/id2riwyadfiwpyqhwb4g",MLB,20,DIV,A01,Tony,JEF423538,40737,32004a45-4642-3538-6240-81dc1df4c32e,2013,2013,,
2022,DAL,K,K,19,ACT,Brett Maher,Brett,Maher,1989-11-21,72.0,185,Nebraska,00-0030332,16486,99c9de87-7fe1-4d5e-928e-586f48af2d79,27369,9054,,,15854,4958,9,"https://static.www.nfl.com/image/private/f_auto,q_auto/league/v5fuzaeucyftknl6hwoe",,20,DIV,A01,Brett,MAH294385,40775,32004d41-4829-4385-37fd-00737cd2e6a2,2013,2013,,
2022,LV,DB,SS,30,ACT,Duron Harmon,Duron,Harmon,1991-01-24,72.0,205,Rutgers,00-0030383,15842,a2802951-e573-4e8f-ad31-14b9ae5f8e7c,26714,8906,7872,HarmDu00,14887,1366,9,"https://static.www.nfl.com/image/private/f_auto,q_auto/league/r84tde66ja6iuvr21yso",SAFETY,18,REG,A01,Duron,HAR195786,40039,32004841-5219-5786-e43b-d57a3d8ee96d,2013,2013,NE,91
2022,TB,DL,DE,92,ACT,William Gholston,William,Gholston,1991-07-31,78.0,281,Michigan State,00-0030386,16019,a0557106-4517-4516-a5e7-d46cba52fe44,26749,8664,7908,GholWi00,15200,1558,9,"https://static.www.nfl.com/image/private/f_auto,q_auto/league/q9thtylpufapknjyzug7",INTERIOR_LINE,19,WC,A01,William,GHO405127,40074,32004748-4f40-5127-b856-6d0c9b2afa69,2013,2013,TB,126
2022,BAL,LB,OLB,60,RES,Steven Means,Steven,Means,1990-09-16,75.0,263,Buffalo,00-0030387,15936,c639a18a-ee1a-46ed-8707-580711fa33db,26770,8974,7929,MeanSt00,15203,1561,9,"https://static.www.nfl.com/image/private/f_auto,q_auto/league/m15je6mlizxkjep7rvt1",,19,WC,R01,Steven,MEA790667,40095,32004d45-4179-0667-efd8-c4fe9d095bdb,2013,2013,TB,147
2022,NO,LB,ILB,54,RET,Kiko Alonso,Kristian,Alonso,1990-08-14,75.0,239,Oregon,00-0030401,15819,1b0234dc-a434-4c31-bb41-6457c068a0fa,26669,8698,7827,AlonKi00,14864,1345,9,"https://static.www.nfl.com/image/private/f_auto,q_auto/league/bratbocddqitvbqhilj5",,18,REG,R02,Kiko,ALO444955,39994,3200414c-4f44-4955-94ba-2b2088cec5b5,2013,2013,BUF,46
2022,SF,DL,DT,55,DEV,Akeem Spence,Akeem,Spence,1991-11-29,73.0,307,Illinois,00-0030402,15958,10969a29-e4ca-47d3-9100-0017774f2cc2,26723,8676,7882,SpenAk00,15204,1562,9,"https://static.www.nfl.com/image/private/f_auto,q_auto/league/psegy2ft4lr56hkwtzhk",,21,CON,P07,Akeem,SPE410844,40048,32005350-4541-0844-f293-479210d39ec1,2013,2013,TB,100
2022,TB,DB,FS,26,ACT,Logan Ryan,Logan,Ryan,1991-02-09,71.0,195,Rutgers,00-0030411,15861,e829aa7e-04a7-425a-9717-c334ca9febe9,26706,8640,7864,RyanLo00,14888,1367,9,"https://static.www.nfl.com/image/private/f_auto,q_auto/league/cx2auxfuxnuduesro2ww",SAFETY,19,WC,A01,Logan,RYA237161,40031,32005259-4123-7161-6d10-c7f89928657b,2013,2013,NE,83
2022,NE,LB,OLB,99,DEV,Jamie Collins,Jamie,Collins,1989-10-20,75.0,255,Southern Mississippi,00-0030421,15830,ca760cb5-83dd-4415-acc8-ef8b508ba976,26675,8715,7833,CollJa00,14885,1364,9,"https://static.www.nfl.com/image/private/f_auto,q_auto/league/opx1haouuhocoewz7p5h",,18,REG,P07,Jamie,COL607549,40000,3200434f-4c60-7549-78e7-bcab7dbbd4be,2013,2013,NE,52
2022,TEN,WR,WR,2,ACT,Robert Woods,Robert,Woods,1992-04-10,72.0,193,Southern California,00-0030431,15880,618bedee-9259-4536-b0ff-fec98d2a20de,26664,8628,7822,WoodRo02,14871,1352,9,"https://static.www.nfl.com/image/private/f_auto,q_auto/league/ksw0cui3nmzzaxwnkstl",WR,18,REG,A01,Robert,WOO561144,39989,3200574f-4f56-1144-59b1-dbf0c9bdb37a,2013,2013,BUF,41
2022,TB,RB,RB,25,ACT,Giovani Bernard,Giovani,Bernard,1991-11-22,69.0,205,North Carolina,00-0030456,15826,24cf6148-f0af-4103-a215-e06956764953,26660,8622,7818,BernGi00,14916,1386,9,"https://static.www.nfl.com/image/private/f_auto,q_auto/league/guht9y14gftgsugb87xz",,19,WC,A01,Giovani,BER219765,39985,32004245-5221-9765-46d6-1e758159937b,2013,2013,CIN,37
2022,NO,DB,FS,32,ACT,Tyrann Mathieu,Tyrann,Mathieu,1992-05-13,69.0,190,Louisiana State,00-0030459,15851,8c8b7d6e-6ed8-4a10-8ae9-b50300bd766b,26692,8593,7850,MathTy00,15226,1576,9,"https://static.www.nfl.com/image/private/f_auto,q_auto/league/phnmwvaekzhjo4xbd11z",SAFETY,18,REG,A01,Tyrann,MAT195206,40017,32004d41-5419-5206-42a6-e6a01bfff75c,2013,2013,ARI,69
2022,BUF,LB,OLB,52,ACT,A.J. Klein,Aaron,Klein,1991-07-30,73.0,240,Iowa State,00-0030463,15964,9342eba6-e307-4c55-a0f7-993518dd4415,26771,8942,7930,KleiAJ00,15186,1547,9,"https://static.www.nfl.com/image/private/f_auto,q_auto/league/u8glt8o1ugdzymmbkafr",,20,DIV,A01,A.J.,KLE216860,40096,32004b4c-4521-6860-e08e-23493961ddf7,2013,2013,CAR,148
2022,TB,RB,RB,38,CUT,Kenjon Barner,Kenjon,Barner,1989-04-28,69.0,195,Oregon,00-0030465,15921,5ec072b3-2837-4cf1-bb4f-ecd873949626,26805,8762,7963,BarnKe00,15185,1546,9,"https://static.www.nfl.com/image/private/f_auto,q_auto/league/n8hvbyw7vdlj7svjwqg4",,6,REG,R01,Kenjon,BAR236353,40130,32004241-5223-6353-7eec-f76b08d3f9a0,2013,2013,CAR,182
2022,NYG,DL,DT,93,RES,Nicholas Williams,Nicholas,Williams,1990-02-21,76.0,309,Samford,00-0030500,15882,e03775ef-3287-476c-9386-ff16ea31d7b8,26846,8969,8006,WillNi01,14974,1414,9,"https://static.www.nfl.com/image/private/f_auto,q_auto/league/eihy0cpfpth9rwjymm3u",,20,DIV,R01,Nicholas,WIL456378,40171,32005749-4c45-6378-ed53-e94268480b5b,2013,2013,PIT,223
2022,KC,TE,TE,87,ACT,Travis Kelce,Travis,Kelce,1989-10-05,77.0,260,Cincinnati,00-0030506,15847,c3859e06-5f23-4302-a71b-04820a899d5f,26686,8783,7844,KelcTr00,15048,1466,9,"https://static.www.nfl.com/image/private/f_auto,q_auto/league/gorkhvipsk0gdqb6bo34",SLOT_WR,22,SB,A01,Travis,KEL012458,40011,32004b45-4c01-2458-b7b6-3a14cdb414dd,2013,2013,KC,63
2022,KC,DL,NT,66,ACT,Brandon Williams,Brandon,Williams,1989-02-21,73.0,336,Missouri Southern,00-0030511,15875,7963d8ea-c627-47cb-b46f-a917abb9e9d7,26717,8678,7875,WillBr02,14906,1383,9,"https://static.www.nfl.com/image/private/f_auto,q_auto/league/fsifllhqsfavihjfs6eu",INTERIOR_LINE,22,SB,A01,Brandon,WIL156757,40042,32005749-4c15-6757-b4c6-59a7546684cb,2013,2013,BAL,94
2022,DEN,RB,RB,28,ACT,Latavius Murray,Latavius,Murray,1990-01-18,75.0,230,Central Florida,00-0030513,15920,540f8b30-900e-4d17-8756-c262ba5fa039,26804,8772,7962,MurrLa00,15071,1476,9,"https://static.www.nfl.com/image/private/f_auto,q_auto/league/e0c55kmyf6le5v6jmmrm",RB,18,REG,A01,Latavius,MUR671046,40129,32004d55-5267-1046-5487-d03e83f25c8b,2013,2013,OAK,181
2022,MIA,QB,QB,16,DEV,Mike Glennon,Michael,Glennon,1989-12-12,79.0,225,North Carolina State,00-0030520,15837,e1235f1e-26ce-438c-8168-3b1ded4ab893,26696,8745,7854,GlenMi00,15201,1559,9,"https://static.www.nfl.com/image/private/f_auto,q_auto/league/mubobrjbeudtezxv0t0p",,19,WC,P07,Mike,GLE711694,40021,3200474c-4571-1694-a09c-ddea32d15c26,2013,2013,TB,73
2022,BUF,WR,WR,86,CUT,Tavon Austin,Tavon,Austin,1990-03-15,68.0,179,West Virginia,00-0030525,15786,502b3a6c-e965-478a-858e-964b4ac2296c,26631,8793,7789,AustTa00,15215,1567,9,"https://static.www.nfl.com/image/private/f_auto,q_auto/league/ulagxqgjnrft4wub0gus",,5,REG,E01,Tavon,AUS659596,39954,32004155-5365-9596-bbdf-d25a79b68eaf,2013,2013,STL,8
2022,BUF,QB,QB,11,DEV,Matt Barkley,Matthew,Barkley,1990-09-08,74.0,234,Southern California,00-0030533,15948,da7cb0cc-543e-47d5-b29a-2ba2b341bd14,26721,8004,7880,BarkMa00,14855,1338,9,"https://static.www.nfl.com/image/private/f_auto,q_auto/league/y29vlshf0se8sotrjrm0",,20,DIV,P07,Matt,BAR192558,40046,32004241-5219-2558-104e-c58640a9e77a,2013,2013,PHI,98
2022,PHI,OL,T,65,ACT,Lane Johnson,Lane,Johnson,1990-05-08,78.0,317,Oklahoma,00-0030561,,,,,,,,,9,"https://static.www.nfl.com/image/private/f_auto,q_auto/league/phzfxnllyfafkjx7lbcm",T,22,SB,A01,Lane,JOH399478,39950,32004a4f-4839-9478-c9f1-08050b07752e,2013,2013,PHI,4
2022,ARI,WR,WR,10,INA,DeAndre Hopkins,DeAndre,Hopkins,1992-06-06,73.0,212,Clemson,00-0030564,15795,5c48ade7-4b9a-4757-9643-87a6e3839e2b,26650,8619,7808,HopkDe00,14986,1426,9,"https://static.www.nfl.com/image/private/f_auto,q_auto/league/kikfprn4t5ap1lju4a4k",,18,REG,A01,DeAndre,HOP161500,39973,3200484f-5016-1500-bfbe-c87b292b639c,2013,2013,HOU,27
2022,SEA,QB,QB,7,ACT,Geno Smith,Eugene,Smith,1990-10-10,75.0,221,West Virginia,00-0030565,15864,cfc93f5e-105e-4a5e-88d3-f4279893cfa8,26662,8743,7820,SmitGe00,14895,1373,9,"https://static.www.nfl.com/image/private/f_auto,q_auto/league/vxnzv7tz7ntlmpthfb42",QB,19,WC,A01,Geno,SMI269700,39987,3200534d-4926-9700-a278-7821d73d1c6a,2013,2013,NYJ,39
2022,DAL,DB,CB,39,ACT,Xavier Rhodes,Xavier,Rhodes,1990-06-19,73.0,218,Florida State,00-0030575,15810,81a5c010-2e89-4b65-a924-015cf4ea3f94,26648,8637,7806,RhodXa00,15151,1536,9,"https://static.www.nfl.com/image/private/f_auto,q_auto/league/vj7ythe0bue256xfeyhl",,20,DIV,A01,Xavier,RHO552860,39971,32005248-4f55-2860-8f85-4d9914114b25,2013,2013,MIN,25
2022,ATL,RB,RB,84,ACT,Cordarrelle Patterson,Cordarrelle,Patterson,1991-03-17,74.0,238,Tennessee,00-0030578,15807,da85107c-365c-4d58-90ab-479d97d798b4,26652,8792,7810,PattCo00,15150,1535,9,"https://static.www.nfl.com/image/private/f_auto,q_auto/league/ncyzuofecpl1v63vznp6",RB,18,REG,A01,Cordarrelle,PAT387075,39975,32005041-5438-7075-4e25-a1072ce2f5ac,2013,2013,MIN,29
2022,MIA,OL,T,79,RES,Eric Fisher,Eric,Fisher,1991-01-05,79.0,315,Central Michigan,00-0030584,,,,,,,,,9,"https://static.www.nfl.com/image/private/f_auto,q_auto/league/ztwpjz1jdxa9w67ll6h4",,19,WC,R01,Eric,FIS336183,39947,32004649-5333-6183-cdca-f7afe6912ebf,2013,2013,KC,1
2022,ARI,OL,G,67,RES,Justin Pugh,Justin,Pugh,1990-08-15,77.0,311,Syracuse,00-0030585,,,,,,,,,9,"https://static.www.nfl.com/image/private/f_auto,q_auto/league/c9obezrgjockzhfj28zg",,18,REG,R01,Justin,PUG243645,39965,32005055-4724-3645-b43d-c9bf6229b7dd,2013,2013,NYG,19
2022,KC,LS,LS,41,ACT,James Winchester,James,Winchester,1989-08-06,75.0,240,Oklahoma,00-0030615,16665,996a0607-8046-46c2-97a0-b94ff9f5a1c8,27494,10606,8580,,15917,1785,9,"https://static.www.nfl.com/image/private/f_auto,q_auto/league/hckw417vbq5czzikoqgz",,22,SB,A01,James,WIN034202,40994,32005749-4e03-4202-ea63-4415bac76e40,2013,2013,,
2022,ATL,OL,C,62,DEV,Jonotthan Harrison,Jonotthan,Harrison,1991-08-25,76.0,300,Florida,00-0030649,,,,,,,,,8,"https://static.www.nfl.com/image/private/f_auto,q_auto/league/wb11moujuevdcw8gajxo",,18,REG,P07,Jonotthan,HAR601814,41486,32004841-5260-1814-a858-5588cbbb9d50,2014,2014,,
2022,SF,WR,WR,83,DEV,Willie Snead,Willie,Snead,1992-10-17,71.0,205,Ball State,00-0030663,17258,8482bc94-0eb0-4e92-8f99-ced135f3cd5d,28026,9284,8999,SneaWi00,16141,1911,8,"https://static.www.nfl.com/image/private/f_auto,q_auto/league/fr5xckiwhguuaishnbju",,21,CON,P07,Willie,SNE115447,41500,3200534e-4511-5447-652c-c9261bcca6a7,2014,2014,,
2022,NO,DB,FS,25,ACT,Daniel Sorensen,Daniel,Sorensen,1990-03-05,74.0,208,Brigham Young,00-0030665,17259,d1e46e40-5e8c-4b5a-ae03-5d0093b98633,28036,9680,9253,,16303,2022,8,"https://static.www.nfl.com/image/private/f_auto,q_auto/league/sqynbf32igys6zu09szc",SAFETY,18,REG,A01,Daniel,SOR181831,41502,3200534f-5218-1831-f9bb-352a6148cd51,2014,2014,,
2022,LV,WR,WR,25,CUT,Albert Wilson,Albert,Wilson,1992-07-12,69.0,195,Georgia State,00-0030669,17051,2958ea86-e2dc-4719-93e5-cc9d093ca963,28046,9491,8943,WilsAl02,16308,2025,8,"https://static.www.nfl.com/image/private/f_auto,q_auto/league/slythouwdcrug0poiios",,17,REG,P07,Albert,WIL648299,41506,32005749-4c64-8299-6db3-f70542658125,2014,2014,,
2022,NO,OL,T,74,ACT,James Hurst,James,Hurst,1991-12-17,77.0,310,North Carolina,00-0030694,,,,,,,,,8,"https://static.www.nfl.com/image/private/f_auto,q_auto/league/bcriqfc8oenhluritjha",G,18,REG,A01,James,HUR496348,41532,32004855-5249-6348-c3a7-2a2a441b214e,2014,2014,,
2022,NO,OL,G,68,ACT,Josh Andrews,Josh,Andrews,1991-06-21,74.0,298,Oregon State,00-0030706,,,,,,,,,8,"https://static.www.nfl.com/image/private/f_auto,q_auto/league/i9szgu5xg9rirj93tx83",G,18,REG,A01,Josh,AND691210,41544,3200414e-4469-1210-e559-ec71341b4a41,2014,2014,,
2022,WAS,OL,T,78,INA,Cornelius Lucas,Cornelius,Lucas,1991-07-18,80.0,328,Kansas State,00-0030725,,,,,,,,,8,"https://static.www.nfl.com/image/private/f_auto,q_auto/league/ut44v8affnzwqaeztam1",,18,REG,A01,Cornelius,LUC054659,41563,32004c55-4305-4659-8560-2460bc8db96b,2014,2014,,
2022,CHI,DL,NT,64,ACT,Mike Pennel,Michael,Pennel,1991-05-09,76.0,332,Colorado State-Pueblo,00-0030757,17230,8b9bc551-66bb-4948-849f-c0471caaeb19,28085,9661,9316,,16486,2143,8,"https://static.www.nfl.com/image/private/f_auto,q_auto/league/ggbufioaykmpjgjddj6s",INTERIOR_LINE,18,REG,A01,Mike,PEN320554,41595,32005045-4e32-0554-9daf-d78f7cf2d013,2014,2014,,
2022,CHI,LB,ILB,45,ACT,Joe Thomas,Joe,Thomas,1991-05-06,73.0,232,South Carolina State,00-0030761,17266,fa059382-e52c-40c8-93fd-bd69decdc1c8,28089,10091,9272,,16492,2147,8,"https://static.www.nfl.com/image/private/f_auto,q_auto/league/ojdlnhgj7zlucpucacrq",MLB,18,REG,A01,Joe,THO234901,41599,32005448-4f23-4901-740f-082d2e02080f,2014,2014,,
2022,HOU,OL,C,64,ACT,Justin McCray,Justin,McCray,1992-05-31,75.0,317,Central Florida,00-0030792,,,,,,,,,8,"https://static.www.nfl.com/image/private/f_auto,q_auto/league/h1vvgv9jctzretuwfh3m",,18,REG,A01,Justin,MCC669589,41630,32004d43-4366-9589-e173-a6e82264f371,2014,2014,,
2022,JAX,OL,G,69,ACT,Tyler Shatley,Christian,Shatley,1991-05-05,75.0,310,Clemson,00-0030827,,,,,,,,,8,"https://static.www.nfl.com/image/private/f_auto,q_auto/league/exhbhzghuaqlczmhe15q",G,20,DIV,A01,Tyler,SHA509766,41665,32005348-4150-9766-37ff-64611cff9e61,2014,2014,,
2022,TB,OL,T,72,RES,Josh Wells,Joshua,Wells,1991-02-14,78.0,306,James Madison,00-0030829,,,,,,,,,8,"https://static.www.nfl.com/image/private/f_auto,q_auto/league/xfx5hremkkdpk8qv04bh",,19,WC,R01,Josh,WEL457772,41667,32005745-4c45-7772-a524-b12963b460d7,2014,2014,,
2022,WAS,OL,C,69,RES,Tyler Larsen,Tyler,Larsen,1991-07-08,76.0,325,Utah State,00-0030869,,,,,,,,,8,"https://static.www.nfl.com/image/private/f_auto,q_auto/league/advsimudtwrejfdy0w7b",,18,REG,R01,Tyler,LAR424403,41707,32004c41-5242-4403-a418-4af387f08692,2014,2014,,
2022,ATL,RB,RB,6,CUT,Damien Williams,Damien,Williams,1992-04-03,71.0,224,Oklahoma,00-0030874,17359,90908a56-901b-466d-8689-943075da96fe,28115,9644,9205,WillDa05,16031,1833,8,"https://static.www.nfl.com/image/private/f_auto,q_auto/league/ga4vusnfwfvhp2ksqw7x",,15,REG,W03,Damien,WIL206455,41712,32005749-4c20-6455-63c2-d08306a5df61,2014,2014,,
2022,SF,DL,DE,92,ACT,Kerry Hyder,Kerry,Hyder,1991-05-02,74.0,270,Texas Tech,00-0030946,17068,e00a7f77-8320-4415-8c71-ba9c5d0240b8,27862,9403,9045,,16067,1857,8,"https://static.www.nfl.com/image/private/f_auto,q_auto/league/vbv4vdg8aakzmjp5heae",INTERIOR_LINE,21,CON,A01,Kerry,HYD440791,41786,32004859-4444-0791-ed73-a3e54b3870f0,2014,2014,,
2022,NYG,LS,LS,58,ACT,Casey Kreiter,Casey,Kreiter,1990-08-13,73.0,250,Iowa,00-0030957,,,,,,,,,8,"https://static.www.nfl.com/image/private/f_auto,q_auto/league/zqxttiglm5qhyuxytpbd",,20,DIV,A01,Casey,KRE233600,41797,32004b52-4523-3600-312f-642e8b6af048,2014,2014,,
2022,ATL,RB,FB,40,ACT,Keith Smith,Alton,Smith,1992-04-08,72.0,240,San Jose State,00-0030968,17315,955093e0-39aa-48b4-b34d-259b369e6535,28141,9990,9302,,16378,2073,8,"https://static.www.nfl.com/image/private/f_auto,q_auto/league/us7beuzmadvyqh1j3dw4",RB,18,REG,A01,Keith,SMI449995,41808,3200534d-4944-9995-7277-79f06d619f06,2014,2014,,
2022,TB,DB,CB,43,CUT,Ross Cockrell,Ross,Cockrell,1991-08-06,72.0,191,Duke,00-0031016,16843,36da9517-98fe-4258-807d-6d7e4b334c2f,27637,9655,8744,CockRo00,15988,1809,8,"https://static.www.nfl.com/image/private/f_auto,q_auto/league/gpu1icicesj4o3r7vx8p",,1,REG,A01,Ross,COC494116,41338,3200434f-4349-4116-30ad-e539fdf5fe10,2014,2014,BUF,109
2022,CHI,OL,G,78,RES,Dakota Dozier,Dakota,Dozier,1991-04-30,76.0,313,Furman,00-0031017,,,,,,,,,8,"https://static.www.nfl.com/image/private/f_auto,q_auto/league/ebf1sgmsu92fqybvo63i",,18,REG,R01,Dakota,DOZ290704,41366,3200444f-5a29-0704-fb3a-3dc3b8ced775,2014,2014,NYJ,137
2022,LAC,OL,C,63,ACT,Corey Linsley,Corey,Linsley,1991-07-27,75.0,301,Ohio State,00-0031019,,,,,,,,,8,"https://static.www.nfl.com/image/private/f_auto,q_auto/league/w6udqbrpkpabwlt2wtav",C,19,WC,A01,Corey,LIN775645,41390,32004c49-4e77-5645-c04e-13f5467fc6c1,2014,2014,GB,161
2022,NYJ,OL,G,66,ACT,Laurent Duvernay-Tardif,Laurent,Duvernay-Tardif,1991-02-11,77.0,321,McGill,00-0031022,,,,,,,,,8,"https://static.www.nfl.com/image/private/f_auto,q_auto/league/efgdfvizp6xgkfia5ciw",G,18,REG,A01,Laurent,DUV489970,41429,32004455-5648-9970-114a-4ef52ebc6afe,2014,2014,KC,200
2022,NE,OL,C,65,ACT,James Ferentz,James,Ferentz,1989-06-05,74.0,300,Iowa,00-0031039,,,,,,,,,8,"https://static.www.nfl.com/image/private/f_auto,q_auto/league/rcfifweyzer5bbfewwcl",G,18,REG,A01,James,FER026916,41069,32004645-5202-6916-80b1-b8cb27d18783,2014,2014,,
2022,LAC,LB,OLB,52,ACT,Khalil Mack,Khalil,Mack,1991-02-22,75.0,269,Buffalo,00-0031040,16710,33c74bf8-7621-48be-a769-e219703988d9,27533,9251,8640,MackKh00,16323,2036,8,"https://static.www.nfl.com/image/private/f_auto,q_auto/league/aekwsfxpxuiwazioinjz",EDGE,19,WC,A01,Khalil,MAC325122,41231,32004d41-4332-5122-ef2d-7d43941a5ee7,2014,2014,OAK,5
2022,BAL,DB,CB,23,RES,Kyle Fuller,Kyle,Fuller,1992-02-16,71.0,194,Virginia Tech,00-0031041,16715,054f4c09-6bc9-49c9-a466-80abd2a39e74,27542,9272,8649,FullKy00,16432,2108,8,"https://static.www.nfl.com/image/private/f_auto,q_auto/league/hn06mz3xaqvoc1bkcrjh",,19,WC,R01,Kyle,FUL352996,41240,32004655-4c35-2996-61be-3a42c0d550d9,2014,2014,CHI,14
2022,BUF,WR,WR,16,DEV,John Brown,John,Brown,1990-04-03,70.0,179,Pittsburg State,00-0031051,16804,9b13d2bc-b22c-4f91-8eeb-309f43422d6e,27619,9684,8726,BrowJo02,16640,2238,8,"https://static.www.nfl.com/image/private/f_auto,q_auto/league/xwyc2a0qfdxbbct6lso6",,20,DIV,P07,John,BRO494712,41320,32004252-4f49-4712-7e90-42e293548523,2014,2014,ARI,91
2022,BUF,DL,DT,92,INA,DaQuan Jones,DaQuan,Jones,1991-12-27,76.0,322,Penn State,00-0031054,16910,0d038341-cd66-4651-93c4-e76c6d218135,27640,9393,8747,JoneDa04,16171,1932,8,"https://static.www.nfl.com/image/private/f_auto,q_auto/league/cf6glbmkg5aihgttdr6j",,20,DIV,A01,DaQuan,JON200565,41341,32004a4f-4e20-0565-dbce-63cc86919383,2014,2014,TEN,112
2022,SF,DB,CB,27,DEV,Dontae Johnson,Dontae,Johnson,1991-12-01,74.0,200,North Carolina State,00-0031061,16893,d5ba025d-5e9d-452d-8b86-f68a3bff5e22,27657,9301,8764,JohnDo02,16669,2258,8,"https://static.www.nfl.com/image/private/f_auto,q_auto/league/iflzhwus0lq9oaovlmgk",,21,CON,P02,Dontae,JOH211430,41358,32004a4f-4821-1430-cf6a-177838d240c1,2014,2014,SF,129
2022,NE,RB,RB,28,RET,James White,James,White,1992-02-03,70.0,205,Wisconsin,00-0031062,16913,39f70428-a78a-494c-8676-438d953c289e,27658,9524,8765,WhitJa02,16056,1848,8,"https://static.www.nfl.com/image/private/f_auto,q_auto/league/z1nnkmnstccnqya5d5ee",,18,REG,R02,James,WHI242257,41359,32005748-4924-2257-cf66-816145cac5b1,2014,2014,NE,130
2022,DEN,OL,T,73,ACT,Cameron Fleming,Cameron,Fleming,1992-09-03,77.0,320,Stanford,00-0031067,,,,,,,,,8,"https://static.www.nfl.com/image/private/f_auto,q_auto/league/kgcna4dcqcklfl0wra3k",T,18,REG,A01,Cameron,FLE157731,41369,3200464c-4515-7731-f0ee-1683da2b3966,2014,2014,NE,140
2022,GB,P,P,16,ACT,Pat O'Donnell,Patrick,O'Donnell,1991-02-22,76.0,212,Miami,00-0031079,16863,ccb2f18f-1454-4ec4-a9ae-2d7f5c20f86f,27719,9769,8826,ODonPa00,16438,2113,8,"https://static.www.nfl.com/image/private/f_auto,q_auto/league/mcls09cm2mg3jjshwkvu",,18,REG,A01,Pat,ODO667480,41420,32004f44-4f66-7480-4bae-f3eefbf596cb,2014,2014,CHI,191
2022,WAS,OL,T,72,ACT,Charles Leno,Charles,Leno,1991-10-09,75.0,305,Boise State,00-0031095,,,,,,,,,8,"https://static.www.nfl.com/image/private/f_auto,q_auto/league/mf75xcgnj9ogavslg383",T,18,REG,A01,Charles,LEN389697,41475,32004c45-4e38-9697-72fb-56c35895c239,2014,2014,CHI,246
2022,TEN,DB,CB,39,RES,Terrance Mitchell,Terrance,Mitchell,1992-05-17,71.0,190,Oregon,00-0031097,16927,94f04ef5-238a-4f38-b45a-de2e7f3b9f9e,27782,9332,8888,MitcTe00,16370,2067,8,"https://static.www.nfl.com/image/private/f_auto,q_auto/league/pzstl7we8yw2ujafoggs",,18,REG,R01,Terrance,MIT731784,41483,32004d49-5473-1784-ea28-1ba6d94f8c31,2014,2014,DAL,254
2022,TB,LB,OLB,58,RES,Shaquil Barrett,Shaquil,Barrett,1992-11-17,74.0,250,Colorado State,00-0031101,16967,df483199-088f-47d6-b8fc-1574f74bb4e2,27820,9995,9000,,16271,1999,8,"https://static.www.nfl.com/image/private/f_auto,q_auto/league/ypj1jhocma1b5p4x3eme",,19,WC,R01,Shaquil,BAR645290,41915,32004241-5264-5290-50a1-18e727ac606f,2014,2014,,
2022,WAS,OL,G,68,INA,Andrew Norwell,Andrew,Norwell,1991-10-25,78.0,325,Ohio State,00-0031122,,,,,,,,,8,"https://static.www.nfl.com/image/private/f_auto,q_auto/league/q4b5saxq136xf4vtn4bj",,18,REG,A01,Andrew,NOR777536,41939,32004e4f-5277-7536-31d6-dba665a5fff6,2014,2014,,
2022,SEA,LB,ILB,48,CUT,Christian Jones,Christian,Jones,1991-02-18,75.0,250,Florida State,00-0031130,17070,10d49d75-aa4a-4d26-b9b5-c74f4e3c9ac8,27839,9384,9020,,16434,2110,8,"https://static.www.nfl.com/image/private/f_auto,q_auto/league/ug768dhff0jq7n6ziyip",,8,REG,P07,Christian,JON162414,41947,32004a4f-4e16-2414-35d1-5135a3ceaefd,2014,2014,,
2022,PIT,K,K,9,ACT,Chris Boswell,Chris,Boswell,1991-03-16,74.0,185,Rice,00-0031136,17372,441eb531-1ec8-4f65-9174-78bc6adada63,28188,9646,8990,,16191,1945,8,"https://static.www.nfl.com/image/private/f_auto,q_auto/league/h46dtte99tyyaccvqsv5",,18,REG,A01,Chris,BOS743355,41953,3200424f-5374-3355-5a91-480dcb22e23b,2014,2014,,
2022,LAC,OL,G,71,ACT,Matt Feiler,Matt,Feiler,1992-07-07,78.0,330,Bloomsburg,00-0031142,,,,,,,,,8,"https://static.www.nfl.com/image/private/f_auto,q_auto/league/b9hjtoegmzcrnxpentnc",G,19,WC,A01,Matt,FEI526303,41959,32004645-4952-6303-4908-a055d599e907,2014,2014,,
2022,SEA,LS,LS,69,RES,Tyler Ott,Tyler,Ott,1992-02-28,75.0,253,Harvard,00-0031156,,,,,,,,,8,"https://static.www.nfl.com/image/private/f_auto,q_auto/league/u1lsffvduxygcdfiymlz",,19,WC,R01,Tyler,OTT034606,41973,32004f54-5403-4606-91c0-927940580e7f,2014,2014,,
2022,BAL,DL,DE,97,ACT,Brent Urban,Brent,Urban,1991-05-05,79.0,300,Virginia,00-0031177,16831,63cef4ac-6e22-497b-9f8c-fbccd0694d17,27662,9415,8769,UrbaBr00,16100,1881,8,"https://static.www.nfl.com/image/private/f_auto,q_auto/league/zpsc1kun2fgt4lrw4th9",INTERIOR_LINE,19,WC,A01,Brent,URB226521,41363,32005552-4222-6521-9e10-b53573c5cde4,2014,2014,BAL,134
2022,CHI,K,K,2,ACT,Cairo Santos,Cairo,Santos,1991-11-12,68.0,160,Tulane,00-0031203,17427,d96ff17c-841a-4768-8e08-3a4cfcb7f717,28227,9633,8932,,16301,2020,8,"https://static.www.nfl.com/image/private/f_auto,q_auto/league/gzi8r4xgnv0kuvljr1yb",,18,REG,A01,Cairo,SAN796299,41991,32005341-4e79-6299-852e-b177eee92780,2014,2014,,
2022,NE,DB,CB,21,CUT,Malcolm Butler,Malcolm,Butler,1990-03-02,71.0,190,West Alabama,00-0031218,17435,ab49bafe-7023-46ce-9606-9a9823eabee6,28244,9944,9040,,16035,1834,8,"https://static.www.nfl.com/image/private/f_auto,q_auto/league/f3awhdzr8rsy6ck7gmob",,1,REG,A01,Malcolm,BUT474917,42006,32004255-5447-4917-b161-c535cf8908ea,2014,2014,,
2022,HOU,WR,WR,13,ACT,Brandin Cooks,Brandin,Cooks,1993-09-25,70.0,183,Oregon State,00-0031236,16731,b6b954eb-4591-4b7a-86b9-a481f15fdd58,27548,9260,8655,CookBr00,16568,2197,8,"https://static.www.nfl.com/image/private/f_auto,q_auto/league/fsvyyiinddsyo87r9l3t",WR,18,REG,A01,Brandin,COO299382,41246,3200434f-4f29-9382-29e1-70020b0a09be,2014,2014,NO,20
2022,MIA,QB,QB,5,ACT,Teddy Bridgewater,Theodore,Bridgewater,1992-11-10,74.0,215,Louisville,00-0031237,16728,d4cb52a9-f6b4-42ed-b40b-27bff5f1eea7,27560,9245,8667,BridTe00,16497,2152,8,"https://static.www.nfl.com/image/private/f_auto,q_auto/league/q5p8afhezmpvc1xbwibf",,19,WC,A01,Teddy,BRI129168,41258,32004252-4912-9168-84fe-1a998a0eb85b,2014,2014,MIN,32
2022,BAL,LB,OLB,47,DEV,Devon Kennard,Devon,Kennard,1991-06-24,75.0,256,Southern California,00-0031241,16820,036131ed-3862-4f06-8379-084d3b2352d5,27702,9377,8809,KennDe00,16397,2084,8,"https://static.www.nfl.com/image/private/f_auto,q_auto/league/sbnbmm472r2yob1cwxqj",,13,REG,P07,Devon,KEN208338,41403,32004b45-4e20-8338-7402-3f84e3700026,2014,2014,NYG,174
2022,DEN,DB,CB,21,ACT,K'Waun Williams,K'Waun,Williams,1991-07-12,69.0,183,Pittsburgh,00-0031253,17444,63a656b9-bcbb-44a3-95c8-e8a63660e71b,28265,9953,9332,,16143,1913,8,"https://static.www.nfl.com/image/private/f_auto,q_auto/league/wvwkniv9lfazvvgdxrs0",SLOT_CB,18,REG,A01,K'Waun,WIL415204,42030,32005749-4c41-5204-4491-7759627ca746,2014,2014,,
2022,TEN,DL,DE,96,ACT,Denico Autry,Denico,Autry,1990-07-15,77.0,285,Mississippi State,00-0031254,17447,a21d1e4a-aae6-4ebe-8f70-1087151b2b50,28266,9746,8982,,16310,2027,8,"https://static.www.nfl.com/image/private/f_auto,q_auto/league/s1skqkee3ll05sw67ty1",EDGE,18,REG,A01,Denico,AUT529722,42031,32004155-5452-9722-6c49-55672c70bcd6,2014,2014,,
2022,DAL,LB,OLB,42,ACT,Anthony Barr,Anthony,Barr,1992-03-18,77.0,255,UCLA,00-0031256,16711,23616a22-8266-4b0c-b0b9-5f8187178168,27537,9247,8644,BarrAn00,16496,2151,8,"https://static.www.nfl.com/image/private/f_auto,q_auto/league/qmdqkyi8gt67bvqtafxi",MLB,20,DIV,A01,Anthony,BAR550678,41235,32004241-5255-0678-26cd-58fd8ece815f,2014,2014,MIN,9
2022,LAC,LB,OLB,45,DEV,Jeremiah Attaochu,Jeremiah,Attaochu,1993-01-17,75.0,252,Georgia Tech,00-0031258,16761,614c6237-8fe9-4a62-beec-0c44ca0fc2ad,27578,9343,8685,AttaJe00,16334,2042,8,"https://static.www.nfl.com/image/private/f_auto,q_auto/league/kuzyvqsygq7u44i1mvdv",,19,WC,P07,Jeremiah,ATT290361,41279,32004154-5429-0361-f785-1f0faf0b58b4,2014,2014,SD,50
2022,WAS,TE,TE,82,ACT,Logan Thomas,Logan,Thomas,1991-07-01,78.0,250,Virginia Tech,00-0031260,16813,b24625a0-d402-4d59-a778-aa4b073bfe5e,27648,9323,8755,ThomLo00,16656,2251,8,"https://static.www.nfl.com/image/private/f_auto,q_auto/league/wzb0lbrvqknwfcgnj5sq",TE,18,REG,A01,Logan,THO296280,41349,32005448-4f29-6280-e212-928e7f08f1ce,2014,2014,ARI,120
2022,CAR,DB,CB,27,ACT,T.J. Carrie,Travis,Carrie,1990-07-28,72.0,204,Ohio,00-0031269,16808,3f0613a9-f060-4b43-95cb-3b263f05cd0f,27747,11514,8853,CarrTr00,16312,2029,8,"https://static.www.nfl.com/image/private/f_auto,q_auto/league/kezxowzth44qm6wo1fgt",,18,REG,A01,T.J.,CAR470432,41448,32004341-5247-0432-a48c-dc0e90b552e6,2014,2014,OAK,219
2022,SEA,DL,DE,93,ACT,Shelby Harris,Shelby,Harris,1991-08-11,74.0,290,Illinois State,00-0031270,16837,20d66704-9c12-467f-a6ca-9cf9dc00730c,27763,9785,8869,HarrSh00,16319,2033,8,"https://static.www.nfl.com/image/private/f_auto,q_auto/league/pzuucrxgiue8yktd5t7b",INTERIOR_LINE,19,WC,A01,Shelby,HAR536152,41464,32004841-5253-6152-2588-5177254b0366,2014,2014,OAK,235
2022,TB,TE,TE,84,ACT,Cameron Brate,Cameron,Brate,1991-07-03,77.0,245,Harvard,00-0031273,17453,5afe93fd-0caf-4cca-83fc-7f405bebfa3e,28267,10008,9207,BratCa00,16593,2214,8,"https://static.www.nfl.com/image/private/f_auto,q_auto/league/jhioqec65qy4z7s6w9a6",TE,19,WC,A01,Cameron,BRA663798,42033,32004252-4166-3798-c2b3-ef206ba23ba8,2014,2014,,
2022,ATL,OL,T,70,ACT,Jake Matthews,Jacob,Matthews,1992-02-11,77.0,309,Texas A&amp;M,00-0031279,,,,,,,,,8,"https://static.www.nfl.com/image/private/f_auto,q_auto/league/ghfambrbib4ziaqulfua",T,18,REG,A01,Jake,MAT565555,41232,32004d41-5456-5555-1827-0d5d5e928f5d,2014,2014,ATL,6
2022,LV,QB,QB,4,INA,Derek Carr,Derek,Carr,1991-03-28,75.0,210,Fresno State,00-0031280,16757,9f026fc0-4449-4dc5-a226-2e2830619381,27564,9317,8671,CarrDe02,16311,2028,8,"https://static.www.nfl.com/image/private/f_auto,q_auto/league/l1eqjrajbnisr91dmlcl",,18,REG,A01,Derek,CAR358797,41265,32004341-5235-8797-3b9a-0d2711c0bc27,2014,2014,OAK,36
2022,HOU,OL,C,68,RES,Justin Britt,Justin,Britt,1991-05-29,78.0,315,Missouri,00-0031282,,,,,,,,,8,"https://static.www.nfl.com/image/private/f_auto,q_auto/league/acxotc2bwutblcw4xbpr",,18,REG,R27,Justin,BRI704622,41293,32004252-4970-4622-cfe1-3576ea00aed2,2014,2014,SEA,64
2022,NYJ,LB,ILB,57,ACT,C.J. Mosley,Clinton,Mosley,1992-06-19,74.0,250,Alabama,00-0031296,16720,bf5f7564-349a-439a-a8a9-4ddb10448a8d,27545,9380,8652,MoslC.00,16093,1875,8,"https://static.www.nfl.com/image/private/f_auto,q_auto/league/aafgfrfxx1sjdmh6hhhm",MLB,18,REG,A01,C.J.,MOS361252,41243,32004d4f-5336-1252-5a5a-3a4856095815,2014,2014,BAL,17
2022,SF,DL,DE,55,ACT,Dee Ford,Donald,Ford,1991-03-19,74.0,252,Auburn,00-0031297,16707,6c434322-0ee2-4df5-a5e8-1a6e5f12285e,27551,9342,8658,FordDe00,16294,2015,8,"https://static.www.nfl.com/image/private/f_auto,q_auto/league/wn2xowqkaphzrq6bkqk9",,1,REG,A01,Dee,FOR113166,41249,3200464f-5211-3166-d7f9-33e1998aa90b,2014,2014,KC,23
2022,SF,DB,FS,1,ACT,Jimmie Ward,Jimmie,Ward,1991-07-18,71.0,193,Northern Illinois,00-0031298,16717,1b8414b5-3db8-4e89-8bcc-7ac7f7d0b931,27558,9308,8665,WardJi01,16678,2267,8,"https://static.www.nfl.com/image/private/f_auto,q_auto/league/egdaf8nsetdzzdhtmkil",SLOT_CB,21,CON,A01,Jimmie,WAR218386,41256,32005741-5221-8386-c3e7-500527449245,2014,2014,SF,30
2022,SF,TE,TE,88,RES,Jordan Matthews,Jordan,Matthews,1992-07-16,75.0,215,Vanderbilt,00-0031299,16763,7b96a836-666b-47b6-a0a7-9dbb0b4c53e8,27570,9273,8677,MattJo00,15974,1800,8,"https://static.www.nfl.com/image/private/f_auto,q_auto/league/lzmaxofoalitaiiuchm7",,21,CON,R01,Jordan,MAT569663,41271,32004d41-5456-9663-2598-657f4f0af257,2014,2014,PHI,42
2022,HOU,LB,OLB,57,RES,Kevin Pierre-Louis,Kevin,Pierre-Louis,1991-10-07,72.0,230,Boston College,00-0031308,16888,14656a50-c687-48e0-a2d9-819709e3ffa3,27660,9712,8767,PierKe00,16690,2277,8,"https://static.www.nfl.com/image/private/f_auto,q_auto/league/oiqbdi5yu0xvl6kogrup",,18,REG,R01,Kevin,PIE584019,41361,32005049-4558-4019-6f7c-aa4117bc8ec2,2014,2014,SEA,132
2022,NYJ,WR,WR,18,DEV,Diontae Spencer,Diontae,Spencer,1992-03-19,68.0,170,McNeese State,00-0031319,17463,379f98b1-2f12-4f9e-8332-61cb930ac97a,28279,13530,91248,SpenDi00,20722,5828,8,"https://static.www.nfl.com/image/private/f_auto,q_auto/league/lf3axvxomg2ktozc1rei",,18,REG,P07,Diontae,SPE464206,42051,32005350-4546-4206-9ad8-f11122711861,2014,2014,,
2022,BAL,WR,WR,82,ACT,Sammy Watkins,Samuel,Watkins,1993-06-14,73.0,211,Clemson,00-0031325,16725,7d80b51f-1462-442e-aa7f-8c320a62deed,27532,9249,8639,WatkSa00,16003,1817,8,"https://static.www.nfl.com/image/private/f_auto,q_auto/league/nkqk4ac4uncxocqlgp2k",WR,19,WC,A01,Sammy,WAT270480,41230,32005741-5427-0480-637c-854aaf86ba0e,2014,2014,BUF,4
2022,BAL,OL,T,78,ACT,Morgan Moses,Morgan,Moses,1991-03-03,78.0,330,Virginia,00-0031330,,,,,,,,,8,"https://static.www.nfl.com/image/private/f_auto,q_auto/league/wiwblrctn3rqj5mb4ndp",T,19,WC,A01,Morgan,MOS280929,41295,32004d4f-5328-0929-d77a-b0c47c50643f,2014,2014,WAS,66
2022,SF,DB,CB,2,RES,Jason Verrett,Jason,Verrett,1991-06-18,70.0,188,Texas Christian,00-0031334,16726,13112f4f-03c9-432c-a033-454870cda46b,27553,9330,8660,VerrJa00,16353,2055,8,"https://static.www.nfl.com/image/private/f_auto,q_auto/league/vz516d6tu3lyno2ciuf7",,21,CON,R01,Jason,VER625072,41251,32005645-5262-5072-52a7-9f712727c35f,2014,2014,SD,25
2022,HOU,DB,SS,8,CUT,Terrence Brooks,Terrence,Brooks,1992-03-02,71.0,205,Florida State,00-0031338,16768,5cb1fbaa-96f9-4211-96b7-f3492f2bc467,27607,9298,8714,BrooTe00,16078,1864,8,"https://static.www.nfl.com/image/private/f_auto,q_auto/league/o21l87qgeibe1alrmzym",,1,REG,A01,Terrence,BRO172431,41308,32004252-4f17-2431-b6c3-4555505c8682,2014,2014,BAL,79
2022,SF,QB,QB,10,INA,Jimmy Garoppolo,James,Garoppolo,1991-11-02,74.0,225,Eastern Illinois,00-0031345,16760,42de9d1d-0352-460b-9172-9452414fd7fd,27590,9320,8697,GaroJi00,16041,1837,8,"https://static.www.nfl.com/image/private/f_auto,q_auto/league/fuepwtifp7wd9grpzvwb",,21,CON,A01,Jimmy,GAR363225,41291,32004741-5236-3225-90e6-5bfdba41064c,2014,2014,NE,62
2022,NYG,DL,DT,71,ACT,Justin Ellis,Justin,Ellis,1990-12-27,74.0,350,Louisiana Tech,00-0031346,16857,7e2c36bd-bae6-42e8-84fc-147106ed7270,27635,9397,8742,ElliJu01,16315,2031,8,"https://static.www.nfl.com/image/private/f_auto,q_auto/league/wduokcrngi613rdgwqbf",INTERIOR_LINE,20,DIV,A01,Justin,ELL559046,41336,3200454c-4c55-9046-1765-9a6375e4c015,2014,2014,OAK,107
2022,CHI,OL,G,79,RES,Michael Schofield,Michael,Schofield,1990-11-15,78.0,301,Michigan,00-0031353,,,,,,,,,8,"https://static.www.nfl.com/image/private/f_auto,q_auto/league/oretyyn9jjmsu067tuw6",,18,REG,R01,Michael,SCH444668,41324,32005343-4844-4668-590e-aff0e1a1262f,2014,2014,DEN,95
2022,DAL,DB,CB,29,ACT,C.J. Goodwin,Charaun,Goodwin,1990-02-04,75.0,190,"California, Pa.",00-0031357,17474,6d62aaa2-fe41-4672-941f-7314a0b9b367,28289,9842,9243,,17337,2869,8,"https://static.www.nfl.com/image/private/f_auto,q_auto/league/jinuzyrwvywswczzdtsl",,20,DIV,A01,C.J.,GOO627559,42094,3200474f-4f62-7559-f09c-3e19a5e5567f,2014,2014,,
2022,LAC,LB,OLB,8,ACT,Kyle Van Noy,Kyle,Van Noy,1991-03-26,75.0,250,Brigham Young,00-0031360,16772,0ad845ff-44e8-4576-bc91-61b557e06f05,27568,9262,8675,VanNKy00,16467,2130,8,"https://static.www.nfl.com/image/private/f_auto,q_auto/league/znklqcbz96hplzfzqunt",EDGE,19,WC,A01,Kyle,VAN656604,41269,32005641-4e65-6604-35eb-7909415e4155,2014,2014,DET,40
2022,HOU,LB,OLB,58,ACT,Christian Kirksey,Christian,Kirksey,1992-08-31,74.0,235,Iowa,00-0031361,16767,462bfd22-1159-408f-8f92-7fde712ffc3a,27599,9375,8706,KirkCh00,16133,1905,8,"https://static.www.nfl.com/image/private/f_auto,q_auto/league/isfkelvkds7t558honb0",MLB,18,REG,A01,Christian,KIR636906,41300,32004b49-5263-6906-3aa4-9ab200514c55,2014,2014,CLE,71
2022,WAS,OL,G,53,ACT,Trai Turner,Trai,Turner,1993-06-14,75.0,315,Louisiana State,00-0031362,,,,,,,,,8,"https://static.www.nfl.com/image/private/f_auto,q_auto/league/l2njoohq6z0xuewo48ia",G,18,REG,A01,Trai,TUR715469,41321,32005455-5271-5469-754e-1592b0d0153c,2014,2014,CAR,92
2022,NE,P,P,17,ACT,Michael Palardy,Michael,Palardy,1992-07-06,71.0,200,Tennessee,00-0031363,17475,5f3cc875-e802-46b2-81ad-3ffb7a3a1662,28292,10053,9277,,17286,2818,8,"https://static.www.nfl.com/image/private/f_auto,q_auto/league/hoxfeahxcb9sbz83nose",,18,REG,A01,Michael,PAL050322,42098,32005041-4c05-0322-2d4d-b3edea08e00c,2014,2014,,
2022,CLE,DL,DE,90,INA,Jadeveon Clowney,Jadeveon,Clowney,1993-02-14,77.0,255,South Carolina,00-0031364,16734,016d31ec-9b32-47e2-801b-9724c0a30f62,27529,9243,8636,ClowJa00,16194,1947,8,"https://static.www.nfl.com/image/private/f_auto,q_auto/league/rmuagbaye1s4hfevcqov",,18,REG,A01,Jadeveon,CLO535848,41227,3200434c-4f53-5848-cd48-3846b85c634d,2014,2014,HOU,1
2022,SEA,OL,G,66,ACT,Gabe Jackson,Gabriel,Jackson,1991-07-12,75.0,336,Mississippi State,00-0031367,,,,,,,,,8,"https://static.www.nfl.com/image/private/f_auto,q_auto/league/ayii0hagj1u5f1kzuxqy",G,19,WC,A01,Gabe,JAC178303,41310,32004a41-4317-8303-e9e6-8ce1a32211aa,2014,2014,OAK,81
2022,JAX,OL,G,65,RET,Brandon Linder,Brandon,Linder,1992-01-25,78.0,315,Miami,00-0031369,,,,,,,,,8,"https://static.www.nfl.com/image/private/f_auto,q_auto/league/hv5hw11b417jpoqdbc8m",,20,DIV,R02,Brandon,LIN175931,41322,32004c49-4e17-5931-b12f-4484ba6f7443,2014,2014,JAX,93
2022,NO,DB,CB,21,ACT,Bradley Roby,Bradley,Roby,1992-05-01,71.0,194,Ohio State,00-0031372,16719,b6c9d494-a3cd-4d57-96e1-f807f0b9be63,27559,9329,8666,RobyBr00,16283,2008,8,"https://static.www.nfl.com/image/private/f_auto,q_auto/league/b2ef6tlrbcqpdnnolzcq",SLOT_CB,18,REG,A01,Bradley,ROB805749,41257,3200524f-4280-5749-9652-a615a0a1a70a,2014,2014,DEN,31
2022,KC,RB,RB,1,ACT,Jerick McKinnon,Jerick,McKinnon,1992-05-03,69.0,205,Georgia Southern,00-0031376,16782,f77479d7-51a5-41f9-8924-69526dd078cd,27624,9529,8731,McKiJe00,16510,2161,8,"https://static.www.nfl.com/image/private/f_auto,q_auto/league/kymimlahjvox7vv3vevi",RB,22,SB,A01,Jerick,MCK656764,41325,32004d43-4b65-6764-e685-6b07f4dbac28,2014,2014,MIN,96
2022,SF,DB,CB,31,CUT,Darqueze Dennard,Darqueze,Dennard,1991-10-10,71.0,205,Michigan State,00-0031380,16718,05b308c7-13f6-4ea7-baed-4314896663cb,27552,9619,8659,DennDa00,16107,1887,8,"https://static.www.nfl.com/image/private/f_auto,q_auto/league/qtkfu7vlp2yl8iapuxqp",,1,REG,A01,Darqueze,DEN095585,41250,32004445-4e09-5585-b09c-1ac0b8a3689f,2014,2014,CIN,24
2022,LV,WR,WR,17,ACT,Davante Adams,Davante,Adams,1992-12-24,73.0,215,Fresno State,00-0031381,16800,e7d6ae25-bf15-4660-8b37-c37716551de3,27581,9455,8688,AdamDa01,16470,2133,8,"https://static.www.nfl.com/image/private/f_auto,q_auto/league/jmojceirzhgctrcfi4aw",WR,18,REG,A01,Davante,ADA218591,41282,32004144-4121-8591-4d26-4c0ac739af41,2014,2014,GB,53
2022,NO,WR,WR,5,RES,Jarvis Landry,Jarvis,Landry,1992-11-28,71.0,196,Louisiana State,00-0031382,16790,06e41dc1-d5dc-4bdc-8fc3-e0d7c3a99ac4,27591,9454,8698,LandJa00,16020,1825,8,"https://static.www.nfl.com/image/private/f_auto,q_auto/league/w2q9uwsjvgadwyvnvopb",,18,REG,R01,Jarvis,LAN163029,41292,32004c41-4e16-3029-78da-4985470f8aab,2014,2014,MIA,63
2022,LAC,TE,TE,82,RES,Richard Rodgers,Richard,Rodgers,1992-01-22,76.0,257,California,00-0031384,16786,e00b3426-238b-4bdb-85c3-bbf08b7469e3,27626,9559,8733,RodgRi00,16491,2146,8,"https://static.www.nfl.com/image/private/f_auto,q_auto/league/l9zei9dkcmbml3q1nshk",,19,WC,R01,Richard,ROD493098,41327,3200524f-4449-3098-2a73-317966fae968,2014,2014,GB,98
2022,LA,DL,DT,99,INA,Aaron Donald,Aaron,Donald,1991-05-23,73.0,280,Pittsburgh,00-0031388,16716,8bb5c7ef-e7be-4015-8874-2f0982286acc,27541,9391,8648,DonaAa00,16618,2227,8,"https://static.www.nfl.com/image/private/f_auto,q_auto/league/rgoyphz7jeexsniln3gr",,18,REG,A01,Aaron,DON134977,41239,3200444f-4e13-4977-da01-4e2f082de38b,2014,2014,STL,13
2022,NYJ,DB,SS,29,RES,Lamarcus Joyner,Lamarcus,Joyner,1990-11-27,68.0,185,Florida State,00-0031389,16769,99d9eebd-808f-4573-b39b-b9fef4ce5e98,27569,9327,8676,JoynLa00,16625,2230,8,"https://static.www.nfl.com/image/private/f_auto,q_auto/league/x57erxn3gxqfqdwx7of9",,18,REG,R01,Lamarcus,JOY464866,41270,32004a4f-5946-4866-7495-d5ac553be826,2014,2014,STL,41
2022,NE,QB,QB,19,DEV,Garrett Gilbert,Garrett,Gilbert,1991-07-01,76.0,230,Southern Methodist,00-0031395,16809,56073e7b-84ca-4d4a-a2e7-1bfc0277e8d4,27742,9776,8848,GilbGa01,16621,2229,8,"https://static.www.nfl.com/image/private/f_auto,q_auto/league/tqn0pjemxn7hoze93kwa",,18,REG,P07,Garrett,GIL072219,41443,32004749-4c07-2219-21b9-4a27a834f437,2014,2014,STL,214
2022,DAL,OL,G,70,ACT,Zack Martin,Zachary,Martin,1990-11-20,76.0,315,Notre Dame,00-0031402,,,,,,,,,8,"https://static.www.nfl.com/image/private/f_auto,q_auto/league/xi6ehulynxpw2rwzp1ko",G,20,DIV,A01,Zack,MAR771661,41242,32004d41-5277-1661-22a7-85637246c769,2014,2014,DAL,16
2022,NE,DB,SS,21,ACT,Adrian Phillips,Adrian,Phillips,1992-03-28,71.0,210,Texas,00-0031404,17487,3c119ef7-fe68-439d-93e4-89ab4fd1df44,28303,10002,9177,,16724,2287,8,"https://static.www.nfl.com/image/private/f_auto,q_auto/league/pjmqzrhcatnn4v44mg4h",SAFETY,18,REG,A01,Adrian,PHI113173,42116,32005048-4911-3173-b663-47be73764dc8,2014,2014,,
2022,TB,WR,WR,13,ACT,Mike Evans,Mike,Evans,1993-08-21,77.0,231,Texas A&amp;M,00-0031408,16737,c48c21d9-0ae5-478c-ad34-30a660cfa9b8,27535,9253,8642,EvanMi00,16597,2216,8,"https://static.www.nfl.com/image/private/f_auto,q_auto/league/pyilrqdmfvv1zceem1cg",WR,19,WC,A01,Mike,EVA534309,41233,32004556-4153-4309-b2ed-6b8233f6fea5,2014,2014,TB,7
2022,DAL,DL,DE,90,ACT,Demarcus Lawrence,Demarcus,Lawrence,1992-04-28,75.0,265,Boise State,00-0031411,16802,3e3bd10a-6462-47f8-8938-42518781d060,27562,9344,8669,LawrDe00,16366,2064,8,"https://static.www.nfl.com/image/private/f_auto,q_auto/league/e3u1r1yfh5n0rbw34rk3",EDGE,20,DIV,A01,Demarcus,LAW282118,41263,32004c41-5728-2118-edab-498f27240b6f,2014,2014,DAL,34
2022,PIT,DL,DE,91,RET,Stephon Tuitt,Stephon,Tuitt,1993-05-23,78.0,303,Notre Dame,00-0031412,16798,9758b9e2-5809-4a16-890f-e239f0808723,27574,9257,8681,TuitSt00,16159,1925,8,"https://static.www.nfl.com/image/private/f_auto,q_auto/league/b8k3hdwumwefaokiimfg",,18,REG,R02,Stephon,TUI753113,41275,32005455-4975-3113-1d2d-3d199a9c6901,2014,2014,PIT,46
2022,BAL,OL,T,71,RES,Ja'Wuan James,Ja'Wuan,James,1992-06-03,78.0,312,Tennessee,00-0031417,,,,,,,,,8,"https://static.www.nfl.com/image/private/f_auto,q_auto/league/qrchxykky1hsigyn3iex",,19,WC,R01,Ja'Wuan,JAM218029,41245,32004a41-4d21-8029-cd5c-4a092b767472,2014,2014,MIA,19
2022,CLE,OL,G,75,ACT,Joel Bitonio,Joel,Bitonio,1991-10-11,76.0,320,Nevada,00-0031426,,,,,,,,,8,"https://static.www.nfl.com/image/private/f_auto,q_auto/league/n3hrbipwg1bjfhfdg6gl",G,18,REG,A01,Joel,BIT316411,41264,32004249-5431-6411-4772-9ef0395824e9,2014,2014,CLE,35
2022,LA,WR,WR,1,RES,Allen Robinson,Allen,Robinson,1993-08-24,74.0,220,Penn State,00-0031428,16799,0fd32417-8410-4a8f-8919-386c433bca43,27589,9264,8696,RobiAl02,16263,1992,8,"https://static.www.nfl.com/image/private/f_auto,q_auto/league/q9aj6lloix5ocf7xk8ry",,18,REG,R01,Allen,ROB365982,41290,3200524f-4236-5982-45ce-8ca18ca03af8,2014,2014,JAX,61
2022,DEN,OL,T,57,ACT,Billy Turner,William,Turner,1991-10-17,77.0,310,North Dakota State,00-0031433,,,,,,,,,8,"https://static.www.nfl.com/image/private/f_auto,q_auto/league/qygp8gluyqfo4dy1u1tx",T,18,REG,A01,Billy,TUR164810,41296,32005455-5216-4810-f0b6-f81e7e5ba783,2014,2014,MIA,67
2022,TEN,OL,T,77,RES,Taylor Lewan,Taylor,Lewan,1991-07-22,79.0,309,Michigan,00-0031442,,,,,,,,,8,"https://static.www.nfl.com/image/private/f_auto,q_auto/league/hvplm59omxfb2qp6zz7a",,18,REG,R01,Taylor,LEW002883,41237,32004c45-5700-2883-b622-ba38489a4e2c,2014,2014,TEN,11
2022,JAX,TE,TE,84,ACT,Chris Manhertz,Chris,Manhertz,1992-04-10,78.0,255,Canisius,00-0031484,2531358,7c7b5515-7786-4e24-9ce0-34e6a8bd5727,28365,10033,10211,ManhCh00,17762,3048,7,"https://static.www.nfl.com/image/private/f_auto,q_auto/league/vvp1v0eoozrikchqb4cd",TE,20,DIV,A01,Chris,MAN285874,42302,32004d41-4e28-5874-8b5c-b485778d40fc,2015,2015,,
2022,SEA,K,K,5,ACT,Jason Myers,Jason,Myers,1991-05-12,70.0,190,Marist,00-0031492,2473037,7af4c94b-529b-4403-ab66-2bfed3fcf0c7,28378,10157,,,17215,2747,7,"https://static.www.nfl.com/image/private/f_auto,q_auto/league/vd8wm9te9r61zcxkt39w",,19,WC,A01,Jason,MYE407253,41175,32004d59-4540-7253-949f-65e474226c01,2015,2015,,
2022,WAS,DL,DE,97,ACT,Efe Obada,Efe,Obada,1992-04-13,78.0,265,No College,00-0031500,3734467,7d7aae3c-c186-4ded-bbaa-df05f697ef29,28386,10448,10235,,17264,2796,7,"https://static.www.nfl.com/image/private/f_auto,q_auto/league/dfocuhjoelefgxia1vrq",INTERIOR_LINE,18,REG,A01,Efe,OBA109286,42331,32004f42-4110-9286-3927-0312d5ced14f,2015,2015,,
2022,PIT,P,P,16,CUT,Jordan Berry,Jordan,Berry,1991-03-18,77.0,195,Eastern Kentucky,00-0031502,2472364,e20a7609-8129-400f-87b9-d11dda3836b4,28388,10172,10236,,17470,2975,7,"https://static.www.nfl.com/image/private/f_auto,q_auto/league/rltqupvbxjui0kyat1fb",,5,REG,P07,Jordan,BER557478,42333,32004245-5255-7478-13e5-5833cf0413fc,2015,2015,,
2022,NO,QB,QB,2,ACT,Jameis Winston,Jameis,Winston,1994-01-06,76.0,231,Florida State,00-0031503,2969939,fb3b36fc-b985-4807-8199-d038d7e62a93,28389,10037,9434,WinsJa00,16762,2306,7,"https://static.www.nfl.com/image/private/f_auto,q_auto/league/dccgvojszpt06iwtmgv7",,18,REG,A01,Jameis,WIN623708,42344,32005749-4e62-3708-9650-e59a3f7bea83,2015,2015,TB,1
2022,CIN,OL,T,71,RES,La'el Collins,La'el,Collins,1993-07-26,76.0,320,Louisiana State,00-0031534,,,,,,,,,7,"https://static.www.nfl.com/image/private/f_auto,q_auto/league/oavup7ymjqd9dtwppci2",,21,CON,R01,La'el,COL622930,42654,3200434f-4c62-2930-5ec3-8f5e38e5e458,2015,2015,,
2022,NYJ,P,P,1,CUT,Ty Long,Tyler,Long,1993-04-06,74.0,205,Alabama-Birmingham,00-0031543,2582324,2b129eab-b967-4d0d-bc6e-28c0781bcdd3,28861,10849,9728,,17118,2650,7,"https://static.www.nfl.com/image/private/f_auto,q_auto/league/qpn0xr42mkmkhmpd0nmd",,3,REG,P07,Ty,LON645380,42663,32004c4f-4e64-5380-a1d4-d240e32f766c,2015,2015,,
2022,CLE,WR,WR,2,ACT,Amari Cooper,Amari,Cooper,1994-06-17,73.0,211,Alabama,00-0031544,2976499,00f88be8-45f9-4237-b2b8-3271ec790d07,28392,10055,9437,CoopAm00,16765,2309,7,"https://static.www.nfl.com/image/private/f_auto,q_auto/league/zibbxjtein7gpu5zgcj4",WR,18,REG,A01,Amari,COO487703,42347,3200434f-4f48-7703-16a5-c78426109031,2015,2015,OAK,4
2022,NO,WR,WR,17,DEV,Kevin White,Kevin,White,1992-06-25,75.0,216,West Virginia,00-0031545,3042435,5b496c58-83ef-4763-b1e0-5f052af46b3e,28395,10151,9440,WhitKe00,16768,2312,7,"https://static.www.nfl.com/image/private/f_auto,q_auto/league/u6jclvrydlw6amytmylq",,18,REG,P07,Kevin,WHI315610,42350,32005748-4931-5610-215b-b964ae29e7ed,2015,2015,CHI,7
2022,NE,WR,WR,1,ACT,DeVante Parker,DeVante,Parker,1993-01-20,75.0,216,Louisville,00-0031547,2576623,e9ee9209-dd8f-4e4a-be3c-407756a2749c,28402,10152,9447,ParkDe01,16775,2319,7,"https://static.www.nfl.com/image/private/f_auto,q_auto/league/cgbhrfcqdoe3yvpsic04",WR,18,REG,A01,DeVante,PAR226609,42357,32005041-5222-6609-dc38-38b3aae27410,2015,2015,MIA,14
2022,NE,WR,WR,15,ACT,Nelson Agholor,Nelson,Agholor,1993-05-24,72.0,198,Southern California,00-0031549,2971618,cfb0ff68-51cb-4dad-ba81-f9e019a93a91,28408,10132,9453,AghoNe00,16781,2325,7,"https://static.www.nfl.com/image/private/f_auto,q_auto/league/lzwbfozvtpqpht74alh0",WR,18,REG,A01,Nelson,AGH474619,42363,32004147-4847-4619-b8a1-bb6c688fe5ac,2015,2015,PHI,20
2022,CAR,LB,OLB,7,ACT,Shaq Thompson,Sha'Quille,Thompson,1994-04-21,72.0,230,Washington,00-0031550,2978313,3bf0711c-793a-47e7-bcbd-a0ddf350fef4,28413,10034,9458,ThomSh01,16786,2330,7,"https://static.www.nfl.com/image/private/f_auto,q_auto/league/xnvoi9d5npb1xabgzmjj",MLB,18,REG,A01,Shaq,GRE573058,42368,32004752-4557-3058-1e14-49205886a081,2015,2015,CAR,25
2022,ATL,DL,NT,91,RET,Eddie Goldman,Eddie,Goldman,1994-01-06,75.0,320,Florida State,00-0031551,2969924,881eb214-c981-46c0-a0cf-34023e773754,28427,10067,9472,GoldEd00,16800,2344,7,"https://static.www.nfl.com/image/private/f_auto,q_auto/league/s0v3yfn7fneecpchvws3",,18,REG,R02,Eddie,GOL216018,42382,3200474f-4c21-6018-6732-763c50e6532e,2015,2015,CHI,39
2022,MIN,LB,ILB,54,ACT,Eric Kendricks,Eric-Nathan,Kendricks,1992-02-29,72.0,232,UCLA,00-0031554,2510863,b345f3db-d5aa-43ba-9f17-914c54864236,28433,10353,9478,KendEr00,16806,2350,7,"https://static.www.nfl.com/image/private/f_auto,q_auto/league/trrqr2nakubivfvtzfwv",MLB,19,WC,A01,Eric,KEN101224,42388,32004b45-4e10-1224-7c6e-cc615bedb57b,2015,2015,MIN,45
2022,MIA,DB,SS,21,ACT,Eric Rowe,Nelson,Rowe,1992-10-03,73.0,205,Utah,00-0031555,2576002,30b045f1-b8e4-4ae9-b062-5181847b508c,28435,10416,9480,RoweEr00,16808,2352,7,"https://static.www.nfl.com/image/private/f_auto,q_auto/league/dme1jh0kguksbm2nrgqt",OLB,19,WC,A01,Eric,ROW332230,42390,3200524f-5733-2230-e44f-b8ef82278f51,2015,2015,PHI,47
2022,BUF,DL,DE,97,ACT,Jordan Phillips,Jordan,Phillips,1992-09-21,78.0,341,Oklahoma,00-0031557,2577466,023af11a-3aa1-4266-b163-31cf6369ef3b,28440,10311,9485,PhilJo01,16813,2357,7,"https://static.www.nfl.com/image/private/f_auto,q_auto/league/wszqz3dvuccaaorqrw4b",INTERIOR_LINE,20,DIV,A01,Jordan,PHI386190,42395,32005048-4938-6190-4549-4deed276dff3,2015,2015,MIA,52
2022,ARI,TE,TE,87,ACT,Maxx Williams,Maxx,Williams,1994-04-12,76.0,252,Minnesota,00-0031558,2970726,52f4a43a-64a9-4d69-a9e2-28bd60f68e49,28443,10128,9488,WillMa04,16816,2360,7,"https://static.www.nfl.com/image/private/f_auto,q_auto/league/p0j7ax3rqhrzn5nvmc06",TE,18,REG,A01,Maxx,WIL436992,42398,32005749-4c43-6992-2dfb-9b194082fb36,2015,2015,BAL,55
2022,LV,OL,C,65,ACT,Hroniss Grasu,Hroniss,Grasu,1991-08-12,75.0,301,Oregon,00-0031561,,,,,,,,,7,"https://static.www.nfl.com/image/private/f_auto,q_auto/league/aujrlb8ajkwp2lttrtmj",,18,REG,A01,Hroniss,GRA533780,42414,32004752-4153-3780-5745-cf83fbd417e7,2015,2015,CHI,71
2022,MIN,LB,OLB,99,ACT,Danielle Hunter,Danielle,Hunter,1994-10-29,77.0,252,Louisiana State,00-0031565,2976560,ba7fe857-df63-4aed-803a-80993b157be4,28476,10318,9521,HuntDa01,16849,2393,7,"https://static.www.nfl.com/image/private/f_auto,q_auto/league/mcimj8g9r5vhy4rzreih",EDGE,19,WC,A01,Danielle,HUN529240,42431,32004855-4e52-9240-4ef3-07ebfed3439a,2015,2015,MIN,88
2022,MIA,LB,OLB,93,RES,Trey Flowers,Trey,Flowers,1993-08-16,74.0,265,Arkansas,00-0031566,2574519,57deb6ba-ce26-4ccc-a859-adf0564fb78e,28489,10323,9534,FlowTr00,16862,2406,7,"https://static.www.nfl.com/image/private/f_auto,q_auto/league/jxfkoekid7f3z5l3qxbx",,19,WC,R01,Trey,FLO572739,42444,3200464c-4f57-2739-d4c4-68015d49f058,2015,2015,NE,101
2022,NYG,OL,G,77,CUT,Jamil Douglas,Jamil,Douglas,1992-02-28,76.0,308,Arizona State,00-0031575,,,,,,,,,7,"https://static.www.nfl.com/image/private/f_auto,q_auto/league/sxp9vyug1icehtxnhjp1",,1,REG,A01,Jamil,DOU406284,42457,3200444f-5540-6284-562c-a0ee444685ea,2015,2015,MIA,114
2022,MIN,LB,OLB,55,ACT,Za'Darius Smith,Za'Darius,Smith,1992-09-08,76.0,272,Kentucky,00-0031576,3043168,af3599a5-5eb4-4dd4-87ab-e0032ebfa644,28510,10328,9555,SmitZa00,16883,2427,7,"https://static.www.nfl.com/image/private/f_auto,q_auto/league/xysjqfrdv1bvqocjyhsu",EDGE,19,WC,A01,Za'Darius,SMI827086,42465,3200534d-4982-7086-a9ae-e56c38b472b6,2015,2015,BAL,122
2022,TB,OL,G,69,ACT,Shaquille Mason,Shaquille,Mason,1993-08-28,73.0,310,Georgia Tech,00-0031580,,,,,,,,,7,"https://static.www.nfl.com/image/private/f_auto,q_auto/league/k08rc3zpize5k8ztrc4r",G,19,WC,A01,Shaquille,MAS237768,42474,32004d41-5323-7768-d4ec-0e86b8431bf1,2015,2015,NE,131
2022,NYG,OL,G,64,ACT,Mark Glowinski,Mark,Glowinski,1992-05-03,76.0,310,West Virginia,00-0031581,,,,,,,,,7,"https://static.www.nfl.com/image/private/f_auto,q_auto/league/vpjo4b80inholtzqedz0",G,20,DIV,A01,Mark,GLO738436,42477,3200474c-4f73-8436-a1e9-e344d00ab8e6,2015,2015,SEA,134
2022,ATL,DL,DT,97,ACT,Grady Jarrett,Grady,Jarrett,1993-04-28,72.0,305,Clemson,00-0031583,2576492,e1fe1900-fae3-414e-8530-55eece80471f,28525,10458,9570,JarrGr00,17059,2592,7,"https://static.www.nfl.com/image/private/f_auto,q_auto/league/buhzfpywgejfcqbqktrm",INTERIOR_LINE,18,REG,A01,Grady,JAR254349,42480,32004a41-5225-4349-33b2-d2f5008fd3a4,2015,2015,ATL,137
2022,GB,DB,FS,31,ACT,Adrian Amos,Adrian,Amos,1993-04-29,72.0,214,Penn State,00-0031584,2582132,81aaf55d-df8f-47d6-9bf1-06b78df37bf6,28530,10390,9575,AmosAd00,16902,2445,7,"https://static.www.nfl.com/image/private/f_auto,q_auto/league/gp2og4jjta89cfjbcw4s",SAFETY,18,REG,A01,Adrian,AMO568523,42485,3200414d-4f56-8523-8f18-fd9451b140ba,2015,2015,CHI,142
2022,ATL,TE,TE,85,ACT,MyCole Pruitt,MyCole,Pruitt,1992-03-24,74.0,243,Southern Illinois,00-0031585,2508256,f22b34cf-6ecf-4522-9c77-1da275dfda7d,28531,10251,9576,PruiMy00,16903,2446,7,"https://static.www.nfl.com/image/private/f_auto,q_auto/league/fumhuigkypxxrto5ycji",TE,18,REG,A01,MyCole,PRU720361,42486,32005052-5572-0361-2ad1-b85baa0ceec4,2015,2015,MIN,143
2022,WAS,DB,FS,20,ACT,Bobby McCain,Bobby,McCain,1993-08-18,69.0,192,Memphis,00-0031587,2575606,7f32c3e6-113f-4922-b51d-a1a5a1d43bcf,28533,10422,9578,McCaBo01,16905,2448,7,"https://static.www.nfl.com/image/private/f_auto,q_auto/league/yr7hzgvqb14fstrszvma",SLOT_CB,18,REG,A01,Bobby,MCC050868,42488,32004d43-4305-0868-e824-2f8ef4ae600c,2015,2015,MIA,145
2022,BUF,WR,WR,14,ACT,Stefon Diggs,Stefon,Diggs,1993-11-29,72.0,191,Maryland,00-0031588,2976212,a1c40664-b265-4083-aad2-54b4c734f2c5,28534,10133,9579,DiggSt00,16906,2449,7,"https://static.www.nfl.com/image/private/f_auto,q_auto/league/hcvd2avk0kufoli80veb",WR,20,DIV,A01,Stefon,DIG218895,42489,32004449-4721-8895-fc23-d2bf4c921bd4,2015,2015,MIN,146
2022,BAL,QB,QB,5,DEV,Brett Hundley,Brett,Hundley,1993-06-15,75.0,226,UCLA,00-0031589,2577189,e97f5ca9-186e-4346-ae65-1cd757ada455,28535,9706,9580,HundBr00,16907,2450,7,"https://static.www.nfl.com/image/private/f_auto,q_auto/league/lgplktjykzjrnjsn9x8y",,19,WC,P07,Brett,HUN005842,42490,32004855-4e00-5842-84a4-69c45c54602d,2015,2015,GB,147
2022,KC,RB,FB,45,ACT,Michael Burton,Michael,Burton,1992-02-01,71.0,240,Rutgers,00-0031595,2515270,80715ecf-ffc9-4a93-a305-2193451b3382,28556,10468,9601,BurtMi00,16928,2471,7,"https://static.www.nfl.com/image/private/f_auto,q_auto/league/qyfgbzzwbqcsujyeuixc",TE,22,SB,A01,Michael,BUR792195,42511,32004255-5279-2195-c834-a65d2d43d92e,2015,2015,DET,168
2022,WAS,LB,MLB,51,ACT,David Mayo,David,Mayo,1993-08-18,74.0,245,Texas State,00-0031596,2972400,677a2fa2-55d5-4a1f-b56f-1f97b0a4b61a,28557,10469,9602,MayoDa00,16929,2472,7,"https://static.www.nfl.com/image/private/f_auto,q_auto/league/oqeecrmjthfjlfbuiugs",MLB,18,REG,A01,David,MAY646134,42512,32004d41-5964-6134-f4c6-2999658cdaf5,2015,2015,CAR,169
2022,MIN,DB,CB,5,CUT,Tye Smith,Tye,Smith,1993-05-03,72.0,195,Towson,00-0031597,2588098,b5fb8706-5436-422d-a4df-2d5235b17aee,28558,10470,9603,SmitTy01,16930,2473,7,"https://static.www.nfl.com/image/private/f_auto,q_auto/league/zxyfhiakgitv3ultu7ug",,1,REG,A01,Tye,SMI766180,42513,3200534d-4976-6180-ffb4-7583a6c1b867,2015,2015,SEA,170
2022,BAL,TE,TE,86,DEV,Nick Boyle,Nicholas,Boyle,1993-02-17,76.0,270,Delaware,00-0031598,2574591,9480dd9f-151f-4e6d-b5a3-35f07bda4cac,28559,10252,9604,BoylNi00,16931,2474,7,"https://static.www.nfl.com/image/private/f_auto,q_auto/league/emqvoudb71kgmkfphmuw",,19,WC,P07,Nick,BOY688993,42514,3200424f-5968-8993-3182-029e039889e7,2015,2015,BAL,171
2022,SEA,DB,FS,6,ACT,Quandre Diggs,Quandre,Diggs,1993-01-22,69.0,197,Texas,00-0031608,2577553,8092ffd3-3f39-43eb-a602-b14fff77d413,28588,10433,9633,DiggQu00,16960,2501,7,"https://static.www.nfl.com/image/private/f_auto,q_auto/league/mss6qdobrthhkns28avb",SAFETY,19,WC,A01,Quandre,DIG202845,42543,32004449-4720-2845-f69e-20106499f6f6,2015,2015,DET,200
2022,LV,TE,TE,83,ACT,Darren Waller,Darren,Waller,1992-09-13,78.0,255,Georgia Tech,00-0031610,2576925,14c97c9f-26e8-4944-9299-f90de6aeada3,28592,10215,9637,WallDa01,16964,2505,7,"https://static.www.nfl.com/image/private/f_auto,q_auto/league/c7jaefxw5xiawscvnqc0",TE,18,REG,A01,Darren,WAL509040,42547,32005741-4c50-9040-67d6-042691fb535a,2015,2015,BAL,204
2022,BAL,DL,DT,57,CUT,Christian Ringo,Christian,Ringo,1992-03-10,73.0,298,Louisiana-Lafayette,00-0031615,2574023,0c158936-9c0c-4ee4-a51c-4f937d3d163f,28598,10486,9643,RingCh00,16970,2511,7,"https://static.www.nfl.com/image/private/f_auto,q_auto/league/b2ohvjsfoadi1wlld4fd",,19,WC,P07,Christian,RIN485973,42553,32005249-4e48-5973-f362-9724e6509534,2015,2015,GB,210
2022,LAC,DL,NT,95,RES,Christian Covington,Christian,Covington,1993-10-16,74.0,305,Rice,00-0031619,2580666,efe64fc8-9987-4fe6-b7a4-e2ff363cf443,28604,10333,9649,CoviCh00,16976,2517,7,"https://static.www.nfl.com/image/private/f_auto,q_auto/league/mrw0r5efcpjq3nrojno2",,19,WC,R01,Christian,COV546722,42559,3200434f-5654-6722-4cea-eba680580832,2015,2015,HOU,216
2022,BUF,OL,T,68,ACT,Bobby Hart,Bobby,Hart,1994-08-21,77.0,310,Florida State,00-0031622,,,,,,,,,7,"https://static.www.nfl.com/image/private/f_auto,q_auto/league/m3kmurcy727ih6qoirgi",,20,DIV,A01,Bobby,HAR659972,42569,32004841-5265-9972-2dde-0391002e0586,2015,2015,NYG,226
2022,LV,OL,G,71,RET,Denzelle Good,Denzelle,Good,1991-03-08,77.0,340,Mars Hill,00-0031632,,,,,,,,,7,"https://static.www.nfl.com/image/private/f_auto,q_auto/league/bavsscoaohfhdywl4kas",,18,REG,R02,Denzelle,GOO127176,42598,3200474f-4f12-7176-f8cf-13d517ca0a81,2015,2015,IND,255
2022,WAS,DL,DT,79,CUT,Justin Hamilton,Justin,Hamilton,1993-07-27,74.0,315,Louisiana-Lafayette,00-0031636,2574009,1fb9a153-f1e0-4396-81fd-c3b1d331338f,28771,10592,9732,,17327,2859,7,"https://static.www.nfl.com/image/private/f_auto,q_auto/league/ez6bfwbler7mvwxbmlw7",,1,REG,A01,Justin,HAM241071,42667,32004841-4d24-1071-6f89-c9f9c6d44bfc,2015,2015,,
2022,MIA,RB,RB,31,INA,Raheem Mostert,Dominique,Mostert,1992-04-09,70.0,197,Purdue,00-0031687,2576414,b040e601-ec40-4757-bf3d-71bf64ef99cf,28654,10604,9783,MostRa00,17217,2749,7,"https://static.www.nfl.com/image/private/f_auto,q_auto/league/g6j057yduej7p98lk1br",,19,WC,A01,Raheem,MOS822492,42718,32004d4f-5382-2492-b0f0-aec08c3525cf,2015,2015,,
2022,DEN,TE,TE,87,ACT,Eric Tomlinson,Eric,Tomlinson,1992-04-22,78.0,263,Texas-El Paso,00-0031690,2511973,b3d7169b-9cf6-4fea-815a-26e4fb0ec16a,28658,10553,9786,TomlEr01,17223,2755,7,"https://static.www.nfl.com/image/private/f_auto,q_auto/league/swiwooxium4wmas8wq4c",TE,18,REG,A01,Eric,TOM677561,42721,3200544f-4d67-7561-4ca1-1759d64c8c4a,2015,2015,,
2022,MIN,OL,G,62,ACT,Chris Reed,Christopher,Reed,1992-07-22,75.0,320,Minn. State-Mankato,00-0031734,,,,,,,,,7,"https://static.www.nfl.com/image/private/f_auto,q_auto/league/xoug0lhpvmqdha2rxxxj",,19,WC,A01,Chris,REE163330,42765,32005245-4516-3330-b38c-5f46dd8dd71c,2015,2015,,
2022,HOU,LB,ILB,43,ACT,Neville Hewitt,Neville,Hewitt,1993-04-06,74.0,234,Marshall,00-0031740,3059880,fa4ae025-fd66-4752-94fa-63e22ae8abd4,28935,10673,9836,,17145,2677,7,"https://static.www.nfl.com/image/private/f_auto,q_auto/league/d6yhqmhgayk5nfyhddzf",,18,REG,A01,Neville,HEW203041,42771,32004845-5720-3041-7fb2-1354a009377c,2015,2015,,
2022,LAC,WR,WR,1,ACT,DeAndre Carter,DeAndre,Carter,1993-04-10,68.0,190,Sacramento State,00-0031763,2580216,9ae2584a-40c1-4b30-be34-a9567659eacd,28947,10234,9859,CartDe02,17218,2750,7,"https://static.www.nfl.com/image/private/f_auto,q_auto/league/fgkf5m167nupk3jv3w5w",WR,19,WC,A01,DeAndre,CAR641798,42794,32004341-5264-1798-438c-095db9c8b999,2015,2015,,
2022,LA,DB,CB,2,ACT,Troy Hill,Troy,Hill,1991-08-29,71.0,184,Oregon,00-0031785,2525933,5b9acfe7-f166-4a55-85f6-a654799b08dd,28972,10423,9881,,17294,2826,7,"https://static.www.nfl.com/image/private/f_auto,q_auto/league/vik2frhpjrnqqcwg3kqh",CB,18,REG,A01,Troy,HIL626234,42816,32004849-4c62-6234-c338-b96f6c77b845,2015,2015,,
2022,BUF,WR,WR,15,RES,Jake Kumerow,Jake,Kumerow,1992-02-17,76.0,209,Wisconsin-Whitewater,00-0031787,3085107,aa759477-6206-4984-ab9c-eb213abfd020,28974,10544,9883,KumeJa00,17289,2821,7,"https://static.www.nfl.com/image/private/f_auto,q_auto/league/lrfqprrjgaeaicqsd0f9",,20,DIV,R01,Jake,KUM425791,42818,32004b55-4d42-5791-fd0d-a2d4a54d0b92,2015,2015,,
2022,DEN,DL,DT,99,ACT,DeShawn Williams,DeShawn,Williams,1992-12-29,73.0,292,Clemson,00-0031795,2576508,9492f51a-22eb-465f-b3bb-aaee81ce76f5,28982,10793,9891,,17295,2827,7,"https://static.www.nfl.com/image/private/f_auto,q_auto/league/kxwwtqql1axmzr2yrsop",INTERIOR_LINE,18,REG,A01,DeShawn,WIL234247,42826,32005749-4c23-4247-e489-2dc2c1c8cc57,2015,2015,,
2022,SEA,DB,CB,28,ACT,Justin Coleman,Justin,Coleman,1993-03-27,71.0,190,Tennessee,00-0031796,2577707,d766ee35-8ece-447d-94e6-1d33ba427b02,28835,10430,9892,,17037,2572,7,"https://static.www.nfl.com/image/private/f_auto,q_auto/league/v4axwk5l0cixta9m4hw7",,19,WC,A01,Justin,COL294032,42827,3200434f-4c29-4032-6cc8-84e808480389,2015,2015,,
2022,PHI,DB,FS,41,INA,Anthony Harris,Anthony,Harris,1991-10-09,73.0,202,Virginia,00-0031799,2577814,a7413fb5-8d05-457f-a97f-504bee73a910,28838,10389,9895,,17187,2719,7,"https://static.www.nfl.com/image/private/f_auto,q_auto/league/yrs393stmux18uxypuvk",,22,SB,A01,Anthony,HAR339211,42830,32004841-5233-9211-38c7-6c0c9c19cf19,2015,2015,,
2022,WAS,QB,QB,4,ACT,Taylor Heinicke,Taylor,Heinicke,1993-03-15,73.0,210,Old Dominion,00-0031800,2565969,2c259733-ec2c-4e3c-bb7b-34dc0d37dc34,28839,10179,9896,HeinTa00,17179,2711,7,"https://static.www.nfl.com/image/private/f_auto,q_auto/league/zunxw11biqseswegsjtg",,18,REG,A01,Taylor,HEI610185,42831,32004845-4961-0185-afff-3aef55a8ec24,2015,2015,,
2022,LA,RB,RB,41,ACT,Malcolm Brown,Malcolm,Brown,1993-05-15,71.0,222,Texas,00-0031806,2570986,0e7e6cbb-0e88-4a74-b457-1753851e37f3,28990,10202,9902,BrowMa03,17053,2588,7,"https://static.www.nfl.com/image/private/f_auto,q_auto/league/zxnjheichwlnvvu5qdyl",,18,REG,A01,Malcolm,BRO550137,42837,32004252-4f55-0137-a08a-164e95f5f50c,2015,2015,,
2022,PIT,LB,OLB,96,CUT,James Vaughters,James,Vaughters,1993-06-27,73.0,254,Stanford,00-0031838,2577145,ee209aa3-145f-4acb-85fd-e8a2420b4d2a,28934,10850,9934,,17246,2778,7,"https://static.www.nfl.com/image/private/f_auto,q_auto/league/kovtdtv8oy1loablf0pg",,1,REG,A01,James,VAU759522,42869,32005641-5575-9522-e89d-7f0b9f1674a8,2015,2015,,
2022,NE,OL,C,60,ACT,David Andrews,Jams,Andrews,1992-07-10,75.0,300,Georgia,00-0031852,,,,,,,,,7,"https://static.www.nfl.com/image/private/f_auto,q_auto/league/sau2xmb1yrbrspkzjwov",C,18,REG,A01,David,AND652945,42883,3200414e-4465-2945-5c46-ad9c6f0fca0d,2015,2015,,
2022,IND,LB,OLB,36,CUT,Brandon King,Brandon,King,1993-06-08,74.0,220,Auburn,00-0031856,3051905,d5ed27ed-e5f3-4d4a-a8af-79887c1881a0,28987,12194,9952,,17192,2724,7,"https://static.www.nfl.com/image/private/f_auto,q_auto/league/xikcikwohuyr11a1slni",,1,REG,A01,Brandon,KIN317519,42887,32004b49-4e31-7519-a960-1cb80203d46c,2015,2015,,
2022,ATL,WR,WR,14,ACT,Damiere Byrd,Damiere,Byrd,1993-01-27,69.0,180,South Carolina,00-0031868,2577667,48d7bc31-808f-423c-afc8-45c2c5dfa45f,28730,10524,9964,ByrdDa00,17141,2673,7,"https://static.www.nfl.com/image/private/f_auto,q_auto/league/splgnoyutrevuihhzszl",WR,18,REG,A01,Damiere,BYR127180,42899,32004259-5212-7180-f659-822413a5f5b7,2015,2015,,
2022,BUF,DB,SS,31,ACT,Dean Marlowe,Dean,Marlowe,1992-07-25,73.0,208,James Madison,00-0031870,2519038,461b6e57-a2b0-4648-ab1f-b3ca4b111fe3,28732,10526,9966,,17147,2679,7,"https://static.www.nfl.com/image/private/f_auto,q_auto/league/qk5e4ytyzqpmdgrfyy2w",SAFETY,20,DIV,A01,Dean,MAR268763,42901,32004d41-5226-8763-d964-08a678c7e15b,2015,2015,,
2022,PIT,OL,T,77,ACT,Jesse Davis,Jesse,Davis,1991-09-15,78.0,325,Idaho,00-0031893,,,,,,,,,7,"https://static.www.nfl.com/image/private/f_auto,q_auto/league/ejoki0y64uknmm3lb1zf",,18,REG,A01,Jesse,DAV456757,42924,32004441-5645-6757-32a2-6b2b940304ca,2015,2015,,
2022,DEN,LB,OLB,49,ACT,Alex Singleton,Alex,Singleton,1993-12-07,74.0,242,Montana State,00-0031898,2612151,954d9ed8-41ed-4222-b0d8-b3cc8d1755a5,28716,10811,9994,,17085,2617,7,"https://static.www.nfl.com/image/private/f_auto,q_auto/league/hc6fjvv3unfszqh6jmvj",OLB,18,REG,A01,Alex,SIN350252,42929,32005349-4e35-0252-3d2d-f2edddb47f5f,2015,2015,,
2022,LAC,DB,CB,23,ACT,Bryce Callahan,Bryce,Callahan,1991-10-23,69.0,188,Rice,00-0031904,2515641,8a7fa9bc-f589-4458-9a58-8ac3432a3df9,28705,10429,10000,,17328,2860,7,"https://static.www.nfl.com/image/private/f_auto,q_auto/league/wrmvesdgdxl3pjhssgyh",SLOT_CB,19,WC,A01,Bryce,CAL520433,42935,32004341-4c52-0433-82de-c4dbdf4e8215,2015,2015,,
2022,PHI,LS,LS,45,ACT,Rick Lovato,Rick,Lovato,1992-09-09,74.0,249,Old Dominion,00-0031911,,,,,,,,,7,"https://static.www.nfl.com/image/private/f_auto,q_auto/league/pz2crdmfgeem5jtvrzu5",,22,SB,A01,Rick,LOV004796,42942,32004c4f-5600-4796-46c9-c86518912b9b,2015,2015,,
2022,MIA,OL,T,70,INA,Kendall Lamm,Kendall,Lamm,1992-06-05,77.0,310,Appalachian State,00-0031921,,,,,,,,,7,"https://static.www.nfl.com/image/private/f_auto,q_auto/league/qjvfd8ihubiunofnxy4z",,19,WC,A01,Kendall,LAM628478,42952,32004c41-4d62-8478-be24-2491087270db,2015,2015,,
2022,BUF,OL,C,69,DEV,Greg Mancz,Gregory,Mancz,1992-04-23,76.0,310,Toledo,00-0031923,,,,,,,,,7,"https://static.www.nfl.com/image/private/f_auto,q_auto/league/xhep4sutvmne0pzkhine",,20,DIV,P07,Greg,MAN039930,42954,32004d41-4e03-9930-4a16-102f328e9a66,2015,2015,,
2022,NYG,DL,DT,99,ACT,Leonard Williams,Leonard,Williams,1994-06-20,77.0,302,Southern California,00-0031933,2971622,2b5152aa-cbcc-439c-b72a-ac7577c8422b,28394,10307,9439,WillLe02,16767,2311,7,"https://static.www.nfl.com/image/private/f_auto,q_auto/league/nbs0nno2aekmxfryiykv",INTERIOR_LINE,20,DIV,A01,Leonard,WIL426411,42349,32005749-4c42-6411-1ceb-16f4ceb749d0,2015,2015,NYJ,6
2022,GB,LB,OLB,91,ACT,Preston Smith,Preston,Smith,1992-11-17,77.0,265,Mississippi State,00-0031935,2577446,ede260be-5ae6-4a06-887b-e4a130932705,28426,10316,9471,SmitPr00,16799,2343,7,"https://static.www.nfl.com/image/private/f_auto,q_auto/league/pohwua1xxcajtggbemhr",EDGE,18,REG,A01,Preston,SMI576520,42381,3200534d-4957-6520-2f34-43aab9b8dc7b,2015,2015,WAS,38
2022,BUF,OL,C,60,ACT,Mitch Morse,Mitchell,Morse,1992-04-21,78.0,305,Missouri,00-0031936,,,,,,,,,7,"https://static.www.nfl.com/image/private/f_auto,q_auto/league/lleuft1jrtuonsrjugch",C,20,DIV,A01,Mitch,MOR734298,42392,32004d4f-5273-4298-bd04-8d9888d3a0cd,2015,2015,KC,49
2022,NE,DL,NT,98,ACT,Carl Davis,Carl,Davis,1992-03-02,77.0,320,Iowa,00-0031938,2511690,50de642a-7e6c-4625-9966-ed8fc64acfa0,28478,10313,9523,DaviCa01,16851,2395,7,"https://static.www.nfl.com/image/private/f_auto,q_auto/league/m7hq0kxxsvlpygx5amrs",INTERIOR_LINE,18,REG,A01,Carl,DAV212103,42433,32004441-5621-2103-2139-511f8e5bc8e3,2015,2015,BAL,90
2022,BUF,WR,WR,80,RES,Jamison Crowder,Jamison,Crowder,1993-06-17,69.0,177,Duke,00-0031941,2576716,8002dd5e-a75a-4d72-9a8c-0f4dbc80d459,28493,10224,9538,CrowJa00,16866,2410,7,"https://static.www.nfl.com/image/private/f_auto,q_auto/league/gcupjxhtzwve2kidaulz",,20,DIV,R48,Jamison,CRO697273,42448,32004352-4f69-7273-6662-7a928881f033,2015,2015,WAS,105
2022,LAC,DL,DT,90,INA,Tyeler Davison,Tyeler,Davison,1992-09-03,74.0,309,Fresno State,00-0031947,2517230,be07b323-a23c-4589-9fe0-29ae6a537de9,28542,10325,9587,DaviTy01,16914,2457,7,"https://static.www.nfl.com/image/private/f_auto,q_auto/league/sayuipn5ul8bvjr4rc1y",,19,WC,A01,Tyeler,DAV822084,42497,32004441-5682-2084-103a-cbc0af12078c,2015,2015,NO,154
2022,MIN,TE,TE,80,DEV,James O'Shaughnessy,James,O'Shaughnessy,1992-01-14,76.0,245,Illinois State,00-0031951,2508079,e5c6b0d4-3e77-422b-a6d8-574a10ed385e,28561,10249,9606,O'ShJa00,16933,2476,7,"https://static.www.nfl.com/image/private/f_auto,q_auto/league/sz5g57zhnshipkpw39sz",,19,WC,P07,James,OSH126429,42516,32004f53-4812-6429-7933-2d34dd331de7,2015,2015,KC,173
2022,TB,DL,NT,56,ACT,Rakeem Nunez-Roches,Rakeem,Nunez-Roches,1993-07-03,74.0,307,Southern Mississippi,00-0031957,2575453,d6ce0b64-9526-4983-8c3c-7f14f2918f8e,28605,10339,9650,NuneRa00,17512,2993,7,"https://static.www.nfl.com/image/private/f_auto,q_auto/league/unahtsqrxjqzjxtzmr4a",INTERIOR_LINE,19,WC,A01,Rakeem,NUN250521,42560,32004e55-4e25-0521-92d6-3fde26feb3fc,2015,2015,KC,217
2022,KC,OL,C,61,INA,Austin Reiter,Austin,Reiter,1991-11-27,75.0,300,South Florida,00-0031958,,,,,,,,,7,"https://static.www.nfl.com/image/private/f_auto,q_auto/league/muoxhvj1bggvqubcirv5",,22,SB,A01,Austin,REI765747,42565,32005245-4976-5747-58a6-c6a8f590b388,2015,2015,WAS,222
2022,DAL,LB,OLB,56,ACT,Dante Fowler,Dante Fowler Jr.,Fowler,1994-08-03,75.0,255,Florida,00-0032052,2980100,6bc85af5-fc58-4656-82da-d02780a0f6f6,28391,10349,9436,FowlDa00,16764,2308,7,"https://static.www.nfl.com/image/private/f_auto,q_auto/league/xpytfekrqxydtjvppcle",EDGE,20,DIV,A01,Dante,FOW382785,42346,3200464f-5738-2785-f81a-f6d367ce1686,2015,2015,JAX,3
2022,JAX,OL,G,68,ACT,Brandon Scherff,Brandon,Scherff,1991-12-26,77.0,315,Iowa,00-0032053,,,,,,,,,7,"https://static.www.nfl.com/image/private/f_auto,q_auto/league/ogg0gdxamuzwjxzqctch",G,20,DIV,A01,Brandon,SCH135412,42348,32005343-4813-5412-5c1e-e60f23b4bdde,2015,2015,WAS,5
2022,TB,WR,WR,16,INA,Breshad Perriman,Breshad,Perriman,1993-09-10,74.0,215,Central Florida,00-0032054,2972460,0dc98d11-34e4-46f6-96a6-7707c6f29500,28414,10069,9459,PerrBr02,16787,2331,7,"https://static.www.nfl.com/image/private/f_auto,q_auto/league/zpwov1n42bi5lsqdlxhh",,19,WC,A01,Breshad,PER440170,42369,32005045-5244-0170-6920-f60eb457c1fb,2015,2015,BAL,26
2022,DET,TE,TE,13,CUT,Devin Funchess,Devin,Funchess,1994-05-21,76.0,225,Michigan,00-0032055,2977609,7f5f2a81-ac40-420c-9421-5b9e2a21faf8,28429,10138,9474,FuncDe00,16802,2346,7,"https://static.www.nfl.com/image/private/f_auto,q_auto/league/j0q0lmao9tg0rbviax6z",,1,REG,A01,Devin,FUN405541,42384,32004655-4e40-5541-3ae9-16d8a3a4b0c1,2015,2015,CAR,41
2022,PHI,DB,SS,23,CUT,Jaquiski Tartt,Jaquiski,Tartt,1992-02-12,73.0,215,Samford,00-0032057,2509844,92da4f95-8f58-4379-b236-ee4ab8ff5daf,28434,10451,9479,TartJa00,16807,2351,7,"https://static.www.nfl.com/image/private/f_auto,q_auto/league/kvy8moe4ay9wtxp7typ7",,1,REG,A01,Jaquiski,TAR686527,42389,32005441-5268-6527-eacd-fb913b2b03a0,2015,2015,SF,46
2022,SF,RB,RB,28,ACT,Tevin Coleman,Tevin,Coleman,1993-04-16,73.0,210,Indiana,00-0032058,2979477,5827b78b-5150-4ba9-bc46-902428e99a31,28461,10081,9506,ColeTe01,16834,2378,7,"https://static.www.nfl.com/image/private/f_auto,q_auto/league/wiu4r7bvhcafs9vamqc",RB,21,CON,A01,Tevin,COL359050,42416,3200434f-4c35-9050-eb7e-20c726e53f5b,2015,2015,ATL,73
2022,NO,DB,CB,26,ACT,P.J. Williams,Kenneth,Williams,1993-06-01,72.0,196,Florida State,00-0032059,2977661,36538da8-9ac7-4f7d-beb4-8b773da4a080,28466,10409,9511,WillP.00,16839,2383,7,"https://static.www.nfl.com/image/private/f_auto,q_auto/league/owfturrb6icqusmtrncf",SAFETY,18,REG,A01,P.J.,WIL407276,42421,32005749-4c40-7276-4dee-b3c381ade0e9,2015,2015,NO,78
2022,KC,TE,TE,81,INA,Blake Bell,Blake,Bell,1991-08-07,78.0,252,Oklahoma,00-0032062,2514206,0cc4e449-185a-4b08-9f07-c907ad0c3e05,28505,10248,9550,BellBl00,16878,2422,7,"https://static.www.nfl.com/image/private/f_auto,q_auto/league/jpheufv4hf21qv9v01ft",,22,SB,A01,Blake,BEL227990,42460,32004245-4c22-7990-64c5-8c2ffa5bd463,2015,2015,SF,117
2022,BAL,RB,RB,28,CUT,Mike Davis,Michael,Davis,1993-02-19,69.0,221,South Carolina,00-0032063,3025433,e311a7a2-eddb-439c-86b4-b1f1984186bc,28514,10083,9559,DaviMi01,16887,2431,7,"https://static.www.nfl.com/image/private/f_auto,q_auto/league/csrqinegeyunycijua2q",,14,REG,W03,Mike,DAV567050,42469,32004441-5656-7050-90fa-b554877db5f4,2015,2015,SF,126
2022,ATL,P,P,13,ACT,Bradley Pinion,Bradley,Pinion,1994-06-01,77.0,240,Clemson,00-0032065,2977680,9000be32-15ad-4c43-bf8d-79a9c7113cdd,28553,10466,9598,PiniBr00,16925,2468,7,"https://static.www.nfl.com/image/private/f_auto,q_auto/league/ufmgtrnlfyzb02nsgjfg",,18,REG,A01,Bradley,PIN501016,42508,32005049-4e50-1016-bb7b-fc207d868337,2015,2015,SF,165
2022,NE,OL,T,77,ACT,Trenton Brown,Trenton,Brown,1993-04-13,80.0,380,Florida,00-0032071,,,,,,,,,7,"https://static.www.nfl.com/image/private/f_auto,q_auto/league/yylytaesryly2l3szbrk",T,18,REG,A01,Trenton,BRO739325,42587,32004252-4f73-9325-7786-18cc8995e060,2015,2015,SF,244
2022,TEN,K,K,6,CUT,Josh Lambo,Joshua,Lambo,1990-11-19,72.0,215,Texas A&amp;M,00-0032087,2998120,69bdf41e-3c32-46c1-93b8-e952edf5c61d,28685,10438,10133,,17139,2671,7,"https://static.www.nfl.com/image/private/f_auto,q_auto/league/kvqztgsqkm1bp6auhenp",,12,REG,W03,Josh,LAM580646,43068,32004c41-4d58-0646-b160-f72bc4c35284,2015,2015,,
2022,IND,LB,ILB,59,CUT,Tyrell Adams,Tyrell,Adams,1992-04-11,74.0,228,West Georgia,00-0032094,3895228,4688d4e5-bbea-41c9-8a6a-c06bc34ac7b4,29111,10835,10140,,17081,2613,7,"https://static.www.nfl.com/image/private/f_auto,q_auto/league/ti4tf8pz8netweld38ye",,12,REG,P07,Tyrell,ADA679872,43075,32004144-4167-9872-1d2c-b42c06ee60cc,2015,2015,,
2022,LV,LB,MLB,52,RES,Denzel Perryman,Denzel,Perryman,1992-12-05,71.0,240,Miami,00-0032103,2579621,9fc6e49f-c863-419d-9dca-8f0da3f3c9c7,28436,10356,9481,PerrDe00,16809,2353,7,"https://static.www.nfl.com/image/private/f_auto,q_auto/league/lykb4ka1vb11exmlycwh",,18,REG,R01,Denzel,PER775462,42391,32005045-5277-5462-491f-9c5c82a7d666,2015,2015,SD,48
2022,LV,RB,RB,22,ACT,Ameer Abdullah,Ameer,Abdullah,1993-06-13,68.0,203,Nebraska,00-0032104,2576336,c5e430c5-7a8e-4e29-b30f-1a527f05cb89,28442,10126,9487,AbduAm00,16815,2359,7,"https://static.www.nfl.com/image/private/f_auto,q_auto/league/ischbuioesyvw4w0fjxv",RB,18,REG,A01,Ameer,ABD647726,42397,32004142-4464-7726-b649-e09413abd27c,2015,2015,DET,54
2022,CHI,DL,DT,90,INA,Angelo Blackson,Angelo,Blackson,1992-11-14,76.0,318,Auburn,00-0032107,2574582,e9799059-f592-47e8-aab3-e2027fe7b148,28488,10453,9533,BlacAn00,16861,2405,7,"https://static.www.nfl.com/image/private/f_auto,q_auto/league/dbr7yhm8ir7x2yrxbdyh",,18,REG,A01,Angelo,BLA326665,42443,3200424c-4132-6665-cd8f-3d01d2e24bcf,2015,2015,TEN,100
2022,NYJ,LB,OLB,9,ACT,Kwon Alexander,Shanderious,Alexander,1994-08-03,73.0,227,Louisiana State,00-0032109,2976541,fd3bd475-4327-4ba7-8540-ab6cc8ecf12f,28512,10360,9557,AlexKw00,16885,2429,7,"https://static.www.nfl.com/image/private/f_auto,q_auto/league/b0ksqbrzsmqloxsqpwtd",OLB,18,REG,A01,Kwon,ALE492854,42467,3200414c-4549-2854-f885-6d7eef402584,2015,2015,TB,124
2022,ARI,LB,OLB,44,ACT,Markus Golden,Markus,Golden,1991-03-13,75.0,260,Missouri,00-0032127,2971432,78eb0872-fff0-4fc2-94ee-6a5c518ecaa5,28446,10329,9491,GoldMa00,16819,2363,7,"https://static.www.nfl.com/image/private/f_auto,q_auto/league/bv5b0exlh4kuzwzs0fgg",EDGE,18,REG,A01,Markus,GOL067489,42401,3200474f-4c06-7489-31ee-cc5aa009aa13,2015,2015,ARI,58
2022,TEN,WR,WR,19,ACT,Chris Conley,Christian,Conley,1992-10-25,75.0,205,Georgia,00-0032128,2578533,bd01d907-cd57-48cb-9136-5692a4764a20,28464,10210,9509,ConlCh00,16837,2381,7,"https://static.www.nfl.com/image/private/f_auto,q_auto/league/kr0sv1dlpubdrigr0ve2",WR,18,REG,A01,Chris,CON236839,42419,3200434f-4e23-6839-29a1-a288b71f08e0,2015,2015,KC,76
2022,MIN,LB,ILB,58,ACT,Jordan Hicks,Jordan,Hicks,1992-06-27,73.0,236,Texas,00-0032129,2514270,4f090881-03fc-4a34-b02f-fd1df1e411de,28472,10452,9517,HickJo00,16845,2389,7,"https://static.www.nfl.com/image/private/f_auto,q_auto/league/enx95tn2wziims0wn0p5",OLB,19,WC,A01,Jordan,HIC516259,42427,32004849-4351-6259-1f9d-4fc42253b5c3,2015,2015,PHI,84
2022,ARI,OL,G,75,ACT,Max Garcia,Max,Garcia,1991-11-09,76.0,309,Florida,00-0032132,,,,,,,,,7,"https://static.www.nfl.com/image/private/f_auto,q_auto/league/upp9rk98co0xuafwmgpn",G,18,REG,A01,Max,GAR112389,42476,32004741-5211-2389-dec3-7cff8193581f,2015,2015,DEN,133
2022,NYJ,TE,TE,87,INA,C.J. Uzomah,Christopher,Uzomah,1993-01-14,77.0,260,Auburn,00-0032134,2574576,19858900-5c8e-49a7-ab02-34ef625724ca,28545,10462,9590,UzomC.00,16917,2460,7,"https://static.www.nfl.com/image/private/f_auto,q_auto/league/qe8q3lfy09idyjquitmm",,18,REG,A01,C.J.,UZO415291,42500,3200555a-4f41-5291-7c48-f42f95ee20d2,2015,2015,CIN,157
2022,CLE,TE,TE,81,RES,Jesse James,Jesse,James,1994-06-04,79.0,250,Penn State,00-0032135,2979590,a37a5bfd-b48c-4d8b-817a-d8ce7ca3592d,28548,10150,9593,JameJe00,16920,2463,7,"https://static.www.nfl.com/image/private/f_auto,q_auto/league/paqmqdfdbzhs6lqyqyck",,18,REG,R01,Jesse,JAM239797,42503,32004a41-4d23-9797-c82d-bde8548b3188,2015,2015,PIT,160
2022,TEN,TE,TE,87,ACT,Geoff Swaim,Geoffrey,Swaim,1993-09-16,76.0,260,Texas,00-0032141,3046704,d0f9112d-2496-450a-9fc5-d2d01b4d2454,28634,10507,9679,SwaiGe00,17005,2545,7,"https://static.www.nfl.com/image/private/f_auto,q_auto/league/wkvs29elupkx2dgnhcpj",TE,18,REG,A01,Geoff,SWA047065,42589,32005357-4104-7065-ce44-a1e421d8fb00,2015,2015,DAL,246
2022,KC,DL,NT,71,DEV,Danny Shelton,Danny,Shelton,1993-08-20,74.0,345,Washington,00-0032143,2578384,cb491475-1814-4914-9777-fb865ae0d70b,28400,10310,9445,ShelDa01,16773,2317,7,"https://static.www.nfl.com/image/private/f_auto,q_auto/league/gjb1iwius3a2svcmmek5",,22,SB,P07,Danny,SHE411954,42355,32005348-4541-1954-277c-fac0cfdab4aa,2015,2015,CLE,12
2022,KC,RB,RB,25,DEV,Melvin Gordon,Melvin,Gordon,1993-04-13,73.0,215,Wisconsin,00-0032144,2576434,0f8ccece-d663-4069-944b-f318f64c60b7,28403,10064,9448,GordMe00,16776,2320,7,"https://static.www.nfl.com/image/private/f_auto,q_auto/league/i4g8x7yotpgszlyanow0",,22,SB,P07,Melvin,GOR275321,42358,3200474f-5227-5321-5a9f-5d54a292e030,2015,2015,SD,15
2022,CAR,OL,T,75,ACT,Cameron Erving,Cameron,Erving,1992-08-23,77.0,313,Florida State,00-0032145,,,,,,,,,7,"https://static.www.nfl.com/image/private/f_auto,q_auto/league/hh1wdxl1ulkq4njdemum",TE,18,REG,A01,Cameron,ERV288583,42362,32004552-5628-8583-d854-14a2bec5e2b8,2015,2015,CLE,19
2022,TEN,LB,OLB,48,RES,Bud Dupree,Alvin,Dupree,1993-02-12,76.0,269,Kentucky,00-0032146,2576702,48dca4c3-c6ac-4122-aee6-26f7cd259824,28410,10351,9455,DuprAl00,16783,2327,7,"https://static.www.nfl.com/image/private/f_auto,q_auto/league/acudbvogg5cdyeajfnqf",,18,REG,R01,Bud,DUP507860,42365,32004455-5050-7860-af18-e6f8e2611e65,2015,2015,PIT,22
2022,JAX,OL,G,67,CUT,John Miller,John,Miller,1993-08-12,75.0,315,Louisville,00-0032149,,,,,,,,,7,"https://static.www.nfl.com/image/private/f_auto,q_auto/league/xcpmm6e3x1l6ghlptqta",,12,REG,W03,John,MIL330317,42424,32004d49-4c33-0317-c67c-f7636112a4a0,2015,2015,BUF,81
2022,HOU,DB,CB,21,INA,Steven Nelson,Steven,Nelson,1993-01-22,71.0,194,Oregon State,00-0032150,3045287,c2e80cfc-33a8-43f4-a61e-57048244e4f8,28486,10419,9531,NelsSt01,16859,2403,7,"https://static.www.nfl.com/image/private/f_auto,q_auto/league/dn9hqsglg6koy24xwv1s",,18,REG,A01,Steven,NEL716852,42441,32004e45-4c71-6852-b28f-e8ced332216e,2015,2015,KC,98
2022,NYG,OL,C,76,ACT,Jon Feliciano,Jonathan,Feliciano,1992-02-10,76.0,323,Miami,00-0032151,,,,,,,,,7,"https://static.www.nfl.com/image/private/f_auto,q_auto/league/soegrjfqw0valo1lrilf",C,20,DIV,A01,Jon,FEL275082,42471,32004645-4c27-5082-fa59-b8b5c90da459,2015,2015,OAK,128
2022,CHI,QB,QB,15,RES,Trevor Siemian,Trevor,Siemian,1991-12-26,75.0,220,Northwestern,00-0032156,2511109,e23dc743-ecee-4cf3-a263-69d3da3bae94,28638,10483,9683,SiemTr00,17009,2549,7,"https://static.www.nfl.com/image/private/f_auto,q_auto/league/vmksfbms9zefxezf39sb",,18,REG,R01,Trevor,SIE461866,42593,32005349-4546-1866-e481-b01fc4505cd5,2015,2015,DEN,250
2022,SF,DL,DT,96,ACT,T.Y. McGill,Torrone,McGill,1992-11-23,72.0,299,North Carolina State,00-0032162,2577757,07c51c65-489b-4bae-b997-f1a0f35deffe,29114,10660,10156,,17082,2614,7,"https://static.www.nfl.com/image/private/f_auto,q_auto/league/vx3z8ppcagdgsmw44oef",INTERIOR_LINE,21,CON,A01,T.Y.,MCG421261,43092,32004d43-4742-1261-209a-98ba1447cdaf,2015,2015,,
2022,SF,DL,DT,91,ACT,Arik Armstead,Arik,Armstead,1993-11-15,79.0,292,Oregon,00-0032164,2971275,acb7169f-3ffa-4386-9866-e06af6ed7fef,28405,10309,9450,ArmsAr01,16778,2322,7,"https://static.www.nfl.com/image/private/f_auto,q_auto/league/pfagislv7uhsnwi7pviu",INTERIOR_LINE,21,CON,A01,Arik,ARM057964,42360,32004152-4d05-7964-59d3-546e5e96e618,2015,2015,SF,17
2022,BAL,DB,CB,24,ACT,Marcus Peters,Marcus,Peters,1993-01-09,72.0,197,Washington,00-0032165,2578378,402f063b-4703-4729-b6ea-3a9d45a314c7,28406,10407,9451,PeteMa00,16779,2323,7,"https://static.www.nfl.com/image/private/f_auto,q_auto/league/a0uhte1raenfmvwjv11q",CB,19,WC,A01,Marcus,PET154864,42361,32005045-5415-4864-366d-5c634e007d05,2015,2015,KC,18
2022,NO,RB,RB,28,ACT,David Johnson,David,Johnson,1991-12-16,73.0,224,Northern Iowa,00-0032187,2508176,2c8670ae-0c23-4d20-9d2b-f4c3e25f8938,28474,10148,9519,JohnDa08,16847,2391,7,"https://static.www.nfl.com/image/private/f_auto,q_auto/league/y7dtsyyjnoafefkbylbb",RB,18,REG,A01,David,JOH174477,42429,32004a4f-4817-4477-4e5f-db6fb5a95abe,2015,2015,ARI,86
2022,TEN,OL,C,69,ACT,Daniel Munyer,Daniel,Munyer,1992-03-04,73.0,305,Colorado,00-0032192,,,,,,,,,7,"https://static.www.nfl.com/image/private/f_auto,q_auto/league/id33j1uyclmoly2shkre",,18,REG,A01,Daniel,MUN811705,43112,32004d55-4e81-1705-d94b-e7d99cd60553,2015,2015,,
2022,DEN,DB,CB,23,RES,Ronald Darby,Ronald,Darby,1994-01-02,71.0,193,Florida State,00-0032195,2969920,c63eb787-fa1f-406b-82a1-2eed0a65b58c,28438,10408,9483,DarbRo00,16811,2355,7,"https://static.www.nfl.com/image/private/f_auto,q_auto/league/htkoffihk5llhq6fiyzp",,18,REG,R01,Ronald,DAR187187,42393,32004441-5218-7187-9a66-cb54872359ea,2015,2015,BUF,50
2022,DEN,DL,DE,5,RES,Randy Gregory,Randy,Gregory,1992-11-23,77.0,255,Nebraska,00-0032197,3895806,5c913725-c52a-4633-b3b9-efa6a9d2cf05,28448,10168,9493,GregRa00,16821,2365,7,"https://static.www.nfl.com/image/private/f_auto,q_auto/league/jief6zedctkh8mwrldid",,18,REG,R01,Randy,GRE789590,42403,32004752-4578-9590-e57a-049e4cdc3700,2015,2015,DAL,60
2022,NE,WR,WR,14,RES,Ty Montgomery,Ty,Montgomery,1993-01-22,72.0,216,Stanford,00-0032200,2577134,0c39e276-7a5b-448f-a696-532506f1035a,28482,10216,9527,MontTy01,16855,2399,7,"https://static.www.nfl.com/image/private/f_auto,q_auto/league/u45mse464fs7zxylwudr",,18,REG,R01,Ty,MON677133,42437,32004d4f-4e67-7133-aabc-f8fd3a30b39d,2015,2015,GB,94
2022,NO,OL,G,75,INA,Andrus Peat,Andrus,Peat,1993-11-04,79.0,316,Stanford,00-0032203,,,,,,,,,7,"https://static.www.nfl.com/image/private/f_auto,q_auto/league/iusx8v2b2nwuizxtze03",,18,REG,A01,Andrus,PEA709791,42356,32005045-4170-9791-95bc-3fdcb6ed04c1,2015,2015,NO,13
2022,PIT,OL,T,74,CUT,Chaz Green,Charles,Green,1992-04-08,77.0,318,Florida,00-0032204,,,,,,,,,7,"https://static.www.nfl.com/image/private/f_auto,q_auto/league/stl6h7dpq2wcafcrogwq",,1,REG,A01,Chaz,GRE118131,42434,32004752-4511-8131-4469-c2982a36fb6a,2015,2015,DAL,91
2022,HOU,WR,WR,4,INA,Phillip Dorsett,Phillip,Dorsett,1993-01-05,70.0,192,Miami,00-0032208,2579604,c682e8ea-fe48-45d2-af60-682a6125ab22,28417,10208,9462,DorsPh00,16790,2334,7,"https://static.www.nfl.com/image/private/f_auto,q_auto/league/wta1whv8pvjhmndkrnxy",,18,REG,A01,Phillip,DOR488199,42372,3200444f-5248-8199-3ca5-f2de722dd057,2015,2015,IND,29
2022,KC,DL,DE,55,ACT,Frank Clark,Frank,Clark,1993-06-14,75.0,260,Michigan,00-0032210,2576242,490c15eb-accc-4441-be7d-c7114e1e42fc,28451,10322,9496,ClarFr01,16824,2368,7,"https://static.www.nfl.com/image/private/f_auto,q_auto/league/vb5osacbkjtmufkepcqq",EDGE,22,SB,A01,Frank,CLA296952,42406,3200434c-4129-6952-efff-0405ba414afc,2015,2015,SEA,63
2022,SEA,WR,WR,16,ACT,Tyler Lockett,Tyler,Lockett,1992-09-28,70.0,182,Kansas State,00-0032211,2577327,dffa69ad-331e-4f09-ae38-40a5a4406be6,28457,10161,9502,LockTy00,16830,2374,7,"https://static.www.nfl.com/image/private/f_auto,q_auto/league/kzytmhxcdxrakzklb6hw",WR,19,WC,A01,Tyler,LOC420915,42412,32004c4f-4342-0915-1af7-ec50f437887c,2015,2015,SEA,69
2022,SF,TE,TE,81,ACT,Tyler Kroft,Tyler,Kroft,1992-10-15,78.0,250,Rutgers,00-0032214,2582410,36f54823-9d51-4180-9c91-d10281deb4bf,28473,10247,9518,KrofTy00,16846,2390,7,"https://static.www.nfl.com/image/private/f_auto,q_auto/league/qon8cgkz2g2m4ocwdlok",TE,21,CON,A01,Tyler,KRO074538,42428,32004b52-4f07-4538-e9e1-c9aaa1853924,2015,2015,CIN,85
2022,CAR,LB,MLB,57,ACT,Damien Wilson,Damien,Wilson,1993-05-28,72.0,243,Minnesota,00-0032215,3040207,96c822e6-5484-476b-8ab0-64b3cff791ef,28515,10374,9560,WilsDa02,16888,2432,7,"https://static.www.nfl.com/image/private/f_auto,q_auto/league/feyjmwcr1s6jmyvexars",,18,REG,A01,Damien,WIL664778,42470,32005749-4c66-4778-a2c9-a44b815d6e0e,2015,2015,DAL,127
2022,TB,OL,T,76,ACT,Donovan Smith,Donovan,Smith,1993-06-23,78.0,338,Penn State,00-0032217,,,,,,,,,7,"https://static.www.nfl.com/image/private/f_auto,q_auto/league/svqn49ki5a2ofujt6ywe",T,19,WC,A01,Donovan,SMI221725,42377,3200534d-4922-1725-3f1e-39d251c81444,2015,2015,TB,34
2022,ARI,OL,T,74,RES,D.J. Humphries,DeMarcus,Humphries,1993-12-28,77.0,307,Florida,00-0032222,,,,,,,,,7,"https://static.www.nfl.com/image/private/f_auto,q_auto/league/xcnh8k4hp7gybcceskty",,18,REG,R01,D.J.,HUM728022,42367,32004855-4d72-8022-b4bf-94e3429ecec8,2015,2015,ARI,24
2022,NE,LS,LS,49,RES,Joe Cardona,Joe,Cardona,1992-04-16,75.0,245,Navy,00-0032228,,,,,,,,,7,"https://static.www.nfl.com/image/private/f_auto,q_auto/league/nry1fkxrcfyfxiwkxrjg",,18,REG,R01,Joe,CAR054160,42509,32004341-5205-4160-e18a-17a03cc27e0e,2015,2015,NE,166
2022,NYJ,OL,T,70,ACT,Cedric Ogbuehi,Cedric,Ogbuehi,1992-04-25,77.0,310,Texas A&amp;M,00-0032233,,,,,,,,,7,"https://static.www.nfl.com/image/private/f_auto,q_auto/league/qoilmalykfbj1plvdmut",T,18,REG,A01,Cedric,OGB666101,42364,32004f47-4266-6101-dd5b-dff63b4661d1,2015,2015,CIN,21
2022,NYJ,OL,G,78,ACT,Laken Tomlinson,Laken,Tomlinson,1992-02-09,75.0,312,Duke,00-0032234,,,,,,,,,7,"https://static.www.nfl.com/image/private/f_auto,q_auto/league/xwc1srapliazyi14gkxv",G,18,REG,A01,Laken,TOM687650,42371,3200544f-4d68-7650-bb9d-0a43fc8e509c,2015,2015,DET,28
2022,MIA,DB,CB,24,RES,Byron Jones,Byron,Jones,1992-09-26,73.0,205,Connecticut,00-0032239,2513035,64b1bda8-8c0d-4c17-b8a9-6b5ef292c924,28415,10412,9460,JoneBy00,16788,2332,7,"https://static.www.nfl.com/image/private/f_auto,q_auto/league/w4heni1qbdsyuouvkjxb",,19,WC,R04,Byron,JON141600,42370,32004a4f-4e14-1600-f94c-63eb30910cbc,2015,2015,DAL,27
2022,LA,OL,T,79,ACT,Rob Havenstein,Robert,Havenstein,1992-05-13,80.0,328,Wisconsin,00-0032242,,,,,,,,,7,"https://static.www.nfl.com/image/private/f_auto,q_auto/league/cirdxl0zqkma5kguwfqn",T,18,REG,A01,Rob,HAV249308,42400,32004841-5624-9308-acd1-fccd83685d9c,2015,2015,STL,57
2022,SEA,QB,QB,17,DEV,Sean Mannion,Sean,Mannion,1992-04-25,78.0,231,Oregon State,00-0032245,2517017,91ead748-e3b0-4926-bd3b-3e327b44e6bc,28477,10176,9522,MannSe00,16850,2394,7,"https://static.www.nfl.com/image/private/f_auto,q_auto/league/lcuc7hhiijmt8xtitm77",,19,WC,P07,Sean,MAN548238,42432,32004d41-4e54-8238-75bc-0c066cdf649e,2015,2015,STL,89
2022,HOU,OL,G,60,ACT,A.J. Cann,Aaron,Cann,1991-10-23,75.0,325,South Carolina,00-0032255,,,,,,,,,7,"https://static.www.nfl.com/image/private/f_auto,q_auto/league/wnsy7wpssmnecbo46sxn",G,18,REG,A01,A.J.,CAN364949,42410,32004341-4e36-4949-5f30-831832b20b7c,2015,2015,JAX,67
2022,BUF,RB,RB,22,DEV,Duke Johnson,Randy,Johnson,1993-09-23,69.0,210,Miami,00-0032257,2969962,31c376b7-2e10-473a-aa54-d9f709a5b93e,28465,10084,9510,JohnDu00,16838,2382,7,"https://static.www.nfl.com/image/private/f_auto,q_auto/league/hf7lxjjesduggqdfktsg",,20,DIV,P07,Duke,JOH000009,42420,32004a4f-4800-0009-3d52-7d0c4c49cdd8,2015,2015,CLE,77
2022,JAX,DL,DT,90,CUT,Malcom Brown,Malcom,Brown,1994-02-02,74.0,320,Texas,00-0032261,2971698,7f911008-146b-43e9-a292-9ad90c621087,28420,10058,9465,BrowMa01,16793,2337,7,"https://static.www.nfl.com/image/private/f_auto,q_auto/league/c6xpx3mn0vdr6cpcaoqg",,1,REG,A01,Malcom,BRO550723,42375,32004252-4f55-0723-88db-61e509bef186,2015,2015,NE,32
2022,NYG,DB,SS,21,ACT,Landon Collins,Landon,Collins,1994-01-10,72.0,218,Alabama,00-0032262,2979841,a9c41c5b-0dcf-40cc-a76c-644307f2f2df,28421,10057,9466,CollLa00,16794,2338,7,"https://static.www.nfl.com/image/private/f_auto,q_auto/league/hyefzfcujafngv8nmzea",,20,DIV,A01,Landon,COL624212,42376,3200434f-4c62-4212-2ef4-200a7e5884d4,2015,2015,NYG,33
2022,TEN,DL,DT,94,ACT,Mario Edwards,Mario,Edwards,1994-01-25,75.0,280,Florida State,00-0032265,2969921,fdfb980b-1493-4698-9b97-f445a8f495da,28423,10450,9468,EdwaMa01,16796,2340,7,"https://static.www.nfl.com/image/private/f_auto,q_auto/league/l659heuf5xogi97oi8oc",EDGE,18,REG,A01,Mario,EDW608536,42378,32004544-5760-8536-a1c3-95e3f84a11b2,2015,2015,OAK,35
2022,ATL,QB,QB,1,RES,Marcus Mariota,Marcus,Mariota,1993-10-30,76.0,222,Oregon,00-0032268,2576980,7c16c04c-04de-41f3-ac16-ad6a9435e3f7,28390,10074,9435,MariMa01,16763,2307,7,"https://static.www.nfl.com/image/private/f_auto,q_auto/league/sd59iwjj69atxaqjti1r",,18,REG,R01,Marcus,MAR186347,42345,32004d41-5218-6347-2b09-64276fa61f68,2015,2015,TEN,2
2022,CAR,DL,DE,94,ACT,Henry Anderson,Henry,Anderson,1991-08-03,78.0,301,Stanford,00-0032269,2517752,2d3a6c81-183f-431b-9b3f-d7f1ce2b294b,28481,10324,9526,AndeHe00,16854,2398,7,"https://static.www.nfl.com/image/private/f_auto,q_auto/league/q7ggisjrc63zhlvbr8mm",EDGE,18,REG,A01,Henry,AND287484,42436,3200414e-4428-7484-fe5c-ce7b869feb75,2015,2015,IND,93
2022,ATL,DB,FS,23,ACT,Erik Harris,Erik,Harris,1990-04-02,74.0,220,"California, Pa.",00-0032320,4010714,3cd103cf-cc2e-458e-94bc-a7a7ce1632c0,29224,10858,10346,,17899,3144,6,"https://static.www.nfl.com/image/private/f_auto,q_auto/league/vzqjwjllaqqqmrvvqwry",,18,REG,A01,Erik,HAR385656,39908,32004841-5238-5656-d69d-b258f71e2a37,2016,2016,,
2022,CLE,WR,WR,80,DEV,Chester Rogers,Chester,Rogers,1994-01-12,72.0,184,Grambling,00-0032355,2983209,958c9833-2e55-411a-8e0e-ecc229bbeb14,29609,11256,10918,RogeCh02,18361,3582,6,"https://static.www.nfl.com/image/private/f_auto,q_auto/league/lkszsifhpwtjpvjvlxw5",,12,REG,P07,Chester,ROG146742,43556,3200524f-4714-6742-8aec-cfa06f6c3ab6,2016,2016,,
2022,BUF,LB,MLB,44,ACT,Tyler Matakevich,Tyler,Matakevich,1992-12-22,73.0,235,Temple,00-0032366,2976249,b217c699-2eb4-4c60-9d7f-2df8e4232009,29480,11129,10880,MataTy00,18162,3401,6,"https://static.www.nfl.com/image/private/f_auto,q_auto/league/lqet7i7jfxsiasokpki2",,20,DIV,A01,Tyler,MAT026118,43535,32004d41-5402-6118-1efb-84b5154b1610,2016,2016,PIT,246
2022,IND,DL,DT,99,ACT,DeForest Buckner,DeForest,Buckner,1994-03-17,79.0,300,Oregon,00-0032378,2971282,d97529e5-f1cd-4fe0-8697-4b51bbe52fd4,29241,10925,10641,BuckDe00,17933,3172,6,"https://static.www.nfl.com/image/private/f_auto,q_auto/league/i5hlzpxmdrbb6vzxws14",INTERIOR_LINE,18,REG,A01,DeForest,BUC768760,43296,32004255-4376-8760-299c-0fb49b4a62d2,2016,2016,SF,7
2022,CIN,DB,CB,20,ACT,Eli Apple,Eli,Apple,1995-08-09,73.0,203,Ohio State,00-0032379,3040506,72a42703-19b7-417c-87ce-344fd792f5ca,29244,10886,10644,ApplEl00,17950,3189,6,"https://static.www.nfl.com/image/private/f_auto,q_auto/league/mjl3roshjonept99yzku",CB,21,CON,A01,Eli,APP195645,43299,32004150-5019-5645-f1b8-2e24e42cc5eb,2016,2016,NYG,10
2022,HOU,OL,T,78,ACT,Laremy Tunsil,Laremy,Tunsil,1994-08-02,77.0,313,Mississippi,00-0032380,,,,,,,,,6,"https://static.www.nfl.com/image/private/f_auto,q_auto/league/zjb7ftz9paouze0wg2rx",T,18,REG,A01,Laremy,TUN565442,43302,32005455-4e56-5442-704e-acb84ae7be26,2016,2016,MIA,13
2022,DET,OL,T,68,ACT,Taylor Decker,Taylor,Decker,1993-08-23,79.0,318,Ohio State,00-0032381,,,,,,,,,6,"https://static.www.nfl.com/image/private/f_auto,q_auto/league/r1kwfxi7ksk2hqexdf91",T,18,REG,A01,Taylor,DEC496460,43305,32004445-4349-6460-9999-a94a63949256,2016,2016,DET,16
2022,TB,DB,FS,22,INA,Keanu Neal,Keanu,Neal,1995-07-26,72.0,216,Florida,00-0032382,3054962,cc9c2006-e72b-4073-afcc-69c187cb28b7,29251,11143,10651,NealKe01,17942,3181,6,"https://static.www.nfl.com/image/private/f_auto,q_auto/league/e83pvzkyarcjm5pkuk6c",,19,WC,A01,Keanu,NEA222964,43306,32004e45-4122-2964-6763-6eb5aa83fc3d,2016,2016,ATL,17
2022,IND,OL,C,78,ACT,Ryan Kelly,Ryan,Kelly,1993-05-30,76.0,309,Alabama,00-0032383,,,,,,,,,6,"https://static.www.nfl.com/image/private/f_auto,q_auto/league/cm0fr3e0qqc5tojpi4xm",C,18,REG,A01,Ryan,KEL738596,43307,32004b45-4c73-8596-b66e-a1f975104e47,2016,2016,IND,18
2022,ATL,OL,T,74,ACT,Germain Ifedi,Germain,Ifedi,1994-06-02,77.0,325,Texas A&amp;M,00-0032384,,,,,,,,,6,"https://static.www.nfl.com/image/private/f_auto,q_auto/league/dl4liyf3zd80ywdumzbv",T,18,REG,A01,Germain,IFE136317,43320,32004946-4513-6317-9ed7-242899e243f5,2016,2016,SEA,31
2022,NYG,WR,WR,3,RES,Sterling Shepard,Sterling,Shepard,1993-02-10,70.0,201,Oklahoma,00-0032385,2976592,1ffc735b-74d8-44d2-ab32-00c5485c799f,29274,10988,10674,ShepSt00,17961,3200,6,"https://static.www.nfl.com/image/private/f_auto,q_auto/league/ftqdcadfmh5jb4fwqqxx",,20,DIV,R01,Sterling,SHE495754,43329,32005348-4549-5754-5697-2a8312edc489,2016,2016,NYG,40
2022,GB,DL,DT,90,ACT,Jarran Reed,Jarran,Reed,1992-12-16,75.0,306,Alabama,00-0032387,3115312,c02b49d3-ddc1-4ffc-9f40-487199882fa5,29289,11217,10683,ReedJa02,17981,3220,6,"https://static.www.nfl.com/image/private/f_auto,q_auto/league/kp8k6qdaprhdet18nunv",INTERIOR_LINE,18,REG,A01,Jarran,REE257783,43338,32005245-4525-7783-9d33-e7586a9aa31c,2016,2016,SEA,49
2022,CLE,LB,ILB,54,ACT,Deion Jones,Deion,Jones,1994-11-04,73.0,227,Louisiana State,00-0032388,2976545,a2a587d3-2971-41f5-a5d4-828d9cf1494e,29285,11080,10686,JoneDe01,17983,3222,6,"https://static.www.nfl.com/image/private/f_auto,q_auto/league/kzuoyquvgd79hv0bv254",MLB,18,REG,A01,Deion,JON233279,43341,32004a4f-4e23-3279-5d90-96adf149a483,2016,2016,ATL,52
2022,DAL,DB,CB,36,DEV,Mackensie Alexander,Mackensie,Alexander,1993-11-12,70.0,192,Clemson,00-0032389,3045120,9b14942e-0ddc-436c-a6be-5947a39589e5,29287,10880,10688,AlexMa01,17985,3224,6,"https://static.www.nfl.com/image/private/f_auto,q_auto/league/uyoo4t3miqcvjjva7x20",,20,DIV,P02,Mackensie,ALE511379,43343,3200414c-4551-1379-a677-80cbb84f09ba,2016,2016,MIN,54
2022,KC,OL,G,62,ACT,Joe Thuney,Joseph,Thuney,1992-11-18,77.0,308,North Carolina State,00-0032391,,,,,,,,,6,"https://static.www.nfl.com/image/private/f_auto,q_auto/league/di1ec4jqoocwbk9xrjk3",G,22,SB,A01,Joe,THU198074,43367,32005448-5519-8074-d99e-a02407da902b,2016,2016,NE,78
2022,TEN,TE,TE,81,ACT,Austin Hooper,Austin,Hooper,1994-10-29,76.0,254,Stanford,00-0032392,3043275,90c2a93f-d837-4e1b-b57c-56648903a8db,29315,10748,10715,HoopAu00,17963,3202,6,"https://static.www.nfl.com/image/private/f_auto,q_auto/league/tvaiulwmg3f9frtbucqx",TE,18,REG,A01,Austin,HOO570770,43370,3200484f-4f57-0770-bd7c-1cf59d6025ab,2016,2016,ATL,81
2022,NYG,TE,TE,89,ACT,Nick Vannett,Nicholas,Vannett,1993-03-06,78.0,261,Ohio State,00-0032394,2576399,c731aa8a-778b-4ccd-a19f-517eb66f47b7,29328,10949,10728,VannNi00,18019,3258,6,"https://static.www.nfl.com/image/private/f_auto,q_auto/league/cccwwxb6tvsfhm3ylqul",FB,20,DIV,A01,Nick,VAN643509,43383,32005641-4e64-3509-b1ce-15322f2faec9,2016,2016,SEA,94
2022,DEN,OL,G,61,ACT,Graham Glasgow,Graham,Glasgow,1992-08-19,78.0,310,Michigan,00-0032395,,,,,,,,,6,"https://static.www.nfl.com/image/private/f_auto,q_auto/league/tjev4covr6x9awx0cgns",C,18,REG,A01,Graham,GLA349413,43384,3200474c-4134-9413-66c9-455073290215,2016,2016,DET,95
2022,HOU,WR,WR,15,ACT,Chris Moore,Christopher,Moore,1993-06-16,73.0,200,Cincinnati,00-0032398,2576581,0b504d67-639b-4ba8-979a-498a3086257b,29341,10994,10741,MoorCh00,18030,3269,6,"https://static.www.nfl.com/image/private/f_auto,q_auto/league/qr0vpcglqsagx7trpslz",WR,18,REG,A01,Chris,MOO226734,43396,32004d4f-4f22-6734-ca64-de14861965f9,2016,2016,BAL,107
2022,PIT,DB,SS,28,ACT,Miles Killebrew,Miles,Killebrew,1993-05-10,74.0,222,Southern Utah,00-0032399,2575164,4419b655-867f-436b-8233-6d45f4dfef77,29345,11091,10745,KillMi00,18033,3272,6,"https://static.www.nfl.com/image/private/f_auto,q_auto/league/a3hgsv5ipfi0z5jwhjgb",,18,REG,A01,Miles,KIL283492,43400,32004b49-4c28-3492-57d3-042b96cef5b8,2016,2016,DET,111
2022,GB,LB,ILB,59,ACT,De'Vondre Campbell,De'Vondre,Campbell,1993-07-01,75.0,232,Minnesota,00-0032401,3040180,25a643a9-3b59-4739-8430-2713a818fb69,29349,10935,10749,CampDe00,18037,3276,6,"https://static.www.nfl.com/image/private/f_auto,q_auto/league/zugtljhpjiaanlmbjiyo",MLB,18,REG,A01,De'Vondre,CAM227922,43404,32004341-4d22-7922-fbee-a8af685282e3,2016,2016,ATL,115
2022,SF,DL,DT,98,RES,Hassan Ridgeway,Hassan,Ridgeway,1994-11-02,75.0,305,Texas,00-0032402,2971725,a72ab12a-751b-4a0d-9f9d-a44d2510ac23,29350,11160,10750,RidgHa00,18038,3277,6,"https://static.www.nfl.com/image/private/f_auto,q_auto/league/qwfblduq15msbj7vd0sn",,21,CON,R01,Hassan,RID299361,43405,32005249-4429-9361-91c7-7d7e2cc3477b,2016,2016,IND,116
2022,CAR,DB,SS,31,INA,Juston Burris,Juston,Burris,1993-08-04,72.0,212,North Carolina State,00-0032403,2577740,5f3a60b9-64ac-41f0-877b-cfd2cdfe23c9,29352,10929,10752,BurrJu00,18040,3279,6,"https://static.www.nfl.com/image/private/f_auto,q_auto/league/jfec3gix9dui5nyxavh6",,18,REG,A01,Juston,BUR608462,43407,32004255-5260-8462-2be5-1dae38940357,2016,2016,NYJ,118
2022,WAS,OL,T,64,CUT,Willie Beavers,Willie,Beavers,1993-10-02,77.0,322,Western Michigan,00-0032405,,,,,,,,,6,"https://static.www.nfl.com/image/private/f_auto,q_auto/league/swol2pcnwfliwfviq3jk",,7,REG,W03,Willie,BEA813394,43410,32004245-4181-3394-1262-364da1600542,2016,2016,MIN,121
2022,LV,LB,ILB,54,RET,Blake Martinez,Blake,Martinez,1994-01-09,74.0,237,Stanford,00-0032408,2978273,0392b852-2783-4ce4-ad39-dc8661a5be3d,29365,11127,10765,MartBl01,18052,3291,6,"https://static.www.nfl.com/image/private/f_auto,q_auto/league/cjnmypxafnr8cgfnbnvt",,18,REG,R02,Blake,MAR776230,43420,32004d41-5277-6230-c3a3-0290a0ccc6d0,2016,2016,GB,131
2022,TB,DB,CB,28,RES,Rashard Robinson,Rashard,Robinson,1995-07-23,73.0,177,Louisiana State,00-0032410,3042718,f8c2e532-8de2-4c8b-85bf-ed2e24c3b273,29367,11164,10767,RobiRa00,18054,3293,6,"https://static.www.nfl.com/image/private/f_auto,q_auto/league/hlzfvlfmksspr5whg5ph",,1,REG,R01,Rashard,ROB680485,43422,3200524f-4268-0485-1745-27d392dfc64a,2016,2016,SF,133
2022,GB,DL,DE,94,RES,Dean Lowry,Dean,Lowry,1994-06-09,78.0,296,Northwestern,00-0032412,2974348,0df44cfb-8dab-4fc1-8556-108505a4b428,29371,11119,10771,LowrDe00,18056,3295,6,"https://static.www.nfl.com/image/private/f_auto,q_auto/league/zu9wefgugcytivnzvdxo",,18,REG,R01,Dean,LOW617631,43426,32004c4f-5761-7631-a34e-c6965ab51a7c,2016,2016,GB,137
2022,NE,LB,OLB,9,ACT,Matt Judon,Matt,Judon,1992-08-15,75.0,261,Grand Valley State,00-0032415,3961466,99d79bb9-45aa-4c64-99aa-a92ba2c278af,29380,11083,10780,JudoMa00,18064,3303,6,"https://static.www.nfl.com/image/private/f_auto,q_auto/league/gzqaca6m73uzgwczrw7z",EDGE,18,REG,A01,Matt,JUD442977,43435,32004a55-4444-2977-278b-6fd440b8c2e8,2016,2016,BAL,146
2022,SEA,DL,DE,77,ACT,Quinton Jefferson,Quinton,Jefferson,1993-03-31,76.0,291,Maryland,00-0032416,2577078,c187d2b3-5d96-4035-a166-db6689b463bf,29381,11069,10781,JeffQu00,18065,3304,6,"https://static.www.nfl.com/image/private/f_auto,q_auto/league/dd8shmphcx0quu48xe3f",INTERIOR_LINE,19,WC,A01,Quinton,JEF350399,43436,32004a45-4635-0399-dbfb-3775a6ac795c,2016,2016,SEA,147
2022,CLE,OL,T,59,RES,Joe Haeg,Joseph,Haeg,1993-03-11,78.0,298,North Dakota State,00-0032419,,,,,,,,,6,"https://static.www.nfl.com/image/private/f_auto,q_auto/league/r1dnsh9odto6vsiyzl9i",,18,REG,R01,Joe,HAE223809,43444,32004841-4522-3809-a626-bd41b8c38c63,2016,2016,IND,155
2022,MIA,OL,T,71,INA,Brandon Shell,Brandon,Shell,1992-02-06,77.0,324,South Carolina,00-0032420,,,,,,,,,6,"https://static.www.nfl.com/image/private/f_auto,q_auto/league/nwehvbneap4sfkpom3vd",,19,WC,A01,Brandon,SHE288626,43447,32005348-4528-8626-b892-24ab65d79590,2016,2016,NYJ,158
2022,CIN,DL,NT,98,ACT,D.J. Reader,David,Reader,1994-07-01,75.0,347,Clemson,00-0032424,2977670,42bb4895-bdfb-40e2-8119-f5b06611bf1b,29400,11114,10800,ReadD.00,18083,3322,6,"https://static.www.nfl.com/image/private/f_auto,q_auto/league/pa0yezoxaxfebxgmufat",INTERIOR_LINE,21,CON,A01,D.J.,REA148116,43455,32005245-4114-8116-e0aa-521c3fdaafdb,2016,2016,HOU,166
2022,WAS,OL,G,71,ACT,Wes Schweitzer,Weston,Schweitzer,1993-09-11,76.0,314,San Jose State,00-0032432,,,,,,,,,6,"https://static.www.nfl.com/image/private/f_auto,q_auto/league/s0artsezqklnbcudxt0f",C,18,REG,A01,Wes,SCH821050,43484,32005343-4882-1050-6e63-ec326f67a313,2016,2016,ATL,195
2022,CIN,QB,QB,8,ACT,Brandon Allen,Brandon,Allen,1992-09-05,74.0,209,Arkansas,00-0032434,2574511,a8c3bcd7-69d0-4c5e-a876-6b33857942bc,29435,10882,10835,AlleBr00,18118,3357,6,"https://static.www.nfl.com/image/private/f_auto,q_auto/league/whfsh50agzwv5nlz6e8s",,21,CON,A01,Brandon,ALL063816,43490,3200414c-4c06-3816-a995-21614b984798,2016,2016,JAX,201
2022,HOU,QB,QB,6,ACT,Jeff Driskel,Jeffrey,Driskel,1993-04-23,76.0,235,Louisiana Tech,00-0032436,2574630,4d517d8f-fe4d-4c89-9a2a-fee836ba4a71,29441,11026,10841,DrisJe00,18123,3362,6,"https://static.www.nfl.com/image/private/f_auto,q_auto/league/v3jeegvxptm1esa4gckx",QB,18,REG,A01,Jeff,DRI392790,43496,32004452-4939-2790-3aab-117735a7f4ab,2016,2016,SF,207
2022,ARI,LB,ILB,57,ACT,Kamu Grugier-Hill,Caelan Kamuela,Grugier-Hill,1994-05-16,74.0,230,Eastern Illinois,00-0032437,3050851,bcbbd7af-5a61-41f2-bae6-1e034755e7ef,29442,11233,10842,GrugKa00,18124,3363,6,"https://static.www.nfl.com/image/private/f_auto,q_auto/league/ug3lwgydvdsobgnwxjqv",MLB,18,REG,A01,Kamu,GRU516162,43497,32004752-5551-6162-3876-4426f79b63c8,2016,2016,NE,208
2022,NYG,DB,CB,31,CUT,Maurice Canady,Maurice,Canady,1994-05-26,73.0,193,Virginia,00-0032438,2979655,32884cc4-ff90-42d0-b02b-f9a7df6ce6fb,29443,10936,10843,CanaMa00,18125,3364,6,"https://static.www.nfl.com/image/private/f_auto,q_auto/league/fekmzwjvfcejwze0ytwp",,1,REG,A01,Maurice,CAN149679,43498,32004341-4e14-9679-82f3-30242a8781d3,2016,2016,BAL,209
2022,MIA,LB,ILB,52,ACT,Elandon Roberts,Elandon,Roberts,1994-04-22,73.0,238,Houston,00-0032442,2987743,f6d7cf0f-72d2-473f-a44b-4a253587ca0f,29448,11234,10848,RobeEl00,18130,3369,6,"https://static.www.nfl.com/image/private/f_auto,q_auto/league/x22ajl1noaoeib2qdweo",MLB,19,WC,A01,Elandon,ROB134404,43503,3200524f-4213-4404-f22b-526f175c5480,2016,2016,NE,214
2022,SEA,OL,C,68,DEV,Joey Hunt,Joseph,Hunt,1994-02-22,74.0,299,Texas Christian,00-0032443,,,,,,,,,6,"https://static.www.nfl.com/image/private/f_auto,q_auto/league/cbhr5wbhfkhqpw6ipvfy",,19,WC,P07,Joey,HUN273483,43504,32004855-4e27-3483-15b2-e9bbb8774968,2016,2016,SEA,215
2022,CIN,OL,C,64,ACT,Ted Karras,Ted,Karras,1993-03-15,76.0,305,Illinois,00-0032445,,,,,,,,,6,"https://static.www.nfl.com/image/private/f_auto,q_auto/league/ovvxnkwumt4zavhejhv5",C,21,CON,A01,Ted,KAR582765,43510,32004b41-5258-2765-78d9-7663d77bb277,2016,2016,NE,221
2022,CLE,LB,OLB,91,RES,Stephen Weatherly,Stephen,Weatherly,1994-03-19,77.0,265,Vanderbilt,00-0032448,2972362,6ef5045f-9215-4354-a1af-3f86e4c4a03d,29461,10894,10861,WeatSt00,18143,3382,6,"https://static.www.nfl.com/image/private/f_auto,q_auto/league/jsunriybiepcfkdhq5ys",,18,REG,R01,Stephen,WEA206755,43516,32005745-4120-6755-ead0-47bd42e79015,2016,2016,MIN,227
2022,NO,RB,RB,24,RES,Dwayne Washington,Dwayne,Washington,1994-04-24,73.0,223,Washington,00-0032450,3002265,30ff46bc-a039-4af7-9050-81af98901a3e,29470,10737,10870,WashDw00,18152,3391,6,"https://static.www.nfl.com/image/private/f_auto,q_auto/league/h1nintlpbk2zyxerjpy4",,18,REG,R27,Dwayne,WAS231679,43525,32005741-5323-1679-ae1c-92a750c047c4,2016,2016,DET,236
2022,DAL,DB,FS,27,ACT,Jayron Kearse,Jayron,Kearse,1994-02-11,76.0,215,Clemson,00-0032454,3045130,708e045b-17fd-4f81-87e3-8686b165a278,29478,11088,10878,KearJa00,18160,3399,6,"https://static.www.nfl.com/image/private/f_auto,q_auto/league/rdjehqd63c6lbmspfmfe",OLB,20,DIV,A01,Jayron,KEA508861,43533,32004b45-4150-8861-f410-98e938396142,2016,2016,MIN,244
2022,SEA,OL,C,63,ACT,Austin Blythe,Austin,Blythe,1992-06-16,74.0,300,Iowa,00-0032455,,,,,,,,,6,"https://static.www.nfl.com/image/private/f_auto,q_auto/league/u6btrewtlie9dltfqkst",C,19,WC,A01,Austin,BLY611687,43537,3200424c-5961-1687-a06c-7345068b7e5f,2016,2016,IND,248
2022,LV,DL,DT,93,ACT,Kyle Peko,Kyle,Peko,1993-07-23,73.0,305,Oregon State,00-0032463,3134288,e9a7f92c-241c-4172-9874-6eb0c1576899,29630,11428,11027,,18421,3633,6,"https://static.www.nfl.com/image/private/f_auto,q_auto/league/itweaxrd3xlmwzzip8xj",INTERIOR_LINE,18,REG,A01,Kyle,PEK467819,43583,32005045-4b46-7819-525b-9d43d0bbb9c1,2016,2016,,
2022,DET,WR,WR,11,ACT,Kalif Raymond,Kalif,Raymond,1994-08-08,68.0,182,Holy Cross,00-0032464,2973405,e0a31d02-9d1c-4dab-adb4-a5d9bbee8b36,29631,11429,11028,RaymKa00,18422,3634,6,"https://static.www.nfl.com/image/private/f_auto,q_auto/league/tbqpvuoxh80zjvgao9ww",WR,18,REG,A01,Kalif,RAY748263,43584,32005241-5974-8263-1ad0-b2ba085ce237,2016,2016,,
2022,NYJ,OL,T,76,RES,George Fant,George,Fant,1992-07-19,77.0,322,Western Kentucky,00-0032466,,,,,,,,,6,"https://static.www.nfl.com/image/private/f_auto,q_auto/league/yqrc8n1xlqdee1fusk0u",,18,REG,R01,George,FAN401790,43586,32004641-4e40-1790-4ceb-d01018fe0d26,2016,2016,,
2022,CHI,LS,LS,57,DEV,Kameron Canaday,Kameron,Canaday,1992-08-20,76.0,245,Portland State,00-0032486,,,,,,,,,6,"https://static.www.nfl.com/image/private/f_auto,q_auto/league/jflavnooy257y8wzvicb",,18,REG,P07,Kameron,CAN058143,43606,32004341-4e05-8143-ef17-c576580c7361,2016,2016,,
2022,LV,DB,FS,41,ACT,Matthias Farley,Matthias,Farley,1992-07-15,71.0,209,Notre Dame,00-0032496,2579840,22d9354f-3277-4ae6-bfaa-351ce38f1140,29574,11292,10953,,18392,3605,6,"https://static.www.nfl.com/image/private/f_auto,q_auto/league/yz4nj2cu0emfjudr3ofz",SAFETY,18,REG,A01,Matthias,FAR160452,43616,32004641-5216-0452-164c-24c8c208c648,2016,2016,,
2022,BUF,LS,LS,69,ACT,Reid Ferguson,Chandler,Ferguson,1994-03-24,74.0,235,Louisiana State,00-0032497,,,,,,,,,6,"https://static.www.nfl.com/image/private/f_auto,q_auto/league/k0msiaszwc57elhcltft",,20,DIV,A01,Reid,FER300870,43617,32004645-5230-0870-4c45-c5d8e887ea12,2016,2016,,
2022,MIA,DL,DT,96,RES,Justin Zimmer,Justin,Zimmer,1992-10-23,75.0,292,Ferris State,00-0032518,3057899,f125395e-820f-40d7-9775-ac101292719d,29559,11327,10975,,18237,3473,6,"https://static.www.nfl.com/image/private/f_auto,q_auto/league/xgh3lgbrh0csrfynjpq6",,19,WC,R01,Justin,ZIM077099,43638,32005a49-4d07-7099-622b-f7f9afd14e15,2016,2016,,
2022,CIN,DB,CB,21,ACT,Mike Hilton,Michael,Hilton,1994-03-09,69.0,184,Mississippi,00-0032521,2980383,972f93d7-158b-4464-b119-952f298cea52,29510,11473,10898,,18316,3546,6,"https://static.www.nfl.com/image/private/f_auto,q_auto/league/pu4xijslhoh1uhkfaovr",SLOT_CB,21,CON,A01,Mike,HIL796239,43641,32004849-4c79-6239-5129-5a7a9567479b,2016,2016,,
2022,BUF,OL,T,67,DEV,Justin Murray,Justin,Murray,1993-04-19,77.0,315,Cincinnati,00-0032528,,,,,,,,,6,"https://static.www.nfl.com/image/private/f_auto,q_auto/league/y1vxgqnz3h8ms6upu6f3",,20,DIV,P07,Justin,MUR669780,43648,32004d55-5266-9780-557f-c2e202ed7cb0,2016,2016,,
2022,WAS,WR,WR,86,DEV,Alex Erickson,Alex,Erickson,1992-11-06,72.0,195,Wisconsin,00-0032543,2977800,6bb4d6f8-c8fb-4ca7-a416-a7010526114d,29703,11257,11107,EricAl01,18197,3433,6,"https://static.www.nfl.com/image/private/f_auto,q_auto/league/tnd77vbkyo8srrrkaisu",,18,REG,P07,Alex,ERI090697,43663,32004552-4909-0697-7ef2-dee5ba714d1b,2016,2016,,
2022,ARI,DB,FS,28,ACT,Charles Washington,Charles,Washington,1993-03-10,70.0,192,Fresno State,00-0032560,2579163,7757384a-6b03-41fb-9c77-3c016a968d1c,29781,11341,11137,,18521,3714,6,"https://static.www.nfl.com/image/private/f_auto,q_auto/league/tdkgm2yjdrw67v41lyxr",,18,REG,A01,Charles,WAS082938,43680,32005741-5308-2938-c497-7cfd2d22cbf6,2016,2016,,
2022,CHI,DL,DT,92,DEV,Trevon Coley,Trevon,Coley,1994-07-13,73.0,310,Florida Atlantic,00-0032566,2982880,8905d02c-c7f7-4a50-901b-6eee71e39cc6,29751,11305,11093,,18476,3676,6,"https://static.www.nfl.com/image/private/f_auto,q_auto/league/euwyfno3natk9lvhqsas",,18,REG,P07,Trevon,COL378757,43686,3200434f-4c37-8757-e081-012bcf9516bd,2016,2016,,
2022,NO,K,K,3,ACT,Wil Lutz,William,Lutz,1994-07-07,71.0,184,Georgia State,00-0032569,2985659,c4cf84d0-6022-4ac1-a9ba-85587921c53f,29754,11309,11096,,18478,3678,6,"https://static.www.nfl.com/image/private/f_auto,q_auto/league/agrda1zqoaiwp8mbkw5e",,18,REG,A01,Wil,LUT811045,43689,32004c55-5481-1045-8775-985bb1539a57,2016,2016,,
2022,BAL,DL,NT,58,RES,Michael Pierce,Michael,Pierce,1992-11-06,72.0,340,Samford,00-0032574,2972144,9aa0b292-f4ad-4517-83e9-717567edec19,29759,11313,11101,,18481,3681,6,"https://static.www.nfl.com/image/private/f_auto,q_auto/league/taieqzfmmizgiwr9ltyf",,19,WC,R01,Michael,PIE424893,43694,32005049-4542-4893-b68f-ec8569415718,2016,2016,,
2022,LA,OL,C,64,ACT,Matt Skura,Matthew,Skura,1993-02-17,75.0,313,Duke,00-0032575,,,,,,,,,6,"https://static.www.nfl.com/image/private/f_auto,q_auto/league/h9enr0ycapsfxudjqe43",G,18,REG,A01,Matt,SKU668077,43695,3200534b-5566-8077-6c20-88e4509c34b3,2016,2016,,
2022,NE,DB,CB,31,ACT,Jonathan Jones,Jonathan,Jones,1993-09-20,70.0,190,Auburn,00-0032580,2971027,537c88d4-c403-43f4-94a1-fdccea0ee24a,29875,11081,11217,,18177,3415,6,"https://static.www.nfl.com/image/private/f_auto,q_auto/league/qqzfconkweb0rlfookch",CB,18,REG,A01,Jonathan,JON495280,43700,32004a4f-4e49-5280-4eed-171301d538b0,2016,2016,,
2022,LV,DB,CB,21,CUT,Cre'von LeBlanc,Cre'von,LeBlanc,1994-07-25,70.0,190,Florida Atlantic,00-0032581,2982870,06a67b3c-d482-4767-b2ce-49edd8777525,29876,11362,11218,,18178,3416,6,"https://static.www.nfl.com/image/private/f_auto,q_auto/league/khkbxnxzsuvknlofejuq",,1,REG,A01,Cre'von,LEB612957,43701,32004c45-4261-2957-f315-21fddc57e6d6,2016,2016,,
2022,WAS,RB,RB,23,RES,J.D. McKissic,J.D.,McKissic,1993-08-15,70.0,195,Arkansas State,00-0032602,2572861,260e8f87-1d08-4c69-8e2b-afa825c1a68a,29650,11312,11047,McKiJ.00,18464,3664,6,"https://static.www.nfl.com/image/private/f_auto,q_auto/league/zi77vkqwrmklt5ic6lc6",,18,REG,R01,J.D.,MCK692580,43722,32004d43-4b69-2580-32dd-7823e00139ab,2016,2016,,
2022,WAS,WR,WR,19,DEV,Marken Michel,Marken,Michel,1993-04-06,71.0,190,Massachusetts,00-0032609,2591718,fa7983c1-408c-4aa5-9723-efbf039db351,29540,11501,10980,,18343,3568,6,"https://static.www.nfl.com/image/private/f_auto,q_auto/league/m2bdhvhfegetws94apcu",,18,REG,P01,Marken,MIC482945,43729,32004d49-4348-2945-12f5-eb47e63a05b8,2016,2016,,
2022,ATL,DB,CB,38,CUT,Lafayette Pitts,Lafayette,Pitts,1992-09-24,71.0,194,Pittsburgh,00-0032617,2576665,8cfce145-c6aa-40e0-b759-cad33237144a,29835,11596,11210,,18573,3761,6,"https://static.www.nfl.com/image/private/f_auto,q_auto/league/ybe0ixvgoqmc749ukmly",,1,REG,A01,Lafayette,PIT535262,43737,32005049-5453-5262-6cf9-60f5970d12a1,2016,2016,,
2022,ATL,WR,WR,83,CUT,Geronimo Allison,Geronimo,Allison,1994-01-18,75.0,202,Illinois,00-0032626,3115913,cadecca8-a102-43a5-9a0c-f7cef0b9a579,29719,10884,11141,,18269,3503,6,"https://static.www.nfl.com/image/private/f_auto,q_auto/league/fpm8migxc9l38ol5sziu",,1,REG,A01,Geronimo,ALL713965,43746,3200414c-4c71-3965-6283-5b398ba32110,2016,2016,,
2022,TEN,DB,SS,47,RES,Andrew Adams,Andrew,Adams,1993-08-28,71.0,202,Connecticut,00-0032637,2576599,23557a45-6dc7-43c8-a4c6-f53ae72ff660,29841,11527,11240,,18576,3764,6,"https://static.www.nfl.com/image/private/f_auto,q_auto/league/kr4tbgue7yhbhdp9iecq",,18,REG,R01,Andrew,ADA104253,43757,32004144-4110-4253-90b0-6732ffb3edf8,2016,2016,,
2022,DET,LB,OLB,95,ACT,Romeo Okwara,Romeo,Okwara,1995-06-17,76.0,263,Notre Dame,00-0032655,2980147,b53384f0-6eb8-4d50-80f5-a2f955183317,29867,11156,11250,,18268,3502,6,"https://static.www.nfl.com/image/private/f_auto,q_auto/league/nhjoafscsbmruroqbshb",EDGE,18,REG,A01,Romeo,OKW059326,43775,32004f4b-5705-9326-aeff-54de18212511,2016,2016,,
2022,BUF,DL,DT,96,DEV,Brandin Bryant,Brandin,Bryant,1993-09-16,74.0,294,Florida Atlantic,00-0032660,2982857,8b1be2ac-e483-4f39-9bf9-a81be33ac92e,29813,11557,11280,,18598,3785,6,"https://static.www.nfl.com/image/private/f_auto,q_auto/league/rksltgairgdkebuo3gvv",,20,DIV,P01,Brandin,BRY237018,43780,32004252-5923-7018-71d0-f9f12e894f72,2016,2016,,
2022,JAX,DL,DT,95,ACT,Roy Robertson-Harris,Roy,Robertson-Harris,1993-07-23,77.0,294,Texas-El Paso,00-0032667,2574891,36248cd5-f747-4960-b66a-a5d4f481e098,29920,11356,11341,,18292,3526,6,"https://static.www.nfl.com/image/private/f_auto,q_auto/league/m85qovon0bydtly18jjt",INTERIOR_LINE,20,DIV,A01,Roy,ROB360907,43787,3200524f-4236-0907-76e2-1ee576ba9fea,2016,2016,,
2022,LAC,K,K,12,DEV,Taylor Bertolet,Taylor,Bertolet,1992-10-24,69.0,188,Texas A&amp;M,00-0032669,2578718,63e63ae6-5a88-4b04-a3a0-5e0cb0404f95,29712,11568,,,18231,3467,6,"https://static.www.nfl.com/image/private/f_auto,q_auto/league/jx1lvhiw0241opz8dysp",,19,WC,P02,Taylor,BER775543,43789,32004245-5277-5543-2875-5ca81873cc9c,2016,2016,,
2022,LAC,DL,DE,56,ACT,Morgan Fox,Morgan,Fox,1994-09-12,75.0,275,Colorado State-Pueblo,00-0032671,3059620,ed54f1f3-65b8-4b54-8a64-81858ca9f50f,29714,11571,11184,,18555,3743,6,"https://static.www.nfl.com/image/private/f_auto,q_auto/league/x5j65uexqyw4c62s4x4m",INTERIOR_LINE,19,WC,A01,Morgan,FOX250058,43791,3200464f-5825-0058-dd0c-d6573ba1de33,2016,2016,,
2022,CAR,LB,OLB,55,ACT,Cory Littleton,Cory,Littleton,1993-11-18,75.0,228,Washington,00-0032677,2978304,385953af-6b16-42b8-9a58-23fd8d50d935,29718,11113,11190,,18559,3747,6,"https://static.www.nfl.com/image/private/f_auto,q_auto/league/co7mjepkzseqkecrhqz3",MLB,18,REG,A01,Cory,LIT776417,43797,32004c49-5477-6417-44c7-e5711e9c333a,2016,2016,,
2022,ARI,WR,WR,81,INA,Robby Anderson,Robby,Anderson,1993-05-09,75.0,190,Temple,00-0032688,2574808,e81fb788-1478-4936-ae12-f6ed7ec23476,29785,11191,11254,AndeRo04,18187,3423,6,"https://static.www.nfl.com/image/private/f_auto,q_auto/league/ymp4ipmdmmgi4omlw02f",,18,REG,A01,Robby,AND460305,43808,3200414e-4446-0305-58a8-61667bde4206,2016,2016,,
2022,SF,OL,C,64,ACT,Jake Brendel,Jacob,Brendel,1992-09-10,76.0,299,UCLA,00-0032701,,,,,,,,,6,"https://static.www.nfl.com/image/private/f_auto,q_auto/league/tsqdfhlaean5yw4bzocf",C,21,CON,A01,Jake,BRE273025,43821,32004252-4527-3025-f511-d9c5bdf338c5,2016,2016,,
2022,ARI,TE,TE,89,ACT,Stephen Anderson,Stephen,Anderson,1993-01-30,75.0,230,California,00-0032725,2576854,5cb0bf9c-03b4-4201-97c5-a59c6db50841,29789,10885,11160,AndeSt01,18262,3496,6,"https://static.www.nfl.com/image/private/f_auto,q_auto/league/inufsxftnotmpeot1lh2",TE,18,REG,A01,Stephen,AND491051,43845,3200414e-4449-1051-5eeb-e87aeb21ea6a,2016,2016,,
2022,HOU,K,K,7,ACT,Ka'imi Fairbairn,John,Fairbairn,1994-01-29,72.0,183,UCLA,00-0032726,2971573,203b60aa-cb94-499c-a4ca-d3c6b94dddc4,29792,11031,,,18215,3451,6,"https://static.www.nfl.com/image/private/f_auto,q_auto/league/qgshmlxzoo3m03ucaxcv",,18,REG,A01,Ka'imi,FAI144264,43846,32004641-4914-4264-2765-80ae068118ab,2016,2016,,
2022,MIA,LB,OLB,57,DEV,Brennan Scarlett,Brennan,Scarlett,1993-07-31,76.0,263,Stanford,00-0032734,2576885,5a422c26-d686-4ad2-af10-d7d691150e27,29807,11474,11169,,18545,3734,6,"https://static.www.nfl.com/image/private/f_auto,q_auto/league/auygeb68uz5qs6kfieib",,19,WC,P07,Brennan,SCA657962,43854,32005343-4165-7962-62e3-d034293e8420,2016,2016,,
2022,IND,LS,LS,46,ACT,Luke Rhodes,Luke,Rhodes,1992-12-02,74.0,238,William &amp; Mary,00-0032753,2566045,8da0fe32-1758-44ed-9acf-21b3721cbd0d,29588,11414,10940,,18381,3598,6,"https://static.www.nfl.com/image/private/f_auto,q_auto/league/gzbvrvzvlk616bovkkys",,18,REG,A01,Luke,RHO474400,43873,32005248-4f47-4400-14a1-b69d26c495ed,2016,2016,,
2022,NYJ,DL,DT,98,ACT,Sheldon Rankins,Sheldon,Rankins,1994-04-02,74.0,305,Louisville,00-0032759,2970204,3b1227f6-05c9-421f-a2c1-4c8f1368b80b,29246,11112,10646,RankSh00,17949,3188,6,"https://static.www.nfl.com/image/private/f_auto,q_auto/league/i3u6yg3pjksljugpb86f",INTERIOR_LINE,18,REG,A01,Sheldon,RAN676464,43301,32005241-4e67-6464-e53f-42a69e3df0f3,2016,2016,NO,12
2022,KC,DL,DT,95,ACT,Chris Jones,Christopher,Jones,1994-07-03,78.0,308,Mississippi State,00-0032762,3044859,ef7b5ce8-a929-46be-b9f3-328752c6d125,29271,11074,10671,JoneCh09,18331,3558,6,"https://static.www.nfl.com/image/private/f_auto,q_auto/league/gsehvu9n43li10uyycxv",INTERIOR_LINE,22,SB,A01,Chris,JON162595,43326,32004a4f-4e16-2595-4a1d-89da02ce049b,2016,2016,KC,37
2022,LAC,DL,NT,98,RES,Austin Johnson,Austin,Johnson,1994-05-08,76.0,314,Penn State,00-0032763,2979591,014038bd-e9b7-476f-b7bd-bd78a46a9a57,29277,11071,10677,JohnAu01,18333,3560,6,"https://static.www.nfl.com/image/private/f_auto,q_auto/league/hlyd6pqhr4zfv9imyt24",,19,WC,R01,Austin,JOH064658,43332,32004a4f-4806-4658-caab-6f63e09bc955,2016,2016,TEN,43
2022,TEN,RB,RB,22,ACT,Derrick Henry,Derrick,Henry,1994-01-04,75.0,247,Alabama,00-0032764,3043078,87c481c7-7414-43cc-82df-19ca0c2ae22e,29279,10819,10679,HenrDe00,17959,3198,6,"https://static.www.nfl.com/image/private/f_auto,q_auto/league/lvdvmkqltz7zz7fjtopr",RB,18,REG,A01,Derrick,HEN602843,43334,32004845-4e60-2843-9b64-3cd8fac319c3,2016,2016,TEN,45
2022,NO,WR,WR,13,RES,Michael Thomas,Michael,Thomas,1993-03-03,75.0,212,Ohio State,00-0032765,2976316,90c1756d-1f47-41b7-89fe-b113c9850bc1,29281,10759,10681,ThomMi05,17960,3199,6,"https://static.www.nfl.com/image/private/f_auto,q_auto/league/vnfqnppl5thavzfyl3rt",,18,REG,R01,Michael,THO308912,43336,32005448-4f30-8912-926a-d25d51327661,2016,2016,NO,47
2022,IND,OL,T,69,CUT,Jason Spriggs,Jason,Spriggs,1994-05-17,78.0,301,Indiana,00-0032766,,,,,,,,,6,"https://static.www.nfl.com/image/private/f_auto,q_auto/league/qds8oiiybnr1lgcajtob",,1,REG,A01,Jason,SPR150252,43337,32005350-5215-0252-7d93-dd095a1e8449,2016,2016,GB,48
2022,CHI,OL,G,65,ACT,Cody Whitehair,Cody,Whitehair,1992-07-11,75.0,309,Kansas State,00-0032768,,,,,,,,,6,"https://static.www.nfl.com/image/private/f_auto,q_auto/league/k8nm5jrddihkpquhvdwj",G,18,REG,A01,Cody,WHI617078,43345,32005748-4961-7078-d810-97c67d57a346,2016,2016,CHI,56
2022,CHI,DB,CB,25,CUT,Tavon Young,Tavon,Young,1994-03-14,69.0,185,Temple,00-0032770,2976244,1880777d-9908-4a32-a492-264b4fec967d,29338,10889,10738,YounTa01,18027,3266,6,"https://static.www.nfl.com/image/private/f_auto,q_auto/league/aemzuxgenmqo1xpmogee",,2,REG,R01,Tavon,TOU297968,43393,3200544f-5529-7968-7f40-0f008a16f028,2016,2016,BAL,104
2022,TB,DB,CB,33,CUT,Ryan Smith,Ryan,Smith,1993-09-07,71.0,190,North Carolina Central,00-0032772,2574666,479b4819-3377-4255-9156-c1ce82cbf1d4,29342,11178,10742,SmitRy00,18332,5547,6,"https://static.www.nfl.com/image/private/f_auto,q_auto/league/rr2dson0ucuhmzizbjry",,14,REG,P07,Ryan,SMI697570,43397,3200534d-4969-7570-1b00-ffa65b496420,2016,2016,TB,108
2022,ATL,LB,ILB,53,ACT,Nick Kwiatkoski,Nicholas,Kwiatkoski,1993-05-26,74.0,242,West Virginia,00-0032773,2581818,6e16ec27-2cd9-49b6-848a-df17d654683d,29347,11098,10747,KwiaNi00,18035,3274,6,"https://static.www.nfl.com/image/private/f_auto,q_auto/league/y4kxbbep5gxsvsdjjdnf",,18,REG,A01,Nick,KWI059326,43402,32004b57-4905-9326-3c1f-c16165bd8c39,2016,2016,CHI,113
2022,KC,DB,SS,26,ACT,Deon Bush,Deon,Bush,1993-08-14,72.0,200,Miami,00-0032774,2969944,abb612d4-f5b9-4644-b9ed-f13fa0da7e98,29358,10930,10758,BushDe00,18045,3284,6,"https://static.www.nfl.com/image/private/f_auto,q_auto/league/wilaohcnerjgcr0gpw8q",SLOT_CB,22,SB,A01,Deon,BUS216856,43413,32004255-5321-6856-7188-bf3ce3fe93af,2016,2016,CHI,124
2022,BAL,WR,WR,10,ACT,Demarcus Robinson,Demarcus,Robinson,1994-09-21,73.0,203,Florida,00-0032775,3043116,46b16198-116f-4913-85db-2bc21462bd66,29360,11163,10760,RobiDe01,18047,3286,6,"https://static.www.nfl.com/image/private/f_auto,q_auto/league/ceqqkylismka583qo9kk",WR,19,WC,A01,Demarcus,ROB399065,43415,3200524f-4239-9065-1db8-5ff5da8a3829,2016,2016,KC,126
2022,SF,WR,WR,88,CUT,Tajae Sharpe,Tajae,Sharpe,1994-12-23,76.0,194,Massachusetts,00-0032778,2982828,b4e5a9af-6d00-4d51-9bb9-c7d5f69898df,29374,11003,10774,SharTa00,18058,3297,6,"https://static.www.nfl.com/image/private/f_auto,q_auto/league/c8fgfxrl2gmdv8thgw1p",,12,REG,P02,Tajae,SHA495155,43429,32005348-4149-5155-e7a8-969107ac4215,2016,2016,TEN,140
2022,NO,RB,RB,28,CUT,Jordan Howard,Jordan,Howard,1994-11-02,72.0,224,Indiana,00-0032780,3060022,4b09ab09-1457-4c9d-a99d-6a03d8e76c76,29384,10815,10784,HowaJo00,18067,3306,6,"https://static.www.nfl.com/image/private/f_auto,q_auto/league/nbvb6bsrmjupmqrrf1n4",,11,REG,P07,Jordan,HOW239418,43439,3200484f-5723-9418-9826-088b7176f34d,2016,2016,CHI,150
2022,CAR,DL,DT,99,INA,Matt Ioannidis,Matthew,Ioannidis,1994-01-11,75.0,310,Temple,00-0032781,2976263,0777efdd-14bf-4561-bbb4-20f926fe115c,29386,11063,10786,,18069,3308,6,"https://static.www.nfl.com/image/private/f_auto,q_auto/league/lpssqcmedzhumg82rpex",,18,REG,A01,Matt,IOA458455,43441,3200494f-4145-8455-17d8-f458d41d165e,2016,2016,WAS,152
2022,TEN,QB,QB,16,DEV,Kevin Hogan,Kevin,Hogan,1992-10-20,75.0,218,Stanford,00-0032784,2577128,cd571cfc-9b44-4b69-a801-431db9aaa85e,29396,11058,10796,HogaKe00,18079,3318,6,"https://static.www.nfl.com/image/private/f_auto,q_auto/league/cuyxl0uprwddruvea1ma",,18,REG,P07,Kevin,HOG022742,43451,3200484f-4702-2742-4971-4e8dcf0d2a1f,2016,2016,KC,162
2022,DET,OL,G,72,RES,Halapoulivaati Vaitai,Halapoulivaati,Vaitai,1993-06-16,78.0,320,Texas Christian,00-0032785,,,,,,,,,6,"https://static.www.nfl.com/image/private/f_auto,q_auto/league/mbknoliu5vdmisqtvfqa",,18,REG,R01,Halapoulivaati,VAI626496,43453,32005641-4962-6496-efba-b4cd7920840e,2016,2016,PHI,164
2022,LA,OL,C,50,DEV,Cole Toner,Cole,Toner,1994-03-13,77.0,300,Harvard,00-0032787,,,,,,,,,6,"https://static.www.nfl.com/image/private/f_auto,q_auto/league/vg7jnihyyljkmncjir0k",,18,REG,P07,Cole,TON357148,43459,3200544f-4e35-7148-9f10-4908252ecc44,2016,2016,ARI,170
2022,DAL,LB,OLB,51,RES,Devante Bond,Devante,Bond,1993-07-03,73.0,236,Oklahoma,00-0032789,3116368,bd6ca667-99e9-42ea-9be7-a680945eece9,29417,10912,10817,BondDe00,18100,3339,6,"https://static.www.nfl.com/image/private/f_auto,q_auto/league/viqme6jrrgc8cjtk9gii",,20,DIV,R01,Devante,BON136909,43472,3200424f-4e13-6909-a42f-c215a8bb16ac,2016,2016,TB,183
2022,CHI,DB,FS,36,ACT,DeAndre Houston-Carson,DeAndre,Houston-Carson,1993-04-13,72.0,202,William &amp; Mary,00-0032790,2566034,43ccb78e-353d-4d0b-ac51-4103415a568c,29419,11060,10819,HousDe00,18102,3341,6,"https://static.www.nfl.com/image/private/f_auto,q_auto/league/fxpb4ojlixre6s7tn5ru",SLOT_CB,18,REG,A01,DeAndre,HOU781909,43474,3200484f-5578-1909-bcd4-71903295ddc9,2016,2016,CHI,185
2022,CLE,WR,WR,9,RES,Jakeem Grant,Jakeem,Grant,1992-10-30,66.0,169,Texas Tech,00-0032791,2577641,5de11f0b-8da9-42ba-9a93-db7f0a58543b,29420,10990,10820,GranJa00,18103,3342,6,"https://static.www.nfl.com/image/private/f_auto,q_auto/league/f2ujcvb61rknhjyxcrsu",,18,REG,R01,Jakeem,GRA443889,43475,32004752-4144-3889-2927-1b651b380f48,2016,2016,MIA,186
2022,DET,QB,QB,10,ACT,Nate Sudfeld,Nathan,Sudfeld,1993-10-07,78.0,227,Indiana,00-0032792,2979501,e1c506bd-9e36-45e7-b2b9-fff6a9728a06,29421,11187,10821,SudfNa00,18104,3343,6,"https://static.www.nfl.com/image/private/f_auto,q_auto/league/hkdg1jfalmidumbnte9b",,18,REG,A01,Nate,SUD197144,43476,32005355-4419-7144-f452-fa8c30a99f40,2016,2016,WAS,187
2022,MIA,WR,WR,89,CUT,Cody Core,Cody,Core,1994-04-17,75.0,205,Mississippi,00-0032795,2980378,fa6b16fe-d3cd-4296-a0e6-03ad13d27a57,29433,10981,10833,CoreCo00,18116,3355,6,"https://static.www.nfl.com/image/private/f_auto,q_auto/league/aan5zyvrcyn0wfeh2xdi",,1,REG,A01,Cody,COR258226,43488,3200434f-5225-8226-f861-d9846eff095d,2016,2016,CIN,199
2022,NE,DB,CB,2,INA,Jalen Mills,Jalen,Mills,1994-04-06,72.0,191,Louisiana State,00-0032803,2976540,12563365-b4aa-4b85-93a3-b220c8212707,29467,11137,10867,MillJa02,18149,3388,6,"https://static.www.nfl.com/image/private/f_auto,q_auto/league/fjmlkslak1bfblpnbqrv",,18,REG,A01,Jalen,MIL688675,43522,32004d49-4c68-8675-144f-40ee3d9b3d2b,2016,2016,PHI,233
2022,MIA,DB,SS,42,ACT,Clayton Fejedelem,Clayton,Fejedelem,1993-06-02,73.0,205,Illinois,00-0032807,3042455,94001c44-9eea-4d2b-a766-079ddcb2e8b0,29479,11244,10879,FejeCl00,18161,3400,6,"https://static.www.nfl.com/image/private/f_auto,q_auto/league/mlxzah8tensxhgwc7z3x",,19,WC,A01,Clayton,FEJ177981,43534,32004645-4a17-7981-cf63-858797e9ee7a,2016,2016,CIN,245
2022,ARI,LB,ILB,59,CUT,Joe Walker,Joseph,Walker,1992-12-11,74.0,236,Oregon,00-0032809,3043184,897fc741-34bd-4f34-a1ed-125d56805b70,29485,11247,10885,WalkJo01,18167,3406,6,"https://static.www.nfl.com/image/private/f_auto,q_auto/league/atg9crnzdxhx8cya6eh0",,1,REG,A01,Joe,WAL224854,43540,32005741-4c22-4854-9b76-2dca787a53ac,2016,2016,PHI,251
2022,ARI,TE,TE,36,RES,Alex Ellis,Alexander,Ellis,1993-02-10,76.0,245,Tennessee,00-0032864,2577731,81fb7fa0-7ad9-4ef4-bc33-9df9574714e5,29944,11397,11326,,18642,3824,6,"https://static.www.nfl.com/image/private/f_auto,q_auto/league/cnnffo0p74ph8slvtasw",,1,REG,R42,Alex,ELL403440,43931,3200454c-4c40-3440-7dc1-4f180cb5fb6e,2016,2016,,
2022,DET,K,K,13,CUT,Aldrick Rosas,Aldrick,Rosas,1994-12-30,74.0,221,Southern Oregon,00-0032870,3068939,8fb2ca06-3d13-4552-98e0-7b913b4ab5b9,29949,11403,11331,,18645,3827,6,"https://static.www.nfl.com/image/private/f_auto,q_auto/league/jyjstniyvbv82ihgml4w",,3,REG,P02,Aldrick,ROS046718,43937,3200524f-5304-6718-9314-6f1fe3d632b7,2016,2016,,
2022,ARI,DL,DT,92,CUT,Antwaun Woods,Antwaun,Woods,1993-01-03,73.0,318,Southern California,00-0032871,2577278,6575474c-d106-406f-9b90-ef9b598a213d,29950,10942,11332,,18244,3479,6,"https://static.www.nfl.com/image/private/f_auto,q_auto/league/qdd3dcj1cukyqvxzn1zx",,18,REG,P02,Antwaun,WOO412059,43938,3200574f-4f41-2059-3719-c01a1b29ff85,2016,2016,,
2022,SF,DB,CB,14,CUT,Ken Crawley,Kenneth,Crawley,1993-02-08,73.0,180,Colorado,00-0032875,2979612,f12ecfb0-085f-42d6-b063-97f0bc4fd5ee,29842,10986,11224,,18190,3426,6,"https://static.www.nfl.com/image/private/f_auto,q_auto/league/aobwnrjrxizyovaox0ma",,1,REG,A01,Ken,CRA805255,43942,32004352-4180-5255-6380-03d258168107,2016,2016,,
2022,PIT,DB,SS,38,RES,Karl Joseph,Karl,Joseph,1993-09-08,70.0,200,West Virginia,00-0032888,2976639,741c1ab2-378b-45ce-86c7-533e6a031f22,29248,11082,10648,JoseKa00,17952,3191,6,"https://static.www.nfl.com/image/private/f_auto,q_auto/league/owp3ymcd9oo2veexzuhr",,18,REG,R01,Karl,JOS219381,43303,32004a4f-5321-9381-a66d-a3ef93d98b40,2016,2016,OAK,14
2022,LA,DL,DT,94,RES,A'Shawn Robinson,A'Shawn,Robinson,1995-03-21,76.0,330,Alabama,00-0032889,3054857,3f44e069-a9c7-40dc-bfa9-cd403ee9cdbd,29280,11162,10680,RobiAS00,17979,3218,6,"https://static.www.nfl.com/image/private/f_auto,q_auto/league/lkvxf0xof6zpf2vcbwfi",,18,REG,R01,A'Shawn,ROB367960,43335,3200524f-4236-7960-bf20-bc060ac0f49c,2016,2016,DET,46
2022,PHI,DB,CB,24,ACT,James Bradberry,James,Bradberry,1993-08-04,73.0,212,Samford,00-0032890,2572841,0db6df51-945b-4123-a790-0ba9d0473415,29296,10916,10696,BradJa00,17992,3231,6,"https://static.www.nfl.com/image/private/f_auto,q_auto/league/oy9lr6odpxpeegw9rlji",CB,22,SB,A01,James,BRA092789,43351,32004252-4109-2789-d0bf-75f0393641e8,2016,2016,CAR,62
2022,BAL,DB,CB,41,ACT,Daryl Worley,Daryl,Worley,1995-02-22,73.0,215,West Virginia,00-0032891,3042436,cbce4c7c-b22f-48de-b653-cdc19f9a6320,29311,10941,10711,WorlDa00,18007,3246,6,"https://static.www.nfl.com/image/private/f_auto,q_auto/league/ywyvelzjll4cayisww3p",CB,19,WC,A01,Daryl,WOR616410,43366,3200574f-5261-6410-d895-940efbad622c,2016,2016,CAR,77
2022,ARI,LB,ILB,59,RES,Nick Vigil,Nicholas,Vigil,1993-08-20,74.0,235,Utah State,00-0032892,2971816,c44b31cd-0480-4aa0-b500-12e9ba0765ac,29321,10948,10721,VigiNi00,18015,3254,6,"https://static.www.nfl.com/image/private/f_auto,q_auto/league/bbtmavgq9w6ypqohlu4h",,18,REG,R01,Nick,VIG247556,43376,32005649-4724-7556-ed99-df36a6a1d2b2,2016,2016,CIN,87
2022,PIT,RB,FB,44,ACT,Derek Watt,Derek,Watt,1992-11-07,74.0,234,Wisconsin,00-0032897,2576450,7a3d664b-e4d7-48e8-899d-5f7db6ecc4e4,29432,11232,10832,WattDe00,18115,3354,6,"https://static.www.nfl.com/image/private/f_auto,q_auto/league/jrhk6npb7u3tmgzt7rwn",TE,18,REG,A01,Derek,WAT563597,43487,32005741-5456-3597-eefb-60a6364b9187,2016,2016,SD,198
2022,MIN,RB,FB,30,ACT,C.J. Ham,Cortez,Ham,1993-07-22,71.0,235,"Augustana, S.D.",00-0032918,4012556,971fc9e5-bebb-4a2c-a822-8c52f92a3d07,29951,11599,11347,HamxC.00,18652,3832,6,"https://static.www.nfl.com/image/private/f_auto,q_auto/league/hlpgajcnfj1kcemltu5f",FB,19,WC,A01,C.J.,HAM006291,43971,32004841-4d00-6291-f7a2-2bea51f90d48,2016,2016,,
2022,ARI,DB,CB,33,INA,Antonio Hamilton,Antonio,Hamilton,1993-01-24,72.0,190,South Carolina State,00-0032933,3056354,9bc107dc-1920-49db-b009-436d1a77955d,29957,11518,11353,,18658,3838,6,"https://static.www.nfl.com/image/private/f_auto,q_auto/league/bu5rqslhgzcuk6yldzcj",,18,REG,A01,Antonio,HAM184824,43986,32004841-4d18-4824-5017-25555a65166e,2016,2016,,
2022,CIN,DB,SS,24,ACT,Vonn Bell,Vonn,Bell,1994-12-12,71.0,205,Ohio State,00-0032939,3051388,656b68e1-651d-4596-8f6d-c97b4e4d9536,29295,10905,10695,BellVo00,17991,3230,6,"https://static.www.nfl.com/image/private/f_auto,q_auto/league/iljv4a5pu9wtxtpdf8fl",SAFETY,21,CON,A01,Vonn,BEL626378,43350,32004245-4c62-6378-1bac-df0e819ef17d,2016,2016,NO,61
2022,BAL,DB,CB,25,ACT,Kevon Seymour,Kevon,Seymour,1993-11-30,72.0,185,Southern California,00-0032942,2971603,e431a42b-5abe-49de-9c8c-f143f393591c,29452,11170,10852,SeymKe00,18135,3374,6,"https://static.www.nfl.com/image/private/f_auto,q_auto/league/brur4ibefh2pwvfewsns",,19,WC,A01,Kevon,SEY438361,43507,32005345-5943-8361-15e0-b84f3db63242,2016,2016,BUF,218
2022,LA,P,P,11,ACT,Riley Dixon,Riley,Dixon,1993-08-24,76.0,221,Syracuse,00-0032943,2577619,f45835c5-aa9e-4e32-b545-20d1e322fe8f,29462,11022,10862,DixoRi00,18144,3383,6,"https://static.www.nfl.com/image/private/f_auto,q_auto/league/rbuamcn6pk5a8y6dpwzj",,18,REG,A01,Riley,DIX641722,43517,32004449-5864-1722-3434-6401bfab8afa,2016,2016,DEN,228
2022,WAS,QB,QB,11,INA,Carson Wentz,Carson,Wentz,1992-12-30,77.0,237,North Dakota State,00-0032950,2573079,e9a5c16b-4472-4be9-8030-3f77be7890cb,29236,10856,10636,WentCa00,17920,3161,6,"https://static.www.nfl.com/image/private/f_auto,q_auto/league/indtay8ngoq8ubhhydbp",,18,REG,A01,Carson,WEN615770,43291,32005745-4e61-5770-9c68-1652f876bc72,2016,2016,PHI,2
2022,SEA,WR,WR,18,ACT,Laquon Treadwell,Laquon,Treadwell,1995-06-14,74.0,215,Mississippi,00-0032951,3051889,2e0badcd-b78c-40ee-a83b-a1bbb36bc545,29257,10739,10657,TreaLa00,17914,3155,6,"https://static.www.nfl.com/image/private/f_auto,q_auto/league/q2l8mscuqmztmyjjz7bw",WR,19,WC,A01,Laquon,TRE425415,43312,32005452-4542-5415-7fdd-740fe9181fcb,2016,2016,MIN,23
2022,CIN,DL,DE,52,CUT,Noah Spence,Noah,Spence,1994-01-08,74.0,251,Eastern Kentucky,00-0032952,2976313,ddde7b09-faa0-4fc4-a45e-aa38c3905f6d,29273,11180,10673,SpenNo00,17956,3195,6,"https://static.www.nfl.com/image/private/f_auto,q_auto/league/vxxxto3x9ynxu48plg4e",,1,REG,A01,Noah,SPE433467,43328,32005350-4543-3467-e283-0f631196f0b6,2016,2016,TB,39
2022,PHI,OL,G,56,ACT,Isaac Seumalo,Isaac,Seumalo,1993-10-29,76.0,303,Oregon State,00-0032954,,,,,,,,,6,"https://static.www.nfl.com/image/private/f_auto,q_auto/league/ds71x9qdsq9sfq8bg0fv",G,22,SB,A01,Isaac,SEU306003,43368,32005345-5530-6003-d964-c18cd95b904b,2016,2016,PHI,79
2022,BAL,LB,OLB,52,DEV,Kyler Fackrell,Kyler,Fackrell,1991-11-25,77.0,245,Utah State,00-0032955,2574229,d073c3c0-b9b0-4382-84d0-5de88a427ad6,29322,11030,10722,FackKy00,18016,3255,6,"https://static.www.nfl.com/image/private/f_auto,q_auto/league/stc6dn3vpwl5vagaf8tx",,2,REG,P07,Kyler,FAC355963,43377,32004641-4335-5963-baa6-187c3472147d,2016,2016,GB,88
2022,HOU,RB,FB,41,CUT,Andy Janovich,Andy,Janovich,1993-05-23,73.0,238,Nebraska,00-0032956,2974317,2c35ed5f-7317-4776-8ee7-0438e0286508,29410,11068,10810,JanoAn00,18093,3332,6,"https://static.www.nfl.com/image/private/f_auto,q_auto/league/w4nnz0yrfilgpexcseqy",,1,REG,A01,Andy,JAN605717,43465,32004a41-4e60-5717-6f99-070b55ee70e7,2016,2016,DEN,176
2022,NYJ,DB,FS,39,ACT,Will Parks,William,Parks,1994-07-29,72.0,194,Arizona,00-0032958,2971248,8a214c9b-8c31-48d0-a83a-039ec6ddbd9d,29453,11237,10853,ParkWi01,18134,3373,6,"https://static.www.nfl.com/image/private/f_auto,q_auto/league/lfhinmy4ca72xl7c9ead",SAFETY,18,REG,A01,Will,PAR567787,43508,32005041-5256-7787-28bf-b8cbc7190eae,2016,2016,DEN,219
2022,BAL,OL,T,79,ACT,Ronnie Stanley,Ronnie,Stanley,1994-03-18,78.0,315,Notre Dame,00-0032965,,,,,,,,,6,"https://static.www.nfl.com/image/private/f_auto,q_auto/league/mqtsbtqymbo7dq4uqwlm",T,19,WC,A01,Ronnie,STA458230,43295,32005354-4145-8230-6d67-2a4d1dc0dc12,2016,2016,BAL,6
2022,KC,WR,WR,19,CUT,Corey Coleman,Corey,Coleman,1994-07-06,71.0,185,Baylor,00-0032966,2978929,6efb8027-b537-4dd1-883f-459450708ad4,29249,10817,10649,ColeCo00,17938,3177,6,"https://static.www.nfl.com/image/private/f_auto,q_auto/league/yawvrg2sh7ryru2z2kwe",,5,REG,P07,Corey,COL232728,43304,3200434f-4c23-2728-6b2b-151b26d6b37b,2016,2016,CLE,15
2022,NYG,DL,DT,91,DEV,Vernon Butler,Vernon,Butler,1994-06-14,76.0,330,Louisiana Tech,00-0032967,2971883,73e84e89-4bd3-480e-b862-68502c8c295a,29264,10931,10664,ButlVe00,17944,3183,6,"https://static.www.nfl.com/image/private/f_auto,q_auto/league/pqfkvozoilcjcrnjgmrd",,20,DIV,P07,Vernon,BUT599965,43319,32004255-5459-9965-a779-9f97c4e4b972,2016,2016,CAR,30
2022,PIT,LB,ILB,51,ACT,Myles Jack,Myles,Jack,1995-09-03,73.0,244,UCLA,00-0032968,3047566,66e776e7-f354-4939-835b-a23dc889c6ae,29270,11064,10670,JackMy00,17925,3166,6,"https://static.www.nfl.com/image/private/f_auto,q_auto/league/snqammtqrlvcsml5kbx2",MLB,18,REG,A01,Myles,JAC008463,43325,32004a41-4300-8463-68da-a616650bb95d,2016,2016,JAX,36
2022,WAS,OL,C,60,ACT,Nick Martin,Nicolas,Martin,1993-04-29,76.0,300,Notre Dame,00-0032969,,,,,,,,,6,"https://static.www.nfl.com/image/private/f_auto,q_auto/league/e2vj7s5hlbsjd5le7xvo",,18,REG,A01,Nick,MAR685408,43339,32004d41-5268-5408-eb34-9cdf29b7867a,2016,2016,HOU,50
2022,LV,DL,DE,94,RES,Jordan Jenkins,Jordan,Jenkins,1994-07-01,75.0,259,Georgia,00-0032970,2977647,ae3bb00f-84e8-439f-ab56-38c6838b8b97,29317,11070,10717,JenkJo01,18012,3251,6,"https://static.www.nfl.com/image/private/f_auto,q_auto/league/dwdlmnbznpvpudy545ft",,18,REG,R01,Jordan,JEN295944,43372,32004a45-4e29-5944-da05-a9f046abd0ea,2016,2016,NYJ,83
2022,DEN,DB,FS,31,ACT,Justin Simmons,Justin,Simmons,1993-11-19,74.0,202,Boston College,00-0032971,2969860,2df474e5-7117-4650-8d53-34b3fd0f1bbb,29332,11174,10732,SimmJu00,18023,3262,6,"https://static.www.nfl.com/image/private/f_auto,q_auto/league/qcf9y2ancc6bqqi6czqt",SAFETY,18,REG,A01,Justin,SIM248681,43387,32005349-4d24-8681-e7e9-18cf2a85b8b9,2016,2016,DEN,98
2022,WAS,RB,RB,41,ACT,Jonathan Williams,Jonathan,Williams,1994-02-02,72.0,217,Arkansas,00-0032975,2980077,697200ea-cabb-40b8-aeac-e52763310306,29390,10851,10790,WillJo07,18073,3312,6,"https://static.www.nfl.com/image/private/f_auto,q_auto/league/o0ll0fn386kqzwbgqn9q",RB,18,REG,A01,Jonathan,WIL384555,43445,32005749-4c38-4555-6a9c-d6163c44fa20,2016,2016,BUF,156
2022,CAR,WR,WR,17,INA,Rashard Higgins,Rashard,Higgins,1994-10-07,73.0,198,Colorado State,00-0032977,3042910,7e34053d-00bf-4f3f-a464-329c8f5057d0,29406,10830,10806,HiggRa00,18089,3328,6,"https://static.www.nfl.com/image/private/f_auto,q_auto/league/mdn4he3iuc2mwx3cfvfj",,18,REG,A01,Rashard,HIG322107,43461,32004849-4732-2107-8b68-79212110bd89,2016,2016,CLE,172
2022,NYG,WR,WR,84,ACT,Marcus Johnson,Marcus,Johnson,1994-08-05,73.0,207,Texas,00-0032980,2971718,fcfa9d4b-3e09-46ac-b4b6-77d70a5f304c,29678,11534,11074,JohnMa07,18209,3445,6,"https://static.www.nfl.com/image/private/f_auto,q_auto/league/pwq2yi4ewqtsx6buynay",WR,20,DIV,A01,Marcus,JOH490446,44003,32004a4f-4849-0446-9fc1-0d959fdf39c6,2016,2016,,
2022,NO,TE,TE,88,INA,J.P. Holtz,John,Holtz,1993-08-28,75.0,240,Pittsburgh,00-0032986,2970262,8d3ac8d8-e18f-4485-acc6-55c79adcc2a8,29666,11364,11062,HoltJ.01,18498,3695,6,"https://static.www.nfl.com/image/private/f_auto,q_auto/league/qmr1ixr4moaj0cri78sq",,18,REG,A01,J.P.,HOL774674,44009,3200484f-4c77-4674-d9ab-0e999715186d,2016,2016,,
2022,NYG,WR,WR,4,DEV,Jaydon Mickens,Jaydon,Mickens,1994-04-21,71.0,170,Washington,00-0033006,2978308,a0498a95-9dc3-4df5-8f51-a1564fb3de57,29978,11213,11371,MickJa01,18673,3852,6,"https://static.www.nfl.com/image/private/f_auto,q_auto/league/hjpk7acwmiflpfs0zop8",,20,DIV,P07,Jaydon,MIC746298,44029,32004d49-4374-6298-9711-0155a4a97adf,2016,2016,,
2022,CIN,WR,WR,83,ACT,Tyler Boyd,Tyler,Boyd,1994-11-15,74.0,203,Pittsburgh,00-0033009,3045144,76a5edec-5ff7-49fa-a8ec-5768a372279d,29288,10822,10689,BoydTy00,17986,3225,6,"https://static.www.nfl.com/image/private/f_auto,q_auto/league/kzzhrm9gbefdpobngtzq",SLOT_WR,21,CON,A01,Tyler,BOY378353,43344,3200424f-5937-8353-b941-dfa7122ba16b,2016,2016,CIN,55
2022,MIN,DL,DT,92,CUT,Sheldon Day,Sheldon,Day,1994-07-01,73.0,294,Notre Dame,00-0033010,2976194,82fcb439-d5da-4f6b-a68c-17778fe19ce4,29337,11019,10737,DayxSh00,18026,3265,6,"https://static.www.nfl.com/image/private/f_auto,q_auto/league/i2gh05uxbvacyknpibpb",,19,WC,P07,Sheldon,DAY392066,43392,32004441-5939-2066-6870-59284ca7aa4a,2016,2016,JAX,103
2022,NYJ,OL,C,60,ACT,Connor McGovern,Connor,McGovern,1993-04-27,76.0,306,Missouri,00-0033011,,,,,,,,,6,"https://static.www.nfl.com/image/private/f_auto,q_auto/league/htrtzhdmngmxakiodnzo",C,18,REG,A01,Connor,MCG526326,43433,32004d43-4752-6326-78aa-3927e53a565c,2016,2016,DEN,144
2022,HOU,DB,FS,23,ACT,Eric Murray,Eric,Murray,1994-01-07,71.0,199,Minnesota,00-0033038,2970716,16e4ffec-959d-4210-8702-36c0bf20dda5,29340,11141,10740,MurrEr00,18029,3268,6,"https://static.www.nfl.com/image/private/f_auto,q_auto/league/zzmgaexhjbgyfar6ap4m",SAFETY,18,REG,A01,Eric,MUR615618,43395,32004d55-5261-5618-172a-cd1feb295e6e,2016,2016,KC,106
2022,MIA,WR,WR,10,ACT,Tyreek Hill,Tyreek,Hill,1994-03-01,70.0,185,West Alabama,00-0033040,3116406,01d8aee3-e1c4-4988-970a-8c0c2d08bd83,29399,11222,10799,HillTy00,18082,3321,6,"https://static.www.nfl.com/image/private/f_auto,q_auto/league/lsszbdnkusxc7mduw5be",WR,19,WC,A01,Tyreek,HIL628694,43454,32004849-4c62-8694-8490-45499711dee4,2016,2016,KC,165
2022,DAL,RB,RB,21,ACT,Ezekiel Elliott,Ezekiel,Elliott,1995-07-22,72.0,228,Ohio State,00-0033045,3051392,bef8b2b4-78bd-4a4d-bb5d-6b55ada9ef6a,29238,10736,10638,ElliEz00,17923,3164,6,"https://static.www.nfl.com/image/private/f_auto,q_auto/league/eazag7iwciy9ari8hoju",RB,20,DIV,A01,Ezekiel,ELL289284,43293,3200454c-4c28-9284-cdcc-74694c8d1749,2016,2016,DAL,4
2022,NYG,LB,OLB,55,ACT,Jihad Ward,Jihad,Ward,1994-05-11,77.0,287,Illinois,00-0033046,3115914,852b00dd-fd1c-4edb-809d-912a6472cd07,29278,10891,10678,WardJi02,17978,3217,6,"https://static.www.nfl.com/image/private/f_auto,q_auto/league/v1fkckgz69sciqrczc95",EDGE,20,DIV,A01,Jihad,WAR208421,43333,32005741-5220-8421-e203-445db831af6b,2016,2016,OAK,44
2022,DAL,DB,CB,3,RES,Anthony Brown,Anthony,Brown,1993-12-15,71.0,196,Purdue,00-0033047,2977756,6445ca00-93b4-46d8-8ac6-451ae70a75f5,29423,10921,10823,BrowAn02,18106,3345,6,"https://static.www.nfl.com/image/private/f_auto,q_auto/league/tmhsr1mo4w0gtegf5p0l",,20,DIV,R01,Anthony,BRO266417,43478,32004252-4f26-6417-50b1-3b13a5b426b0,2016,2016,DAL,189
2022,MIA,DB,CB,25,ACT,Xavien Howard,Xavien,Howard,1993-07-04,73.0,200,Baylor,00-0033050,2978935,e6bcb4f1-c2c8-4dd9-b826-af01182875f2,29272,11061,10672,HowaXa00,17976,3215,6,"https://static.www.nfl.com/image/private/f_auto,q_auto/league/g4myxijazrrtjcnyfavz",CB,19,WC,A01,Xavien,HOW492325,43327,3200484f-5749-2325-c337-b01052c7002e,2016,2016,MIA,38
2022,NO,DL,DT,93,ACT,David Onyemata,David,Onyemata,1992-11-08,76.0,300,"Manitoba, Can.",00-0033051,4002046,08d27d1a-e039-4ccc-9ba7-65a22f6002fd,29354,11219,10754,OnyeDa00,18042,3281,6,"https://static.www.nfl.com/image/private/f_auto,q_auto/league/bz0an0espvoddhvvoeef",INTERIOR_LINE,18,REG,A01,David,ONY164481,43409,32004f4e-5916-4481-9c60-dd4f4e644838,2016,2016,NO,120
2022,NYG,LB,MLB,54,ACT,Jaylon Smith,Jaylon,Smith,1995-06-14,74.0,245,Notre Dame,00-0033052,3052896,0bf6b11f-920a-4ced-9a69-0b4afc5df36f,29268,10801,10668,SmitJa05,17926,3167,6,"https://static.www.nfl.com/image/private/f_auto,q_auto/league/ilv9lk1oroz0pzl9echt",MLB,20,DIV,A01,Jaylon,SMI390302,43323,3200534d-4939-0302-215d-efdf00ed35e0,2016,2016,DAL,34
2022,LA,DB,CB,5,ACT,Jalen Ramsey,Jalen,Ramsey,1994-10-24,73.0,208,Florida State,00-0033055,3045373,ca53fda9-d20a-4bc7-b8dc-deef28355399,29239,11111,10639,RamsJa00,17919,3160,6,"https://static.www.nfl.com/image/private/f_auto,q_auto/league/fgdohwmgy67ovtlgswnq",CB,18,REG,A01,Jalen,RAM435895,43294,32005241-4d43-5895-945e-3f3097eb17ea,2016,2016,JAX,5
2022,CLE,OL,T,78,INA,Jack Conklin,Jack,Conklin,1994-08-17,78.0,308,Michigan State,00-0033057,,,,,,,,,6,"https://static.www.nfl.com/image/private/f_auto,q_auto/league/tg2hruqbauvko19mhttj",,18,REG,A01,Jack,CON183999,43297,3200434f-4e18-3999-915b-09982a3cecd4,2016,2016,TEN,8
2022,CLE,LB,ILB,19,ACT,Reggie Ragland,Reginald,Ragland,1993-09-23,74.0,252,Alabama,00-0033058,2979855,cda62c8b-89dd-4c03-a86d-dba70541693a,29275,11109,10675,RaglRe00,17937,3176,6,"https://static.www.nfl.com/image/private/f_auto,q_auto/league/yyprvaghhgtf41mpuazp",MLB,18,REG,A01,Reggie,RAG263360,43330,32005241-4726-3360-bc0e-41f1d5aba5d1,2016,2016,BUF,41
2022,NO,LS,LS,49,ACT,Zach Wood,Zach,Wood,1993-01-10,75.0,255,Southern Methodist,00-0033063,,,,,,,,,6,"https://static.www.nfl.com/image/private/f_auto,q_auto/league/f4qnsba00bpgs5zgthup",,18,REG,A01,Zach,WOO185780,44062,3200574f-4f18-5780-d743-e42a5230251f,2016,2016,,
2022,JAX,DL,DE,96,ACT,Adam Gotsis,Adam,Gotsis,1992-09-23,76.0,287,Georgia Tech,00-0033064,2971498,56c81bc7-72ac-4356-a737-b8010f931b56,29297,11044,10697,GotsAd00,17993,3232,6,"https://static.www.nfl.com/image/private/f_auto,q_auto/league/zlpgdrd2lcmf4vtrfczs",INTERIOR_LINE,20,DIV,A01,Adam,GOT428790,43352,3200474f-5442-8790-f92b-449fa59cd136,2016,2016,DEN,63
2022,TEN,OL,T,61,ACT,Le'Raven Clark,Le'Raven,Clark,1993-04-22,77.0,311,Texas Tech,00-0033065,,,,,,,,,6,"https://static.www.nfl.com/image/private/f_auto,q_auto/league/lotwkrfevdanwpj6bfff",,18,REG,A01,Le'Raven,CLA432150,43371,3200434c-4143-2150-9ff2-3f2c4170f288,2016,2016,IND,82
2022,LV,DL,DT,97,ACT,Andrew Billings,Andrew,Billings,1995-06-03,73.0,328,Baylor,00-0033066,3051775,67760ee1-c969-488f-b449-b8c37e7e32bb,29356,10907,10756,BillAn00,17968,3207,6,"https://static.www.nfl.com/image/private/f_auto,q_auto/league/pwxqvdaxiirs2ioq3juj",INTERIOR_LINE,18,REG,A01,Andrew,BIL462662,43411,32004249-4c46-2662-d818-0e385b7aa3bd,2016,2016,CIN,122
2022,LA,LB,OLB,54,ACT,Leonard Floyd,Leonard,Floyd,1992-09-08,77.0,240,Georgia,00-0033072,3043136,13c4b449-65e4-4a3e-9152-85e9cbb2b8c6,29243,11034,10643,FloyLe00,17935,3174,6,"https://static.www.nfl.com/image/private/f_auto,q_auto/league/kcfl70hwm1uaw9oqbpni",EDGE,18,REG,A01,Leonard,FLO758060,43298,3200464c-4f75-8060-5a6d-d3aabc3c32e2,2016,2016,CHI,9
2022,MIA,DL,DE,91,RES,Emmanuel Ogbah,Emmanuel,Ogbah,1993-11-06,76.0,275,Oklahoma State,00-0033073,2977740,2300fe3b-c81f-4786-ae0c-0c229644239d,29266,11155,10666,OgbaEm00,17958,3197,6,"https://static.www.nfl.com/image/private/f_auto,q_auto/league/ch8e3xqiavbj85qnmypm",,19,WC,R01,Emmanuel,OGB059326,43321,32004f47-4205-9326-5bb4-da9cac2ef120,2016,2016,CLE,32
2022,DAL,QB,QB,4,ACT,Dak Prescott,Rayne,Prescott,1993-07-29,74.0,238,Mississippi State,00-0033077,2577417,86197778-8d4b-4eba-affe-08ef7be7c70b,29369,11008,10769,PresDa01,18055,3294,6,"https://static.www.nfl.com/image/private/f_auto,q_auto/league/ofhu8bvafse5folcjzyu",QB,20,DIV,A01,Dak,PRE285723,43424,32005052-4528-5723-d1b2-96e92ebc1241,2016,2016,DAL,135
2022,CHI,OL,G,62,RES,Lucas Patrick,Lucas,Patrick,1993-07-30,75.0,313,Duke,00-0033082,,,,,,,,,6,"https://static.www.nfl.com/image/private/f_auto,q_auto/league/llshvryi3620q4x7sctm",,18,REG,R01,Lucas,PAT269889,44068,32005041-5426-9889-e1ac-bf5ad84aa1c2,2016,2016,,
2022,WAS,DB,CB,29,ACT,Kendall Fuller,Kendall,Fuller,1995-02-13,71.0,198,Virginia Tech,00-0033084,3045465,81ba31db-e21a-4944-8d0f-4e12cb83e3c4,29318,11038,10718,FullKe00,18013,3252,6,"https://static.www.nfl.com/image/private/f_auto,q_auto/league/ku2qusev8vm9entvwsfv",CB,18,REG,A01,Kendall,FUL342614,43373,32004655-4c34-2614-e83f-6a7a6f7cab25,2016,2016,WAS,84
2022,NO,OL,T,63,CUT,Jerald Hawkins,Jerald,Hawkins,1993-10-16,78.0,305,Louisiana State,00-0033085,,,,,,,,,6,"https://static.www.nfl.com/image/private/f_auto,q_auto/league/qxv0dm3zyuz3eqcx1f3z",,1,REG,A01,Jerald,HAW426651,43412,32004841-5742-6651-6065-1a9743a088ec,2016,2016,PIT,123
2022,NE,TE,TE,85,ACT,Hunter Henry,Hunter,Henry,1994-12-07,77.0,250,Arkansas,00-0033090,3046439,705899da-3c20-4bc3-b5d0-2e6e40655131,29269,10735,10669,HenrHu00,17975,3214,6,"https://static.www.nfl.com/image/private/f_auto,q_auto/league/hyjz8co5tlq5dkg8ff7p",TE,18,REG,A01,Hunter,HEN617052,43324,32004845-4e61-7052-805d-daad1175a3b2,2016,2016,SD,35
2022,MIN,DL,DE,93,ACT,Jonathan Bullard,Jonathan,Bullard,1993-10-22,75.0,296,Florida,00-0033093,2980097,ccfcbd2c-6e35-49b9-b131-ba2143665260,29306,10926,10706,BullJo00,18002,3241,6,"https://static.www.nfl.com/image/private/f_auto,q_auto/league/hgxa0we4sgcfdb7wim77",INTERIOR_LINE,19,WC,A01,Jonathan,BUL366378,43361,32004255-4c36-6378-5352-bcd27f50c265,2016,2016,CHI,72
2022,JAX,WR,WR,9,CUT,Marvin Hall,Marvin,Hall,1993-04-10,70.0,190,Washington,00-0033094,2578369,1283923a-9716-4936-920a-a57f019bb2e8,30023,11517,11440,HallMa02,18717,3895,6,"https://static.www.nfl.com/image/private/f_auto,q_auto/league/vy6tm3vmwozeob7nhjiq",,1,REG,A01,Marvin,HAL441748,44074,32004841-4c44-1748-4a1f-e4a4f867635c,2016,2016,,
2022,DET,TE,TE,86,DEV,Garrett Griffin,Garrett,Griffin,1994-03-04,76.0,240,Air Force,00-0033095,2987440,3cacaa27-a790-43ae-927c-8163b06f1a53,30024,11502,11439,GrifGa00,18716,3894,6,"https://static.www.nfl.com/image/private/f_auto,q_auto/league/ss70hidq9xcteze3rdeg",,18,REG,P07,Garrett,GRI103818,44075,32004752-4910-3818-d8c0-eda362e88473,2016,2016,,
2022,BUF,DL,DE,90,ACT,Shaq Lawson,Shaq,Lawson,1994-06-17,75.0,267,Clemson,00-0033096,2977679,89919ab7-0fa2-4fbc-b018-5f2d3e3c21e3,29253,11106,10653,LawsSh00,17943,3182,6,"https://static.www.nfl.com/image/private/f_auto,q_auto/league/ndixxnl6tqfrlwte25br",EDGE,20,DIV,A01,Shaq,LAW783964,43308,32004c41-5778-3964-dce2-8f03b4b6e344,2016,2016,BUF,19
2022,CHI,OL,T,72,CUT,Shon Coleman,Shon,Coleman,1991-11-25,77.0,310,Auburn,00-0033097,,,,,,,,,6,"https://static.www.nfl.com/image/private/f_auto,q_auto/league/eikezwqcwd7wiuzp2m38",,1,REG,A01,Shon,COL345946,43365,3200434f-4c34-5946-6c72-6b23777f7397,2016,2016,CLE,76
2022,SEA,DB,CB,21,INA,Artie Burns,Artie,Burns,1995-05-01,72.0,197,Miami,00-0033103,3051921,f40995fc-bd95-41f1-b9ef-4ab938c3aafa,29259,10928,10659,BurnAr00,17953,3192,6,"https://static.www.nfl.com/image/private/f_auto,q_auto/league/tzwnbdj5bdorjugfwmfh",,19,WC,A01,Artie,BUR507944,43314,32004255-5250-7944-5fac-fe438f13fc26,2016,2016,PIT,25
2022,DET,QB,QB,16,ACT,Jared Goff,Jared,Goff,1994-10-14,76.0,223,California,00-0033106,3046779,aba8f925-ffbf-4654-bfa7-a25d3d237494,29235,10729,10635,GoffJa00,17922,3163,6,"https://static.www.nfl.com/image/private/f_auto,q_auto/league/s4hzfab5iglq2tmjb0xy",QB,18,REG,A01,Jared,GOF219636,43290,3200474f-4621-9636-7354-d2eb6365d257,2016,2016,LA,1
2022,PIT,DB,CB,3,RES,William Jackson,William,Jackson,1992-10-27,72.0,196,Houston,00-0033107,3061106,c967809a-7c88-447d-9d9f-6aebfc8370f7,29258,11067,10658,JackWi02,17945,3184,6,"https://static.www.nfl.com/image/private/f_auto,q_auto/league/ecy3oh2pt5nx8cxwcspc",,18,REG,R48,William,JAC645516,43313,32004a41-4364-5516-1a9f-87dcd74055ee,2016,2016,CIN,24
2022,PHI,DL,DT,97,ACT,Javon Hargrave,Javon,Hargrave,1993-02-07,74.0,305,South Carolina State,00-0033109,2983055,3f8e4972-2361-4939-b5e3-c5f6c63b9f68,29323,11051,10723,HargJa00,18017,3256,6,"https://static.www.nfl.com/image/private/f_auto,q_auto/league/z8mrwlgmuug7yjkood5k",INTERIOR_LINE,22,SB,A01,Javon,HAR143881,43378,32004841-5214-3881-f71a-319de907d4f9,2016,2016,PIT,89
2022,LA,TE,TE,89,ACT,Tyler Higbee,Tyler,Higbee,1993-01-01,78.0,257,Western Kentucky,00-0033110,2573401,0df7912d-9e81-47ea-b4f7-d04986df4ee8,29344,10854,10744,HigbTy00,18032,3271,6,"https://static.www.nfl.com/image/private/f_auto,q_auto/league/b6kn7vqe0iplpkgmzzv1",TE,18,REG,A01,Tyler,HIG033222,43399,32004849-4703-3222-e4e8-bd596550bfdb,2016,2016,LA,110
2022,ARI,WR,WR,15,ACT,Pharoh Cooper,Pharoh,Cooper,1995-03-07,71.0,207,South Carolina,00-0033111,3048897,4f724338-aa8c-436d-90b2-45299572c53e,29351,10823,10751,CoopPh00,18039,3278,6,"https://static.www.nfl.com/image/private/f_auto,q_auto/league/mnsqfcfqiehw5aocr1lg",SLOT_WR,18,REG,A01,Pharoh,COO679646,43406,3200434f-4f67-9646-cb70-e583ad437505,2016,2016,LA,117
2022,BAL,WR,WR,80,DEV,Mike Thomas,Michael,Thomas,1994-08-16,73.0,189,Southern Mississippi,00-0033114,3123986,88856dfa-45ce-4b6e-bbf7-4f8413ac89ca,29440,11076,10840,ThomMi04,18445,3652,6,"https://static.www.nfl.com/image/private/f_auto,q_auto/league/sytj4awk8kseyootqzec",,19,WC,P07,Mike,THO308973,43495,32005448-4f30-8973-820d-b24a80d48f78,2016,2016,LA,206
2022,BAL,RB,RB,17,INA,Kenyan Drake,Kenyan,Drake,1994-01-26,73.0,211,Alabama,00-0033118,2979843,a0b93053-d349-4dd1-a840-24577102699b,29307,11002,10707,DrakKe00,18003,3242,6,"https://static.www.nfl.com/image/private/f_auto,q_auto/league/rp5apwel9vuk49b4lykn",,19,WC,A01,Kenyan,DRA280410,43362,32004452-4128-0410-f1a5-770c8d09e9d7,2016,2016,MIA,73
2022,CLE,QB,QB,7,ACT,Jacoby Brissett,Jacoby,Brissett,1992-12-11,76.0,235,North Carolina State,00-0033119,2578570,ad2258ab-67f0-41c2-bcf3-f3ba145187dc,29325,10919,10725,BrisJa00,18018,3257,6,"https://static.www.nfl.com/image/private/f_auto,q_auto/league/z12an2n54jj6ycouwg9h",QB,18,REG,A01,Jacoby,BRI516391,43380,32004252-4951-6391-fb1e-f908d9b96e12,2016,2016,NE,91
2022,GB,DL,NT,97,ACT,Kenny Clark,Kenneth,Clark,1995-10-04,75.0,314,UCLA,00-0033120,3122752,d848e4e6-ff3e-421c-9bd3-c2f62a16efd4,29261,10973,10661,ClarKe01,17947,3186,6,"https://static.www.nfl.com/image/private/f_auto,q_auto/league/uhxluqisi6sfobozlsdf",INTERIOR_LINE,18,REG,A01,Kenny,CLA409251,43316,3200434c-4140-9251-2f88-d454b8ae633b,2016,2016,GB,27
2022,KC,LB,OLB,92,CUT,Shilique Calhoun,Shilique,Calhoun,1992-03-20,76.0,260,Michigan State,00-0033122,2576257,12645147-c0fa-4aff-a395-496f8b9fb275,29309,10933,10709,CalhSh00,18005,3244,6,"https://static.www.nfl.com/image/private/f_auto,q_auto/league/izc67q2zazfdr3hpkrez",,1,REG,A01,Shilique,CAL422827,43364,32004341-4c42-2827-13a0-edfa592dfc47,2016,2016,OAK,75
2022,IND,DL,DE,91,RES,Yannick Ngakoue,Yannick,Ngakoue,1995-03-31,74.0,246,Maryland,00-0033123,3053044,41524c86-8ab6-42e9-871b-a00e29cd2705,29303,11146,10703,NgakYa00,17999,3238,6,"https://static.www.nfl.com/image/private/f_auto,q_auto/league/axtewl85il2offuyooix",,18,REG,R01,Yannick,NGA355963,43358,32004e47-4135-5963-d006-ceac3beca035,2016,2016,JAX,69
2022,HOU,DB,SS,22,DEV,Will Redmond,Will,Redmond,1993-12-28,71.0,186,Mississippi State,00-0033124,2971364,c7fccdf9-dd52-4483-862b-d58a94560135,29302,11117,10702,RedmWi00,17998,3237,6,"https://static.www.nfl.com/image/private/f_auto,q_auto/league/fpp9xke3twitontcmuhz",,18,REG,P07,Will,RED713301,43357,32005245-4471-3301-df0f-6b89425dbb05,2016,2016,SF,68
2022,TEN,LB,ILB,52,CUT,Joe Schobert,Joseph,Schobert,1993-11-06,73.0,245,Wisconsin,00-0033125,2977819,82a70525-35cd-4389-a5d1-3b0f11f05a28,29333,10968,10733,SchoJo00,17967,3206,6,"https://static.www.nfl.com/image/private/f_auto,q_auto/league/expy1fbbfzmswqd0f77r",,15,REG,W03,Joe,SCH425646,43388,32005343-4842-5646-1190-b0a27a5ab760,2016,2016,CLE,99
2022,TB,LB,OLB,94,ACT,Carl Nassib,Carl,Nassib,1993-04-12,79.0,275,Penn State,00-0033129,2614825,ed2317f2-1cc5-4a84-a46e-7423a9a1c730,29299,11142,10699,NassCa00,17995,3234,6,"https://static.www.nfl.com/image/private/f_auto,q_auto/league/luelmcumocbaqvp20gyr",EDGE,19,WC,A01,Carl,NAS727044,43354,32004e41-5372-7044-a589-a4ae370803e6,2016,2016,CLE,65
2022,HOU,DL,DT,96,ACT,Maliek Collins,Maliek,Collins,1995-04-08,74.0,308,Nebraska,00-0033131,3040471,54f13aa1-4a2f-46a3-99ef-743c1d3ee234,29301,10976,10701,CollMa00,17997,3236,6,"https://static.www.nfl.com/image/private/f_auto,q_auto/league/uwpmyyaf8g2yolyxuypo",INTERIOR_LINE,18,REG,A01,Maliek,COL633184,43356,3200434f-4c63-3184-3f7e-5796185e9486,2016,2016,DAL,67
2022,TEN,DB,FS,31,ACT,Kevin Byard,Kevin,Byard,1993-08-17,71.0,212,Middle Tennessee,00-0033132,2574056,c909532a-693e-4e8f-b853-fbf41037c100,29298,11218,10698,ByarKe01,17994,3233,6,"https://static.www.nfl.com/image/private/f_auto,q_auto/league/kzzdofts010nxswvazts",SAFETY,18,REG,A01,Kevin,BYA251361,43353,32004259-4125-1361-f4be-db294c8d9a0f,2016,2016,TEN,64
2022,DET,K,K,18,DEV,Sam Ficken,Samuel,Ficken,1992-12-14,73.0,192,Penn State,00-0033138,2582139,f61e6429-3f9b-478c-8697-e00fe813ce9c,30038,11610,,,18735,3909,6,"https://static.www.nfl.com/image/private/f_auto,q_auto/league/mbrrrcrgypbjsbxxdxki",,18,REG,P07,Sam,FIC665846,44240,32004649-4366-5846-45de-011b65870e45,2016,2016,,
2022,LAC,LB,OLB,97,ACT,Joey Bosa,Joseph,Bosa,1995-07-11,77.0,280,Ohio State,00-0033156,3051389,1ce88c74-024e-4288-94ee-5dca10362153,29237,10914,10637,BosaJo00,17915,3156,6,"https://static.www.nfl.com/image/private/f_auto,q_auto/league/padfm1euxqz12ibhuzuf",EDGE,19,WC,A01,Joey,BOS037607,43292,3200424f-5303-7607-7c15-97256422ae9e,2016,2016,SD,3
2022,LA,P,P,2,DEV,Brock Miller,Brock,Miller,,71.0,182,Southern Utah,00-0033189,,,,,,,,,8,"https://static.www.nfl.com/image/private/f_auto,q_auto/league/i2cioydtuqdit7fs63jo",,18,REG,P01,Brock,MIL150891,42222,32004d49-4c15-0891-8fed-17d3608ebec9,2014,2017,,
2022,TB,LS,LS,97,ACT,Zach Triner,Zach,Triner,1991-01-30,75.0,245,Assumption,00-0033196,,,,,,,,,6,"https://static.www.nfl.com/image/private/f_auto,q_auto/league/ryrllsxy7gjp8t3qtyze",,19,WC,A01,Zach,TRI258690,44376,32005452-4925-8690-1485-2117b8f9adb8,2016,2017,,
2022,SF,LS,LS,46,ACT,Taybor Pepper,Taybor,Pepper,1994-05-28,76.0,245,Michigan State,00-0033199,,,,,,,,,6,"https://static.www.nfl.com/image/private/f_auto,q_auto/league/f3qelffoth3rpilyuqr5",,21,CON,A01,Taybor,PEP418932,44387,32005045-5041-8932-3a0e-28652bc681e8,2016,2017,,
2022,DEN,LS,LS,47,DEV,Joe Fortunato,Joseph,Fortunato,,77.0,240,Delaware,00-0033209,,,,,,,,,5,"https://static.www.nfl.com/image/private/f_auto,q_auto/league/xk7jwulvwzo0jnjughfx",,6,REG,P01,Joe,FOR729114,44727,3200464f-5272-9114-a1fd-e276efe7c412,2017,2017,,
2022,CLE,WR,WR,16,CUT,Cyril Grayson,Cyril,Grayson,1993-12-05,69.0,183,Louisiana State,00-0033215,4217370,a138f20f-8a41-4d0e-930a-a16b6cb597b3,30111,12121,12077,,18896,4050,5,"https://static.www.nfl.com/image/private/f_auto,q_auto/league/klv5np9csnnm6p6zpkcs",,11,REG,P01,Cyril,GRA813234,44767,32004752-4181-3234-a5ec-7e3bb55ce0fc,2017,2017,,
2022,IND,TE,TE,81,ACT,Mo Alie-Cox,Mo,Alie-Cox,1993-09-19,77.0,267,Virginia Commonwealth,00-0033217,2998565,8809c0dd-786b-4255-a7d0-333c9498c19a,30112,12196,12078,AlieMo00,18900,4054,5,"https://static.www.nfl.com/image/private/f_auto,q_auto/league/un5q3gv7t6zjuoohowwe",TE,18,REG,A01,Mo,ALI177980,44792,3200414c-4917-7980-6d26-f37d4f9dba6e,2017,2017,,
2022,SF,OL,C,60,ACT,Daniel Brunskill,Daniel,Brunskill,1994-01-27,77.0,260,San Diego State,00-0033221,,,,,,,,,5,"https://static.www.nfl.com/image/private/f_auto,q_auto/league/a3zmh8oy8qrw5xfv4bcc",G,21,CON,A01,Daniel,BRU741545,45069,32004252-5574-1545-fb42-314646af606b,2017,2017,,
2022,CLE,DL,DE,61,RES,Chris Odom,Chris,Odom,1994-09-16,76.0,262,Arkansas State,00-0033234,3042361,3a1d02b6-1940-49b2-a0e8-1ccb1896c5e5,30462,12417,12031,,19152,4304,5,"https://static.www.nfl.com/image/private/f_auto,q_auto/league/wflgpp28trivhcw4fy0e",,18,REG,R01,Chris,ODO057516,45082,32004f44-4f05-7516-270e-371f73a11854,2017,2017,,
2022,MIN,TE,TE,86,ACT,Johnny Mundt,Johnny,Mundt,1994-11-23,76.0,232,Oregon,00-0033246,3052096,6414998b-5831-44aa-8bd8-39e42a323c2c,30373,12316,12206,MundJo00,19165,4314,5,"https://static.www.nfl.com/image/private/f_auto,q_auto/league/sjglruhtgs3eeea6zd3i",TE,19,WC,A01,Johnny,MUN312153,45094,32004d55-4e31-2153-93a6-6c9db93d992e,2017,2017,,
2022,PHI,WR,WR,3,ACT,Zach Pascal,Zachary,Pascal,1994-12-18,74.0,214,Old Dominion,00-0033251,2978109,7fc949b6-a1cb-4f9d-a06d-b65773409a44,30502,11868,12303,PascZa00,19172,4319,5,"https://static.www.nfl.com/image/private/f_auto,q_auto/league/lkldn6ax7j5jpv7hkgzp",SLOT_WR,22,SB,A01,Zach,PAS035497,45102,32005041-5303-5497-62e8-1fb281a506b7,2017,2017,,
2022,IND,TE,TE,81,CUT,Darrell Daniels,Darrell,Daniels,1994-11-22,75.0,256,Washington,00-0033258,3052166,7574eb56-a34a-419e-9682-c4788cfe2019,30523,11890,12122,DaniDa02,19176,4323,5,"https://static.www.nfl.com/image/private/f_auto,q_auto/league/uite1keyl09qsvofsqzf",,11,REG,P07,Darrell,DAN527377,45142,32004441-4e52-7377-7c31-33311d909473,2017,2017,,
2022,NYJ,LS,LS,42,ACT,Thomas Hennessy,Thomas,Hennessy,1994-06-11,74.0,246,Duke,00-0033260,,,,,,,,,5,"https://static.www.nfl.com/image/private/f_auto,q_auto/league/taal6ajppxt9h7f6gyfn",,18,REG,A01,Thomas,HEN540649,45144,32004845-4e54-0649-1753-a0ff4df1325c,2017,2017,,
2022,TB,WR,WR,86,CUT,Bug Howard,Johnathan,Howard,,77.0,210,North Carolina,00-0033261,3039720,dcf6b57b-6706-4d73-8242-2f71667be0e7,30526,11862,12125,,19179,4326,5,"https://static.www.nfl.com/image/private/f_auto,q_auto/league/bik6s7vam7zrzafmfm4y",,1,REG,W03,Bug,HOW229668,45145,3200484f-5722-9668-8276-3db73c8d6912,2017,2017,,
2022,IND,P,P,8,RES,Rigoberto Sanchez,Rigoberto,Sanchez,1994-09-08,72.0,195,Hawaii,00-0033269,3914922,8237c04f-a1c4-4c31-b5de-3afb3c81389f,30534,12390,,,19187,4331,5,"https://static.www.nfl.com/image/private/f_auto,q_auto/league/ogbouns6dkduns4k1kjv",,18,REG,R01,Rigoberto,SAN093508,45153,32005341-4e09-3508-9793-8e6aad63dbbc,2017,2017,,
2022,CAR,QB,QB,11,ACT,Phillip Walker,Phillip,Walker,1995-02-26,71.0,212,Temple,00-0033275,3051308,0666e6c6-42d9-40ab-83bd-7bbf81e9ac9c,30538,12371,12134,WalkPh00,19191,4335,5,"https://static.www.nfl.com/image/private/f_auto,q_auto/league/cmuf0gtzectijxrktpg2",,18,REG,A01,Phillip,WAL291489,45159,32005741-4c29-1489-568d-26e6f08d55b5,2017,2017,,
2022,SF,RB,RB,23,ACT,Christian McCaffrey,Christian,McCaffrey,1996-06-07,71.0,205,Stanford,00-0033280,3117251,f96db0af-5e25-42d1-a07a-49b4e065b364,30121,11690,11763,McCaCh01,18877,4034,5,"https://static.www.nfl.com/image/private/f_auto,q_auto/league/navqer4chxxut5povzzw",RB,21,CON,A01,Christian,MCC035988,44820,32004d43-4303-5988-790d-0077d6a4692b,2017,2017,CAR,8
2022,BAL,DB,CB,44,ACT,Marlon Humphrey,Marlon,Humphrey,1996-07-08,72.0,197,Alabama,00-0033281,3126356,bf9749c6-6609-456e-a3eb-b8cab21dd76a,30129,12017,11771,HumpMa00,18917,4071,5,"https://static.www.nfl.com/image/private/f_auto,q_auto/league/jkpyh5xiviolkw8pegya",CB,19,WC,A01,Marlon,HUM550259,44828,32004855-4d55-0259-3a83-bf518b57504a,2017,2017,BAL,16
2022,WAS,WR,WR,10,ACT,Curtis Samuel,Curtis,Samuel,1996-08-11,71.0,195,Ohio State,00-0033282,3121427,66a21b6d-97e5-4732-8bb0-062145d6bbc6,30153,11710,11795,SamuCu00,18928,4082,5,"https://static.www.nfl.com/image/private/f_auto,q_auto/league/sua7hikhhqlmqsqu0kk7",SLOT_WR,18,REG,A01,Curtis,SAM633285,44852,32005341-4d63-3285-ce5d-61e91947654e,2017,2017,CAR,40
2022,BAL,LB,OLB,54,ACT,Tyus Bowser,Tyus,Bowser,1995-05-23,75.0,240,Houston,00-0033283,3040037,b36539fa-de45-4cfd-90be-49d14149e64e,30160,11961,11802,BowsTy00,18930,4084,5,"https://static.www.nfl.com/image/private/f_auto,q_auto/league/gvxjriottacibx609e28",EDGE,19,WC,A01,Tyus,BOW770022,44859,3200424f-5777-0022-fa8c-b18cca3bd7f6,2017,2017,BAL,47
2022,CAR,OL,T,72,ACT,Taylor Moton,Taylor,Moton,1994-08-14,77.0,325,Western Michigan,00-0033284,,,,,,,,,5,"https://static.www.nfl.com/image/private/f_auto,q_auto/league/wgwac7w4eftjeuc3mjr1",T,18,REG,A01,Taylor,MOT466221,44876,32004d4f-5446-6221-9a2d-e499d5bf94c5,2017,2017,CAR,64
2022,SF,TE,TE,85,ACT,George Kittle,George,Kittle,1993-10-09,76.0,250,Iowa,00-0033288,3040151,2ada91b0-036e-454f-83c3-6d939ff584a9,30259,11892,11901,KittGe00,19063,4217,5,"https://static.www.nfl.com/image/private/f_auto,q_auto/league/znlqhc55l9zwi0euf1mk",TE,21,CON,A01,George,KIT388290,44959,32004b49-5438-8290-eeed-c9c9cca62ec1,2017,2017,SF,146
2022,WAS,DB,CB,26,DEV,Corn Elder,Cornelius,Elder,1994-10-09,70.0,185,Miami,00-0033289,3051929,fde0f790-29a9-4212-a357-17657055c1db,30265,12014,11907,EldeCo00,19038,4192,5,"https://static.www.nfl.com/image/private/f_auto,q_auto/league/imtqxygrnsdx5nqvojnz",,18,REG,P07,Corn,ELD403291,44965,3200454c-4440-3291-ab59-2b5da5316c8c,2017,2017,CAR,152
2022,LV,OL,G,72,ACT,Jermaine Eluemunor,Jermaine,Eluemunor,1994-12-13,76.0,335,Texas A&amp;M,00-0033290,,,,,,,,,5,"https://static.www.nfl.com/image/private/f_auto,q_auto/league/ttoybg1wfcmmaqxasfdr",T,18,REG,A01,Jermaine,ELU177981,44972,3200454c-5517-7981-2db3-292a30f493e2,2017,2017,BAL,159
2022,CIN,WR,WR,11,ACT,Trent Taylor,Trent,Taylor,1994-04-30,68.0,181,Louisiana Tech,00-0033292,3040569,3e2e74e9-18a8-4275-9437-b275db27e2ff,30290,11881,11932,TaylTr02,19064,4218,5,"https://static.www.nfl.com/image/private/f_auto,q_auto/league/wr2oxomvezz9n1gtvi0n",,21,CON,A01,Trent,TAY758512,44990,32005441-5975-8512-56a9-70ba428be183,2017,2017,SF,177
2022,GB,RB,RB,33,ACT,Aaron Jones,Aaron,Jones,1994-12-02,69.0,208,Texas-El Paso,00-0033293,3042519,27dd5b6e-ea65-4622-a6b4-460fd144407c,30295,11763,11937,JoneAa00,19045,4199,5,"https://static.www.nfl.com/image/private/f_auto,q_auto/league/oo8yixhsahh4gznox7th",RB,18,REG,A01,Aaron,JON026624,44995,32004a4f-4e02-6624-33bd-3ba151b7013d,2017,2017,GB,182
2022,BAL,DB,SS,36,ACT,Chuck Clark,Charles,Clark,1995-04-19,72.0,205,Virginia Tech,00-0033294,3045463,1105ae60-a4b6-4246-a77e-0849179b07b2,30299,12010,11941,ClarCh00,19070,4224,5,"https://static.www.nfl.com/image/private/f_auto,q_auto/league/kirtumhrhhrq5rlob2si",SAFETY,19,WC,A01,Chuck,CLA225622,44999,3200434c-4122-5622-5c14-90fee339d2bb,2017,2017,BAL,186
2022,WAS,RB,RB,48,DEV,Alex Armah,Alex,Armah,1994-05-17,74.0,255,West Georgia,00-0033296,4212884,686cab35-6da0-4e10-ba65-0d1f97e0bc8b,30305,12208,11948,ArmaAl00,19072,4226,5,"https://static.www.nfl.com/image/private/f_auto,q_auto/league/qf8i1wlgdckggdpxm1yn",,18,REG,P07,Alex,ARM000892,45005,32004152-4d00-0892-ecbc-8ac20741cffe,2017,2017,CAR,192
2022,DEN,DL,DT,97,INA,D.J. Jones,David,Jones,1995-01-19,72.0,321,Mississippi,00-0033297,3894915,d2e2b313-6769-48c6-a217-d167f04068df,30310,8016,11953,JoneD.01,19124,4278,5,"https://static.www.nfl.com/image/private/f_auto,q_auto/league/dpslr6rgzjdcwuxzkwyu",,18,REG,A01,D.J.,JON230048,45011,32004a4f-4e23-0048-1505-9691edb2c0ce,2017,2017,SF,198
2022,NE,OL,T,75,ACT,Conor McDermott,Conor,McDermott,1992-10-19,80.0,305,UCLA,00-0033300,,,,,,,,,5,"https://static.www.nfl.com/image/private/f_auto,q_auto/league/jr6qa0xtfhnwxlata0dh",T,18,REG,A01,Conor,MCD175819,45024,32004d43-4417-5819-67ec-d51a354455e1,2017,2017,NE,211
2022,CHI,DB,FS,23,ACT,Adrian Colbert,Adrian,Colbert,1993-10-06,74.0,205,Miami,00-0033302,2971699,24a58900-649f-4a29-a34c-26ff92b63be3,30342,12041,11983,ColbAd00,19123,4277,5,"https://static.www.nfl.com/image/private/f_auto,q_auto/league/n1uiwlodqdwfrrvqyppb",,18,REG,A01,Adrian,COL025635,45042,3200434f-4c02-5635-2f8e-f181d299b9e5,2017,2017,SF,229
2022,KC,K,K,7,ACT,Harrison Butker,Harrison,Butker,1995-07-14,76.0,205,Georgia Tech,00-0033303,3055899,4ceb866c-8eaf-49b5-9043-56228e43a2e5,30346,11783,11988,ButkHa00,19073,4227,5,"https://static.www.nfl.com/image/private/f_auto,q_auto/league/snhlmpr5wfw1t8w1yqgu",,22,SB,A01,Harrison,BUT061642,45046,32004255-5406-1642-3745-75ce5dec0422,2017,2017,CAR,233
2022,DEN,WR,WR,84,DEV,Victor Bolden,Victor,Bolden,1995-04-04,68.0,178,Oregon State,00-0033306,3056476,30641ad1-3511-48a4-a63a-95c88846b705,30550,11846,12269,,19317,4453,5,"https://static.www.nfl.com/image/private/f_auto,q_auto/league/kmdby2vcvsafzpkpsp5l",,18,REG,P06,Victor,BOL278396,45184,3200424f-4c27-8396-ed60-0f6f94f9fdaa,2017,2017,,
2022,NE,WR,WR,84,ACT,Kendrick Bourne,Kendrick,Bourne,1995-08-04,73.0,203,Eastern Washington,00-0033307,3045523,5aba3610-ab55-4922-ac46-806ded5eb8bf,30551,11847,12270,BourKe00,19318,4454,5,"https://static.www.nfl.com/image/private/f_auto,q_auto/league/avjyg0eicioviziqgho2",WR,18,REG,A01,Kendrick,BOU434790,45185,3200424f-5543-4790-acfc-7b92d77f3c8b,2017,2017,,
2022,NYG,RB,RB,31,ACT,Matt Breida,Matthew,Breida,1995-02-28,70.0,190,Georgia Southern,00-0033308,3049916,6249d2c0-75dc-4586-943b-1c103a9eb419,30552,12289,12271,BreiMa00,19319,4455,5,"https://static.www.nfl.com/image/private/f_auto,q_auto/league/zdc1k7xatfuh9s50vqtw",RB,20,DIV,A01,Matt,BRE256819,45186,32004252-4525-6819-f4e3-f343a391cdbd,2017,2017,,
2022,MIN,QB,QB,12,ACT,Nick Mullens,Nicholas,Mullens,1995-03-21,73.0,210,Southern Mississippi,00-0033319,3059989,7738fea8-7ea2-4c4c-b589-bca90b070819,30563,12511,12282,MullNi00,19330,4464,5,"https://static.www.nfl.com/image/private/f_auto,q_auto/league/mpchc6rhn3xclnzjkktl",,19,WC,A01,Nick,MUL486612,45198,32004d55-4c48-6612-b03b-50f8fc6abe24,2017,2017,,
2022,LV,DL,DE,96,INA,Tashawn Bower,Tashawn,Bower,1995-02-18,77.0,250,Louisiana State,00-0033324,3042726,d38bd9b4-1927-4cca-84da-5c7dd5b21716,30427,11903,50170,,19261,4402,5,"https://static.www.nfl.com/image/private/f_auto,q_auto/league/h6ioogkk8kw2ik3vfdjd",,18,REG,A01,Tashawn,BOW172625,45203,3200424f-5717-2625-90a6-450d48505559,2017,2017,,
2022,DAL,OL,T,76,ACT,Aviante Collins,Aviante,Collins,1993-04-21,76.0,292,Texas Christian,00-0033326,,,,,,,,,5,"https://static.www.nfl.com/image/private/f_auto,q_auto/league/qjmphkwaxtetgkkwvm5s",TE,20,DIV,A01,Aviante,COL513500,45205,3200434f-4c51-3500-47e4-1a8e6f8e328a,2017,2017,,
2022,GB,LB,OLB,45,ACT,Eric Wilson,Eric,Wilson,1994-09-26,73.0,230,Cincinnati,00-0033336,3056916,bfe704fc-266d-4f6a-afbf-c903b5934e23,30448,12360,38587,,19273,4413,5,"https://static.www.nfl.com/image/private/f_auto,q_auto/league/p9tz1wr2e9ljwmwhmdkz",,18,REG,A01,Eric,WIL683426,45215,32005749-4c68-3426-7a2d-ccb0c14a3b07,2017,2017,,
2022,MIA,TE,TE,82,RES,Cethan Carter,Cethan,Carter,1995-09-05,75.0,248,Nebraska,00-0033338,3040470,53fd9a69-1b10-4fd6-90e7-ee84cca9e041,30577,11889,47149,CartCe00,19219,4362,5,"https://static.www.nfl.com/image/private/f_auto,q_auto/league/soxu9ft40rqaizt9yizp",,19,WC,R01,Cethan,CAR627385,45217,32004341-5262-7385-e80e-279145425642,2017,2017,,
2022,CIN,DL,NT,68,ACT,Josh Tupou,Josh,Tupou,1994-05-02,75.0,345,Colorado,00-0033347,2979632,1ad3e535-2b5c-48a8-82f0-c7a933d250f0,30586,12183,12093,,19228,4371,5,"https://static.www.nfl.com/image/private/f_auto,q_auto/league/jzh5ygyuetywffjvvuad",INTERIOR_LINE,21,CON,A01,Josh,TUP546197,45226,32005455-5054-6197-b656-c3798436dac4,2017,2017,,
2022,NO,TE,TE,7,ACT,Taysom Hill,Taysom,Hill,1990-08-23,74.0,221,Brigham Young,00-0033357,2468609,3c8a55dd-20a8-4375-b711-49eb5e6e1d0e,30614,12063,12112,HillTa00,19238,4381,5,"https://static.www.nfl.com/image/private/f_auto,q_auto/league/pjp1aahvacigoh0sorpg",QB,18,REG,A01,Taysom,HIL609597,45244,32004849-4c60-9597-c5a9-4369b9c7cd1e,2017,2017,,
2022,NYJ,OL,G,62,ACT,Adam Pankey,Adam,Pankey,1994-02-02,77.0,313,West Virginia,00-0033359,,,,,,,,,5,"https://static.www.nfl.com/image/private/f_auto,q_auto/league/m1ntmap158jf1bvqzxdl",,18,REG,A01,Adam,PAN653214,45247,32005041-4e65-3214-9010-07b07a6defd0,2017,2017,,
2022,TEN,WR,WR,80,RES,C.J. Board,Clarence,Board,1993-12-12,73.0,180,Chattanooga,00-0033367,2973626,8db3a609-73f4-4797-ae22-8adf024d473c,30513,12443,12088,BoarC.00,19200,4344,5,"https://static.www.nfl.com/image/private/f_auto,q_auto/league/pzshlaz0iihftpmg9imt",,18,REG,R01,C.J.,BOA313482,45255,3200424f-4131-3482-9951-6db691fd8952,2017,2017,,
2022,DEN,WR,WR,81,RES,Tim Patrick,Tim,Patrick,1993-11-23,76.0,212,Utah,00-0033375,3134353,2a443351-5e63-4a49-819e-912b51a745f2,30511,12061,12087,PatrTi00,19207,4351,5,"https://static.www.nfl.com/image/private/f_auto,q_auto/league/lzdhismu6h5ns907deia",,18,REG,R01,Tim,PAT283375,45267,32005041-5428-3375-95f4-ff207c5ba0aa,2017,2017,,
2022,BAL,RB,FB,42,ACT,Patrick Ricard,Patrick,Ricard,1994-05-27,75.0,311,Maine,00-0033376,2975417,cb68b95f-ef6f-4e5e-b861-8bfe6cfeacf5,30592,12298,48862,RicaPa00,19209,4353,5,"https://static.www.nfl.com/image/private/f_auto,q_auto/league/wfjtva8ytwkmlcehbz4c",TE,19,WC,A01,Patrick,RIC012529,45268,32005249-4301-2529-9196-f7af1fec131c,2017,2017,,
2022,MIA,DL,DE,70,CUT,Adam Butler,Adam,Butler,1994-04-12,77.0,300,Vanderbilt,00-0033381,2972342,54814199-dd18-408f-9dc4-ce59a121431b,30655,12141,12214,,19275,4415,5,"https://static.www.nfl.com/image/private/f_auto,q_auto/league/qpmky6mjavljicndfcxr",,1,REG,A01,Adam,BUT106408,45274,32004255-5410-6408-e7df-5e762e3130ea,2017,2017,,
2022,TEN,WR,WR,8,RES,Cody Hollister,Cody,Hollister,1993-11-18,76.0,209,Arkansas,00-0033386,3115443,6a8b0081-6ac5-4eb7-8840-8fd633568e78,30660,12926,12052,,19280,4420,5,"https://static.www.nfl.com/image/private/f_auto,q_auto/league/naicfqo1ayh448qi86xq",,18,REG,R01,Cody,HOL292273,45280,3200484f-4c29-2273-c1c4-918c5ca7766d,2017,2017,,
2022,SEA,TE,TE,88,DEV,Jacob Hollister,Jacob,Hollister,1993-11-18,76.0,245,Wyoming,00-0033387,3125404,ad2a1d03-020b-487a-bd5f-7ca9fbc250fe,30661,12271,12051,HollJa03,19281,4421,5,"https://static.www.nfl.com/image/private/f_auto,q_auto/league/qdny7ap8ly1ozectd8zu",,19,WC,P07,Jacob,HOL292467,45281,3200484f-4c29-2467-de51-661befd08df1,2017,2017,,
2022,LV,LB,ILB,56,ACT,Harvey Langi,Havea,Langi,1992-09-24,74.0,252,Brigham Young,00-0033392,2570996,d3e192b5-4523-4d65-94e0-a1fb164b6542,30666,11925,50118,,19286,4426,5,"https://static.www.nfl.com/image/private/f_auto,q_auto/league/aydxopdtyvmbju00gmyt",MLB,18,REG,A01,Harvey,LAN585903,45286,32004c41-4e58-5903-7fd5-e0073eb48b32,2017,2017,,
2022,IND,DB,CB,23,RES,Kenny Moore,Kenny,Moore,1995-08-23,69.0,190,Valdosta State,00-0033393,4218312,cbfb7144-357e-4feb-82d7-a6104fdbf908,30669,12431,51596,,19287,4427,5,"https://static.www.nfl.com/image/private/f_auto,q_auto/league/llmlmqre7c4xn7wil10s",,18,REG,R01,Kenny,MOO465364,45287,32004d4f-4f46-5364-9df4-300568da1ee3,2017,2017,,
2022,IND,P,P,6,ACT,Matt Haack,Matt,Haack,1994-07-25,72.0,205,Arizona State,00-0033400,3043237,9164fac3-2540-4f64-ba29-96fb0ce1c7eb,30641,12402,12212,,19249,4390,5,"https://static.www.nfl.com/image/private/f_auto,q_auto/league/piyf9wj7piroy6fqscvn",,18,REG,A01,Matt,HAA081214,45296,32004841-4108-1214-8338-163f8530b3ed,2017,2017,,
2022,PHI,DL,DE,59,RET,Cameron Malveaux,Cameron,Malveaux,1994-08-22,77.0,265,Houston,00-0033403,2981511,8b44e3b8-81ae-4f02-b598-965872d12816,30644,12057,50587,,19252,4393,5,"https://static.www.nfl.com/image/private/f_auto,q_auto/league/ymrrstfoqczhqxbdpyyg",,22,SB,R02,Cameron,MAL817263,45300,32004d41-4c81-7263-e72c-d09a7ed6a241,2017,2017,,
2022,IND,DL,DE,51,CUT,Bryan Cox,Bryan,Cox,1994-06-25,75.0,270,Florida,00-0033408,2980098,0043c962-e726-4ed2-8aa3-b0eb5cdc5567,30379,11910,12092,,19214,4357,5,"https://static.www.nfl.com/image/private/f_auto,q_auto/league/zxgfupgdi3ahviuehis6",,1,REG,A01,Bryan,COX151958,45305,3200434f-5815-1958-ea69-fdd535caeed5,2017,2017,,
2022,NYJ,OL,T,69,ACT,Eric Smith,Eric,Smith,1995-09-02,76.0,308,Virginia,00-0033414,,,,,,,,,5,"https://static.www.nfl.com/image/private/f_auto,q_auto/league/wtnz4bhlukzuzc6wzg38",,18,REG,A01,Eric,SMI000015,45311,3200534d-4900-0015-61f5-9a6a471ce758,2017,2017,,
2022,TEN,TE,TE,83,DEV,Antony Auclair,Antony,Auclair,1993-05-28,78.0,256,"Laval, Can.",00-0033421,4081127,d6647491-8a3c-4f9f-999c-823823bd478d,30468,12230,24606,AuclAn00,19335,4468,5,"https://static.www.nfl.com/image/private/f_auto,q_auto/league/qkktgjw9l0ntyfiobegs",,11,REG,P07,Antony,AUC385627,45321,32004155-4338-5627-4d70-8cb9dede99db,2017,2017,,
2022,TEN,DB,CB,32,ACT,Greg Mabin,Gregory,Mabin,1994-06-25,74.0,200,Iowa,00-0033430,2979515,593d31fd-212e-47a5-b3cc-0793cf075a98,30477,12406,12068,,19344,4476,5,"https://static.www.nfl.com/image/private/f_auto,q_auto/league/g834yux30viac3pvizbw",,18,REG,A01,Greg,MAB206573,45330,32004d41-4220-6573-a4e5-f1a2df708ea3,2017,2017,,
2022,CHI,DB,CB,20,ACT,Breon Borders,Breon,Borders,1995-07-22,72.0,189,Duke,00-0033435,3048663,d0fa2103-69a1-4ed0-a3cd-4eb8d5e342c2,30623,12097,39398,,19300,4439,5,"https://static.www.nfl.com/image/private/f_auto,q_auto/league/kcte2eqp8pzfbujm18rd",,18,REG,A01,Breon,BOR366604,45335,3200424f-5236-6604-f0d6-6ee1c7dae36b,2017,2017,,
2022,CLE,TE,TE,84,ACT,Pharaoh Brown,Pharaoh,Brown,1994-05-04,78.0,258,Oregon,00-0033439,2971281,6733b953-de77-44e5-acbf-c2d3a0940243,30627,11887,12247,BrowPh01,19304,4443,5,"https://static.www.nfl.com/image/private/f_auto,q_auto/league/usqdlxj4jpqbtvsgaisk",TE,18,REG,A01,Pharaoh,BRO579945,45339,32004252-4f57-9945-abde-cbb5718c7254,2017,2017,,
2022,CHI,LB,OLB,53,ACT,Nicholas Morrow,Nicholas,Morrow,1995-10-07,72.0,225,Greenville,00-0033445,4232830,7c1a8ecd-e3e5-4123-b89f-36e58b99126f,30633,12428,51674,,19310,4449,5,"https://static.www.nfl.com/image/private/f_auto,q_auto/league/lloyavjhmtplomqhcqqb",MLB,18,REG,A01,Nicholas,MOR709781,45345,32004d4f-5270-9781-eda2-89daaedb48f7,2017,2017,,
2022,LV,LB,ILB,53,ACT,Austin Calitro,Austin,Calitro,1994-01-10,72.0,240,Villanova,00-0033452,2982304,b2d80e3c-1485-488d-8033-52443c63909b,30568,12232,50640,,19293,4811,5,"https://static.www.nfl.com/image/private/f_auto,q_auto/league/kgiqm9wqj1gurqewpwxg",,18,REG,A01,Austin,CAL465470,45352,32004341-4c46-5470-68b1-368c88cbdeca,2017,2017,,
2022,ATL,TE,TE,86,ACT,Anthony Firkser,Anthony,Firkser,1995-02-19,74.0,246,Harvard,00-0033455,3049698,b0719e3d-199b-46e5-a2b4-1091f6fd5c0d,30571,12235,51837,FirkAn00,19296,4435,5,"https://static.www.nfl.com/image/private/f_auto,q_auto/league/sbyrto55r5ztra4hylt4",SLOT_WR,18,REG,A01,Anthony,FIR355963,45355,32004649-5235-5963-ed29-7b11917cedd5,2017,2017,,
2022,KC,WR,WR,12,RES,John Ross,John,Ross,1995-11-27,71.0,194,Washington,00-0033460,3052177,938b363a-6967-4cef-bcd2-bb358a9f6c98,30122,11699,11764,RossJo00,18881,4038,5,"https://static.www.nfl.com/image/private/f_auto,q_auto/league/wltmlsewrakxwlmia9ua",,22,SB,R23,John,ROS616450,44821,3200524f-5361-6450-1052-04968bded2fc,2017,2017,CIN,9
2022,NE,LB,ILB,50,ACT,Raekwon McMillan,Raekwon,McMillan,1995-11-17,74.0,242,Ohio State,00-0033461,3121423,8aad56a2-0589-4ebc-99f8-b07c5023fd70,30167,11977,11809,McMiRa02,18936,4090,5,"https://static.www.nfl.com/image/private/f_auto,q_auto/league/pbp2nyjgepdk6neak71i",MLB,18,REG,A01,Raekwon,MCM506702,44866,32004d43-4d50-6702-63e4-e55d03e6b958,2017,2017,MIA,54
2022,NYJ,DL,DE,58,ACT,Carl Lawson,Carl,Lawson,1995-06-29,74.0,265,Auburn,00-0033463,3051911,e75ed538-1888-4864-bd1d-e703d1ce4b5b,30229,11926,11871,LawsCa00,18994,4148,5,"https://static.www.nfl.com/image/private/f_auto,q_auto/league/s3bnpifchpsnu3fzivvc",EDGE,18,REG,A01,Carl,LAW589402,44929,32004c41-5758-9402-951f-0344af1b140e,2017,2017,CIN,116
2022,BUF,WR,WR,6,ACT,Isaiah McKenzie,Isaiah,McKenzie,1995-04-09,68.0,173,Georgia,00-0033466,3128724,6130be96-edf3-4361-b666-860c4ec46e7d,30285,11866,11927,McKeIs00,19043,4197,5,"https://static.www.nfl.com/image/private/f_auto,q_auto/league/sm2btbgkg6s1r1hvi931",SLOT_WR,20,DIV,A01,Isaiah,MCK250948,44985,32004d43-4b25-0948-8027-d3dafaef3cae,2017,2017,DEN,172
2022,ATL,DL,DT,96,RES,Vincent Taylor,Vincent,Taylor,1994-01-05,75.0,311,Oklahoma State,00-0033469,3046343,eb904c68-f01b-4af3-9427-dd6a6c35511b,30307,11944,11949,TaylVi00,19099,4253,5,"https://static.www.nfl.com/image/private/f_auto,q_auto/league/wbhxbvig9a5u742ydron",,18,REG,R01,Vincent,TAY768399,45007,32005441-5976-8399-cc32-3f401e1b19d2,2017,2017,MIA,194
2022,KC,WR,WR,85,ACT,Marcus Kemp,Marcus,Kemp,1995-08-14,76.0,210,Hawaii,00-0033481,3046399,11b9bcde-b2c8-412b-9689-4420182ca928,30682,12446,12137,KempMa00,19361,4491,5,"https://static.www.nfl.com/image/private/f_auto,q_auto/league/c2xg3yvhm3zw3i9hlil1",,22,SB,A01,Marcus,KEM323004,45369,32004b45-4d32-3004-cd5c-d1f2ce0dd778,2017,2017,,
2022,DEN,OL,G,64,CUT,Ben Braden,Ben,Braden,1994-03-09,78.0,329,Michigan,00-0033490,,,,,,,,,5,"https://static.www.nfl.com/image/private/f_auto,q_auto/league/eucz0vddhsi4rxsfohzs",,1,REG,A01,Ben,BRA093113,45382,32004252-4109-3113-e08f-3b4f1fb4c1ba,2017,2017,,
2022,PIT,DB,CB,35,ACT,Arthur Maulet,Arthur,Maulet,1993-07-13,70.0,190,Memphis,00-0033503,3916144,bf21bd83-9c97-4faf-97be-859f033848e2,30415,12026,12224,,19375,4503,5,"https://static.www.nfl.com/image/private/f_auto,q_auto/league/w2kltx6go5htrltjffnf",SLOT_CB,18,REG,A01,Arthur,MAU475233,45395,32004d41-5547-5233-80cb-174c6c903503,2017,2017,,
2022,PHI,OL,C,67,DEV,Cameron Tom,Cameron,Tom,1995-06-21,76.0,300,Southern Mississippi,00-0033505,,,,,,,,,5,"https://static.www.nfl.com/image/private/f_auto,q_auto/league/gyy4afpkfqlia3dxugin",,22,SB,P07,Cameron,TOM055715,45397,3200544f-4d05-5715-ccde-68f561ea11be,2017,2017,,
2022,ARI,OL,C,64,ACT,Sean Harlow,Sean,Harlow,1995-03-28,76.0,284,Oregon State,00-0033511,,,,,,,,,5,"https://static.www.nfl.com/image/private/f_auto,q_auto/league/zumjqygjzqrwtccm5jco",,18,REG,A01,Sean,HAR186238,44949,32004841-5218-6238-b778-0fcf6913d5ff,2017,2017,ATL,136
2022,PIT,DB,SS,23,ACT,Damontae Kazee,Damontae,Kazee,1993-06-05,71.0,190,San Diego State,00-0033512,2976099,f9c86838-11e5-4582-a03e-c15e02b2013c,30262,12019,11904,KazeDa00,19034,4188,5,"https://static.www.nfl.com/image/private/f_auto,q_auto/league/erh5tot5czuja2unnu0t",SAFETY,18,REG,A01,Damontae,KAZ186981,44962,32004b41-5a18-6981-c93f-66c4120885e7,2017,2017,ATL,149
2022,WAS,DL,DT,93,INA,Jonathan Allen,Jonathan,Allen,1995-01-16,75.0,300,Alabama,00-0033523,3054840,5ba11bd2-e764-4dea-98e1-dad01a21cdd3,30130,11900,11772,AlleJo01,18875,4032,5,"https://static.www.nfl.com/image/private/f_auto,q_auto/league/uyc2yzn3jzzmx8zkswex",,18,REG,A01,Jonathan,ALL512725,44829,3200414c-4c51-2725-ce7e-b1e4e850afe5,2017,2017,WAS,17
2022,PIT,LB,OLB,54,CUT,Ryan Anderson,Orlando,Anderson,1994-08-12,74.0,253,Alabama,00-0033525,2976495,2afc82df-1048-414d-bef7-1692198cedde,30162,11956,11804,AndeRy00,18943,4097,5,"https://static.www.nfl.com/image/private/f_auto,q_auto/league/iau3htiaozodmarp7pxe",,10,REG,W03,Ryan,AND384426,44861,3200414e-4438-4426-323e-fcf2b4a8a4d9,2017,2017,WAS,49
2022,CIN,RB,RB,34,ACT,Samaje Perine,Samaje,Perine,1995-09-16,71.0,240,Oklahoma,00-0033526,3116389,e601812f-ce24-4e99-bee0-e33c1e9014e4,30227,11698,11869,PeriSa00,18993,4147,5,"https://static.www.nfl.com/image/private/f_auto,q_auto/league/zxgkgfxxsukpdfwyeauw",RB,21,CON,A01,Samaje,PER095343,44927,32005045-5209-5343-a8b2-b2085b20ed79,2017,2017,WAS,114
2022,DAL,TE,TE,87,CUT,Jeremy Sprinkle,Jeremy,Sprinkle,1994-08-10,77.0,255,Arkansas,00-0033528,2980073,2dcc8e56-ac32-4774-a011-b1e65ca73786,30267,11899,11909,SpriJe00,19067,4221,5,"https://static.www.nfl.com/image/private/f_auto,q_auto/league/xid7htgxtc9nkfy32hyc",,1,REG,A01,Jeremy,SPR573222,44967,32005350-5257-3222-44a6-5b8fd0e4efc5,2017,2017,WAS,154
2022,WAS,OL,C,73,RES,Chase Roullier,Chase,Roullier,1993-08-23,76.0,312,Wyoming,00-0033529,,,,,,,,,5,"https://static.www.nfl.com/image/private/f_auto,q_auto/league/voxaxvxnn0khqrdeouzs",,18,REG,R01,Chase,ROU143143,45012,3200524f-5514-3143-5837-2bad2a8bdd7e,2017,2017,WAS,199
2022,LAC,WR,WR,81,INA,Mike Williams,Michael,Williams,1994-10-04,76.0,218,Clemson,00-0033536,3045138,12f27311-7cd6-4ca5-ba7d-571e9de5e1eb,30120,11885,11762,WillMi07,18914,4068,5,"https://static.www.nfl.com/image/private/f_auto,q_auto/league/e3r9jk7f2zl4qak0orbz",,19,WC,A01,Mike,WIL000009,44819,32005749-4c00-0009-75a2-9fccf6994099,2017,2017,LAC,7
2022,CLE,QB,QB,4,ACT,Deshaun Watson,Derrick,Watson,1995-09-14,75.0,221,Clemson,00-0033537,3122840,eec5265c-7731-4bb6-8af2-4f98a67f9ab7,30125,11712,11767,WatsDe00,18857,4017,5,"https://static.www.nfl.com/image/private/f_auto,q_auto/league/otfs2docj6eahaebo5xn",QB,18,REG,A01,Deshaun,WAT338355,44824,32005741-5433-8355-e029-e49022cf4b81,2017,2017,HOU,12
2022,DEN,OL,T,72,RES,Garett Bolles,Garett,Bolles,1992-05-27,77.0,300,Utah,00-0033538,,,,,,,,,5,"https://static.www.nfl.com/image/private/f_auto,q_auto/league/xrrmgmuwla0cjlu3jm0n",,18,REG,R01,Garett,BOL532335,44832,3200424f-4c53-2335-9c0b-98c5c891813d,2017,2017,DEN,20
2022,NYG,LB,MLB,57,ACT,Jarrad Davis,Jarrad,Davis,1994-11-16,73.0,245,Florida,00-0033539,3054951,808fe9a2-51dc-4d22-8f09-da1857b5a699,30134,11966,11776,DaviJa01,18913,4067,5,"https://static.www.nfl.com/image/private/f_auto,q_auto/league/ujxx8nlg4ru66mclr4nm",MLB,20,DIV,A01,Jarrad,DAV429215,44833,32004441-5642-9215-2cff-c5c8b72a9f33,2017,2017,DET,21
2022,DAL,DL,DE,59,DEV,Takkarist McKinley,Takkarist,McKinley,1995-11-02,74.0,265,UCLA,00-0033540,3152371,dcc7a0e1-05e3-407f-84e1-fdedf8eecbbf,30139,11928,11781,McKiTa00,18915,4069,5,"https://static.www.nfl.com/image/private/f_auto,q_auto/league/xpqaczsbl1kl7cjfyx9a",,20,DIV,P07,Takkarist,MCK405174,44838,32004d43-4b40-5174-ac7b-f5e10ef2c320,2017,2017,ATL,26
2022,JAX,DL,DE,97,DEV,Taco Charlton,Vidauntae,Charlton,1994-11-07,78.0,270,Michigan,00-0033541,3045210,aaff3798-2b50-47a1-b629-5771454a45d7,30141,11908,11783,CharTa00,18919,4073,5,"https://static.www.nfl.com/image/private/f_auto,q_auto/league/vfj6yqbgzkb09odi6xfc",,20,DIV,P07,Taco,CHA646504,44840,32004348-4164-6504-2f6f-045a92e67e87,2017,2017,DAL,28
2022,NO,OL,G,77,CUT,Forrest Lamp,Forrest,Lamp,1994-02-20,76.0,309,Western Kentucky,00-0033542,,,,,,,,,5,"https://static.www.nfl.com/image/private/f_auto,q_auto/league/hdpny2kt80su19o5esqt",,8,REG,R01,Forrest,LAM752374,44850,32004c41-4d75-2374-5b95-fb2de7d90c20,2017,2017,LAC,38
2022,LV,DB,CB,31,ACT,Sidney Jones,Sidney,Jones,1996-05-21,72.0,181,Washington,00-0033543,3127299,4de23d54-2169-4b17-b0d0-c47b2edd9f73,30156,11905,11798,JoneSi00,18929,4083,5,"https://static.www.nfl.com/image/private/f_auto,q_auto/league/qsxywzc7mfcj0ibjjevc",CB,18,REG,A01,Sidney,JON719895,44855,32004a4f-4e71-9895-3507-960310feac63,2017,2017,PHI,43
2022,PIT,DB,CB,31,CUT,Quincy Wilson,Quincy,Wilson,1996-08-16,74.0,193,Florida,00-0033544,3121660,41ca30bb-890b-4d30-ae2a-2b12eee9423a,30159,12037,11801,WilsQu01,18934,4088,5,"https://static.www.nfl.com/image/private/f_auto,q_auto/league/pipqzxkm6qoogm43ks4t",,12,REG,P07,Quincy,WIL774506,44858,32005749-4c77-4506-1ef4-5fddefe58f18,2017,2017,IND,46
2022,SEA,DB,FS,39,ACT,Teez Tabor,Jalen,Tabor,1995-12-31,72.0,191,Florida,00-0033545,3115257,6bbffdec-af71-4378-b0cc-e1375643ef57,30166,12052,11808,TaboTe00,18933,4087,5,"https://static.www.nfl.com/image/private/f_auto,q_auto/league/xrcqxkph85tilwfbkctv",,19,WC,A01,Teez,TAB271322,44865,32005441-4227-1322-41f6-5d7755c0567c,2017,2017,DET,53
2022,MIN,DL,DT,94,ACT,Dalvin Tomlinson,Dalvin,Tomlinson,1994-02-18,75.0,318,Alabama,00-0033546,2979860,6371b42c-2783-49e8-8def-ce4d7dc91081,30168,11946,11810,TomlDa00,18938,4092,5,"https://static.www.nfl.com/image/private/f_auto,q_auto/league/bopmatmiwmclctokq7b6",INTERIOR_LINE,19,WC,A01,Dalvin,TOM676763,44867,3200544f-4d67-6763-bcfe-e2b65c26698d,2017,2017,NYG,55
2022,TEN,LB,ILB,41,RES,Zach Cunningham,Zachary,Cunningham,1994-12-02,75.0,238,Vanderbilt,00-0033547,3051750,8cb76d80-0326-474f-86c8-869a86405777,30170,11965,11812,CunnZa00,18956,4110,5,"https://static.www.nfl.com/image/private/f_auto,q_auto/league/xczjppevmd94ms7ze2tz",,18,REG,R01,Zach,CUN798458,44869,32004355-4e79-8458-d013-aa9d0b842c2b,2017,2017,HOU,57
2022,CIN,DB,CB,22,RES,Chidobe Awuzie,Chidobe,Awuzie,1995-05-24,72.0,202,Colorado,00-0033548,3052101,5e11c306-6387-46ed-8a6d-3ff7a8210ed5,30173,12009,11815,AwuzCh00,18953,4107,5,"https://static.www.nfl.com/image/private/f_auto,q_auto/league/tcdbdfwivy8yygshya8q",,21,CON,R01,Chidobe,AWU800920,44872,32004157-5580-0920-d33d-9451c81f6cbb,2017,2017,DAL,60
2022,MIA,LB,ILB,45,ACT,Duke Riley,Duke,Riley,1994-08-09,73.0,230,Louisiana State,00-0033549,3042725,16661483-3da0-4461-ac44-46fddb386e19,30188,11981,11830,RileDu00,18945,4099,5,"https://static.www.nfl.com/image/private/f_auto,q_auto/league/n6jx9s5fgttkjw4cwtju",MLB,19,WC,A01,Duke,RIL146648,44887,32005249-4c14-6648-2144-0e2e5abd5020,2017,2017,ATL,75
2022,NYG,QB,QB,12,DEV,Davis Webb,Davis,Webb,1995-01-22,77.0,225,California,00-0033550,3052600,b45cd0e5-42b3-4847-aeec-a3afd07a0160,30200,11843,11842,WebbDa00,18907,4061,5,"https://static.www.nfl.com/image/private/f_auto,q_auto/league/rxvilxbyuvwvorzzxhxf",,20,DIV,P01,Davis,WEB107865,44899,32005745-4210-7865-aa79-d1694a1e3e3a,2017,2017,NYG,87
2022,GB,DB,CB,29,ACT,Rasul Douglas,Rasul,Douglas,1994-08-29,74.0,209,West Virginia,00-0033551,3943270,ff89ab1d-4c9c-4e8b-943d-6a9305c5793e,30212,12013,11854,DougRa00,18982,4136,5,"https://static.www.nfl.com/image/private/f_auto,q_auto/league/dqttnbvyzxjwkdcos1jo",CB,18,REG,A01,Rasul,DOU604176,44911,3200444f-5560-4176-bafa-285edcbca1af,2017,2017,PHI,99
2022,ARI,RB,RB,6,INA,James Conner,James,Conner,1995-05-05,73.0,233,Pittsburgh,00-0033553,3045147,28a084c0-14df-499f-bd1f-b975603626b7,30218,11691,11860,ConnJa00,18983,4137,5,"https://static.www.nfl.com/image/private/f_auto,q_auto/league/taqsrcjxasdwhdmhallf",,18,REG,A01,James,CON461999,44917,3200434f-4e46-1999-59e9-253cedeec3a5,2017,2017,PIT,105
2022,LV,WR,WR,10,ACT,Mack Hollins,Mack,Hollins,1993-09-16,76.0,221,North Carolina,00-0033555,2991662,93cb5790-1012-4c42-bccb-5748c27ba7d6,30231,11861,11873,HollMa00,19023,4177,5,"https://static.www.nfl.com/image/private/f_auto,q_auto/league/kjbgxufvchxbh9q8e6hh",WR,18,REG,A01,Mack,HOL280459,44931,3200484f-4c28-0459-95b9-52d98e1b03e6,2017,2017,PHI,118
2022,HOU,LB,OLB,44,ACT,Jalen Reeves-Maybin,Jalen,Reeves-Maybin,1995-01-31,73.0,233,Tennessee,00-0033557,3044729,61e1881b-a33e-4d33-b518-017145d5fc03,30237,11980,11879,ReevJa00,19009,4163,5,"https://static.www.nfl.com/image/private/f_auto,q_auto/league/i1gxhrqeeewwwyzraqup",,18,REG,A01,Jalen,REE820452,44937,32005245-4582-0452-a5ec-8d1069c7e393,2017,2017,DET,124
2022,ARI,OL,T,50,DEV,Julien Davenport,Julien,Davenport,1995-01-09,79.0,325,Bucknell,00-0033560,,,,,,,,,5,"https://static.www.nfl.com/image/private/f_auto,q_auto/league/vcwev8vq5hqi8q6kgobc",,18,REG,P07,Julien,DAV004799,44943,32004441-5600-4799-588c-a915b98e7f96,2017,2017,HOU,130
2022,DAL,DL,DE,91,ACT,Carlos Watkins,Carlos,Watkins,1993-12-05,75.0,297,Clemson,00-0033563,2977681,1df2f078-18d8-4bb4-9d6a-9ba4bcb126bf,30255,11951,11897,WatkCa00,19012,4166,5,"https://static.www.nfl.com/image/private/f_auto,q_auto/league/z5xvctejgwrk2t3xd4vn",INTERIOR_LINE,20,DIV,A01,Carlos,WAT180320,44955,32005741-5418-0320-d762-c84a0526bf5a,2017,2017,HOU,142
2022,HOU,DB,CB,25,ACT,Desmond King,Desmond,King,1994-12-14,70.0,201,Iowa,00-0033566,3040145,1c41b4ac-bec1-4943-b0a3-5b57642faaaa,30264,11999,11906,KingDe01,19062,4216,5,"https://static.www.nfl.com/image/private/f_auto,q_auto/league/jqn4j0lbcpcqaatxlicg",CB,18,REG,A01,Desmond,KIN386926,44964,32004b49-4e38-6926-89ea-4e2e69f6094c,2017,2017,LAC,151
2022,ARI,DB,CB,27,DEV,Nate Hairston,Nathan,Hairston,1994-06-30,72.0,185,Temple,00-0033568,2976259,aaa9228d-7399-4b53-a2e7-259438bd2959,30271,12016,11913,HairNa00,19048,4202,5,"https://static.www.nfl.com/image/private/f_auto,q_auto/league/ybyykttbwjl8gfhnielr",,18,REG,P02,Nate,HAI741950,44971,32004841-4974-1950-1414-941e1bb47e67,2017,2017,IND,158
2022,PHI,OL,T,71,DEV,Roderick Johnson,Roderick,Johnson,1995-11-28,79.0,306,Florida State,00-0033569,,,,,,,,,5,"https://static.www.nfl.com/image/private/f_auto,q_auto/league/dplirxasfez7cowmcm8c",,22,SB,P07,Roderick,JOH636469,44973,32004a4f-4863-6469-fa8a-d265ef4eaf74,2017,2017,CLE,160
2022,CLE,LB,MLB,5,RES,Anthony Walker,Anthony,Walker,1995-08-08,73.0,230,Northwestern,00-0033570,3045251,14b52c32-e9f6-4b64-aa22-1d96bb20cf84,30274,11983,11916,WalkAn01,19049,4203,5,"https://static.www.nfl.com/image/private/f_auto,q_auto/league/uz1nsnqbtppo3yvav17c",,18,REG,R01,Anthony,WAL077409,44974,32005741-4c07-7409-5aab-1c4a483d11b7,2017,2017,IND,161
2022,BUF,LB,OLB,58,ACT,Matt Milano,Matthew,Milano,1994-07-28,72.0,223,Boston College,00-0033571,3046287,825fe252-36b9-48d9-a845-29114c5aae8a,30276,11978,11918,MilaMa00,19037,4191,5,"https://static.www.nfl.com/image/private/f_auto,q_auto/league/fujritqifh12fi6cdsxj",MLB,20,DIV,A01,Matt,MIL033577,44976,32004d49-4c03-3577-24b3-664d0e1e9524,2017,2017,BUF,163
2022,JAX,WR,WR,39,ACT,Jamal Agnew,Jamal,Agnew,1995-04-03,70.0,190,San Diego,00-0033572,3061612,c871b3a8-72c4-425e-a357-2de37e033c8d,30278,12205,11920,AgneJa00,19044,4198,5,"https://static.www.nfl.com/image/private/f_auto,q_auto/league/u6fwq2c4wdtn1nz8vrd3",SLOT_WR,20,DIV,A01,Jamal,AGN406291,44978,32004147-4e40-6291-2b0f-470a6817d947,2017,2017,DET,165
2022,DEN,TE,TE,82,ACT,Eric Saubert,Eric,Saubert,1994-05-09,77.0,253,Drake,00-0033576,2975863,582dc00e-e7ec-4ca7-bff0-f7b1d604017b,30287,11897,11929,SaubEr00,19035,4189,5,"https://static.www.nfl.com/image/private/f_auto,q_auto/league/u6q14gpp39btnbvlkvik",TE,18,REG,A01,Eric,SAU025752,44987,32005341-5502-5752-b171-3bff1c98fe2d,2017,2017,ATL,174
2022,WAS,LB,OLB,50,ACT,Nathan Gerry,Nathan,Gerry,1995-02-23,74.0,230,Nebraska,00-0033577,3040475,8a6672c9-79b9-4c49-9d7c-0061a1141a7c,30297,11990,11940,GerrNa00,19059,4213,5,"https://static.www.nfl.com/image/private/f_auto,q_auto/league/kycyq8uo5pwncligrbt2",,18,REG,A01,Nathan,GER650621,44997,32004745-5265-0621-801d-5ee6a734a7d9,2017,2017,PHI,184
2022,CAR,DB,FS,25,ACT,Xavier Woods,Xavier,Woods,1995-07-26,71.0,202,Louisiana Tech,00-0033579,3040572,cd09c042-0bfc-4866-8d3f-a14ef4c3d7fc,30304,12007,11946,WoodXa00,19084,4238,5,"https://static.www.nfl.com/image/private/f_auto,q_auto/league/mfnmybkxy6zwbbakpeeu",SAFETY,18,REG,A01,Xavier,WOO620124,45004,3200574f-4f62-0124-151e-cfaca2197eec,2017,2017,DAL,191
2022,ARI,LB,ILB,51,ACT,Tanner Vallejo,Tanner,Vallejo,1994-12-16,73.0,228,Boise State,00-0033580,3042895,23f29e42-92e5-41b2-88eb-b9fb17a0eede,30308,11982,11950,VallTa00,19071,4225,5,"https://static.www.nfl.com/image/private/f_auto,q_auto/league/yuami4bsadm32py6yhlr",MLB,18,REG,A01,Tanner,VAL641832,45008,32005641-4c64-1832-251a-a62533d1d112,2017,2017,BUF,195
2022,JAX,DL,DE,99,INA,Jeremiah Ledbetter,Jeremiah,Ledbetter,1994-05-29,75.0,295,Arkansas,00-0033582,3892689,02c7bde8-3715-462e-a268-95b3f2e19311,30317,11927,11960,LedbJe00,19086,4240,5,"https://static.www.nfl.com/image/private/f_auto,q_auto/league/tai2d8inkwck9zwquudz",,20,DIV,A01,Jeremiah,LED229262,45018,32004c45-4422-9262-e724-6d0b876f579a,2017,2017,DET,205
2022,LV,DL,DE,95,ACT,Isaac Rochell,Isaac,Rochell,1995-04-22,76.0,280,Notre Dame,00-0033588,3052894,f89332c7-decb-438a-bf7c-220d6c28e098,30338,11939,11980,RochIs00,19117,4271,5,"https://static.www.nfl.com/image/private/f_auto,q_auto/league/pltdnt3jewadxdfzhso3",,18,REG,A01,Isaac,ROC163836,45038,3200524f-4316-3836-7630-2da249a7c093,2017,2017,LAC,225
2022,CHI,WR,WR,18,CUT,David Moore,David,Moore,1995-01-15,72.0,215,East Central,00-0033589,4212909,aecc1809-4628-4c3a-8b2b-c8f2858d2492,30339,12216,11981,MoorDa03,19120,4274,5,"https://static.www.nfl.com/image/private/f_auto,q_auto/league/mysdmg1kkmxc6cywb1jh",,2,REG,R01,David,MOO249444,45039,32004d4f-4f24-9444-1f85-e742d8abb0fb,2017,2017,SEA,226
2022,DAL,WR,WR,85,ACT,Noah Brown,Noah,Brown,1996-01-06,74.0,225,Ohio State,00-0033591,3121409,36f62824-1cdb-4e9e-8a11-55df97e562b9,30352,11849,11993,BrowNo00,19080,4234,5,"https://static.www.nfl.com/image/private/f_auto,q_auto/league/mo0v6bxy9vpxtzndba7r",SLOT_WR,20,DIV,A01,Noah,BRO567406,45052,32004252-4f56-7406-27bf-fae9f5eeb8ad,2017,2017,DAL,239
2022,SEA,OL,G,61,ACT,Kyle Fuller,Kyle,Fuller,1994-03-04,77.0,320,Baylor,00-0033592,,,,,,,,,5,"https://static.www.nfl.com/image/private/f_auto,q_auto/league/i1gbmukuuyya5afoqa9s",C,19,WC,A01,Kyle,FUL360496,45056,32004655-4c36-0496-57b8-0bd6f3358ab7,2017,2017,HOU,243
2022,SEA,RB,RB,32,CUT,Chris Carson,Christopher,Carson,1994-09-16,71.0,222,Oklahoma State,00-0033594,3919596,0afca88b-83e7-49d6-80df-1f68b21cca9f,30362,11784,12004,CarsCh00,19119,4273,5,"https://static.www.nfl.com/image/private/f_auto,q_auto/league/zxjqunrgf4j8p2eg4xyl",,1,REG,A01,Chris,CAR568144,45062,32004341-5256-8144-487d-eff74f49df34,2017,2017,SEA,249
2022,TB,DL,DE,79,ACT,Pat O'Connor,Patrick,O'Connor,1993-11-01,76.0,270,Eastern Michigan,00-0033595,2980206,2157df58-ca82-46cd-9897-261a80060292,30363,12223,12005,OConPa00,19087,4241,5,"https://static.www.nfl.com/image/private/f_auto,q_auto/league/jlvbx9x17tcnhitj2hdm",INTERIOR_LINE,19,WC,A01,Pat,OCO519549,45063,32004f43-4f51-9549-84de-4c27d3c72ed9,2017,2017,DET,250
2022,BUF,DL,DT,51,ACT,Eli Ankou,Eli,Ankou,1994-06-08,75.0,325,UCLA,00-0033598,3008150,32b5fb32-1fcf-4955-9621-669c246a9fd3,30792,12358,48856,,19493,4604,5,"https://static.www.nfl.com/image/private/f_auto,q_auto/league/ryi7lce7sa8brwwvjhvi",INTERIOR_LINE,20,DIV,A01,Eli,ANK339333,45414,3200414e-4b33-9333-fa1a-315b396ceba4,2017,2017,,
2022,NYG,TE,TE,83,RES,Ricky Seals-Jones,Roderick,Seals-Jones,1995-03-15,77.0,243,Texas A&amp;M,00-0033611,3051806,52735659-a294-4f64-a7f4-3591450834e5,30494,11876,12020,SealRi00,19410,4531,5,"https://static.www.nfl.com/image/private/f_auto,q_auto/league/nqwpbsutfe0anvjkqeux",,1,REG,R01,Ricky,SEA449742,45481,32005345-4144-9742-e3b2-759908a92e0d,2017,2017,,
2022,ARI,OL,T,65,ACT,Rashaad Coward,Rashaad,Coward,1994-11-06,77.0,326,Old Dominion,00-0033631,,,,,,,,,5,"https://static.www.nfl.com/image/private/f_auto,q_auto/league/vv57egvcnsvqvmaeg9qj",,18,REG,A01,Rashaad,COW323278,45505,3200434f-5732-3278-25d0-fdf1d77a1edf,2017,2017,,
2022,BUF,WR,WR,87,CUT,Tanner Gentry,Aaron,Gentry,1994-12-18,74.0,193,Wyoming,00-0033633,3043841,47520723-6d02-4c3b-b786-a7dfcea15efc,30720,12353,12170,,19431,4551,5,"https://static.www.nfl.com/image/private/f_auto,q_auto/league/ykdkdfncfuiirn9qsrk9",,20,DIV,P01,Tanner,GEN670369,45507,32004745-4e67-0369-8af8-e03a27c4bb2f,2017,2017,,
2022,NYJ,DB,SS,46,CUT,Kai Nacua,Kaimana,Nacua,1995-03-03,72.0,205,Brigham Young,00-0033649,3053804,fa8fbc2f-5160-4aaa-8f86-bbba666368a3,30548,12090,12102,,19448,4564,5,"https://static.www.nfl.com/image/private/f_auto,q_auto/league/vdesbkgnajybqizumaww",,17,REG,P06,Kai,NAC553722,45523,32004e41-4355-3722-7c36-a08a4106786b,2017,2017,,
2022,TEN,LB,ILB,42,ACT,Joseph Jones,Joseph,Jones,1994-02-21,72.0,231,Northwestern,00-0033659,2974344,5554177a-c14b-4931-85c6-fc302eb6770a,30785,12454,12321,,19458,4572,5,"https://static.www.nfl.com/image/private/f_auto,q_auto/league/sxvgaf3z5h6n9kb9rs5y",,18,REG,A01,Joseph,JON496790,45533,32004a4f-4e49-6790-3f65-8e55a9eaae27,2017,2017,,
2022,DAL,QB,QB,10,ACT,Cooper Rush,Cooper,Rush,1993-11-21,75.0,225,Central Michigan,00-0033662,2972515,4595c8ea-9d85-4504-8a34-2c8a02349105,30788,11841,12324,,19461,4574,5,"https://static.www.nfl.com/image/private/f_auto,q_auto/league/jljqcj2lqtdzofclzxa7",,20,DIV,A01,Cooper,RUS046607,45536,32005255-5304-6607-6ca0-6d97a0d0f253,2017,2017,,
2022,ATL,OL,T,68,INA,Elijah Wilkinson,Elijah,Wilkinson,1995-02-10,76.0,329,Massachusetts,00-0033676,,,,,,,,,5,"https://static.www.nfl.com/image/private/f_auto,q_auto/league/rhx0njuxlzxdfmggbhwe",,18,REG,A01,Elijah,WIL099353,45550,32005749-4c09-9353-3f4a-f19b70ea3921,2017,2017,,
2022,LV,WR,WR,84,ACT,Keelan Cole,Keelan,Cole,1993-04-20,73.0,194,Kentucky Wesleyan,00-0033681,3071572,a8c96abf-a911-47a0-ac16-dd51a8782b5e,30396,12388,51593,ColeKe00,19514,4622,5,"https://static.www.nfl.com/image/private/f_auto,q_auto/league/qjyh0mcthzbjhfhs5xvj",SLOT_WR,18,REG,A01,Keelan,COL130738,45555,3200434f-4c13-0738-9b9e-38aa1121bdd9,2017,2017,,
2022,LAC,DB,CB,43,ACT,Michael Davis,Michael,Davis,1995-01-06,74.0,196,Brigham Young,00-0033697,3053795,86099301-67d0-4370-8e42-d14f34bbbb91,30422,12357,12040,,19560,4661,5,"https://static.www.nfl.com/image/private/f_auto,q_auto/league/ypfzx6okxmyxczvo65dl",CB,19,WC,A01,Michael,DAV547120,45571,32004441-5654-7120-f653-11d289218e7b,2017,2017,,
2022,LAC,RB,RB,30,ACT,Austin Ekeler,Austin,Ekeler,1995-05-17,70.0,200,"Western State, Colo.",00-0033699,3068267,e5b8c439-a48a-4f83-b63b-1a4d30e04cd3,30423,12401,12164,EkelAu00,19562,4663,5,"https://static.www.nfl.com/image/private/f_auto,q_auto/league/tl0nhc7kyf4aumbyzs5b",RB,19,WC,A01,Austin,EKE189430,45573,3200454b-4518-9430-b8b6-2128b5b3e282,2017,2017,,
2022,ATL,K,K,7,ACT,Younghoe Koo,Younghoe,Koo,1994-08-03,69.0,195,Georgia Southern,00-0033702,3049899,a8c79523-3d0e-48dd-b4c6-e3d8afd24a13,30426,12292,,,19565,4666,5,"https://static.www.nfl.com/image/private/f_auto,q_auto/league/nvtusyryw9cpf6p8tz8n",,18,REG,A01,Younghoe,KOO012942,45576,32004b4f-4f01-2942-8546-7e952267f829,2017,2017,,
2022,NE,LB,ILB,43,ACT,Calvin Munson,Calvin,Munson,1994-12-27,73.0,245,San Diego State,00-0033716,3047530,d3ba3eca-c71d-449b-b5f1-7397a9cab3f1,30736,12383,12236,,19538,4643,5,"https://static.www.nfl.com/image/private/f_auto,q_auto/league/s3v0jds6hfqottvn3stg",,18,REG,A01,Calvin,MUN732570,45590,32004d55-4e73-2570-8063-ce488a2486bb,2017,2017,,
2022,CAR,TE,TE,86,DEV,Colin Thompson,Colin,Thompson,1993-12-15,76.0,255,Temple,00-0033720,2980120,1d55ba37-c09e-4945-b7ae-8d84e2357283,30740,12375,12239,ThomCo03,19542,4647,5,"https://static.www.nfl.com/image/private/f_auto,q_auto/league/lbjhmxtdg1i6ichpzrbw",,18,REG,P06,Colin,THO503903,45594,32005448-4f50-3903-7c86-bd5146d64c8e,2017,2017,,
2022,ARI,RB,RB,23,ACT,Corey Clement,Corey,Clement,1994-11-02,70.0,220,Wisconsin,00-0033725,3045260,69568326-f210-4b88-a5cb-10376c64893e,30707,11750,12253,ClemCo00,19548,4651,5,"https://static.www.nfl.com/image/private/f_auto,q_auto/league/d0whg6ebm1wtgknelxb0",RB,18,REG,A01,Corey,CLE186218,45599,3200434c-4518-6218-e72b-31a350611a4e,2017,2017,,
2022,HOU,P,P,11,ACT,Cameron Johnston,Cameron,Johnston,1992-02-24,71.0,194,Ohio State,00-0033729,3051397,d2f6de91-089a-4845-9b90-bfbc00487444,30711,11829,12255,,19552,4654,5,"https://static.www.nfl.com/image/private/f_auto,q_auto/league/qlrpoaewxz5g6hp3evwr",,18,REG,A01,Cameron,JOH795940,45603,32004a4f-4879-5940-2d22-237a7cd96c97,2017,2017,,
2022,PHI,WR,WR,84,INA,Greg Ward,Gregory,Ward,1995-07-12,71.0,190,Houston,00-0033733,3040035,0832c8ad-0872-446f-ad6e-0e309e8443d1,30715,11883,12258,WardGr02,19705,6744,5,"https://static.www.nfl.com/image/private/f_auto,q_auto/league/r2mwt5axxjnp5v3oh57t",,22,SB,A01,Greg,WAR170484,45607,32005741-5217-0484-b321-8aea367bc0a5,2017,2017,,
2022,MIA,DB,CB,33,DEV,Jamal Perry,Jamal,Perry,1994-10-23,70.0,180,Iowa State,00-0033734,3892777,8d56094a-7aaa-45fd-bfb1-348f2a994d99,30716,12930,12259,,19557,4658,5,"https://static.www.nfl.com/image/private/f_auto,q_auto/league/xbabvurdiqjrj1g0xtqw",,19,WC,P07,Jamal,WIL830153,45608,32005749-4c83-0153-3460-76410b0741a4,2017,2017,,
2022,TEN,OL,G,70,ACT,Jordan Roos,Jordan,Roos,1993-07-06,75.0,302,Purdue,00-0033740,,,,,,,,,5,"https://static.www.nfl.com/image/private/f_auto,q_auto/league/k8ekus4n5ny9fjdjyg51",G,18,REG,A01,Jordan,ROO631292,45614,3200524f-4f63-1292-7778-38eb8b55e236,2017,2017,,
2022,SF,DL,DE,58,DEV,Alex Barrett,Alejandro,Barrett,1994-03-06,74.0,250,San Diego State,00-0033746,2976114,09f4ba1d-6eab-4e9b-9f22-a5ff33f0f2d1,30766,12426,12183,,19481,4594,5,"https://static.www.nfl.com/image/private/f_auto,q_auto/league/hhca8whuxsu186e6gvvz",,21,CON,P01,Alex,BAR589801,45624,32004241-5258-9801-2c03-198e1cbf3239,2017,2017,,
2022,LAC,OL,T,74,INA,Storm Norton,Storm,Norton,1994-05-16,79.0,317,Toledo,00-0033752,,,,,,,,,5,"https://static.www.nfl.com/image/private/f_auto,q_auto/league/vvwrrwpmawyexp74ted7",,19,WC,A01,Storm,NOR763430,45630,32004e4f-5276-3430-a5bf-58da8f72529d,2017,2017,,
2022,GB,TE,TE,85,ACT,Robert Tonyan,Robert,Tonyan,1994-04-30,77.0,237,Indiana State,00-0033757,2975674,7c9c7800-69d0-459b-812b-a07ac48e9f2a,30777,12389,12193,TonyRo00,19491,4602,5,"https://static.www.nfl.com/image/private/f_auto,q_auto/league/wpczdpw0xasgspqhsup9",TE,18,REG,A01,Robert,TON816385,45635,3200544f-4e81-6385-721e-9beac148ba1c,2017,2017,,
2022,TEN,LB,ILB,53,ACT,Dylan Cole,Dylan,Cole,1994-05-19,72.0,237,Missouri State,00-0033765,2986109,1817f16b-5ff3-4d64-8d7a-f64e02f5a033,30799,12410,24304,,19496,4606,5,"https://static.www.nfl.com/image/private/f_auto,q_auto/league/s6iet8ywrrq0m4o37sml",EDGE,18,REG,A01,Dylan,COL091645,45643,3200434f-4c09-1645-8dc2-6f7bd352aa33,2017,2017,,
2022,NYJ,DB,CB,34,ACT,Justin Hardee,Justin,Hardee,1994-02-07,73.0,200,Illinois,00-0033770,2970625,35150d4a-0dca-4daa-91b3-ffc46d44d1b8,30811,12442,18348,,19501,4611,5,"https://static.www.nfl.com/image/private/f_auto,q_auto/league/llf2osx5lbsessttxt39",,18,REG,A01,Justin,HAR022859,45648,32004841-5202-2859-a2a6-7b80700b79aa,2017,2017,,
2022,TEN,DL,DE,95,ACT,DeMarcus Walker,DeMarcus,Walker,1994-09-30,76.0,280,Florida State,00-0033782,3045377,e1048910-1b5f-4d91-8702-f5ad06844b24,30164,11950,11806,WalkDe03,18932,4086,5,"https://static.www.nfl.com/image/private/f_auto,q_auto/league/ekj09xyfc9d38mkgmo16",INTERIOR_LINE,18,REG,A01,DeMarcus,WAL115858,44863,32005741-4c11-5858-77cc-a709cd6c1c53,2017,2017,DEN,51
2022,PIT,DB,CB,25,RES,Ahkello Witherspoon,James,Witherspoon,1995-03-21,74.0,195,Colorado,00-0033783,3122630,a80f1b08-3977-48b6-97e0-5991ca26bfae,30179,12038,11821,WithAh00,18970,4124,5,"https://static.www.nfl.com/image/private/f_auto,q_auto/league/aqvk1qbtw7fojrqape7g",,18,REG,R48,Ahkello,WIT145608,44878,32005749-5414-5608-c892-62ffde1da4f1,2017,2017,SF,66
2022,CHI,DB,SS,4,RES,Eddie Jackson,Eddie,Jackson,1993-12-10,72.0,202,Alabama,00-0033784,3054847,f4c59ced-4d11-4314-a761-ec0883edd3c1,30225,11993,11867,JackEd01,19004,4158,5,"https://static.www.nfl.com/image/private/f_auto,q_auto/league/ix912s4ymg7fcrugfxy8",,18,REG,R01,Eddie,JAC158683,44925,32004a41-4315-8683-7494-5ff0cd9633eb,2017,2017,CHI,112
2022,PHI,K,K,4,ACT,Jake Elliott,Jake,Elliott,1995-01-21,69.0,167,Memphis,00-0033787,3050478,059e5bb7-1842-4558-9aaf-77c352a21216,30266,12203,11908,ElliJa03,19041,4195,5,"https://static.www.nfl.com/image/private/f_auto,q_auto/league/supyerrc4uuyg12onb7g",,22,SB,A01,Jake,ELL296383,44966,3200454c-4c29-6383-45c6-7b06fb12848c,2017,2017,CIN,153
2022,CLE,OL,T,62,TRC,Will Holden,William,Holden,1993-09-14,79.0,312,Vanderbilt,00-0033788,,,,,,,,,5,"https://static.www.nfl.com/image/private/f_auto,q_auto/league/piu0pe2y9rrejygsifav",,13,REG,P02,Will,HOL050358,44970,3200484f-4c05-0358-4df1-a50465e8f19a,2017,2017,ARI,157
2022,CIN,DB,FS,40,RES,Brandon Wilson,Brandon,Wilson,1994-07-27,70.0,200,Houston,00-0033791,2982632,0bf5f31d-e2fe-441f-845e-7573cc21b22d,30320,12211,11962,WilsBr01,19076,4230,5,"https://static.www.nfl.com/image/private/f_auto,q_auto/league/qivxnok733r3757ruzqy",,21,CON,R04,Brandon,WIL652475,45020,32005749-4c65-2475-14c2-d846ae93e20f,2017,2017,CIN,207
2022,GB,DB,SS,20,ACT,Rudy Ford,Johnathan,Ford,1994-11-01,72.0,204,Auburn,00-0033792,3051901,b12174ec-fea9-4e05-b54f-c00e10920245,30321,11989,11963,FordRu00,19069,4223,5,"https://static.www.nfl.com/image/private/f_auto,q_auto/league/o9gcsiy3alux5qstxjfb",SAFETY,18,REG,A01,Rudy,FOR323002,45021,3200464f-5232-3002-26e9-480b503f60cb,2017,2017,ARI,208
2022,TEN,OL,C,62,ACT,Corey Levin,Corey,Levin,1994-08-12,76.0,307,Chattanooga,00-0033793,,,,,,,,,5,"https://static.www.nfl.com/image/private/f_auto,q_auto/league/tda4mysnqtr96xjzohdd",C,18,REG,A01,Corey,LEV584781,45030,32004c45-5658-4781-eaee-52a98f2b3ef9,2017,2017,TEN,217
2022,HOU,TE,TE,86,DEV,Mason Schreck,Mason,Schreck,1993-11-04,77.0,252,Buffalo,00-0033798,2972331,ca6c7b35-6ae1-4ba7-ae98-1f26174e407d,30364,12224,12007,SchrMa00,19075,4229,5,"https://static.www.nfl.com/image/private/f_auto,q_auto/league/clgbpt0n6wqmkgaeeucy",,18,REG,P07,Mason,SCH497866,45064,32005343-4849-7866-7e94-931ff008793c,2017,2017,CIN,251
2022,TEN,LB,ILB,25,RES,Jamal Carter,Jamal,Carter,1994-04-12,73.0,215,Miami,00-0033819,3051925,1fc0af83-3c6e-4f4d-aadf-233e501c7241,30848,11987,49282,,19591,4689,5,"https://static.www.nfl.com/image/private/f_auto,q_auto/league/gyjxq3slaahy3ey9xp2j",,1,REG,R36,Jamal,CAR658276,45680,32004341-5265-8276-b263-83384f8df012,2017,2017,,
2022,KC,OL,G,77,ACT,Andrew Wylie,Andrew,Wylie,1994-08-19,77.0,309,Eastern Michigan,00-0033831,,,,,,,,,5,"https://static.www.nfl.com/image/private/f_auto,q_auto/league/mpwrxqp6enmxhm4uclne",T,22,SB,A01,Andrew,WYL509323,45695,32005759-4c50-9323-5039-dff2db753254,2017,2017,,
2022,PIT,RB,RB,33,INA,Trey Edmunds,Ferrell,Edmunds,1994-12-30,74.0,223,Maryland,00-0033838,2970090,9b4e4d1d-ad88-4c10-b1c0-b9116755c184,30850,12433,38329,,19599,4696,5,"https://static.www.nfl.com/image/private/f_auto,q_auto/league/xuzfvi2xmfnlkmlbqun3",,1,REG,A01,Trey,EDM674964,45702,32004544-4d67-4964-a92f-f3768ee34415,2017,2017,,
2022,GB,WR,WR,80,CUT,Dede Westbrook,Decrick,Westbrook,1993-11-21,72.0,176,Oklahoma,00-0033839,3892889,046c51bc-319e-4fbb-9cf3-f6ab808b8edf,30223,11808,11865,WestDe00,18992,4146,5,"https://static.www.nfl.com/image/private/f_auto,q_auto/league/jjlxw2ircxecpx3ipeax",,15,REG,P07,Dede,WES551470,44923,32005745-5355-1470-8067-83ca40023853,2017,2017,JAX,110
2022,HOU,RB,RB,33,ACT,Dare Ogunbowale,Oluwadare,Ogunbowale,1994-05-04,71.0,205,Wisconsin,00-0033854,2983509,42b57148-fc06-4aee-b40b-bb941271b5b7,30860,11768,12329,OgunDa00,19626,4718,5,"https://static.www.nfl.com/image/private/f_auto,q_auto/league/wp44airj1uhrbskdphnu",RB,18,REG,A01,Dare,OGU417955,45719,32004f47-5541-7955-59ab-15bd05c31d80,2017,2017,,
2022,TB,RB,RB,7,ACT,Leonard Fournette,Leonard,Fournette,1995-01-18,72.0,228,Louisiana State,00-0033856,3115364,7f46a7be-286e-4bfe-8778-d03dbe600ce9,30117,11687,11759,FourLe00,18803,3969,5,"https://static.www.nfl.com/image/private/f_auto,q_auto/league/atxppoc7zqcjnbnk0awz",RB,19,WC,A01,Leonard,FOU564970,44816,3200464f-5556-4970-e13e-15f65e552496,2017,2017,JAX,4
2022,KC,WR,WR,9,ACT,JuJu Smith-Schuster,John,Smith-Schuster,1996-11-22,73.0,215,Southern California,00-0033857,3120348,9547fbb1-0d4f-4d9e-83b9-e2fa30463bb9,30175,11877,11817,SmitJu00,18883,4040,5,"https://static.www.nfl.com/image/private/f_auto,q_auto/league/tmvx3eakcr4uong0gf5h",SLOT_WR,22,SB,A01,JuJu,SMI829709,44874,3200534d-4982-9709-6877-2f8181b1e986,2017,2017,PIT,62
2022,NE,TE,TE,81,INA,Jonnu Smith,Jonnu,Smith,1995-08-22,75.0,248,Florida International,00-0033858,3054212,e4f25a37-74de-4bfb-b6c9-f50a4fab0b87,30213,11807,11855,SmitJo01,18990,4144,5,"https://static.www.nfl.com/image/private/f_auto,q_auto/league/dooebcykmkvzi39xo38x",,18,REG,A01,Jonnu,SMI443054,44912,3200534d-4944-3054-540c-5ec35eb5903e,2017,2017,TEN,100
2022,PIT,WR,WR,86,CUT,Josh Malone,Joshua,Malone,1996-03-21,75.0,205,Tennessee,00-0033859,3115330,c5a8b02c-d380-4f22-a690-b335001de8b7,30241,11697,11883,MaloJo00,19006,4160,5,"https://static.www.nfl.com/image/private/f_auto,q_auto/league/q0qpgsvrkxi4al0dkjij",,13,REG,P07,Josh,MAL678958,44941,32004d41-4c67-8958-28e0-499059c44329,2017,2017,CIN,128
2022,NE,DL,NT,92,ACT,Davon Godchaux,Davon,Godchaux,1994-11-11,75.0,311,Louisiana State,00-0033860,3115383,6e6dcc9c-06f5-40fd-9134-d0afd0e349d8,30291,11916,11934,GodcDa00,19053,4207,5,"https://static.www.nfl.com/image/private/f_auto,q_auto/league/uxksobhytatzn23tyygq",INTERIOR_LINE,18,REG,A01,Davon,GOD093943,44991,3200474f-4409-3943-f3b0-e1ac6f3b3b13,2017,2017,MIA,178
2022,CAR,K,K,5,RES,Zane Gonzalez,Zane,Gonzalez,1995-05-07,72.0,202,Arizona State,00-0033862,3043234,cd0f4ef0-9914-4125-be4d-804a72350ceb,30337,11831,,GonzZa00,19079,4233,5,"https://static.www.nfl.com/image/private/f_auto,q_auto/league/owhdtfh6f9tngqwvmrw6",,18,REG,R01,Zane,GON750924,45037,3200474f-4e75-0924-5122-d295e60caad4,2017,2017,CLE,224
2022,DET,OL,T,70,ACT,Dan Skipper,Daniel,Skipper,1994-09-20,81.0,325,Arkansas,00-0033863,,,,,,,,,5,"https://static.www.nfl.com/image/private/f_auto,q_auto/league/sczz1dqr2lj3fvoaovgo",TE,18,REG,A01,Dan,SKI665077,45721,3200534b-4966-5077-ebc9-d97ab1242a87,2017,2017,,
2022,CLE,DL,DE,95,ACT,Myles Garrett,Myles,Garrett,1995-12-29,76.0,272,Texas A&amp;M,00-0033868,3122132,a85a0ba9-674c-4f37-a944-474fc6cdf557,30114,11914,11756,GarrMy00,18807,3973,5,"https://static.www.nfl.com/image/private/f_auto,q_auto/league/y33rmtjxhgil7cjcftlc",EDGE,18,REG,A01,Myles,GAR528896,44813,32004741-5252-8896-2c1d-5aafec7d47e8,2017,2017,CLE,1
2022,PIT,QB,QB,10,ACT,Mitchell Trubisky,Mitchell,Trubisky,1994-08-20,74.0,215,North Carolina,00-0033869,3039707,7a1b8f1a-9024-4897-86b0-01c63e00305e,30115,11709,11757,TrubMi00,18811,3976,5,"https://static.www.nfl.com/image/private/f_auto,q_auto/league/wx17o0eu4hffytrbdjgl",,18,REG,A01,Mitchell,TRU215336,44814,32005452-5521-5336-8519-c8cb45ea9b74,2017,2017,CHI,2
2022,NYJ,DL,DT,94,ACT,Solomon Thomas,Solomon,Thomas,1995-08-26,74.0,280,Stanford,00-0033870,3117258,74473bcc-5bdb-4650-8549-8a8a12874cbf,30116,11945,11758,ThomSo00,18904,4058,5,"https://static.www.nfl.com/image/private/f_auto,q_auto/league/x4tfb3kfahxngsaackzl",INTERIOR_LINE,18,REG,A01,Solomon,THO381630,44815,32005448-4f38-1630-9012-3ee085da5a84,2017,2017,SF,3
2022,NYJ,WR,WR,84,ACT,Corey Davis,Corey,Davis,1995-01-11,75.0,209,Western Michigan,00-0033871,3042778,e21e9081-44aa-464b-8d3e-83918d48b921,30118,11733,11760,DaviCo03,18879,4036,5,"https://static.www.nfl.com/image/private/f_auto,q_auto/league/enhh8vjw18eixehg5uhz",WR,18,REG,A01,Corey,DAV247957,44817,32004441-5624-7957-ef31-0e38b3301e4b,2017,2017,TEN,5
2022,SEA,DB,SS,33,RES,Jamal Adams,Jamal,Adams,1995-10-17,73.0,213,Louisiana State,00-0033872,3115373,1a92b0ad-3eb2-4df3-bf02-04c4d9ffe10c,30119,11985,11761,AdamJa00,18923,4077,5,"https://static.www.nfl.com/image/private/f_auto,q_auto/league/oeimz2nunhmxbmasoa0c",,19,WC,R01,Jamal,ADA392115,44818,32004144-4139-2115-dda7-1e943e0d454b,2017,2017,NYJ,6
2022,KC,QB,QB,15,ACT,Patrick Mahomes,Patrick,Mahomes,1995-09-17,74.0,230,Texas Tech,00-0033873,3139477,11cad59d-90dd-449c-a839-dddaba4fe16c,30123,11839,11765,MahoPa00,18890,4046,5,"https://static.www.nfl.com/image/private/f_auto,q_auto/league/vs40h82nvqaqvyephwwu",QB,22,SB,A01,Patrick,MAH401939,44822,32004d41-4840-1939-e4c1-bb89191b4e71,2017,2017,KC,10
2022,NO,DB,CB,23,ACT,Marshon Lattimore,Marshon,Lattimore,1996-05-20,72.0,192,Ohio State,00-0033874,3121421,66386076-7d61-47b7-88e2-34a883de250f,30124,12023,11766,LattMa01,18905,4059,5,"https://static.www.nfl.com/image/private/f_auto,q_auto/league/h6xrdlwb7q66sf03pqbn",CB,18,REG,A01,Marshon,LAT684977,44823,32004c41-5468-4977-40ce-6a12d45573c2,2017,2017,NO,11
2022,PHI,LB,OLB,7,ACT,Haason Reddick,Haason,Reddick,1994-09-22,73.0,235,Temple,00-0033875,2980504,ee399a97-6868-4db1-9381-09073914c2d6,30126,11937,11768,ReddHa00,18909,4063,5,"https://static.www.nfl.com/image/private/f_auto,q_auto/league/wci4sjvofk0ddyzfdbg4",EDGE,22,SB,A01,Haason,RED324095,44825,32005245-4432-4095-207d-440aa35fb3ac,2017,2017,ARI,13
2022,PHI,DL,DE,96,RES,Derek Barnett,Derek,Barnett,1996-06-25,75.0,259,Tennessee,00-0033876,3115336,2d74a108-2b17-4db3-8ef1-0c2e845b414e,30127,11901,11769,BarnDe01,18911,4065,5,"https://static.www.nfl.com/image/private/f_auto,q_auto/league/iqiolhcifi7rhefcfz7w",,22,SB,R01,Derek,BAR405176,44826,32004241-5240-5176-20ec-029ab37b9d27,2017,2017,PHI,14
2022,DAL,DB,FS,28,ACT,Malik Hooker,Malik,Hooker,1996-04-02,74.0,212,Ohio State,00-0033877,3121415,3cb26a5c-9c90-46ad-b539-e29ad6934e30,30128,11695,11770,HookMa00,18920,4074,5,"https://static.www.nfl.com/image/private/f_auto,q_auto/league/a8t13pvip02tjk0mybux",SAFETY,20,DIV,A01,Malik,HOO298753,44827,3200484f-4f29-8753-69fc-56b68b3a9b17,2017,2017,IND,15
2022,NYG,DB,CB,22,ACT,Adoree' Jackson,Adoree',Jackson,1995-09-18,71.0,185,Southern California,00-0033878,3120347,6db40c6e-7d09-486e-b80d-1d8008547250,30131,12018,11773,JackAd00,18924,4078,5,"https://static.www.nfl.com/image/private/f_auto,q_auto/league/lpzklo71q4nkpaqdi0u5",CB,20,DIV,A01,Adoree',JAC014782,44830,32004a41-4301-4782-dca8-226b6841f848,2017,2017,TEN,18
2022,HOU,TE,TE,83,INA,O.J. Howard,O'Terrius,Howard,1994-11-18,78.0,250,Alabama,00-0033879,3043080,93ed8c6f-b676-46d3-bf82-6155e89b4a68,30132,11806,11774,HowaO.00,18901,4055,5,"https://static.www.nfl.com/image/private/f_auto,q_auto/league/wlvviyfhdn5fz5p04r95",,18,REG,A01,O.J.,HOW308864,44831,3200484f-5730-8864-f556-0040cd058670,2017,2017,TB,19
2022,DET,LB,OLB,53,RES,Charles Harris,Charles,Harris,1995-03-06,75.0,250,Missouri,00-0033880,3051852,f7d0d3ea-6de1-4adc-b431-166c6dde9cc9,30135,11918,11777,HarrCh03,18921,4075,5,"https://static.www.nfl.com/image/private/f_auto,q_auto/league/ghuv8rq4zd2cl032wr25",,18,REG,R01,Charles,HAR348374,44834,32004841-5234-8374-13d2-8f7cf4bb2d8e,2017,2017,MIA,22
2022,JAX,TE,TE,17,ACT,Evan Engram,Evan,Engram,1994-09-02,75.0,240,Mississippi,00-0033881,3051876,e21365af-8d66-416e-b0a5-8816d18fcfd9,30136,11805,11778,EngrEv00,18912,4066,5,"https://static.www.nfl.com/image/private/f_auto,q_auto/league/adr65rbw956sxntlph8a",SLOT_WR,20,DIV,A01,Evan,ENG726325,44835,3200454e-4772-6325-a4a0-9b4b442fe68a,2017,2017,NYG,23
2022,NE,DB,SS,3,ACT,Jabrill Peppers,Jabrill,Peppers,1995-10-04,71.0,213,Michigan,00-0033883,3115962,45ef2670-2382-434b-8f26-ba13f044236e,30138,11714,11780,PeppJa00,18902,4056,5,"https://static.www.nfl.com/image/private/f_auto,q_auto/league/c5adzcpi1iascaeuv51n",SLOT_CB,18,REG,A01,Jabrill,PEP420619,44837,32005045-5042-0619-4e7d-a0d4df4a4ea7,2017,2017,CLE,25
2022,BUF,DB,CB,27,ACT,Tre'Davious White,Tre'Davious,White,1995-01-16,71.0,192,Louisiana State,00-0033884,3042717,13de701c-c77c-4eb5-b54c-8881ca5e0871,30140,12127,11782,WhitTr01,18918,4072,5,"https://static.www.nfl.com/image/private/f_auto,q_auto/league/st3elpaolem1amhxf7j4",CB,20,DIV,A01,Tre'Davious,WHI547699,44839,32005748-4954-7699-8d1e-4952613e94ee,2017,2017,BUF,27
2022,CLE,TE,TE,85,ACT,David Njoku,David,Njoku,1996-07-10,76.0,246,Miami,00-0033885,3123076,8f86fcea-90e8-49ea-bc78-5c7659313e57,30142,11734,11784,NjokDa00,18876,4033,5,"https://static.www.nfl.com/image/private/f_auto,q_auto/league/bcecxpc9nciff80xhipd",SLOT_WR,18,REG,A01,David,NJO355964,44841,32004e4a-4f35-5964-1f03-4dc0b4e0b757,2017,2017,CLE,29
2022,PIT,LB,OLB,90,ACT,T.J. Watt,Trent,Watt,1994-10-11,76.0,252,Wisconsin,00-0033886,3045282,f340201b-a1b1-43ba-a47a-484a44334553,30143,11984,11785,WattT.00,18916,4070,5,"https://static.www.nfl.com/image/private/f_auto,q_auto/league/zsqhbaoxkobjauphdbd3",EDGE,18,REG,A01,T.J.,WAT587616,44842,32005741-5458-7616-6d9a-681b6f6e278d,2017,2017,PIT,30
2022,NO,OL,T,71,INA,Ryan Ramczyk,Ryan,Ramczyk,1994-04-22,78.0,314,Wisconsin,00-0033888,,,,,,,,,5,"https://static.www.nfl.com/image/private/f_auto,q_auto/league/oauaar0dbefdcwjksxde",,18,REG,A01,Ryan,RAM043107,44844,32005241-4d04-3107-b1cd-570007956a91,2017,2017,NO,32
2022,JAX,OL,T,74,RES,Cam Robinson,Cameron,Robinson,1995-10-09,78.0,320,Alabama,00-0033889,,,,,,,,,5,"https://static.www.nfl.com/image/private/f_auto,q_auto/league/qjt0nk8iow2lofsf2yy0",,20,DIV,R01,Cam,ROB373063,44846,3200524f-4237-3063-2ed0-3f306dd57a65,2017,2017,JAX,34
2022,ARI,DB,SS,3,RES,Budda Baker,Budda,Baker,1996-01-10,70.0,195,Washington,00-0033890,3127287,5ce20f3e-0f02-4f53-a2ef-5b076361f2b1,30149,11986,11791,BakeBu00,18927,4081,5,"https://static.www.nfl.com/image/private/f_auto,q_auto/league/zwhjyds39x5por5nuqyn",,18,REG,R01,Budda,BAK070449,44848,32004241-4b07-0449-419d-4d7a3da71f8e,2017,2017,ARI,36
2022,JAX,WR,WR,7,ACT,Zay Jones,Isaiah,Jones,1995-03-30,74.0,200,East Carolina,00-0033891,3059722,a28f7368-0306-4d20-855f-285a1a09c09c,30150,11751,11792,JoneZa00,18926,4080,5,"https://static.www.nfl.com/image/private/f_auto,q_auto/league/ayvki2sfnzxn2yqssrws",WR,20,DIV,A01,Zay,JON403726,44849,32004a4f-4e40-3726-920b-837ea00d253e,2017,2017,BUF,37
2022,NO,DB,FS,6,INA,Marcus Maye,Marcus,Maye,1993-03-09,72.0,207,Florida,00-0033892,2980110,dfbbaf35-08d6-4f58-8577-c2e53a492454,30152,12001,11794,MayeMa00,18939,4093,5,"https://static.www.nfl.com/image/private/f_auto,q_auto/league/yjfrbeslcojplhmbyfep",,18,REG,A01,Marcus,MAY291409,44851,32004d41-5929-1409-5982-132ef981bcf8,2017,2017,NYJ,39
2022,MIN,RB,RB,4,ACT,Dalvin Cook,Dalvin,Cook,1995-08-10,70.0,210,Florida State,00-0033893,3116593,8960d61e-433b-41ea-a7ad-4e76be87b582,30154,11700,11796,CookDa01,18872,4029,5,"https://static.www.nfl.com/image/private/f_auto,q_auto/league/gfwvqolvz9vegp1amhf3",RB,19,WC,A01,Dalvin,COO047079,44853,3200434f-4f04-7079-ca3d-32c8b4ce8a9a,2017,2017,MIN,41
2022,BAL,DB,FS,32,ACT,Marcus Williams,Marcus,Williams,1996-09-08,73.0,195,Utah,00-0033894,3122882,662bf69e-10eb-4c2e-970e-1a13f1c7fa07,30155,12199,11797,WillMa06,18937,4091,5,"https://static.www.nfl.com/image/private/f_auto,q_auto/league/gsktrqhsjnxuopomtzvr",SAFETY,19,WC,A01,Marcus,WIL431161,44854,32005749-4c43-1161-de81-15fdfa2c6feb,2017,2017,NO,42
2022,LAC,TE,TE,7,ACT,Gerald Everett,Gerald,Everett,1994-06-25,75.0,240,South Alabama,00-0033895,3918639,ebeceb00-57e0-4b74-9cf7-853da2afed18,30157,11737,11799,EverGe00,18935,4089,5,"https://static.www.nfl.com/image/private/f_auto,q_auto/league/ovlnn7uuj2335ublzb6o",TE,19,WC,A01,Gerald,EVE166115,44856,32004556-4516-6115-f11c-124334bc44da,2017,2017,LA,44
2022,MIA,TE,TE,80,RES,Adam Shaheen,Adam,Shaheen,1994-10-24,79.0,257,Ashland,00-0033896,4198676,87171077-4c1c-4b67-b159-2cc6242988e0,30158,11898,11800,ShahAd00,18931,4085,5,"https://static.www.nfl.com/image/private/f_auto,q_auto/league/rvj5swstfh0vf6f6w2hr",,19,WC,R01,Adam,SHA093706,44857,32005348-4109-3706-4eda-1407f06b7a12,2017,2017,CHI,45
2022,CIN,RB,RB,28,ACT,Joe Mixon,Joe,Mixon,1996-07-24,73.0,220,Oklahoma,00-0033897,3116385,7797f36e-87e8-4282-b6d2-bdb1774fc3b3,30161,11707,11803,MixoJo00,18858,4018,5,"https://static.www.nfl.com/image/private/f_auto,q_auto/league/rd210pq6ch22vpoygtfn",RB,21,CON,A01,Joe,MIX564388,44860,32004d49-5856-4388-c611-05b6fcff1d1d,2017,2017,CIN,48
2022,NO,DB,SS,30,INA,Justin Evans,Justin,Evans,1995-08-26,72.0,199,Texas A&amp;M,00-0033898,3895859,410037b3-d7f2-4188-9d87-53bf51fd31fe,30163,11988,11805,EvanJu00,18942,4096,5,"https://static.www.nfl.com/image/private/f_auto,q_auto/league/whqwj54cpsp4t6njbzrp",,18,REG,A01,Justin,EVA428259,44862,32004556-4142-8259-7e6e-8e15957da789,2017,2017,TB,50
2022,CLE,OL,C,55,ACT,Ethan Pocic,Ethan,Pocic,1995-08-05,78.0,320,Louisiana State,00-0033901,,,,,,,,,5,"https://static.www.nfl.com/image/private/f_auto,q_auto/league/ujlxvmo8tzwmu5opjbgb",C,18,REG,A01,Ethan,POC303385,44870,3200504f-4330-3385-f54c-3031b4454d04,2017,2017,SEA,58
2022,NO,DL,DE,90,ACT,Tanoh Kpassagnon,Tanoh,Kpassagnon,1994-06-14,79.0,289,Villanova,00-0033902,2982313,cb43fb1e-9c65-4462-8c05-798d5885b845,30172,11924,11814,KpasTa00,18960,4114,5,"https://static.www.nfl.com/image/private/f_auto,q_auto/league/yvw5gcpbagv1jwlf8jj8",EDGE,18,REG,A01,Tanoh,KPA593274,44871,32004b50-4159-3274-389b-164044c6ef05,2017,2017,KC,59
2022,SEA,DB,FS,13,RES,Josh Jones,Joshua,Jones,1994-09-20,74.0,220,North Carolina State,00-0033903,3051716,8ddd0a30-563c-4fae-a6a8-a19747721924,30174,11998,11816,JoneJo06,18955,4109,5,"https://static.www.nfl.com/image/private/f_auto,q_auto/league/ywylkm98gm6vqgxq9zg5",,19,WC,R01,Josh,JON506328,44873,32004a4f-4e50-6328-8fb0-89d28754c963,2017,2017,GB,61
2022,BUF,OL,T,73,ACT,Dion Dawkins,Dion,Dawkins,1994-04-26,77.0,320,Temple,00-0033904,,,,,,,,,5,"https://static.www.nfl.com/image/private/f_auto,q_auto/league/xez0hzqlghve1p5bqypz",T,20,DIV,A01,Dion,DAW056236,44875,32004441-5705-6236-cf99-fd4dcf52774c,2017,2017,BUF,63
2022,PIT,DL,DT,99,ACT,Larry Ogunjobi,Olumide,Ogunjobi,1994-06-03,75.0,305,North Carolina-Charlotte,00-0033905,3050122,915f567f-ca74-426a-8ed0-123c45f67baa,30178,11933,11820,OgunLa00,18952,4106,5,"https://static.www.nfl.com/image/private/f_auto,q_auto/league/lwy0ylpaxchvs61rbkjk",INTERIOR_LINE,18,REG,A01,Larry,OGU431455,44877,32004f47-5543-1455-618c-a01f22ab7199,2017,2017,CLE,65
2022,NO,RB,RB,41,ACT,Alvin Kamara,Alvin,Kamara,1995-07-25,70.0,215,Tennessee,00-0033906,3054850,d9c857b2-97da-4fb8-a527-afbbb2a67413,30180,11732,11822,KamaAl00,18878,4035,5,"https://static.www.nfl.com/image/private/f_auto,q_auto/league/uulstglrpmhqsvqyr5v3",RB,18,REG,A01,Alvin,KAM244058,44879,32004b41-4d24-4058-5a3b-01bd39e6a25d,2017,2017,NO,67
2022,JAX,DL,DE,91,RES,Dawuane Smoot,Dawuane,Smoot,1995-03-02,75.0,264,Illinois,00-0033907,3042476,887dc7b2-fb32-4126-be14-509b40424d34,30181,11942,11823,SmooDa00,18959,4113,5,"https://static.www.nfl.com/image/private/f_auto,q_auto/league/uhvavmpqyqc24me7bmbi",,20,DIV,R01,Dawuane,SMO474349,44880,3200534d-4f47-4349-7350-861e0a999ca9,2017,2017,JAX,68
2022,LA,WR,WR,10,RES,Cooper Kupp,Cooper,Kupp,1993-06-15,74.0,208,Eastern Washington,00-0033908,2977187,2806e915-c46f-492f-8a29-71d3a85e5620,30182,11863,11824,KuppCo00,18882,4039,5,"https://static.www.nfl.com/image/private/f_auto,q_auto/league/tojsgl1ttwjkvo6x7wgy",,18,REG,R01,Cooper,KUP534597,44881,32004b55-5053-4597-b958-87408c31956f,2017,2017,LA,69
2022,CAR,OL,C,60,RES,Pat Elflein,Patrick,Elflein,1994-07-06,75.0,303,Ohio State,00-0033909,,,,,,,,,5,"https://static.www.nfl.com/image/private/f_auto,q_auto/league/t5un8s4gk7guev4prq4k",,18,REG,R01,Pat,ELF177981,44882,3200454c-4617-7981-a93d-0e2331f21f60,2017,2017,MIN,70
2022,NYJ,OL,G,67,ACT,Dan Feeney,Daniel,Feeney,1994-05-29,76.0,310,Indiana,00-0033910,,,,,,,,,5,"https://static.www.nfl.com/image/private/f_auto,q_auto/league/ftpi1uw7hxi1dxq0scmf",G,18,REG,A01,Dan,FEE559347,44883,32004645-4555-9347-23b7-c1724aa25fe0,2017,2017,LAC,71
2022,SF,DL,DE,75,ACT,Jordan Willis,Jordan,Willis,1995-05-02,76.0,270,Kansas State,00-0033912,3052434,92c77d16-f8bf-4716-bcde-6328838f4e65,30186,11953,11828,WillJo09,18951,4105,5,"https://static.www.nfl.com/image/private/f_auto,q_auto/league/jjkurl7wnljbngqkzhmx",EDGE,21,CON,A01,Jordan,WIL603954,44885,32005749-4c60-3954-e496-181276b2909c,2017,2017,CIN,73
2022,PIT,DL,DE,95,RES,Chris Wormley,Christopher,Wormley,1993-08-25,77.0,300,Michigan,00-0033913,2977615,9ea97d0c-6af7-46cd-a69f-b61a649e5a28,30187,11955,11829,WormCh00,18947,4101,5,"https://static.www.nfl.com/image/private/f_auto,q_auto/league/qzh6hn4wbff2je2r2601",,18,REG,R01,Chris,WOR645302,44886,3200574f-5264-5302-4b3c-cd49024f87a2,2017,2017,BAL,74
2022,DET,LB,ILB,34,ACT,Alex Anzalone,Alex,Anzalone,1994-09-22,75.0,240,Florida,00-0033914,3043107,8bb2d40a-6dd2-4108-9810-5def1b45f192,30189,11957,11831,AnzaAl00,18964,4118,5,"https://static.www.nfl.com/image/private/f_auto,q_auto/league/vgi6nmbt30qna8rzjylz",MLB,18,REG,A01,Alex,ANZ059326,44888,3200414e-5a05-9326-7226-57708da620ee,2017,2017,NO,76
2022,TEN,DL,DE,57,ACT,Tarell Basham,Tarell,Basham,1994-03-18,76.0,266,Ohio,00-0033917,3052977,d7068799-55b7-47c2-91d9-0e532957939e,30193,11902,11835,BashTa00,18958,4112,5,"https://static.www.nfl.com/image/private/f_auto,q_auto/league/jdy7wcc1g0aw6ujtugbl",EDGE,18,REG,A01,Tarell,BAS140463,44892,32004241-5314-0463-60dd-5752e5c3fcf1,2017,2017,IND,80
2022,NYG,DB,CB,37,ACT,Fabian Moreau,Fabian,Moreau,1994-04-09,72.0,204,UCLA,00-0033918,2971586,5ff63fe6-3b33-4f0d-bc51-d5e84d862b08,30194,11970,11836,MoreFa00,18972,4126,5,"https://static.www.nfl.com/image/private/f_auto,q_auto/league/sv855el7f8vnnne23cqb",CB,20,DIV,A01,Fabian,MOR095343,44893,32004d4f-5209-5343-5b58-7df71cf62da8,2017,2017,WAS,81
2022,HOU,DL,DE,95,RES,Derek Rivers,Derek,Rivers,1994-05-09,77.0,250,Youngstown State,00-0033920,3049268,7d1d8954-3836-4bbc-9d70-cd85e57c7c69,30196,11938,11838,RiveDe00,18963,4117,5,"https://static.www.nfl.com/image/private/f_auto,q_auto/league/raxkuoi9asirauurtz6o",,18,REG,R01,Derek,RIV455810,44895,32005249-5645-5810-4a0d-8efb3db9f5f0,2017,2017,NE,83
2022,TB,WR,WR,14,ACT,Chris Godwin,Rod,Godwin,1996-02-27,73.0,209,Penn State,00-0033921,3116165,baa61bb5-f8d0-4f90-bbe2-028576b8d33d,30197,11718,11839,GodwCh00,18880,4037,5,"https://static.www.nfl.com/image/private/f_auto,q_auto/league/knfx1v1e3suxbuh9vlmj",SLOT_WR,19,WC,A01,Chris,GOD549393,44896,3200474f-4454-9393-6eec-24189dd66641,2017,2017,TB,84
2022,CLE,RB,RB,27,ACT,Kareem Hunt,Kareem,Hunt,1995-08-06,71.0,216,Toledo,00-0033923,3059915,0ef0d0ca-2d2d-455b-ab63-a20c01303e37,30199,11739,11841,HuntKa00,18944,4098,5,"https://static.www.nfl.com/image/private/f_auto,q_auto/league/fmy9cgin9nv7ewyhsipr",RB,18,REG,A01,Kareem,HUN308934,44898,32004855-4e30-8934-bd0d-d8d3d09b6aac,2017,2017,KC,86
2022,CAR,RB,RB,33,ACT,D'Onta Foreman,D'Onta,Foreman,1996-04-24,73.0,233,Texas,00-0033925,3125116,02779042-2b4e-4fa9-b598-364fe01b523a,30202,11685,11844,ForeDO00,18957,4111,5,"https://static.www.nfl.com/image/private/f_auto,q_auto/league/kvowcl8ebdanhiuiwcrp",RB,18,REG,A01,D'Onta,FOR392618,44901,3200464f-5239-2618-71de-9b22c3939617,2017,2017,HOU,89
2022,JAX,DB,CB,26,RES,Shaquill Griffin,Shaquill,Griffin,1995-07-20,72.0,198,Central Florida,00-0033926,3054026,dd7640e6-d81d-4605-b900-451bf40e5bd6,30203,12015,11845,GrifSh00,18986,4140,5,"https://static.www.nfl.com/image/private/f_auto,q_auto/league/krm1uojyqdvaenfwgcni",,20,DIV,R01,Shaquill,GRI296565,44902,32004752-4929-6565-7f54-59ffc735723f,2017,2017,SEA,90
2022,CLE,DB,FS,43,ACT,John Johnson,John,Johnson,1995-12-19,72.0,209,Boston College,00-0033927,3046292,8c824157-eb33-4378-bf19-6c738a186ceb,30204,11997,11847,JohnJo10,18979,4133,5,"https://static.www.nfl.com/image/private/f_auto,q_auto/league/mpncs4wzvpsytbzhskec",SAFETY,18,REG,A01,John,JOH362641,44903,32004a4f-4836-2641-9903-f7417c116857,2017,2017,LA,91
2022,DAL,DB,CB,2,RES,Jourdan Lewis,Jourdan,Lewis,1995-08-31,70.0,195,Michigan,00-0033928,3045207,7ff68f1d-204c-4d49-9179-ecb2514094dc,30205,12024,11846,LewiJo01,18975,4129,5,"https://static.www.nfl.com/image/private/f_auto,q_auto/league/gcxxha3xtvtc7rxajcgs",,20,DIV,R01,Jourdan,LEW419597,44904,32004c45-5741-9597-66ab-b18d5fb659a5,2017,2017,DAL,92
2022,PIT,DL,NT,57,ACT,Montravius Adams,Montravius,Adams,1995-07-24,76.0,304,Auburn,00-0033929,3051894,794760c3-b654-48fa-ba3c-3b07fdb4c03e,30206,11752,11848,AdamMo00,18978,4132,5,"https://static.www.nfl.com/image/private/f_auto,q_auto/league/bt78obedupn95s6fq3m3",INTERIOR_LINE,18,REG,A01,Montravius,ADA519824,44905,32004144-4151-9824-1230-49b9593d6a6e,2017,2017,GB,93
2022,PIT,DB,CB,20,ACT,Cameron Sutton,Cameron,Sutton,1995-02-27,71.0,188,Tennessee,00-0033930,3044724,d8fc7bb7-333c-4caf-9512-893c334f56ef,30207,12031,11850,SuttCa00,18984,4138,5,"https://static.www.nfl.com/image/private/f_auto,q_auto/league/odx0syatrbh3jg8mdubp",CB,18,REG,A01,Cameron,SUT313402,44906,32005355-5431-3402-67cd-92ad57aa3382,2017,2017,PIT,94
2022,NYG,WR,WR,19,ACT,Kenny Golladay,Kenneth,Golladay,1993-11-03,76.0,213,Northern Illinois,00-0033932,2974858,659d31a3-9c62-4e3d-a0ea-b2e4967d6947,30209,11857,11851,GollKe00,18977,4131,5,"https://static.www.nfl.com/image/private/f_auto,q_auto/league/vck7awhkwwhui3ndgts3",SLOT_WR,20,DIV,A01,Kenny,GOL573546,44908,3200474f-4c57-3546-c21d-b780be32aca0,2017,2017,DET,96
2022,CIN,DL,DE,91,ACT,Trey Hendrickson,Collins,Hendrickson,1994-12-05,76.0,270,Florida Atlantic,00-0033935,3052743,41d217b9-ec7b-4d72-8a0a-5f0e3a16b693,30216,11919,11858,HendTr00,18981,4135,5,"https://static.www.nfl.com/image/private/f_auto,q_auto/league/aeog4kfqjr6hzbajkjku",EDGE,21,CON,A01,Trey,HEN324452,44915,32004845-4e32-4452-75c5-0aabacd72a94,2017,2017,NO,103
2022,JAX,QB,QB,3,ACT,C.J. Beathard,Casey,Beathard,1993-11-16,74.0,215,Iowa,00-0033936,2979520,6608fdbf-6c93-47cc-ad44-9da2fda598ce,30217,11833,11859,BeatC.00,18973,4127,5,"https://static.www.nfl.com/image/private/f_auto,q_auto/league/xiz9rvkn1eigusmdfc4s",,20,DIV,A01,C.J.,BEA000000,44916,32004245-4100-0000-1302-8b14c2a27740,2017,2017,SF,104
2022,BAL,LB,OLB,47,RES,Vince Biegel,Vincent,Biegel,1993-07-02,75.0,246,Wisconsin,00-0033939,2977798,28b0d2fd-18d0-442e-a9ec-70b2f8065ff2,30221,11959,11863,BiegVi00,18991,4145,5,"https://static.www.nfl.com/image/private/f_auto,q_auto/league/ms19ovndkfvblppicrvg",,19,WC,R01,Vince,BIE328770,44921,32004249-4532-8770-1f87-e70ee4709c76,2017,2017,GB,108
2022,ATL,DL,DT,90,ACT,Jaleel Johnson,Jaleel,Johnson,1994-07-12,75.0,316,Iowa,00-0033940,2979523,016a6d56-0b72-490e-8dae-41b5d3d2db63,30222,11921,11864,JohnJa09,19019,4173,5,"https://static.www.nfl.com/image/private/f_auto,q_auto/league/otkhxfhetd93llo1cox9",INTERIOR_LINE,18,REG,A01,Jaleel,JOH321843,44922,32004a4f-4832-1843-8fbe-91e7ad36a9fb,2017,2017,MIN,109
2022,JAX,DB,SS,2,ACT,Rayshawn Jenkins,Rayshawn,Jenkins,1994-01-25,73.0,220,Miami,00-0033941,2969961,18f174c9-a956-4c14-bd23-9e799fef6dc7,30226,11994,11868,JenkRa00,19026,4180,5,"https://static.www.nfl.com/image/private/f_auto,q_auto/league/koeyaiwpwtlphsw0l0wf",OLB,20,DIV,A01,Rayshawn,JEN428013,44926,32004a45-4e42-8013-cbad-6b370e9849e4,2017,2017,LAC,113
2022,DET,WR,WR,8,ACT,Josh Reynolds,Joshua Dedmon-Reynolds,Reynolds,1995-02-16,75.0,196,Texas A&amp;M,00-0033943,3115306,682eda79-0026-4ad8-8f45-a61ce42cb908,30230,11871,11872,ReynJo00,19017,4171,5,"https://static.www.nfl.com/image/private/f_auto,q_auto/league/khqejrdwhxxjzvbco3nv",WR,18,REG,A01,Josh,REY398905,44930,32005245-5939-8905-3a79-3286353be377,2017,2017,LA,117
2022,SF,DL,DE,56,ACT,Samson Ebukam,Nnamaka Ebukam,Ebukam,1995-05-09,75.0,245,Eastern Washington,00-0033945,3045527,1d05c82f-81cd-4fad-84f5-8be990c5258d,30238,12201,11880,EbukSa00,19016,4170,5,"https://static.www.nfl.com/image/private/f_auto,q_auto/league/g7rcmbdmhgauowhtwn2z",EDGE,21,CON,A01,Samson,EBU355964,44938,32004542-5535-5964-70df-ad4c6a840cec,2017,2017,LA,125
2022,BAL,OL,T,74,DEV,David Sharpe,David,Sharpe,1995-10-21,78.0,330,Florida,00-0033946,,,,,,,,,5,"https://static.www.nfl.com/image/private/f_auto,q_auto/league/hsxg3lt74z7mwkbjwqxw",,19,WC,P07,David,SHA433393,44942,32005348-4143-3393-70e8-6848464fd5c0,2017,2017,OAK,129
2022,NE,DL,DE,91,ACT,Deatrich Wise,Deatrich,Wise,1994-07-26,77.0,275,Arkansas,00-0033947,2980080,2516f9e7-9927-409d-adbe-b32d680ae71d,30244,11954,11886,WiseDe00,19020,4174,5,"https://static.www.nfl.com/image/private/f_auto,q_auto/league/bxwmlzyorjsos6w7g2x6",INTERIOR_LINE,18,REG,A01,Deatrich,WIS078731,44944,32005749-5307-8731-a79e-5eb302a7bb7b,2017,2017,NE,131
2022,DET,RB,RB,30,ACT,Jamaal Williams,Jamaal,Williams,1995-04-03,72.0,213,Brigham Young,00-0033948,2980453,122e131c-b08c-4b10-901d-481a20aeffb8,30247,11777,11889,WillJa06,18995,4149,5,"https://static.www.nfl.com/image/private/f_auto,q_auto/league/hl8dsrs7awapodhiwvgn",RB,18,REG,A01,Jamaal,WIL328269,44947,32005749-4c32-8269-4a19-d851ac99ba3c,2017,2017,GB,134
2022,TEN,QB,QB,11,ACT,Joshua Dobbs,Robert,Dobbs,1995-01-26,75.0,216,Tennessee,00-0033949,3044720,15bedebc-839e-450a-86f6-1f5ad1f4f820,30248,11834,11890,DobbJo00,19025,4179,5,"https://static.www.nfl.com/image/private/f_auto,q_auto/league/srtjkedldovmoxqdclaa",QB,18,REG,A01,Joshua,DOB302360,44948,3200444f-4230-2360-8e14-dbbe1dede120,2017,2017,PIT,135
2022,SEA,RB,RB,29,DEV,Wayne Gallman,Wayne,Gallman,1994-10-01,72.0,210,Clemson,00-0033950,3045127,567fe739-5425-4d78-896c-f1486813910d,30253,11761,11895,GallWa00,18996,4150,5,"https://static.www.nfl.com/image/private/f_auto,q_auto/league/zrc9lbsy94hxanrf5voo",,19,WC,P07,Wayne,GAL649066,44953,32004741-4c64-9066-25c6-c9a8be2311bb,2017,2017,NYG,140
2022,DEN,RB,RB,37,RES,Marlon Mack,Marlon,Mack,1996-03-07,71.0,210,South Florida,00-0033951,3139605,413f7971-4d5b-496d-a11b-f623e9bc3b7c,30256,11765,11898,MackMa00,18998,4152,5,"https://static.www.nfl.com/image/private/f_auto,q_auto/league/d3sdoo1yiey5oiyblulk",,18,REG,R01,Marlon,MAC338783,44956,32004d41-4333-8783-1057-4314041567c5,2017,2017,IND,143
2022,IND,DL,DT,90,ACT,Grover Stewart,Grover,Stewart,1993-10-20,76.0,315,"Albany State, Ga.",00-0033952,4058825,fae57441-a198-4674-8a37-401b64d17961,30257,12202,11899,StewGr00,19014,4168,5,"https://static.www.nfl.com/image/private/f_auto,q_auto/league/kmgpuhpbtfeftmuw2yxr",INTERIOR_LINE,18,REG,A01,Grover,STE757436,44957,32005354-4575-7436-dbba-86ad2a2f4b3a,2017,2017,IND,144
2022,LV,LB,OLB,50,RES,Jayon Brown,Jayon,Brown,1995-02-26,72.0,226,UCLA,00-0033954,3047559,29c53cbc-9d94-46af-b46a-674f9c1e5c79,30268,11963,11910,BrowJa06,19066,4220,5,"https://static.www.nfl.com/image/private/f_auto,q_auto/league/dwpeyjcsc4gclpbl1abb",,18,REG,R01,Jayon,BRO486545,44968,32004252-4f48-6545-77f7-ac6c4d81c66a,2017,2017,TEN,155
2022,PIT,RB,RB,33,RES,Jeremy McNichols,Jeremy,McNichols,1995-12-26,69.0,205,Boise State,00-0033955,3127586,25cc3585-6194-4786-968a-2600db46b6c6,30275,11767,11917,McNiJe00,19065,4219,5,"https://static.www.nfl.com/image/private/f_auto,q_auto/league/lwcqsanzizt8sq0jnnpr",,18,REG,R01,Jeremy,MCN750971,44975,32004d43-4e75-0971-c818-00cfc1798991,2017,2017,TB,162
2022,BUF,LB,OLB,52,CUT,Marquel Lee,Marquel,Lee,1995-10-21,75.0,235,Wake Forest,00-0033956,3039776,99e9c388-c562-40d4-b225-e99c57cb55ba,30281,11975,11923,LeexMa01,19058,4212,5,"https://static.www.nfl.com/image/private/f_auto,q_auto/league/a205r7zclo8neshrwpbr",,1,REG,A01,Marquel,LEE468103,44981,32004c45-4546-8103-24b7-5d050182cb10,2017,2017,OAK,168
2022,NYJ,WR,WR,18,RES,Rodney Adams,Rodney,Adams,1994-09-15,73.0,189,South Florida,00-0033957,3059918,dc8a06c8-538a-4408-8a2b-1d9bfafb8a3c,30283,11844,11925,AdamRo01,19054,4208,5,"https://static.www.nfl.com/image/private/f_auto,q_auto/league/ae8lsm9ahaczhqfz1pvo",,18,REG,R27,Rodney,ADA555214,44983,32004144-4155-5214-265d-3368798b4bd3,2017,2017,MIN,170
2022,CHI,QB,QB,14,ACT,Nathan Peterman,Nathan,Peterman,1994-05-04,74.0,225,Pittsburgh,00-0033958,2972236,4e4ba1f9-35c6-4e41-85f5-d8f12d32f459,30284,11840,11926,PeteNa00,19029,4183,5,"https://static.www.nfl.com/image/private/f_auto,q_auto/league/owifll49p0mmsjgf7rhn",QB,18,REG,A01,Nathan,PET071806,44984,32005045-5407-1806-8416-0c28f3e38ba0,2017,2017,BUF,171
2022,TEN,OL,G,63,DEV,Danny Isidora,Daniel,Isidora,1994-06-05,75.0,306,Miami,00-0033960,,,,,,,,,5,"https://static.www.nfl.com/image/private/f_auto,q_auto/league/ncvwmeudxbqryshgqr6o",,18,REG,P07,Danny,ISI148317,44993,32004953-4914-8317-8b45-dce72c3ab699,2017,2017,MIN,180
2022,NYJ,DL,DT,79,DEV,Tanzel Smart,Tanzel,Smart,1994-11-06,73.0,295,Tulane,00-0033963,3041112,243b786c-744d-4a6b-9a8a-0b4e5fd2ad18,30302,11941,11944,SmarTa00,19097,4251,5,"https://static.www.nfl.com/image/private/f_auto,q_auto/league/rwhxbxfygcscouwigdkb",,18,REG,P07,Tanzel,SMA791275,45002,3200534d-4179-1275-7efe-091fb227948c,2017,2017,LA,189
2022,CHI,DL,DE,55,ACT,Al-Quadin Muhammad,Al-Quadin,Muhammad,1995-03-28,76.0,250,Miami,00-0033964,3051942,08875a0a-0a3c-4fc1-b5f7-41d510503628,30309,11930,11951,MuhaAl00,19105,4259,5,"https://static.www.nfl.com/image/private/f_auto,q_auto/league/qgzgezkkoycldlnaatq8",EDGE,18,REG,A01,Al-Quadin,MUH405540,45009,32004d55-4840-5540-392b-8eb5c7758a63,2017,2017,NO,196
2022,TB,DL,DE,44,DEV,Ifeadi Odenigbo,Ifeadikachakwu,Odenigbo,1994-04-08,75.0,258,Northwestern,00-0033969,2974353,eb2c9e63-3a33-441e-aa95-462eaf97a371,30333,11932,11975,OdenIf00,19102,4256,5,"https://static.www.nfl.com/image/private/f_auto,q_auto/league/x9lbcp0y9zchvstyy6of",,19,WC,P07,Ifeadi,ODE690714,45033,32004f44-4569-0714-f07c-cb65e8e84376,2017,2017,MIN,220
2022,CHI,LB,OLB,47,ACT,Elijah Lee,Elijah,Lee,1996-02-08,74.0,229,Kansas State,00-0033973,3125073,c362b855-a313-4b46-ab26-a82082e1e8ee,30345,12151,11987,LeexEl00,19101,4255,5,"https://static.www.nfl.com/image/private/f_auto,q_auto/league/yuxsldcqxo8ul8q5zzp6",,18,REG,A01,Elijah,LEE201855,45045,32004c45-4520-1855-b913-eb00539e3774,2017,2017,MIN,232
2022,LA,WR,WR,34,DEV,Lance Lenoir,Lance,Lenoir,1995-02-09,72.0,201,Western Illinois,00-0033992,3049249,4f4f888c-08d3-4ea8-ab8f-0ddcf8bf195e,30899,12287,31892,,19668,4750,5,"https://static.www.nfl.com/image/private/f_auto,q_auto/league/flagmd6aeldbpmsrlihm",,18,REG,P01,Lance,LEN392908,45795,32004c45-4e39-2908-71bf-9ddebaa5e5e7,2017,2017,,
2022,CLE,OL,G,68,RES,Michael Dunn,Michael,Dunn,1994-08-28,77.0,307,Maryland,00-0033995,,,,,,,,,5,"https://static.www.nfl.com/image/private/f_auto,q_auto/league/vz5evsppbhpau2xev2eo",,18,REG,R01,Michael,DUN611995,45798,32004455-4e61-1995-a615-9fa2ab816f5f,2017,2017,,
2022,JAX,TE,TE,85,ACT,Dan Arnold,Daniel,Arnold,1995-03-15,78.0,220,Wisconsin-Platteville,00-0034011,4212989,d479a777-b53b-4bbf-a8e4-0c1675ac48df,30891,12276,51842,ArnoDa00,19659,4741,5,"https://static.www.nfl.com/image/private/f_auto,q_auto/league/wym2o0jlxcvswj3gy9kv",TE,20,DIV,A01,Dan,ARN413883,45785,32004152-4e41-3883-2521-46a3b5976b3b,2017,2017,,
2022,PIT,LS,LS,46,ACT,Christian Kuntz,Christian,Kuntz,1994-04-13,73.0,228,Duquesne,00-0034051,2978524,0c306d14-6fe6-4b4e-b87f-871c72441947,30954,12977,20035,,19749,4848,5,"https://static.www.nfl.com/image/private/f_auto,q_auto/league/fthj9aithdyery6f7npt",,18,REG,A01,Christian,KUN149501,45884,32004b55-4e14-9501-c360-3f0f92e592c8,2017,2017,,
2022,DET,WR,WR,13,DEV,Brandon Zylstra,Brandon,Zylstra,1993-03-25,74.0,215,"Concordia, Minn",00-0034052,4294520,3885b40b-c31b-4cd6-a0fd-3d24bede2771,30959,12533,66438,ZylsBr00,19779,4878,4,"https://static.www.nfl.com/image/private/f_auto,q_auto/league/arx0mz7gc5dm0wfc5kfx",,18,REG,P07,Brandon,ZYL593274,44123,32005a59-4c59-3274-af56-8321ef94d58f,2018,2018,,
2022,MIA,WR,WR,85,ACT,River Cracraft,Tanner,Cracraft,1994-11-01,72.0,200,Washington State,00-0034054,3052056,6124c4d4-337b-4926-b3f8-d2feb1c16fa9,30955,12447,47417,,19755,4854,5,"https://static.www.nfl.com/image/private/f_auto,q_auto/league/jv303s960b6h7z3rglkw",SLOT_WR,19,WC,A01,River,CRA117607,45900,32004352-4111-7607-73cf-c45c2c324726,2017,2017,,
2022,WAS,OL,C,61,CUT,Jon Toth,Jonathon,Toth,1994-02-11,77.0,310,Kentucky,00-0034058,,,,,,,,,5,"https://static.www.nfl.com/image/private/f_auto,q_auto/league/m5lckixkkwzyzjml1mxd",,5,REG,P01,Jon,TOT182145,45930,3200544f-5418-2145-1a49-794928d9b4ec,2017,2017,,
2022,DET,LS,LS,47,ACT,Scott Daly,Kevin,Daly,1994-02-07,73.0,250,Notre Dame,00-0034067,,,,,,,,,4,"https://static.www.nfl.com/image/private/f_auto,q_auto/league/i91jtfrijwxezvon8flm",,18,REG,A01,Scott,DAL816332,46053,32004441-4c81-6332-84da-b244de2f811d,2018,2018,,
2022,WAS,DB,CB,36,ACT,Danny Johnson,Danny,Johnson,1995-11-17,69.0,190,Southern U.,00-0034071,3141066,3f178f8f-97fc-491c-ae5a-4c2544e611ef,31402,12834,49379,,20395,5388,4,"https://static.www.nfl.com/image/private/f_auto,q_auto/league/guxlravaisglnr0pk5yb",CB,18,REG,A01,Danny,JOH165289,46329,32004a4f-4816-5289-7eba-eea55c4f9eec,2018,2018,,
2022,SF,TE,TE,82,INA,Ross Dwelley,Ross,Dwelley,1995-01-26,77.0,240,San Diego,00-0034073,3120303,70473218-5ae3-47b4-86fd-151e68f1e8b9,31329,13030,20994,DwelRo00,20361,5285,4,"https://static.www.nfl.com/image/private/f_auto,q_auto/league/wsqd1kbdbqratcxretm5",,21,CON,A01,Ross,DWE397627,46331,32004457-4539-7627-2c44-5892c74c3269,2018,2018,,
2022,MIA,DL,NT,70,DEV,Niles Scott,Niles,Scott,1995-09-30,75.0,320,Frostburg State,00-0034077,,,,,,,,,4,"https://static.www.nfl.com/image/private/f_auto,q_auto/league/qxa7ayfvssja3wyqug1y",,1,REG,P01,Niles,SCO524870,46335,32005343-4f52-4870-9577-5e894b7f4d24,2018,2018,,
2022,LA,OL,G,62,DEV,Jeremiah Kolone,Jeremiah,Kolone,1994-10-23,75.0,316,San Jose State,00-0034080,,,,,,,,,4,"https://static.www.nfl.com/image/private/f_auto,q_auto/league/jl3qurmy57ntj0603bdi",,18,REG,P01,Jeremiah,KOL755546,46338,32004b4f-4c75-5546-22d3-329cc892b2ac,2018,2018,,
2022,DET,K,K,17,ACT,Michael Badgley,Michael,Badgley,1995-07-28,70.0,183,Miami,00-0034084,3123052,375b0d7f-8d03-4111-8c1b-62907f0326a1,31366,12775,,,20144,5230,4,"https://static.www.nfl.com/image/private/f_auto,q_auto/league/vd3bpx6fhrx6thicas7c",,18,REG,A01,Michael,BAD662906,46342,32004241-4466-2906-a7b8-c2c8d83b5678,2018,2018,,
2022,TB,DB,SS,39,CUT,Chris Cooper,Christopher,Cooper,1994-03-17,70.0,200,Stony Brook,00-0034085,3912343,18911a2e-1c57-49cc-b7a1-c2cbc599264f,31367,13410,28870,,20302,5449,4,"https://static.www.nfl.com/image/private/f_auto,q_auto/league/gf750i58d7wmsg1siopu",,1,REG,W03,Chris,COO521129,46343,3200434f-4f52-1129-8a85-151430d4b28b,2018,2018,,
2022,BAL,DB,CB,17,CUT,Robert Jackson,Robert,Jackson,1993-12-08,74.0,205,Nevada-Las Vegas,00-0034088,4036898,d962a98d-cbba-47e0-ad20-dedc094a1822,31370,13411,28990,,20300,5448,4,"https://static.www.nfl.com/image/private/f_auto,q_auto/league/yvkxdsec757gjivq83iq",,1,REG,A01,Robert,JAC502943,46346,32004a41-4350-2943-2c26-7b288d95afa8,2018,2018,,
2022,SF,DB,FS,30,ACT,George Odum,George,Odum,1993-11-03,73.0,202,Central Arkansas,00-0034091,3050199,b736f05a-38a5-47b4-aaab-734667967ac2,31373,13094,31342,,20492,5445,4,"https://static.www.nfl.com/image/private/f_auto,q_auto/league/b0wga3st7ii69fzzjd4o",,21,CON,A01,George,ODU401791,46349,32004f44-5540-1791-6650-dd05691b1af8,2018,2018,,
2022,SF,DB,CB,4,RES,Emmanuel Moseley,Emmanuel,Moseley,1996-03-25,71.0,184,Tennessee,00-0034096,3115337,ae6a5f6b-20ac-4b44-9d05-b75634aa1199,31386,13422,50430,,20366,5436,4,"https://static.www.nfl.com/image/private/f_auto,q_auto/league/m6iiaqwgpx0gdxpjm6yy",,21,CON,R01,Emmanuel,MOS070504,46354,32004d4f-5307-0504-6d76-099d35264283,2018,2018,,
2022,MIN,OL,T,61,CUT,Timon Parris,Timon,Parris,1995-09-11,78.0,315,Stony Brook,00-0034102,,,,,,,,,4,"https://static.www.nfl.com/image/private/f_auto,q_auto/league/v2jbpp1ddloeqfielkay",,1,REG,W03,Timon,PAR643168,46360,32005041-5264-3168-c4ec-5884e065c3b1,2018,2018,,
2022,WAS,WR,WR,89,ACT,Cam Sims,Cam,Sims,1996-01-06,77.0,214,Alabama,00-0034104,3115314,f4f11bc2-2fe6-4da8-a83c-63085788e789,31405,13101,47908,SimsCa00,20529,5432,4,"https://static.www.nfl.com/image/private/f_auto,q_auto/league/ljjicliuz28ozqnxujvs",WR,18,REG,A01,Cam,SIM667389,46362,32005349-4d66-7389-635d-47b12e2ab8b9,2018,2018,,
2022,IND,RB,RB,30,CUT,Phillip Lindsay,Phillip,Lindsay,1994-07-24,68.0,190,Colorado,00-0034109,3052117,8322b598-ab65-4b2c-8a54-af37f67a062d,31379,12715,12660,LindPh00,20128,5170,4,"https://static.www.nfl.com/image/private/f_auto,q_auto/league/soywd4cnq19pigrwabb5",,10,REG,P07,Phillip,LIN303086,46367,32004c49-4e30-3086-a451-a8add609c5d0,2018,2018,,
2022,MIN,OL,G,65,RES,Austin Schlottmann,Austin,Schlottmann,1995-09-18,78.0,300,Texas Christian,00-0034112,,,,,,,,,4,"https://static.www.nfl.com/image/private/f_auto,q_auto/league/gog64ary7gwmqkbzz7t7",,19,WC,R01,Austin,SCH243742,46370,32005343-4824-3742-b68e-c1ec7beb6be9,2018,2018,,
2022,LA,OL,G,65,ACT,Coleman Shelton,Coleman,Shelton,1995-07-28,76.0,285,Washington,00-0034114,,,,,,,,,4,"https://static.www.nfl.com/image/private/f_auto,q_auto/league/vwpwrixo1p2ciykj5pqv",C,18,REG,A01,Coleman,SHE410481,46376,32005348-4541-0481-486a-e4fbdf2ec38e,2018,2018,,
2022,MIA,RB,RB,23,ACT,Jeffery Wilson,Jeffery,Wilson,1995-11-16,72.0,194,North Texas,00-0034115,3122976,72cf3127-3953-4fd8-8049-3de1b6fa9825,31394,12932,29413,WilsJe01,20360,5284,4,"https://static.www.nfl.com/image/private/f_auto,q_auto/league/rq7a1zluwjhoxrsuhpgi",RB,19,WC,A01,Jeffery,WIL723340,46377,32005749-4c72-3340-3ba4-ceb68768d8f6,2018,2018,,
2022,NO,DB,SS,48,ACT,J.T. Gray,Juantavius,Gray,1996-01-18,72.0,202,Mississippi State,00-0034116,3115481,e0248ecc-27b4-4368-bf97-47a73cb41ec2,31411,13106,51495,,20559,5452,4,"https://static.www.nfl.com/image/private/f_auto,q_auto/league/m6rpujbapdhchza3lktx",SLOT_CB,18,REG,A01,J.T.,GRA702824,46378,32004752-4170-2824-803c-f0109f50354a,2018,2018,,
2022,CIN,LB,LB,45,DEV,Tegray Scales,Tegray,Scales,1996-05-10,73.0,227,Indiana,00-0034121,3128268,80637f09-673d-45fe-b874-bdb1a9c20ee6,31410,12704,50819,,20155,5174,4,"https://static.www.nfl.com/image/private/f_auto,q_auto/league/reeovtazfashrsg9antf",,11,REG,P01,Tegray,SCA251264,46383,32005343-4125-1264-b9f5-f4a2c1abeae8,2018,2018,,
2022,BUF,DL,DT,95,RES,Kendal Vickers,Kendal,Vickers,1995-05-23,75.0,295,Tennessee,00-0034125,3044732,0cd46b5f-5397-4947-9331-8d3420af7852,31420,14560,48993,,20346,5470,4,"https://static.www.nfl.com/image/private/f_auto,q_auto/league/hodbwvwuiigh4mwv9uih",,20,DIV,R23,Kendal,VIC633060,46387,32005649-4363-3060-f8c3-0e85d78b20af,2018,2018,,
2022,PIT,DB,DB,40,CUT,Linden Stephens,Linden,Stephens,1995-03-21,72.0,193,Cincinnati,00-0034130,3125816,1163ba47-560b-4705-82be-69967c4fc096,31415,12699,38426,,20335,5474,4,"https://static.www.nfl.com/image/private/f_auto,q_auto/league/ghmdckb8pjgmmyak6dic",,1,REG,W03,Linden,STE419047,46392,32005354-4541-9047-173e-c83985c34dbc,2018,2018,,
2022,SF,QB,QB,6,CUT,Kurt Benkert,Kurt,Benkert,1995-07-17,75.0,215,Virginia,00-0034131,3040535,bd684ac3-89d5-4b6b-84df-2a4a9b04cae1,31336,12819,46540,,20089,5142,4,"https://static.www.nfl.com/image/private/f_auto,q_auto/league/lq7drrswvcbnkyghztab",,11,REG,P01,Kurt,BEN189471,46393,32004245-4e18-9471-1934-0ec3db2d3a5d,2018,2018,,
2022,ARI,WR,WR,39,CUT,Christian Blake,Christian,Blake,1996-06-08,73.0,181,Northern Illinois,00-0034132,3126002,d90a2ae8-cbd6-40cd-a545-3501c93c0822,31347,13083,47900,BlakCh00,20224,5241,4,"https://static.www.nfl.com/image/private/f_auto,q_auto/league/rmcz9n6zmmpqmovo8cug",,1,REG,A01,Christian,BLA573971,46394,3200424c-4157-3971-4bfd-3299820d3995,2018,2018,,
2022,NYG,OL,T,73,CUT,Matt Gono,Matthew,Gono,1996-05-10,76.0,305,Wesley,00-0034140,,,,,,,,,4,"https://static.www.nfl.com/image/private/f_auto,q_auto/league/gopmxlzrfz1ax0bokqnd",,1,REG,A01,Matt,GON205666,46402,3200474f-4e20-5666-da7b-e4cdca585c41,2018,2018,,
2022,PIT,OL,C,60,ACT,J.C. Hassenauer,James,Hassenauer,1995-09-15,74.0,295,Alabama,00-0034142,,,,,,,,,4,"https://static.www.nfl.com/image/private/f_auto,q_auto/league/ek5m4yt3rjeydhbdabqt",,18,REG,A01,J.C.,HAS586176,46404,32004841-5358-6176-f51b-0b172808e017,2018,2018,,
2022,KC,DB,CB,29,CUT,Chris Lammons,Christopher,Lammons,1996-01-31,69.0,190,South Carolina,00-0034145,3128630,bb5e3914-d941-4f05-8c45-bc9c520490ef,31359,13017,49368,,20050,5508,4,"https://static.www.nfl.com/image/private/f_auto,q_auto/league/nyuib9puw6erjti40seu",,22,SB,W03,Chris,LAM673498,46407,32004c41-4d67-3498-ed06-d6bba55ed28b,2018,2018,,
2022,CAR,LB,OLB,48,CUT,Jacob Tuioti-Mariner,Jacob,Tuioti-Mariner,1996-07-25,74.0,285,UCLA,00-0034154,3134315,e47c71c1-2e10-42d0-b5f8-5651909a0ff4,31352,13087,50141,,20233,5505,4,"https://static.www.nfl.com/image/private/f_auto,q_auto/league/bjqooiuyjv95hokkzdqk",,1,REG,A01,Jacob,TUI681078,46416,32005455-4968-1078-7f2c-d633fb938057,2018,2018,,
2022,MIN,OL,T,75,RES,Brian O'Neill,Brian,O'Neill,1995-09-15,79.0,297,Pittsburgh,00-0034158,,,,,,,,,4,"https://static.www.nfl.com/image/private/f_auto,q_auto/league/lqfrlnnr5iu93mnxunza",,19,WC,R01,Brian,ONE620476,46131,32004f4e-4562-0476-e88b-0b8007f92aac,2018,2018,MIN,62
2022,SEA,TE,TE,89,RES,Will Dissly,Will,Dissly,1996-07-08,76.0,267,Washington,00-0034159,3127292,383f4814-6836-4766-a297-fc063e8509cc,31090,12986,30762,DissWi00,19950,5010,4,"https://static.www.nfl.com/image/private/f_auto,q_auto/league/elomdi6lix6ifser3kf7",,19,WC,R01,Will,DIS743152,46189,32004449-5374-3152-f4a5-5fed1351e162,2018,2018,SEA,120
2022,SEA,P,P,4,ACT,Michael Dickson,Michael,Dickson,1996-01-04,74.0,208,Texas,00-0034160,3929851,d1ae3222-8892-49bc-bb3e-0bcd7c74522e,31119,12481,35381,DickMi00,19956,5011,4,"https://static.www.nfl.com/image/private/f_auto,q_auto/league/gavzubvyckul7cdyjozo",,19,WC,A01,Michael,DIC718404,46218,32004449-4371-8404-4b71-7db3262e7930,2018,2018,SEA,149
2022,LV,K,K,2,ACT,Daniel Carlson,Daniel,Carlson,1995-01-23,77.0,215,Auburn,00-0034161,3051909,7bb70550-c28a-4e47-9a13-cc0c0fef8b38,31137,12842,28121,CarlDa00,19989,5095,4,"https://static.www.nfl.com/image/private/f_auto,q_auto/league/mlew3trijmjcllj5dky5",,18,REG,A01,Daniel,CAR116166,46236,32004341-5211-6166-a413-500a4850fe60,2018,2018,MIN,167
2022,LAC,P,P,16,ACT,J.K. Scott,John,Scott,1995-10-30,77.0,208,Alabama,00-0034162,3126368,5067e5ee-bae8-411e-bc05-011a88a3d954,31142,12822,38809,ScotJK00,19977,5087,4,"https://static.www.nfl.com/image/private/f_auto,q_auto/league/notylzwqoly1c8st7wvu",,19,WC,A01,J.K.,SCO395209,46241,32005343-4f39-5209-d22c-2a3bd84740e8,2018,2018,GB,172
2022,DEN,DL,DE,54,RES,Jake Martin,Jacob,Martin,1995-12-11,74.0,242,Temple,00-0034163,3138764,b7337487-017c-42f4-b500-6802a35efbfc,31156,12990,50152,MartJa02,19999,5378,4,"https://static.www.nfl.com/image/private/f_auto,q_auto/league/anlrieol0pmf5pxfuzyq",,18,REG,R01,Jake,MAR630923,46255,32004d41-5263-0923-c34c-27b8599826fa,2018,2018,SEA,186
2022,TEN,RB,RB,23,RES,Trenton Cannon,Trenton,Cannon,1994-07-23,71.0,185,Virginia State,00-0034164,4261020,b89c853a-6bd8-42ec-ae52-a11831923631,31174,12997,66446,CannTr00,20040,5123,4,"https://static.www.nfl.com/image/private/f_auto,q_auto/league/hkpxcipgs7jtgdwpkjel",,18,REG,R01,Trenton,CAN678301,46273,32004341-4e67-8301-f62c-beadb4a19a53,2018,2018,NYJ,204
2022,ATL,OL,G,66,ACT,Colby Gossett,Colby,Gossett,1995-06-23,77.0,331,Appalachian State,00-0034165,,,,,,,,,4,"https://static.www.nfl.com/image/private/f_auto,q_auto/league/bzaqsyxt5pu1uewhwkhu",G,18,REG,A01,Colby,GOS543220,46282,3200474f-5354-3220-63be-e1e5def335f3,2018,2018,MIN,213
2022,ARI,LS,LS,48,ACT,Hunter Bradley,Hunter,Bradley,1994-05-21,75.0,240,Mississippi State,00-0034168,,,,,,,,,4,"https://static.www.nfl.com/image/private/f_auto,q_auto/league/ui6arad4qnmxievmqk3u",,18,REG,A01,Hunter,BRA208288,46308,32004252-4120-8288-2a41-71088b5a2686,2018,2018,GB,239
2022,DET,RB,FB,45,ACT,Jason Cabinda,Jason,Cabinda,1996-03-17,73.0,235,Penn State,00-0034171,3116158,da8694f7-3e30-4500-b890-bd28c7bc0ddc,31480,12662,50714,,20074,5565,4,"https://static.www.nfl.com/image/private/f_auto,q_auto/league/mtrveaqu9e3pyikgbspy",FB,18,REG,A01,Jason,CAB127781,46424,32004341-4212-7781-ec7c-d63551f55cb4,2018,2018,,
2022,CAR,K,K,4,ACT,Eddy Pineiro,Eddy,Pineiro,1995-09-13,72.0,178,Florida,00-0034173,4034949,1c50997f-c56e-47f9-a750-33ab100ed28b,31482,12582,,,20149,5189,4,"https://static.www.nfl.com/image/private/f_auto,q_auto/league/uv24tepwqfxrt8anxwjl",,18,REG,A01,Eddy,PIN375542,46426,32005049-4e37-5542-2bc1-1264cee3959d,2018,2018,,
2022,CHI,QB,QB,17,ACT,Tim Boyle,Timothy,Boyle,1994-10-03,76.0,233,Eastern Kentucky,00-0034177,3045169,d897b70f-29d9-477e-a72a-c9bfbadb70d3,31431,13109,21956,,20283,5257,4,"https://static.www.nfl.com/image/private/f_auto,q_auto/league/jvmdba4drtestmux1doc",QB,18,REG,A01,Tim,BOY696580,46430,3200424f-5969-6580-30ab-073b70dbd48b,2018,2018,,
2022,BAL,RB,RB,35,ACT,Gus Edwards,Gus,Edwards,1995-04-13,73.0,238,Rutgers,00-0034184,3051926,3ffc3993-461e-4477-9def-c9633b7feac1,31424,13123,46027,EdwaGu00,20239,5248,4,"https://static.www.nfl.com/image/private/f_auto,q_auto/league/ckpluqlmmoevgmjsajzg",RB,19,WC,A01,Gus,EDW471180,46437,32004544-5747-1180-daba-c0c892edc0c8,2018,2018,,
2022,LV,DL,NT,63,RES,Tyler Lancaster,Tyler,Lancaster,1994-11-04,75.0,315,Northwestern,00-0034185,3045242,ca113409-c714-40f8-82db-727eae1e455e,31436,13114,48604,,20288,5483,4,"https://static.www.nfl.com/image/private/f_auto,q_auto/league/hyaebuzr5cwlbkzicnqi",,1,REG,R01,Tyler,LAN015019,46438,32004c41-4e01-5019-a4ef-3386d89b1919,2018,2018,,
2022,TEN,TE,TE,86,ACT,Kevin Rader,Kevin,Rader,1995-04-26,76.0,250,Youngstown State,00-0034193,3049290,1ea6e870-84ff-44ba-8302-f0f08623fa26,31441,13119,30887,,20134,5171,4,"https://static.www.nfl.com/image/private/f_auto,q_auto/league/n6pacauh70xu2dy5tztf",FB,18,REG,A01,Kevin,RAD332635,46446,32005241-4433-2635-a298-374f82e34889,2018,2018,,
2022,LV,LS,LS,47,ACT,Trent Sieg,Trent,Sieg,1995-05-19,75.0,240,Colorado State,00-0034198,,,,,,,,,4,"https://static.www.nfl.com/image/private/f_auto,q_auto/league/ozfqscezd6imvwppsndg",,18,REG,A01,Trent,SIE111904,46451,32005349-4511-1904-317d-d323fdaacf0a,2018,2018,,
2022,JAX,DB,CB,31,ACT,Darious Williams,Darious,Williams,1993-03-15,69.0,187,Alabama-Birmingham,00-0034203,4239833,a40a9b55-7850-4572-8197-f57a5354f921,31422,13132,55724,,20570,5526,4,"https://static.www.nfl.com/image/private/f_auto,q_auto/league/cs0akxwea8jrnciyyesn",CB,20,DIV,A01,Darious,WIL207303,46456,32005749-4c20-7303-e868-367ed31cee5a,2018,2018,,
2022,TEN,LB,OLB,92,CUT,Olasunkanmi Adeniyi,Olasunkanmi,Adeniyi,1997-09-12,73.0,248,Toledo,00-0034204,3126081,cc67f4a1-99e9-48a9-84f4-245d7425ba6f,31484,12574,50154,,20180,5183,4,"https://static.www.nfl.com/image/private/f_auto,q_auto/league/uhae1hw5trbyhjxlknnv",,15,REG,W03,Olasunkanmi,ADE457704,46457,32004144-4545-7704-fb69-f33b4d1f1db2,2018,2018,,
2022,DEN,RB,RB,26,RES,Mike Boone,Michael,Boone,1995-07-30,70.0,205,Cincinnati,00-0034208,3139033,9424475a-fba7-4bfd-b79c-f372ad28082a,31228,13067,31615,,20159,5209,4,"https://static.www.nfl.com/image/private/f_auto,q_auto/league/rcrpzluchltmk9stwtfc",,18,REG,R01,Mike,BOO452495,46461,3200424f-4f45-2495-f003-8085a5aa378e,2018,2018,,
2022,DAL,OL,C,64,CUT,Dakoda Shepley,Dakoda,Shepley,1994-12-27,77.0,290,"British Columbia, Can.",00-0034229,,,,,,,,,4,"https://static.www.nfl.com/image/private/f_auto,q_auto/league/hpgtlu0zsowcnztpy6jk",,20,DIV,W03,Dakoda,SHE534547,46482,32005348-4553-4547-9858-38a54e9a9fc0,2018,2018,,
2022,SEA,DL,DE,97,ACT,Poona Ford,Kaylon,Ford,1995-11-19,71.0,310,Texas,00-0034234,3125114,09b78e4f-e683-4c5d-b35e-35cc0dbbf7e5,31477,12492,48875,,20185,5226,4,"https://static.www.nfl.com/image/private/f_auto,q_auto/league/lilguxdudnra2dmjyuhp",INTERIOR_LINE,19,WC,A01,Poona,FOR313563,46487,3200464f-5231-3563-7ceb-0c4e0d3f4032,2018,2018,,
2022,MIA,DB,CB,22,ACT,Elijah Campbell,Elijah,Campbell,1995-08-24,71.0,193,Northern Iowa,00-0034248,3932901,98166be9-2705-496d-ae1c-3bbcc2fe60bb,31451,13139,49190,,20271,5534,4,"https://static.www.nfl.com/image/private/f_auto,q_auto/league/dwnssmzwfnbx1mzqrzur",SAFETY,19,WC,A01,Elijah,CAM260095,46501,32004341-4d26-0095-2cd6-599f689d3453,2018,2018,,
2022,DEN,OL,T,67,ACT,Christian DiLauro,Christian,DiLauro,1994-11-11,78.0,300,Illinois,00-0034250,,,,,,,,,4,"https://static.www.nfl.com/image/private/f_auto,q_auto/league/dxzkcc7yg240dmxupais",,18,REG,A01,Christian,DIL014197,46503,32004449-4c01-4197-3168-923c6b52e743,2018,2018,,
2022,NE,DL,DT,95,ACT,Daniel Ekuale,Daniel,Ekuale,1994-01-13,75.0,300,Washington State,00-0034251,3052059,55998ec0-4d69-4d14-a2f4-cf72de36e998,31454,13142,48874,,20269,5532,4,"https://static.www.nfl.com/image/private/f_auto,q_auto/league/t9pts69f9upkhincv8rr",INTERIOR_LINE,18,REG,A01,Daniel,EKU059326,46504,3200454b-5505-9326-b9c6-0af03df96fa2,2018,2018,,
2022,TEN,RB,RB,40,RES,Dontrell Hilliard,Dontrell,Hilliard,1995-02-26,71.0,202,Tulane,00-0034253,3126246,ef21feb3-991e-42d7-bb16-8bc92f7894bf,31457,13135,45691,,20566,5536,4,"https://static.www.nfl.com/image/private/f_auto,q_auto/league/ukhyslngeuojxkjqfq9f",,18,REG,R01,Dontrell,HIL714536,46506,32004849-4c71-4536-e39f-552e77c63174,2018,2018,,
2022,CAR,OL,G,63,ACT,Austin Corbett,Austin,Corbett,1995-09-05,76.0,305,Nevada,00-0034261,,,,,,,,,4,"https://static.www.nfl.com/image/private/f_auto,q_auto/league/j03ii9utq2gypzhu7ip5",G,18,REG,A01,Austin,COR008097,46102,3200434f-5200-8097-d4cb-2bd53a7e3b55,2018,2018,CLE,33
2022,SF,DB,SS,33,ACT,Tarvarius Moore,Tarvarius,Moore,1996-08-16,74.0,200,Southern Mississippi,00-0034263,4039278,55414554-e550-435e-a108-6047a9318e0a,31065,12985,49178,MoorTa00,19907,5040,4,"https://static.www.nfl.com/image/private/f_auto,q_auto/league/ucvfsaohlrescprlv5s8",,21,CON,A01,Tarvarius,MOO706518,46164,32004d4f-4f70-6518-ef50-459253ae6c03,2018,2018,SF,95
2022,CHI,DL,DE,95,ACT,Jalyn Holmes,Jalyn,Holmes,1996-01-25,77.0,283,Ohio State,00-0034264,3121414,9b8e379d-2362-415f-b51d-ec3b8bedda93,31072,12812,48400,HolmJa01,19911,5333,4,"https://static.www.nfl.com/image/private/f_auto,q_auto/league/iijkne6dsnpkzt2cyjuj",INTERIOR_LINE,18,REG,A01,Jalyn,HOL562778,46171,3200484f-4c56-2778-1cf6-38d9818b0ce8,2018,2018,MIN,102
2022,LV,DB,CB,29,RES,Anthony Averett,Anthony,Averett,1994-11-30,71.0,178,Alabama,00-0034265,3054841,791b7f98-c5ff-4145-ab8c-c67e3ca801c4,31088,12905,50365,AverAn00,19927,5301,4,"https://static.www.nfl.com/image/private/f_auto,q_auto/league/lxsztr32tiansmv1qyfs",,18,REG,R01,Anthony,AVE305232,46187,32004156-4530-5232-b5e8-6360bea8cbf1,2018,2018,BAL,118
2022,NO,LB,ILB,33,TRT,Kenny Young,Kenneth,Young,1994-11-15,73.0,235,UCLA,00-0034266,3134310,13a9ad48-6886-4390-b2d8-9c79cda111d1,31092,12689,51029,YounKe03,19926,5300,4,"https://static.www.nfl.com/image/private/f_auto,q_auto/league/jtkvayvjxcdoak0876sm",,16,REG,P07,Kenny,YOU333177,46191,3200594f-5533-3177-e5e5-a1a7620cabde,2018,2018,BAL,122
2022,NYJ,TE,TE,83,ACT,Tyler Conklin,Tyler,Conklin,1995-07-30,75.0,254,Central Michigan,00-0034270,3915486,f0d17dfa-ebf3-416c-a8d2-c6bc30675103,31220,12809,47124,ConkTy00,19988,5133,4,"https://static.www.nfl.com/image/private/f_auto,q_auto/league/fx3sjul1xvi4tuag57bn",TE,18,REG,A01,Tyler,CON185250,46226,3200434f-4e18-5250-1988-fe7b6c249df3,2018,2018,MIN,157
2022,KC,WR,WR,11,ACT,Marquez Valdes-Scantling,Marquez,Valdes-Scantling,1994-10-10,76.0,207,South Florida,00-0034272,3051738,e7f0a505-8060-403e-a3b3-9d4e88dda1dc,31144,12934,47809,ValdMa00,19976,5086,4,"https://static.www.nfl.com/image/private/f_auto,q_auto/league/dvzluuxi81gwt3e8eixo",WR,22,SB,A01,Marquez,VAL142116,46243,32005641-4c14-2116-e6d9-84cbe2bdacf5,2018,2018,GB,174
2022,MIN,DB,CB,35,DEV,Parry Nickerson,Parry,Nickerson,1994-10-11,70.0,180,Tulane,00-0034274,3041098,2177026c-2b34-4b88-bc88-50d7c9962064,31149,12958,50511,NickPa00,19994,5091,4,"https://static.www.nfl.com/image/private/f_auto,q_auto/league/x0awirw6ycqqjfte4w3g",,19,WC,P07,Parry,NIC668282,46248,32004e49-4366-8282-8af2-87c86e4e6140,2018,2018,NYJ,179
2022,JAX,DL,DT,94,ACT,Folorunso Fatukasi,Folorunso,Fatukasi,1995-03-04,76.0,318,Connecticut,00-0034275,3045172,acc3f3fc-12b7-40b6-b773-b73b2b10cf32,31150,12670,38558,FatuFo00,19993,5090,4,"https://static.www.nfl.com/image/private/f_auto,q_auto/league/sx5qxaczifpgsaborvqd",INTERIOR_LINE,20,DIV,A01,Folorunso,FAT652601,46249,32004641-5465-2601-1089-56b116256de8,2018,2018,NYJ,180
2022,DET,DB,FS,5,ACT,DeShon Elliott,Armentae,Elliott,1997-04-21,73.0,210,Texas,00-0034277,3929846,83128a20-392f-4ca7-878e-689c6e6dfbfc,31160,12459,28854,ElliDe02,19960,5071,4,"https://static.www.nfl.com/image/private/f_auto,q_auto/league/iooegxhaoile1dkdezqg",SAFETY,18,REG,A01,DeShon,ELL279522,46259,3200454c-4c27-9522-d1e7-5cd70d5401d2,2018,2018,BAL,190
2022,HOU,DB,CB,1,ACT,Tremon Smith,Tremon,Smith,1996-07-20,71.0,190,Central Arkansas,00-0034278,3134448,aecd8785-d22b-43b4-bbff-76b7e4319ed6,31166,12994,28196,SmitTr04,20028,5328,4,"https://static.www.nfl.com/image/private/f_auto,q_auto/league/oxnblvntjctxognuq2h4",CB,18,REG,A01,Tremon,SMI764498,46265,3200534d-4976-4498-d780-e77149b5cc50,2018,2018,KC,196
2022,CHI,WR,WR,19,ACT,Equanimeous St. Brown,Equanimeous,St. Brown,1996-09-30,77.0,214,Notre Dame,00-0034279,3932442,0b97067d-9e06-4ec0-97b2-e1cb491e12a6,31177,12560,47967,St.BEq00,20398,5323,4,"https://static.www.nfl.com/image/private/f_auto,q_auto/league/utyhdvj2rjwpnr4ppjly",WR,18,REG,A01,Equanimeous,STB563610,46276,32005354-4256-3610-e58a-b682f5824735,2018,2018,GB,207
2022,NYJ,OL,T,64,RES,Greg Senat,Greg,Senat,1994-09-08,78.0,305,Wagner,00-0034280,,,,,,,,,4,"https://static.www.nfl.com/image/private/f_auto,q_auto/league/odf0ladiwabgcu40tyva",,18,REG,R05,Greg,SEN038161,46281,32005345-4e03-8161-455f-959805637012,2018,2018,BAL,212
2022,CAR,OL,C,56,ACT,Bradley Bozeman,Bradley,Bozeman,1994-11-24,77.0,317,Alabama,00-0034281,,,,,,,,,4,"https://static.www.nfl.com/image/private/f_auto,q_auto/league/te7sj6xti8yds2j1dl4q",C,18,REG,A01,Bradley,BOZ167481,46284,3200424f-5a16-7481-3ce0-9b84ae6531f2,2018,2018,BAL,215
2022,MIN,DL,DT,78,CUT,Jullian Taylor,Jullian,Taylor,1995-01-30,77.0,280,Temple,00-0034283,3051320,2a97c476-70e9-479a-be0b-11ebaeee11d3,31193,13002,48684,TaylJu00,20045,5373,4,"https://static.www.nfl.com/image/private/f_auto,q_auto/league/ihtgfzwmq3ykhmaq5eg9",,1,REG,W03,Jullian,TAY453412,46292,32005441-5945-3412-9be2-5e2104e25f9d,2018,2018,SF,223
2022,MIA,DL,DT,92,ACT,Zach Sieler,Zach,Sieler,1995-09-07,78.0,290,Ferris State,00-0034285,3057956,c85c0efc-3391-4a8e-b8a4-370b32fd09ce,31208,13011,66917,SielZa00,20051,5297,4,"https://static.www.nfl.com/image/private/f_auto,q_auto/league/arnd0jbeqqpvrva9ppq4",INTERIOR_LINE,19,WC,A01,Zach,SIE410345,46307,32005349-4541-0345-eb7d-f1c172042af8,2018,2018,BAL,238
2022,NYG,WR,WR,80,ACT,Richie James,Richard,James,1995-09-05,69.0,185,Middle Tennessee,00-0034286,3122899,4aae1781-1eec-48c0-b41f-e4fee61c3c32,31210,12579,28991,JameRi00,20077,5137,4,"https://static.www.nfl.com/image/private/f_auto,q_auto/league/iuxz1y4skvu6cqcqjhag",SLOT_WR,20,DIV,A01,Richie,JAM471122,46309,32004a41-4d47-1122-e8e0-40adb3dc1b8e,2018,2018,SF,240
2022,LAC,OL,G,67,CUT,Ryan Hunter,Ryan,Hunter,1995-04-01,75.0,316,Bowling Green,00-0034289,,,,,,,,,4,"https://static.www.nfl.com/image/private/f_auto,q_auto/league/gawagkmgalvjiefnvtwr",,1,REG,W03,Ryan,HUN800191,46514,32004855-4e80-0191-5230-6c851ba06447,2018,2018,,
2022,JAX,OL,C,67,DEV,James Murray,James,Murray,1995-05-05,77.0,305,Holy Cross,00-0034295,,,,,,,,,4,"https://static.www.nfl.com/image/private/f_auto,q_auto/league/cpipevl0gipudcakzihg",,20,DIV,P01,James,MUR636227,46520,32004d55-5263-6227-adcf-f99943601d7d,2018,2018,,
2022,ARI,LB,ILB,56,ACT,Ben Niemann,Ben,Niemann,1995-07-27,74.0,233,Iowa,00-0034296,3140643,46689e7b-4a03-463b-9978-1496ab89313e,31495,13179,51099,,20498,5576,4,"https://static.www.nfl.com/image/private/f_auto,q_auto/league/zlvgnngl538kdwbookzh",MLB,18,REG,A01,Ben,NIE532722,46521,32004e49-4553-2722-fab8-3ca630337d0f,2018,2018,,
2022,CHI,WR,WR,13,ACT,Byron Pringle,Byron,Pringle,1993-11-17,73.0,205,Kansas State,00-0034297,4036416,9e55ec9a-ce18-4b4b-b69f-e2d82c219846,31496,12504,42345,PrinBy00,20150,5199,4,"https://static.www.nfl.com/image/private/f_auto,q_auto/league/qgwipkdsunodvqlumsmp",WR,18,REG,A01,Byron,PRI547217,46522,32005052-4954-7217-e0dd-54f84f919c3a,2018,2018,,
2022,ARI,RB,RB,24,RES,Darrel Williams,Darrel,Williams,1995-04-15,71.0,224,Louisiana State,00-0034301,3115375,c2a19a09-74a2-4ace-8cc3-6dfb65070a70,31500,12839,13014,WillDa10,20500,5549,4,"https://static.www.nfl.com/image/private/f_auto,q_auto/league/qloiwle7db59cznhqhub",,18,REG,R01,Darrel,WIL207361,46526,32005749-4c20-7361-9bac-e63ffb6793a8,2018,2018,,
2022,CAR,LB,OLB,49,ACT,Frankie Luvu,Frankie,Luvu,1996-09-19,75.0,235,Washington State,00-0034302,3127273,717ebb17-f54f-4052-b9fb-af641a25ebe2,31503,13159,51028,,20411,5580,4,"https://static.www.nfl.com/image/private/f_auto,q_auto/league/nlw2flrrtn4mtmtfwuts",EDGE,18,REG,A01,Frankie,LUV652601,46527,32004c55-5665-2601-f81e-ce1ca7ecd501,2018,2018,,
2022,HOU,WR,WR,12,CUT,Chad Beebe,Chad,Beebe,1994-06-01,70.0,185,Northern Illinois,00-0034309,3047968,50eb4454-71bf-4012-a216-2fc9770ffd86,31508,13164,21528,BeebCh00,20582,5570,4,"https://static.www.nfl.com/image/private/f_auto,q_auto/league/dd7cmld2lqxgqnizif4p",,1,REG,A01,Chad,BEE063507,46534,32004245-4506-3507-3cdc-cbfa5831d6ca,2018,2018,,
2022,NYJ,DB,CB,31,DEV,Craig James,Craig,James,1996-04-29,70.0,195,Southern Illinois,00-0034310,3116058,cd340b59-3ee0-4829-8d08-be8744f670a6,31509,13181,26360,,20584,5583,4,"https://static.www.nfl.com/image/private/f_auto,q_auto/league/kwidljfdvraq6enhq4tg",,18,REG,P07,Craig,JAM150892,46535,32004a41-4d15-0892-6a63-15a24681fe2a,2018,2018,,
2022,CLE,RB,FB,40,CUT,Johnny Stanton,Johnny,Stanton,1994-09-07,74.0,245,Nevada-Las Vegas,00-0034311,3040499,85e3651c-cde0-48ed-a5ea-93477a1fe99b,31510,13182,46441,,20581,5569,4,"https://static.www.nfl.com/image/private/f_auto,q_auto/league/fick0qg9xwij9svv1rxk",,1,REG,W03,Johnny,STA490372,46536,32005354-4149-0372-c1c8-dc93497449d9,2018,2018,,
2022,NO,WR,WR,18,ACT,Keith Kirkwood,Keith,Kirkwood,1994-12-26,75.0,210,Temple,00-0034317,3046401,430446f6-a74c-496b-8f49-4464e7d8149d,31517,13019,48017,,20071,5134,4,"https://static.www.nfl.com/image/private/f_auto,q_auto/league/jp9wxr5wkuk1wdnc5xrf",SLOT_WR,18,REG,A01,Keith,KIR706709,46542,32004b49-5270-6709-e40c-831dd997b87c,2018,2018,,
2022,NYG,DL,DT,96,INA,Henry Mondeaux,Henry,Mondeaux,1995-09-19,76.0,280,Oregon,00-0034318,3122690,d7f79a32-6a28-4e14-bedf-6186dec771e6,31518,13390,48889,,20520,5572,4,"https://static.www.nfl.com/image/private/f_auto,q_auto/league/q3rayvoroob4gbrp6kn0",,20,DIV,A01,Henry,MON124315,46543,32004d4f-4e12-4315-8239-df161e51aac9,2018,2018,,
2022,ARI,TE,TE,81,CUT,Deon Yelder,Deon,Yelder,1995-03-06,76.0,255,Western Kentucky,00-0034319,3059766,cad43704-4231-4a72-b616-c66642103452,31519,13022,29556,,20332,5277,4,"https://static.www.nfl.com/image/private/f_auto,q_auto/league/xqve4sypzeskek4dwzjr",,1,REG,A01,Deon,YEL046686,46544,32005945-4c04-6686-b6e5-55cf4fb5878b,2018,2018,,
2022,NO,DL,DT,91,ACT,Kentavius Street,Kentavius,Street,1996-05-08,74.0,287,North Carolina State,00-0034320,3116726,eb864600-7562-491a-b7a7-9eb3068dba06,31098,12752,48404,StreKe00,19952,5371,4,"https://static.www.nfl.com/image/private/f_auto,q_auto/league/pzmjdfwkjipemh23eonz",INTERIOR_LINE,18,REG,A01,Kentavius,STR306064,46197,32005354-5230-6064-3bc7-b37603571d6f,2018,2018,SF,128
2022,HOU,DL,DT,90,RES,Taylor Stallworth,Taylor,Stallworth,1995-08-18,74.0,305,South Carolina,00-0034325,3126489,4ab9df5a-3e40-4402-9f68-bbc659a94784,31526,13170,48935,,20169,5191,4,"https://static.www.nfl.com/image/private/f_auto,q_auto/league/a6dqlhereg6icoqzcdlb",,18,REG,R01,Taylor,STA306360,46618,32005354-4130-6360-1912-87dc8f280be6,2018,2018,,
2022,WAS,DL,DT,94,ACT,Daron Payne,Daron,Payne,1997-05-27,75.0,320,Alabama,00-0034333,3925354,0a1be8da-5839-4768-bfe5-9fec74908268,30983,12618,48698,PaynDa00,19841,4976,4,"https://static.www.nfl.com/image/private/f_auto,q_auto/league/vxrbsde7ynj9mahsxfcs",INTERIOR_LINE,18,REG,A01,Daron,PAY281222,46082,32005041-5928-1222-6afa-41ec925627a4,2018,2018,WAS,13
2022,WAS,DB,FS,30,ACT,Troy Apke,Troy,Apke,1995-04-11,73.0,206,Penn State,00-0034334,3116152,d187953e-102f-4f78-b840-79fb385fa15a,31079,12914,49260,ApkeTr00,19955,5365,4,"https://static.www.nfl.com/image/private/f_auto,q_auto/league/mgiu0fuqovwjxrxdcgiq",,18,REG,A01,Troy,APK428041,46178,32004150-4b42-8041-da28-445985797da1,2018,2018,WAS,109
2022,PIT,LB,ILB,27,RES,Marcus Allen,Marcus,Allen,1996-08-07,74.0,215,Penn State,00-0034335,3116149,c1ea7946-fb7a-4a5b-9ed1-c58caf7f8faf,31118,12768,49263,AlleMa03,19997,5360,4,"https://static.www.nfl.com/image/private/f_auto,q_auto/league/vvpy4ouo24iqozvyp4rc",,18,REG,R01,Marcus,ALL596350,46217,3200414c-4c59-6350-251b-fe96500f294e,2018,2018,PIT,148
2022,DET,LB,ILB,50,CUT,Shaun Dion Hamilton,Shaun Dion,Hamilton,1995-09-11,72.0,235,Alabama,00-0034336,3115310,37476573-91a5-454f-a849-baf46c293940,31167,12907,49706,DionSh00,20003,5367,4,"https://static.www.nfl.com/image/private/f_auto,q_auto/league/yr3jfevbnetvxgebpn2n",,1,REG,A01,Shaun Dion,HAM345530,46266,32004841-4d34-5530-b47f-594299cb7fb9,2018,2018,WAS,197
2022,CHI,DB,CB,27,ACT,Greg Stroman,Gregory,Stroman,1996-03-08,72.0,181,Virginia Tech,00-0034337,3124086,4296dd5b-261c-4c64-b1e2-e2afcda719c5,31211,12751,49354,StroGr00,20080,5368,4,"https://static.www.nfl.com/image/private/f_auto,q_auto/league/tmdbrz4w6xaz25xzxg66",CB,18,REG,A01,Greg,STR594753,46310,32005354-5259-4753-cde7-9099420754cf,2018,2018,WAS,241
2022,DEN,WR,WR,16,CUT,Trey Quinn,David,Quinn,1995-12-07,72.0,202,Southern Methodist,00-0034339,3115365,35341f6c-bca9-427b-a8eb-f9a24a334184,31226,12493,38276,QuinTr00,20079,5139,4,"https://static.www.nfl.com/image/private/f_auto,q_auto/league/otk5n6zdjgnkygtu4n1e",,1,REG,A01,Trey,QUI729117,46325,32005155-4972-9117-2267-ebb16141b054,2018,2018,WAS,256
2022,IND,OL,G,56,ACT,Quenton Nelson,Quenton,Nelson,1996-03-19,77.0,330,Notre Dame,00-0034342,,,,,,,,,4,"https://static.www.nfl.com/image/private/f_auto,q_auto/league/wglb1ud6tmouiwthvxif",G,18,REG,A01,Quenton,NEL600785,46075,32004e45-4c60-0785-9864-886959a28ac6,2018,2018,IND,6
2022,MIN,QB,QB,19,DEV,Josh Rosen,Joshua,Rosen,1997-02-10,76.0,226,UCLA,00-0034343,3886377,5c079a21-ae9e-4b38-a69a-47706fa8dd67,30980,12489,35460,RoseJo01,19763,4863,4,"https://static.www.nfl.com/image/private/f_auto,q_auto/league/nqycxzi8tkcyauk55mj8",,19,WC,P07,Josh,ROS357433,46079,3200524f-5335-7433-3207-a02a4e884405,2018,2018,ARI,10
2022,NO,DL,DE,92,ACT,Marcus Davenport,Marcus,Davenport,1996-09-04,78.0,265,Texas-San Antonio,00-0034344,3124058,9c2c9c29-516a-4e0f-8dcd-319291823370,30984,12863,50291,DaveMa00,19835,4965,4,"https://static.www.nfl.com/image/private/f_auto,q_auto/league/couws2decyxrvy0dlbjk",EDGE,18,REG,A01,Marcus,DAV004893,46083,32004441-5600-4893-5029-0862a4795062,2018,2018,NO,14
2022,DET,OL,C,77,ACT,Frank Ragnow,Frank,Ragnow,1996-05-17,77.0,311,Arkansas,00-0034345,,,,,,,,,4,"https://static.www.nfl.com/image/private/f_auto,q_auto/league/fcofpdz8wnuogpcxhcfs",C,18,REG,A01,Frank,RAG316161,46089,32005241-4731-6161-869a-6a328cc4c8b3,2018,2018,DET,20
2022,ARI,OL,G,76,ACT,Will Hernandez,William,Hernandez,1995-09-02,74.0,327,Texas-El Paso,00-0034346,,,,,,,,,4,"https://static.www.nfl.com/image/private/f_auto,q_auto/league/nvdivaddwwvvzayg8muj",G,18,REG,A01,Will,HER365408,46103,32004845-5236-5408-7dc7-59455fdc2c9d,2018,2018,NYG,34
2022,PIT,OL,G,78,ACT,James Daniels,James,Daniels,1997-09-13,76.0,305,Iowa,00-0034347,,,,,,,,,4,"https://static.www.nfl.com/image/private/f_auto,q_auto/league/vaqaalidnxvxh58iexq5",G,18,REG,A01,James,DAN559931,46108,32004441-4e55-9931-e8d6-d8558958d2cc,2018,2018,CHI,39
2022,DEN,WR,WR,14,ACT,Courtland Sutton,Courtland,Sutton,1995-10-10,76.0,216,Southern Methodist,00-0034348,3128429,b55ae5ba-593f-4560-9cab-14e10698e01d,31010,12586,48164,SuttCo00,19800,5045,4,"https://static.www.nfl.com/image/private/f_auto,q_auto/league/wgjxc2paepihkvl4u9a3",WR,18,REG,A01,Courtland,SUT333526,46109,32005355-5433-3526-b2bf-88d6b83781c0,2018,2018,DEN,40
2022,SEA,LB,OLB,10,ACT,Uchenna Nwosu,Uchenna,Nwosu,1996-12-28,74.0,251,Southern California,00-0034350,3120358,40941261-cfd0-4e8d-b895-21fb7e20b407,31018,12844,50084,NwosUc00,19859,5061,4,"https://static.www.nfl.com/image/private/f_auto,q_auto/league/kdzvp9vt0ac8lptwvvqd",EDGE,19,WC,A01,Uchenna,NWO593274,46117,32004e57-4f59-3274-851b-d601b6909b91,2018,2018,LAC,48
2022,PHI,TE,TE,88,ACT,Dallas Goedert,Dallas,Goedert,1995-01-03,77.0,256,South Dakota State,00-0034351,3121023,e8029983-87cf-49a2-bc04-04c8233a0630,31019,12860,47272,GoedDa00,19863,5022,4,"https://static.www.nfl.com/image/private/f_auto,q_auto/league/hcjzrphflquehexgcz14",TE,22,SB,A01,Dallas,GOE595520,46118,3200474f-4559-5520-b7af-5e002aedafbb,2018,2018,PHI,49
2022,MIA,OL,G,58,ACT,Connor Williams,Connor,Williams,1997-05-12,77.0,298,Texas,00-0034352,,,,,,,,,4,"https://static.www.nfl.com/image/private/f_auto,q_auto/league/vsykugap6yjkzub31y0o",C,19,WC,A01,Connor,WIL204393,46119,32005749-4c20-4393-9715-dea42eb24dc6,2018,2018,DAL,50
2022,PIT,WR,WR,17,RES,Anthony Miller,Anthony,Miller,1994-10-09,71.0,199,Memphis,00-0034353,3050487,bfaedf99-7618-4925-b362-90415c22a3b6,31021,12763,48160,MillAn02,19864,5013,4,"https://static.www.nfl.com/image/private/f_auto,q_auto/league/t7d2vuwwmbpasriplvg6",,18,REG,R01,Anthony,MIL140090,46120,32004d49-4c14-0090-2d8a-386614adf145,2018,2018,CHI,51
2022,SF,DL,DE,53,DEV,Kemoko Turay,Kemoko,Turay,1995-07-11,77.0,248,Rutgers,00-0034354,3047512,d22c6b00-da97-4ccf-ae49-f06405fccc3e,31022,12799,21702,TuraKe00,19879,5058,4,"https://static.www.nfl.com/image/private/f_auto,q_auto/league/zxutsh3ix53bwyfe5go5",,21,CON,P07,Kemoko,TUR012037,46121,32005455-5201-2037-a567-d712db2228ee,2018,2018,IND,52
2022,HOU,DB,SS,29,ACT,M.J. Stewart,Marvin,Stewart,1995-09-16,71.0,205,North Carolina,00-0034355,3116679,3d405d21-bfdd-4495-afe3-9e96d1972ee2,31023,12836,49397,StewM.00,19893,5055,4,"https://static.www.nfl.com/image/private/f_auto,q_auto/league/pnkq1w3v797oefeqynfa",SAFETY,18,REG,A01,M.J.,STE793185,46122,32005354-4579-3185-bafc-4068f0954905,2018,2018,TB,53
2022,CAR,DB,CB,26,RES,Donte Jackson,Donte,Jackson,1995-11-08,70.0,180,Louisiana State,00-0034356,3843769,9dc1308a-5cf2-45c1-b5ad-fc64fff3e94f,31025,12610,49377,JackDo02,19870,5051,4,"https://static.www.nfl.com/image/private/f_auto,q_auto/league/tgt2a480yrdmxxo1fcly",,18,REG,R01,Donte,JAC136548,46124,32004a41-4313-6548-d4ba-65e7b5a50e73,2018,2018,CAR,55
2022,ATL,DB,CB,26,ACT,Isaiah Oliver,Muhammad,Oliver,1996-09-30,72.0,210,Colorado,00-0034357,3915437,83d45661-2687-4ca9-ac45-91beac7b7082,31028,12581,50393,OlivIs00,19868,5044,4,"https://static.www.nfl.com/image/private/f_auto,q_auto/league/vgsfo5soy8glsfeqtgyc",SLOT_CB,18,REG,A01,Isaiah,OLI431868,46127,32004f4c-4943-1868-2a28-1ad3327a3b81,2018,2018,ATL,58
2022,IND,DL,DE,94,RES,Tyquan Lewis,Tyquan,Lewis,1995-01-30,75.0,277,Ohio State,00-0034359,3040513,7b06a505-ea09-4f2a-adad-f0f1c9b3ebc9,31034,12800,48475,LewiTy00,19878,5057,4,"https://static.www.nfl.com/image/private/f_auto,q_auto/league/dxx18ffc15ngk5rkrdzn",,18,REG,R01,Tyquan,LEW752680,46133,32004c45-5775-2680-9291-8a7386cdabac,2018,2018,IND,64
2022,ATL,LB,OLB,9,ACT,Lorenzo Carter,Lorenzo,Carter,1995-12-10,77.0,250,Georgia,00-0034360,3128715,074acf5e-748f-4d42-9875-0090f1480bec,31036,12921,50126,CartLo01,19886,5021,4,"https://static.www.nfl.com/image/private/f_auto,q_auto/league/vh77qrcia0cjoosw5ain",EDGE,18,REG,A01,Lorenzo,CAR716453,46135,32004341-5271-6453-cb38-15008924edd1,2018,2018,NYG,66
2022,KC,DB,SS,20,ACT,Justin Reid,Justin,Reid,1997-02-15,73.0,204,Stanford,00-0034361,3931399,bb9db665-7f9f-425d-9e4b-df78c65c8b97,31038,12606,49048,ReidJu00,19866,5036,4,"https://static.www.nfl.com/image/private/f_auto,q_auto/league/ffetzotid8url2ek7hdu",SAFETY,22,SB,A01,Justin,REI306723,46137,32005245-4930-6723-c46f-03dda7532acd,2018,2018,HOU,68
2022,TB,DL,DT,95,ACT,Deadrin Senat,Deadrin,Senat,1994-07-22,73.0,305,South Florida,00-0034363,3051376,6524f633-b8dd-439d-82df-cd4f9f07ad29,31060,12754,48815,SenaDe00,19899,5042,4,"https://static.www.nfl.com/image/private/f_auto,q_auto/league/k9qe9xiwsb7yjso8owoh",INTERIOR_LINE,19,WC,A01,Deadrin,SEN026161,46159,32005345-4e02-6161-4539-7b1cd8782519,2018,2018,ATL,90
2022,HOU,TE,TE,88,ACT,Jordan Akins,Jordan,Akins,1992-04-19,76.0,243,Central Florida,00-0034364,3128452,0cb5a32a-a340-4671-ba2a-93f5fa6aee8d,31068,12568,47050,AkinJo00,19903,5032,4,"https://static.www.nfl.com/image/private/f_auto,q_auto/league/jewjor3rbkrnwksetwf0",TE,18,REG,A01,Jordan,AKI501776,46167,3200414b-4950-1776-ed8f-713681e78d61,2018,2018,HOU,98
2022,CAR,TE,TE,80,ACT,Ian Thomas,Ian,Thomas,1996-06-06,76.0,260,Indiana,00-0034365,4045305,ed8a8fd2-df67-45e7-a34f-984afb82f6ea,31071,12858,42130,ThomIa00,19910,4995,4,"https://static.www.nfl.com/image/private/f_auto,q_auto/league/cvlsjahsqootxcs6qytq",TE,18,REG,A01,Ian,THO197015,46170,32005448-4f19-7015-e78d-8df0c5551bf1,2018,2018,CAR,101
2022,IND,WR,WR,15,ACT,Keke Coutee,Key'vantanie,Coutee,1997-01-14,71.0,180,Texas Tech,00-0034366,3915823,40caae08-0389-4c59-b796-d924047f57f9,31073,12484,47698,CoutKe00,19937,5007,4,"https://static.www.nfl.com/image/private/f_auto,q_auto/league/b63h388y8kzvntk6tuqx",,18,REG,A01,Keke,COU751041,46172,3200434f-5575-1041-42e7-23072fa2ee4f,2018,2018,HOU,103
2022,BUF,RB,RB,20,ACT,Nyheim Hines,Nyheim,Hines,1996-11-12,69.0,198,North Carolina State,00-0034367,3916430,ed5bcd2c-6335-4c0b-93b7-2116684a9b02,31074,12630,48103,HineNy00,19912,5347,4,"https://static.www.nfl.com/image/private/f_auto,q_auto/league/lpyshlxwaum0ezoshadf",RB,20,DIV,A01,Nyheim,HIN226970,46173,32004849-4e22-6970-73da-06472dd4984b,2018,2018,IND,104
2022,DEN,LB,ILB,47,ACT,Josey Jewell,Josey,Jewell,1994-12-25,74.0,236,Iowa,00-0034368,3040150,a473e7a2-8f31-43ad-b87f-c39e6635f1b0,31076,12968,50720,JeweJo00,19933,5334,4,"https://static.www.nfl.com/image/private/f_auto,q_auto/league/ldalpaqpyoscophqrqg9",MLB,18,REG,A01,Josey,JEW390541,46175,32004a45-5739-0541-bd5f-e9c6e6d49260,2018,2018,DEN,106
2022,MIA,WR,WR,87,DEV,DaeSean Hamilton,DaeSean,Hamilton,1995-03-10,73.0,206,Penn State,00-0034370,3057987,ccd5239f-e8ba-484c-acf5-af0bd9f6dadc,31083,12654,45416,HamiDa01,19916,4998,4,"https://static.www.nfl.com/image/private/f_auto,q_auto/league/thfspx6c8befeosbsj1b",,17,REG,P07,DaeSean,HAM200565,46182,32004841-4d20-0565-a51e-2028f6290d41,2018,2018,DEN,113
2022,TEN,DL,DE,94,RES,Da'Shawn Hand,Da'Shawn,Hand,1995-11-14,75.0,297,Alabama,00-0034371,3126352,e4114f9d-80da-4e39-bd12-cd9cf2c0d720,31084,12821,48386,HandDa00,19934,5351,4,"https://static.www.nfl.com/image/private/f_auto,q_auto/league/sp7wnujii8u8ad0pbbts",,18,REG,R01,Da'Shawn,HAN083056,46183,32004841-4e08-3056-e4d2-1b26ded29329,2018,2018,DET,114
2022,CAR,LB,ILB,52,ACT,Joel Iyiegbuniwe,Joel,Iyiegbuniwe,1995-10-12,73.0,226,Western Kentucky,00-0034372,3124779,ea59d8de-e3df-4a7b-9778-7d6dc4892fc3,31085,12640,51221,IyieJo00,19931,5303,4,"https://static.www.nfl.com/image/private/f_auto,q_auto/league/ntka1bl777aoiw6qx4oh",,18,REG,A01,Joel,IYI177981,46184,32004959-4917-7981-8e68-457ec1321cb4,2018,2018,CHI,115
2022,DAL,DL,DE,92,ACT,Dorance Armstrong,Dorance,Armstrong,1997-06-10,76.0,255,Kansas,00-0034373,3928979,a28daf84-6354-49e6-a047-1bc549997f29,31086,12548,48557,ArmsDo00,19932,5330,4,"https://static.www.nfl.com/image/private/f_auto,q_auto/league/vj5wtzutltpvw4djytq0",EDGE,20,DIV,A01,Dorance,ARM218905,46185,32004152-4d21-8905-faaa-3f4d94307d60,2018,2018,DAL,116
2022,NYJ,DB,SS,3,ACT,Jordan Whitehead,Jordan,Whitehead,1997-03-18,70.0,198,Pittsburgh,00-0034374,3895798,4deb42ec-bece-4b00-b697-3caeff8c1997,31087,12641,49196,WhitJo03,19954,5375,4,"https://static.www.nfl.com/image/private/f_auto,q_auto/league/urs4ll5zutkxcyan6jp3",SAFETY,18,REG,A01,Jordan,WHI622731,46186,32005748-4962-2731-1d92-ce80d512db34,2018,2018,TB,117
2022,PHI,LB,ILB,43,ACT,Kyzir White,Kyzir,White,1996-03-24,74.0,216,West Virginia,00-0034375,4039254,c6303f3b-9c18-4afe-b0bf-d8270ca9db21,31089,12787,44485,WhitKy00,19940,5348,4,"https://static.www.nfl.com/image/private/f_auto,q_auto/league/rkiv2zet3rmvuy6nftxb",MLB,22,SB,A01,Kyzir,WHI315792,46188,32005748-4931-5792-e58b-62a006e6dd4e,2018,2018,LAC,119
2022,BUF,DB,CB,7,ACT,Taron Johnson,Taron,Johnson,1996-07-27,71.0,192,Weber State,00-0034376,3121003,3443dde2-23bc-4dba-b499-069d501a59cf,31091,12784,49511,JohnTa01,19928,5341,4,"https://static.www.nfl.com/image/private/f_auto,q_auto/league/erdbsstseuhtlou6dxjx",SLOT_CB,20,DIV,A01,Taron,JOH676640,46190,32004a4f-4867-6640-28d3-66932da34fe2,2018,2018,BUF,121
2022,PHI,DB,CB,29,ACT,Avonte Maddox,Avonte,Maddox,1996-03-31,69.0,184,Pittsburgh,00-0034377,3123938,942b9da8-e0c6-4087-886b-370fe357f5f3,31095,12683,50543,MaddAv00,19949,5361,4,"https://static.www.nfl.com/image/private/f_auto,q_auto/league/dpn7o1g7625rdi262t4v",SLOT_CB,22,SB,A01,Avonte,MAD347585,46194,32004d41-4434-7585-1ee0-039b5a863fd9,2018,2018,PHI,125
2022,ATL,OL,T,71,CUT,Rick Leonard,Rick,Leonard,1996-11-22,79.0,311,Florida State,00-0034379,,,,,,,,,4,"https://static.www.nfl.com/image/private/f_auto,q_auto/league/w74uolukltdorll4c6pa",,1,REG,W03,Rick,LEO697601,46196,32004c45-4f69-7601-8564-22ddba988302,2018,2018,NO,127
2022,JAX,OL,T,76,CUT,Will Richardson,William,Richardson,1996-01-04,78.0,303,North Carolina State,00-0034380,,,,,,,,,4,"https://static.www.nfl.com/image/private/f_auto,q_auto/league/yv2b2ifjt9jlmsmh9be9",,1,REG,A01,Will,RIC640708,46198,32005249-4364-0708-66ca-dae763be1eba,2018,2018,JAX,129
2022,PHI,DL,DE,94,ACT,Josh Sweat,Josh,Sweat,1997-03-29,77.0,253,Florida State,00-0034381,3693166,66a67b5d-500d-46e8-90c6-e2f127d38190,31101,12546,50120,SweaJo00,19918,4999,4,"https://static.www.nfl.com/image/private/f_auto,q_auto/league/ijbqqyzlvsfyje5aefuy",EDGE,22,SB,A01,Josh,SWE031587,46199,32005357-4503-1587-1549-97ce6a8d1aa2,2018,2018,PHI,130
2022,CAR,DL,DE,98,ACT,Marquis Haynes,Marquis,Haynes,1993-12-16,74.0,235,Mississippi,00-0034382,3115456,8a60686b-fdf6-4293-846e-92c1b1d586b9,31106,12841,50244,HaynMa01,19929,5342,4,"https://static.www.nfl.com/image/private/f_auto,q_auto/league/y4yjcafqxqsx3seajeni",EDGE,18,REG,A01,Marquis,HAY661575,46205,32004841-5966-1575-bb41-c37b113d3f7d,2018,2018,CAR,136
2022,DAL,TE,TE,86,ACT,Dalton Schultz,Dalton,Schultz,1996-07-11,77.0,242,Stanford,00-0034383,3117256,8caec1b4-e0b6-4a84-b8c8-617d6e91ef6a,31107,12514,47304,SchuDa00,19920,5001,4,"https://static.www.nfl.com/image/private/f_auto,q_auto/league/mbqinxum5qovm6p8xgkc",TE,20,DIV,A01,Dalton,SCH647271,46206,32005343-4864-7271-8c9c-893e6cc8875d,2018,2018,DAL,137
2022,NYJ,DB,CB,4,ACT,D.J. Reed,Dennis,Reed,1996-11-11,69.0,188,Kansas State,00-0034384,3139387,17664e93-8236-4eb0-9505-4e71f43b5a7d,31112,12505,26940,ReedD.00,19953,5372,4,"https://static.www.nfl.com/image/private/f_auto,q_auto/league/mhdqvdp0faljpgp2qu7n",CB,18,REG,A01,D.J.,REE180513,46211,32005245-4518-0513-87ee-49ca85f53dfe,2018,2018,SF,142
2022,NE,LB,ILB,8,ACT,Ja'Whaun Bentley,Ja'Whaun,Bentley,1996-08-24,74.0,255,Purdue,00-0034385,3116187,3164fc4b-b2ae-43b3-9ff1-1d5f744b9f88,31113,12766,50966,BentJa00,19944,5318,4,"https://static.www.nfl.com/image/private/f_auto,q_auto/league/e8rbhbuuaspg5rg9djyp",MLB,18,REG,A01,Ja'Whaun,BEN696204,46212,32004245-4e69-6204-7d2a-93eac2a8ed3b,2018,2018,NE,143
2022,KC,WR,WR,84,ACT,Justin Watson,Justin,Watson,1996-04-04,74.0,215,Pennsylvania,00-0034386,3118892,bdb77276-7191-4454-85c2-e1693a33d709,31114,12746,66915,WatsJu01,19922,5374,4,"https://static.www.nfl.com/image/private/f_auto,q_auto/league/h54qh7pjxrhokvmbnyzt",WR,22,SB,A01,Justin,WAT441238,46213,32005741-5444-1238-2d2d-798b898e0b8e,2018,2018,TB,144
2022,LV,DL,DT,91,ACT,Bilal Nichols,Bilal,Nichols,1996-09-14,76.0,313,Delaware,00-0034387,3117922,0a6c2bfc-19a4-47f9-ba60-74265af6e947,31115,12711,28451,NichBi00,19930,5302,4,"https://static.www.nfl.com/image/private/f_auto,q_auto/league/yt6oezmoco3fdjqzv8nu",INTERIOR_LINE,18,REG,A01,Bilal,NIC157723,46214,32004e49-4315-7723-15af-9c11ab40ab57,2018,2018,CHI,145
2022,TEN,DB,CB,38,INA,Davontae Harris,Davontae,Harris,1995-01-21,71.0,200,Illinois State,00-0034388,3047188,45c926b6-0f2f-4d29-b806-d21e4ea89ba2,31121,12726,37492,HarrDa05,19967,5078,4,"https://static.www.nfl.com/image/private/f_auto,q_auto/league/meiwjhft9ibbbob57hvv",,18,REG,A01,Davontae,HAR363142,46220,32004841-5236-3142-e125-bc66fd8a6ff7,2018,2018,CIN,151
2022,CHI,DB,SS,29,RES,Dane Cruikshank,Dane,Cruikshank,1995-04-27,73.0,209,Arizona,00-0034389,3931422,7f969cc9-59cd-43e9-bcd0-c1885f0b18b7,31122,12731,25546,CruiDa00,20001,5369,4,"https://static.www.nfl.com/image/private/f_auto,q_auto/league/lnq0ypzkle8qqwbtbqr3",,18,REG,R01,Dane,CRU129724,46221,32004352-5512-9724-3fc2-b6651884ae8b,2018,2018,TEN,152
2022,BUF,DB,CB,33,ACT,Siran Neal,Siran,Neal,1994-08-04,72.0,205,Jacksonville State,00-0034391,3057524,82100457-f4ee-4f24-8ca2-584bfdc85749,31124,12817,27130,NealSi00,19963,5098,4,"https://static.www.nfl.com/image/private/f_auto,q_auto/league/fz5vtjrhlpwnd4djswz5",SLOT_CB,20,DIV,A01,Siran,NEA475848,46223,32004e45-4147-5848-9337-0d2e60729681,2018,2018,BUF,154
2022,HOU,OL,C,54,ACT,Scott Quessenberry,Scott,Quessenberry,1995-03-23,75.0,310,UCLA,00-0034392,,,,,,,,,4,"https://static.www.nfl.com/image/private/f_auto,q_auto/league/gtrnamqzqfzqwysanbpn",C,18,REG,A01,Scott,QUE604734,46224,32005155-4560-4734-c237-1b908b524f27,2018,2018,LAC,155
2022,SF,TE,TE,49,DEV,Troy Fumagalli,Troy,Fumagalli,1995-02-17,78.0,248,Wisconsin,00-0034393,3045264,579d92e6-ab4f-43e0-803f-b2d5a54d106a,31126,12808,47333,FumaTr00,19973,5092,4,"https://static.www.nfl.com/image/private/f_auto,q_auto/league/ec3s3n119ph0se5reacd",,8,REG,P07,Troy,FUM059326,46225,32004655-4d05-9326-996b-be8ae628f854,2018,2018,DEN,156
2022,CHI,DL,NT,94,ACT,Andrew Brown,Andrew,Brown,1995-12-30,75.0,290,Virginia,00-0034394,3116761,0df7834e-6373-4f30-9935-5c05d28e752d,31128,12865,49636,BrowAn05,19966,5077,4,"https://static.www.nfl.com/image/private/f_auto,q_auto/league/heu1susadiq5soqjuu95",EDGE,18,REG,A01,Andrew,BRO255526,46227,32004252-4f25-5526-a6f7-6b60c9d607e4,2018,2018,CIN,158
2022,CHI,WR,WR,83,DEV,Daurice Fountain,Daurice,Fountain,1995-12-22,74.0,210,Northern Iowa,00-0034395,3120659,5226f6a9-a6af-45f9-93ec-669542f3cfc9,31129,12672,48181,FounDa00,19981,5102,4,"https://static.www.nfl.com/image/private/f_auto,q_auto/league/skzpmww7wb3pubcj0snl",,18,REG,P01,Daurice,FOU164323,46228,3200464f-5516-4323-2b2c-a73ee02f382e,2018,2018,IND,159
2022,CLE,LB,MLB,40,ACT,Jermaine Carter,Jermaine,Carter,1995-01-14,73.0,225,Maryland,00-0034396,3053047,829c836e-8040-48ca-aa20-5ad24f0ff37f,31131,12988,28838,CartJe00,19964,5099,4,"https://static.www.nfl.com/image/private/f_auto,q_auto/league/fhapg5qbmfpegoms05cf",EDGE,18,REG,A01,Jermaine,CAR663960,46230,32004341-5266-3960-4303-c8ffb585f7c5,2018,2018,CAR,161
2022,BUF,DL,DT,99,ACT,Tim Settle,Timothy,Settle,1997-07-11,75.0,308,Virginia Tech,00-0034397,3929956,8442c8f8-7fbb-4a0b-8407-355c2dfdf72c,31133,12544,48966,SettTi00,20002,5366,4,"https://static.www.nfl.com/image/private/f_auto,q_auto/league/zerowwkyyepb4hllqsq9",INTERIOR_LINE,20,DIV,A01,Tim,SET509598,46232,32005345-5450-9598-7639-a7d691023bd2,2018,2018,WAS,163
2022,CLE,OL,G,77,ACT,Wyatt Teller,William,Teller,1994-11-21,76.0,315,Virginia Tech,00-0034399,,,,,,,,,4,"https://static.www.nfl.com/image/private/f_auto,q_auto/league/tnxbvvhvhvrpevm3kat4",G,18,REG,A01,Wyatt,TEL237584,46235,32005445-4c23-7584-61ae-21d71b87e6b7,2018,2018,BUF,166
2022,IND,RB,RB,29,CUT,Jordan Wilkins,Jordan,Wilkins,1994-07-18,73.0,217,Mississippi,00-0034400,3051891,070850a3-7387-4836-b3eb-b1c8f8731aab,31139,12942,26618,WilkJo01,19979,5100,4,"https://static.www.nfl.com/image/private/f_auto,q_auto/league/ltz7ffp0fnywwhcm2d3z",,18,REG,W03,Jordan,WIL088337,46238,32005749-4c08-8337-ca0c-7bfc2f7b2caa,2018,2018,IND,169
2022,NYJ,QB,QB,5,INA,Mike White,Michael,White,1995-03-25,77.0,225,Western Kentucky,00-0034401,3051381,f4808328-86e9-459d-a2bc-18e90c7d211e,31141,12826,46453,WhitMi01,19972,5089,4,"https://static.www.nfl.com/image/private/f_auto,q_auto/league/reohqnlwihiqiyh8iw72",,18,REG,A01,Mike,WHI367864,46240,32005748-4936-7864-3ac7-015862958e61,2018,2018,DAL,171
2022,PHI,WR,WR,85,CUT,Deon Cain,Deon,Cain,1996-08-09,74.0,202,Clemson,00-0034406,3728254,3da67e95-bd15-409f-b5de-b2feb54efda7,31155,12611,13597,CainDe00,19980,5101,4,"https://static.www.nfl.com/image/private/f_auto,q_auto/league/un9mmiugf8vki8e8xndj",,9,REG,P07,Deon,CAI129929,46254,32004341-4912-9929-9156-543135057eaa,2018,2018,IND,185
2022,SF,WR,WR,3,ACT,Ray-Ray McCloud,Ray-Ray,McCloud,1996-10-15,69.0,190,Clemson,00-0034407,3728262,f7ff7599-a175-4a0c-b887-3ae9e596fc64,31157,12570,47895,McClRa00,19961,5096,4,"https://static.www.nfl.com/image/private/f_auto,q_auto/league/q25yzjly8zz4elodqdhr",,21,CON,A01,Ray-Ray,MCC417118,46256,32004d43-4341-7118-745c-2c9756292bc8,2018,2018,BUF,187
2022,TB,WR,WR,17,ACT,Russell Gage,Russell,Gage,1996-01-22,72.0,184,Louisiana State,00-0034411,3115378,4501e6f4-4683-4357-b241-8b4a0b6aae81,31164,12992,44771,GageRu00,20006,5110,4,"https://static.www.nfl.com/image/private/f_auto,q_auto/league/ah1nwrjfhfaymeepi7k3",WR,19,WC,A01,Russell,GAG130654,46263,32004741-4713-0654-eda3-03cdf234354d,2018,2018,ATL,194
2022,JAX,LB,ILB,23,ACT,Foyesade Oluokun,Foyesade,Oluokun,1995-08-02,74.0,215,Yale,00-0034413,3050073,0a415a08-ea30-40b2-aac9-42689e3e996a,31170,12995,24904,OluoFo00,20007,5332,4,"https://static.www.nfl.com/image/private/f_auto,q_auto/league/hj8mjgfypf8bpggmo7w6",MLB,20,DIV,A01,Foyesade,OLU474619,46269,32004f4c-5547-4619-f8c5-4552ff3c79e3,2018,2018,ATL,200
2022,PHI,RB,RB,35,ACT,Boston Scott,Boston,Scott,1995-04-27,66.0,203,Louisiana Tech,00-0034414,3051439,768f6afa-ba24-40d9-bdc1-3184bba2ec2b,31171,12996,39462,ScotBo02,20039,5122,4,"https://static.www.nfl.com/image/private/f_auto,q_auto/league/vztywwj7arrztomngi0k",RB,22,SB,A01,Boston,SCO101831,46270,32005343-4f10-1831-d7aa-cc7da631e708,2018,2018,NO,201
2022,IND,OL,T,69,ACT,Matt Pryor,Matthew,Pryor,1994-12-16,79.0,332,Texas Christian,00-0034417,,,,,,,,,4,"https://static.www.nfl.com/image/private/f_auto,q_auto/league/wkyj3c34skwvcfcfhpzy",T,18,REG,A01,Matt,PRY460541,46275,32005052-5946-0541-f3df-485816e66481,2018,2018,PHI,206
2022,MIA,WR,WR,11,ACT,Cedrick Wilson,Cedrick,Wilson,1995-11-20,74.0,188,Boise State,00-0034418,4036335,a964f59b-af2b-48e1-b64d-c376cc1d8c28,31178,12773,48170,WilsCe01,20013,5113,4,"https://static.www.nfl.com/image/private/f_auto,q_auto/league/zvirmx1m9vycmfpfbf1w",WR,19,WC,A01,Cedrick,WIL656498,46277,32005749-4c65-6498-c69c-d263ba915a14,2018,2018,DAL,208
2022,NYJ,WR,WR,10,ACT,Braxton Berrios,Braxton,Berrios,1995-10-06,69.0,190,Miami,00-0034419,3123075,18f0bd30-1432-4fae-9cb4-c212bad6d0bb,31180,12771,47961,BerrBr00,20038,5121,4,"https://static.www.nfl.com/image/private/f_auto,q_auto/league/yddlnrzrcowbnf2e4wpo",SLOT_WR,18,REG,A01,Braxton,BER456050,46279,32004245-5245-6050-b9d8-8b288006bd46,2018,2018,NE,210
2022,GB,QB,QB,19,DEV,Danny Etling,Daniel,Etling,1994-07-22,75.0,220,Louisiana State,00-0034423,3052450,e2104140-4ce0-42a8-8b00-346b4a9258b2,31189,12950,23519,EtliDa00,20037,5120,4,"https://static.www.nfl.com/image/private/f_auto,q_auto/league/hwnnjviruogxkjiuzwwu",,18,REG,P01,Danny,ETL296636,46288,32004554-4c29-6636-6cb0-77890ce8f841,2018,2018,NE,219
2022,CHI,LB,OLB,44,ACT,Matthew Adams,Matthew,Adams,1995-12-12,72.0,229,Houston,00-0034424,3126179,73040fb2-2b26-444b-956e-df0927985bb2,31191,13000,38526,AdamMa00,20023,5345,4,"https://static.www.nfl.com/image/private/f_auto,q_auto/league/vwxlmxkxuyaya7gerdff",MLB,18,REG,A01,Matthew,ADA499253,46290,32004144-4149-9253-413a-82fd44765fb8,2018,2018,IND,221
2022,ARI,WR,WR,84,DEV,Javon Wims,Javon,Wims,1994-09-11,74.0,221,Georgia,00-0034426,4035019,8f249da2-2528-4f68-8587-4400c924aba4,31194,12627,41406,WimsJa00,20011,5111,4,"https://static.www.nfl.com/image/private/f_auto,q_auto/league/cwnvduyzsu5aqi18pyqh",,18,REG,P07,Javon,WIM735658,46293,32005749-4d73-5658-6038-9e0ffd80e896,2018,2018,CHI,224
2022,PHI,OL,T,68,ACT,Jordan Mailata,Lafoga,Mailata,1997-03-31,80.0,344,No College,00-0034429,,,,,,,,,4,"https://static.www.nfl.com/image/private/f_auto,q_auto/league/ug8vdjh673cyjaygky4k",T,22,SB,A01,Jordan,MAI305232,46302,32004d41-4930-5232-17b1-66c75ca87b88,2018,2018,PHI,233
2022,TEN,LB,ILB,54,ACT,Andre Smith,Andre,Smith,1997-04-20,72.0,240,North Carolina,00-0034430,3895831,f72d4897-8dd9-48d4-9da9-90deb4550d4f,31204,12498,50897,SmitAn04,20010,5340,4,"https://static.www.nfl.com/image/private/f_auto,q_auto/league/cned29bfy9kqu9ewyorw",,18,REG,A01,Andre,SMI000016,46303,3200534d-4900-0016-ee20-69fda68dad90,2018,2018,CAR,234
2022,IND,LB,OLB,44,ACT,Zaire Franklin,Zaire,Franklin,1996-07-02,72.0,236,Syracuse,00-0034431,3124005,b0ad00bc-3b30-41ce-8892-f8105e0943e2,31205,13010,49834,FranZa00,20024,5346,4,"https://static.www.nfl.com/image/private/f_auto,q_auto/league/ulcufxfcydlefh7bciyj",MLB,18,REG,A01,Zaire,FRA561925,46304,32004652-4156-1925-7caa-95bc1c2e9c13,2018,2018,IND,235
2022,NYJ,RB,RB,48,RES,Nick Bawden,Charles,Bawden,1996-06-22,74.0,245,San Diego State,00-0034433,3125232,452520cc-4921-47f1-8d6a-55f7cee8bb0c,31207,12828,27413,BawdNi00,20018,5116,4,"https://static.www.nfl.com/image/private/f_auto,q_auto/league/izyrffkn4epkhktdnlpg",,18,REG,R01,Nick,BAW346075,46306,32004241-5734-6075-a91d-09a2ddc139e7,2018,2018,DET,237
2022,MIA,DB,CB,27,ACT,Keion Crossen,Keion,Crossen,1996-04-17,70.0,185,Western Carolina,00-0034435,3117135,ce0badde-28c3-45ce-a6f4-e2f82ef129f8,31213,13012,49454,CrosKe00,20070,5317,4,"https://static.www.nfl.com/image/private/f_auto,q_auto/league/ds2l3g1s8gs13gcmlmeh",CB,19,WC,A01,Keion,CRO502501,46312,32004352-4f50-2501-1da3-402eafbc87d8,2018,2018,NE,243
2022,LAC,OL,C,76,ACT,Will Clapp,William,Clapp,1995-12-10,77.0,311,Louisiana State,00-0034436,,,,,,,,,4,"https://static.www.nfl.com/image/private/f_auto,q_auto/league/epnedj8qiwwskojido7h",,19,WC,A01,Will,CLA119505,46314,3200434c-4111-9505-2976-7976bcc07c4d,2018,2018,NO,245
2022,JAX,P,P,9,ACT,Logan Cooke,Logan,Cooke,1995-07-28,77.0,200,Mississippi State,00-0034437,3115480,8301d82b-0ad1-4988-a978-2925e2ae9377,31216,13013,29214,CookLo00,20063,5314,4,"https://static.www.nfl.com/image/private/f_auto,q_auto/league/eo5nw7ayelhw4l3cjiwh",,20,DIV,A01,Logan,COO283823,46316,3200434f-4f28-3823-779e-1cbbaa858d0f,2018,2018,JAX,247
2022,ATL,QB,QB,6,ACT,Logan Woodside,Logan,Woodside,1995-01-27,74.0,213,Toledo,00-0034438,3042749,ddff375b-365e-4af1-b9ae-58d03b1b1195,31219,12949,46517,WoodLo00,20055,5128,4,"https://static.www.nfl.com/image/private/f_auto,q_auto/league/wfb3rs8tlf9i1uhrlabv",QB,18,REG,A01,Logan,WOO629467,46318,3200574f-4f62-9467-6326-adb124a79e35,2018,2018,CIN,249
2022,DET,RB,RB,42,ACT,Justin Jackson,Justin,Jackson,1996-04-22,72.0,200,Northwestern,00-0034440,3116136,e6c3f896-0223-4fc2-be09-c959ea4a475c,31221,12724,29539,JackJu01,20064,5131,4,"https://static.www.nfl.com/image/private/f_auto,q_auto/league/n7pvb1trbn9rtttlw7df",RB,18,REG,A01,Justin,JAC283219,46320,32004a41-4328-3219-d5e0-94e7d9512273,2018,2018,LAC,251
2022,NYG,WR,WR,86,CUT,Austin Proehl,Austin,Proehl,,70.0,175,North Carolina,00-0034442,3116680,fc7f8c60-4fc2-45d1-9611-e803dbb1611e,31225,13016,48223,ProeAu00,20052,5126,4,"https://static.www.nfl.com/image/private/f_auto,q_auto/league/auhxhzc78mmrhqrswuwh",,1,REG,A01,Austin,PRO180048,46324,32005052-4f18-0048-4444-3568f6277e81,2018,2018,BUF,255
2022,NYG,OL,C,65,ACT,Nick Gates,Nicholas,Gates,1995-11-27,78.0,307,Nebraska,00-0034445,,,,,,,,,4,"https://static.www.nfl.com/image/private/f_auto,q_auto/league/qkoscj45sgio0mthfgay",G,20,DIV,A01,Nick,GAT201316,46629,32004741-5420-1316-2175-3703fa0c1920,2018,2018,,
2022,CIN,DB,CB,35,INA,Jalen Davis,Jalen,Davis,1996-02-02,70.0,185,Utah State,00-0034446,3125356,57a21028-b3a1-494b-ade8-7e94c7108823,31534,13263,50431,,20157,5222,4,"https://static.www.nfl.com/image/private/f_auto,q_auto/league/yeqc8hekzmtlp7pxacvi",,21,CON,A01,Jalen,DAV420337,46630,32004441-5642-0337-d407-c1457eea63dc,2018,2018,,
2022,MIN,K,K,1,ACT,Greg Joseph,Gregory,Joseph,1994-08-04,72.0,210,Florida Atlantic,00-0034450,3975763,a2aab80d-174c-4639-beac-e2b70bb3625f,31538,13266,,,20325,5272,4,"https://static.www.nfl.com/image/private/f_auto,q_auto/league/ed4pjqqhhljlqovmtcqm",,19,WC,A01,Greg,JOS208464,46634,32004a4f-5320-8464-4fda-40717ed97dae,2018,2018,,
2022,DET,DL,DT,92,CUT,Bruce Hector,Bruce,Hector,1994-10-07,74.0,296,South Florida,00-0034461,3051369,dcd1b7b0-5768-4b66-b760-30dbcfd04b93,31572,13280,48759,,20541,5613,4,"https://static.www.nfl.com/image/private/f_auto,q_auto/league/utleemgkjhg6fxg9o78m",,8,REG,P01,Bruce,HEC611682,46645,32004845-4361-1682-597f-7bd1edc0d78a,2018,2018,,
2022,WAS,DB,FS,39,ACT,Jeremy Reaves,Jeremy,Reaves,1996-08-29,71.0,205,South Alabama,00-0034465,3125248,186a4bda-d3b3-48c1-8ed7-cb4ad1014062,31582,12827,50406,,16072,5792,4,"https://static.www.nfl.com/image/private/f_auto,q_auto/league/yckiytfkwyz406lpf0bi",SAFETY,18,REG,A01,Jeremy,REA664151,46649,32005245-4166-4151-b77d-42f96e3f4c17,2018,2018,,
2022,MIN,DB,CB,39,ACT,Chandon Sullivan,Chandon,Sullivan,1996-08-07,71.0,189,Georgia State,00-0034468,3124849,e669f022-4065-4ef7-b850-a90e8b2367c0,31589,12832,49349,,20178,5181,4,"https://static.www.nfl.com/image/private/f_auto,q_auto/league/idzyb0sceenxfjshwygj",SLOT_CB,19,WC,A01,Chandon,SUL125724,46652,32005355-4c12-5724-d256-eb57bc2b276f,2018,2018,,
2022,ARI,LB,OLB,45,ACT,Dennis Gardeck,Dennis,Gardeck,1994-08-09,72.0,232,Sioux Falls,00-0034473,4334300,48700b7b-210c-4ced-9c57-3e21162e7752,31299,13210,66928,,20085,5158,4,"https://static.www.nfl.com/image/private/f_auto,q_auto/league/rkklahkfroh2jxaouneg",EDGE,18,REG,A01,Dennis,GAR121450,46657,32004741-5212-1450-fa3a-1b30e8e4d1dd,2018,2018,,
2022,HOU,DB,FS,36,ACT,Jonathan Owens,Jonathan,Owens,1995-07-22,71.0,210,Missouri Western,00-0034485,4331768,411c2af8-64c9-4982-8d72-3ba4c683c0db,31318,13218,66930,,20219,5520,4,"https://static.www.nfl.com/image/private/f_auto,q_auto/league/hch9tsx5ok3ondneqgoq",SAFETY,18,REG,A01,Jonathan,OWE526795,46669,32004f57-4552-6795-628c-162c9bae4976,2018,2018,,
2022,MIA,WR,WR,14,ACT,Trent Sherfield,Trent,Sherfield,1996-02-26,73.0,219,Vanderbilt,00-0034487,3122168,18ccb826-5584-4f6a-8434-cf9a3b927b0f,31320,13061,48021,SherTr00,20081,5154,4,"https://static.www.nfl.com/image/private/f_auto,q_auto/league/je4nd6eqpqrzytepcuvc",WR,19,WC,A01,Trent,SHE566024,46671,32005348-4556-6024-5da2-4c295e6d8af2,2018,2018,,
2022,HOU,DB,CB,2,ACT,Tavierre Thomas,Tavierre,Thomas,1996-03-11,70.0,205,Ferris State,00-0034488,4334405,0a63f97d-9cc2-44d0-b65a-ac2e78db73f9,31321,13219,66931,,20217,5519,4,"https://static.www.nfl.com/image/private/f_auto,q_auto/league/ncouw35pruxtevik35nd",SLOT_CB,18,REG,A01,Tavierre,THO386668,46672,32005448-4f38-6668-621a-ef3c0ce8ca88,2018,2018,,
2022,ARI,LB,ILB,47,ACT,Ezekiel Turner,Ezekiel,Turner,1996-06-09,74.0,214,Washington,00-0034490,3894901,83849bc5-0b6c-4c76-b622-9c7042758e97,31324,13222,49167,,20088,5161,4,"https://static.www.nfl.com/image/private/f_auto,q_auto/league/xvtwdaj6iezbbfm9pikb",OLB,18,REG,A01,Ezekiel,TUR304695,46674,32005455-5230-4695-56a8-c7c6941e09f9,2018,2018,,
2022,DET,OL,C,63,ACT,Evan Brown,Evan,Brown,1996-09-16,75.0,302,Southern Methodist,00-0034495,,,,,,,,,4,"https://static.www.nfl.com/image/private/f_auto,q_auto/league/huyncorwlr0sf7xr5die",G,18,REG,A01,Evan,BRO430637,46679,32004252-4f43-0637-2be4-bec510785c52,2018,2018,,
2022,CAR,DB,SS,34,ACT,Sean Chandler,Sean,Chandler,1996-04-27,70.0,205,Temple,00-0034496,3138733,88f31a44-caae-4e5b-a786-8a229374a19d,31548,12923,51315,,20173,5178,4,"https://static.www.nfl.com/image/private/f_auto,q_auto/league/m4glij7rkgkyhu01igmi",,18,REG,A01,Sean,CHA000000,46680,32004348-4100-0000-348b-78a87837385b,2018,2018,,
2022,CLE,LB,ILB,56,ACT,Tae Davis,Octavious,Davis,1996-08-14,73.0,224,Chattanooga,00-0034500,3131775,b220a72d-6870-418a-98af-ef50632be774,31552,13276,26296,,20338,5646,4,"https://static.www.nfl.com/image/private/f_auto,q_auto/league/fzlx8lnobvf9iaahxubp",,18,REG,A01,Tae,DAV579855,46684,32004441-5657-9855-8505-c81b9ef18298,2018,2018,,
2022,LA,DB,CB,36,RES,Grant Haley,Grant,Haley,1996-01-06,69.0,190,Penn State,00-0034502,3116166,66dbd211-6835-4c06-9e4d-9f74cffac250,31555,12675,50473,,20339,5647,4,"https://static.www.nfl.com/image/private/f_auto,q_auto/league/bfcvlqgbqkkpm3fpxlsv",,18,REG,R01,Grant,HAL122887,46686,32004841-4c12-2887-110f-5e31f6f469a2,2018,2018,,
2022,BUF,OL,G,65,INA,Ike Boettger,Isaac,Boettger,1994-10-05,78.0,318,Iowa,00-0034505,,,,,,,,,4,"https://static.www.nfl.com/image/private/f_auto,q_auto/league/jjue8ufdwpfhpoqyvxwi",,20,DIV,A01,Ike,BOE704900,46689,3200424f-4570-4900-3d5b-10307d3dd5f0,2018,2018,,
2022,IND,WR,WR,82,CUT,Robert Foster,Robert,Foster,1994-05-07,74.0,194,Alabama,00-0034510,3054845,17f52030-0a86-408d-b7e3-194ed4374fbb,31601,12909,48230,,20250,5250,4,"https://static.www.nfl.com/image/private/f_auto,q_auto/league/fmcyiy4oxx9soub8zbui",,15,REG,P07,Robert,FOS633097,46694,3200464f-5363-3097-c0bc-5d4f423cb6ba,2018,2018,,
2022,BUF,DL,DE,56,DEV,Mike Love,Mike,Love,1994-01-22,75.0,255,South Florida,00-0034511,3051371,ac7b90e4-0f47-4f77-b521-7dc92043a9f3,31605,13230,48376,,20253,5623,4,"https://static.www.nfl.com/image/private/f_auto,q_auto/league/owy3dkuuek0aoayjayca",,20,DIV,P01,Mike,LOV163366,46695,32004c4f-5616-3366-227a-340280956ade,2018,2018,,
2022,PIT,DB,CB,29,ACT,Levi Wallace,Levi,Wallace,1995-06-12,72.0,179,Alabama,00-0034514,3133440,3cd88d26-6c80-47a1-a044-9164fa96459a,31603,12843,25445,,20102,5153,4,"https://static.www.nfl.com/image/private/f_auto,q_auto/league/ljt29k2wlmsx005xcbkc",CB,18,REG,A01,Levi,WAL465573,46698,32005741-4c46-5573-953a-9acfeb7cb853,2018,2018,,
2022,TB,DB,CB,30,ACT,Dee Delaney,DeVonta',Delaney,1995-02-20,71.0,193,Miami,00-0034515,3049726,5d61b458-9b4e-4016-9983-7add180b698d,31261,12666,31078,,20429,5658,4,"https://static.www.nfl.com/image/private/f_auto,q_auto/league/d6cogwcwrcvxplniezak",,19,WC,A01,Dee,DEL081488,46699,32004445-4c08-1488-9a76-6921e2bdb091,2018,2018,,
2022,JAX,DB,CB,37,ACT,Tre Herndon,Willie,Herndon,1996-03-05,71.0,185,Vanderbilt,00-0034516,3122160,3db8b3b4-d3f5-4b35-bc19-ee56ec6d29da,31262,13040,50380,,20460,5479,4,"https://static.www.nfl.com/image/private/f_auto,q_auto/league/utztohzboqw5menpggro",SLOT_CB,20,DIV,A01,Tre,HER401328,46700,32004845-5240-1328-7119-2de8e4841e0f,2018,2018,,
2022,GB,WR,WR,13,ACT,Allen Lazard,Allen,Lazard,1995-12-11,77.0,227,Iowa State,00-0034521,3128390,6a23db75-021b-4808-99e6-21a33d34202b,31268,12628,48135,LazaAl00,20145,5185,4,"https://static.www.nfl.com/image/private/f_auto,q_auto/league/cz1iokizmop9zi3fij8o",WR,18,REG,A01,Allen,LAZ043714,46705,32004c41-5a04-3714-cfb7-872b20b0ce13,2018,2018,,
2022,HOU,OL,T,62,DEV,KC McDermott,KC,McDermott,1996-04-18,77.0,311,Miami,00-0034522,,,,,,,,,4,"https://static.www.nfl.com/image/private/f_auto,q_auto/league/ov9zpuz0jppg3e3awyhc",,18,REG,P07,KC,MCD191817,46706,32004d43-4419-1817-3159-aafe04b29fa9,2018,2018,,
2022,NO,DB,CB,43,CUT,Quenton Meeks,Quenton,Meeks,1996-06-20,73.0,209,Stanford,00-0034523,3931400,f3de155c-da4f-4487-abb5-76225a8e3c17,31270,12614,38566,,20148,5188,4,"https://static.www.nfl.com/image/private/f_auto,q_auto/league/hqsqb3fnwyxxlzgdy8th",,1,REG,W03,Quenton,MEE565345,46707,32004d45-4556-5345-9de3-ff59a1bfbe44,2018,2018,,
2022,SEA,DB,SS,26,ACT,Ryan Neal,Ryan,Neal,1995-12-24,75.0,200,Southern Illinois,00-0034527,3121344,67c2f38f-b568-4bcf-a40f-750cef707a05,31576,13282,49132,,20538,5655,4,"https://static.www.nfl.com/image/private/f_auto,q_auto/league/olk7puzborsmsivpvf3r",SAFETY,19,WC,A01,Ryan,NEA427290,46711,32004e45-4142-7290-9af6-ca09a13df109,2018,2018,,
2022,KC,TE,TE,46,DEV,Jordan Franks,Jordan,Franks,1996-02-01,76.0,239,Central Florida,00-0034532,3128439,501aa2d9-4202-40e8-810b-92cacea26cd7,31561,13247,47206,,20264,5253,4,"https://static.www.nfl.com/image/private/f_auto,q_auto/league/xlsa8rdfaysafmfyjy7m",,22,SB,P02,Jordan,FRA597354,46716,32004652-4159-7354-1bab-af7ce136536e,2018,2018,,
2022,CIN,DB,SS,41,CUT,Trayvon Henderson,Trayvon,Henderson,1995-08-15,72.0,205,Hawaii,00-0034533,3046382,7917b396-b7e0-4722-9a5a-7c608dd0a6ff,31562,12791,51394,,20116,5642,4,"https://static.www.nfl.com/image/private/f_auto,q_auto/league/ounf4oiaxvvbshebtzjk",,1,REG,A01,Trayvon,HEN143976,46717,32004845-4e14-3976-d757-5bc16a49692d,2018,2018,,
2022,IND,DB,CB,38,ACT,Tony Brown,Tony,Brown,1995-07-13,72.0,198,Alabama,00-0034540,3115308,d5a270bd-6f41-4637-ae09-d5534f1a4d3e,31671,12906,49255,,20066,5424,4,"https://static.www.nfl.com/image/private/f_auto,q_auto/league/d0n7uqlq4kqrctloawhb",CB,18,REG,A01,Tony,BRO738696,46724,32004252-4f73-8696-2b38-ef589a4676c8,2018,2018,,
2022,IND,DB,CB,31,ACT,Brandon Facyson,Brandon,Facyson,1994-09-08,74.0,197,Virginia Tech,00-0034545,3045458,e11ce848-c797-460b-bb46-6b9ceae48542,31676,12669,50564,,20434,5416,4,"https://static.www.nfl.com/image/private/f_auto,q_auto/league/mfxh6eljnkd9t5krtvbb",CB,18,REG,A01,Brandon,FAC771256,46729,32004641-4377-1256-25ee-696a7792689a,2018,2018,,
2022,CAR,DL,DE,96,CUT,Austin Larkin,Austin,Larkin,1995-04-06,75.0,265,Purdue,00-0034559,4035726,9fe70732-0c55-42ff-a79c-9d234fbc995c,31286,13251,38754,,20488,5495,4,"https://static.www.nfl.com/image/private/f_auto,q_auto/league/vr4ytrbzhw4x13xe5itt",,7,REG,P06,Austin,LAR148316,46743,32004c41-5214-8316-d4f8-620cd2286f9b,2018,2018,,
2022,PIT,OL,T,72,ACT,Trenton Scott,Trenton,Scott,1994-01-25,77.0,320,Grambling,00-0034571,,,,,,,,,4,"https://static.www.nfl.com/image/private/f_auto,q_auto/league/upmqchfjwuw9x0rh7zar",TE,18,REG,A01,Trenton,SCO718957,46755,32005343-4f71-8957-ee1a-311a16c8d5d0,2018,2018,,
2022,SF,DB,CB,7,ACT,Charvarius Ward,Charvarius,Ward,1996-05-16,73.0,195,Middle Tennessee,00-0034573,4037361,04f6abef-834f-470e-9c15-8c0cc62fde4e,31293,13257,43034,,20204,5493,4,"https://static.www.nfl.com/image/private/f_auto,q_auto/league/ppgfmrvjc70ogqofwe3w",CB,21,CON,A01,Charvarius,WAR076820,46757,32005741-5207-6820-2634-4274b6429e1a,2018,2018,,
2022,TB,TE,TE,83,DEV,David Wells,David,Wells,1995-05-02,78.0,255,San Diego State,00-0034575,3047536,268c8b1e-b217-474d-a92f-4f924273c938,31283,12692,34985,,20199,5235,4,"https://static.www.nfl.com/image/private/f_auto,q_auto/league/mxsm3agdav1njvi5sleq",,19,WC,P01,David,WEL361048,46759,32005745-4c36-1048-da90-2f1ae27338bf,2018,2018,,
2022,HOU,QB,QB,3,INA,Kyle Allen,Kyle,Allen,1996-03-08,75.0,211,Houston,00-0034577,3115293,d2023f5b-f73b-43ad-a816-f10dadfdfaed,31301,12623,26152,,20053,5127,4,"https://static.www.nfl.com/image/private/f_auto,q_auto/league/knnqfa5aerjydk4am47o",,18,REG,A01,Kyle,ALL543234,46761,3200414c-4c54-3234-6e5f-74f0c92c233b,2018,2018,,
2022,WAS,RB,RB,38,ACT,Reggie Bonnafon,Reggie,Bonnafon,1996-01-04,72.0,215,Louisville,00-0034578,3116642,2d16fcef-89b8-4a92-844f-a92c4e20b5c9,31302,13233,47542,,20103,5162,4,"https://static.www.nfl.com/image/private/f_auto,q_auto/league/revwhbm7uizs4oiwqdo3",RB,18,REG,A01,Reggie,BON496241,46762,3200424f-4e49-6241-9082-fc2503f6a4b5,2018,2018,,
2022,ATL,DL,DE,98,ACT,Abdullah Anderson,Abdullah,Anderson,1996-01-24,75.0,295,Bucknell,00-0034587,3119119,3bdd0681-066b-477f-bca9-6b38bad6d8e9,31657,13237,32708,,20450,5636,4,"https://static.www.nfl.com/image/private/f_auto,q_auto/league/orujrkmrq1jdafjnewww",INTERIOR_LINE,18,REG,A01,Abdullah,AND036084,46771,3200414e-4403-6084-a688-4c85df702070,2018,2018,,
2022,LV,LB,OLB,93,DEV,Trent Harris,Trent,Harris,1995-09-17,74.0,255,Miami,00-0034588,3123054,18264a0b-cb51-487a-b2cc-f9258f0325f6,31648,13187,48575,,20516,5664,4,"https://static.www.nfl.com/image/private/f_auto,q_auto/league/ned2m3l0qsuebczfyosa",,18,REG,P07,Trent,HAR549999,46772,32004841-5254-9999-37de-3a5fc2d09342,2018,2018,,
2022,CAR,DL,DT,69,CUT,Frank Herron,Frank,Herron,1994-07-09,77.0,305,Louisiana State,00-0034590,3042746,ef0a8abc-074e-4ed1-a053-846c3b1d9cc5,31649,13188,39383,,20331,5660,4,"https://static.www.nfl.com/image/private/f_auto,q_auto/league/yctqmsxcat4vmfxuz6fs",,7,REG,P01,Frank,HER666978,46774,32004845-5266-6978-c610-9e3909718665,2018,2018,,
2022,LAC,DB,CB,27,RES,J.C. Jackson,Jerald,Jackson,1995-11-17,73.0,198,Maryland,00-0034591,3121649,b590479c-79df-4505-be19-b0838574b434,31650,12578,42781,,20167,5193,4,"https://static.www.nfl.com/image/private/f_auto,q_auto/league/yaakbk1d6krvdtlisfcg",,19,WC,R01,J.C.,JAC239712,46775,32004a41-4323-9712-6d1c-a251440489b0,2018,2018,,
2022,LV,WR,WR,14,INA,Chris Lacy,Chris,Lacy,1996-01-28,75.0,205,Oklahoma State,00-0034593,3122430,b2c4ef6b-4caf-4f4e-9cdd-3bd9f2e38d01,31651,12952,29726,,20511,5661,4,"https://static.www.nfl.com/image/private/f_auto,q_auto/league/wj5m6rs5al5duz9elmvs",,18,REG,A01,Chris,LAC698799,46777,32004c41-4369-8799-d3c1-6fb0cfd4be90,2018,2018,,
2022,TEN,DB,FS,33,RES,A.J. Moore,Alvin,Moore,1995-12-15,71.0,202,Mississippi,00-0034594,3128746,f9ae156c-f690-401f-b964-34b0ff6187f9,31652,13189,51146,,20513,5662,4,"https://static.www.nfl.com/image/private/f_auto,q_auto/league/dhu7ggjzqn7mdwhjdoxf",,18,REG,R01,A.J.,MOO174947,46778,32004d4f-4f17-4947-8b2e-d94ca88a5a1f,2018,2018,,
2022,DAL,RB,RB,35,CUT,Ryan Nall,Ryan,Nall,1995-12-27,74.0,237,Oregon State,00-0034597,3127335,02880089-ccba-44f0-9d6c-fe6f12d15e5b,31662,12513,45753,,20106,5163,4,"https://static.www.nfl.com/image/private/f_auto,q_auto/league/rizznfdrp0vllfa6eukl",,1,REG,A01,Ryan,NAL398377,46781,32004e41-4c39-8377-a2de-953fd844a022,2018,2018,,
2022,WAS,DL,DE,57,CUT,Bunmi Rotimi,Olubunmi,Rotimi,,76.0,275,Old Dominion,00-0034602,3060151,226d3b7d-f8d9-4dfe-86b9-ba710eafaced,31666,12970,48387,,20108,5626,4,"https://static.www.nfl.com/image/private/f_auto,q_auto/league/cjc2lrcgt7cfeuaxkfxs",,1,REG,W03,Bunmi,ROT637763,46786,3200524f-5463-7763-43a2-e9b24c013c7b,2018,2018,,
2022,CHI,DB,CB,30,CUT,Michael Joseph,Michael,Joseph,1995-03-19,73.0,194,Dubuque,00-0034607,,,,,,,,,4,"https://static.www.nfl.com/image/private/f_auto,q_auto/league/mil1reyiu9vc9ky18hfz",,4,REG,W03,Michael,JOS238339,46791,32004a4f-5323-8339-685f-eb3958edeffa,2018,2018,,
2022,HOU,DL,DE,94,DEV,Demone Harris,Demone,Harris,1995-12-30,76.0,272,Buffalo,00-0034612,3052926,3180d257-5f46-4a25-b50a-3311235bc8b3,31256,13285,48452,,20189,5218,4,"https://static.www.nfl.com/image/private/f_auto,q_auto/league/kfuqmct4q5zhxpktfkri",,18,REG,P01,Demone,HAR363833,46796,32004841-5236-3833-5c18-805a1fdd1a9c,2018,2018,,
2022,CIN,TE,TE,88,DEV,Tanner Hudson,Tanner,Hudson,1994-11-12,77.0,239,Southern Arkansas,00-0034613,3050481,2fa75e05-cac4-4b40-8924-dbc9ae0c959c,31257,13286,66924,,20506,5409,4,"https://static.www.nfl.com/image/private/f_auto,q_auto/league/dcrfuiyknwrwxsjsjf9q",,21,CON,P06,Tanner,HUD753368,46797,32004855-4475-3368-5306-edfb2fda948f,2018,2018,,
2022,SEA,RB,RB,38,ACT,Godwin Igwebuike,Godwin,Igwebuike,1994-09-10,72.0,212,Northwestern,00-0034614,3045238,be8e5962-f2d9-4316-9fdf-212a95dbb590,31258,12725,49166,IgweGo00,20191,5220,4,"https://static.www.nfl.com/image/private/f_auto,q_auto/league/d0jsvuhu4xwkyegnlauh",,19,WC,A01,Godwin,IGW422041,46798,32004947-5742-2041-f619-979fcd19352e,2018,2018,,
2022,PHI,DB,CB,21,DEV,Andre Chachere,Andre,Chachere,1996-02-10,72.0,195,San Jose State,00-0034623,3125287,9fe24e8f-360b-4ca6-8e46-6d60d8728efa,31573,12922,51194,,20604,5674,4,"https://static.www.nfl.com/image/private/f_auto,q_auto/league/goebx7no41bipw9b4nnm",,22,SB,P06,Andre,CHA014180,46807,32004348-4101-4180-3457-54bd5d6a2924,2018,2018,,
2022,BAL,OL,T,61,CUT,Jaryd Jones-Smith,Jaryd,Jones-Smith,1995-09-03,79.0,345,Pittsburgh,00-0034628,,,,,,,,,4,"https://static.www.nfl.com/image/private/f_auto,q_auto/league/ykbkhi6vxs8yaoejs4tz",,1,REG,A01,Jaryd,JON827508,46812,32004a4f-4e82-7508-3922-5719573af10a,2018,2018,,
2022,IND,WR,WR,86,DEV,Vyncint Smith,Vyncint,Smith,1996-06-09,75.0,202,Limestone,00-0034631,3155188,a63918a5-da89-40d9-8518-30a3e0e46da1,31588,12979,66957,,20295,5260,4,"https://static.www.nfl.com/image/private/f_auto,q_auto/league/jjwvixdxj0lapvuqwbz9",,18,REG,P07,Vyncint,SMI781011,46815,3200534d-4978-1011-ecc9-47e1c07540e5,2018,2018,,
2022,ATL,DB,CB,28,ACT,Mike Ford,Michael,Ford,1995-08-04,72.0,196,Southeast Missouri,00-0034639,3050916,965df459-3f21-4a93-9a99-15559eb977a4,31634,13195,50535,,20281,5691,4,"https://static.www.nfl.com/image/private/f_auto,q_auto/league/yuusatlvyakzcnkkolt8",,18,REG,A01,Mike,FOR299028,46823,3200464f-5229-9028-fcb4-155827177358,2018,2018,,
2022,LA,WR,WR,19,ACT,Brandon Powell,Brandon,Powell,1995-09-12,68.0,189,Florida,00-0034646,3115255,5ec01774-4a79-40aa-be4a-e33c71bd5bf4,31641,13036,48036,,20487,5695,4,"https://static.www.nfl.com/image/private/f_auto,q_auto/league/fkckjg4yqybqndyub6lu",SLOT_WR,18,REG,A01,Brandon,POW179215,46830,3200504f-5717-9215-142c-dfb42215908d,2018,2018,,
2022,NYG,K,K,2,CUT,Ryan Santoso,Ryan,Santoso,1995-08-26,77.0,258,Minnesota,00-0034648,3040204,d58166e2-24ee-4dd2-ae22-36b05634eb6d,31643,13526,,,20282,5692,4,"https://static.www.nfl.com/image/private/f_auto,q_auto/league/irbgcdnozoqtl0xwjhmr",,1,REG,W03,Ryan,SAN804950,46832,32005341-4e80-4950-820a-3dddbaccc298,2018,2018,,
2022,ATL,WR,WR,16,DEV,Cameron Batson,Cameron,Batson,1995-12-20,68.0,175,Texas Tech,00-0034652,3139456,54c60acc-65ac-4e63-a988-697ee26e862a,31623,13206,47669,,20372,5289,4,"https://static.www.nfl.com/image/private/f_auto,q_auto/league/pow47zamr7jdcca5ibsl",,17,REG,P07,Cameron,BAT295535,46836,32004241-5429-5535-ada4-d55eba5a41d2,2018,2018,,
2022,ATL,DL,DT,91,ACT,Matt Dickerson,Matthew,Dickerson,1995-11-09,77.0,290,UCLA,00-0034657,3134316,7bce07de-7179-459c-97a4-279fb53641a2,31612,12973,49601,,20380,5615,4,"https://static.www.nfl.com/image/private/f_auto,q_auto/league/lc7uepeswile2bvftssk",INTERIOR_LINE,18,REG,A01,Matt,DIC281705,46841,32004449-4328-1705-8a6d-d371a10fb6ee,2018,2018,,
2022,GB,WR,WR,37,DEV,Rico Gafford,Rico,Gafford,1996-05-23,70.0,185,Wyoming,00-0034660,4048717,f7365f88-4cd0-42e9-9e4e-7bade08e9e5b,31607,13297,29622,,20194,5197,4,"https://static.www.nfl.com/image/private/f_auto,q_auto/league/yotlvbawckg5e7shvr2y",,1,REG,P01,Rico,GAF633060,46844,32004741-4663-3060-b50f-04e44a3e17a8,2018,2018,,
2022,TEN,DB,FS,28,ACT,Joshua Kalu,Joshua,Kalu,1995-08-28,72.0,203,Nebraska,00-0034662,3116105,ab741f46-d660-48f2-a910-774d0514d2e4,31609,12720,51203,,20384,5671,4,"https://static.www.nfl.com/image/private/f_auto,q_auto/league/kdx8oloehaof1lhoqib7",SAFETY,18,REG,A01,Joshua,KAL718106,46846,32004b41-4c71-8106-2624-844a249c6a31,2018,2018,,
2022,CLE,OL,T,65,CUT,Elijah Nkansah,Elijah,Nkansah,1994-12-28,73.0,316,Toledo,00-0034664,,,,,,,,,4,"https://static.www.nfl.com/image/private/f_auto,q_auto/league/aarbjpe3reauxnuo48ka",,5,REG,W03,Elijah,NKA458455,46848,32004e4b-4145-8455-6a18-f6b39768ea5b,2018,2018,,
2022,TB,OL,G,64,RES,Aaron Stinnie,Aaron,Stinnie,1994-02-18,75.0,312,James Madison,00-0034668,,,,,,,,,4,"https://static.www.nfl.com/image/private/f_auto,q_auto/league/zwfssw9ul3zkuperm5oe",,19,WC,R01,Aaron,STI628067,46852,32005354-4962-8067-a1e4-6d8fce7235a8,2018,2018,,
2022,LV,WR,WR,84,CUT,Jordan Veasy,Jordan,Veasy,1995-06-23,75.0,221,California,00-0034669,4035853,fb815f81-3759-4194-bff9-1982fb2dd9a0,31626,13304,38435,,20376,5293,4,"https://static.www.nfl.com/image/private/f_auto,q_auto/league/lqzmpmihymmrkoiufbxc",,1,REG,A01,Jordan,VEA649935,46853,32005645-4164-9935-e868-44833b5a9003,2018,2018,,
2022,BUF,LB,MLB,49,ACT,Tremaine Edmunds,Fe'Zahn,Edmunds,1998-05-02,77.0,250,Virginia Tech,00-0034673,3929950,88976fed-0ffd-40a8-98ea-0c6c55010000,30986,12612,50905,EdmuTr01,19836,4968,4,"https://static.www.nfl.com/image/private/f_auto,q_auto/league/kgubb557bskgf9n4ndqz",MLB,20,DIV,A01,Tremaine,EDM000000,46085,32004544-4d00-0000-c30c-56fb5191e34f,2018,2018,BUF,16
2022,DAL,LB,OLB,55,ACT,Leighton Vander Esch,Leighton,Vander Esch,1996-02-08,76.0,256,Boise State,00-0034674,3138677,b6ab79d0-cbb6-4e2c-8a9d-2e4a092325bc,30989,12479,50950,VandLe00,19838,4980,4,"https://static.www.nfl.com/image/private/f_auto,q_auto/league/qmoaxj8w9fmnjctyz817",MLB,20,DIV,A01,Leighton,VAN417781,46088,32005641-4e41-7781-d704-68bbb90fe766,2018,2018,DAL,19
2022,CIN,DB,FS,30,ACT,Jessie Bates,Jessie,Bates,1997-02-26,73.0,200,Wake Forest,00-0034675,3919512,89c84a59-18ad-4aeb-8879-d4ba7dd1491e,31024,12564,49162,BateJe00,19873,5017,4,"https://static.www.nfl.com/image/private/f_auto,q_auto/league/ox5buldtn5ppjy4hlpyo",SAFETY,21,CON,A01,Jessie,BAT108395,46123,32004241-5410-8395-d37a-630df6f54a7b,2018,2018,CIN,54
2022,NYG,WR,WR,83,DEV,James Washington,James,Washington,1996-04-02,71.0,213,Oklahoma State,00-0034676,3122449,814aa074-fc61-4649-b7a1-098bd3a199fd,31030,12838,47792,WashJa00,19865,5024,4,"https://static.www.nfl.com/image/private/f_auto,q_auto/league/z5svt5lojqlibpxitvty",,20,DIV,P07,James,WAS398381,46129,32005741-5339-8381-df30-c40eef116ddf,2018,2018,PIT,60
2022,CHI,DL,DT,93,ACT,Justin Jones,Justin,Jones,1996-08-28,75.0,309,North Carolina State,00-0034677,3116746,c82a3f67-90b7-4cc8-ac3b-e6cf469cc541,31054,12785,48940,JoneJu03,19881,5063,4,"https://static.www.nfl.com/image/private/f_auto,q_auto/league/udxsksuvabvwhnyrn3ls",INTERIOR_LINE,18,REG,A01,Justin,JON518335,46153,32004a4f-4e51-8335-7d6a-e6b7ff2e09ec,2018,2018,LAC,84
2022,CIN,OL,G,65,INA,Alex Cappa,Alexander,Cappa,1995-01-27,78.0,305,Humboldt State,00-0034678,,,,,,,,,4,"https://static.www.nfl.com/image/private/f_auto,q_auto/league/wq7of2l1gxrxhehgyvgw",,21,CON,A01,Alex,CAP370596,46163,32004341-5037-0596-30b8-a29641c28ea6,2018,2018,TB,94
2022,IND,DB,SS,36,RES,Armani Watts,Armani,Watts,1996-03-19,71.0,205,Texas A&amp;M,00-0034680,3122136,046b6d1f-cc56-486c-8d45-45b3a150b141,31094,12781,51264,WattAr00,19939,5329,4,"https://static.www.nfl.com/image/private/f_auto,q_auto/league/np3vihxiadvwg5x2ljdl",,18,REG,R01,Armani,WAT685762,46193,32005741-5468-5762-6679-2544c02b8fe3,2018,2018,KC,124
2022,DEN,RB,RB,19,ACT,Chase Edmonds,Chase,Edmonds,1996-04-13,69.0,210,Fordham,00-0034681,3119195,d8d9b161-7ef4-42bf-89b7-7edf806a0ad1,31104,12667,45851,EdmoCh00,19919,5000,4,"https://static.www.nfl.com/image/private/f_auto,q_auto/league/ya7hnoqk5r2zemgknwpm",RB,18,REG,A01,Chase,EDM181116,46203,32004544-4d18-1116-8de3-583c7ff1d2b8,2018,2018,ARI,134
2022,TB,LB,OLB,59,RES,Genard Avery,Genardveous,Avery,1995-04-26,72.0,250,Memphis,00-0034682,3126204,a56b9958-2eb9-47d2-a50e-be8aeaea3eaf,31120,12916,49699,AverGe00,19970,5081,4,"https://static.www.nfl.com/image/private/f_auto,q_auto/league/mfplatg4vlced7nbiapr",,19,WC,R01,Genard,AVE456819,46219,32004156-4545-6819-a300-1f88a570c388,2018,2018,CLE,150
2022,DEN,DB,CB,20,RES,Darius Phillips,Darius,Phillips,1995-06-26,70.0,190,Western Michigan,00-0034683,3042785,12178d3d-49d3-4cb4-88b9-cc8f044bb684,31140,12774,49507,PhilDa02,19968,5079,4,"https://static.www.nfl.com/image/private/f_auto,q_auto/league/jv2z4lfztmt3dgql1ozj",,18,REG,R01,Darius,PHI140202,46239,32005048-4914-0202-3000-11de21adea45,2018,2018,CIN,170
2022,ARI,WR,WR,13,DEV,Auden Tate,Audeen,Tate,1997-02-03,77.0,228,Florida State,00-0034686,3921564,75a646ac-b2d2-42d9-91c7-3b00fdf71ef9,31223,12569,48192,TateAu00,20057,5130,4,"https://static.www.nfl.com/image/private/f_auto,q_auto/league/gp64utjveglpbit53u3t",,18,REG,P07,Auden,TAT130154,46322,32005441-5413-0154-6d9d-5c163b90a894,2018,2018,CIN,253
2022,NYG,OL,T,70,DEV,Korey Cunningham,Korey,Cunningham,1995-05-17,78.0,305,Cincinnati,00-0034687,,,,,,,,,4,"https://static.www.nfl.com/image/private/f_auto,q_auto/league/pmvhejwlbdubebi6egbt",,20,DIV,P07,Korey,CUN521305,46323,32004355-4e52-1305-c38e-0b157117141e,2018,2018,ARI,254
2022,SEA,WR,WR,82,CUT,Deontez Alexander,Deontez,Alexander,,75.0,180,Franklin,00-0034715,4055563,7ecb04f9-b8b7-419b-9f73-8a7f55804074,31705,13309,66962,,20626,5703,4,"https://static.www.nfl.com/image/private/f_auto,q_auto/league/zipy35sx9lzrv8hvjuvw",,1,REG,A01,Deontez,ALE221247,46897,3200414c-4522-1247-5fa1-07eaa421da4f,2018,2018,,
2022,PIT,LB,ILB,41,ACT,Robert Spillane,Robert,Spillane,1995-12-14,73.0,229,Western Michigan,00-0034720,3129446,3b59e08c-0c3b-42c9-a4e2-9b79103ea715,31708,13306,50918,,20646,5726,4,"https://static.www.nfl.com/image/private/f_auto,q_auto/league/bspmdtgcwwweswmeojo1",MLB,18,REG,A01,Robert,SPI329627,46902,32005350-4932-9627-fe82-f7f9724c0325,2018,2018,,
2022,CLE,P,P,13,ACT,Corey Bojorquez,Corey,Bojorquez,1996-09-13,72.0,208,New Mexico,00-0034721,4039396,1073ac8d-d12f-4ad0-845d-5351503931bd,31727,13323,27626,,20512,5721,4,"https://static.www.nfl.com/image/private/f_auto,q_auto/league/lpmwmgw9gfitu8qnmcpi",,18,REG,A01,Corey,BOJ401791,46903,3200424f-4a40-1791-6a8e-c1b2ff7c0acd,2018,2018,,
2022,JAX,DL,DE,91,DEV,Nick Thurman,Nick,Thurman,1995-06-12,76.0,305,Houston,00-0034723,3040031,ded1a577-51cc-4f13-8b79-4f4c09655f44,31726,13320,49607,,20637,5727,4,"https://static.www.nfl.com/image/private/f_auto,q_auto/league/vrzhlrauvfeqva8jk5ve",,20,DIV,P01,Nick,THU557677,46905,32005448-5555-7677-8527-e425511f3c27,2018,2018,,
2022,GB,DB,FS,6,ACT,Dallin Leavitt,Dallin,Leavitt,1994-08-08,70.0,195,Utah State,00-0034726,3053801,c281fdc7-76a9-4734-a13d-19ad354c67db,31723,13318,49120,,20642,5736,4,"https://static.www.nfl.com/image/private/f_auto,q_auto/league/fvs3grsbgg2nbltdrngc",,18,REG,A01,Dallin,LEA780517,46908,32004c45-4178-0517-3270-66460ffb656b,2018,2018,,
2022,GB,DB,CB,23,ACT,Jaire Alexander,Jaire,Alexander,1997-02-09,70.0,196,Louisville,00-0034728,3895429,db9fa46f-f0f6-40b8-a207-60d46173d7e1,30988,12549,49350,AlexJa00,19839,4979,4,"https://static.www.nfl.com/image/private/f_auto,q_auto/league/on6zec6frngloqi61v0r",CB,18,REG,A01,Jaire,ALE291426,46087,3200414c-4529-1426-87b5-71774446f980,2018,2018,GB,18
2022,TEN,OL,G,73,RES,Jamarco Jones,Jamarco,Jones,1996-06-04,76.0,293,Ohio State,00-0034729,,,,,,,,,4,"https://static.www.nfl.com/image/private/f_auto,q_auto/league/cidmrpgan3fwabbrotiw",,18,REG,R01,Jamarco,JON404567,46237,32004a4f-4e40-4567-a754-a909b48a207f,2018,2018,SEA,168
2022,NYJ,LB,OLB,36,DEV,Marcell Harris,Marcell,Harris,1994-06-09,72.0,208,Florida,00-0034730,3043110,d1e280f9-6df0-45d9-841e-0cfe6ea081b1,31154,12636,51408,HarrMa03,20000,5370,4,"https://static.www.nfl.com/image/private/f_auto,q_auto/league/cpwqzcxldkcxuasgppbe",,18,REG,P02,Marcell,HAR474001,46253,32004841-5247-4001-6065-132a202c5060,2018,2018,SF,184
2022,BAL,OL,G,69,DEV,Reginald McKenzie,Reginald,McKenzie,1997-01-03,75.0,320,Tennessee,00-0034731,3915388,e738f88d-6a49-4efd-b53e-d031bc8c5772,31168,12571,62935,,20027,5327,4,"https://static.www.nfl.com/image/private/f_auto,q_auto/league/xxcaen8vycmjbtjr7mwk",,19,WC,P01,Reginald,MCK329293,46267,32004d43-4b32-9293-610f-49177bf4e347,2018,2018,KC,198
2022,TB,TE,TE,86,CUT,Codey McElroy,Codey,McElroy,1992-12-13,78.0,258,Southeastern Oklahoma,00-0034735,3951441,225d9e5e-598c-4b32-9c74-d7df2018500c,31732,13341,66966,,20314,5269,4,"https://static.www.nfl.com/image/private/f_auto,q_auto/league/jzeu0mzarw5bosseecho",,1,REG,A01,Codey,MCE144261,46915,32004d43-4514-4261-72a1-eb6f15597884,2018,2018,,
2022,SEA,DB,FS,38,DEV,Steven Parker,Steven,Parker,1995-12-14,73.0,210,Oklahoma,00-0034736,3116387,43211a61-4d89-4982-bbf1-9b932316b571,31733,13342,51220,,20316,5741,4,"https://static.www.nfl.com/image/private/f_auto,q_auto/league/rqdelqhxbpn6pflf0hul",,19,WC,P07,Steven,PAR419471,46916,32005041-5241-9471-28e0-40b52a181d6e,2018,2018,,
2022,ATL,LB,ILB,54,ACT,Rashaan Evans,Rashaan,Evans,1995-11-08,74.0,234,Alabama,00-0034743,3126349,0813c5eb-608c-4a6d-8bfb-ed3538767e90,30992,12879,50213,EvanRa01,19842,4978,4,"https://static.www.nfl.com/image/private/f_auto,q_auto/league/hou79fqcetlephuywjnp",MLB,18,REG,A01,Rashaan,EVA617192,46091,32004556-4161-7192-2696-b2fabd26bf91,2018,2018,TEN,22
2022,PIT,DB,CB,29,DEV,Duke Dawson,Duke,Dawson,1995-10-13,70.0,198,Florida,00-0034744,3115250,c2ee7e58-321d-44b6-9db8-f333b75b3a1b,31026,12782,51576,DawsDu00,19884,5028,4,"https://static.www.nfl.com/image/private/f_auto,q_auto/league/mknxfkbm4xuzsn9g17qf",,18,REG,P07,Duke,DAW477699,46125,32004441-5747-7699-4874-ce3dbe256563,2018,2018,NE,56
2022,DET,DB,FS,21,RES,Tracy Walker,Tracy,Walker,1995-02-01,73.0,210,Louisiana-Lafayette,00-0034745,3042499,6b8cdb8a-db1d-4a3f-85dc-37cedef65c0a,31052,12747,51266,WalkTr01,19876,5064,4,"https://static.www.nfl.com/image/private/f_auto,q_auto/league/npvlo9xevn53iu5may0h",,18,REG,R01,Tracy,WAL335711,46151,32005741-4c33-5711-fede-9d8511c839b7,2018,2018,DET,82
2022,SF,DL,DT,96,RES,Maurice Hurst,Maurice,Hurst,1995-05-09,74.0,291,Michigan,00-0034746,3045220,81b159d5-86ac-4130-a87d-dbd5e0b211b3,31110,12878,38563,HursMa00,19921,5002,4,"https://static.www.nfl.com/image/private/f_auto,q_auto/league/btulh0hzwyegjyz4hce7",,21,CON,R01,Maurice,HUR501348,46209,32004855-5250-1348-cfd2-5bfb51dbc5bb,2018,2018,OAK,140
2022,SEA,RB,RB,20,RES,Rashaad Penny,Rashaad,Penny,1996-02-02,71.0,220,San Diego State,00-0034750,3139925,2b119688-83b5-4d19-acbf-fa2087035fae,30997,12830,27414,PennRa00,19799,4985,4,"https://static.www.nfl.com/image/private/f_auto,q_auto/league/i5elnae0b84iq3mhpzq7",,19,WC,R01,Rashaad,PEN504753,46096,32005045-4e50-4753-3f3f-c08ffd9467b0,2018,2018,SEA,27
2022,ARI,DB,CB,26,ACT,Josh Jackson,Joshua,Jackson,1996-04-03,72.0,196,Iowa,00-0034751,3144984,fbf2dd5f-b324-424d-8cd3-335b0d695c6a,31015,12530,50417,JackJo01,19856,5029,4,"https://static.www.nfl.com/image/private/f_auto,q_auto/league/cdhgtve6ofjjbjqxzmfl",,18,REG,A01,Josh,JAC280902,46114,32004a41-4328-0902-e4c5-2abd75fbeaef,2018,2018,GB,45
2022,KC,OL,T,57,ACT,Orlando Brown,Orlando,Brown,1996-05-02,80.0,345,Oklahoma,00-0034752,,,,,,,,,4,"https://static.www.nfl.com/image/private/f_auto,q_auto/league/nqusflpb5kgeetnnbqu9",T,22,SB,A01,Orlando,BRO570664,46152,32004252-4f57-0664-8bcd-153b0c13f3fb,2018,2018,BAL,83
2022,BAL,TE,TE,89,ACT,Mark Andrews,Mark,Andrews,1995-09-06,77.0,255,Oklahoma,00-0034753,3116365,0618f387-9b72-4270-8b8f-dec4cccc9e4a,31056,12559,47436,AndrMa00,19803,5012,4,"https://static.www.nfl.com/image/private/f_auto,q_auto/league/m1fmyihulvtdiav4bwxm",TE,19,WC,A01,Mark,AND701433,46155,3200414e-4470-1433-75dd-307507e53173,2018,2018,BAL,86
2022,SF,LB,OLB,48,ACT,Oren Burks,Oren,Burks,1995-03-21,75.0,233,Vanderbilt,00-0034754,3051746,ab9bd5b1-eaf9-4f2d-8acd-fbc143980b17,31058,12919,50203,BurkOr00,19902,5031,4,"https://static.www.nfl.com/image/private/f_auto,q_auto/league/ubtdbwxlow9loojrlyee",SLOT_CB,21,CON,A01,Oren,BUR284869,46157,32004255-5228-4869-d36c-88258a537108,2018,2018,GB,88
2022,CIN,DB,CB,33,ACT,Tre Flowers,Trequille,Flowers,1995-06-02,75.0,203,Oklahoma State,00-0034756,3046326,73c958ee-0d55-49e9-a613-f4475b444fd5,31116,12671,49059,FlowTr01,19951,5379,4,"https://static.www.nfl.com/image/private/f_auto,q_auto/league/jdp2sje6w3wm1klpoans",CB,21,CON,A01,Tre,FLO000000,46215,3200464c-4f00-0000-f164-81779f9b8482,2018,2018,SEA,146
2022,LV,OL,T,74,ACT,Kolton Miller,Kolton,Miller,1995-10-09,80.0,325,UCLA,00-0034759,,,,,,,,,4,"https://static.www.nfl.com/image/private/f_auto,q_auto/league/ilueibqhlr8tdxjskl9w",T,18,REG,A01,Kolton,MIL371062,46084,32004d49-4c37-1062-3eb9-b8a69d38d862,2018,2018,OAK,15
2022,NYJ,DL,DT,97,ACT,Nathan Shepherd,Nathan,Shepherd,1993-10-09,76.0,315,Fort Hays State,00-0034760,4076951,4be6de2f-0a6c-43fc-a91f-d01cdb5dca6c,31042,12814,24614,ShepNa00,19887,5043,4,"https://static.www.nfl.com/image/private/f_auto,q_auto/league/thuy1ljnaumjmbshpswt",INTERIOR_LINE,18,REG,A01,Nathan,SHE517895,46141,32005348-4551-7895-806f-195b8a37f46d,2018,2018,NYJ,72
2022,ARI,OL,C,53,ACT,Billy Price,Billy,Price,1994-10-11,76.0,312,Ohio State,00-0034762,,,,,,,,,4,"https://static.www.nfl.com/image/private/f_auto,q_auto/league/p4ebswrda2jank95wobi",C,18,REG,A01,Billy,PRI054404,46090,32005052-4905-4404-45e3-d74a9d20fb7b,2018,2018,CIN,21
2022,LV,OL,T,75,RES,Brandon Parker,Brandon,Parker,1995-10-21,79.0,320,North Carolina A&amp;T,00-0034763,,,,,,,,,4,"https://static.www.nfl.com/image/private/f_auto,q_auto/league/sin2jisa9x1bnmpjbfxg",,18,REG,R01,Brandon,PAR157605,46134,32005041-5215-7605-6301-7489e5c98c6c,2018,2018,OAK,65
2022,DAL,WR,WR,13,ACT,Michael Gallup,Michael,Gallup,1996-03-04,73.0,200,Colorado State,00-0034764,4036348,9e174ff2-ca0e-4e6b-96f7-90f0088f7edd,31051,12810,26075,GallMi00,19867,5038,4,"https://static.www.nfl.com/image/private/f_auto,q_auto/league/mq0spwjm7whbnz2iut32",WR,20,DIV,A01,Michael,GAL779981,46150,32004741-4c77-9981-95e1-30b1c57c6002,2018,2018,DAL,81
2022,NO,WR,WR,10,ACT,Tre'Quan Smith,Tre'Quan,Smith,1996-01-07,74.0,210,Central Florida,00-0034765,3128451,c65b8d70-ac93-4782-996a-ef96fd11047c,31061,12567,48228,SmitTr03,19897,5026,4,"https://static.www.nfl.com/image/private/f_auto,q_auto/league/e3ugejpcmkegazitvsfc",WR,18,REG,A01,Tre'Quan,SMI764556,46160,3200534d-4976-4556-d545-e418d85634bb,2018,2018,NO,91
2022,PIT,OL,T,76,ACT,Chukwuma Okorafor,Chukwuma,Okorafor,1997-08-08,78.0,320,Western Michigan,00-0034768,,,,,,,,,4,"https://static.www.nfl.com/image/private/f_auto,q_auto/league/yoqjfgpzdciz41spxc2e",T,18,REG,A01,Chukwuma,OKO359674,46161,32004f4b-4f35-9674-5da6-60fd207c1379,2018,2018,PIT,92
2022,CHI,LB,LB,43,ACT,DeMarquis Gates,DeMarquis,Gates,1996-03-07,74.0,221,Mississippi,00-0034769,3128747,8b91b834-6eae-4a18-8fc6-9c99caafa615,31744,13942,,,20657,5748,4,"https://static.www.nfl.com/image/private/f_auto,q_auto/league/rqbvlbk8qjblhtdl8a6p",EDGE,18,REG,A01,DeMarquis,GAT196073,46942,32004741-5419-6073-d0b7-78c9d087cc4a,2018,2018,,
2022,PIT,QB,QB,2,INA,Mason Rudolph,Mason,Rudolph,1995-06-17,77.0,235,Oklahoma State,00-0034771,3116407,be4ca0ad-f3d6-4b98-a37f-79d0cbc06390,31046,12629,46569,RudoMa00,19850,4972,4,"https://static.www.nfl.com/image/private/f_auto,q_auto/league/cfh1ri1tzfrvpn9u94ec",,18,REG,A01,Mason,RUD321216,46145,32005255-4432-1216-a9be-28502c0847e4,2018,2018,PIT,76
2022,DAL,WR,WR,14,DEV,Antonio Callaway,Antonio,Callaway,1997-01-09,71.0,200,Florida,00-0034772,3915097,71d9c2a0-81ee-4788-86bb-7ae326396e73,31075,12468,48101,CallAn00,19917,5310,4,"https://static.www.nfl.com/image/private/f_auto,q_auto/league/qebxtrpadsvtqkgvfy2u",,20,DIV,P06,Antonio,CAL612552,46174,32004341-4c61-2552-abe1-70ec5629d91c,2018,2018,CLE,105
2022,TB,DL,NT,50,ACT,Vita Vea,Tevita,Vea,1995-02-05,76.0,347,Washington,00-0034773,3134362,503eb9a7-83ed-4b96-b0f2-7afe4920bde9,30982,12500,48956,VeaxVi00,19834,4969,4,"https://static.www.nfl.com/image/private/f_auto,q_auto/league/pcpltxfrr2eetm3f7srn",INTERIOR_LINE,19,WC,A01,Vita,VEA065410,46081,32005645-4106-5410-5ca3-d47503c045e3,2018,2018,TB,12
2022,JAX,WR,WR,13,ACT,Christian Kirk,Christian,Kirk,1996-11-18,71.0,200,Texas A&amp;M,00-0034775,3895856,ebcd87ce-218c-4144-810b-921c2f59d6e8,31017,12508,47546,KirkCh01,19815,4950,4,"https://static.www.nfl.com/image/private/f_auto,q_auto/league/illjppjxpfa4joefmpd0",SLOT_WR,20,DIV,A01,Christian,KIR257918,46116,32004b49-5225-7918-e402-81feed3bdafb,2018,2018,ARI,47
2022,DET,WR,WR,4,ACT,D.J. Chark,Darrell,Chark,1996-09-23,76.0,198,Louisiana State,00-0034777,3115394,c2a7bd8a-d141-423a-8810-0988a59ff0b4,31031,12820,47702,CharDJ00,19816,4951,4,"https://static.www.nfl.com/image/private/f_auto,q_auto/league/hbngdzf66ssvjgbjd9oz",WR,18,REG,A01,D.J.,CHA553392,46130,32004348-4155-3392-9ee6-7f21c24c95c9,2018,2018,JAX,61
2022,TB,DB,CB,24,ACT,Carlton Davis,Carlton,Davis,1996-12-31,73.0,206,Auburn,00-0034778,3916923,2df83b38-7b2b-4aea-91ee-bfc5974486a1,31033,12531,49335,DaviCa02,19892,5054,4,"https://static.www.nfl.com/image/private/f_auto,q_auto/league/fvqmjaqr2g0p0tez3b8f",CB,19,WC,A01,Carlton,DAV220184,46132,32004441-5622-0184-ef7c-ffcde714e0af,2018,2018,TB,63
2022,CLE,DB,SS,33,ACT,Ronnie Harrison,Ronnie,Harrison,1997-04-18,75.0,214,Alabama,00-0034779,3859006,9b96ef63-04bd-41ae-b59c-acc0f2561d19,31063,12625,49206,HarrRo02,19904,5025,4,"https://static.www.nfl.com/image/private/f_auto,q_auto/league/qtmt3xazliwe5q59dzk4",EDGE,18,REG,A01,Ronnie,HAR638591,46162,32004841-5263-8591-b219-84361484e8b5,2018,2018,JAX,93
2022,NO,DB,CB,36,ACT,Isaac Yiadom,Isaac,Yiadom,1996-02-20,73.0,190,Boston College,00-0034780,3122797,5bde0a71-c7ec-465f-ad35-c195e1d10b29,31069,12778,49355,YiadIs00,19901,5048,4,"https://static.www.nfl.com/image/private/f_auto,q_auto/league/qh2gttyefdhxfmuxhbjw",,18,REG,A01,Isaac,YIA148317,46168,32005949-4114-8317-740c-8c8585755677,2018,2018,DEN,99
2022,MIN,DL,DT,97,ACT,Harrison Phillips,Harrison,Phillips,1996-01-25,75.0,307,Stanford,00-0034782,3117255,840b2183-02bc-4a2a-b415-c62ceecca1b2,31066,12551,48690,PhilHa00,19900,5049,4,"https://static.www.nfl.com/image/private/f_auto,q_auto/league/fh1iw6wqqzhrsgrlp0w7",INTERIOR_LINE,19,WC,A01,Harrison,PHI215142,46165,32005048-4921-5142-5ef5-133a36dda72f,2018,2018,BUF,96
2022,PIT,OL,C,61,ACT,Mason Cole,Mason,Cole,1996-03-28,77.0,292,Michigan,00-0034785,,,,,,,,,4,"https://static.www.nfl.com/image/private/f_auto,q_auto/league/fsspvxgijzc0irbth7v1",C,18,REG,A01,Mason,COL151246,46166,3200434f-4c15-1246-1bd3-59946ef2215c,2018,2018,ARI,97
2022,DET,LB,ILB,49,ACT,Chris Board,Christopher,Board,1995-07-23,74.0,230,North Dakota State,00-0034787,3060403,07247409-1cf8-4e67-a05b-15de83ca1bf9,31750,13353,29456,,20245,5753,4,"https://static.www.nfl.com/image/private/f_auto,q_auto/league/hglmudbjjovnnysfyaev",MLB,18,REG,A01,Chris,BOA302232,46958,3200424f-4130-2232-8cd6-570ec704a161,2018,2018,,
2022,PHI,TE,TE,87,RES,Jaeden Graham,Jaeden,Graham,1995-10-10,76.0,250,Yale,00-0034788,3118954,97e65d1d-c738-4812-840e-030f0242bc29,31749,13356,31849,,20662,5754,4,"https://static.www.nfl.com/image/private/f_auto,q_auto/league/fybmurkbrd7waa35tpc8",,1,REG,R01,Jaeden,GRA199272,46959,32004752-4119-9272-d01a-e4b62d9ea10c,2018,2018,,
2022,PIT,DB,FS,39,ACT,Minkah Fitzpatrick,Minkah,Fitzpatrick,1996-11-17,73.0,207,Alabama,00-0034789,3925345,1aede0b9-557c-444d-9a2f-4cc690e1563c,30981,12624,51206,FitzMi00,19829,4963,4,"https://static.www.nfl.com/image/private/f_auto,q_auto/league/zdgjf9xpdgxmps1cuhn1",SAFETY,18,REG,A01,Minkah,FIT787290,46080,32004649-5478-7290-d7d8-47c9ce9cbb2d,2018,2018,MIA,11
2022,LAC,DB,FS,3,ACT,Derwin James,Derwin,James,1996-08-03,74.0,215,Florida State,00-0034790,3691739,01c52412-7257-4213-b8b3-effa7c5dd5c7,30987,12464,51368,JameDe00,19837,4971,4,"https://static.www.nfl.com/image/private/f_auto,q_auto/league/ff8mppbwkpuybsjhvuin",SAFETY,19,WC,A01,Derwin,JAM172303,46086,32004a41-4d17-2303-1f22-803288e81521,2018,2018,LAC,17
2022,CLE,RB,RB,24,ACT,Nick Chubb,Nicholas,Chubb,1995-12-27,71.0,225,Georgia,00-0034791,3128720,4bd60b33-9fbf-4156-ba2b-8264ac37b418,31005,12886,45783,ChubNi00,19798,4988,4,"https://static.www.nfl.com/image/private/f_auto,q_auto/league/a8ib0haur75wrhqrbtyo",RB,18,REG,A01,Nick,CHU033942,46104,32004348-5503-3942-d8b2-181bd658412e,2018,2018,CLE,35
2022,ATL,DB,CB,22,ACT,Cornell Armstrong,Cornell,Armstrong,1995-09-22,72.0,185,Southern Mississippi,00-0034792,3123963,0a08ca62-e488-4369-8e26-8b158443865f,31179,12999,50351,ArmsCo00,20032,5344,4,"https://static.www.nfl.com/image/private/f_auto,q_auto/league/lhwzlrr81flfbaf3tvx9",CB,18,REG,A01,Cornell,ARM210022,46278,32004152-4d21-0022-f436-72fa02a5ad42,2018,2018,MIA,209
2022,MIA,K,K,7,ACT,Jason Sanders,Jason,Sanders,1995-11-16,71.0,186,New Mexico,00-0034794,3124679,5ffb654f-0de5-424b-aa2f-ad511deb5b51,31199,13007,29578,SandJa00,20033,5119,4,"https://static.www.nfl.com/image/private/f_auto,q_auto/league/cogc5davhp1ns7yhkvop",,19,WC,A01,Jason,SAN342927,46298,32005341-4e34-2927-2811-bd19803d48d3,2018,2018,MIA,229
2022,BAL,QB,QB,8,INA,Lamar Jackson,Lamar,Jackson,1997-01-07,74.0,212,Louisville,00-0034796,3916387,e06a9c07-453a-4bb0-a7e9-2c3a64166dad,31002,12561,46416,JackLa00,19781,4881,4,"https://static.www.nfl.com/image/private/f_auto,q_auto/league/gylnuxkxgm3zd4j0d0ku",,19,WC,A01,Lamar,JAC323395,46101,32004a41-4332-3395-efb0-6c7b75de50af,2018,2018,BAL,32
2022,MIA,LB,ILB,55,ACT,Jerome Baker,Jerome,Baker,1996-12-25,74.0,225,Ohio State,00-0034797,3915507,53e7c80e-8bf9-4ab2-ab3e-80cb556ea784,31043,12596,28091,BakeJe00,19882,5056,4,"https://static.www.nfl.com/image/private/f_auto,q_auto/league/ilekngxlkkoup3rcfigi",MLB,19,WC,A01,Jerome,BAK235897,46142,32004241-4b23-5897-aef9-6a41c25680b7,2018,2018,MIA,73
2022,MIA,TE,TE,81,ACT,Durham Smythe,Durham,Smythe,1995-08-09,78.0,260,Notre Dame,00-0034798,3052897,7e42a22a-c47b-4387-aeeb-2cc2e76dc1d8,31093,12807,47257,SmytDu00,19943,5008,4,"https://static.www.nfl.com/image/private/f_auto,q_auto/league/i4k79s8x5queah3t87na",TE,19,WC,A01,Durham,SMY283236,46192,3200534d-5928-3236-3c59-343ab736cca3,2018,2018,MIA,123
2022,CIN,DL,DT,92,ACT,B.J. Hill,Bobby,Hill,1995-04-20,75.0,311,North Carolina State,00-0034800,3116748,5c24d0c5-076c-4db5-9bd0-e67f7c42ad50,31039,12815,49894,HillB.00,19885,5020,4,"https://static.www.nfl.com/image/private/f_auto,q_auto/league/opioop3ffebqbm0w9l6j",INTERIOR_LINE,21,CON,A01,B.J.,HIL096836,46138,32004849-4c09-6836-ea69-de0cfcb8a2d9,2018,2018,NYG,69
2022,DET,LB,ILB,51,ACT,Josh Woods,Josh,Woods,1996-07-01,73.0,236,Maryland,00-0034801,3128303,abdf27dc-a54d-427c-a745-173f1c485292,31753,13361,49023,,20664,5757,4,"https://static.www.nfl.com/image/private/f_auto,q_auto/league/jalhulimowdjawdiprkt",,18,REG,A01,Josh,WOO516359,46968,3200574f-4f51-6359-827a-1fde8dc17982,2018,2018,,
2022,LA,OL,T,70,RES,Joseph Noteboom,Joseph,Noteboom,1995-06-19,77.0,321,Texas Christian,00-0034803,,,,,,,,,4,"https://static.www.nfl.com/image/private/f_auto,q_auto/league/zxlixfywfz038ofm6wqa",,18,REG,R01,Joseph,NOT059326,46158,32004e4f-5405-9326-71bf-6ca4d7f0dd6d,2018,2018,LA,89
2022,LA,OL,C,55,INA,Brian Allen,Brian,Allen,1995-10-11,74.0,302,Michigan State,00-0034804,,,,,,,,,4,"https://static.www.nfl.com/image/private/f_auto,q_auto/league/qxebvjvaq5m9iw0tsmhj",,18,REG,A01,Brian,ALL063898,46180,3200414c-4c06-3898-4514-a9de44ff58fe,2018,2018,LA,111
2022,NYJ,DL,DE,91,ACT,John Franklin-Myers,John Franklin-Myers,Franklin-Myers,1996-09-26,76.0,288,Stephen F. Austin,00-0034805,3120464,e08d71dd-58d9-4295-bcf8-9a6faf59c333,31105,12972,50088,FranJo02,19942,5466,4,"https://static.www.nfl.com/image/private/f_auto,q_auto/league/hsoc83zrswvylkefwisx",EDGE,18,REG,A01,John,FRA563573,46204,32004652-4156-3573-c3f8-5ae812cf2f86,2018,2018,LA,135
2022,LV,LB,ILB,43,RES,Micah Kiser,Micah,Kiser,1995-01-25,72.0,244,Virginia,00-0034806,3048692,c16fcef9-ecdb-4696-9c92-5d5b959aafeb,31117,12846,50879,KiseMi00,19986,5074,4,"https://static.www.nfl.com/image/private/f_auto,q_auto/league/ex1nv0jhbsg8qnf91fwc",,18,REG,R01,Micah,KIS111904,46216,32004b49-5311-1904-6c82-9a0203660f27,2018,2018,LA,147
2022,HOU,DL,DE,45,ACT,Ogbonnia Okoronkwo,Ogbonnia,Okoronkwo,1995-04-24,74.0,253,Oklahoma,00-0034807,3052667,eacc232b-701d-4a67-9ce5-61b9b931fd42,31130,12788,50130,OkorOg00,19987,5075,4,"https://static.www.nfl.com/image/private/f_auto,q_auto/league/wmrog0aalbtkxnvsywej",EDGE,18,REG,A01,Ogbonnia,OKO385924,46229,32004f4b-4f38-5924-fae5-ebda7579eb7f,2018,2018,LA,160
2022,CLE,RB,RB,41,DEV,John Kelly,John,Kelly,1996-10-04,70.0,205,Tennessee,00-0034808,3915381,27156b0b-e82d-4d02-8a04-ca1891d77110,31145,12555,34761,KellJo00,19957,5076,4,"https://static.www.nfl.com/image/private/f_auto,q_auto/league/vqih30rje8wvdeado2m9",,18,REG,P01,John,KEL641184,46245,32004b45-4c64-1184-f35f-fa8ffac29350,2018,2018,LA,176
2022,LAC,DL,NT,69,ACT,Sebastian Joseph,Sebastian,Joseph,1995-03-21,76.0,310,Rutgers,00-0034810,3047495,21c60b9f-98f3-4b6f-8911-89aba2622347,31165,12993,49935,JoseSe00,19985,5073,4,"https://static.www.nfl.com/image/private/f_auto,q_auto/league/e6wmi0bxgazekgibrawg",INTERIOR_LINE,19,WC,A01,Sebastian,JOS280126,46264,32004a4f-5328-0126-c7d1-ee2dea9d9a91,2018,2018,LA,195
2022,LA,LB,ILB,32,INA,Travin Howard,Travin,Howard,1996-05-10,73.0,219,Texas Christian,00-0034812,3116424,7874842b-9b5f-4307-81cd-37f48e981e9f,31201,13008,50959,HowaTr00,20030,5306,4,"https://static.www.nfl.com/image/private/f_auto,q_auto/league/gtq0natnnotnqxbfwo1d",,18,REG,A01,Travin,HOW418468,46300,3200484f-5741-8468-cb6f-eb9835f876ac,2018,2018,LA,231
2022,TEN,LB,OLB,57,CUT,Justin Lawler,Justin,Lawler,1994-12-23,76.0,265,Southern Methodist,00-0034813,3040109,a4ce9a04-668a-4120-938b-3f05983cc0f3,31214,12716,50592,LawlJu00,20068,5307,4,"https://static.www.nfl.com/image/private/f_auto,q_auto/league/r68dolodg0xt851yklsg",,1,REG,A01,Justin,LAW151198,46313,32004c41-5715-1198-b77e-54cbf01d52a5,2018,2018,LA,244
2022,SF,LB,MLB,54,ACT,Fred Warner,Federico,Warner,1996-11-19,75.0,236,Brigham Young,00-0034815,3138826,75a74283-5ab6-49d4-bf2f-e6fcaf91ec36,31040,12769,51222,WarnFr00,19891,5041,4,"https://static.www.nfl.com/image/private/f_auto,q_auto/league/pyqvxhn3fxxws3qmcw0p",MLB,21,CON,A01,Fred,WAR485225,46139,32005741-5248-5225-ce4a-b72862edcf69,2018,2018,SF,70
2022,KC,RB,RB,2,ACT,Ronald Jones,Ronald,Jones,1997-08-03,71.0,208,Southern California,00-0034816,3912550,15965c39-17be-4338-911a-8f337f48a3ce,31008,12566,34001,JoneRo01,19861,5052,4,"https://static.www.nfl.com/image/private/f_auto,q_auto/league/afztpm6htamuh4vb7dz9",,22,SB,A01,Ronald,JON705925,46107,32004a4f-4e70-5925-2b49-5f67cfbf7e05,2018,2018,TB,38
2022,MIA,OL,T,78,ACT,Geron Christian,Geron,Christian,1996-09-10,77.0,315,Louisville,00-0034817,,,,,,,,,4,"https://static.www.nfl.com/image/private/f_auto,q_auto/league/qtygrx436juxpvv9kpk1",,19,WC,A01,Geron,CHR356698,46143,32004348-5235-6698-8b0b-47156534c1e8,2018,2018,WAS,74
2022,KC,DL,DT,91,ACT,Derrick Nnadi,Derrick,Nnadi,1996-05-09,73.0,310,Florida State,00-0034818,3122930,a1182eb3-26cb-4d34-b29a-df673973f08b,31045,12971,49970,NnadDe00,19880,5035,4,"https://static.www.nfl.com/image/private/f_auto,q_auto/league/qmdukvfgrehfzx1x4kqf",INTERIOR_LINE,22,SB,A01,Derrick,NNA157287,46144,32004e4e-4115-7287-94ee-cd56344264cf,2018,2018,KC,75
2022,JAX,LB,OLB,49,ACT,Arden Key,Arden,Key,1996-05-03,77.0,240,Louisiana State,00-0034825,3843843,acc85868-4848-4de3-8e6f-5427e93c8d80,31057,12545,50201,KeyxAr00,19896,5067,4,"https://static.www.nfl.com/image/private/f_auto,q_auto/league/bznfkfu9wotn8phucv6i",EDGE,20,DIV,A01,Arden,KEY099037,46156,32004b45-5909-9037-774f-e67d2a30cb11,2018,2018,OAK,87
2022,CAR,WR,WR,2,ACT,D.J. Moore,Denniston,Moore,1997-04-14,72.0,215,Maryland,00-0034827,3915416,d8202e6d-d03b-4cd1-a793-ff8fd39d9755,30994,12477,48267,MoorD.00,19844,4983,4,"https://static.www.nfl.com/image/private/f_auto,q_auto/league/yy6o0pkengsmm6dox1wy",WR,18,REG,A01,D.J.,MOO272423,46093,32004d4f-4f27-2423-f0b4-728a741b03cb,2018,2018,CAR,24
2022,TEN,LB,OLB,58,RES,Harold Landry,Harold,Landry,1996-06-05,74.0,250,Boston College,00-0034828,3122793,60d5e71e-e127-463b-8e6b-26a7dac3db76,31011,12883,48600,LandHa00,19862,5030,4,"https://static.www.nfl.com/image/private/f_auto,q_auto/league/dhjmcsgyt6ctquucx07u",,18,REG,R01,Harold,LAN159704,46110,32004c41-4e15-9704-c65c-9a07b28af620,2018,2018,TEN,41
2022,MIA,TE,TE,88,ACT,Mike Gesicki,Michael,Gesicki,1995-10-03,78.0,252,Penn State,00-0034829,3116164,1012cbe0-7eba-4169-bfca-183a0204e1a7,31012,12764,47153,GesiMi00,19853,4993,4,"https://static.www.nfl.com/image/private/f_auto,q_auto/league/utqutyyzxbabvmyt1r3n",WR,19,WC,A01,Mike,GES490798,46111,32004745-5349-0798-d83d-d46852aa6fbb,2018,2018,MIA,42
2022,CIN,TE,TE,88,ACT,Hayden Hurst,Hayden,Hurst,1993-08-24,76.0,245,South Carolina,00-0034830,3924365,1b125fc4-5dd9-4eb9-a42f-048e61ca42b7,30995,12467,47294,HursHa00,19843,4973,4,"https://static.www.nfl.com/image/private/f_auto,q_auto/league/dgplukocyi73df1g1602",TE,21,CON,A01,Hayden,HUR495014,46094,32004855-5249-5014-7c57-e10d2c41fe87,2018,2018,BAL,25
2022,HOU,DL,DE,92,ACT,Rasheem Green,Rasheem,Green,1997-05-15,76.0,279,Southern California,00-0034831,3912562,9912fa7a-040d-40cf-99b5-0a7a28e0ba1a,31049,12632,48731,GreeRa01,19890,5059,4,"https://static.www.nfl.com/image/private/f_auto,q_auto/league/ytmw1hluyykqzxicah6p",INTERIOR_LINE,18,REG,A01,Rasheem,GRE330410,46148,32004752-4533-0410-c75b-6bf0940b540a,2018,2018,SEA,79
2022,MIA,LB,OLB,2,ACT,Bradley Chubb,Bradley,Chubb,1996-06-24,76.0,275,North Carolina State,00-0034832,3116733,66313049-299d-4e58-beb9-8e051ab6548a,30975,12877,48526,ChubBr00,19832,4967,4,"https://static.www.nfl.com/image/private/f_auto,q_auto/league/q9kdhpht5aeq1uygyoiy",EDGE,19,WC,A01,Bradley,CHU028799,46074,32004348-5502-8799-5aa8-cdcf49ff8897,2018,2018,DEN,5
2022,NE,OL,T,76,RES,Isaiah Wynn,Isaiah,Wynn,1995-12-09,74.0,310,Georgia,00-0034833,,,,,,,,,4,"https://static.www.nfl.com/image/private/f_auto,q_auto/league/jmo2vw80ksuh5i3ipnfk",,18,REG,R01,Isaiah,WYN131632,46092,32005759-4e13-1632-c695-6334e59630f9,2018,2018,NE,23
2022,CIN,DL,DE,94,ACT,Sam Hubbard,Samuel,Hubbard,1995-06-29,77.0,265,Ohio State,00-0034834,3121416,17d1f9ee-f65e-4c4d-bf73-a69b2fa17877,31047,12495,48457,HubbSa00,19871,5015,4,"https://static.www.nfl.com/image/private/f_auto,q_auto/league/fedpaaymkmox3miypjkl",EDGE,21,CON,A01,Sam,HUB387605,46146,32004855-4238-7605-6321-5450303da155,2018,2018,CIN,77
2022,DAL,LB,OLB,46,DEV,Malik Jefferson,Malik,Jefferson,1996-11-15,74.0,240,Texas,00-0034835,3821576,c3e579cc-6693-47c4-91a9-b688935ae048,31048,12506,50884,JeffMa00,19872,5016,4,"https://static.www.nfl.com/image/private/f_auto,q_auto/league/xx8ezw1b7lhvxpgseoev",,20,DIV,P07,Malik,JEF279624,46147,32004a45-4627-9624-44c2-044356333a2d,2018,2018,CIN,78
2022,IND,OL,T,72,ACT,Braden Smith,Braden,Smith,1996-03-25,78.0,315,Auburn,00-0034836,,,,,,,,,4,"https://static.www.nfl.com/image/private/f_auto,q_auto/league/i5nvukc6iqgdzbz7i7ot",T,18,REG,A01,Braden,SMI080765,46106,3200534d-4908-0765-f244-89a603c3a555,2018,2018,IND,37
2022,JAX,WR,WR,18,RES,Calvin Ridley,Calvin,Ridley,1994-12-20,73.0,190,Alabama,00-0034837,3925357,926e2674-52d6-4cec-9991-46ee85cc8cfd,30996,12616,48262,RidlCa00,19802,4981,4,"https://static.www.nfl.com/image/private/f_auto,q_auto/league/nrjs4cm8bpr9v9ktiqe2",,20,DIV,R30,Calvin,RID652384,46095,32005249-4465-2384-7253-3a4b46622aa9,2018,2018,ATL,26
2022,HOU,RB,RB,26,ACT,Royce Freeman,Royce,Freeman,1996-02-24,72.0,238,Oregon,00-0034838,3122672,82f459c4-bf23-4d60-9eb6-b062994f5517,31041,12892,45747,FreeRo00,19823,5046,4,"https://static.www.nfl.com/image/private/f_auto,q_auto/league/omv74ajxzfk50f5te1mp",RB,18,REG,A01,Royce,FRE376456,46140,32004652-4537-6456-ac22-4a857061d9e4,2018,2018,DEN,71
2022,CLE,DL,DT,99,ACT,Taven Bryan,Taven,Bryan,1996-03-11,77.0,291,Florida,00-0034842,3115249,3971d35c-17f6-400e-8970-86bbf92cc744,30999,12470,48753,BryaTa00,19846,4975,4,"https://static.www.nfl.com/image/private/f_auto,q_auto/league/vug2pxacsvqbth5qdq70",INTERIOR_LINE,18,REG,A01,Taven,BRY121291,46098,32004252-5912-1291-f881-ee12ce222974,2018,2018,JAX,29
2022,DET,DB,CB,23,ACT,Mike Hughes,Michael,Hughes,1997-02-11,70.0,191,Central Florida,00-0034843,3895841,1f181c47-ad84-4758-a295-4c4f5c56120f,31000,12590,34057,HughMi00,19847,4982,4,"https://static.www.nfl.com/image/private/f_auto,q_auto/league/xnknoqvaeonboherjeqe",CB,18,REG,A01,Mike,HUG542324,46099,32004855-4754-2324-a94f-a4e9cd1c93c1,2018,2018,MIN,30
2022,NYG,RB,RB,26,ACT,Saquon Barkley,Saquon,Barkley,1997-02-09,72.0,233,Penn State,00-0034844,3929630,9811b753-347c-467a-b3cb-85937e71e2b9,30972,12507,45791,BarkSa00,19766,4866,4,"https://static.www.nfl.com/image/private/f_auto,q_auto/league/o8tlhps5u1tvnaaxlpjk",RB,20,DIV,A01,Saquon,BAR192674,46071,32004241-5219-2674-af43-1519254e563d,2018,2018,NYG,2
2022,LAC,RB,RB,20,CUT,Sony Michel,Sony,Michel,1995-02-17,71.0,215,Georgia,00-0034845,3128721,1376da0d-0448-4a37-bd99-842c4580eeda,31001,12880,27589,MichSo00,19828,4962,4,"https://static.www.nfl.com/image/private/f_auto,q_auto/league/eydtwcqcaegkuwivq0ln",,17,REG,W03,Sony,MIC517884,46100,32004d49-4351-7884-c6be-b720a5a54649,2018,2018,NE,31
2022,IND,LB,MLB,53,RES,Shaquille Leonard,Shaquille,Leonard,1995-07-27,74.0,230,South Carolina State,00-0034846,3056362,f9a138e3-829d-442f-8345-43d1cdbac225,31006,12845,49684,LeonDa00,19852,4990,4,"https://static.www.nfl.com/image/private/f_auto,q_auto/league/ryh8hjrcgpofvkfasclx",,18,REG,R01,Shaquille,LEO425070,46105,32004c45-4f42-5070-4a2a-35fd6c427af3,2018,2018,IND,36
2022,SF,OL,T,69,ACT,Mike McGlinchey,Mike,McGlinchey,1995-01-12,80.0,315,Notre Dame,00-0034847,,,,,,,,,4,"https://static.www.nfl.com/image/private/f_auto,q_auto/league/xuvejdcjj2f9q9ejidvb",T,21,CON,A01,Mike,MCG483723,46078,32004d43-4748-3723-bceb-8268dc0c3a2c,2018,2018,SF,9
2022,MIA,DL,DE,90,DEV,R.J. McIntosh,Richard,McIntosh,1996-06-02,76.0,283,Miami,00-0034848,3917872,2a5cf817-b88d-4dc0-a8e2-bd6212aeb4e2,31109,12589,48873,McInR.00,19946,5311,4,"https://static.www.nfl.com/image/private/f_auto,q_auto/league/a0mmywazse7morloq3nm",,19,WC,P07,R.J.,MCI502248,46208,32004d43-4950-2248-3e55-84408db1a922,2018,2018,NYG,139
2022,ATL,WR,WR,12,ACT,KhaDarel Hodge,KhaDarel Lott,Hodge,1995-01-03,71.0,205,Prairie View,00-0034854,3047876,6f124753-5c6c-454b-97c7-0f9b4d14e7c2,31769,13418,26104,,20679,5773,4,"https://static.www.nfl.com/image/private/f_auto,q_auto/league/vt6baiegoruodscbykzt",WR,18,REG,A01,KhaDarel,HOD250493,46992,3200484f-4425-0493-dbfc-02187ee1253d,2018,2018,,
2022,LA,QB,QB,17,ACT,Baker Mayfield,Baker,Mayfield,1995-04-14,73.0,215,Oklahoma,00-0034855,3052587,30198d30-9769-4e10-ac86-b4c91d940802,30971,12619,46518,MayfBa00,19790,4892,4,"https://static.www.nfl.com/image/private/f_auto,q_auto/league/aztmh1hzf253ntkzjgkn",QB,18,REG,A01,Baker,MAY483453,46070,32004d41-5948-3453-e6ac-1ecff99fdcf6,2018,2018,CLE,1
2022,CLE,DB,CB,21,ACT,Denzel Ward,Denzel,Ward,1997-04-28,71.0,191,Ohio State,00-0034856,3915535,aefdc3d3-0851-4782-b298-f06f137d42c9,30974,12572,49558,WardDe02,19830,4964,4,"https://static.www.nfl.com/image/private/f_auto,q_auto/league/xslgssmqofbq6q5jf66l",CB,18,REG,A01,Denzel,WAR146753,46073,32005741-5214-6753-6b71-7e5e98188e98,2018,2018,CLE,4
2022,BUF,QB,QB,17,ACT,Josh Allen,Joshua,Allen,1996-05-21,77.0,237,Wyoming,00-0034857,3918298,3069db07-aa43-4503-ab11-2ae5c0002721,30977,12483,46601,AlleJo02,19801,4984,4,"https://static.www.nfl.com/image/private/f_auto,q_auto/league/btfnqtymqsqgybnv4u6n",QB,20,DIV,A01,Josh,ALL529264,46076,3200414c-4c52-9264-bedc-c4ddaf201fe7,2018,2018,BUF,7
2022,PIT,DB,SS,34,ACT,Terrell Edmunds,FeDerius,Edmunds,1997-01-20,73.0,217,Virginia Tech,00-0034858,3124067,e4739abd-d524-4857-85fc-ed4845462817,30998,12613,51334,EdmuTe00,19849,4974,4,"https://static.www.nfl.com/image/private/f_auto,q_auto/league/h47ulftwoux5hhzyuwgp",SAFETY,18,REG,A01,Terrell,EDM484848,46097,32004544-4d48-4848-6660-10d05f8639f0,2018,2018,PIT,28
2022,CHI,WR,WR,18,ACT,Dante Pettis,Dante,Pettis,1995-10-23,73.0,195,Washington,00-0034860,3127306,20d16690-560b-4a01-af20-8870ef07ea70,31014,12884,48113,PettDa00,19854,4992,4,"https://static.www.nfl.com/image/private/f_auto,q_auto/league/j35nhxhisutf6pz38fzs",SLOT_WR,18,REG,A01,Dante,PET735981,46113,32005045-5473-5981-8eda-5f27db81c106,2018,2018,SF,44
2022,HOU,WR,WR,17,DEV,Malik Turner,Malik,Turner,1996-01-30,74.0,200,Illinois,00-0034867,3115928,82a7e1ff-019a-4f4b-aeb6-c41420e44891,31777,13378,48078,,20684,5781,4,"https://static.www.nfl.com/image/private/f_auto,q_auto/league/r7wv14bgrb5ohjmqsf9p",,18,REG,P07,Malik,TUR576945,46998,32005455-5257-6945-9a73-9303e69596b7,2018,2018,,
2022,CAR,QB,QB,14,ACT,Sam Darnold,Sam,Darnold,1997-06-05,75.0,225,Southern California,00-0034869,3912547,13d826c5-9b22-4e0a-a877-02d8c84c546b,30973,12490,29048,DarnSa00,19812,4943,4,"https://static.www.nfl.com/image/private/f_auto,q_auto/league/rmjuft9a2mmkka1steof",QB,18,REG,A01,Sam,DAR466141,46072,32004441-5246-6141-9e5c-6e7d32a03e33,2018,2018,NYJ,3
2022,BAL,LB,ILB,18,ACT,Roquan Smith,Roquan,Smith,1997-04-08,73.0,230,Georgia,00-0034874,3915189,3291c582-9377-4bc2-8ee5-61d887873797,30978,12644,50892,SmitRo07,19827,4960,4,"https://static.www.nfl.com/image/private/f_auto,q_auto/league/neydilxnfxsmr8pvnpi7",MLB,19,WC,A01,Roquan,SMI685032,46077,3200534d-4968-5032-ead5-4d96dc1134f2,2018,2018,CHI,8
2022,SEA,LB,ILB,34,ACT,A.J. Johnson,Alexander,Johnson,1991-12-24,74.0,255,Tennessee,00-0034887,2577712,e9b50746-32c9-478c-a8cc-3f037e762ecc,31792,13391,15267,,20715,5822,4,"https://static.www.nfl.com/image/private/f_auto,q_auto/league/zish1d1wbrhziswhsssd",MLB,19,WC,A01,A.J.,JOH041096,47016,32004a4f-4804-1096-8699-446a82b664b4,2018,2018,,
2022,LA,QB,QB,13,INA,John Wolford,John,Wolford,1995-10-16,73.0,200,Wake Forest,00-0034899,3124092,2ab1b694-1013-4661-85d4-55415d3b147f,31803,13403,46454,,20703,5806,4,"https://static.www.nfl.com/image/private/f_auto,q_auto/league/uxzgrelwi10vk4vbx7lc",,18,REG,A01,John,WOL568644,47180,3200574f-4c56-8644-9b76-ac0f15d4d563,2018,2018,,
2022,MIA,LB,ILB,49,ACT,Sam Eguavoen,Samuel,Eguavoen,1993-02-22,73.0,236,Texas Tech,00-0034902,2577637,3b4c4797-d35d-4885-93a3-06d85242b522,31815,13561,15301,,20724,5830,3,"https://static.www.nfl.com/image/private/f_auto,q_auto/league/ouho3c7kwjn2g9zqfqno",,19,WC,A01,Sam,EGU444172,44174,32004547-5544-4172-9434-3dd791ff42ae,2019,2019,,
2022,JAX,DB,CB,29,ACT,Tevaughn Campbell,Tevaughn,Campbell,1993-06-14,72.0,200,"Regina, Can.",00-0034903,4410136,68b3f7e5-cc33-41e1-833c-8f48cb70bf72,31810,13555,91247,,20721,5827,3,"https://static.www.nfl.com/image/private/f_auto,q_auto/league/fxz7t87oavuufgkjfbme",,20,DIV,A01,Tevaughn,CAM656018,44202,32004341-4d65-6018-86fc-b406960696cd,2019,2019,,
2022,DAL,K,K,14,DEV,Tristan Vizcaino,Tristan,Vizcaino,1996-07-31,74.0,205,Washington,00-0034909,3127313,cefd0600-93f2-4e0f-9624-81e3dc495c1d,31808,13496,,,20717,5823,3,"https://static.www.nfl.com/image/private/f_auto,q_auto/league/ejfiunmxfxj38cj2k5e8",,20,DIV,P01,Tristan,VIZ118654,47590,32005649-5a11-8654-9133-32e9dade2a50,2019,2019,,
2022,GB,WR,WR,5,RES,Ishmael Hyman,Ishmael,Hyman,1995-08-23,72.0,196,James Madison,00-0034922,3039968,634dcf96-92ca-474a-8a09-e26a12a7bafa,31832,13967,28621,,21106,6209,3,"https://static.www.nfl.com/image/private/f_auto,q_auto/league/z5krizipkrgqbw4sgs8e",,1,REG,W03,Ishmael,HYM029663,47243,32004859-4d02-9663-52a4-c675bbd406cb,2019,2019,,
2022,PIT,WR,WR,82,ACT,Steven Sims,Steven,Sims,1997-03-31,70.0,176,Kansas,00-0034928,3917960,4a213e4e-b0ba-4124-833e-33c528bd5908,32187,14055,48341,SimsSt00,21400,6402,3,"https://static.www.nfl.com/image/private/f_auto,q_auto/league/msetypjbcgzpwtsljzbd",SLOT_WR,18,REG,A01,Steven,SIM809106,48051,32005349-4d80-9106-3126-855ed37450b4,2019,2019,,
2022,DEN,OL,T,75,ACT,Quinn Bailey,Quinn,Bailey,1995-10-18,78.0,323,Arizona State,00-0034929,,,,,,,,,3,"https://static.www.nfl.com/image/private/f_auto,q_auto/league/wjp1eomimjpjexbsquj5",G,18,REG,A01,Quinn,BAI570586,48052,32004241-4957-0586-f4a6-b123944e45d8,2019,2019,,
2022,DET,WR,WR,19,RES,Trinity Benson,Trinity,Benson,1997-01-16,72.0,180,East Central,00-0034930,4422214,40a9d668-269b-48ec-be2f-128d89aeb20f,32189,13919,94356,BensTr00,21368,6395,3,"https://static.www.nfl.com/image/private/f_auto,q_auto/league/agi8np3ppukwwjbrw9qk",,18,REG,R01,Trinity,BEN654698,48053,32004245-4e65-4698-7b97-8f07ec86a0eb,2019,2019,,
2022,PIT,OL,T,74,DEV,John Leglue,John,Leglue,1996-04-17,79.0,310,Tulane,00-0034937,,,,,,,,,3,"https://static.www.nfl.com/image/private/f_auto,q_auto/league/siimu2mkpzzl2fl5bj19",,18,REG,P01,John,LEG694744,48060,32004c45-4769-4744-2866-7d4f0960f78b,2019,2019,,
2022,SF,P,P,18,ACT,Mitch Wishnowsky,Mitch,Wishnowsky,1992-03-02,74.0,220,Utah,00-0034941,4035685,e8e8a5fe-00d1-4ffc-9401-9e5cb254afea,31942,13816,44663,WishMi00,20996,6173,3,"https://static.www.nfl.com/image/private/f_auto,q_auto/league/dgh0p9jz1wrzq37rakyf",,21,CON,A01,Mitch,WIS276688,47893,32005749-5327-6688-e0c0-4e73a6e093f2,2019,2019,SF,110
2022,NO,LB,ILB,42,ACT,Chase Hansen,Chase,Hansen,1993-05-20,75.0,220,Utah,00-0034944,2971641,3f6d588b-dfcb-4758-95f0-545f61ddf275,32212,13765,51448,,20787,5952,3,"https://static.www.nfl.com/image/private/f_auto,q_auto/league/hluxdq5t1n7rvmtocj6n",,18,REG,A01,Chase,HAN533575,48072,32004841-4e53-3575-38b1-0f66e3231c79,2019,2019,,
2022,PHI,OL,T,74,DEV,Fred Johnson,Fred,Johnson,1997-06-05,79.0,326,Florida,00-0034951,,,,,,,,,3,"https://static.www.nfl.com/image/private/f_auto,q_auto/league/zwlocykbppbccfgzw8uz",,22,SB,P07,Fred,JOH000022,48085,32004a4f-4800-0022-b0fb-2114f6546f71,2019,2019,,
2022,PIT,LB,OLB,50,INA,Malik Reed,Malik,Reed,1996-08-05,74.0,235,Nevada,00-0034954,3124634,7f35aa83-30f3-4997-b5de-11b0c19e90cb,32220,13907,48567,,21366,6436,3,"https://static.www.nfl.com/image/private/f_auto,q_auto/league/jkdge98qusbr7oyaowr2",,18,REG,A01,Malik,REE340587,48089,32005245-4534-0587-8cfb-de1c8eb99baf,2019,2019,,
2022,DEN,QB,QB,4,ACT,Brett Rypien,Brett,Rypien,1996-07-09,74.0,200,Boise State,00-0034955,3722362,9ab44516-2a26-4049-b630-66539c7a5dfd,32221,13620,46487,,20929,6037,3,"https://static.www.nfl.com/image/private/f_auto,q_auto/league/dk9b6nlydrbexyyoknoi",,18,REG,A01,Brett,RYP415292,48090,32005259-5041-5292-b37a-51e22ef129f4,2019,2019,,
2022,CAR,LB,ILB,94,CUT,Josh Watson,Joshua,Watson,1996-05-20,74.0,240,Colorado State,00-0034956,2512419,ccd34e5b-38a5-4633-8279-77e3a47f5424,32222,14081,49722,,17362,2894,3,"https://static.www.nfl.com/image/private/f_auto,q_auto/league/h1uyjqcly6xgykmhbdfn",,1,REG,W03,Josh,WAT440555,48091,32005741-5444-0555-5a1c-69b3017274e3,2019,2019,,
2022,DEN,OL,T,76,INA,Calvin Anderson,Calvin,Anderson,1996-03-25,77.0,300,Texas,00-0034957,,,,,,,,,3,"https://static.www.nfl.com/image/private/f_auto,q_auto/league/qely9gtc01fyplp7xsp1",,18,REG,A01,Calvin,AND118382,48094,3200414e-4411-8382-bedc-238f8181b6c3,2019,2019,,
2022,DEN,TE,TE,83,ACT,Andrew Beck,Andrew,Beck,1996-05-15,75.0,255,Texas,00-0034959,3125107,b556a98d-16aa-4a0d-9134-1b59c46cc640,32225,13713,47121,,21227,6323,3,"https://static.www.nfl.com/image/private/f_auto,q_auto/league/abjcfi8hqapvflzbtupy",RB,18,REG,A01,Andrew,BEC046566,48096,32004245-4304-6566-b5fa-35b9a8ef10b0,2019,2019,,
2022,NE,WR,WR,16,ACT,Jakobi Meyers,Jakobi,Meyers,1996-11-09,74.0,200,North Carolina State,00-0034960,3916433,73e194d1-a4b7-4de4-b1c2-3c24ef502918,32231,13517,47468,MeyeJa01,20876,5947,3,"https://static.www.nfl.com/image/private/f_auto,q_auto/league/nmd0n2w602mqecv0vwei",SLOT_WR,18,REG,A01,Jakobi,MEY171606,48097,32004d45-5917-1606-4197-8f46779fb9b7,2019,2019,,
2022,NE,LB,OLB,59,DEV,Terez Hall,Terez,Hall,1996-11-18,74.0,235,Missouri,00-0034962,3924319,49bf0cd8-c01f-4d31-b6f1-fdda02b4999f,32230,13861,51107,,20784,5990,3,"https://static.www.nfl.com/image/private/f_auto,q_auto/league/ey9iic8j1bvlwcdqlvf5",,18,REG,P01,Terez,HAL384116,48099,32004841-4c38-4116-5bc2-e918b93414e9,2019,2019,,
2022,HOU,DB,CB,35,DEV,D'Angelo Ross,D'Angelo,Ross,1996-10-29,69.0,190,New Mexico,00-0034966,3139389,3f0926f7-103e-44d5-85f0-e53ec48fe452,32223,14080,27732,,21463,6476,3,"https://static.www.nfl.com/image/private/f_auto,q_auto/league/tdgnlt1ciypiamxuaqvr",,18,REG,P01,D'Angelo,ROS565402,48103,3200524f-5356-5402-cb50-43563bfd6a4d,2019,2019,,
2022,GB,LB,OLB,52,RES,Rashan Gary,Rashan,Gary,1997-12-03,77.0,277,Michigan,00-0034967,4046523,99847f76-5bf2-4cbe-8573-9a477f7fb472,31844,13651,42905,GaryRa00,20767,5839,3,"https://static.www.nfl.com/image/private/f_auto,q_auto/league/avxd8m0h9717crooy0qk",,18,REG,R01,Rashan,GAR766759,47795,32004741-5276-6759-8729-700e2dfb98cd,2019,2019,GB,12
2022,GB,DB,SS,26,ACT,Darnell Savage,Darnell,Savage,1997-07-30,71.0,200,Maryland,00-0034968,3915419,e1b066fb-d077-42a3-9f5d-4ed560c9d777,31853,13810,34247,SavaDa00,21107,6210,3,"https://static.www.nfl.com/image/private/f_auto,q_auto/league/mfw1bhedmaklc3ykma8d",SLOT_CB,18,REG,A01,Darnell,SAV426683,47804,32005341-5642-6683-d1ee-77f79bcf3445,2019,2019,GB,21
2022,IND,DL,DE,52,ACT,Ben Banogu,Benjamin,Banogu,1996-01-19,75.0,252,Texas Christian,00-0034969,3124970,8b1f53bc-d0c1-4fbb-8d7e-3ab7188132a3,31881,13761,26554,BanoBe00,21022,5971,3,"https://static.www.nfl.com/image/private/f_auto,q_auto/league/p9k6kdaayai1uggtqruq",EDGE,18,REG,A01,Ben,BAN737249,47832,32004241-4e73-7249-aebe-eec538edf79b,2019,2019,IND,49
2022,MIN,TE,TE,84,ACT,Irv Smith,Irvin,Smith,1998-08-09,74.0,240,Alabama,00-0034970,4040980,ed0e6a30-83d5-4f4b-bf49-f7ff80e21304,31882,13583,42060,SmitIr01,20949,6126,3,"https://static.www.nfl.com/image/private/f_auto,q_auto/league/v3kmmpxj0x4jofgovvfx",TE,19,WC,A01,Irv,SMI000018,47833,3200534d-4900-0018-f675-8c060d792d35,2019,2019,MIN,50
2022,MIN,RB,RB,2,ACT,Alexander Mattison,Alexander,Mattison,1998-06-19,71.0,220,Boise State,00-0034972,4048244,ae4faec0-509d-4080-b5cb-d1a44d062858,31934,13477,45817,MattAl01,20868,5987,3,"https://static.www.nfl.com/image/private/f_auto,q_auto/league/l0lcxroven1nim6cc2al",RB,19,WC,A01,Alexander,MAT599622,47885,32004d41-5459-9622-25bb-238938a4f96b,2019,2019,MIN,102
2022,LV,DL,DE,98,ACT,Maxx Crosby,Maxx,Crosby,1997-08-22,77.0,255,Eastern Michigan,00-0034973,3916655,3ae55cda-ad32-46c5-bde7-470755f37f3a,31938,13459,26316,CrosMa00,21015,5991,3,"https://static.www.nfl.com/image/private/f_auto,q_auto/league/qejiqrfamxrewvaerq1d",EDGE,18,REG,A01,Maxx,CRO371007,47889,32004352-4f37-1007-6c0e-db2de3f9d742,2019,2019,OAK,106
2022,NYG,DB,SS,20,ACT,Julian Love,Julian,Love,1998-03-19,71.0,193,Notre Dame,00-0034974,4046675,a1052a59-114e-4340-8936-bffb17431300,31940,13533,51081,LoveJu00,20864,5876,3,"https://static.www.nfl.com/image/private/f_auto,q_auto/league/zuozzszpgcwww2vprv90",SAFETY,20,DIV,A01,Julian,LOV133771,47891,32004c4f-5613-3771-4f23-34180a3619b8,2019,2019,NYG,108
2022,BAL,RB,RB,43,ACT,Justice Hill,Justice,Hill,1997-11-14,70.0,200,Oklahoma State,00-0034975,4038441,528e71ec-8fb3-4928-ace5-fc5ffbf26eb3,31945,13427,45865,HillJu00,20802,5995,3,"https://static.www.nfl.com/image/private/f_auto,q_auto/league/o8uc18a8djof2vky8z52",RB,19,WC,A01,Justice,HIL326301,47896,32004849-4c32-6301-179f-7d7fb01289c2,2019,2019,BAL,113
2022,NYJ,OL,G,65,RES,Dru Samia,Drury,Samia,1997-08-22,77.0,308,Oklahoma,00-0034976,,,,,,,,,3,"https://static.www.nfl.com/image/private/f_auto,q_auto/league/y9iybaaj6abqhdkie5eu",,18,REG,R04,Dru,SAM031944,47897,32005341-4d03-1944-4710-58ebf1a89b9c,2019,2019,MIN,114
2022,DAL,DB,FS,20,DEV,Sheldrick Redwine,Sheldrick,Redwine,1996-11-06,72.0,196,Miami,00-0034977,3917852,32b601e7-4491-479a-895a-2f96add83e09,31951,13537,50458,RedwSh00,20923,5983,3,"https://static.www.nfl.com/image/private/f_auto,q_auto/league/of8kwngunxkzzvam4lyo",,20,DIV,P07,Sheldrick,RED790651,47902,32005245-4479-0651-4e15-c041fee677e0,2019,2019,CLE,119
2022,BAL,OL,G,72,ACT,Ben Powers,Bennett,Powers,1996-10-29,76.0,310,Oklahoma,00-0034978,,,,,,,,,3,"https://static.www.nfl.com/image/private/f_auto,q_auto/league/xgtilul1tcwvtaxkv0nz",G,19,WC,A01,Ben,POW583002,47906,3200504f-5758-3002-e095-4161e1898346,2019,2019,BAL,123
2022,BAL,DB,CB,37,CUT,Iman Marshall,Iman,Marshall,1997-02-27,73.0,210,Southern California,00-0034979,3912545,0b93712a-3c39-4d73-aca5-ca04ed05bd59,31959,13654,,MarsIm00,20867,6023,3,"https://static.www.nfl.com/image/private/f_auto,q_auto/league/cofpr5qnyf3dqqryvvwm",,1,REG,A01,Iman,MAR416178,47910,32004d41-5241-6178-2ecb-70bae5d48123,2019,2019,BAL,127
2022,PIT,DB,CB,33,CUT,Isaiah Johnson,Isaiah,Johnson,1995-12-20,74.0,210,Houston,00-0034980,3126182,079575a5-029c-4960-bd45-66cd63f659fb,31961,13793,48233,JohnIs02,20833,5951,3,"https://static.www.nfl.com/image/private/f_auto,q_auto/league/q6xpk6vkdvmks3u9e5ul",,1,REG,W03,Isaiah,JOH000016,47912,32004a4f-4800-0016-2d84-d0c7257ca660,2019,2019,OAK,129
2022,LV,TE,TE,87,ACT,Foster Moreau,Foster,Moreau,1997-05-06,76.0,250,Louisiana State,00-0034981,3843945,9c3a67fd-5c6e-4689-9e08-9ff6d4db6c9a,31969,13822,47043,MoreFo00,20884,5985,3,"https://static.www.nfl.com/image/private/f_auto,q_auto/league/sa6jfe7xjslhihldbiiy",TE,18,REG,A01,Foster,MOR096402,47920,32004d4f-5209-6402-e68b-97ba5fd58ae3,2019,2019,OAK,137
2022,SF,LB,ILB,57,ACT,Dre Greenlaw,Keaundre,Greenlaw,1997-05-25,72.0,225,Arkansas,00-0034982,3916903,e6eb9d50-9231-44ff-89eb-7f7b996e042f,31980,13804,51503,GreeDr00,20778,6056,3,"https://static.www.nfl.com/image/private/f_auto,q_auto/league/mcfkxidcdkhkgkzf7eew",MLB,21,CON,A01,Dre,GRE557396,47931,32004752-4555-7396-3986-bf0359ce742c,2019,2019,SF,148
2022,LV,WR,WR,13,ACT,Hunter Renfrow,Hunter,Renfrow,1995-12-21,70.0,185,Clemson,00-0034983,3135321,34c523c7-bc58-49f0-a9cc-f9edd91fe00f,31981,13749,47509,RenfHu00,20924,5955,3,"https://static.www.nfl.com/image/private/f_auto,q_auto/league/fsvnsizj4t0qv9ptrzpf",SLOT_WR,18,REG,A01,Hunter,REN358499,47932,32005245-4e35-8499-ff02-b25484b87290,2019,2019,OAK,149
2022,ARI,DL,DE,96,CUT,Kingsley Keke,Kingsley,Keke,1996-09-26,75.0,288,Texas A&amp;M,00-0034984,3917340,0681ed0d-6b7a-4582-85b8-2692f0c2f058,31982,13538,48718,KekeKi00,20848,6103,3,"https://static.www.nfl.com/image/private/f_auto,q_auto/league/ktpmkhzkelaoolghpeks",,1,REG,A01,Kingsley,KEK600025,47933,32004b45-4b60-0025-6f69-065bb81d9a1c,2019,2019,GB,150
2022,IND,LB,OLB,45,ACT,E.J. Speed,E.J.,Speed,1995-06-01,75.0,230,Tarleton State,00-0034987,3071353,e653effc-2bdc-4bfe-bf3d-272e783ae4c4,31996,13984,94351,SpeeEJ00,21117,6218,3,"https://static.www.nfl.com/image/private/f_auto,q_auto/league/b4z0fruypckmhcc78yy0",MLB,18,REG,A01,E.J.,SPE175382,47947,32005350-4517-5382-25ac-8c71d29ed7ff,2019,2019,IND,164
2022,TB,OL,T,77,DEV,Justin Skule,Justin,Skule,1996-11-23,78.0,318,Vanderbilt,00-0034989,,,,,,,,,3,"https://static.www.nfl.com/image/private/f_auto,q_auto/league/k52ke6pwdayvql2qxqfn",,19,WC,P07,Justin,SKU559740,47966,3200534b-5555-9740-62a2-639344521e0a,2019,2019,SF,183
2022,MIA,DB,CB,35,DEV,Ka'dar Hollman,Ka'dar,Hollman,1994-09-18,72.0,196,Toledo,00-0034990,3916676,ca08b2bc-7fad-4dec-88d9-5f5f9712a830,32017,13729,49446,HollKa00,21116,6222,3,"https://static.www.nfl.com/image/private/f_auto,q_auto/league/rz9ucrx7yftlizqmi5sz",,19,WC,P06,Ka'dar,HOL293436,47968,3200484f-4c29-3436-625f-6710e1d10425,2019,2019,GB,185
2022,CLE,OL,G,70,ACT,Drew Forbes,Andrew,Forbes,1997-01-18,77.0,305,Southeast Missouri,00-0034991,,,,,,,,,3,"https://static.www.nfl.com/image/private/f_auto,q_auto/league/pgde5kglrb0sognga70a",,18,REG,A01,Drew,FOR013556,47972,3200464f-5201-3556-fcce-3e13490e2091,2019,2019,CLE,189
2022,CHI,DL,NT,96,ACT,Armon Watts,Armon,Watts,1996-07-22,77.0,295,Arkansas,00-0034992,3128685,1cb784d8-de4d-4962-a775-c7379b7053c2,32022,13776,27844,WattAr01,20975,6186,3,"https://static.www.nfl.com/image/private/f_auto,q_auto/league/g1csewhvcsq9fzvpfvwz",INTERIOR_LINE,18,REG,A01,Armon,WAT453754,47973,32005741-5445-3754-3a1f-4a065165f280,2019,2019,MIN,190
2022,PHI,DB,SS,22,ACT,Marcus Epps,Marcus,Epps,1996-01-27,72.0,191,Wyoming,00-0034993,3139368,4dcf9e8a-fc5c-43a2-9b83-4ca295490a9b,32023,13985,51391,EppsMa00,21133,6284,3,"https://static.www.nfl.com/image/private/f_auto,q_auto/league/mwtnahktxitueg2emees",SAFETY,22,SB,A01,Marcus,EPP346075,47974,32004550-5034-6075-4885-ec1779d064fe,2019,2019,MIN,191
2022,MIN,OL,G,74,ACT,Olisaemeka Udoh,Olisaemeka,Udoh,1997-02-14,78.0,323,Elon,00-0034994,,,,,,,,,3,"https://static.www.nfl.com/image/private/f_auto,q_auto/league/n0ahqydnupckvi69ymsu",T,19,WC,A01,Olisaemeka,UDO489451,47976,32005544-4f48-9451-1839-5671f0b17981,2019,2019,MIN,193
2022,GB,RB,RB,34,CUT,Dexter Williams,Dexter,Williams,1997-01-06,71.0,212,Notre Dame,00-0034995,3932449,a2e0f742-e608-4e29-99cd-e7cd765afba1,32026,13670,45913,WillDe07,20984,6153,3,"https://static.www.nfl.com/image/private/f_auto,q_auto/league/j13nyurtcej8pa7jg494",,1,REG,W03,Dexter,WIL036343,47977,32005749-4c03-6343-3624-9a83687bd3f7,2019,2019,GB,194
2022,BUF,DB,CB,29,CUT,Tim Harris,Tim,Harris,1995-07-31,74.0,197,Virginia,00-0034996,3048681,e289cb0a-2447-458a-a47b-5f843c0edd3c,32030,13692,49512,HarrTi01,21137,6286,3,"https://static.www.nfl.com/image/private/f_auto,q_auto/league/yo3qek8qmmnbokiyutqw",,1,REG,A01,Tim,HAR541102,47981,32004841-5254-1102-f19a-e2e80432ac36,2019,2019,SF,198
2022,CHI,DL,DE,98,DEV,Gerri Green,Gerri,Green,1995-09-14,76.0,252,Mississippi State,00-0034997,3115469,461b76db-dbf6-44c1-8cfa-a3c3edb100fd,32031,13818,50228,GreeGe00,21128,6272,3,"https://static.www.nfl.com/image/private/f_auto,q_auto/league/y4dbsatak8xokl8re8bw",,18,REG,P01,Gerri,GRE237309,47982,32004752-4523-7309-50f4-38e38928d30b,2019,2019,IND,199
2022,DEN,DB,CB,39,CUT,Donnie Lewis,Donnie,Lewis,1996-07-21,72.0,195,Tulane,00-0034998,3126245,750877e5-ccdd-4072-9e1c-8d957e45b561,32053,13780,49431,LewiDo00,20856,6034,3,"https://static.www.nfl.com/image/private/f_auto,q_auto/league/myqgxo1lkobhl5gfkbxh",,1,REG,W03,Donnie,LEW219334,48004,32004c45-5721-9334-9824-0175a781ef3f,2019,2019,CLE,221
2022,NO,LB,ILB,58,ACT,Ty Summers,Ty,Summers,1995-12-31,73.0,240,Texas Christian,00-0034999,3116431,5203e275-5554-47de-bc0a-5b13639e5b50,32058,13883,30242,SummTy00,21125,6294,3,"https://static.www.nfl.com/image/private/f_auto,q_auto/league/gjk7l358ourwhblwrhkq",,18,REG,A01,Ty,SUM606964,48009,32005355-4d60-6964-28e0-f107fd758851,2019,2019,GB,226
2022,ATL,LB,OLB,56,DEV,Quinton Bell,Quinton,Bell,1996-05-09,76.0,253,Prairie View,00-0035000,3933407,c8d98dc8-ca11-40bc-bd72-7e2f4bd2ba3b,32062,13990,37468,BellQu00,21136,6296,3,"https://static.www.nfl.com/image/private/f_auto,q_auto/league/mxtbe1gngklsgapyibga",,18,REG,P01,Quinton,BEL528610,48013,32004245-4c52-8610-7855-43ab9e547ed6,2019,2019,OAK,230
2022,LV,OL,T,78,ACT,Jackson Barton,Jackson,Barton,1995-08-08,79.0,302,Utah,00-0035003,,,,,,,,,3,"https://static.www.nfl.com/image/private/f_auto,q_auto/league/fpfebdtvjtzu3wwengwu",,18,REG,A01,Jackson,BAR782282,48023,32004241-5278-2282-8c37-7b9133140a5a,2019,2019,IND,240
2022,GB,DL,DT,98,DEV,Chris Slayton,Christopher,Slayton,1996-08-06,76.0,309,Syracuse,00-0035004,3124015,f413306f-0134-467d-82d0-df73f5f7bbe5,32077,13707,48713,SlayCh00,20942,6174,3,"https://static.www.nfl.com/image/private/f_auto,q_auto/league/jdcrul08shjiuyofsv3u",,18,REG,P01,Chris,SLA483638,48028,3200534c-4148-3638-237c-7cbfd55f4a97,2019,2019,NYG,245
2022,MIN,WR,WR,81,RES,Olabisi Johnson,Olabisi,Johnson,1997-03-17,72.0,203,Colorado State,00-0035006,3917067,814e9529-e00f-4d02-925b-158ba1c6f840,32079,13660,47882,JohnOl00,20836,6088,3,"https://static.www.nfl.com/image/private/f_auto,q_auto/league/uzlf6ftfizmo32d9v0x5",,19,WC,R01,Olabisi,JOH000023,48030,32004a4f-4800-0023-5262-0061a9786a43,2019,2019,MIN,247
2022,SF,LB,OLB,45,ACT,Demetrius Flannigan-Fowles,Demetrius,Flannigan-Fowles,1996-09-04,74.0,209,Arizona,00-0035020,3931424,c5175598-1392-4eaa-ae62-d99811a0c477,32319,14074,49231,,21354,6610,3,"https://static.www.nfl.com/image/private/f_auto,q_auto/league/xlyqtvwabmstwrqcm1k0",,21,CON,A01,Demetrius,FLA635735,48117,3200464c-4163-5735-44aa-6b4a6378fe35,2019,2019,,
2022,IND,WR,WR,16,ACT,Ashton Dulin,Ashton,Dulin,1997-05-15,74.0,215,Malone,00-0035021,4061956,f374262b-d642-4d05-9584-5955548ee4d1,32292,13854,91479,DuliAs00,21349,6427,3,"https://static.www.nfl.com/image/private/f_auto,q_auto/league/jnaoemdbciiow7rcfzbu",SLOT_WR,18,REG,A01,Ashton,DUL521764,48118,32004455-4c52-1764-a87e-56f5232faa90,2019,2019,,
2022,SEA,WR,WR,19,INA,Penny Hart,Penny,Hart,1996-07-05,68.0,180,Georgia State,00-0035022,3917546,a296f2fe-7af8-4796-b50a-28ef010d0933,32293,13616,13534,HartPe01,20793,5902,3,"https://static.www.nfl.com/image/private/f_auto,q_auto/league/dbjjntoainizzp3ndpw5",,19,WC,A01,Penny,HAR695794,48119,32004841-5269-5794-21c2-9776a5a0a3d4,2019,2019,,
2022,SF,DL,DT,90,ACT,Kevin Givens,Kevin,Givens,1997-03-01,73.0,285,Penn State,00-0035026,3929641,2a86a6b4-58ef-42f5-aff9-d5d979bea6c7,32321,13519,28308,,20773,6005,3,"https://static.www.nfl.com/image/private/f_auto,q_auto/league/lohoahsz00jdxqknrsnz",INTERIOR_LINE,21,CON,A01,Kevin,GIV245959,48123,32004749-5624-5959-14bf-449fc8a378ba,2019,2019,,
2022,ARI,QB,QB,17,ACT,David Blough,David,Blough,1995-07-31,73.0,200,Purdue,00-0035040,3116188,a259d6b2-0238-4f22-b3aa-de7132cf9285,32272,13630,46508,,21277,6450,3,"https://static.www.nfl.com/image/private/f_auto,q_auto/league/qs8lfzqmhviaytkxuwpo",QB,18,REG,A01,David,BLO315389,48137,3200424c-4f31-5389-8dc7-e49c9f486370,2019,2019,,
2022,NYG,P,P,6,ACT,Jamie Gillan,Jamie,Gillan,1997-07-04,73.0,207,Arkansas-Pine Bluff,00-0035042,3936185,bc63567a-81e7-44c9-a85f-8aa9532ab4fd,32277,14147,63303,,21279,6452,3,"https://static.www.nfl.com/image/private/f_auto,q_auto/league/oknhyfc8xtgn9tetwxl2",,20,DIV,A01,Jamie,GIL360851,48139,32004749-4c36-0851-b4c7-2a00f630b4d8,2019,2019,,
2022,HOU,WR,WR,8,DEV,D.J. Montgomery,Dewery,Montgomery,1996-11-17,73.0,201,Austin Peay,00-0035045,4249030,021f2c32-0876-4db3-9605-e829f7d449d7,32283,14129,55003,,21473,6453,3,"https://static.www.nfl.com/image/private/f_auto,q_auto/league/hoyvrhjp0mgqiwlhrmo3",,18,REG,P01,D.J.,MON498910,48142,32004d4f-4e49-8910-c5aa-67a60778a884,2019,2019,,
2022,DEN,DL,DE,52,ACT,Wyatt Ray,Wyatt,Ray,1996-10-24,75.0,255,Boston College,00-0035048,3915285,b84b99f3-5fac-46ed-b892-5800159edbf9,32287,13881,50115,,20921,5966,3,"https://static.www.nfl.com/image/private/f_auto,q_auto/league/gbndvytyrqddf09rknyj",EDGE,18,REG,A01,Wyatt,RAY452929,48145,32005241-5945-2929-caf7-40c3187813c3,2019,2019,,
2022,LV,OL,G,68,CUT,Willie Wright,Willie,Wright,1996-02-25,75.0,300,Tulsa,00-0035051,,,,,,,,,3,"https://static.www.nfl.com/image/private/f_auto,q_auto/league/qaqg6p4dnzcx01uli1hm",,17,REG,P01,Willie,WRI760695,48148,32005752-4976-0695-3de4-2d9a5661df9e,2019,2019,,
2022,LV,OL,G,64,ACT,Alex Bars,Alex,Bars,1995-09-08,77.0,314,Notre Dame,00-0035061,,,,,,,,,3,"https://static.www.nfl.com/image/private/f_auto,q_auto/league/ekxkrpdam2ktc0c7mvtj",G,18,REG,A01,Alex,BAR710449,48158,32004241-5271-0449-53a6-0fa4423198e9,2019,2019,,
2022,CHI,OL,C,67,ACT,Sam Mustipher,Samuel,Mustipher,1996-08-13,74.0,311,Notre Dame,00-0035062,,,,,,,,,3,"https://static.www.nfl.com/image/private/f_auto,q_auto/league/jdrn3r0eqxlefbl9khqf",C,18,REG,A01,Sam,MUS723174,48159,32004d55-5372-3174-88ab-feed52067e10,2019,2019,,
2022,DAL,TE,TE,89,RES,Ian Bunting,Ian,Bunting,1996-02-10,79.0,248,California,00-0035067,,,,,,,,,3,"https://static.www.nfl.com/image/private/f_auto,q_auto/league/rooecl6zs1rqz85ppwj9",,20,DIV,R01,Ian,BUN517113,48164,32004255-4e51-7113-f137-b3e72937772d,2019,2019,,
2022,DEN,DL,DE,92,ACT,Jonathan Harris,Jonathan,Harris,1996-08-04,77.0,295,Lindenwood,00-0035073,4422407,29815a83-1d6b-4e1b-b1c6-9bf44e7166c9,32254,14144,94361,,21466,6467,3,"https://static.www.nfl.com/image/private/f_auto,q_auto/league/egcemizekop4elsyfw6k",INTERIOR_LINE,18,REG,A01,Jonathan,HAR450542,48170,32004841-5245-0542-640b-5dc572845b6c,2019,2019,,
2022,LV,LB,ILB,36,ACT,Curtis Bolton,Curtis,Bolton,1995-12-18,72.0,228,Oklahoma,00-0035076,3116367,dd62d18d-3438-408f-8b53-a68399bd4a04,32266,14103,39043,,21478,6430,3,"https://static.www.nfl.com/image/private/f_auto,q_auto/league/lhzazrddfwnoium4ctew",,18,REG,A01,Curtis,BOL619634,48173,3200424f-4c61-9634-3ce3-b2d91b2ff885,2019,2019,,
2022,GB,DB,CB,48,CUT,Kabion Ento,Kabion,Ento,1996-01-03,73.0,187,Colorado,00-0035079,,,,,,,,,3,"https://static.www.nfl.com/image/private/f_auto,q_auto/league/racvhpo7gco0vh5vz0b8",,1,REG,W03,Kabion,ENT415291,48176,3200454e-5441-5291-6b4e-f822a8ca452f,2019,2019,,
2022,GB,OL,T,73,ACT,Yosuah Nijman,Yosuah,Nijman,1996-01-02,79.0,314,Virginia Tech,00-0035084,,,,,,,,,3,"https://static.www.nfl.com/image/private/f_auto,q_auto/league/dkpklzaqqyjdz3imkbmk",T,18,REG,A01,Yosuah,NIJ394486,48181,32004e49-4a39-4486-5ad3-455d5d7e45d9,2019,2019,,
2022,GB,LB,OLB,56,CUT,Randy Ramsey,Randy,Ramsey,1995-09-07,75.0,236,Arkansas,00-0035085,3128675,3267e534-526e-4db8-8e1f-49fc7ee8aedb,32276,14106,39094,,21417,6517,3,"https://static.www.nfl.com/image/private/f_auto,q_auto/league/xyp7l8lzl9qiqlyaq7fk",,1,REG,A01,Randy,RAM609954,48182,32005241-4d60-9954-cd4f-845633364beb,2019,2019,,
2022,SEA,DL,NT,90,RES,Bryan Mone,Bryan,Mone,1995-10-20,75.0,366,Michigan,00-0035094,3115979,f00ccf29-884e-4914-b9f9-aca0090ee9e6,32336,14099,38461,,21494,6494,3,"https://static.www.nfl.com/image/private/f_auto,q_auto/league/bkoc7udtoizomqmqmb0k",,19,WC,R01,Bryan,MON149961,48198,32004d4f-4e14-9961-1426-66a4ee680a5a,2019,2019,,
2022,ATL,DB,FS,45,INA,Micah Abernathy,Micah,Abernathy,1997-02-10,72.0,195,Tennessee,00-0035098,3915373,5e32839d-6ea9-4f92-8209-520a980ffcde,,14154,51344,,21334,6355,3,"https://static.www.nfl.com/image/private/f_auto,q_auto/league/galksyqnwpqmuywmpzna",,18,REG,A01,Micah,ABE643008,48206,32004142-4564-3008-2068-183a4c673624,2019,2019,,
2022,CHI,RB,FB,35,ACT,Khari Blasingame,Khari,Blasingame,1996-07-01,72.0,233,Vanderbilt,00-0035099,3122154,bd12a2c0-e6ce-460b-9f09-27b75c306608,32140,13998,44889,,21310,6379,3,"https://static.www.nfl.com/image/private/f_auto,q_auto/league/hclk6s1shx6xj0iayyzf",FB,18,REG,A01,Khari,BLA772342,48207,3200424c-4177-2342-6be2-47a6c47450de,2019,2019,,
2022,CIN,QB,QB,6,INA,Jake Browning,Jake,Browning,1996-04-11,74.0,209,Washington,00-0035100,3886812,f2f29019-7306-4b1c-a9d8-e9f802cb06e0,32138,13504,46401,,21046,6111,3,"https://static.www.nfl.com/image/private/f_auto,q_auto/league/rvghzaj7nuy1lbgtai2n",,21,CON,A01,Jake,BRO817047,48208,32004252-4f81-7047-eee5-b238d06a81e2,2019,2019,,
2022,HOU,WR,WR,14,DEV,Davion Davis,Davion,Davis,1996-10-23,71.0,195,Sam Houston State,00-0035101,3933568,95f9c4fe-b5b0-4075-bdd8-f5b458373df6,32141,14048,33158,,21311,6380,3,"https://static.www.nfl.com/image/private/f_auto,q_auto/league/sqsasalphgxytdferwds",,18,REG,P01,Davion,DAV262137,48209,32004441-5626-2137-90c0-91ca6690daa1,2019,2019,,
2022,TEN,DB,CB,34,DEV,Nate Meadors,Nathan,Meadors,1997-02-13,71.0,194,UCLA,00-0035108,3886327,78ca0233-a32a-4435-ba06-6ececaa3c537,32145,14155,50353,,21333,6354,3,"https://static.www.nfl.com/image/private/f_auto,q_auto/league/jeq1tqvweyxknehfigeu",,18,REG,P01,Nate,MEA313455,48216,32004d45-4131-3455-7504-27f3618766b7,2019,2019,,
2022,BAL,OL,G,65,ACT,Patrick Mekari,Patrick,Mekari,1997-08-13,76.0,308,California,00-0035112,,,,,,,,,3,"https://static.www.nfl.com/image/private/f_auto,q_auto/league/gzgugfnqook6wodcneju",T,19,WC,A01,Patrick,MEK415291,48220,32004d45-4b41-5291-2d7e-d7bd8b0a3dab,2019,2019,,
2022,MIA,OL,G,66,ACT,Lester Cotton,Lester,Cotton,1996-02-20,76.0,335,Alabama,00-0035117,,,,,,,,,3,"https://static.www.nfl.com/image/private/f_auto,q_auto/league/rhqy6ppe4okqk4ww3unl",G,19,WC,A01,Lester,COT517762,48225,3200434f-5451-7762-7c88-2e7bcf8b6d43,2019,2019,,
2022,LA,LS,LS,42,ACT,Matt Orzech,Matt,Orzech,1995-04-12,75.0,245,Azusa Pacific,00-0035118,4422336,56b26b71-8f1e-416c-a7e5-62cd67c98f4b,32306,14127,94369,,21484,6461,3,"https://static.www.nfl.com/image/private/f_auto,q_auto/league/t4vtzubgobld6n726bdn",,18,REG,A01,Matt,ORZ415291,48226,32004f52-5a41-5291-beb8-ebf419030a18,2019,2019,,
2022,LAC,WR,WR,86,DEV,Keelan Doss,Keelan,Doss,1996-03-21,75.0,215,California-Davis,00-0035120,3120980,fcae1e29-5ca2-463e-92a6-0be893f5eb4a,32342,13479,48143,,21072,6032,3,"https://static.www.nfl.com/image/private/f_auto,q_auto/league/w1y0ujmc2ycaxfpysv0u",,19,WC,P01,Keelan,DOS523180,48228,3200444f-5352-3180-911e-9120a7a10e9c,2019,2019,,
2022,SEA,WR,WR,16,DEV,Jaylen Smith,Jaylen,Smith,1997-08-01,74.0,220,Louisville,00-0035121,3916418,203f2976-1311-41d7-b630-3cc237cba516,32302,13431,47846,,20945,6155,3,"https://static.www.nfl.com/image/private/f_auto,q_auto/league/rfdim8yqdn5xvciva5aw",,15,REG,P01,Jaylen,SMI000020,48229,3200534d-4900-0020-a929-8a770af70efb,2019,2019,,
2022,MIA,RB,FB,30,ACT,Alec Ingold,Alec,Ingold,1996-07-09,73.0,242,Wisconsin,00-0035125,3917668,7ade135c-0760-4548-b7d9-cf1174e2be33,32344,13806,34934,,20819,6109,3,"https://static.www.nfl.com/image/private/f_auto,q_auto/league/hurse5jxssfxbsbeh0qt",FB,19,WC,A01,Alec,ING382661,48233,3200494e-4738-2661-ba77-8c3544862938,2019,2019,,
2022,ARI,WR,WR,13,RES,Antoine Wesley,Antoine,Wesley,1997-10-22,76.0,206,Texas Tech,00-0035126,4043161,8e43eb21-92e4-4720-8766-c9204259c063,32317,13447,39967,,20979,6165,3,"https://static.www.nfl.com/image/private/f_auto,q_auto/league/qbvjkexq50bd0ik1get4",,18,REG,R01,Antoine,WES029740,48234,32005745-5302-9740-8c9e-5800e41887f1,2019,2019,,
2022,LV,OL,C,68,ACT,Andre James,Andre,James,1997-05-02,76.0,300,UCLA,00-0035127,,,,,,,,,3,"https://static.www.nfl.com/image/private/f_auto,q_auto/league/krlgra5o9gis7zmgub20",C,18,REG,A01,Andre,JAM082794,48235,32004a41-4d08-2794-4894-c3b88661c1cf,2019,2019,,
2022,ATL,DB,CB,37,DEV,Dylan Mabin,Dylan,Mabin,1997-09-14,73.0,195,Fordham,00-0035130,3909365,f4a5d12e-9169-4601-85e6-79bc99eab455,32346,14116,51496,,21238,6332,3,"https://static.www.nfl.com/image/private/f_auto,q_auto/league/oqozuxvrouorabuioass",,18,REG,P01,Dylan,MAB103286,48238,32004d41-4210-3286-381a-cc94e660c87f,2019,2019,,
2022,GB,DB,CB,25,ACT,Keisean Nixon,Keisean,Nixon,1997-06-22,70.0,200,South Carolina,00-0035133,4259493,e94ac14d-0122-4dc8-ad20-b71226cb8cfe,32348,13701,56167,,21239,6333,3,"https://static.www.nfl.com/image/private/f_auto,q_auto/league/v4dunfi2uegp3jiozqn4",,18,REG,A01,Keisean,NIX676693,48241,32004e49-5867-6693-dc76-487b1543e1da,2019,2019,,
2022,GB,DL,DE,57,DEV,Tim Ward,Tim,Ward,1997-08-11,78.0,255,Old Dominion,00-0035135,3914553,70ce9a98-8dbf-4e16-a20d-f3cfb76e70d7,32351,14153,48467,,21225,6321,3,"https://static.www.nfl.com/image/private/f_auto,q_auto/league/mdyrgs4ngangxocxenld",,18,REG,P06,Tim,WAR276214,48247,32005741-5227-6214-1296-b8f2a0277468,2019,2019,,
2022,PHI,DB,FS,27,RES,Marquise Blair,Marquise,Blair,1997-07-18,73.0,195,Utah,00-0035139,4243244,1c468a8a-355f-429a-a12d-d8528fdc6aa2,31879,13796,56263,BlaiMa01,21031,5982,3,"https://static.www.nfl.com/image/private/f_auto,q_auto/league/pbiurl35dkc9s7jmznhd",,22,SB,R23,Marquise,BLA514764,47830,3200424c-4151-4764-5880-800d375e768a,2019,2019,SEA,47
2022,KC,WR,WR,17,RES,Mecole Hardman,Mecole,Hardman,1998-03-12,70.0,187,Georgia,00-0035140,4035004,fe6dc768-d576-476c-b150-53b85af2a1d1,31888,13532,42683,HardMe00,20788,5917,3,"https://static.www.nfl.com/image/private/f_auto,q_auto/league/s1lhxffk9f4e4lo201is",,22,SB,R01,Mecole,HAR069520,47839,32004841-5206-9520-9e70-d5597391d8c0,2019,2019,KC,56
2022,SEA,OL,G,60,INA,Phil Haynes,Phil,Haynes,1995-10-19,76.0,322,Wake Forest,00-0035141,,,,,,,,,3,"https://static.www.nfl.com/image/private/f_auto,q_auto/league/ipfuhnpsdswslboly7ho",,19,WC,A01,Phil,HAY704637,47907,32004841-5970-4637-4196-341d03003423,2019,2019,SEA,124
2022,KC,DB,FS,27,DEV,Ugochukwu Amadi,Ugochukwu,Amadi,1997-05-16,69.0,201,Oregon,00-0035142,3886834,9448aee3-538c-4ff3-8781-bc848b086bfc,31964,13839,49352,AmadUg00,21111,6216,3,"https://static.www.nfl.com/image/private/f_auto,q_auto/league/dlgzindsydzdvnogxht3",,22,SB,P07,Ugochukwu,AMA296635,47915,3200414d-4129-6635-2a3c-32237f770a28,2019,2019,SEA,132
2022,SEA,LB,OLB,55,RES,Ben Burr-Kirven,Ben,Burr-Kirven,1997-09-08,72.0,230,Washington,00-0035143,3886816,8fe853ae-184e-4c65-a00e-70d2f141504f,31974,13844,50967,BurrBe00,21053,6098,3,"https://static.www.nfl.com/image/private/f_auto,q_auto/league/zzvywc51acrlxxaky9jp",,19,WC,R04,Ben,BUR561396,47925,32004255-5256-1396-f8aa-ac8e9de3e91d,2019,2019,SEA,142
2022,NE,LB,OLB,30,ACT,Mack Wilson,Mack,Wilson,1998-02-14,73.0,240,Alabama,00-0035144,4040983,0790a8d6-5316-4204-91a6-8508ca48973b,31987,13609,43190,WilsMa03,20994,6131,3,"https://static.www.nfl.com/image/private/f_auto,q_auto/league/hw2es1jqvydys4g7wjc9",,18,REG,A01,Mack,WIL747169,47938,32005749-4c74-7169-f251-e69c40d45765,2019,2019,CLE,155
2022,DET,K,K,19,CUT,Austin Seibert,Austin,Seibert,1996-11-15,69.0,214,Oklahoma,00-0035145,3821683,bd1f047a-978f-4643-b55f-f4d3b0719a4e,32002,13812,,SeibAu00,21114,6219,3,"https://static.www.nfl.com/image/private/f_auto,q_auto/league/vbh74fysh21mdbxde9qj",,5,REG,W03,Austin,SEI275063,47953,32005345-4927-5063-f746-ec3c4535f51d,2019,2019,CLE,170
2022,ARI,QB,QB,19,ACT,Trace McSorley,Trace,McSorley,1995-08-23,72.0,202,Penn State,00-0035146,3116172,d4d135fd-b710-4c12-9082-9d6e544b3f8d,32029,13752,32819,McSoTr00,20874,5974,3,"https://static.www.nfl.com/image/private/f_auto,q_auto/league/h18erwnwrqhpt7znvd3d",QB,18,REG,A01,Trace,MCS410965,47980,32004d43-5341-0965-ebd1-9af7818f36ae,2019,2019,BAL,197
2022,ATL,DB,CB,21,INA,Rashad Fenton,Rashad,Fenton,1997-02-17,71.0,188,South Carolina,00-0035147,3924364,a76eb878-71ee-418e-a46f-b35f6950aa95,32033,13703,49329,FentRa00,20754,6014,3,"https://static.www.nfl.com/image/private/f_auto,q_auto/league/pf7by6ph0fiesgenkbbb",,18,REG,A01,Rashad,FEN722957,47984,32004645-4e72-2957-8b5d-cef43445e310,2019,2019,KC,201
2022,SEA,RB,RB,36,DEV,Darwin Thompson,Darwin,Thompson,1997-02-12,68.0,200,Utah State,00-0035148,4361606,a1a73c32-c409-4ee0-8a7b-0ae589db85c8,32046,13476,83791,ThomDa06,20964,6178,3,"https://static.www.nfl.com/image/private/f_auto,q_auto/league/l1hcf7i4flghdacmhorc",,19,WC,P06,Darwin,THO510348,47997,32005448-4f51-0348-d88c-ebd0636e801c,2019,2019,KC,214
2022,KC,OL,G,73,ACT,Nick Allegretti,Nicholas,Allegretti,1996-04-21,76.0,320,Illinois,00-0035149,,,,,,,,,3,"https://static.www.nfl.com/image/private/f_auto,q_auto/league/oyy2ezczxcqh1uw22bkt",TE,22,SB,A01,Nick,ALL041653,47999,3200414c-4c04-1653-c094-bf3297ea6407,2019,2019,KC,216
2022,MIN,DB,CB,29,ACT,Kris Boyd,Kris,Boyd,1996-09-12,71.0,201,Texas,00-0035150,3929845,96fdd2ed-d54e-40f5-beb1-40c5b3fd4bfb,32049,13797,34222,BoydKr00,21036,5921,3,"https://static.www.nfl.com/image/private/f_auto,q_auto/league/jskywsqrc0anuhxqa2qa",,19,WC,A01,Kris,BOY229979,48000,3200424f-5922-9979-6eee-45a0ed047330,2019,2019,MIN,217
2022,DET,P,P,3,ACT,Jack Fox,John,Fox,1996-09-01,74.0,224,Rice,00-0035156,3916370,7141ec7a-4f3d-44a4-979e-6644ab9e8f7b,32358,13715,34735,,21376,6523,3,"https://static.www.nfl.com/image/private/f_auto,q_auto/league/osn8iemw7pjbvkomnoze",,18,REG,A01,Jack,FOX171605,48258,3200464f-5817-1605-5ab7-9f6c29a06ec7,2019,2019,,
2022,KC,LB,ILB,47,ACT,Darius Harris,Darius,Harris,1996-01-17,74.0,238,Middle Tennessee,00-0035157,3122906,fa443b6d-6d31-4030-9afa-b223f08b03d7,32359,14180,29188,,21379,6551,3,"https://static.www.nfl.com/image/private/f_auto,q_auto/league/bqxkaiq5wnqmk4pc343o",OLB,22,SB,A01,Darius,HAR360241,48259,32004841-5236-0241-1c00-a7d0bf425d0c,2019,2019,,
2022,MIA,QB,QB,46,RES,John Lovett,John,Lovett,1996-04-25,74.0,225,Princeton,00-0035161,3118906,fbaa74ff-f6d3-4bbc-bdc1-12aae7fae484,32364,14184,94371,,21156,6231,3,"https://static.www.nfl.com/image/private/f_auto,q_auto/league/fvipxqujnb0t4bdy1ydz",,19,WC,R01,John,LOV553573,48263,32004c4f-5655-3573-14b0-b97e4306845d,2019,2019,,
2022,SEA,WR,WR,15,RES,Cody Thompson,Cody,Thompson,1996-01-11,74.0,205,Toledo,00-0035164,3126115,16da963d-a300-4d72-8e4d-7771196c03e9,32367,13490,48152,,20963,6171,3,"https://static.www.nfl.com/image/private/f_auto,q_auto/league/zqrsvv9yu8rywoy25lsd",,19,WC,R01,Cody,THO480148,48266,32005448-4f48-0148-e3e0-9719db2d8913,2019,2019,,
2022,SF,LB,MLB,51,ACT,Azeez Al-Shaair,Azeez,Al-Shaair,1997-08-04,74.0,228,Florida Atlantic,00-0035166,3919117,e9348fc5-273d-4ac3-9760-462f37c025dc,32318,13829,49792,,21490,6485,3,"https://static.www.nfl.com/image/private/f_auto,q_auto/league/lmrdav0z6qi611d6lgyp",OLB,21,CON,A01,Azeez,ALS107778,48268,3200414c-5310-7778-36da-c32d1386abd2,2019,2019,,
2022,CLE,LB,ILB,54,CUT,Willie Harvey,Willie,Harvey,1996-01-09,71.0,230,Iowa State,00-0035177,3128396,c7f8e21d-25fa-4a9b-b4ca-ac65f548031c,32377,14168,50780,,21511,6498,3,"https://static.www.nfl.com/image/private/f_auto,q_auto/league/ei4gatffhsoshxqhpy61",,1,REG,W03,Willie,HAR824898,48281,32004841-5282-4898-ffd8-a3b873dc15d2,2019,2019,,
2022,ATL,DL,DT,94,INA,Jalen Dalton,Jalen,Dalton,1997-08-04,78.0,288,North Carolina,00-0035179,3895834,3df436ea-5825-4ef5-b33f-d221d8f5992e,32374,14164,27753,,21507,6510,3,"https://static.www.nfl.com/image/private/f_auto,q_auto/league/nejzqldwc7my7c7eryzg",,18,REG,A01,Jalen,DAL676809,48301,32004441-4c67-6809-1d0a-408ccd8966ef,2019,2019,,
2022,DEN,WR,WR,19,CUT,Darrius Shepherd,Darrius,Shepherd,1995-11-01,71.0,188,North Dakota State,00-0035181,3120588,4bfd6f35-f0ac-4c43-a023-f8236df31deb,32378,13924,29347,,21513,6519,3,"https://static.www.nfl.com/image/private/f_auto,q_auto/league/mxa4mlth6p0bf5pfg3so",,6,REG,P01,Darrius,SHE496858,48304,32005348-4549-6858-ebc2-024979b4ce07,2019,2019,,
2022,DEN,RB,RB,36,CUT,Devine Ozigbo,Devine,Ozigbo,1996-10-02,74.0,225,Nebraska,00-0035184,3699935,25bc08ac-8420-4340-94c6-93993ff87d6f,32390,13624,45903,,20904,6068,3,"https://static.www.nfl.com/image/private/f_auto,q_auto/league/teht8fiw2mu5g8xmdoqm",,17,REG,P07,Devine,OZI415291,48318,32004f5a-4941-5291-e961-40792ef55223,2019,2019,,
2022,LV,RB,RB,32,DEV,Austin Walter,Austin,Walter,1996-08-17,68.0,202,Rice,00-0035187,3123857,e25b6e0d-efa3-4425-bab6-5f846b902195,32383,14170,45038,,21514,6553,3,"https://static.www.nfl.com/image/private/f_auto,q_auto/league/zgcf3sqvvdbrlutyr2wm",,18,REG,P01,Austin,WAL636883,48322,32005741-4c63-6883-6a74-9a6442ead834,2019,2019,,
2022,IND,DB,DB,41,CUT,Alexander Myres,Alexander,Myres,1996-04-20,71.0,192,Houston,00-0035188,4039292,d0dcbe53-8c71-4488-b468-785a756ee489,32171,14187,43823,,21201,6266,3,"https://static.www.nfl.com/image/private/f_auto,q_auto/league/ayxtc9ahjmx8z881d993",,1,REG,A01,Alexander,MYR146580,48328,32004d59-5214-6580-de75-d80af835e82c,2019,2019,,
2022,KC,K,K,14,CUT,Matthew Wright,Matthew,Wright,1996-03-22,71.0,179,Central Florida,00-0035189,3128444,f0c7de3c-9e8b-4c3d-b42f-985f29ce163f,32174,14189,,,21203,6268,3,"https://static.www.nfl.com/image/private/f_auto,q_auto/league/nmyqelmqbzi3llftotxn",,22,SB,P06,Matthew,WRI561583,48329,32005752-4956-1583-c6b0-32f5cf733be5,2019,2019,,
2022,LV,P,P,6,ACT,A.J. Cole,A.J.,Cole,1995-11-27,76.0,220,North Carolina State,00-0035190,3686689,36f93677-a95b-4362-ac5f-6722f5c05b6d,32386,14171,36038,,21516,6555,3,"https://static.www.nfl.com/image/private/f_auto,q_auto/league/kbn0o1zc0i1fkgle51lt",,18,REG,A01,A.J.,COL214396,48335,3200434f-4c21-4396-afbe-6ef134e5f11e,2019,2019,,
2022,WAS,K,K,6,ACT,Joey Slye,Joey,Slye,1996-04-10,71.0,213,Virginia Tech,00-0035192,3124084,ef4998e0-c9ef-4afe-88ab-d09b48975a08,32384,14172,,,21519,6528,3,"https://static.www.nfl.com/image/private/f_auto,q_auto/league/afv6s6n1dkqo2fcjm3k7",,18,REG,A01,Joey,SLY207645,48337,3200534c-5920-7645-69af-45cd1d703cc2,2019,2019,,
2022,BAL,LB,OLB,53,ACT,Del'Shawn Phillips,Del'Shawn,Phillips,1996-10-09,74.0,230,Illinois,00-0035202,4240528,a3d59d11-8d6a-4cfa-9c5d-3387d20de7f9,32118,14025,57868,,21306,6348,3,"https://static.www.nfl.com/image/private/f_auto,q_auto/league/x7nipqquvnew4mc5nb8l",,19,WC,A01,Del'Shawn,PHI147557,48364,32005048-4914-7557-56d1-20c877d35f31,2019,2019,,
2022,ATL,WR,WR,17,ACT,Olamide Zaccheaus,Olamide,Zaccheaus,1997-07-23,68.0,193,Virginia,00-0035208,3917914,d8281390-f081-41e5-b55e-75779536fe94,32123,13833,44920,ZaccOl01,21142,6271,3,"https://static.www.nfl.com/image/private/f_auto,q_auto/league/bzetcp5jlpis9ueb1kfk",WR,18,REG,A01,Olamide,ZAC133180,48374,32005a41-4313-3180-ba01-ae8103314fa2,2019,2019,,
2022,CLE,DB,CB,29,DEV,Herb Miller,Herb,Miller,1997-11-11,73.0,190,Florida Atlantic,00-0035210,3919107,8de972e7-c997-4444-83a5-10f975d4fff6,32396,14192,50480,,21521,6640,3,"https://static.www.nfl.com/image/private/f_auto,q_auto/league/cskkhygnyzcnor2oujfw",,18,REG,P06,Herb,MIL297240,48388,32004d49-4c29-7240-92aa-2e17f1270d18,2019,2019,,
2022,NO,WR,WR,11,RES,Deonte Harty,Deonte,Harty,1997-12-04,66.0,170,Assumption,00-0035215,4411193,8f1147cb-3040-4128-b113-5813816241ec,32398,14191,91470,HarrDe07,21163,6234,3,"https://static.www.nfl.com/image/private/f_auto,q_auto/league/ouuf2vot58iosguctjiy",,18,REG,R01,Deonte,HAR363871,48415,32004841-5236-3871-2f21-12e477161944,2019,2019,,
2022,PIT,WR,WR,18,ACT,Diontae Johnson,Diontae,Johnson,1996-07-05,70.0,181,Toledo,00-0035216,3932905,244c00c7-fe9a-4f4f-adff-1d5b9c8877e7,31898,13472,33441,JohnDi01,21077,5937,3,"https://static.www.nfl.com/image/private/f_auto,q_auto/league/imoqxbyoluisz2tmoral",WR,18,REG,A01,Diontae,JOH000017,47849,32004a4f-4800-0017-a19a-a554dee114ed,2019,2019,PIT,66
2022,PIT,RB,RB,24,ACT,Benny Snell,Benny,Snell,1998-02-27,70.0,223,Kentucky,00-0035217,4035072,74af3906-083e-49d1-b8c6-556101390381,31954,13453,45954,SnelBe00,20950,6156,3,"https://static.www.nfl.com/image/private/f_auto,q_auto/league/fo3ppnx6djkougdmpthf",,18,REG,A01,Benny,SNE302466,47905,3200534e-4530-2466-8118-0bfea2b80406,2019,2019,PIT,122
2022,DET,DL,DT,96,ACT,Isaiah Buggs,Isaiah,Buggs,1996-08-24,75.0,295,Alabama,00-0035219,4241451,5ec1f072-8ce0-449d-bbc0-5e8160836007,32024,13755,56503,BuggIs00,21049,6033,3,"https://static.www.nfl.com/image/private/f_auto,q_auto/league/hdajydltr2pkxt9ubsl4",INTERIOR_LINE,18,REG,A01,Isaiah,BUG562722,47975,32004255-4756-2722-5ae6-6be714984175,2019,2019,PIT,192
2022,PIT,TE,TE,81,ACT,Zach Gentry,Zach,Gentry,1996-09-10,80.0,265,Michigan,00-0035222,3929924,58f18567-a050-49c4-aeca-b34499338b37,31973,13511,36049,GentZa00,20770,6018,3,"https://static.www.nfl.com/image/private/f_auto,q_auto/league/up3gwjz5yxqdekdlrp5p",TE,18,REG,A01,Zach,GEN720399,47924,32004745-4e72-0399-13c5-f32125e7a948,2019,2019,PIT,141
2022,TB,LB,ILB,57,ACT,Ulysees Gilbert,Ulysees,Gilbert,1997-08-09,72.0,230,Akron,00-0035223,3920867,d1e8f343-9556-46f6-a238-2053a50b57d6,32039,13632,50810,GilbUl00,20771,6057,3,"https://static.www.nfl.com/image/private/f_auto,q_auto/league/cuiogahz0e5enpzl6fbr",,19,WC,A01,Ulysees,GIL128565,47990,32004749-4c12-8565-c297-2b196313e066,2019,2019,PIT,207
2022,DEN,DB,FS,6,ACT,P.J. Locke,James,Locke,1997-02-12,70.0,202,Texas,00-0035227,3929850,155980c2-e289-48c4-a047-09c08d0ce7ae,32164,14198,51189,,21373,6419,3,"https://static.www.nfl.com/image/private/f_auto,q_auto/league/tjfosmyjvflnga9beert",,18,REG,A01,P.J.,LOC062925,48447,32004c4f-4306-2925-c109-fd3c1cd98ca6,2019,2019,,
2022,ARI,QB,QB,1,RES,Kyler Murray,Kyler,Murray,1997-08-07,70.0,207,Oklahoma,00-0035228,3917315,dd5a6b6e-ffae-45a5-b8e6-718a9251f374,31833,13613,38334,MurrKy00,20889,5849,3,"https://static.www.nfl.com/image/private/f_auto,q_auto/league/nkb9x92lbea6ayknzoba",,18,REG,R01,Kyler,MUR670413,47784,32004d55-5267-0413-8d36-a5c3fd781aa0,2019,2019,ARI,1
2022,MIN,TE,TE,87,ACT,T.J. Hockenson,Thomas,Hockenson,1997-07-03,77.0,248,Iowa,00-0035229,4036133,bd1120b6-38b3-4225-a4b0-20660a149d0d,31840,13610,40912,HockTJ00,20805,5844,3,"https://static.www.nfl.com/image/private/f_auto,q_auto/league/g4imuwyk1t2bfh4uuxtg",SLOT_WR,19,WC,A01,T.J.,HOC422041,47791,3200484f-4342-2041-c442-6c874885b155,2019,2019,DET,8
2022,BUF,DL,DT,91,ACT,Ed Oliver,Ed,Oliver,1997-12-12,73.0,287,Houston,00-0035230,4039303,adabdc56-278f-48b9-a003-1329b7f2f663,31841,13653,42200,OlivEd00,20898,5841,3,"https://static.www.nfl.com/image/private/f_auto,q_auto/league/wk5gdknxmikobyzgchkg",INTERIOR_LINE,20,DIV,A01,Ed,OLI290385,47792,32004f4c-4929-0385-df1c-0f8e40559b5a,2019,2019,BUF,9
2022,MIA,DL,DT,94,ACT,Christian Wilkins,Christian,Wilkins,1995-12-20,76.0,315,Clemson,00-0035231,3728266,6c640668-de81-49c4-a0da-e367e1747923,31845,13758,50293,WilkCh00,20983,6120,3,"https://static.www.nfl.com/image/private/f_auto,q_auto/league/bcqcs5de3xrbdddsmjvy",INTERIOR_LINE,19,WC,A01,Christian,WIL081088,47796,32005749-4c08-1088-ad8a-aada01ec7ce9,2019,2019,MIA,13
2022,PHI,OL,T,77,ACT,Andre Dillard,Andre,Dillard,1995-10-03,77.0,315,Washington State,00-0035233,,,,,,,,,3,"https://static.www.nfl.com/image/private/f_auto,q_auto/league/looinffac31jav1iimj4",,22,SB,A01,Andre,DIL186167,47805,32004449-4c18-6167-8a82-fd2a79031894,2019,2019,PHI,22
2022,HOU,OL,T,71,ACT,Tytus Howard,Tytus,Howard,1996-05-23,77.0,322,Alabama State,00-0035234,,,,,,,,,3,"https://static.www.nfl.com/image/private/f_auto,q_auto/league/egy7fq2altjkjh2nytdx",T,18,REG,A01,Tytus,HOW432152,47806,3200484f-5743-2152-432d-da3c484cb3f8,2019,2019,HOU,23
2022,ATL,OL,T,76,ACT,Kaleb McGary,Kaleb,McGary,1995-02-22,78.0,306,Washington,00-0035235,,,,,,,,,3,"https://static.www.nfl.com/image/private/f_auto,q_auto/league/bxmv3ko0q5m7kqwumfdq",T,18,REG,A01,Kaleb,MCG037471,47814,32004d43-4703-7471-27c0-bc59a6bb256c,2019,2019,ATL,31
2022,ARI,DB,CB,7,RES,Byron Murphy,Byron,Murphy,1998-01-18,71.0,190,Washington,00-0035236,4038999,c025b513-9431-4097-bc25-9777bf08f846,31865,13560,44027,MurpBy00,20888,5864,3,"https://static.www.nfl.com/image/private/f_auto,q_auto/league/t2qwosb8tjtzdi6ymlge",,18,REG,R01,Byron,MUR405853,47816,32004d55-5240-5853-e4e5-d4f178b58b0b,2019,2019,ARI,33
2022,JAX,OL,T,75,ACT,Jawaan Taylor,Jawaan,Taylor,1997-11-25,77.0,312,Florida,00-0035237,,,,,,,,,3,"https://static.www.nfl.com/image/private/f_auto,q_auto/league/ad1hfo2cvn65z8stpkr8",T,20,DIV,A01,Jawaan,TAY349425,47818,32005441-5934-9425-ed94-9fc450b432bc,2019,2019,JAX,35
2022,ARI,OL,G,72,ACT,Cody Ford,Cody,Ford,1996-12-28,75.0,329,Oklahoma,00-0035238,,,,,,,,,3,"https://static.www.nfl.com/image/private/f_auto,q_auto/league/hmhx7v6lxfjbb5k6hqbw",T,18,REG,A01,Cody,FOR076987,47821,3200464f-5207-6987-5f02-57664dbea176,2019,2019,BUF,38
2022,TB,DB,CB,23,ACT,Sean Murphy-Bunting,Sean,Murphy-Bunting,1997-06-19,72.0,195,Central Michigan,00-0035239,3932886,f84bf885-d6ff-4fc8-8b6e-64bb3bceb17d,31871,13648,25891,BuntSe00,21050,6060,3,"https://static.www.nfl.com/image/private/f_auto,q_auto/league/kfitwmaee4mzkljxglib",CB,19,WC,A01,Sean,BUN571021,47822,32004255-4e57-1021-66ef-1efc8a34ff51,2019,2019,TB,39
2022,NE,LB,ILB,48,ACT,Jahlani Tavai,Jahlani,Tavai,1996-09-28,74.0,250,Hawaii,00-0035240,3124587,dfb05fbc-7329-4893-8dc1-3d30033e49d0,31875,13885,51055,TavaJa00,20959,6179,3,"https://static.www.nfl.com/image/private/f_auto,q_auto/league/qzyyxzbckgzlptsz5nyu",MLB,18,REG,A01,Jahlani,TAV380238,47826,32005441-5638-0238-d6cc-25aa17b18c0d,2019,2019,DET,43
2022,NE,DB,CB,33,RES,Joejuan Williams,Joejuan,Williams,1997-12-06,75.0,212,Vanderbilt,00-0035241,4035286,154d65c6-b3fc-4ac4-99a6-48c191e90ffc,31877,13482,29113,WillJo13,20986,6127,3,"https://static.www.nfl.com/image/private/f_auto,q_auto/league/xuxpp29utsn5a7q7djxg",,18,REG,R01,Joejuan,WIL132673,47828,32005749-4c13-2673-3aea-3728cae94d2a,2019,2019,NE,45
2022,NO,OL,C,78,ACT,Erik McCoy,Erik,McCoy,1997-08-27,76.0,315,Texas A&amp;M,00-0035242,,,,,,,,,3,"https://static.www.nfl.com/image/private/f_auto,q_auto/league/idel21rr4jesoqhw8fr9",C,18,REG,A01,Erik,MCC601333,47831,32004d43-4360-1333-481d-eca6355623f4,2019,2019,NO,48
2022,PHI,RB,RB,26,ACT,Miles Sanders,Miles,Sanders,1997-05-01,71.0,211,Penn State,00-0035243,4045163,ef3ceaf4-b733-4e06-a7f4-a94fc67361c1,31885,13521,40555,SandMi01,20933,6151,3,"https://static.www.nfl.com/image/private/f_auto,q_auto/league/byt89vdiisuyc8of2kcn",RB,22,SB,A01,Miles,SAN153567,47836,32005341-4e15-3567-869d-79c73965b54e,2019,2019,PHI,53
2022,TEN,DB,CB,20,ACT,Lonnie Johnson,Lonnie,Johnson,1995-11-04,74.0,213,Kentucky,00-0035244,4240780,acbf5978-d7da-4d01-8f1d-22dd65d4484c,31886,13820,55615,JohnLo01,20840,5883,3,"https://static.www.nfl.com/image/private/f_auto,q_auto/league/dc5qjoqdkt4craiuem8k",,18,REG,A01,Lonnie,JOH000020,47837,32004a4f-4800-0020-6142-473a18150e9b,2019,2019,HOU,54
2022,CIN,OL,G,74,ACT,Max Scharping,Max,Scharping,1996-08-10,78.0,325,Northern Illinois,00-0035245,,,,,,,,,3,"https://static.www.nfl.com/image/private/f_auto,q_auto/league/m37lkirbyjykq9xbobzu",G,21,CON,A01,Max,SCH083616,47838,32005343-4808-3616-ff9b-04768d49e58e,2019,2019,HOU,55
2022,SEA,TE,TE,82,CUT,J.J. Arcega-Whiteside,Jose Joaquin,Arcega-Whiteside,1996-12-31,74.0,225,Stanford,00-0035246,3931397,0cc1a941-1a6d-4a4a-8c7c-88157165c126,31889,13529,35014,ArceJJ00,20742,5863,3,"https://static.www.nfl.com/image/private/f_auto,q_auto/league/ybukzc2rvl0mqfnn387e",,9,REG,P07,J.J.,ARC336505,47840,32004152-4333-6505-70a1-e94c6ecf2bd3,2019,2019,PHI,57
2022,ARI,DL,DT,98,RES,Trysten Hill,Trysten,Hill,1998-03-25,75.0,308,Central Florida,00-0035247,4042141,c6c5ae5d-59c6-437d-9768-34e377fddcec,31890,13514,44519,HillTr00,20803,5989,3,"https://static.www.nfl.com/image/private/f_auto,q_auto/league/yawuhgom1mrvi8iq5g9q",,18,REG,R01,Trysten,HIL000003,47841,32004849-4c00-0003-9608-9c2ce3128b7b,2019,2019,DAL,58
2022,ARI,DL,DE,94,INA,Zach Allen,Zachary,Allen,1997-08-20,76.0,281,Boston College,00-0035248,3915282,f68685e7-9904-47bc-b39a-e1c813435385,31897,13742,49605,AlleZa01,20738,5871,3,"https://static.www.nfl.com/image/private/f_auto,q_auto/league/txwl1gscqjgatzykealx",,18,REG,A01,Zach,ALL656181,47848,3200414c-4c65-6181-7c3f-ad7870f8ae61,2019,2019,ARI,65
2022,BAL,TE,TE,84,ACT,Josh Oliver,Josh,Oliver,1997-03-21,77.0,250,San Jose State,00-0035249,3921690,dc83f7af-7b30-4c4a-9c93-f67bd8db954b,31901,13786,47083,OlivJo00,20899,5973,3,"https://static.www.nfl.com/image/private/f_auto,q_auto/league/okcikkget64x5uf1aulg",TE,19,WC,A01,Josh,OLI524360,47852,32004f4c-4952-4360-2a59-44a3fa93d63f,2019,2019,JAX,69
2022,BUF,RB,RB,26,ACT,Devin Singletary,Devin,Singletary,1997-09-03,67.0,203,Florida Atlantic,00-0035250,4040761,a961b0d4-5d7c-438e-90f0-2e1fa09f6c89,31906,13449,40485,SingDe00,20941,6130,3,"https://static.www.nfl.com/image/private/f_auto,q_auto/league/d9ifpvw57zivczxlpxdh",RB,20,DIV,A01,Devin,SIN186919,47857,32005349-4e18-6919-d1e6-003f4632ba87,2019,2019,BUF,74
2022,DAL,QB,QB,15,INA,Will Grier,Will,Grier,1995-04-03,73.0,220,West Virginia,00-0035251,3115252,7905e9be-2f66-4ff5-a6e9-dbe281bf4822,31932,13446,38265,GrieWi00,20779,5903,3,"https://static.www.nfl.com/image/private/f_auto,q_auto/league/e7rlu5wnqhnyno2rtnlf",,20,DIV,A01,Will,GRI022415,47883,32004752-4902-2415-512e-3cae73b00f0f,2019,2019,CAR,100
2022,NE,OL,T,72,ACT,Yodny Cajuste,Yodny,Cajuste,1996-02-21,77.0,310,West Virginia,00-0035252,,,,,,,,,3,"https://static.www.nfl.com/image/private/f_auto,q_auto/league/x9ogbih897ghkue5nw1b",T,18,REG,A01,Yodny,CAJ333394,47884,32004341-4a33-3394-bb4f-0a3343b45ede,2019,2019,NE,101
2022,PHI,DB,SS,23,ACT,Chauncey Gardner-Johnson,Chauncey,Gardner-Johnson,1997-12-20,71.0,208,Florida,00-0035253,4034953,5fb6e9f1-2efa-44c9-876f-4d635484be88,31937,15189,49371,GardCh00,20766,5893,3,"https://static.www.nfl.com/image/private/f_auto,q_auto/league/peibfc8o428otojyj2tk",SAFETY,22,SB,A01,Chauncey,GAR211068,47888,32004741-5221-1068-8e9a-b4c139418bfd,2019,2019,NO,105
2022,TB,LB,OLB,98,ACT,Anthony Nelson,Anthony,Nelson,1997-03-04,79.0,272,Iowa,00-0035254,3894856,8bc51884-c9db-4745-8731-20eff25f41b0,31939,13562,48405,NelsAn01,20894,6003,3,"https://static.www.nfl.com/image/private/f_auto,q_auto/league/hc8pqzfbg3qmbgwgpoft",EDGE,19,WC,A01,Anthony,NEL115040,47890,32004e45-4c11-5040-c7a6-234521681d54,2019,2019,TB,107
2022,DAL,DB,CB,32,DEV,Kendall Sheffield,Kendall,Sheffield,1996-05-30,70.0,212,Ohio State,00-0035255,3925358,fafdc4a3-ddbd-48b4-b10e-cd8a0189dae1,31943,13618,34105,ShefKe00,20938,6140,3,"https://static.www.nfl.com/image/private/f_auto,q_auto/league/act1qk03p1aw4rae6eda",,20,DIV,P07,Kendall,SHE192172,47894,32005348-4519-2172-ea4d-c32aeac3ef77,2019,2019,ATL,111
2022,CLE,OL,G,72,ACT,Hjalte Froholdt,Hjalte,Froholdt,1996-08-20,77.0,310,Arkansas,00-0035258,,,,,,,,,3,"https://static.www.nfl.com/image/private/f_auto,q_auto/league/q2qcf95wzuedbzyenxah",SLOT_WR,18,REG,A01,Hjalte,FRO242081,47901,32004652-4f24-2081-4dce-09bac366d016,2019,2019,NE,118
2022,CHI,TE,TE,88,ACT,Trevon Wesco,Trevon,Wesco,1995-09-12,75.0,267,West Virginia,00-0035259,4039253,f6c34178-e063-444b-96b3-df6b3cf66419,31953,13828,42018,WescTr00,20977,6181,3,"https://static.www.nfl.com/image/private/f_auto,q_auto/league/g24zouqw4y06icu4uzx5",TE,18,REG,A01,Trevon,WES028199,47904,32005745-5302-8199-29be-c7f9603e3f55,2019,2019,NYJ,121
2022,PIT,DL,DT,79,ACT,Renell Wren,Renell,Wren,1995-10-23,77.0,315,Arizona State,00-0035260,3128815,0ee41c7d-1afa-4ac7-ae6d-66e4da18052d,31957,13740,48953,WrenRe00,20998,6157,3,"https://static.www.nfl.com/image/private/f_auto,q_auto/league/mksyn1sfszc9boas8jqp",,18,REG,A01,Renell,WRE422041,47908,32005752-4542-2041-ca80-11bac75769dc,2019,2019,CIN,125
2022,DAL,RB,RB,20,ACT,Tony Pollard,Tony,Pollard,1997-04-30,72.0,209,Memphis,00-0035261,3916148,33b0227d-4c21-4e71-b4cd-be35f7db9123,31960,13590,27126,PollTo00,20912,5967,3,"https://static.www.nfl.com/image/private/f_auto,q_auto/league/rvesbybzmlucxce3hkwf",RB,20,DIV,A01,Tony,POL283188,47911,3200504f-4c28-3188-35b8-d0ae9db0f68a,2019,2019,DAL,128
2022,LAC,LB,ILB,49,ACT,Drue Tranquill,Drue,Tranquill,1995-08-15,74.0,234,Notre Dame,00-0035262,3129310,d468dfe5-8ad2-4c8b-b7ba-0962316a2156,31962,13814,51276,TranDr00,20968,6141,3,"https://static.www.nfl.com/image/private/f_auto,q_auto/league/ttzkmlyros0fpb7x8y2g",MLB,19,WC,A01,Drue,TRA289059,47913,32005452-4128-9059-cb73-4eadedc51904,2019,2019,LAC,130
2022,WAS,OL,G,63,ACT,Wes Martin,Wesley,Martin,1996-05-09,75.0,316,Indiana,00-0035263,,,,,,,,,3,"https://static.www.nfl.com/image/private/f_auto,q_auto/league/fv69b0ibqcdt6hvgjefk",,18,REG,A01,Wes,MAR763142,47914,32004d41-5276-3142-cf04-a9d5c3a3b08b,2019,2019,WAS,131
2022,LV,QB,QB,3,ACT,Jarrett Stidham,Jarrett,Stidham,1996-08-08,75.0,214,Auburn,00-0035264,3892775,582fe465-135a-4901-beef-60aebce99067,31965,13438,13725,StidJa00,20954,6136,3,"https://static.www.nfl.com/image/private/f_auto,q_auto/league/legjd2mdbnsjj9pln4sn",QB,18,REG,A01,Jarrett,STI129837,47916,32005354-4912-9837-7193-9c8d8376b821,2019,2019,NE,133
2022,DET,DL,DT,79,ACT,John Cominsky,John,Cominsky,1995-11-22,77.0,285,"Charleston, W. Va.",00-0035265,4411771,c41a772c-8458-4f5d-b7b5-8c2a23406fa3,31967,13798,88313,ComiJo00,21009,6116,3,"https://static.www.nfl.com/image/private/f_auto,q_auto/league/ovq8dnoyo48znuigp5lw",EDGE,18,REG,A01,John,COM275428,47918,3200434f-4d27-5428-ccac-ad99ba74b4eb,2019,2019,ATL,135
2022,CAR,OL,G,73,ACT,Michael Jordan,Michael,Jordan,1998-01-25,78.0,315,Ohio State,00-0035266,,,,,,,,,3,"https://static.www.nfl.com/image/private/f_auto,q_auto/league/zyitk5ieoi3yeytrcjsj",G,18,REG,A01,Michael,JOR146382,47919,32004a4f-5214-6382-8d60-9ad32b12a1f6,2019,2019,CIN,136
2022,JAX,RB,RB,23,CUT,Ryquell Armstead,Ryquell,Armstead,1996-10-30,71.0,220,Temple,00-0035268,3923397,ce079a73-5884-4184-909a-8feafd4645d9,31972,13473,45810,ArmsRy00,20743,6007,3,"https://static.www.nfl.com/image/private/f_auto,q_auto/league/jgcl3vn95zrklzlulgut",,1,REG,W03,Ryquell,ARM087415,47923,32004152-4d08-7415-19ec-70f8e3f1c566,2019,2019,JAX,140
2022,LA,K,K,8,ACT,Matt Gay,Matt,Gay,1994-03-15,72.0,232,Utah,00-0035269,4249087,2b90e091-ef78-4753-93eb-0acf3632c206,31977,13673,,GayxMa00,20769,6083,3,"https://static.www.nfl.com/image/private/f_auto,q_auto/league/cpzqyguein6bc8hkyq57",,18,REG,A01,Matt,GAY306452,47928,32004741-5930-6452-6cb7-6eadc0ce3ec7,2019,2019,TB,145
2022,DET,DB,CB,24,ACT,Amani Oruwariye,Amani,Oruwariye,1996-02-09,74.0,203,Penn State,00-0035270,3116175,3e4c9bb7-6ff1-4bf8-bc25-cd6717ddf568,31978,13744,50533,OruwAm00,20903,5888,3,"https://static.www.nfl.com/image/private/f_auto,q_auto/league/g0wkzk7dcs8n8fvabasn",CB,18,REG,A01,Amani,ORU490506,47929,32004f52-5549-0506-d45d-e0e76f0f35db,2019,2019,DET,146
2022,MIA,LB,OLB,43,ACT,Andrew Van Ginkel,Andrew,Van Ginkel,1995-07-01,76.0,242,Wisconsin,00-0035272,3133487,7b47d190-168b-44bc-bb91-a688fe28f768,31983,13887,30267,VanGAn00,20971,6183,3,"https://static.www.nfl.com/image/private/f_auto,q_auto/league/yyhh8k09htb6kx6xo3qf",EDGE,19,WC,A01,Andrew,VAN463493,47934,32005641-4e46-3493-ddb1-0c81031159d0,2019,2019,MIA,151
2022,DAL,RB,RB,30,DEV,Qadree Ollison,Qadree,Ollison,1996-09-08,73.0,232,Pittsburgh,00-0035273,3123944,c44534f8-a567-40e7-b51e-1a72c49cb24e,31984,13494,45934,OlliQa00,20900,6002,3,"https://static.www.nfl.com/image/private/f_auto,q_auto/league/en5rhhpt42eyutfvhyyl",,20,DIV,P01,Qadree,OLL415291,47935,32004f4c-4c41-5291-4de9-9fb620da08e9,2019,2019,ATL,152
2022,DET,OL,C,66,INA,Ross Pierschbacher,Ross,Pierschbacher,1995-05-05,76.0,315,Alabama,00-0035274,,,,,,,,,3,"https://static.www.nfl.com/image/private/f_auto,q_auto/league/bvjk6xvsptq3ymqi5ayd",,18,REG,A01,Ross,PIE601339,47936,32005049-4560-1339-f6ec-b8948fb7afcd,2019,2019,WAS,153
2022,HOU,LB,ILB,53,ACT,Blake Cashman,Blake,Cashman,1996-05-10,73.0,235,Minnesota,00-0035276,3728281,17dfbad4-f4fc-4a65-a085-6cdcefe36879,31989,13846,35413,CashBl00,21118,6217,3,"https://static.www.nfl.com/image/private/f_auto,q_auto/league/sopql6ge7wipoahwvqqq",INTERIOR_LINE,18,REG,A01,Blake,CAS316185,47940,32004341-5331-6185-2b37-0d7120bc9212,2019,2019,NYJ,157
2022,SEA,DB,CB,30,ACT,Michael Jackson,Michael,Jackson,1997-01-10,73.0,210,Miami,00-0035277,3917853,63fd7882-5d20-426e-9834-e85c0ebb4d5b,31990,13704,50437,JackMi01,20822,6025,3,"https://static.www.nfl.com/image/private/f_auto,q_auto/league/yf7vpqejkffgxlq0mlrn",CB,19,WC,A01,Michael,JAC000004,47941,32004a41-4300-0004-a1b9-6631a951b6e5,2019,2019,DAL,158
2022,IND,DL,DT,96,ACT,Byron Cowart,Byron,Cowart,1996-05-20,75.0,300,Maryland,00-0035278,3916922,3fa97e08-13d9-47a8-b155-39f975964d47,31991,13753,50588,CowaBy00,21013,6006,3,"https://static.www.nfl.com/image/private/f_auto,q_auto/league/jkoevuew3mayrv3rzw11",INTERIOR_LINE,18,REG,A01,Byron,COW324122,47942,3200434f-5732-4122-3511-2c7451a7a586,2019,2019,NE,159
2022,SF,DL,DE,94,ACT,Charles Omenihu,Charles,Omenihu,1997-08-20,77.0,280,Texas,00-0035279,3929865,eff1c40e-715c-49c4-93d8-6155322c1205,31993,13791,50612,OmenCh00,20901,5934,3,"https://static.www.nfl.com/image/private/f_auto,q_auto/league/rekgxrnrkzheua0vo3yd",EDGE,21,CON,A01,Charles,OME565785,47944,32004f4d-4556-5785-8e80-6ad02cc085e2,2019,2019,HOU,161
2022,NE,P,P,7,RES,Jake Bailey,Jacob,Bailey,1997-06-18,74.0,205,Stanford,00-0035280,3931395,af1335c6-c262-4488-9352-86ba80754583,31995,13817,,BailJa00,21017,6093,3,"https://static.www.nfl.com/image/private/f_auto,q_auto/league/zuvccgj18ohy0mz40gx7",,18,REG,R33,Jake,BAI429212,47946,32004241-4942-9212-4dca-3ce7a5b08bbb,2019,2019,NE,163
2022,LAC,QB,QB,2,INA,Easton Stick,Easton,Stick,1995-09-15,73.0,224,North Dakota State,00-0035282,3120590,af291d43-a51f-44ce-b8ac-430ec68c78c8,31998,13627,29466,SticEa00,20953,6185,3,"https://static.www.nfl.com/image/private/f_auto,q_auto/league/gnf8dolofcy3wk7a3ts6",,19,WC,A01,Easton,STI420937,47949,32005354-4942-0937-5f54-4fc08152f18e,2019,2019,LAC,166
2022,ARI,DB,CB,32,CUT,Jordan Miller,Jordan,Miller,1997-02-08,74.0,190,Washington,00-0035285,3886824,c5614795-d8e3-4104-ad9b-edfb575410bb,32004,13876,49515,MillJo05,20878,6009,3,"https://static.www.nfl.com/image/private/f_auto,q_auto/league/zngxpinbt8qmidjcvyuz",,18,REG,P06,Jordan,MIL373762,47955,32004d49-4c37-3762-c0d7-70bbb307a253,2019,2019,ATL,172
2022,WAS,LB,MLB,55,RES,Cole Holcomb,Cole,Holcomb,1996-07-30,73.0,240,North Carolina,00-0035286,3116689,c727b9d9-9776-415d-953c-9ae046e10a05,32005,13700,49753,HolcCo00,21120,6220,3,"https://static.www.nfl.com/image/private/f_auto,q_auto/league/kaoioaaqmkuciyvemv6r",,18,REG,R01,Cole,HOL006318,47956,3200484f-4c00-6318-dfc2-c03b54847fbe,2019,2019,WAS,173
2022,BUF,WR,WR,81,DEV,KeeSean Johnson,KeeSean,Johnson,1996-10-09,73.0,199,Fresno State,00-0035287,3124537,7e8f4076-25e1-41e5-8e71-f70397a3729d,32006,13628,39587,JohnKe07,20835,5962,3,"https://static.www.nfl.com/image/private/f_auto,q_auto/league/xevuoqg8h0chgypuqy8k",,20,DIV,P06,KeeSean,JOH000018,47957,32004a4f-4800-0018-9595-504f85cf2f56,2019,2019,ARI,174
2022,PHI,QB,QB,10,ACT,Gardner Minshew,Gardner,Minshew,1996-05-16,73.0,225,Washington State,00-0035289,4038524,dabb52c0-455b-48fe-996b-abf758120623,32010,13741,41401,MinsGa00,20880,6011,3,"https://static.www.nfl.com/image/private/f_auto,q_auto/league/zgbpnnvnrdk9bgmogp7j",,22,SB,A01,Gardner,MIN604610,47961,32004d49-4e60-4610-dc98-dcddea9bb1f6,2019,2019,JAX,178
2022,BUF,DB,FS,4,ACT,Jaquan Johnson,Jaquan,Johnson,1995-11-06,70.0,190,Miami,00-0035290,3672862,c128dad7-899d-4bdf-af9b-9c205dbd4666,32013,13819,51433,JohnJa11,20834,5930,3,"https://static.www.nfl.com/image/private/f_auto,q_auto/league/s4qko3bnyx6prkqu6fn9",SAFETY,20,DIV,A01,Jaquan,JOH000015,47964,32004a4f-4800-0015-ead2-1d97f9de4bb8,2019,2019,BUF,181
2022,CIN,RB,RB,32,ACT,Trayveon Williams,Trayveon,Williams,1997-10-18,68.0,206,Texas A&amp;M,00-0035291,4035222,478fcd24-2617-41d5-a900-b272aa6ef515,32014,13548,45775,WillTr06,20990,6144,3,"https://static.www.nfl.com/image/private/f_auto,q_auto/league/tcizrcu9wvpgsrlvhbvp",,21,CON,A01,Trayveon,WIL185325,47965,32005749-4c18-5325-3179-dd521a18c706,2019,2019,CIN,182
2022,TEN,LB,ILB,51,RES,David Long,David,Long,1996-10-12,71.0,224,West Virginia,00-0035292,3916074,55d7adb4-be58-4c59-9a6e-1ceb73c10c4d,32020,13486,29367,LongDa04,20862,5928,3,"https://static.www.nfl.com/image/private/f_auto,q_auto/league/ljvs37mzgxrt5pn9iwmr",,18,REG,R01,David,LON209927,47971,32004c4f-4e20-9927-7a66-9bb9ab3a3708,2019,2019,TEN,188
2022,SEA,DB,CB,37,INA,Xavier Crawford,Xavier,Crawford,1995-12-10,71.0,185,Central Michigan,00-0035293,3860287,c3ff85db-bad4-444c-9123-812c933c8227,32027,13430,50326,CrawXa00,21127,6285,3,"https://static.www.nfl.com/image/private/f_auto,q_auto/league/aqwneslgs9rsvnmjzvcd",,19,WC,A01,Xavier,CRA797658,47978,32004352-4179-7658-5769-b69d29e210c2,2019,2019,HOU,195
2022,DEN,DB,CB,38,CUT,Blessuan Austin,Blessuan,Austin,1996-07-19,73.0,198,Rutgers,00-0035294,3870072,57df194b-d445-4e66-af51-7b781b0f529f,32028,13471,50434,AustBl00,20744,5933,3,"https://static.www.nfl.com/image/private/f_auto,q_auto/league/vyl3paz1mk6ukjtgvu24",,1,REG,W03,Blessuan,AUS096790,47979,32004155-5309-6790-50fd-eb17a263c4af,2019,2019,NYJ,196
2022,CIN,OL,T,75,ACT,Isaiah Prince,Isaiah,Prince,1997-07-29,79.0,305,Ohio State,00-0035295,,,,,,,,,3,"https://static.www.nfl.com/image/private/f_auto,q_auto/league/yga73vmpbhbbwwm8ghxo",,21,CON,A01,Isaiah,PRI483688,47985,32005052-4948-3688-d3f2-077638b364a5,2019,2019,MIA,202
2022,WAS,WR,WR,13,CUT,Kelvin Harmon,Kelvin,Harmon,1996-12-15,74.0,213,North Carolina State,00-0035297,4036163,d3cc6f89-56d8-45e9-87f0-3a1a56f97bc6,32038,13428,47931,HarmKe00,20789,5884,3,"https://static.www.nfl.com/image/private/f_auto,q_auto/league/cck12vzgomudzsoxh4zv",,1,REG,A01,Kelvin,HAR206185,47989,32004841-5220-6185-a2b0-6140674f568a,2019,2019,WAS,206
2022,TB,WR,WR,10,ACT,Scott Miller,Scott,Miller,1997-07-31,69.0,174,Bowling Green,00-0035298,3914397,85e18d5f-8a3f-4b6c-88fe-dfdaaed5554e,32040,13987,47481,MillSc01,21138,6290,3,"https://static.www.nfl.com/image/private/f_auto,q_auto/league/t25xiwqy1y0k99fybmpv",WR,19,WC,A01,Scott,MIL546315,47991,32004d49-4c54-6315-cdf3-7806972abae8,2019,2019,TB,208
2022,TEN,OL,T,71,ACT,Dennis Daley,Dennis,Daley,1996-08-07,78.0,324,South Carolina,00-0035300,,,,,,,,,3,"https://static.www.nfl.com/image/private/f_auto,q_auto/league/nxoovh8cbeoqhgkreqkz",T,18,REG,A01,Dennis,DAL290157,47995,32004441-4c29-0157-d412-098daf85b770,2019,2019,CAR,212
2022,DAL,DB,SS,6,ACT,Donovan Wilson,Donovan,Wilson,1995-02-21,72.0,204,Texas A&amp;M,00-0035301,3122135,2e9ef3ac-eca5-4eb9-a41d-f404dfaae460,32045,13890,49408,WilsDo01,21123,6291,3,"https://static.www.nfl.com/image/private/f_auto,q_auto/league/yzwczgifjvboloesnbu2",SAFETY,20,DIV,A01,Donovan,WIL132674,47996,32005749-4c13-2674-5eb5-45165c270e82,2019,2019,DAL,213
2022,SEA,RB,FB,41,RES,Cullen Gillaspia,Cullen,Gillaspia,1995-05-12,74.0,235,Texas A&amp;M,00-0035304,3122143,1731325a-0303-4a56-81f5-3c4a588cf0d6,32052,13988,38844,GillCu00,21126,6293,3,"https://static.www.nfl.com/image/private/f_auto,q_auto/league/nalegoem45fmncudsllg",,19,WC,R01,Cullen,GIL372636,48003,32004749-4c37-2636-620b-8bcf14855e9d,2019,2019,HOU,220
2022,NO,DB,CB,38,CUT,Jordan Brown,Jordan,Brown,1996-03-26,72.0,200,South Dakota State,00-0035305,3121034,198b8c48-abe7-4fcb-9aea-6519fa650b18,32055,13547,49407,BrowJo04,21044,6030,3,"https://static.www.nfl.com/image/private/f_auto,q_auto/league/kaqsqjshwqb3mftizo6c",,9,REG,P01,Jordan,BRO413221,48006,32004252-4f41-3221-2d67-f731d1ff432a,2019,2019,CIN,223
2022,SEA,LB,OLB,40,RES,Darryl Johnson,Darryl,Johnson,1997-04-04,78.0,253,North Carolina A&amp;T,00-0035306,3957672,0e72812f-db64-4eb8-a7e4-41347067b375,32057,13989,37479,JohnDa10,20839,6051,3,"https://static.www.nfl.com/image/private/f_auto,q_auto/league/yhmqdkguwvfgpl8jrh6z",,19,WC,R01,Darryl,JOH000013,48008,32004a4f-4800-0013-5f34-a3ef4594d276,2019,2019,BUF,225
2022,NYJ,DB,CB,47,DEV,Jimmy Moreland,Jimmy,Moreland,1995-08-26,71.0,182,James Madison,00-0035307,3120508,4bbe8ab7-3ae2-42a6-a471-fd2b344843a2,32059,13603,28704,MoreJi00,20885,6070,3,"https://static.www.nfl.com/image/private/f_auto,q_auto/league/yzemuhsmmklzfbgjfjyd",,18,REG,P07,Jimmy,MOR106996,48010,32004d4f-5210-6996-9c73-a7c94d22bb81,2019,2019,WAS,227
2022,BUF,TE,TE,89,INA,Tommy Sweeney,Tommy,Sweeney,1995-07-01,77.0,251,Boston College,00-0035308,3122818,ec63ee49-3a03-44ca-a083-3916f0bccd76,32060,13667,47216,SweeTo00,20957,6137,3,"https://static.www.nfl.com/image/private/f_auto,q_auto/league/qv9v9cpvmdc5ff24yxma",,20,DIV,A01,Tommy,SWE393041,48011,32005357-4539-3041-578e-743d87b9a544,2019,2019,BUF,228
2022,GB,TE,TE,47,RES,Alize Mack,Alize,Mack,,77.0,247,Notre Dame,00-0035309,3932433,dbda3235-5f3a-4c16-81da-48c093ad6c85,32063,13527,39770,MackAl00,20865,5975,3,"https://static.www.nfl.com/image/private/f_auto,q_auto/league/b1smkmapatwuksgpmw15",,1,REG,W03,Alize,MAC220396,48014,32004d41-4322-0396-46e1-546529e841d5,2019,2019,NO,231
2022,MIA,RB,RB,3,RES,Myles Gaskin,Myles,Gaskin,1997-02-15,70.0,200,Washington,00-0035311,3886818,cad49098-1523-4e52-9f50-caa3423e1bb6,32066,13505,45914,GaskMy00,20768,5980,3,"https://static.www.nfl.com/image/private/f_auto,q_auto/league/ozecwdvvheftpslpgazv",,19,WC,R01,Myles,GAS211909,48017,32004741-5321-1909-2ae0-a123794bf24d,2019,2019,MIA,234
2022,BUF,DL,DT,79,DEV,Cortez Broughton,Cortez,Broughton,1996-09-02,74.0,293,Cincinnati,00-0035315,3139036,6ee96e28-60b0-4e30-b014-6962e7d1c3db,32074,13706,38524,BrouCo00,21130,6300,3,"https://static.www.nfl.com/image/private/f_auto,q_auto/league/oalkoxrl5raxkppkeens",,20,DIV,P06,Cortez,BRO208500,48025,32004252-4f20-8500-78c6-6accf2805a05,2019,2019,LAC,242
2022,NO,LB,OLB,55,ACT,Kaden Elliss,Kaden,Elliss,1995-06-10,75.0,240,Idaho,00-0035316,3124890,7c51883f-8ea7-4f54-8c03-a562b4524858,32076,13953,51485,ElliKa00,21134,6302,3,"https://static.www.nfl.com/image/private/f_auto,q_auto/league/b0d2fhsxkseywmhdbzfk",EDGE,18,REG,A01,Kaden,ELL750719,48027,3200454c-4c75-0719-9c5f-35fd06b75171,2019,2019,NO,244
2022,ARI,OL,T,66,RES,Joshua Miles,Joshua,Miles,1996-01-04,77.0,314,Morgan State,00-0035317,,,,,,,,,3,"https://static.www.nfl.com/image/private/f_auto,q_auto/league/oai3lusck14d6vwsft8v",,18,REG,R01,Joshua,MIL052714,48031,32004d49-4c05-2714-f8cb-fbbd020b89ca,2019,2019,ARI,248
2022,ATL,LB,OLB,49,DEV,Jordan Brailford,Jordan,Brailford,1995-10-09,75.0,252,Oklahoma State,00-0035319,3122420,cd9b9d93-4368-4495-803e-f5d2524c8468,32085,13435,29695,BraiJo00,21040,5954,3,"https://static.www.nfl.com/image/private/f_auto,q_auto/league/jjfp39fmd7ubvkavfefa",,7,REG,P01,Jordan,BRA439937,48036,32004252-4143-9937-a42d-be30771b4671,2019,2019,WAS,253
2022,GB,TE,TE,82,RES,Nate Becker,Nate,Becker,1996-03-24,77.0,264,"Miami, O.",00-0035322,,,,,,,,,3,"https://static.www.nfl.com/image/private/f_auto,q_auto/league/hjfpyjbaz6dfn0alet5h",,1,REG,W03,Nate,BEC512998,48449,32004245-4351-2998-8a22-7cf71db7878c,2019,2019,,
2022,TEN,OL,C,68,DEV,Beau Benzschawel,Beau,Benzschawel,1995-09-10,78.0,300,Wisconsin,00-0035323,,,,,,,,,3,"https://static.www.nfl.com/image/private/f_auto,q_auto/league/yjw5bzytyvqabsvmfjap",,16,REG,P01,Beau,BEN731199,48450,32004245-4e73-1199-bf49-a6cdb804013c,2019,2019,,
2022,DET,DB,FS,38,ACT,C.J. Moore,Calvin,Moore,1995-12-15,71.0,195,Mississippi,00-0035327,3128745,ab47d1ab-af14-4054-ace2-0cd2fc1def85,,14209,26617,,21647,6724,3,"https://static.www.nfl.com/image/private/f_auto,q_auto/league/jsfetufrmzdqhxvwvcwq",,18,REG,A01,C.J.,MOO227635,48454,32004d4f-4f22-7635-8367-43e120fa27b5,2019,2019,,
2022,DET,OL,T,67,ACT,Matt Nelson,Matt,Nelson,1995-12-19,79.0,299,Iowa,00-0035328,,,,,,,,,3,"https://static.www.nfl.com/image/private/f_auto,q_auto/league/dhuff82qahdwaurql4ov",TE,18,REG,A01,Matt,NEL582098,48455,32004e45-4c58-2098-e7b8-23857a8f589e,2019,2019,,
2022,LAC,TE,TE,89,ACT,Donald Parham,Donald,Parham,1997-08-16,80.0,237,Stetson University,00-0035329,3912092,4f246e92-3d21-450f-977a-dc16892c7238,32456,13602,91014,ParhDo00,20905,6074,3,"https://static.www.nfl.com/image/private/f_auto,q_auto/league/z4fdshurfp3xpslym3b7",TE,19,WC,A01,Donald,PAR061165,48456,32005041-5206-1165-593c-3ebd9dc45f5f,2019,2019,,
2022,DET,LB,OLB,57,ACT,Anthony Pittman,Anthony,Pittman,1996-11-24,75.0,240,"Wayne State, Mich.",00-0035330,4423367,23df1eb7-f589-4e49-bb31-0b4ce983fe32,32457,14211,94372,,21543,6651,3,"https://static.www.nfl.com/image/private/f_auto,q_auto/league/njdukqin0uemn9o5lfcu",EDGE,18,REG,A01,Anthony,PIT087988,48458,32005049-5408-7988-7a96-251fd0e12efd,2019,2019,,
2022,TEN,DL,DE,97,ACT,Kevin Strong,Kevin,Strong,1996-08-05,76.0,285,Texas-San Antonio,00-0035334,3124052,6c8c270b-7412-452a-a221-7ec5600cc2a3,32461,14213,48981,,21536,6536,3,"https://static.www.nfl.com/image/private/f_auto,q_auto/league/ivw680fbock1uzjhnpv7",INTERIOR_LINE,18,REG,A01,Kevin,STR637423,48462,32005354-5263-7423-dc9d-c6e3f0c9e82f,2019,2019,,
2022,WAS,OL,G,66,CUT,Deion Calhoun,Deion,Calhoun,1996-02-20,75.0,310,Mississippi State,00-0035336,,,,,,,,,3,"https://static.www.nfl.com/image/private/f_auto,q_auto/league/nkjmkfxkkmowsfqqsrf0",,1,REG,A01,Deion,CAL422355,48465,32004341-4c42-2355-5cfd-4380f9d6e470,2019,2019,,
2022,CIN,WR,WR,16,ACT,Trenton Irwin,Trenton,Irwin,1995-12-10,74.0,207,Stanford,00-0035341,3931391,ee79ad2e-353a-40cd-9344-c9d84f7e4b63,32438,13626,48080,,21263,6598,3,"https://static.www.nfl.com/image/private/f_auto,q_auto/league/oxz3nbje8ii1fgrtdbch",SLOT_WR,21,CON,A01,Trenton,IRW629310,48471,32004952-5762-9310-4b26-60a860d74b06,2019,2019,,
2022,TB,RB,RB,43,DEV,Patrick Laird,Patrick,Laird,1995-08-17,73.0,205,California,00-0035342,3127211,5c424ecf-07c8-471e-a400-8d5f834af2e0,32439,13913,28219,,21211,6311,3,"https://static.www.nfl.com/image/private/f_auto,q_auto/league/lhildzn90os4dmucczjw",,19,WC,P07,Patrick,LAI668713,48472,32004c41-4966-8713-9f2a-ee69c24a76bc,2019,2019,,
2022,ARI,DL,DE,93,RES,Jonathan Ledbetter,Jonathan,Ledbetter,1997-09-12,76.0,280,Georgia,00-0035343,3728308,c03646a8-503b-49a9-8251-b9c44f13a2ff,32440,13787,18645,,20854,5945,3,"https://static.www.nfl.com/image/private/f_auto,q_auto/league/wi0yhjguusxjvcuzfuhv",,18,REG,R01,Jonathan,LED300302,48473,32004c45-4430-0302-1f2e-6efaf83b105d,2019,2019,,
2022,WAS,OL,T,67,DEV,Aaron Monteiro,Aaron,Monteiro,1997-03-25,78.0,315,Boston College,00-0035344,,,,,,,,,3,"https://static.www.nfl.com/image/private/f_auto,q_auto/league/yde69yaq7w3yuuvnmcai",,18,REG,P01,Aaron,MON398581,48474,32004d4f-4e39-8581-619c-05fed0606b15,2019,2019,,
2022,NYG,TE,TE,85,DEV,Chris Myarick,Chris,Myarick,1995-10-06,77.0,255,Temple,00-0035345,3138744,002adaa8-5dc2-4b4b-95bc-53a38dce3849,32442,14282,47358,,21531,6529,3,"https://static.www.nfl.com/image/private/f_auto,q_auto/league/p4wveksckzn0nuept8zw",,20,DIV,P01,Chris,MYA415291,48475,32004d59-4141-5291-44ca-755f5b2afd68,2019,2019,,
2022,MIA,DB,CB,40,RES,Nik Needham,Nikolas,Needham,1996-11-04,73.0,193,Texas-El Paso,00-0035346,3124702,03e6a751-5206-4f9e-8ffa-f92672f7c159,32443,14077,50356,,21192,6258,3,"https://static.www.nfl.com/image/private/f_auto,q_auto/league/iq67o8bxtx7pkgzizhcb",,19,WC,R01,Nik,NEE272301,48476,32004e45-4527-2301-dc02-50bad6e0618b,2019,2019,,
2022,CAR,WR,WR,16,ACT,Preston Williams,Preston,Williams,1997-03-27,77.0,218,Colorado State,00-0035350,3915399,497758de-5f0b-481f-8c68-7aa5e21df322,32447,13445,38855,WillPr01,20988,6148,3,"https://static.www.nfl.com/image/private/f_auto,q_auto/league/ycedbmymomppxkrh6gcc",SLOT_WR,18,REG,A01,Preston,WIL469697,48480,32005749-4c46-9697-124a-eb66b52308ae,2019,2019,,
2022,BUF,LB,MLB,53,ACT,Tyrel Dodson,Tyrel,Dodson,1998-06-25,72.0,237,Texas A&amp;M,00-0035352,4035232,1881d1a7-218b-4690-9065-497946d1ec1e,32411,13512,51045,,21218,6315,3,"https://static.www.nfl.com/image/private/f_auto,q_auto/league/axbnd0uxqyxgmtmkten8",,20,DIV,A01,Tyrel,DOD341460,48482,3200444f-4434-1460-b378-91176d704c77,2019,2019,,
2022,JAX,OL,G,73,ACT,Blake Hance,Blake,Hance,1996-01-11,78.0,310,Northwestern,00-0035355,,,,,,,,,3,"https://static.www.nfl.com/image/private/f_auto,q_auto/league/zcpppyffdjhk4zgiyvwp",,20,DIV,A01,Blake,HAN027685,48485,32004841-4e02-7685-aedc-718ac9d2b15a,2019,2019,,
2022,PHI,TE,TE,80,RES,Tyree Jackson,Tyree,Jackson,1997-11-07,79.0,249,Buffalo,00-0035356,3916564,2fc1c9f1-9e85-449a-9a87-fa8203e8e8f9,32415,13551,46481,,20823,6040,3,"https://static.www.nfl.com/image/private/f_auto,q_auto/league/q1it14f9aymqknslvcjs",,22,SB,R01,Tyree,JAC611082,48486,3200474f-5204-5716-a75e-4ec8e313a651,2019,2019,,
2022,BUF,DB,CB,39,ACT,Cameron Lewis,Cameron,Lewis,1997-04-13,69.0,185,Buffalo,00-0035357,3916577,d5dee97b-aa96-4fa6-868f-b6dc1f66245c,32416,14253,49395,,21216,6314,3,"https://static.www.nfl.com/image/private/f_auto,q_auto/league/lsqyw42pzd3afpeufpyl",SAFETY,20,DIV,A01,Cameron,LEW089606,48487,32004c45-5708-9606-6b0a-fbc9630aa26d,2019,2019,,
2022,IND,K,K,7,ACT,Chase McLaughlin,Chase,McLaughlin,1996-04-09,72.0,187,Illinois,00-0035358,3150744,12d28404-63e1-432f-adde-c93631a5c39c,32417,14254,,,21542,6650,3,"https://static.www.nfl.com/image/private/f_auto,q_auto/league/kehs9z6fpllcdqzdkvmo",,18,REG,A01,Chase,MCL090068,48488,32004d43-4c09-0068-cde1-c8dac1b4b74a,2019,2019,,
2022,NYG,WR,WR,13,DEV,David Sills,David,Sills,1996-05-29,75.0,210,West Virginia,00-0035359,3871102,97f6c20c-1110-4551-82c1-41d3247397a2,32418,13634,34579,,20939,6154,3,"https://static.www.nfl.com/image/private/f_auto,q_auto/league/w7wxepfdmbqjkjtojbpy",,20,DIV,P01,David,SIL605330,48489,32005349-4c60-5330-c2c5-9ad2afcb2da9,2019,2019,,
2022,BUF,LB,OLB,42,CUT,Joe Giles-Harris,Joe,Giles-Harris,1997-04-01,74.0,234,Duke,00-0035363,3917797,62976179-ae2c-495f-9e94-cb3e49933243,32091,13492,39382,,20772,6105,3,"https://static.www.nfl.com/image/private/f_auto,q_auto/league/hctuemu0a5vlci2tiefd",,20,DIV,P06,Joe,GIL269976,48493,32004749-4c26-9976-43bd-94d2ea366a3d,2019,2019,,
2022,NE,DB,CB,39,ACT,Tae Hayes,Ke'Montoe,Hayes,1997-08-19,69.0,188,Appalachian State,00-0035365,3917147,588d8e04-98dc-478a-b3ba-9e3cb58d9afc,32092,14031,35173,,21210,6310,3,"https://static.www.nfl.com/image/private/f_auto,q_auto/league/wldap37zq6plbefmntdn",CB,18,REG,A01,Tae,HAY425162,48495,32004841-5942-5162-bd4f-47f84354d3b2,2019,2019,,
2022,DET,DB,CB,29,DEV,Saivion Smith,Saivion,Smith,1997-11-05,73.0,200,Alabama,00-0035370,4035425,5f871c3c-9df8-4869-a967-9df253747a73,32097,13589,44429,,20947,6138,3,"https://static.www.nfl.com/image/private/f_auto,q_auto/league/e0ssqbzsuapfg4bgafa7",,18,REG,P02,Saivion,SMI000019,48500,3200534d-4900-0019-db1e-109ce7970c3c,2019,2019,,
2022,JAX,DB,CB,29,CUT,Brandon Rusnak,Brandon,Rusnak,1995-07-11,71.0,198,Michigan,00-0035375,3115968,095f659a-2aaa-4961-912c-66f337755787,32102,14036,51088,,21175,6244,3,"https://static.www.nfl.com/image/private/f_auto,q_auto/league/ybueg5sv7fkjpkvj7ti6",,1,REG,W03,Brandon,WAT311992,48505,32005741-5431-1992-d74e-06bd4778f147,2019,2019,,
2022,JAX,DB,FS,42,ACT,Andrew Wingard,Andrew,Wingard,1996-12-05,72.0,209,Wyoming,00-0035378,3918331,65e778fa-4639-4973-bb82-c76efa2ff309,32105,13768,49268,,21281,6416,3,"https://static.www.nfl.com/image/private/f_auto,q_auto/league/h1ugyalb5lktws8cdk0l",SAFETY,20,DIV,A01,Andrew,WIN207636,48508,32005749-4e20-7636-460a-d85b307ec0af,2019,2019,,
2022,BUF,OL,C,71,ACT,Ryan Bates,Ryan,Bates,1997-02-14,76.0,300,Penn State,00-0035382,,,,,,,,,3,"https://static.www.nfl.com/image/private/f_auto,q_auto/league/na9uslpvcbufhwt5slhs",G,20,DIV,A01,Ryan,BAT139733,48512,32004241-5413-9233-f456-c1e0e4b0a731,2019,2019,,
2022,NYJ,OL,G,65,RES,Nate Herbig,Nathaniel,Herbig,1998-07-10,76.0,334,Stanford,00-0035383,,,,,,,,,3,"https://static.www.nfl.com/image/private/f_auto,q_auto/league/gtysrmbjtyord8irysj6",,18,REG,R01,Nate,HER040461,48513,32004845-5204-0461-4e5a-52a088dadfbf,2019,2019,,
2022,PHI,OL,G,78,DEV,Iosua Opeta,Iosua,Opeta,1996-08-15,76.0,305,Weber State,00-0035384,,,,,,,,,3,"https://static.www.nfl.com/image/private/f_auto,q_auto/league/apm5o908t1shzshodp8m",,22,SB,P06,Iosua,OPE504350,48514,32004f50-4550-4350-155c-6d278d826be0,2019,2019,,
2022,PHI,LB,ILB,57,ACT,T.J. Edwards,T.J.,Edwards,1996-08-12,73.0,240,Wisconsin,00-0035386,3121544,a7b4b50a-9431-4551-89e1-6b8cb80536d7,32403,13460,30737,,20749,5960,3,"https://static.www.nfl.com/image/private/f_auto,q_auto/league/ugg2zdn9noigclexwht0",MLB,22,SB,A01,T.J.,EDW688767,48516,32004544-5768-8767-cb1e-50db2aafad56,2019,2019,,
2022,DAL,DL,DT,94,DEV,Anthony Rush,Anthony,Rush,1996-09-01,77.0,350,Alabama-Birmingham,00-0035390,4239817,65a702f3-1e60-46a3-bce9-8b4e3f939888,32408,14018,56895,,21435,6542,3,"https://static.www.nfl.com/image/private/f_auto,q_auto/league/gzp89ixndmimaowwzbtp",,20,DIV,P07,Anthony,RUS011491,48520,32005255-5301-1491-b87b-8f2c0acdf8d7,2019,2019,,
2022,TB,DB,CB,37,RES,Anthony Chesley,Anthony,Chesley,1996-05-31,72.0,190,Coastal Carolina,00-0035393,3910754,c9b2e966-bdfb-4ccb-be3c-42473f63929b,32463,14216,,,21530,6645,3,"https://static.www.nfl.com/image/private/f_auto,q_auto/league/in4fm05omsc5glrezjnj",,19,WC,R01,Anthony,CHE532910,48524,32004348-4553-2910-8240-bf63e92dea9c,2019,2019,,
2022,CIN,WR,WR,17,ACT,Stanley Morgan,Stanley,Morgan,1996-09-07,72.0,205,Nebraska,00-0035399,3699902,8f32cbe6-9c50-4bf7-9e68-057d718fb490,32469,13877,48110,MorgSt02,20886,6069,3,"https://static.www.nfl.com/image/private/f_auto,q_auto/league/jzkx5cgnjnzgi7eutmbe",FB,21,CON,A01,Stanley,MOR226706,48530,32004d4f-5222-6706-9d2c-5359857cc05f,2019,2019,,
2022,WAS,OL,G,66,DEV,Keaton Sutherland,Keaton,Sutherland,1997-02-12,77.0,315,Texas A&amp;M,00-0035400,,,,,,,,,3,"https://static.www.nfl.com/image/private/f_auto,q_auto/league/m8tpdmkicpuclsdxtkeu",,18,REG,P01,Keaton,SUT189668,48531,32005355-5418-9668-b74c-5c7337edb4f6,2019,2019,,
2022,NO,DL,DE,96,ACT,Carl Granderson,Carl,Granderson,1996-12-18,77.0,261,Wyoming,00-0035402,3918310,d9cf7aa3-71b1-4ef2-98c5-3db5d44b6f1e,32490,13784,48500,,20776,5912,3,"https://static.www.nfl.com/image/private/f_auto,q_auto/league/lf7bcvgf3f3ahine4jsv",EDGE,18,REG,A01,Carl,GRA291153,48537,32004752-4129-1153-937d-d267ab3ff20d,2019,2019,,
2022,NO,OL,T,73,RES,Ethan Greenidge,Ethan,Greenidge,1997-09-10,76.0,335,Villanova,00-0035403,,,,,,,,,3,"https://static.www.nfl.com/image/private/f_auto,q_auto/league/yksgaxuo2azomtuxznso",,18,REG,R01,Ethan,GRE557060,48538,32004752-4555-7060-646c-63d7216b146b,2019,2019,,
2022,MIA,DL,DE,96,DEV,Porter Gustin,Porter,Gustin,1997-02-08,77.0,260,Southern California,00-0035404,3912553,20395574-a767-44be-8e79-e1b15eef0f11,32492,13859,50290,,20780,5996,3,"https://static.www.nfl.com/image/private/f_auto,q_auto/league/jsfwgcqjqczgm0vqqjan",,19,WC,P02,Porter,GUS326254,48539,32004755-5332-6254-276e-fcf38195654c,2019,2019,,
2022,NE,WR,WR,83,CUT,Lil'Jordan Humphrey,Lil'Jordan,Humphrey,1998-04-19,76.0,225,Texas,00-0035406,4039057,b7f930af-ddd2-4a48-9617-96bda81b0334,32494,13565,42247,HumpLi01,20816,5938,3,"https://static.www.nfl.com/image/private/f_auto,q_auto/league/r58pqj96qunak08kld9u",,11,REG,P07,Lil'Jordan,HUM534685,48541,32004855-4d53-4685-a0a5-54fdf221bf83,2019,2019,,
2022,NO,OL,T,62,DEV,Derrick Kelly,Derrick,Kelly,1995-08-23,77.0,320,Florida State,00-0035407,,,,,,,,,3,"https://static.www.nfl.com/image/private/f_auto,q_auto/league/p34ijrberb65buc9m0xs",,18,REG,P01,Derrick,KEL541746,48542,32004b45-4c54-1746-9aba-aef28cdc563b,2019,2019,,
2022,BAL,LS,LS,46,ACT,Nick Moore,Nick,Moore,1992-12-09,74.0,250,Georgia,00-0035408,,,,,,,,,3,"https://static.www.nfl.com/image/private/f_auto,q_auto/league/i8fxitvve7faqq7gvuad",,19,WC,A01,Nick,MOO421259,48543,32004d4f-4f42-1259-aced-710282ca84f2,2019,2019,,
2022,NO,DL,DT,99,ACT,Shy Tuttle,Shyheim,Tuttle,1995-10-20,75.0,300,Tennessee,00-0035409,3886601,c8fb3887-c2bb-4038-af6f-f9b81aeee0ac,32497,14286,37279,,21422,6627,3,"https://static.www.nfl.com/image/private/f_auto,q_auto/league/j5lsugj7dny0g04hxlzw",INTERIOR_LINE,18,REG,A01,Shy,TUT703400,48544,32005455-5470-3400-6d15-44afb84d58b9,2019,2019,,
2022,NO,LB,OLB,50,ACT,Andrew Dowell,Andrew,Dowell,1996-11-16,73.0,225,Michigan State,00-0035412,3929818,8ad3600e-08b4-4390-8ce0-70065776b781,32208,14067,38956,,21445,6611,3,"https://static.www.nfl.com/image/private/f_auto,q_auto/league/r8ptpbmnneddw5mzi5sj",,18,REG,A01,Andrew,DOW352822,48554,3200444f-5735-2822-663b-618f654e2164,2019,2019,,
2022,DAL,LB,OLB,57,ACT,Luke Gifford,Luke,Gifford,1995-08-28,75.0,245,Nebraska,00-0035413,3116097,bc8260d5-231f-4337-9979-7c1c40bc6cd0,32205,14068,50675,,21449,6612,3,"https://static.www.nfl.com/image/private/f_auto,q_auto/league/p8xkostjpy4mgghoiass",,20,DIV,A01,Luke,GIF311467,48555,32004749-4631-1467-4b35-08a11fc9d22a,2019,2019,,
2022,LAC,WR,WR,15,RES,Jalen Guyton,Jalen,Guyton,1997-06-07,73.0,212,North Texas,00-0035414,3932430,ae9495b2-4c62-4e14-8e43-beb53e1ae28a,32201,13575,34164,GuytJa01,21448,6421,3,"https://static.www.nfl.com/image/private/f_auto,q_auto/league/pnvdzb1ltbxpcdzmjfe0",,19,WC,R01,Jalen,GUY706299,48556,32004755-5970-6299-fcda-7c74fd80b038,2019,2019,,
2022,CAR,DB,CB,39,CUT,Chris Westry,Chris,Westry,1997-07-10,76.0,197,Kentucky,00-0035422,3915255,ac84c815-7ed4-49b2-b84a-08cf6c016eb5,32199,13914,49401,,21174,6243,3,"https://static.www.nfl.com/image/private/f_auto,q_auto/league/voro7f8kru6evjpmctet",,1,REG,A01,Chris,WES810458,48565,32005745-5381-0458-d5b1-07a8142aecc6,2019,2019,,
2022,KC,DL,DE,92,RES,Daniel Wise,Daniel,Wise,1996-01-16,75.0,279,Kansas,00-0035423,3133368,39e4f09f-54bd-4d2c-9d71-c6e35d1bd0b0,32198,13625,48922,,21444,6423,3,"https://static.www.nfl.com/image/private/f_auto,q_auto/league/nuo4icjovb7hllqxs1q0",,22,SB,R23,Daniel,WIS074405,48566,32005749-5307-4405-796e-1ffd05814909,2019,2019,,
2022,ARI,OL,G,60,CUT,Koda Martin,Koda,Martin,1995-08-21,78.0,304,Syracuse,00-0035431,,,,,,,,,3,"https://static.www.nfl.com/image/private/f_auto,q_auto/league/xd9apsw6shzomqwqxes9",,18,REG,P01,Koda,MAR672630,48575,32004d41-5267-2630-5fc1-df0e5146d338,2019,2019,,
2022,LAC,WR,WR,11,DEV,Jason Moore,Jason,Moore,1995-06-23,75.0,215,Findlay,00-0035432,4069806,8346e196-ce56-4cfd-8438-f3c39131b327,32547,13999,91472,,21178,6247,3,"https://static.www.nfl.com/image/private/f_auto,q_auto/league/gbbc1ckeorj74mpfvstq",,19,WC,P06,Jason,MOO383538,48576,32004d4f-4f38-3538-fa20-f8cefc8d476b,2019,2019,,
2022,NE,TE,TE,87,ACT,Matt Sokol,Matthew,Sokol,1995-11-09,77.0,260,Michigan State,00-0035436,3121378,21a33144-63ee-4125-ac44-3fc911a39d50,32551,13686,47123,,21158,6233,3,"https://static.www.nfl.com/image/private/f_auto,q_auto/league/y7p7ulfzevgrkl52zbgj",TE,18,REG,A01,Matt,SOK396166,48580,3200534f-4b39-6166-657f-ea1dde35b090,2019,2019,,
2022,LV,DB,SS,33,ACT,Roderic Teamer,Roderic,Teamer,1997-05-12,72.0,205,Tulane,00-0035437,3917058,dba7bc1b-c414-404a-8845-4b0245df64a9,32552,14267,51405,,21190,6257,3,"https://static.www.nfl.com/image/private/f_auto,q_auto/league/sma7cwull7agg0gjk7dh",SLOT_CB,18,REG,A01,Roderic,TEA674843,48581,32005445-4167-4843-e554-ee79561e4e7f,2019,2019,,
2022,CIN,RB,RB,36,RES,Elijah Holyfield,Elijah,Holyfield,1997-11-30,70.0,215,Georgia,00-0035442,4035006,ebae3f19-b8bb-43d6-ae78-d21e9dc08b61,32148,13534,40065,,20809,5919,3,"https://static.www.nfl.com/image/private/f_auto,q_auto/league/gkxpxqxocxeutf0c5ae5",,21,CON,R01,Elijah,HOL799542,48586,3200484f-4c79-9542-5012-235f6662a469,2019,2019,,
2022,CLE,LB,MLB,51,RES,Jordan Kunaszyk,Jordan,Kunaszyk,1996-10-15,75.0,235,California,00-0035444,4035866,fceeeac9-470d-4864-bc19-36c5d03013b0,32151,14257,38548,,21207,6307,3,"https://static.www.nfl.com/image/private/f_auto,q_auto/league/oelu5areahfpqecehtku",,18,REG,R01,Jordan,KUN021147,48588,32004b55-4e02-1147-2aa7-6ddf28932eee,2019,2019,,
2022,DEN,RB,RB,28,RES,Damarea Crockett,Damarea,Crockett,1997-12-22,71.0,225,Missouri,00-0035448,4035102,d4f0aa89-6309-4977-b779-7501eb8c8508,32502,13559,27436,CrocDa01,21240,6334,3,"https://static.www.nfl.com/image/private/f_auto,q_auto/league/bhihbxc1ert3qwrlyx7t",,18,REG,R01,Damarea,CRO022822,48592,32004352-4f02-2822-b2de-4437d034c0ec,2019,2019,,
2022,LAC,DL,DE,44,CUT,Jamal Davis,Jamal,Davis,1995-07-09,76.0,240,Akron,00-0035449,,,,,,,,,3,"https://static.www.nfl.com/image/private/f_auto,q_auto/league/fy3grbct8c07qfhrlipj",,1,REG,W03,Jamal,DAV387017,48593,32004441-5638-7017-4dcd-8a91c534340d,2019,2019,,
2022,NO,DL,DT,95,RES,Albert Huggins,Albert,Huggins,1997-06-27,75.0,305,Clemson,00-0035455,3728248,ded35e89-0ed7-44e2-8e97-5566330e6d3d,32509,13864,36862,,20815,6026,3,"https://static.www.nfl.com/image/private/f_auto,q_auto/league/fjdtu19bcxfzwn5mwgye",,18,REG,R01,Albert,HUG083882,48599,32004855-4708-3882-ade9-6b9b7eeb5fa4,2019,2019,,
2022,CIN,WR,WR,18,DEV,Tyron Johnson,Tyron,Johnson,1996-01-08,73.0,193,Oklahoma State,00-0035457,3894912,064c4eda-1b10-40ac-a9d2-66caf76a213a,32511,13615,34427,JohnTy03,20838,6063,3,"https://static.www.nfl.com/image/private/f_auto,q_auto/league/ieumtmwamkalc5ychdkx",,21,CON,P06,Tyron,JOH711246,48601,32004a4f-4871-1246-9999-687466cf7a2a,2019,2019,,
2022,LAC,OL,G,78,DEV,Zack Bailey,Zackary,Bailey,1995-11-08,77.0,299,South Carolina,00-0035468,,,,,,,,,3,"https://static.www.nfl.com/image/private/f_auto,q_auto/league/mmmcngektkmpexof1gfb",,19,WC,P01,Zack,BAI697604,48612,32004241-4969-7604-1b25-a545ad33dc93,2019,2019,,
2022,NYJ,WR,WR,86,DEV,Malik Taylor,Malik,Taylor,1995-12-21,73.0,216,Ferris State,00-0035480,4408988,228b0dd8-3f75-4b60-90d1-59036858b8ae,32488,14002,94375,TaylMa01,21169,6239,3,"https://static.www.nfl.com/image/private/f_auto,q_auto/league/alwkf5orozddny7df17m",,18,REG,P06,Malik,TAY562175,48624,32005441-5956-2175-e41e-4ab28a6caf2f,2019,2019,,
2022,TEN,DB,DB,18,CUT,Nate Brooks,Nate,Brooks,1996-09-05,72.0,192,North Texas,00-0035485,3914477,ea8d0a80-2de3-4715-bcce-710f625ccb6a,32472,13969,49572,,21414,6634,3,"https://static.www.nfl.com/image/private/f_auto,q_auto/league/xmsp5gfknz1pbilnmjri",,7,REG,P01,Nate,BRO157182,48630,32004252-4f15-7182-bab3-e747214a60e7,2019,2019,,
2022,TEN,DB,CB,26,DEV,Kyron Brown,Kyron,Brown,1996-05-26,73.0,195,Akron,00-0035499,3125705,cf93a57e-129e-4e81-8d40-d8772ee0403c,32522,14223,49466,,21234,6328,3,"https://static.www.nfl.com/image/private/f_auto,q_auto/league/g0pvhviwjfzacsqqyl29",,18,REG,P01,Kyron,BRO522717,48645,32004252-4f52-2717-123c-1f65f56eb778,2019,2019,,
2022,ARI,WR,WR,83,ACT,Greg Dortch,Greg,Dortch,1998-05-29,67.0,173,Wake Forest,00-0035500,4037235,4484c7d1-025a-4f26-8e9b-48503afb0c68,32523,13469,42237,,21071,5970,3,"https://static.www.nfl.com/image/private/f_auto,q_auto/league/j5xmpo01eea118axwwaj",SLOT_WR,18,REG,A01,Greg,DOR793727,48646,3200444f-5279-3727-2597-c2d9a516585a,2019,2019,,
2022,CAR,OL,T,72,CUT,Wyatt Miller,Wyatt,Miller,1995-10-23,76.0,306,Central Florida,00-0035504,,,,,,,,,3,"https://static.www.nfl.com/image/private/f_auto,q_auto/league/fmlikkiatlej8j11kurg",,1,REG,A01,Wyatt,MIL625140,48650,32004d49-4c62-5140-3d19-e925cc1b7fa2,2019,2019,,
2022,NYJ,WR,WR,16,RES,Jeff Smith,Jeffrey,Smith,1997-04-21,73.0,195,Boston College,00-0035510,3929118,767b1112-c77a-4a58-89b4-30f1ffa2a497,32533,13934,48055,SmitJe03,21078,6557,3,"https://static.www.nfl.com/image/private/f_auto,q_auto/league/sdywgycu0z3p6ddkjhet",,18,REG,R01,Jeff,SMI391928,48657,3200534d-4939-1928-583c-e849e5b9954f,2019,2019,,
2022,ATL,DL,DE,94,DEV,Amani Bledsoe,Amani,Bledsoe,1998-02-06,76.0,280,Oklahoma,00-0035513,4037633,1a7d431e-f97b-4631-a067-438ed2debe24,32420,14200,42782,,21033,6043,3,"https://static.www.nfl.com/image/private/f_auto,q_auto/league/dqjxmdk8lo8td1ppi08n",,18,REG,P06,Amani,BLE167192,48663,3200424c-4516-7192-2a57-a69a9d17545f,2019,2019,,
2022,SEA,DL,NT,94,CUT,Isaiah Mack,Isaiah,Mack,1996-03-19,73.0,299,Chattanooga,00-0035519,3131784,b22c91a2-e11c-4ca2-8dd1-54c6bce8225c,32425,14204,26229,,21535,6601,3,"https://static.www.nfl.com/image/private/f_auto,q_auto/league/gtxd4a8tqz9raigt9dmc",,19,WC,W03,Isaiah,MAC301314,48669,32004d41-4330-1314-43d7-d92fabf571d3,2019,2019,,
2022,HOU,LB,OLB,50,DEV,Derick Roberson,Derick,Roberson,1995-11-15,75.0,250,Sam Houston State,00-0035521,3125126,8f442456-427c-4d96-8596-a7928074a094,32427,13774,30462,,21360,6581,3,"https://static.www.nfl.com/image/private/f_auto,q_auto/league/s5xoioubtr1wd06pdkru",,9,REG,P01,Derick,ROB069805,48671,3200524f-4206-9805-8eb3-eced7a862241,2019,2019,,
2022,PIT,LB,ILB,55,ACT,Devin Bush,Devin,Bush,1998-07-18,71.0,233,Michigan,00-0035525,4036261,ab5d4d72-fb1c-4aeb-887b-f6ca35f679bf,31842,13461,27375,BushDe01,21054,5843,3,"https://static.www.nfl.com/image/private/f_auto,q_auto/league/pzw9h0nwr9uluegc3wjw",MLB,18,REG,A01,Devin,BUS231883,47793,32004255-5323-1883-1a34-05cf13caa3d4,2019,2019,PIT,10
2022,GB,OL,G,74,ACT,Elgton Jenkins,Elgton,Jenkins,1995-12-26,77.0,310,Mississippi State,00-0035526,,,,,,,,,3,"https://static.www.nfl.com/image/private/f_auto,q_auto/league/k7nn3fj0xvyacgtgyt0z",G,18,REG,A01,Elgton,JEN117507,47827,32004a45-4e11-7507-3601-9c3adcefa1c1,2019,2019,GB,44
2022,BAL,WR,WR,83,ACT,Andy Isabella,Andrew,Isabella,1996-11-18,69.0,190,Massachusetts,00-0035527,3914328,04f9a4be-b236-4eed-9bc4-794f615ccd13,31894,13612,47448,IsabAn00,20820,5915,3,"https://static.www.nfl.com/image/private/f_auto,q_auto/league/s3repurenhwlyxci2sqy",SLOT_WR,19,WC,A01,Andy,ISA562722,47845,32004953-4156-2722-bf26-62181351a224,2019,2019,ARI,62
2022,IND,DB,SS,37,RET,Khari Willis,Khari,Willis,1996-05-07,71.0,215,Michigan State,00-0035530,3929835,26421b57-c32f-45d3-abcf-c23defaf4f2e,31941,13760,51304,WillKh00,20991,6152,3,"https://static.www.nfl.com/image/private/f_auto,q_auto/league/pgqksilohuni0rvinboo",,18,REG,R02,Khari,WIL605004,47892,32005749-4c60-5004-6791-4fe00adf2db2,2019,2019,IND,109
2022,DET,LB,OLB,2,INA,Austin Bryant,Austin,Bryant,1996-11-12,77.0,261,Clemson,00-0035531,3728253,5314292d-aac5-4fe1-be7e-8f2ddf2d45a8,31949,13843,36248,BryaAu00,21048,5942,3,"https://static.www.nfl.com/image/private/f_auto,q_auto/league/ptsybwhmeequow1m48ig",,18,REG,A01,Austin,BRY411402,47900,32004252-5941-1402-8994-7db01eac3350,2019,2019,DET,117
2022,JAX,DB,SS,22,DEV,Deionte Thompson,Deionte,Thompson,1997-02-11,73.0,196,Alabama,00-0035532,3859100,db3a0416-6758-485d-89e1-806af99e0991,31971,13586,25444,ThomDe06,20729,5866,3,"https://static.www.nfl.com/image/private/f_auto,q_auto/league/nesagd0hvjfa2b9u3yyw",,20,DIV,P07,Deionte,THO480961,47922,32005448-4f48-0961-8988-c71f3d6e032d,2019,2019,ARI,139
2022,MIN,LB,OLB,57,DEV,Ryan Connelly,Ryan,Connelly,1995-10-23,74.0,242,Wisconsin,00-0035533,3121538,598a8d06-43b3-40f2-b4e1-59e06baddf83,31975,13847,49840,ConnRy00,21011,5979,3,"https://static.www.nfl.com/image/private/f_auto,q_auto/league/tt3acxwltt6ownxfkalk",,19,WC,P07,Ryan,CON420471,47926,3200434f-4e42-0471-5698-932c94d6c8cb,2019,2019,NYG,143
2022,CIN,DB,CB,39,DEV,Marvell Tell,Marvell,Tell,1996-08-02,74.0,198,Southern California,00-0035534,3912544,8d44783d-6149-4e6c-8a5f-5fead0ec7677,31976,13764,49217,TellMa00,20961,6143,3,"https://static.www.nfl.com/image/private/f_auto,q_auto/league/ssbmon8l8wwbuedefxod",,21,CON,P06,Marvell,TEL178130,47927,32005445-4c17-8130-24c6-d9748836f714,2019,2019,IND,144
2022,NYG,WR,WR,86,ACT,Darius Slayton,Darius,Slayton,1997-01-12,73.0,190,Auburn,00-0035535,3916945,82ed30a5-54a8-4ed0-b040-99c3a78fb055,32003,13522,25578,SlayDa01,20943,6149,3,"https://static.www.nfl.com/image/private/f_auto,q_auto/league/kmarbnrywxftriufi7m8",WR,20,DIV,A01,Darius,SLA500077,47954,3200534c-4150-0077-315f-47cff2877b23,2019,2019,NYG,171
2022,MIA,OL,C,61,CUT,Lamont Gaillard,Lamont,Gaillard,1996-02-08,75.0,305,Georgia,00-0035536,,,,,,,,,3,"https://static.www.nfl.com/image/private/f_auto,q_auto/league/cykgukgpem3vwwjsxtd7",,16,REG,P06,Lamont,GAI059631,47962,32004741-4905-9631-5fbe-822cdecf1a04,2019,2019,ARI,179
2022,NYJ,RB,RB,25,ACT,Ty Johnson,Ty,Johnson,1997-09-17,70.0,210,Maryland,00-0035537,3915411,96e6687b-2b89-4dd9-98df-6e7507cd82cf,32018,13587,45769,JohnTy02,20837,6039,3,"https://static.www.nfl.com/image/private/f_auto,q_auto/league/rnnicisnd8bqwheufiel",RB,18,REG,A01,Ty,JOH000019,47969,32004a4f-4800-0019-d088-6a9e623c3c3d,2019,2019,DET,186
2022,PIT,LB,OLB,51,DEV,Emeke Egbule,Chukuemeke,Egbule,1996-10-13,74.0,245,Houston,00-0035538,3914613,c5e24b59-cafa-4174-b5dc-e02f5934fb2d,32032,13855,45378,EgbuEm00,20750,5978,3,"https://static.www.nfl.com/image/private/f_auto,q_auto/league/txkdzlmnnohajkapho5v",,18,REG,P06,Emeke,EGB563609,47983,32004547-4256-3609-4c16-f8f7341f6a5c,2019,2019,LAC,200
2022,ARI,DL,DE,91,ACT,Michael Dogbe,Michael,Dogbe,1996-05-05,75.0,284,Temple,00-0035541,3138765,cf0c253d-45bd-48f5-9602-88c3d9ca1082,32081,13709,48850,DogbMi00,21141,6304,3,"https://static.www.nfl.com/image/private/f_auto,q_auto/league/ghbwrdzqhjpvdvohurw6",INTERIOR_LINE,18,REG,A01,Michael,DOG464761,48032,3200444f-4746-4761-c419-85dd4394d0c2,2019,2019,ARI,249
2022,LAC,DB,CB,37,RES,Kemon Hall,Kemon,Hall,1997-06-02,71.0,190,North Texas,00-0035542,4243831,9e82eb73-21f0-469a-ac85-b4fde70a6a4e,32542,14307,56123,,21187,6254,3,"https://static.www.nfl.com/image/private/f_auto,q_auto/league/s3rvuz0kxjddre6s7fg6",,19,WC,R01,Kemon,HAL409771,48678,32004841-4c40-9771-8448-a68affc501e3,2019,2019,,
2022,DET,WR,WR,85,DEV,Tom Kennedy,Thomas,Kennedy,1996-07-29,70.0,194,Bryant,00-0035544,3126997,dc51b38c-dc82-44ee-a88b-764d681ce58a,32561,14246,94379,,21556,6588,3,"https://static.www.nfl.com/image/private/f_auto,q_auto/league/smmwtleq204yxkraf4z6",,18,REG,P06,Tom,KEN614625,48680,32004b45-4e61-4625-196e-f7e64d34d984,2019,2019,,
2022,KC,TE,TE,88,ACT,Joe Fortson,Joe,Fortson,1995-12-07,76.0,230,Valdosta State,00-0035547,4408854,a01ffd42-5fdb-42f8-95ab-157025e3fba8,32600,14306,94384,FortJo01,21383,6665,3,"https://static.www.nfl.com/image/private/f_auto,q_auto/league/q4wdp6zldwvcte3dcbdp",TE,22,SB,A01,Joe,FOR722821,48683,3200464f-5272-2821-1ddd-a7c086f6d6fc,2019,2019,,
2022,CHI,LB,OLB,38,CUT,Noah Dawkins,Noah,Dawkins,1997-08-13,73.0,235,Citadel,00-0035549,3911689,5a79cba5-d633-4ed0-8aa7-a244060432b3,32557,14305,35771,,21341,6666,3,"https://static.www.nfl.com/image/private/f_auto,q_auto/league/iywxb7hesnhkz8z7bnke",,1,REG,A01,Noah,DAW171306,48685,32004441-5717-1306-52a9-02351c1d692e,2019,2019,,
2022,NYG,OL,T,63,DEV,Garrett McGhin,Garrett,McGhin,1994-10-13,78.0,302,East Carolina,00-0035558,,,,,,,,,3,"https://static.www.nfl.com/image/private/f_auto,q_auto/league/qn0zsgvzv4vdshw8qe8n",,1,REG,P01,Garrett,MCG334413,48696,32004d43-4733-4413-1166-ffe5aed6ae48,2019,2019,,
2022,LV,TE,TE,80,ACT,Jesper Horsted,Jesper,Horsted,1997-02-27,75.0,237,Princeton,00-0035562,3940587,48c56733-6644-42ee-9020-07bd2deba1ad,32576,13639,91465,,20812,6075,3,"https://static.www.nfl.com/image/private/f_auto,q_auto/league/gygsbp4t2adxymvojcgs",,18,REG,A01,Jesper,HOR532134,48700,3200484f-5253-2134-c6eb-779645e4a678,2019,2019,,
2022,DET,RB,RB,46,INA,Craig Reynolds,Craig,Reynolds,1996-06-15,71.0,215,Kutztown,00-0035567,4421446,0deb1dc9-0945-470d-8352-220d26d03d7d,32596,13960,94383,,21564,6659,3,"https://static.www.nfl.com/image/private/f_auto,q_auto/league/ikblnb0nei2obulcwekt",,18,REG,A01,Craig,REY121392,48707,32005245-5912-1392-3ec5-67a384849051,2019,2019,,
2022,ATL,TE,TE,46,ACT,Parker Hesse,Parker,Hesse,1995-05-26,75.0,261,Iowa,00-0035572,3144991,5aab93f1-bc81-4d83-b105-d579a14eb349,32588,14295,48369,,21569,6662,3,"https://static.www.nfl.com/image/private/f_auto,q_auto/league/hg0zmjun7lawoofz7hr5",TE,18,REG,A01,Parker,HES209145,48723,32004845-5320-9145-a2bd-5076bab10fda,2019,2019,,
2022,PIT,LB,OLB,36,CUT,Tuzar Skipper,Tuzar,Skipper,1995-06-05,75.0,246,Toledo,00-0035579,4039521,8471f3e4-b507-4554-afbb-df333694360b,32582,14293,44583,,21578,6679,3,"https://static.www.nfl.com/image/private/f_auto,q_auto/league/eazq7vpsmixy1asto6pa",,1,REG,A01,Tuzar,SKI685515,48730,3200534b-4968-5515-6073-8c8b06bf3088,2019,2019,,
2022,MIN,OL,C,56,ACT,Garrett Bradbury,Garrett,Bradbury,1995-06-20,75.0,305,North Carolina State,00-0035588,,,,,,,,,3,"https://static.www.nfl.com/image/private/f_auto,q_auto/league/qbmh58a30nmpftdfgmjt",C,19,WC,A01,Garrett,BRA092951,47801,32004252-4109-2951-18e8-697b9ff5297c,2019,2019,MIN,18
2022,KC,WR,WR,23,CUT,Gary Jennings,Gary,Jennings,1997-03-07,73.0,215,West Virginia,00-0035589,3916071,49f9f357-e90a-45b7-9f55-fe451125149f,31952,13635,48331,JennGa00,20829,6045,3,"https://static.www.nfl.com/image/private/f_auto,q_auto/league/odrt2bxx6tzior62udce",,1,REG,A01,Gary,JEN478992,47903,32004a45-4e47-8992-361a-38518b10747e,2019,2019,SEA,120
2022,GB,LB,OLB,47,ACT,Justin Hollins,Justin,Hollins,1996-01-15,77.0,248,Oregon,00-0035591,3122678,210bfe87-1c9c-48c3-951c-81aef4b2c763,31988,13773,48498,HollJu00,20808,6076,3,"https://static.www.nfl.com/image/private/f_auto,q_auto/league/or7fi7iqeko9jmlajrfc",EDGE,18,REG,A01,Justin,HOL280071,47939,3200484f-4c28-0071-762d-8ad408d91442,2019,2019,DEN,156
2022,GB,WR,WR,86,DEV,Travis Fulgham,Travis,Fulgham,1995-09-13,74.0,215,Old Dominion,00-0035592,3139522,030f3ecf-f32f-497d-96a8-8f28d44fc311,32016,13735,48023,FulgTr00,20762,6059,3,"https://static.www.nfl.com/image/private/f_auto,q_auto/league/xe4kdnx9a9p9735nhwh5",,18,REG,P06,Travis,FUL119395,47967,32004655-4c11-9395-5f24-196b3c9defed,2019,2019,DET,184
2022,GB,WR,WR,88,DEV,Juwann Winfree,Juwann,Winfree,1996-09-04,73.0,215,Colorado,00-0035593,3128317,fa7bdbe5-23b9-4cba-9015-98c5e2d09c9e,32019,13664,38275,WinfJu00,21115,6223,3,"https://static.www.nfl.com/image/private/f_auto,q_auto/league/fty9irxwcqq7malchotw",,18,REG,P01,Juwann,WIN164177,47970,32005749-4e16-4177-922b-27ea221a4749,2019,2019,DEN,187
2022,SEA,RB,RB,25,RES,Travis Homer,Travis,Homer,1998-08-07,70.0,202,Miami,00-0035594,4037457,4afb77d8-4564-469b-be4c-5a8587df8046,32036,13484,45859,HomeTr00,20810,6012,3,"https://static.www.nfl.com/image/private/f_auto,q_auto/league/kiynmphzirzitoip2qvo",,19,WC,R01,Travis,HOM655558,47987,3200484f-4d65-5558-456b-7b9fa9f97090,2019,2019,SEA,204
2022,HOU,WR,WR,81,DEV,Alex Bachman,Alex,Bachman,1996-05-29,72.0,190,Wake Forest,00-0035602,3919510,427038d8-ff50-4d6e-a088-4fdb8bc2f0e3,32124,13911,47996,,21294,6386,3,"https://static.www.nfl.com/image/private/f_auto,q_auto/league/kwgigqsxcz8klxjfobxs",,18,REG,P01,Alex,BAC323004,48765,32004241-4332-3004-ce5a-d5891c9ae5c8,2019,2019,,
2022,KC,TE,TE,86,DEV,Kendall Blanton,Kendall,Blanton,1995-11-10,78.0,260,Missouri,00-0035603,3122103,b5e95ece-3b71-439b-b7b4-ae102f9e7c08,32125,13711,47311,,21032,6081,3,"https://static.www.nfl.com/image/private/f_auto,q_auto/league/k1xmubybjdkadx2kos8c",,22,SB,P06,Kendall,BLA763691,48766,3200424c-4176-3691-7c2a-54a56f46020c,2019,2019,,
2022,LA,DL,DT,93,ACT,Marquise Copeland,Marquise,Copeland,1997-05-09,74.0,285,Cincinnati,00-0035607,3914150,7e4f9b27-edc4-4f5c-b77a-81604220a454,32130,14014,38540,,21298,6390,3,"https://static.www.nfl.com/image/private/f_auto,q_auto/league/aon6rmjyun2xvz6jdkxz",INTERIOR_LINE,18,REG,A01,Marquise,COP391558,48770,3200434f-5039-1558-cd3f-d9833e4341a4,2019,2019,,
2022,LA,LB,ILB,43,RES,Jake Gervase,Jake,Gervase,1995-09-18,73.0,212,Iowa,00-0035609,3144988,e22127ac-1bc7-4f68-bc34-6e20f82a4c24,32603,14310,49103,,21588,6687,3,"https://static.www.nfl.com/image/private/f_auto,q_auto/league/tgzuawrs7ra52ultqahi",,18,REG,R01,Jake,GER754272,48772,32004745-5275-4272-7867-6cb7d8bc6ea4,2019,2019,,
2022,DET,LB,OLB,57,CUT,Natrez Patrick,Natrez,Patrick,1997-07-09,75.0,242,Georgia,00-0035615,3728310,92e78492-1e80-453e-ab31-862e12ffe7d7,32134,13973,49805,,20907,6055,3,"https://static.www.nfl.com/image/private/f_auto,q_auto/league/kxcrmx8tkbwqzwfpkh8y",,1,REG,A01,Natrez,PAT274147,48778,32005041-5427-4147-43cd-a3c8d402e357,2019,2019,,
2022,LAC,LB,ILB,42,ACT,Troy Reeder,Troy,Reeder,1994-09-13,75.0,245,Delaware,00-0035617,3116177,d0412c6f-ac97-420c-a9e2-1ca587c480b2,32135,14013,38268,,21332,6353,3,"https://static.www.nfl.com/image/private/f_auto,q_auto/league/jmqlindf4mthoglb7akg",SLOT_CB,19,WC,A01,Troy,REE474711,48780,32005245-4547-4711-9bd2-1aa717d57503,2019,2019,,
2022,CHI,WR,WR,83,DEV,Nsimba Webster,Nsimba,Webster,1996-01-27,70.0,180,Eastern Washington,00-0035621,3119317,bbc981ff-556b-4346-abea-f6efc0f94001,32137,14012,48107,WebsNs00,21295,6387,3,"https://static.www.nfl.com/image/private/f_auto,q_auto/league/ozrgm6uydeeuyh0ropgj",,18,REG,P07,Nsimba,WEB776382,48784,32005745-4277-6382-1e9a-d785b50acec5,2019,2019,,
2022,LA,OL,T,67,ACT,Chandler Brewer,Chandler,Brewer,1997-06-21,78.0,319,Middle Tennessee,00-0035623,,,,,,,,,3,"https://static.www.nfl.com/image/private/f_auto,q_auto/league/hilz6cseesg0qplfphcl",G,18,REG,A01,Chandler,BRE628228,48786,32004252-4562-8228-cef8-a457e52fd7b3,2019,2019,,
2022,CHI,WR,WR,8,ACT,N'Keal Harry,N'Keal,Harry,1997-12-17,76.0,225,Arizona State,00-0035624,4047839,3e6e15ce-1c81-408e-9a94-b0a2924d0b8c,31864,13425,48297,HarrNK00,20792,5878,3,"https://static.www.nfl.com/image/private/f_auto,q_auto/league/rtyhxwhkwczkl1g0pcin",WR,18,REG,A01,N'Keal,HAR654593,47815,32004841-5265-4593-d716-d972ec2d4468,2019,2019,NE,32
2022,KC,DB,FS,22,ACT,Juan Thornhill,Juan,Thornhill,1995-10-19,72.0,205,Virginia,00-0035625,3917909,73ec5a10-dd68-448e-938f-25021cbc3004,31895,13824,50426,ThorJu00,20965,6145,3,"https://static.www.nfl.com/image/private/f_auto,q_auto/league/xdehqe5ug6hjxvpij4gz",SAFETY,22,SB,A01,Juan,THO549495,47846,32005448-4f54-9495-af73-48eb17033beb,2019,2019,KC,63
2022,CLE,RB,RB,30,ACT,D'Ernest Johnson,D'Ernest,Johnson,1996-02-27,70.0,208,South Florida,00-0035628,3139602,f46e812f-14c6-4af8-9316-01a880adebc5,32608,12678,45734,JohnDE04,21593,6694,3,"https://static.www.nfl.com/image/private/f_auto,q_auto/league/hcv0lb0kp1bc7dzehu2t",,18,REG,A01,D'Ernest,JOH201643,47605,32004a4f-4820-1643-b9f5-85f0b9ca0916,2019,2019,,
2022,CIN,OL,T,73,INA,Jonah Williams,Jonah,Williams,1997-11-17,77.0,305,Alabama,00-0035629,,,,,,,,,3,"https://static.www.nfl.com/image/private/f_auto,q_auto/league/dexiwmbbprslkvelpc4h",,21,CON,A01,Jonah,WIL132676,47794,32005749-4c13-2676-fb3e-2b3d97cbfc66,2019,2019,CIN,11
2022,ATL,OL,G,63,ACT,Chris Lindstrom,Christopher,Lindstrom,1997-02-08,76.0,307,Boston College,00-0035630,,,,,,,,,3,"https://static.www.nfl.com/image/private/f_auto,q_auto/league/ufbljg7blprai7ksiux6",G,18,REG,A01,Chris,LIN451080,47797,32004c49-4e45-1080-da0b-72312551b1b2,2019,2019,ATL,14
2022,CIN,TE,TE,89,RES,Drew Sample,Drew,Sample,1996-04-16,77.0,259,Washington,00-0035631,3127310,15a4f552-ecaf-45bd-9006-aa5dda93bee6,31884,13809,47259,SampDr00,20931,6001,3,"https://static.www.nfl.com/image/private/f_auto,q_auto/league/ntw6twdepdhx64hpkph1",,21,CON,R01,Drew,SAM093961,47835,32005341-4d09-3961-4a51-98a97d3cf50f,2019,2019,CIN,52
2022,TEN,DB,FS,37,ACT,Amani Hooker,Amani,Hooker,1998-06-14,71.0,210,Iowa,00-0035632,4036134,aac96096-362f-4254-952a-5b3b04472f19,31948,13550,51378,HookAm00,20811,5908,3,"https://static.www.nfl.com/image/private/f_auto,q_auto/league/itym48dnk12rpxrvrlkd",SLOT_CB,18,REG,A01,Amani,HOO289885,47899,3200484f-4f28-9885-74ca-b4eda13809f8,2019,2019,TEN,116
2022,GB,DB,CB,35,ACT,Corey Ballentine,Corey,Ballentine,1996-04-13,72.0,196,Washburn,00-0035633,4411769,e3a4104a-ceba-4df2-b265-70843ecf1fb0,32012,13795,83833,BallCo00,21021,6283,3,"https://static.www.nfl.com/image/private/f_auto,q_auto/league/rkul0bfncyto6xijiwha",,18,REG,A01,Corey,BAL692329,47963,32004241-4c69-2329-7f6f-1def422cc400,2019,2019,NYG,180
2022,SEA,DL,DE,91,ACT,L.J. Collier,Lawrence,Collier,1995-09-12,75.0,291,Texas Christian,00-0035636,3116449,9d546e3b-0eb3-4926-a5ef-eb5e48b9330e,31861,13751,48822,CollLJ00,21008,5861,3,"https://static.www.nfl.com/image/private/f_auto,q_auto/league/gcb6cy5t8xbzjrhm1i2q",INTERIOR_LINE,19,WC,A01,L.J.,COL214397,47812,3200434f-4c21-4397-f757-46fb95d63f5e,2019,2019,SEA,29
2022,LV,DB,CB,26,RES,Rock Ya-Sin,Abdurrahman,Ya-Sin,1996-05-23,72.0,190,Temple,00-0035637,3910229,bbeb74ae-87d4-417d-ba57-670391baf8ca,31866,13474,49564,Ya-SRo00,21001,6128,3,"https://static.www.nfl.com/image/private/f_auto,q_auto/league/t3m34cqffjylcm4q2hb0",,18,REG,R01,Rock,YAS738004,47817,32005941-5373-8004-56ad-dcaf24317eb6,2019,2019,IND,34
2022,CLE,DB,CB,26,ACT,Greedy Williams,Andraez,Williams,1997-12-03,74.0,184,Louisiana State,00-0035638,4035437,54feeb01-a1d6-4313-b8b5-5663f698b5bd,31878,13485,43254,WillGr00,20985,6123,3,"https://static.www.nfl.com/image/private/f_auto,q_auto/league/iceutdd9xt1ceup5tuvy",,18,REG,A01,Greedy,WIL036342,47829,32005749-4c03-6342-9735-d6d22ef97bb8,2019,2019,CLE,46
2022,IND,WR,WR,1,ACT,Parris Campbell,Parris,Campbell,1997-07-16,72.0,205,Ohio State,00-0035639,3121410,db0c3b1c-8d18-435a-864a-cdd696f963b6,31891,13525,47940,CampPa00,21005,5880,3,"https://static.www.nfl.com/image/private/f_auto,q_auto/league/wwe99bwwendcfycnryyn",SLOT_WR,18,REG,A01,Parris,CAM230411,47842,32004341-4d23-0411-19c3-b6e460708ae9,2019,2019,IND,59
2022,SEA,WR,WR,14,ACT,DK Metcalf,DeKaylin,Metcalf,1997-12-14,76.0,230,Mississippi,00-0035640,4047650,754faf0f-40f7-45f0-b23b-6ce990ecaf26,31896,13424,47864,MetcDK00,20875,5846,3,"https://static.www.nfl.com/image/private/f_auto,q_auto/league/oa43ir8zoaiofwbupkrt",WR,19,WC,A01,DK,MET363377,47847,32004d45-5436-3377-5806-d2746f1b94aa,2019,2019,SEA,64
2022,DEN,OL,T,74,RES,Casey Tucker,Casey,Tucker,1995-09-06,78.0,315,Arizona State,00-0035641,,,,,,,,,3,"https://static.www.nfl.com/image/private/f_auto,q_auto/league/kwmcqatfne1jev0ysogl",,18,REG,R01,Casey,TUC082912,48935,32005455-4308-2912-a485-a87d59b567ed,2019,2019,,
2022,JAX,LB,OLB,41,ACT,Josh Allen,Joshua,Allen,1997-07-13,77.0,262,Kentucky,00-0035642,3915239,dd7be5f3-c615-4621-92e1-2434519cb1f9,31839,13642,50235,AlleJo03,20737,5840,3,"https://static.www.nfl.com/image/private/f_auto,q_auto/league/c1lvavhrved77o44fnol",EDGE,20,DIV,A01,Josh,ALL528759,47790,3200414c-4c52-8759-5d19-904fa0fc8823,2019,2019,JAX,7
2022,TEN,DL,DT,98,ACT,Jeffery Simmons,Jeffery,Simmons,1997-07-28,76.0,300,Mississippi State,00-0035643,4035369,dcbe3642-aa52-43e6-8f4c-4b9809377c4d,31851,13465,43742,SimmJe01,20940,6125,3,"https://static.www.nfl.com/image/private/f_auto,q_auto/league/qokq0yv3ms35lkxppwuf",INTERIOR_LINE,18,REG,A01,Jeffery,SIM204336,47802,32005349-4d20-4336-493b-a309c446eb8f,2019,2019,TEN,19
2022,SEA,TE,TE,87,ACT,Noah Fant,Noah,Fant,1997-11-20,76.0,249,Iowa,00-0035644,4036131,cdc98acc-9eb6-4b44-81bb-61d7b8a3b55f,31852,13426,42388,FantNo00,20753,5857,3,"https://static.www.nfl.com/image/private/f_auto,q_auto/league/w1gqasldrg3jumzdqjvy",TE,19,WC,A01,Noah,FAN405165,47803,32004641-4e40-5165-5070-db7e36dbc0d7,2019,2019,DEN,20
2022,PIT,WR,WR,89,ACT,Gunner Olszewski,Kaleb,Olszewski,1996-11-26,72.0,190,Bemidji State,00-0035645,4424106,625a1777-dd9a-48c6-b512-c450b0914450,32612,14318,95015,OlszGu00,21601,6699,3,"https://static.www.nfl.com/image/private/f_auto,q_auto/league/ftbidmkltqio4bn8oofc",WR,18,REG,A01,Gunner,OLS746941,48988,32004f4c-5374-6941-75b1-22a2662014a2,2019,2019,,
2022,CLE,LB,OLB,44,RES,Sione Takitaki,Sione,Takitaki,1995-06-08,73.0,238,Brigham Young,00-0035646,3138834,471db686-fa8e-484c-8525-0169b0a8f773,31912,13614,12666,TakiSi00,21108,6211,3,"https://static.www.nfl.com/image/private/f_auto,q_auto/league/p0ga7fxhgbyy406ejxfa",,18,REG,R01,Sione,TAK111241,47863,32005441-4b11-1241-9b68-3c89f1b8a042,2019,2019,CLE,80
2022,WAS,DL,DE,90,ACT,Montez Sweat,Montez,Sweat,1996-09-04,78.0,262,Mississippi State,00-0035647,3134690,e3601423-c3ac-4013-bbe9-3478e2b7e1dd,31858,13745,27271,SweaMo00,20956,6124,3,"https://static.www.nfl.com/image/private/f_auto,q_auto/league/chrg5yjwrwq5edntxmv2",EDGE,18,REG,A01,Montez,SWE034375,47809,32005357-4503-4375-fdbc-389a73a5ddc5,2019,2019,WAS,26
2022,TEN,OL,G,64,RES,Nate Davis,Nate,Davis,1996-09-23,75.0,316,North Carolina-Charlotte,00-0035649,,,,,,,,,3,"https://static.www.nfl.com/image/private/f_auto,q_auto/league/eujbntleorqo6yfykdbc",,18,REG,R01,Nate,DAV387014,47865,32004441-5638-7014-16dd-ae9208a0087f,2019,2019,TEN,82
2022,CAR,DB,CB,26,RES,Justin Layne,Justin,Layne,1998-01-12,74.0,192,Michigan State,00-0035650,4046719,4fce55c1-1afb-4667-9115-0e239b72285b,31915,13455,40160,LaynJu00,20853,5905,3,"https://static.www.nfl.com/image/private/f_auto,q_auto/league/p1s7j8ibljd0f3sjpcux",,18,REG,R03,Justin,LAY551215,47866,32004c41-5955-1215-cffc-8abcb8fc6ac5,2019,2019,PIT,83
2022,BAL,LB,OLB,45,INA,Jaylon Ferguson,Jaylon,Ferguson,1995-12-14,77.0,275,Louisiana Tech,00-0035651,3122766,4706e72c-c7ef-4fa0-b16b-e864a1085dd7,31917,13468,48362,FergJa02,20755,5879,3,"https://static.www.nfl.com/image/private/f_auto,q_auto/league/un3gtkku0prkvucz8hg8",,1,REG,A01,Jaylon,FER168492,47868,32004645-5216-8492-efe9-dfa1a1176b99,2019,2019,BAL,85
2022,CLE,DL,DE,69,ACT,Chase Winovich,Chase,Winovich,1995-04-19,75.0,251,Michigan,00-0035654,3115974,5d235c9b-8d01-44a7-a3ec-b5c7bd4491ee,31909,13655,48523,WinoCh00,20995,6133,3,"https://static.www.nfl.com/image/private/f_auto,q_auto/league/pbnpzaqm5bba9dfrtmis",EDGE,18,REG,A01,Chase,WIN475149,47860,32005749-4e47-5149-25c9-b78e6eda4b7f,2019,2019,NE,77
2022,DET,DB,SS,25,ACT,Will Harris,William,Harris,1995-12-19,73.0,207,Boston College,00-0035655,3915297,cae34950-dcb7-4021-ad21-0a8ae7cf47f1,31913,13805,51336,HarrWi02,20791,5920,3,"https://static.www.nfl.com/image/private/f_auto,q_auto/league/aj8akqbblrery4fehjrf",SLOT_CB,18,REG,A01,Will,HAR000007,47864,32004841-5200-0007-18bb-de0956128b7a,2019,2019,DET,81
2022,KC,DL,DT,99,ACT,Khalen Saunders,Khalen,Saunders,1996-08-09,72.0,324,Western Illinois,00-0035656,3121634,757c55e1-2f3a-41d2-a211-16bf577a1586,31916,13746,31534,SaunKh00,20934,6177,3,"https://static.www.nfl.com/image/private/f_auto,q_auto/league/ycckihmteowq4sk9jahp",INTERIOR_LINE,22,SB,A01,Khalen,SAU693939,47867,32005341-5569-3939-9295-450ef4e2975c,2019,2019,KC,84
2022,NE,RB,RB,37,ACT,Damien Harris,Damien,Harris,1997-02-11,71.0,215,Alabama,00-0035657,3925347,59482736-ce42-4058-b68e-0f9f66eac2d9,31919,13636,35134,HarrDa06,20790,5890,3,"https://static.www.nfl.com/image/private/f_auto,q_auto/league/fuu2lrxcgfp1tosecauj",RB,18,REG,A01,Damien,HAR311469,47870,32004841-5231-1469-57ad-03c4e9f5e495,2019,2019,NE,87
2022,WAS,WR,WR,17,ACT,Terry McLaurin,Terry,McLaurin,1995-09-15,72.0,210,Ohio State,00-0035659,3121422,7e8c4641-2beb-4213-ba22-69fe0307005f,31908,13536,48229,McLaTe00,20873,5927,3,"https://static.www.nfl.com/image/private/f_auto,q_auto/league/bxkrzih9phr5abgabo7v",WR,18,REG,A01,Terry,MCL278328,47859,32004d43-4c27-8328-8097-b130ba0e8060,2019,2019,WAS,76
2022,NO,TE,TE,47,CUT,Kahale Warring,Kahale,Warring,1997-03-23,77.0,250,San Diego State,00-0035660,3933327,a96e777e-120a-4843-8bfb-59069bd1bd52,31918,13478,37213,WarrKa00,20974,6164,3,"https://static.www.nfl.com/image/private/f_auto,q_auto/league/adrvlvekklnb2zratimi",,1,REG,A01,Kahale,WAR752700,47869,32005741-5275-2700-ebaf-ccabda046f86,2019,2019,HOU,86
2022,ARI,WR,WR,2,ACT,Marquise Brown,Marquise,Brown,1997-06-04,69.0,170,Oklahoma,00-0035662,4241372,feeee40a-dd63-41a7-89cd-6c95b5456833,31857,13502,61568,BrowMa04,21045,5848,3,"https://static.www.nfl.com/image/private/f_auto,q_auto/league/oytg4uatpjzmfrrhmt0r",WR,18,REG,A01,Marquise,BRO413218,47808,32004252-4f41-3218-bf76-54f4042e0396,2019,2019,BAL,25
2022,LA,DB,FS,24,ACT,Taylor Rapp,Taylor,Rapp,1997-12-22,72.0,208,Washington,00-0035663,4039007,1cccc54a-c168-4359-bfbc-30556db0ca73,31893,13507,51172,RappTa00,20919,5882,3,"https://static.www.nfl.com/image/private/f_auto,q_auto/league/bqgasvgeumgkhmpyjozg",SAFETY,18,REG,A01,Taylor,RAP505098,47844,32005241-5050-5098-ef4c-235f382d663d,2019,2019,LA,61
2022,JAX,RB,RB,25,CUT,Darrell Henderson,Darrell,Henderson,1997-08-19,68.0,200,Memphis,00-0035664,4039359,380c4d9b-d4c8-456c-ba50-25519edde899,31902,13450,41193,HendDa00,20798,5916,3,"https://static.www.nfl.com/image/private/f_auto,q_auto/league/trvk8n0wjne7edxbajgw",,14,REG,W03,Darrell,HEN054456,47853,32004845-4e05-4456-6f99-3e76d883b110,2019,2019,LA,70
2022,LA,DB,CB,22,ACT,David Long,David,Long,1998-02-06,71.0,196,Michigan,00-0035665,4046536,57bda6af-7324-4e96-a207-525501224c41,31911,13508,27377,LongDa02,20861,5914,3,"https://static.www.nfl.com/image/private/f_auto,q_auto/league/uf3ix6ag8m36xzbo2xta",SLOT_CB,18,REG,A01,David,LON211243,47862,32004c4f-4e21-1243-8d29-d872277bf4f7,2019,2019,LA,79
2022,MIN,OL,G,71,DEV,Bobby Evans,Bobby,Evans,1997-03-24,76.0,312,Oklahoma,00-0035666,,,,,,,,,3,"https://static.www.nfl.com/image/private/f_auto,q_auto/league/wlwycf9jwzhp9yxa5e3g",,19,WC,P07,Bobby,EVA237310,47880,32004556-4123-7310-44e4-5ca5223f4b63,2019,2019,LA,97
2022,LA,DL,NT,91,ACT,Greg Gaines,Greg,Gaines,1996-05-06,73.0,312,Washington,00-0035667,3127294,724c3e97-bd2a-4d48-850e-352829e51708,31966,13802,48706,GainGr00,20764,5981,3,"https://static.www.nfl.com/image/private/f_auto,q_auto/league/g57nifhwdplvj6tbqbq6",INTERIOR_LINE,18,REG,A01,Greg,GAI306107,47917,32004741-4930-6107-f124-700597b356aa,2019,2019,LA,134
2022,LA,OL,G,73,RES,David Edwards,David,Edwards,1997-03-20,78.0,308,Wisconsin,00-0035668,,,,,,,,,3,"https://static.www.nfl.com/image/private/f_auto,q_auto/league/hynhxlff3krtix1u90tc",,18,REG,R01,David,EDW337483,47952,32004544-5733-7483-3a0b-c9cc2e7a9e47,2019,2019,LA,169
2022,LA,DB,SS,33,RES,Nick Scott,Nicholas,Scott,1995-05-17,71.0,200,Penn State,00-0035669,3116179,4d383922-53ab-48f8-bb8a-29176ea3ffbc,32075,13958,49012,ScotNi01,21131,6301,3,"https://static.www.nfl.com/image/private/f_auto,q_auto/league/jicurwdtizf1mhrog5zi",,18,REG,R01,Nick,SCO524293,48026,32005343-4f52-4293-1bc4-f00e04d118db,2019,2019,LA,243
2022,DEN,LB,OLB,59,RES,Dakota Allen,Dakota,Allen,1995-11-02,73.0,232,Texas Tech,00-0035670,3139453,4d094a58-1cbe-4ede-abaa-cd2f1a492f0d,32083,13831,30076,AlleDa01,20736,5993,3,"https://static.www.nfl.com/image/private/f_auto,q_auto/league/xhuzrphb7os0a065r2qm",,18,REG,R01,Dakota,ALL094160,48034,3200414c-4c09-4160-356e-d20a0a6b147d,2019,2019,LA,251
2022,PIT,TE,TE,85,CUT,Jace Sternberger,Jace,Sternberger,1996-06-26,76.0,250,Texas A&amp;M,00-0035671,3917962,f808794b-3135-4f75-b46a-ba90bf6b8502,31907,13495,47081,SterJa00,20952,6139,3,"https://static.www.nfl.com/image/private/f_auto,q_auto/league/dhmgw6mercfkpyfh1mw8",,1,REG,W03,Jace,STE568639,47858,32005354-4556-8639-5a78-bfa1754fcc8f,2019,2019,GB,75
2022,SEA,LB,ILB,57,ACT,Cody Barton,Cody,Barton,1996-11-13,74.0,237,Utah,00-0035672,3926229,577dfac0-3f0b-45ee-afff-c851c6aebb1e,31920,13733,50727,BartCo00,21025,6065,3,"https://static.www.nfl.com/image/private/f_auto,q_auto/league/ohkc4qyoujxaydbfeuyo",MLB,19,WC,A01,Cody,BAR763281,47871,32004241-5276-3281-9024-f13315a94333,2019,2019,SEA,88
2022,LV,DL,DT,90,ACT,Jerry Tillery,Jerry,Tillery,1996-10-08,78.0,295,Notre Dame,00-0035674,3863182,9da6119d-b135-4b90-9f9d-7d08ab00b15d,31860,13757,49949,TillJe00,20967,6129,3,"https://static.www.nfl.com/image/private/f_auto,q_auto/league/vkzezvrcakcapdf7exqe",INTERIOR_LINE,18,REG,A01,Jerry,TIL189606,47811,32005449-4c18-9606-c437-604f05433c81,2019,2019,LAC,28
2022,PHI,WR,WR,11,ACT,A.J. Brown,Arthur,Brown,1997-06-30,73.0,226,Mississippi,00-0035676,4047646,a9e580f2-1fbe-46fb-887c-c84089b507e4,31883,13432,48327,BrowAJ00,21042,5859,3,"https://static.www.nfl.com/image/private/f_auto,q_auto/league/sb8stxfvnkedmhs6c1fx",WR,22,SB,A01,A.J.,BRO413223,47834,32004252-4f41-3223-e4c5-1e30dffa87f8,2019,2019,TEN,51
2022,LAC,DB,FS,24,ACT,Nasir Adderley,Nasir,Adderley,1997-05-31,72.0,206,Delaware,00-0035677,3912028,279be739-bfd5-47aa-8302-fc58bcba37d5,31892,13668,33880,AddeNa00,20733,5881,3,"https://static.www.nfl.com/image/private/f_auto,q_auto/league/dpvexbntnac14qw14k5d",SAFETY,19,WC,A01,Nasir,ADD172048,47843,32004144-4417-2048-c82e-d72eac396ce9,2019,2019,LAC,60
2022,DEN,DL,DE,93,RES,Dre'Mont Jones,Dre'Mont,Jones,1997-01-05,75.0,281,Ohio State,00-0035678,3915525,92c8bc67-756d-4e3c-981c-3df010e15e2d,31903,13451,28075,JoneDr00,20842,5865,3,"https://static.www.nfl.com/image/private/f_auto,q_auto/league/oynpdpcko2vzw0cadcbs",,18,REG,R01,Dre'Mont,JON263738,47854,32004a4f-4e26-3738-301d-a05e4abae41c,2019,2019,DEN,71
2022,DAL,OL,G,66,ACT,Connor McGovern,Connor,McGovern,1997-11-03,77.0,308,Penn State,00-0035679,,,,,,,,,3,"https://static.www.nfl.com/image/private/f_auto,q_auto/league/fjt2ntzhl32ojf9p8tlo",G,20,DIV,A01,Connor,MCG417420,47873,32004d43-4741-7420-d3a4-ecbbf78bc788,2019,2019,DAL,90
2022,NYJ,LB,OLB,56,ACT,Quincy Williams,Quincy,Williams,1996-08-28,71.0,226,Murray State,00-0035680,3110565,8227621d-ad2e-4dea-aef5-64d4f154adb2,31930,13982,49779,WillQu01,21109,6214,3,"https://static.www.nfl.com/image/private/f_auto,q_auto/league/p6shfd1cvr6agxunyw9u",MLB,18,REG,A01,Quincy,WIL470092,47881,32005749-4c47-0092-50a9-30e26cc391c8,2019,2019,JAX,98
2022,TB,DB,FS,32,ACT,Mike Edwards,Mike,Edwards,1996-05-18,70.0,200,Kentucky,00-0035681,3155647,b2da84c5-e51c-47d8-bccc-888f8caaa8ad,31931,13789,51282,EdwaMi01,20748,5959,3,"https://static.www.nfl.com/image/private/f_auto,q_auto/league/cxgy8z2lqu63r08qg193",SAFETY,19,WC,A01,Mike,EDW337482,47882,32004544-5733-7482-6117-be7ecaabc884,2019,2019,TB,99
2022,NYG,DL,DT,97,ACT,Dexter Lawrence,Dexter,Lawrence,1997-11-12,76.0,342,Clemson,00-0035683,4035483,31bd7a4c-8eaf-4ea3-871c-b44420c804f8,31849,13568,25991,LawrDe03,20852,5847,3,"https://static.www.nfl.com/image/private/f_auto,q_auto/league/kgeqwdgvgt1gnp96k7bj",INTERIOR_LINE,20,DIV,A01,Dexter,LAW288048,47800,32004c41-5728-8048-d62b-e09e0d1d71d6,2019,2019,NYG,17
2022,KC,DB,CB,30,CUT,Deandre Baker,Deandre,Baker,1997-09-04,71.0,180,Georgia,00-0035684,3915163,02d1b3c3-f292-4174-89fa-9ecc6286adb0,31862,13475,33356,BakeDe00,21020,5852,3,"https://static.www.nfl.com/image/private/f_auto,q_auto/league/nhs9n1ocfes6azgxoikw",,1,REG,R52,Deandre,BAK153940,47813,32004241-4b15-3940-10a0-574123606152,2019,2019,NYG,30
2022,CHI,RB,RB,32,ACT,David Montgomery,David,Montgomery,1997-06-07,71.0,222,Iowa State,00-0035685,4035538,1c9e1cd5-8cb1-4a15-a2c8-3a0c0fd5423c,31905,13556,45719,MontDa01,20882,5892,3,"https://static.www.nfl.com/image/private/f_auto,q_auto/league/sqahircgbz406rjbglpe",RB,18,REG,A01,David,MON487374,47856,32004d4f-4e48-7374-a044-7fb197b6b501,2019,2019,CHI,73
2022,MIA,OL,C,63,ACT,Michael Deiter,Michael,Deiter,1996-09-03,78.0,310,Wisconsin,00-0035686,,,,,,,,,3,"https://static.www.nfl.com/image/private/f_auto,q_auto/league/yijta2dl1dsvdl7pbi0r",,19,WC,A01,Michael,DEI137530,47861,32004445-4913-7530-3932-9da3d6c8f088,2019,2019,MIA,78
2022,IND,LB,MLB,58,ACT,Bobby Okereke,Robert,Okereke,1996-07-29,73.0,234,Stanford,00-0035687,3117253,6c338c70-42d9-4d35-bf87-04fe7e2f690a,31921,13782,50954,OkerBo00,20897,5944,3,"https://static.www.nfl.com/image/private/f_auto,q_auto/league/msyqrxwcksmkkjkfanim",MLB,18,REG,A01,Bobby,OKE400459,47872,32004f4b-4540-0459-e914-d34827147fed,2019,2019,IND,89
2022,LAC,OL,T,79,ACT,Trey Pipkins,Trey,Pipkins,1996-09-05,78.0,307,Sioux Falls,00-0035688,,,,,,,,,3,"https://static.www.nfl.com/image/private/f_auto,q_auto/league/mizbivqz6zzfgp7cviaj",T,19,WC,A01,Trey,PIP579461,47874,32005049-5057-9461-c1e8-051341a4a8d1,2019,2019,LAC,91
2022,BUF,TE,TE,88,ACT,Dawson Knox,Dawson,Knox,1996-11-14,76.0,254,Mississippi,00-0035689,3930086,5fb525c5-4e70-4ede-8c49-94ad0cf66b7d,31928,13466,35883,KnoxDa00,20850,5906,3,"https://static.www.nfl.com/image/private/f_auto,q_auto/league/ip13rlibbh1y7lejzj6t",TE,20,DIV,A01,Dawson,KNO490795,47879,32004b4e-4f49-0795-942a-0c363ee9b439,2019,2019,BUF,96
2022,LV,DL,DE,99,ACT,Clelin Ferrell,Clelin,Ferrell,1997-05-17,76.0,265,Clemson,00-0035692,3728258,108759bf-8c78-41c6-a409-b87c63985c21,31836,13649,25955,FerrCl00,20757,5842,3,"https://static.www.nfl.com/image/private/f_auto,q_auto/league/vhx1ps64hgi1edob2pgd",EDGE,18,REG,A01,Clelin,FER558663,47787,32004645-5255-8663-cd04-9e42913c7a38,2019,2019,OAK,4
2022,SEA,DB,SS,23,ACT,Johnathan Abram,Johnathan,Abram,1996-10-25,72.0,205,Mississippi State,00-0035693,3728305,26b6ac3e-facf-48eb-ae5b-afd30b2544b2,31859,13546,34646,AbraJo01,20731,5860,3,"https://static.www.nfl.com/image/private/f_auto,q_auto/league/iuoqmwsalksfcygmayr4",OLB,19,WC,A01,Johnathan,ABR159741,47810,32004142-5215-9741-f276-aebd8758d3ad,2019,2019,OAK,27
2022,MIA,OL,T,75,ACT,Greg Little,Greg,Little,1997-11-04,77.0,310,Mississippi,00-0035694,,,,,,,,,3,"https://static.www.nfl.com/image/private/f_auto,q_auto/league/dxtiydnbaibkv9qxeazu",T,19,WC,A01,Greg,LIT423164,47820,32004c49-5442-3164-c0c4-a09d5b847151,2019,2019,CAR,37
2022,DAL,DB,CB,37,CUT,Trayvon Mullen,Trayvon,Mullen,1997-09-20,74.0,200,Clemson,00-0035695,4035458,c5e92aff-ce1e-4ce0-b838-6149f8ce875f,31872,13572,41968,MullTr00,20887,5853,3,"https://static.www.nfl.com/image/private/f_auto,q_auto/league/pz4urpkczjgrqpgtysaw",,20,DIV,W03,Trayvon,MUL380585,47823,32004d55-4c38-0585-7ea5-54b5f4d9dbd8,2019,2019,OAK,40
2022,MIN,DB,CB,20,ACT,Duke Shelley,YaQuis,Shelley,1996-10-08,69.0,183,Kansas State,00-0035696,3916126,a7450b47-b784-490b-8edd-b5502f16366f,32037,13986,49569,ShelDu00,21122,6289,3,"https://static.www.nfl.com/image/private/f_auto,q_auto/league/hmuo7lgl5lzoxp6yzx29",CB,19,WC,A01,Duke,SHE331331,47988,32005348-4533-1331-6e69-c0997c803284,2019,2019,CHI,205
2022,CIN,LB,OLB,57,ACT,Germaine Pratt,Germaine,Pratt,1996-05-21,75.0,245,North Carolina State,00-0035697,3116724,ac012bab-43f3-4e8c-9cf4-0fb20ffa55a2,31904,13436,29407,PratGe00,20915,5894,3,"https://static.www.nfl.com/image/private/f_auto,q_auto/league/lncx6riuab2fcxozmoxn",MLB,21,CON,A01,Germaine,PRA635713,47855,32005052-4163-5713-12ab-3117ec02a181,2019,2019,CIN,72
2022,ATL,OL,T,71,RES,Chuma Edoga,Chuma,Edoga,1997-05-25,75.0,308,Southern California,00-0035698,,,,,,,,,3,"https://static.www.nfl.com/image/private/f_auto,q_auto/league/twzvrt0yrg3d92fewwpi",,18,REG,R01,Chuma,EDO337482,47875,32004544-4f33-7482-f251-ab502d650176,2019,2019,NYJ,92
2022,TB,DB,CB,35,ACT,Jamel Dean,Jamel,Dean,1996-10-15,73.0,206,Auburn,00-0035699,3873935,278a0811-98b8-42d2-96e9-160b7f364ae0,31926,13483,34918,DeanJa00,21064,5946,3,"https://static.www.nfl.com/image/private/f_auto,q_auto/league/uk2kuqb0pygu5c085erh",,19,WC,A01,Jamel,DEA114360,47877,32004445-4111-4360-a36f-715884a085df,2019,2019,TB,94
2022,LV,RB,RB,28,ACT,Josh Jacobs,Joshua,Jacobs,1998-02-11,70.0,220,Alabama,00-0035700,4047365,61694ab9-b099-408e-b48d-6a643dd069ec,31856,13582,45953,JacoJo01,20824,5850,3,"https://static.www.nfl.com/image/private/f_auto,q_auto/league/sagoqkubeaz5yht01ow7",RB,18,REG,A01,Josh,JAC734615,47807,32004a41-4373-4615-60ca-982d07046841,2019,2019,OAK,24
2022,DEN,OL,G,66,RES,Dalton Risner,Dalton,Risner,1995-07-13,77.0,312,Kansas State,00-0035702,,,,,,,,,3,"https://static.www.nfl.com/image/private/f_auto,q_auto/league/x0btzzzv5dw13gqwhpgf",,18,REG,R01,Dalton,RIS447993,47824,32005249-5344-7993-8f0d-2bff7b149b04,2019,2019,DEN,41
2022,PIT,WR,WR,13,ACT,Miles Boykin,Miles,Boykin,1996-10-12,76.0,220,Notre Dame,00-0035703,3932423,d1ed6f8c-1611-4695-8b48-5adce0de50dd,31925,13553,48209,BoykMi00,21037,5965,3,"https://static.www.nfl.com/image/private/f_auto,q_auto/league/sfgnvjymon1mjzk6rary",WR,18,REG,A01,Miles,BOY619498,47876,3200424f-5961-9498-9292-97cd0e3c0ce9,2019,2019,BAL,93
2022,SEA,QB,QB,2,ACT,Drew Lock,Drew,Lock,1996-11-10,76.0,228,Missouri,00-0035704,3924327,94325301-e0ad-4a9f-a0e5-ffec0f529be3,31874,13736,39517,LockDr00,20859,5854,3,"https://static.www.nfl.com/image/private/f_auto,q_auto/league/nkqhnr3mexaycazc3pin",,19,WC,A01,Drew,LOC374482,47825,32004c4f-4337-4482-904c-a47f8df1d41b,2019,2019,DEN,42
2022,ARI,DB,FS,34,ACT,Jalen Thompson,Jalen,Thompson,1998-07-18,71.0,190,Washington State,00-0035705,4043089,56992f39-70e7-4b6a-86da-0a4776504e7a,32623,14330,49116,,21635,6711,3,"https://static.www.nfl.com/image/private/f_auto,q_auto/league/v4nrtviihrcrnt461h3p",SAFETY,18,REG,A01,Jalen,THO580436,49410,32005448-4f58-0436-7201-bda0fa091308,2019,2019,ARI,132
2022,TB,LB,ILB,45,ACT,Devin White,Devin,White,1998-02-17,72.0,237,Louisiana State,00-0035707,4035434,37849d01-7d7e-4a35-8840-e17cacd73d85,31837,13611,43089,WhitDe02,20981,6119,3,"https://static.www.nfl.com/image/private/f_auto,q_auto/league/tt76i1bcukafpqzx5qtq",MLB,19,WC,A01,Devin,WHI399982,47788,32005748-4939-9982-dafe-8aace4ba0d48,2019,2019,TB,5
2022,NYG,LB,OLB,53,ACT,Oshane Ximines,Oshane,Ximines,1996-12-07,76.0,250,Old Dominion,00-0035708,3123233,9898a791-ba28-4a68-beee-ad12f61af7db,31927,13891,48538,XimiOs00,21000,6132,3,"https://static.www.nfl.com/image/private/f_auto,q_auto/league/yccyva5azajwcmxejyih",EDGE,20,DIV,A01,Oshane,XIM308281,47878,32005849-4d30-8281-ff5a-2f0f08abb7f2,2019,2019,NYG,95
2022,NYG,QB,QB,8,ACT,Daniel Jones,Daniel,Jones,1997-05-27,77.0,220,Duke,00-0035710,3917792,0042266b-cb28-4012-bfd2-06650badad97,31838,13491,39395,JoneDa05,20841,5870,3,"https://static.www.nfl.com/image/private/f_auto,q_auto/league/af6nbjqa6qubnu8oi4ms",QB,20,DIV,A01,Daniel,JON165462,47789,32004a4f-4e16-5462-39a4-3b4fa743c66f,2019,2019,NYG,6
2022,CAR,DL,DE,53,INA,Brian Burns,Brian,Burns,1998-04-23,77.0,250,Florida State,00-0035713,4035631,dbf199a9-542e-4279-8764-3341b9f80910,31848,13439,44522,BurnBr00,21052,5862,3,"https://static.www.nfl.com/image/private/f_auto,q_auto/league/y8xgcfbqwum94m7vpnih",,18,REG,A01,Brian,BUR435186,47799,32004255-5243-5186-1599-e217b39cecc8,2019,2019,CAR,16
2022,NO,RB,RB,40,DEV,Derrick Gore,Derrick,Gore,1994-12-13,69.0,212,Louisiana-Monroe,00-0035715,3925346,21b65d27-e517-4301-8a08-584f73226de8,32630,14334,32342,,21634,6753,3,"https://static.www.nfl.com/image/private/f_auto,q_auto/league/wk7zy3ceecze3ly0mj7c",,18,REG,P06,Derrick,GOR411061,49476,3200474f-5241-1061-64e1-ca027ffd3188,2019,2019,,
2022,SF,DL,DE,97,ACT,Nick Bosa,Nicholas,Bosa,1997-10-23,76.0,266,Ohio State,00-0035717,4040605,987c5e68-21d5-4bcb-a5f3-2e09cc512374,31834,13421,42741,BosaNi00,20713,5816,3,"https://static.www.nfl.com/image/private/f_auto,q_auto/league/pzdj8ys2wqjc92hafziy",EDGE,21,CON,A01,Nick,BOS073285,47785,3200424f-5307-3285-8013-e0658c01933d,2019,2019,SF,2
2022,NYJ,DL,NT,95,ACT,Quinnen Williams,Quinnen,Williams,1997-12-21,75.0,303,Alabama,00-0035718,4040982,b8e0fa49-1122-4e97-9fe2-d90f6b7cb444,31835,13584,44216,WillQu00,20989,6118,3,"https://static.www.nfl.com/image/private/f_auto,q_auto/league/sqwqtkexz4x4navofd34",INTERIOR_LINE,18,REG,A01,Quinnen,WIL132672,47786,32005749-4c13-2672-b05d-48fefa792d12,2019,2019,NYJ,3
2022,SF,WR,WR,19,ACT,Deebo Samuel,Tyshun,Samuel,1996-01-15,72.0,214,South Carolina,00-0035719,3126486,628a6a0a-4fde-4024-8d7c-28674953d5af,31868,13429,48274,SamuDe00,20932,5872,3,"https://static.www.nfl.com/image/private/f_auto,q_auto/league/ciwaktyqewczcquks4wy",WR,21,CON,A01,Deebo,SAM636097,47819,32005341-4d63-6097-eab1-34810e00be67,2019,2019,SF,36
2022,LV,RB,FB,45,ACT,Jakob Johnson,Jakob,Johnson,1994-12-15,75.0,255,Tennessee,00-0035726,3115349,12b701c8-7f40-4437-aeef-782fd1d25f2e,31826,13931,32565,JohnJa12,21100,6202,3,"https://static.www.nfl.com/image/private/f_auto,q_auto/league/nfbbcwzeoxpgpo088edv",FB,18,REG,A01,Jakob,JOH321813,47749,32004a4f-4832-1813-4b9e-cb552f1d2888,2019,2019,,
2022,WAS,DB,DB,37,CUT,DeJuan Neal,DeJuan,Neal,,72.0,190,Shepherd,00-0035737,,,,,,,,,4,"https://static.www.nfl.com/image/private/f_auto,q_auto/league/fihatrxdicm6tr0u3jl0",,1,REG,W03,DeJuan,NEA122118,49587,32004e45-4112-2118-c0c9-0110eb5d8a6e,2018,2019,,
2022,PIT,P,P,4,CUT,Cameron Nizialek,Cameron,Nizialek,,74.0,200,Georgia,00-0035742,3072765,ee894f69-ff62-4f60-a5fb-5307fce1de73,32650,14348,,,21660,6739,4,"https://static.www.nfl.com/image/private/f_auto,q_auto/league/p3yj7bwxc0fyipklbgeh",,1,REG,A01,Cameron,NIZ207645,47083,32004e49-5a20-7645-7130-f16167c5501b,2018,2019,,
2022,PHI,OL,T,64,RES,Brett Toth,Brett,Toth,1996-09-01,78.0,291,Army,00-0035743,,,,,,,,,3,"https://static.www.nfl.com/image/private/f_auto,q_auto/league/pedwqtzfzcx4wkbwgb3z",,22,SB,R04,Brett,TOT169395,47097,3200544f-5416-9395-9e76-e35c46db51e2,2019,2019,,
2022,NYJ,QB,QB,15,DEV,Chris Streveler,Chris,Streveler,1995-01-06,73.0,215,South Dakota,00-0035752,3040206,23461354-f2d7-4e36-9046-fe9cde6dd413,32662,14587,46440,,21866,6778,2,"https://static.www.nfl.com/image/private/f_auto,q_auto/league/gmxc7wwol58uicomfh9z",,18,REG,P06,Chris,STR329049,46421,32005354-5232-9049-c608-e1563b15d3b9,2020,2020,,
2022,DEN,DL,DE,90,INA,Jonathan Kongbo,Jonathan,Kongbo,1996-03-19,77.0,265,Tennessee,00-0035754,,,,,,,,,2,"https://static.www.nfl.com/image/private/f_auto,q_auto/league/x7uu70t2xmsafvmjosyi",,18,REG,A01,Jonathan,KON408541,48308,32004b4f-4e40-8541-129e-d1f4067d6a87,2020,2020,,
2022,DEN,LS,LS,46,ACT,Jacob Bobenmoyer,Jacob,Bobenmoyer,1997-05-28,74.0,235,Northern Colorado,00-0035757,,,,,,,,,2,"https://static.www.nfl.com/image/private/f_auto,q_auto/league/efnfwy2qiytxv0pvfvt2",,18,REG,A01,Jacob,BOB341461,51272,3200424f-4234-1461-1eea-1473fa99a1aa,2020,2020,,
2022,CIN,RB,RB,39,CUT,Jacques Patrick,Jacques,Patrick,1997-01-07,75.0,234,Florida State,00-0035760,3693033,e2f3af7f-dd17-44f2-a000-d487a29f0f03,32669,13964,,,20906,6108,2,"https://static.www.nfl.com/image/private/f_auto,q_auto/league/c7akgryuyuxz7wok2qcf",,1,REG,W03,Jacques,PAT244949,50963,32005041-5424-4949-c158-2b4e6545b5e3,2020,2020,,
2022,GB,K,K,17,DEV,Ramiz Ahmed,Ramiz,Ahmed,1995-07-27,72.0,170,Nevada,00-0035761,,,,,,,,,2,"https://static.www.nfl.com/image/private/f_auto,q_auto/league/fj2ecc132wadrulwk8so",,18,REG,P01,Ramiz,AHM044495,52407,32004148-4d04-4495-31ba-d0f5e8d2c50d,2020,2020,,
2022,NO,DL,DT,97,ACT,Malcolm Roach,Malcolm,Roach,1998-06-09,75.0,290,Texas,00-0035763,4039064,bb01a04e-0d54-4fc6-98c8-2b8614d07afe,33118,14726,50191,,21899,7018,2,"https://static.www.nfl.com/image/private/f_auto,q_auto/league/g8zpuwrfmhbqydnc0i45",INTERIOR_LINE,18,REG,A01,Malcolm,ROA281802,52665,3200524f-4128-1802-95c9-837e5bfc0b74,2020,2020,,
2022,NO,OL,T,76,ACT,Calvin Throckmorton,Calvin,Throckmorton,1996-08-16,77.0,318,Oregon,00-0035764,,,,,,,,,2,"https://static.www.nfl.com/image/private/f_auto,q_auto/league/hvtcblozrh2ladhtz7js",,18,REG,A01,Calvin,THR420915,52666,32005448-5242-0915-5394-37402191af19,2020,2020,,
2022,NE,TE,TE,88,DEV,Scotty Washington,Scotty,Washington,1997-07-26,77.0,225,Wake Forest,00-0035769,,,,,,,,,2,"https://static.www.nfl.com/image/private/f_auto,q_auto/league/nofet0ocd7v6fkzrzb0r",,18,REG,P02,Scotty,WAS724960,52671,32005741-5372-4960-d4f7-3f65bd7381a7,2020,2020,,
2022,CIN,TE,TE,84,ACT,Mitchell Wilcox,Mitchell,Wilcox,1996-11-07,76.0,245,South Florida,00-0035771,3923392,b2d98b60-b4b3-4610-81d2-2154c723fdbb,33171,14634,47234,,21800,6894,2,"https://static.www.nfl.com/image/private/f_auto,q_auto/league/cxh2vsypwniukuheewu0",TE,21,CON,A01,Mitchell,WIL034935,52673,32005749-4c03-4935-e05f-c421e1f6a8d9,2020,2020,,
2022,KC,DL,DE,97,CUT,Austin Edwards,Austin,Edwards,1997-08-27,77.0,280,Ferris State,00-0035779,,,,,,,,,2,"https://static.www.nfl.com/image/private/f_auto,q_auto/league/wtgrfvcwtkinvvzycba5",,1,REG,A01,Austin,EDW113688,52681,32004544-5711-3688-df0f-b3c007c0c917,2020,2020,,
2022,TEN,WR,WR,19,CUT,Juwan Green,Juwan,Green,1998-07-01,72.0,187,"Albany, N.Y.",00-0035782,,,,,,,,,2,"https://static.www.nfl.com/image/private/f_auto,q_auto/league/joa03ks6bpowve6tyk34",,1,REG,A01,Juwan,GRE298226,52684,32004752-4529-8226-220b-918735379931,2020,2020,,
2022,LV,DB,CB,37,ACT,Tyler Hall,Tyler,Hall,1998-10-31,70.0,190,Wyoming,00-0035783,4048718,74761bca-f09c-4a06-8dd4-5f3cf2a2b897,33058,14999,43958,,22190,7188,2,"https://static.www.nfl.com/image/private/f_auto,q_auto/league/dhe8tdbravsswibflrzt",SLOT_CB,18,REG,A01,Tyler,HAL551581,52685,32004841-4c55-1581-805c-c60c18836e1f,2020,2020,,
2022,LA,TE,TE,46,ACT,Jared Pinkney,Jared,Pinkney,1997-08-21,76.0,255,Vanderbilt,00-0035787,3915772,3d2f2c64-3d4e-461b-a3e7-677f74e6c5f8,33064,14632,47214,,21676,6834,2,"https://static.www.nfl.com/image/private/f_auto,q_auto/league/nlrnmh2xxbrsapemjlgh",TE,18,REG,A01,Jared,PIN630259,52689,32005049-4e63-0259-69b3-c5896132dc03,2020,2020,,
2022,DEN,LB,ILB,43,ACT,Ray Wilborn,Ray,Wilborn,1997-04-01,76.0,224,Ball State,00-0035790,4361650,91584998-260d-4d2e-a154-e4b6f7886ff0,33067,15001,77573,,22187,7185,2,"https://static.www.nfl.com/image/private/f_auto,q_auto/league/w9rkplch2g3kj3fmquwm",,18,REG,A01,Ray,WIL001413,52692,32005749-4c00-1413-6b8a-1fa2f3d93770,2020,2020,,
2022,PIT,DB,CB,42,ACT,James Pierre,James,Pierre,1996-09-16,74.0,185,Florida Atlantic,00-0035795,4259252,6e0bbdc7-fa74-41d2-b3de-4eaa8e670f87,32939,14439,60649,,22068,7419,2,"https://static.www.nfl.com/image/private/f_auto,q_auto/league/a9ahipzxiqlhjw6hipns",CB,18,REG,A01,James,PIE568615,52697,32005049-4556-8615-e463-2015c1729e2f,2020,2020,,
2022,WAS,DL,DT,62,CUT,Tyler Clark,Tyler,Clark,,76.0,300,Georgia,00-0035796,,,,,,,,,2,"https://static.www.nfl.com/image/private/f_auto,q_auto/league/dvnmvdvemeiqxk6ptlft",,1,REG,W03,Tyler,CLA581029,52698,3200434c-4158-1029-918b-873d3c253e2a,2020,2020,,
2022,ATL,DL,DT,69,CUT,Darrion Daniels,Darrion,Daniels,1997-12-04,76.0,325,Nebraska,00-0035802,3919607,9b747474-db7f-4137-a559-38402c828139,33195,14551,48659,,22074,6975,2,"https://static.www.nfl.com/image/private/f_auto,q_auto/league/ufknlgpbtctzc74vmnhl",,1,REG,W03,Darrion,DAN528377,52704,32004441-4e52-8377-3371-84a3b53a11ff,2020,2020,,
2022,CHI,WR,WR,17,CUT,Chris Finke,Chris,Finke,,69.0,184,Notre Dame,00-0035803,,,,,,,,,2,"https://static.www.nfl.com/image/private/f_auto,q_auto/league/naev2k2tmejax6i6oau9",,1,REG,W03,Chris,FIN247065,52705,32004649-4e24-7065-a5b2-34d1ae43a249,2020,2020,,
2022,DEN,LB,ILB,50,RES,Jonas Griffith,Jonas,Griffith,1997-01-27,76.0,250,Indiana State,00-0035804,3908558,5180ecc5-bbd9-42b6-b227-c5efdb53cf80,33197,15013,35858,,22401,7421,2,"https://static.www.nfl.com/image/private/f_auto,q_auto/league/a9gsapwnw148k0ymlyuq",,18,REG,R01,Jonas,GRI439579,52706,32004752-4943-9579-7b0e-1758c2b3271a,2020,2020,,
2022,JAX,RB,RB,22,ACT,Jamycal Hasty,Jamycal,Hasty,1996-09-12,68.0,205,Baylor,00-0035806,3928925,c6c50d09-f14f-41c2-9eb3-87514f0121f6,33199,14392,25582,HastJa02,21765,6996,2,"https://static.www.nfl.com/image/private/f_auto,q_auto/league/cny5zdqbqkimr4ypua1x",RB,20,DIV,A01,Jamycal,HAS766320,52708,32004841-5376-6320-3668-fe378d3d0a54,2020,2020,,
2022,SF,RB,RB,40,CUT,Josh Hokit,Josh,Hokit,1997-11-12,73.0,225,Fresno State,00-0035807,,,,,,,,,2,"https://static.www.nfl.com/image/private/f_auto,q_auto/league/jazmz8lm6hogimedq4wi",,1,REG,A01,Josh,HOK415291,52709,3200484f-4b41-5291-4d1e-90a448dda493,2020,2020,,
2022,BUF,DB,FS,36,INA,Jared Mayden,Jared,Mayden,1998-06-24,72.0,205,Alabama,00-0035808,4040975,cec656f2-7a0b-4993-9489-7a0cef088c0f,33201,14780,43058,,22103,7027,2,"https://static.www.nfl.com/image/private/f_auto,q_auto/league/irl6be9rabzybfki5fps",,20,DIV,A01,Jared,MAY289049,52710,32004d41-5928-9049-dc85-306cbb28b23a,2020,2020,,
2022,LA,QB,QB,17,DEV,Case Cookus,Stephen,Cookus,1995-10-06,76.0,205,Northern Arizona,00-0035812,,,,,,,,,2,,,18,REG,P01,Case,COO354912,52714,3200434f-4f35-4912-142a-53bbdea75b07,2020,2020,,
2022,NO,DL,DE,60,DEV,Niko Lalos,Nikolas,Lalos,1997-06-25,77.0,270,Dartmouth,00-0035816,4030955,b03240e5-759e-4e09-aa70-8fabe877f322,33051,15006,106295,,22367,7381,2,"https://static.www.nfl.com/image/private/f_auto,q_auto/league/oj5kpko4j2cdgpgd9ucz",,18,REG,P01,Niko,LAL564972,52718,32004c41-4c56-4972-5dee-b77fae3f6868,2020,2020,,
2022,LA,TE,TE,47,CUT,Kyle Markway,Kyle,Markway,1997-03-04,76.0,250,South Carolina,00-0035817,,,,,,,,,2,"https://static.www.nfl.com/image/private/f_auto,q_auto/league/uovflatvhdxmkpvsi8be",,1,REG,A01,Kyle,MAR263328,52719,32004d41-5226-3328-eb8c-9a2f3229fb90,2020,2020,,
2022,BAL,WR,WR,81,INA,Binjimen Victor,Binjimen,Victor,1997-01-15,76.0,199,Ohio State,00-0035819,4040628,630e6b5d-0486-4bc3-a919-1f02687c1291,33040,14529,42198,,21722,6939,2,"https://static.www.nfl.com/image/private/f_auto,q_auto/league/fd4npq9cfobunfjfz1kg",,19,WC,A01,Binjimen,VIC736878,52721,32005649-4373-6878-37f4-721982513493,2020,2020,,
2022,DEN,P,P,17,ACT,Corliss Waitman,Corliss,Waitman,1995-07-21,74.0,210,South Alabama,00-0035821,3125280,32b2d6f6-a636-4d73-927c-361c1aa809f5,32942,15012,,,22218,7215,2,"https://static.www.nfl.com/image/private/f_auto,q_auto/league/sjudvcmcyqrm4qpsajap",,18,REG,A01,Corliss,WAI672660,52723,32005741-4967-2660-f329-c5f5b1000c8c,2020,2020,,
2022,MIN,TE,TE,82,RES,Ben Ellefson,Ben,Ellefson,1996-09-01,75.0,250,North Dakota State,00-0035823,3930900,ca393469-d587-4bf7-905d-838e960de851,33124,14864,27766,ElleBe00,22284,7288,2,"https://static.www.nfl.com/image/private/f_auto,q_auto/league/obeiese68connhihpmln",,19,WC,R01,Ben,ELL037269,52725,3200454c-4c03-7269-3d84-7d77ef928fa1,2020,2020,,
2022,NE,WR,WR,80,CUT,Josh Hammond,Josh,Hammond,1998-07-24,72.0,194,Florida,00-0035826,,,,,,,,,2,"https://static.www.nfl.com/image/private/f_auto,q_auto/league/o2dsxwygen2iqfheouio",,1,REG,W03,Josh,HAM541398,52728,32004841-4d54-1398-3b59-97eea93c1191,2020,2020,,
2022,JAX,LS,LS,46,ACT,Ross Matiscik,Ross,Matiscik,1996-09-13,72.0,235,Baylor,00-0035827,,,,,,,,,2,"https://static.www.nfl.com/image/private/f_auto,q_auto/league/zqcmfy6oefq2qsmgeup9",,20,DIV,A01,Ross,MAT311216,52729,32004d41-5431-1216-15da-218deca7223e,2020,2020,,
2022,LAC,OL,T,74,DEV,Austen Pleasants,Austen,Pleasants,1997-08-22,79.0,312,Ohio,00-0035829,,,,,,,,,2,"https://static.www.nfl.com/image/private/f_auto,q_auto/league/iujctae4bettoljd90zn",,19,WC,P01,Austen,PLE683631,52731,3200504c-4568-3631-c357-40b3f228b41d,2020,2020,,
2022,DET,DB,SS,20,CUT,J.R. Reed,Jake,Reed,1996-03-11,73.0,195,Georgia,00-0035830,3917012,4c577f09-a082-43f8-b249-c821350302dc,33135,14689,38339,,21935,7046,2,"https://static.www.nfl.com/image/private/f_auto,q_auto/league/mmvqivcf55qwzxkcjb5i",,8,REG,P06,J.R.,REE316552,52732,32005245-4531-6552-c702-9c1c635c3be5,2020,2020,,
2022,NYJ,RB,RB,23,INA,James Robinson,James,Robinson,1998-08-09,69.0,220,Illinois State,00-0035831,4052042,5fc196a1-2015-49c7-85b2-1adbd2c33cf5,33138,14660,22425,RobiJa00,21970,6955,2,"https://static.www.nfl.com/image/private/f_auto,q_auto/league/ljncffeh5fst4r98izx3",,18,REG,A01,James,ROB521367,52733,3200524f-4252-1367-7b21-7f5516b913bf,2020,2020,,
2022,HOU,OL,G,73,DEV,Tre'Vour Wallace-Simms,Tre'Vour,Wallace-Simms,1997-09-25,77.0,336,Missouri,00-0035832,,,,,,,,,2,"https://static.www.nfl.com/image/private/f_auto,q_auto/league/tzvd4rb6nkswafoycrhk",,18,REG,P01,Tre'Vour,WAL505488,52734,32005741-4c50-5488-38ba-f611a7a64235,2020,2020,,
2022,JAX,RB,RB,31,CUT,Nathan Cottrell,Nathan,Cottrell,1996-08-02,71.0,193,Georgia Tech,00-0035835,3917812,bc43e18a-c2f9-4e49-a90c-41a95cffa736,33123,14773,45980,,22441,7466,2,"https://static.www.nfl.com/image/private/f_auto,q_auto/league/p87tgkwcrzbzwdvzbjfn",,1,REG,A01,Nathan,COT675449,52737,3200434f-5467-5449-8608-4fb38fb6bf7d,2020,2020,,
2022,WAS,WR,WR,18,CUT,Matt Cole,Matthew,Cole,1996-11-07,70.0,200,McKendree,00-0035838,4041703,da92303d-1419-4cde-aa52-b120635f364a,33236,14914,113168,,22340,7352,2,,,1,REG,W03,Matt,COL152528,52740,3200434f-4c15-2528-d9ea-21e5c6fc9e2f,2020,2020,,
2022,TB,OL,T,68,CUT,Jonathan Hubbard,Jonathan,Hubbard,1997-08-17,76.0,292,"Northwestern State, La.",00-0035839,,,,,,,,,2,,,1,REG,A01,Jonathan,HUB225590,52741,32004855-4222-5590-b632-1e7a06275da8,2020,2020,,
2022,DET,DL,DT,94,ACT,Benito Jones,Benito,Jones,1997-11-27,73.0,329,Mississippi,00-0035841,4035299,e9746156-842c-475e-806d-4bcb26032e3b,33239,14715,44035,,21868,6999,2,"https://static.www.nfl.com/image/private/f_auto,q_auto/league/ka6ejrf9hptbsafv4tym",INTERIOR_LINE,18,REG,A01,Benito,JON078068,52743,32004a4f-4e07-8068-1dcd-55aeb628d977,2020,2020,,
2022,NO,WR,WR,33,INA,Kirk Merritt,Kirk,Merritt,1997-01-05,73.0,210,Arkansas State,00-0035844,3915145,521f597a-0709-4cc4-afab-72d93eccb5fc,33242,14861,35096,,22339,7351,2,"https://static.www.nfl.com/image/private/f_auto,q_auto/league/lrixuukk1wxvulscykqs",,18,REG,A01,Kirk,MER588036,52746,32004d45-5258-8036-bea5-f05d64af123f,2020,2020,,
2022,IND,WR,WR,12,CUT,DeMichael Harris,DeMichael,Harris,1998-07-12,69.0,175,Southern Mississippi,00-0035848,4374496,18a3fb57-3220-4fa3-af42-20e179ec896f,33215,15020,84418,,22276,7279,2,"https://static.www.nfl.com/image/private/f_auto,q_auto/league/mrren8m5euy8x1amvqus",,8,REG,P01,DeMichael,HAR363794,52750,32004841-5236-3794-1557-02b15003919e,2020,2020,,
2022,ARI,K,K,15,CUT,Rodrigo Blankenship,Rodrigo,Blankenship,1997-01-29,73.0,191,Georgia,00-0035849,3915165,c8bbff7b-3b6e-413f-8945-24c01bfd84c5,33211,14437,,,22112,7062,2,"https://static.www.nfl.com/image/private/f_auto,q_auto/league/a6b0gseld2arwmuol6xx",,9,REG,W03,Rodrigo,BLA736676,52751,3200424c-4173-6676-c104-923707f16021,2020,2020,,
2022,IND,DL,DE,92,ACT,Kameron Cline,Kameron,Cline,1998-02-19,76.0,270,South Dakota,00-0035850,4041572,8f36321c-c317-40ce-ae09-fca8694083b4,33212,15021,28668,,22278,7281,2,"https://static.www.nfl.com/image/private/f_auto,q_auto/league/e3wkkfhtmniltxgczoca",EDGE,18,REG,A01,Kameron,CLI440207,52752,3200434c-4944-0207-e4b4-2ea3ce1a78e9,2020,2020,,
2022,IND,OL,G,61,RES,Carter O'Donnell,Carter,O'Donnell,1998-12-23,77.0,315,"Alberta, Can.",00-0035853,,,,,,,,,2,"https://static.www.nfl.com/image/private/f_auto,q_auto/league/go7vu5eqggstqzwongpk",,18,REG,R01,Carter,ODO534448,52755,32004f44-4f53-4448-5a2b-c46b1d4f5d92,2020,2020,,
2022,IND,DL,DT,95,INA,Chris Williams,Christopher,Williams,1998-06-16,74.0,305,Wagner,00-0035857,4034530,a1be5d02-d5c4-42f6-8749-7ac2ff2a6f09,33220,15025,87178,,22279,7283,2,"https://static.www.nfl.com/image/private/f_auto,q_auto/league/gtughsovvtwwsz2koylq",,18,REG,A01,Chris,WIL186900,52759,32005749-4c18-6900-2d7a-32459237ff20,2020,2020,,
2022,MIA,DB,DB,34,DEV,Tino Ellis,Tino,Ellis,1997-10-15,73.0,195,Maryland,00-0035858,,,,,,,,,2,"https://static.www.nfl.com/image/private/f_auto,q_auto/league/ts0idhg5wvbp6wcx76ns",,19,WC,P01,Tino,ELL645298,52760,3200454c-4c64-5298-76a6-9eaad8154901,2020,2020,,
2022,NO,P,P,4,ACT,Blake Gillikin,Blake,Gillikin,1998-01-21,74.0,196,Penn State,00-0035859,4045180,53213f81-77ad-48d0-9d42-00e3633b0e90,33112,14868,,,22442,7467,2,"https://static.www.nfl.com/image/private/f_auto,q_auto/league/ckw44lai8v5fmpjxf4jp",,18,REG,A01,Blake,GIL272181,52761,32004749-4c27-2181-1ded-dd496483a40d,2020,2020,,
2022,SEA,RB,RB,32,INA,Tony Jones,Tony,Jones,1997-11-24,71.0,225,Notre Dame,00-0035860,4046676,83d4c4c3-3c40-49b1-8b86-25d256a0b5ad,33114,14423,40498,JoneTo04,21774,6984,2,"https://static.www.nfl.com/image/private/f_auto,q_auto/league/gt7wlotzxfyg08hcax8c",,19,WC,A01,Tony,JON764018,52762,32004a4f-4e76-4018-3eec-a5a491649382,2020,2020,,
2022,DEN,DB,CB,34,ACT,Essang Bassey,Essang,Bassey,1998-09-12,70.0,190,Wake Forest,00-0035862,4037216,34853ce3-5e1f-4b23-b730-6f51444291ac,32932,14738,45258,,22086,6925,2,"https://static.www.nfl.com/image/private/f_auto,q_auto/league/adhttavazrje7fjkijjo",SLOT_CB,18,REG,A01,Essang,BAS665944,52764,32004241-5366-5944-41e9-4e9b3c786828,2020,2020,,
2022,DEN,WR,WR,9,INA,Kendall Hinton,Kendall,Hinton,1997-02-19,72.0,195,Wake Forest,00-0035864,3700815,0830e644-2d6e-446b-9da6-57d7e3472fcd,32929,14593,34045,HintKe00,22213,7210,2,"https://static.www.nfl.com/image/private/f_auto,q_auto/league/jfkiipuusxstakvm94nw",,18,REG,A01,Kendall,HIN746231,52766,32004849-4e74-6231-69c6-0e70f3bcbc44,2020,2020,,
2022,SF,WR,WR,81,CUT,Austin Mack,Austin,Mack,1997-08-31,74.0,215,Ohio State,00-0035869,4040623,126811e0-f856-49c2-b36d-15e71e06f4c0,33039,14546,28070,,21862,6873,2,"https://static.www.nfl.com/image/private/f_auto,q_auto/league/qk5juh2luljb99zduv7w",,1,REG,W03,Austin,MAC270480,52771,32004d41-4327-0480-65ea-96ca579628ff,2020,2020,,
2022,ARI,WR,WR,82,ACT,Andre Baccellia,Andre,Baccellia,1997-01-07,70.0,175,Washington,00-0035876,3886809,58266b36-fa48-4f51-b41c-909bf82748f3,32943,14942,47901,,22234,7233,2,"https://static.www.nfl.com/image/private/f_auto,q_auto/league/jmis7hocuh9j4ou3o4v5",WR,18,REG,A01,Andre,BAC133180,52778,32004241-4313-3180-7b1e-26db2b1b1ffe,2020,2020,,
2022,TEN,DB,DB,40,CUT,Rodney Clemons,Rodney,Clemons,1996-12-28,72.0,205,Southern Methodist,00-0035878,,,,,,,,,2,"https://static.www.nfl.com/image/private/f_auto,q_auto/league/iqbxrh7gmrmxwuw9fiaa",,1,REG,A01,Rodney,CLE519413,52780,3200434c-4551-9413-d258-3b7f7697ae1d,2020,2020,,
2022,CIN,DB,CB,38,CUT,Javaris Davis,Javaris,Davis,1996-12-26,70.0,186,Auburn,00-0035880,,f1eaad31-8784-4db3-b52d-ea0fe22761dd,,14721,49432,,22064,6974,2,"https://static.www.nfl.com/image/private/f_auto,q_auto/league/lugtri8msr6qg64n0nin",,1,REG,W03,Javaris,DAV431675,52782,32004441-5643-1675-7c61-4a271b0e28a5,2020,2020,,
2022,NO,OL,G,79,DEV,Yasir Durant,Yasir,Durant,1998-05-21,79.0,330,Missouri,00-0035881,,,,,,,,,2,"https://static.www.nfl.com/image/private/f_auto,q_auto/league/rtwn4i4e7hnctktngha2",,18,REG,P02,Yasir,DUR132653,52783,32004455-5213-2653-b89f-50b1fcdd3e31,2020,2020,,
2022,LAC,WR,WR,80,CUT,Maurice Ffrench,Maurice,Ffrench,1998-01-01,71.0,200,Pittsburgh,00-0035883,4036055,7c9e5221-50be-4c58-89f9-aa61cf67ed25,32944,14943,,,22235,7234,2,"https://static.www.nfl.com/image/private/f_auto,q_auto/league/uyhv8s8fjussx1idbxss",,1,REG,A01,Maurice,FRE611271,52785,32004652-4561-1271-db94-3154ac4746af,2020,2020,,
2022,CLE,DB,DB,35,RES,Lavert Hill,Lavert,Hill,1998-10-03,71.0,181,Michigan,00-0035885,,,,,,,,,2,"https://static.www.nfl.com/image/private/f_auto,q_auto/league/frwxoxkkegyccvw5bgop",,1,REG,W03,Lavert,HIL488310,52787,32004849-4c48-8310-d037-4d75095af724,2020,2020,,
2022,KC,P,P,5,ACT,Tommy Townsend,Tommy,Townsend,1996-11-12,73.0,176,Florida,00-0035889,3915398,edfc712a-54f7-4c34-a838-c50c14dbf7dc,32960,14574,33007,,22300,7307,2,"https://static.www.nfl.com/image/private/f_auto,q_auto/league/p6a6clrf7aciv6r7rv6x",,22,SB,A01,Tommy,TOW774004,52791,3200544f-5777-4004-6a3d-849812aa5a32,2020,2020,,
2022,KC,DL,DT,98,RES,Tershawn Wharton,Tershawn,Wharton,1998-06-25,73.0,255,Missouri S&amp;T,00-0035890,4058925,632a8382-27d6-45ae-b3d2-a37157e09ab7,32952,15077,40292,,22295,7301,2,"https://static.www.nfl.com/image/private/f_auto,q_auto/league/xwqbffiiinqhyej49yu0",,22,SB,R01,Tershawn,WHA652597,52792,32005748-4165-2597-7e56-c95ad40cb5e9,2020,2020,,
2022,PIT,WR,WR,15,DEV,Cody White,Cody,White,1998-11-28,75.0,210,Michigan State,00-0035891,4241983,d25a19a7-7de6-4476-b42a-833c8c3cb208,32948,14495,61448,,21964,7039,2,"https://static.www.nfl.com/image/private/f_auto,q_auto/league/xpv5qwbkx76dwlbcjybi",,18,REG,P06,Cody,WHI144160,52793,32005748-4914-4160-9964-e514adfb9bc8,2020,2020,,
2022,JAX,OL,C,60,DEV,Darryl Williams,Darryl,Williams,1997-06-10,74.0,305,Mississippi State,00-0035892,,,,,,,,,2,"https://static.www.nfl.com/image/private/f_auto,q_auto/league/rhlscpiy7nxrkennikxy",,20,DIV,P01,Darryl,WIL207540,52794,32005749-4c20-7540-b6f6-23254773e78b,2020,2020,,
2022,CIN,LB,OLB,49,ACT,Joe Bachie,Joe,Bachie,1998-02-26,74.0,235,Michigan State,00-0035895,4036507,c44bdac4-0732-4f94-8bae-df47ecec5656,33108,14735,43250,,21913,7014,2,"https://static.www.nfl.com/image/private/f_auto,q_auto/league/jgcx29azs7at5h8denbr",,21,CON,A01,Joe,BAC270111,52797,32004241-4327-0111-97d1-5cf69e400f71,2020,2020,,
2022,CAR,RB,RB,32,CUT,Darius Bradwell,Darius,Bradwell,1997-05-15,73.0,230,Tulane,00-0035898,4040640,06f3e98d-7d73-4007-b673-4a74ed72bda3,32975,14919,46445,,21826,7316,2,"https://static.www.nfl.com/image/private/f_auto,q_auto/league/w5otea9c6r0jzkaetcoj",,1,REG,A01,Darius,BRA324004,52800,32004252-4132-4004-3aa0-a2c4e95caeee,2020,2020,,
2022,CIN,DB,CB,39,INA,John Brannon,John,Brannon,1998-03-10,74.0,195,Western Carolina,00-0035899,,,,,,,,,2,"https://static.www.nfl.com/image/private/f_auto,q_auto/league/ipe9t4f1v826kqfgucwa",,1,REG,A01,John,BRA603409,52801,32004252-4160-3409-a022-11a35dfac0d2,2020,2020,,
2022,KC,LB,ILB,48,DEV,Cole Christiansen,Cole,Christiansen,1997-07-30,73.0,225,Army,00-0035900,4036959,ae372a9d-6f85-4e37-a910-47fd77483ebc,32977,15080,43856,,22321,7329,2,"https://static.www.nfl.com/image/private/f_auto,q_auto/league/oltvfp8xy2cacln8bmsq",,22,SB,P01,Cole,CHR366354,52802,32004348-5236-6354-c8ce-2c8fe7b2564d,2020,2020,,
2022,GB,WR,WR,82,DEV,Jeff Cotton,Jeff,Cotton,1997-04-17,74.0,204,Idaho,00-0035901,,,,,,,,,2,"https://static.www.nfl.com/image/private/f_auto,q_auto/league/rkyj3dzvohvwzopkfgnc",,18,REG,P01,Jeff,COT501581,52803,3200434f-5450-1581-3aa5-8402eafca9b6,2020,2020,,
2022,LAC,DL,DE,92,RES,Joe Gaziano,Joseph,Gaziano,1996-09-27,76.0,275,Northwestern,00-0035903,3915990,bab100c6-1a6c-4411-9286-f719244f5d35,32982,15065,27949,,22317,7325,2,"https://static.www.nfl.com/image/private/f_auto,q_auto/league/iakzkfpjk11ak9vuqtci",,19,WC,R01,Joe,GAZ426541,52805,32004741-5a42-6541-8d4c-9d136fb0020f,2020,2020,,
2022,CIN,OL,G,66,DEV,Nathan Gilliam,Nathan,Gilliam,1997-07-06,76.0,300,Wake Forest,00-0035904,,,,,,,,,2,"https://static.www.nfl.com/image/private/f_auto,q_auto/league/hojvuz4s2jl3pkmsrgx9",,21,CON,P01,Nathan,GIL561889,52806,32004749-4c56-1889-d0f1-2c1cc584ad9c,2020,2020,,
2022,ARI,DL,DE,53,CUT,Jessie Lemonier,Jessie,Lemonier,1997-01-31,75.0,240,Liberty,00-0035906,4365493,ba760d2d-a35a-4f9c-912d-05217aff53ab,32985,15083,82302,,22316,7324,2,"https://static.www.nfl.com/image/private/f_auto,q_auto/league/tx5jovbyswo3z4vnkmrt",,1,REG,A01,Jessie,LEM720479,52808,32004c45-4d72-0479-7d67-07445ea0909f,2020,2020,,
2022,LAC,RB,FB,40,CUT,Gabe Nabers,Gabe,Nabers,1997-11-05,75.0,243,Florida State,00-0035908,4035611,538cf938-8f65-435f-b8fd-2856ce5c4e6d,32987,15093,40117,,22310,7318,2,"https://static.www.nfl.com/image/private/f_auto,q_auto/league/dbxerjvfk8aqe26t0eny",,1,REG,W03,Gabe,NAB326300,52810,32004e41-4232-6300-a247-ad8c4e71ad61,2020,2020,,
2022,MIN,DL,DT,50,DEV,T.J. Smith,T.J.,Smith,1997-04-19,75.0,290,Arkansas,00-0035910,3916917,39fd7f0b-4be2-4fe4-b228-65c9e5442552,32991,14770,36851,,22319,7327,2,"https://static.www.nfl.com/image/private/f_auto,q_auto/league/xbdmpbdjn1emkbarphfo",,19,WC,P01,T.J.,SMI754580,52812,3200534d-4975-4580-eef8-03be1f441848,2020,2020,,
2022,LA,DL,DE,98,DEV,T.J. Carter,T.J.,Carter,1998-09-15,76.0,289,Kentucky,00-0035916,,,,,,,,,2,,,18,REG,P01,T.J.,CAR748191,52818,32004341-5274-8191-58ff-f9e79184ad43,2020,2020,,
2022,TEN,RB,RB,33,ACT,Jonathan Ward,Jonathan,Ward,1997-09-30,72.0,202,Central Michigan,00-0035924,4039274,1dc6b133-355f-451e-856f-d02839681578,33088,15106,25859,WardJo00,21782,7087,2,"https://static.www.nfl.com/image/private/f_auto,q_auto/league/bomxfhviglzejmdgmbfb",RB,18,REG,A01,Jonathan,WAR231319,52826,32005741-5223-1319-7a39-25c10d8660c9,2020,2020,,
2022,DET,DB,DB,33,ACT,Jarren Williams,Jarren,Williams,1997-07-18,71.0,187,"Albany, N.Y.",00-0035925,3911073,66d74e2b-9a7f-406f-97db-b5b82f0c4cd2,33090,15103,,,22172,7170,2,"https://static.www.nfl.com/image/private/f_auto,q_auto/league/jyncwypja37urniugmp6",,18,REG,A01,Jarren,WIL346524,52827,32005749-4c34-6524-3eea-6e0cbc31d122,2020,2020,,
2022,LAC,DL,NT,96,ACT,Breiden Fehoko,Breiden,Fehoko,1996-10-15,75.0,295,Louisiana State,00-0035927,3674831,e735b2ad-8c89-450b-8241-3f602016b897,32980,15081,49589,,22318,7326,2,"https://static.www.nfl.com/image/private/f_auto,q_auto/league/rgtzatik55w8szxej7yo",INTERIOR_LINE,19,WC,A01,Breiden,FEH509675,52829,32004645-4850-9675-93f4-9385135e1a57,2020,2020,,
2022,ARI,DL,DT,69,ACT,Eric Banks,Eric,Banks,1998-01-30,77.0,270,Texas-San Antonio,00-0035928,4040703,cddaa0c5-2d55-47cf-93aa-cfa344604710,33247,15015,45507,,22329,7341,2,"https://static.www.nfl.com/image/private/f_auto,q_auto/league/tqxvkgcnkzkzpjxxlcig",INTERIOR_LINE,18,REG,A01,Eric,BAN376964,52830,32004241-4e37-6964-1758-69ef84d91b4d,2020,2020,,
2022,LA,DL,DT,97,ACT,Michael Hoecht,Michael,Hoecht,1997-10-05,76.0,310,Brown,00-0035933,4033234,073d1bf8-7a0e-4c2f-b890-dbbd47978737,33252,15087,108840,,22330,7342,2,"https://static.www.nfl.com/image/private/f_auto,q_auto/league/l2a49zjwnnag881es6oj",EDGE,18,REG,A01,Michael,HOE044723,52835,3200484f-4504-4723-13bf-fb6f90a44f74,2020,2020,,
2022,MIN,WR,WR,9,DEV,Trishton Jackson,Trishton,Jackson,1998-03-09,73.0,191,Syracuse,00-0035934,4046715,9a2cd41e-a6e8-42d6-aad4-65c42939d733,33253,14402,41247,,21725,7009,2,"https://static.www.nfl.com/image/private/f_auto,q_auto/league/oqbli5py0w5ws8usjsdf",,19,WC,P01,Trishton,JAC607133,52836,32004a41-4360-7133-62ad-85715aaa5a52,2020,2020,,
2022,LA,WR,WR,17,RES,J.J. Koski,Jared,Koski,1996-12-27,73.0,195,Cal Poly,00-0035935,3910287,ccf4746d-903a-4d51-8874-30953a304a84,33254,14926,47918,,22327,7339,2,"https://static.www.nfl.com/image/private/f_auto,q_auto/league/bs9joz6ljl29xmpjimjg",,18,REG,R01,J.J.,KOS317129,52837,32004b4f-5331-7129-96c1-cfa884b2caff,2020,2020,,
2022,LA,QB,QB,16,ACT,Bryce Perkins,Bryce,Perkins,1996-12-20,75.0,215,Virginia,00-0035939,3675812,da837572-0558-4946-9af4-aeb11582cca8,33258,14429,35299,,21819,7335,2,"https://static.www.nfl.com/image/private/f_auto,q_auto/league/mouuxpmyg8wgcrtfc0tr",,18,REG,A01,Bryce,PER151670,52841,32005045-5215-1670-3a5f-ed85c4dd47b3,2020,2020,,
2022,LA,LB,ILB,56,ACT,Christian Rozeboom,Christian,Rozeboom,1997-01-30,74.0,230,South Dakota State,00-0035942,3909013,49abd11f-fe2b-4d15-99ed-f316d2ec67e1,33261,15090,,,22334,7346,2,"https://static.www.nfl.com/image/private/f_auto,q_auto/league/hq37xnebtedbgsvyf3s7",EDGE,18,REG,A01,Christian,ROZ049834,52844,3200524f-5a04-9834-196a-747537daff33,2020,2020,,
2022,LA,DL,DT,92,ACT,Jonah Williams,Jonah,Williams,1995-08-17,77.0,275,Weber State,00-0035944,4032481,d92a275a-a102-4768-965b-60fffe155288,33263,14980,44597,,22332,7344,2,"https://static.www.nfl.com/image/private/f_auto,q_auto/league/qew2fzehyvhp89yurb6u",INTERIOR_LINE,18,REG,A01,Jonah,WIL385174,52846,32005749-4c38-5174-f257-0dbf37fd035c,2020,2020,,
2022,SEA,DL,DE,95,ACT,Myles Adams,Myles,Adams,1998-03-09,74.0,285,Rice,00-0035946,4039164,e6d6138f-1081-457b-9d89-dc9cd0ab9598,33131,14965,28430,,22224,7222,2,"https://static.www.nfl.com/image/private/f_auto,q_auto/league/yfejqb1tjkht5kue8y7x",INTERIOR_LINE,19,WC,A01,Myles,ADA519905,52848,32004144-4151-9905-70d2-92877257b064,2020,2020,,
2022,KC,WR,WR,85,CUT,Omar Bayless,Omar,Bayless,1996-12-15,75.0,207,Arkansas State,00-0035947,3917166,488cf673-fb92-4701-abd0-4641987642ee,33132,14585,,,21963,7080,2,"https://static.www.nfl.com/image/private/f_auto,q_auto/league/dg5104dnpxg8d81giy3l",,1,REG,A01,Omar,BAY124587,52849,32004241-5912-4587-7ad0-576961982cf1,2020,2020,,
2022,CAR,DB,FS,38,ACT,Myles Hartsfield,Myles,Hartsfield,1997-08-05,71.0,211,Mississippi,00-0035950,4035290,87e59fe7-8744-4318-a41e-53a18d1f9647,33139,14968,49159,,22228,7226,2,"https://static.www.nfl.com/image/private/f_auto,q_auto/league/xf35olrjn9df5erpjjso",SAFETY,18,REG,A01,Myles,HAR747000,52852,32004841-5274-7000-2681-61b2c7e4e65d,2020,2020,,
2022,CAR,OL,G,66,CUT,Mike Horton,Mike,Horton,1996-10-07,76.0,325,Auburn,00-0035952,,,,,,,,,2,"https://static.www.nfl.com/image/private/f_auto,q_auto/league/xsh4eojorp4ruwfup0vm",,1,REG,W03,Mike,HOR627054,52854,3200484f-5262-7054-cb9b-1f2844eacfa1,2020,2020,,
2022,CAR,TE,TE,45,ACT,Giovanni Ricci,Giovanni,Ricci,1996-10-16,75.0,240,Western Michigan,00-0035956,3916749,689de342-1d99-4a4d-976d-f6573ef3a8c2,33151,14785,13756,,21732,7216,2,"https://static.www.nfl.com/image/private/f_auto,q_auto/league/qsctpaxzee0wraf4tnms",TE,18,REG,A01,Giovanni,RIC034905,52858,32005249-4303-4905-5c9b-5f914021fdf3,2020,2020,,
2022,CAR,OL,C,68,INA,Sam Tecklenburg,Sam,Tecklenburg,1997-01-31,76.0,310,Baylor,00-0035958,,,,,,,,,2,"https://static.www.nfl.com/image/private/f_auto,q_auto/league/xw5zcucejauxhxag4jys",,18,REG,A01,Sam,TEC415291,52860,32005445-4341-5291-e791-99bea6776d00,2020,2020,,
2022,GB,LB,ILB,51,ACT,Krys Barnes,Krystopher,Barnes,1998-04-02,74.0,235,UCLA,00-0035961,4035817,fc081a72-124d-4648-86a4-45aebb95a5ba,33221,14572,42548,,22266,7268,2,"https://static.www.nfl.com/image/private/f_auto,q_auto/league/hdht0rbyosuubxtvt6wm",MLB,18,REG,A01,Krys,BAR322104,52863,32004241-5232-2104-f3fe-bea526d8e0a2,2020,2020,,
2022,IND,DB,SS,36,DEV,Henry Black,Henry,Black,1997-01-03,72.0,204,Baylor,00-0035962,3928920,959f035c-b8ce-45a3-bbe3-fda439c1e9f1,33222,15070,25687,,22269,7271,2,"https://static.www.nfl.com/image/private/f_auto,q_auto/league/vmzpmpwymbcmaaa5zfe9",,18,REG,P06,Henry,BLA065504,52864,3200424c-4106-5504-33e0-03bac43274b8,2020,2020,,
2022,GB,LB,OLB,40,CUT,Tipa Galeai,Tipa,Galeai,1997-02-26,77.0,235,Utah State,00-0035965,3676832,fa797d7d-4537-4e2e-8fd1-cd8831894092,33225,15072,50275,,21891,6981,2,"https://static.www.nfl.com/image/private/f_auto,q_auto/league/blwenldenlptx2vlnver",,17,REG,W03,Tipa,GAL184715,52867,32004741-4c18-4715-5346-6811b9b5e915,2020,2020,,
2022,TB,DL,DT,93,DEV,Willington Previlon,Willington,Previlon,1997-05-19,77.0,295,Rutgers,00-0035969,,,,,,,,,2,"https://static.www.nfl.com/image/private/f_auto,q_auto/league/amutxxovxlwfn5jhah3q",,19,WC,P01,Willington,PRE787321,52871,32005052-4578-7321-5738-0cb5416c1d0e,2020,2020,,
2022,LV,DB,DB,34,CUT,Stanford Samuels,Stanford,Samuels,1999-02-23,74.0,185,Florida State,00-0035970,4240024,c1bbdfa3-5171-4018-a812-1dddacb3b421,33231,14405,55893,,22069,6916,2,"https://static.www.nfl.com/image/private/f_auto,q_auto/league/tzxzdsuukq3ch4khtnue",,1,REG,A01,Stanford,SAM723337,52872,32005341-4d72-3337-4007-65a70fbc0494,2020,2020,,
2022,CAR,DL,DE,91,DEV,Delontae Scott,Delontae,Scott,1997-01-21,77.0,250,Southern Methodist,00-0035971,,,,,,,,,2,"https://static.www.nfl.com/image/private/f_auto,q_auto/league/avqwy4ruedlxmygcgkyf",,9,REG,P01,Delontae,SCO231185,52873,32005343-4f23-1185-e3c1-49ea440f32d8,2020,2020,,
2022,GB,RB,RB,27,ACT,Patrick Taylor,Patrick,Taylor,1998-04-29,74.0,223,Memphis,00-0035973,4039358,ef87e355-8e0c-40ed-a85d-bca4896d4f1e,33235,14573,40448,,21823,6963,2,"https://static.www.nfl.com/image/private/f_auto,q_auto/league/zatlunvvodyrlwhataxo",,18,REG,A01,Patrick,TAY610553,52875,32005441-5961-0553-917c-3a56e5a4c26c,2020,2020,,
2022,MIA,RB,RB,48,DEV,Jake Bargas,Jake,Bargas,1996-11-28,74.0,250,North Carolina,00-0035975,,,,,,,,,2,"https://static.www.nfl.com/image/private/f_auto,q_auto/league/j7qrc1mequrdhyrirpty",,19,WC,P01,Jake,BAR134396,52877,32004241-5213-4396-e5d4-c0eef5bc822d,2020,2020,,
2022,MIN,WR,WR,85,DEV,Dan Chisena,Daniel,Chisena,1997-02-25,75.0,202,Penn State,00-0035976,3929637,92529995-41e9-48db-b429-c96540ad357b,33023,14889,34061,,22345,7357,2,"https://static.www.nfl.com/image/private/f_auto,q_auto/league/rdwaz1lxsnau6f72fj8x",,19,WC,P06,Dan,CHI740772,52878,32004348-4974-0772-c54b-516781f1edea,2020,2020,,
2022,MIN,DB,SS,46,DEV,Myles Dorn,Myles,Dorn,1998-06-25,74.0,210,North Carolina,00-0035979,4037511,e11eff18-b567-47c2-99e6-f4c6bc3d10c3,33029,14598,49299,,22353,7366,2,"https://static.www.nfl.com/image/private/f_auto,q_auto/league/vpgb60paptcfiiaq89f7",,19,WC,P06,Myles,DOR153736,52881,3200444f-5215-3736-1d36-4e4bbe4d7d11,2020,2020,,
2022,IND,TE,TE,89,DEV,Nakia Griffin-Stewart,Nakia,Griffin-Stewart,1996-11-12,77.0,260,Pittsburgh,00-0035981,,,,,,,,,2,"https://static.www.nfl.com/image/private/f_auto,q_auto/league/mkihwa5yvpmazcghrlbu",,6,REG,P01,Nakia,GRI385385,52883,32004752-4938-5385-3a1c-a5a37beb2c67,2020,2020,,
2022,ARI,LB,OLB,55,DEV,Blake Lynch,Blake,Lynch,1997-02-14,75.0,225,Baylor,00-0035984,3892773,299cb403-1cea-48da-baaa-b55510a6b78b,33034,14906,47621,,22352,7364,2,"https://static.www.nfl.com/image/private/f_auto,q_auto/league/apnweecm9o0tnjtudq6t",,18,REG,P06,Blake,LYN072058,52886,32004c59-4e07-2058-e0db-1e8b54df7e6e,2020,2020,,
2022,LAC,DL,DT,50,ACT,David Moa,David,Moa,1996-06-14,75.0,296,Boise State,00-0035985,3127587,0d5c19ee-8165-4af0-a3ff-f5dc54bef046,33035,15117,50012,,22350,7362,2,"https://static.www.nfl.com/image/private/f_auto,q_auto/league/n95d4esakuqldwgt1i3v",INTERIOR_LINE,19,WC,A01,David,MOA193801,52887,32004d4f-4119-3801-2372-bd6322c21abf,2020,2020,,
2022,SEA,WR,WR,13,CUT,Aaron Fuller,Aaron,Fuller,1997-09-30,71.0,188,Washington,00-0035987,4039000,df2caa7b-29f4-4391-8ce0-b1b711196379,33267,14638,47537,,21751,6967,2,"https://static.www.nfl.com/image/private/f_auto,q_auto/league/omqoxbzqhwpafubfvwi5",,1,REG,W03,Aaron,FUL162222,52889,32004655-4c16-2222-ab2f-1703561bd361,2020,2020,,
2022,CHI,TE,TE,44,CUT,Rysen John,Rysen,John,1997-12-20,79.0,220,Simon Fraser,00-0035991,,,,,,,,,2,"https://static.www.nfl.com/image/private/f_auto,q_auto/league/yux7enbuldygvurxvanh",,1,REG,A01,Rysen,JOH007684,52893,32004a4f-4800-7684-ba4c-c567a83bbfaa,2020,2020,,
2022,BAL,OL,C,63,INA,Trystan Colon,Trystan,Colon,1998-03-23,75.0,315,Missouri,00-0035992,,,,,,,,,2,"https://static.www.nfl.com/image/private/f_auto,q_auto/league/rx9fclcbchxv1kbgdsqh",,19,WC,A01,Trystan,COL747687,52894,3200434f-4c74-7687-5343-cc39a681538c,2020,2020,,
2022,BAL,QB,QB,2,ACT,Tyler Huntley,Tyler,Huntley,1998-02-03,73.0,205,Utah,00-0035993,4035671,7c226f73-a59f-4db6-ad98-2766d05d4d5a,32993,14563,46448,,21810,7083,2,"https://static.www.nfl.com/image/private/f_auto,q_auto/league/nlcdo3v59eznspvifbas",QB,19,WC,A01,Tyler,HUN827417,52895,32004855-4e82-7417-d100-b3300558f77d,2020,2020,,
2022,HOU,DB,DB,35,ACT,Grayland Arnold,Grayland,Arnold,1997-09-04,70.0,190,Baylor,00-0035995,4035389,d6969476-95dc-42e4-9cd1-a1e8ae6973ff,32961,14491,43528,,22065,7051,2,"https://static.www.nfl.com/image/private/f_auto,q_auto/league/z2fwxhnslwyp9cv3e4rh",,18,REG,A01,Grayland,ARN459888,52897,32004152-4e45-9888-34a6-5eb801ef26d6,2020,2020,,
2022,PHI,OL,T,61,RES,Julian Good-Jones,Julian,Good-Jones,1997-03-02,77.0,308,Iowa State,00-0035997,,,,,,,,,2,"https://static.www.nfl.com/image/private/f_auto,q_auto/league/ex43sltyv53nvzrqmvhl",,22,SB,R23,Julian,GOO274998,52899,3200474f-4f27-4998-29ea-98f8250307c9,2020,2020,,
2022,LAC,DB,CB,39,DEV,Michael Jacquet,Michael,Jacquet,1997-01-29,73.0,201,Louisiana-Lafayette,00-0035998,3917576,8dde622e-645e-4e89-85b1-a8aca7bdfd7e,32964,14875,47826,,22389,7405,2,"https://static.www.nfl.com/image/private/f_auto,q_auto/league/zdihzu6zw4gheb2rxhhj",,19,WC,P01,Michael,JAC807582,52900,32004a41-4380-7582-eda7-fc5d687f2551,2020,2020,,
2022,PIT,DB,DB,37,ACT,Elijah Riley,Elijah,Riley,1998-06-12,71.0,205,Army,00-0036002,4036924,8782ad19-a41a-455d-84f9-aa64f7038ee6,32968,14498,44440,,22390,7406,2,"https://static.www.nfl.com/image/private/f_auto,q_auto/league/g5t5t9x8pvofryxyuzvh",,18,REG,A01,Elijah,RIL160303,52904,32005249-4c16-0303-926b-26c83b962081,2020,2020,,
2022,PHI,TE,TE,83,DEV,Noah Togiai,Noah,Togiai,1997-07-06,76.0,246,Oregon State,00-0036005,3930298,86707c8e-fec4-4ebe-9111-4d3ad238ad43,32970,14843,47282,,21796,7404,2,"https://static.www.nfl.com/image/private/f_auto,q_auto/league/evxzsdrwsxqg5jobzl0r",,22,SB,P01,Noah,TOG307886,52907,3200544f-4730-7886-9671-81fc84e55269,2020,2020,,
2022,CAR,DL,DT,92,DEV,Raequan Williams,Raequan,Williams,1997-02-14,76.0,303,Michigan State,00-0036007,3929834,96d75855-2d83-4e13-b395-846d6aaaadec,32973,14722,27300,,21895,6933,2,"https://static.www.nfl.com/image/private/f_auto,q_auto/league/bbx4ea6gbdwtly5jg4nn",,18,REG,P01,Raequan,WIL471387,52909,32005749-4c47-1387-5582-1340be65607c,2020,2020,,
2022,LV,DB,DB,36,DEV,Jalen Elliott,Jalen,Elliott,1998-07-07,72.0,210,Notre Dame,00-0036010,4046680,f90ce4a1-b876-4114-958a-e90768761749,33189,14699,51071,,21930,6902,2,"https://static.www.nfl.com/image/private/f_auto,q_auto/league/agrte01q8ilarobbl4tk",,18,REG,P01,Jalen,ELL297270,52912,3200454c-4c29-7270-91a3-1980f08d9a17,2020,2020,,
2022,DET,DB,FS,27,RES,Bobby Price,Bobby,Price,1998-04-25,75.0,205,Norfolk State,00-0036011,4030779,b80be347-fd65-4a40-bdad-e11c75bded39,33190,14849,91112,,22258,7259,2,"https://static.www.nfl.com/image/private/f_auto,q_auto/league/taralutfxegbij2tznhc",,18,REG,R01,Bobby,PRI058145,52913,32005052-4905-8145-5e25-8f7c3c4592e7,2020,2020,,
2022,PHI,P,P,8,ACT,Arryn Siposs,Arryn,Siposs,1992-11-25,74.0,212,Auburn,00-0036013,4371989,fbae56c0-6400-4d46-9e76-621fc0d5fdd7,33192,14748,,,22260,7261,2,"https://static.www.nfl.com/image/private/f_auto,q_auto/league/nupme5dvkjzy9yqobona",,22,SB,A01,Arryn,SIP459786,52915,32005349-5045-9786-3e48-7b370e881b3e,2020,2020,,
2022,GB,LS,LS,46,CUT,Steven Wirtel,Steven,Wirtel,1997-10-03,76.0,235,Iowa State,00-0036014,,,,,,,,,2,"https://static.www.nfl.com/image/private/f_auto,q_auto/league/gcsm3pugtannqqvxorcr",,1,REG,A01,Steven,WIR617746,52916,32005749-5261-7746-4bf4-18d28fcac9f5,2020,2020,,
2022,TEN,OL,G,68,DEV,Zack Johnson,Zachary,Johnson,1997-01-19,78.0,315,North Dakota State,00-0036015,,,,,,,,,2,"https://static.www.nfl.com/image/private/f_auto,q_auto/league/aqqxfbgskoeja4l91chd",,18,REG,P01,Zack,JOH789501,52917,32004a4f-4878-9501-901c-5d7edd091483,2020,2020,,
2022,MIA,RB,RB,26,ACT,Salvon Ahmed,Salvon,Ahmed,1998-12-29,71.0,196,Washington,00-0036020,4243315,0dbbd211-0372-4751-9751-e4df4ab1f8eb,33265,14453,57472,AhmeSa01,21843,6918,2,"https://static.www.nfl.com/image/private/f_auto,q_auto/league/ahce6f3ivtptwksjqb3m",RB,19,WC,A01,Salvon,AHM088990,52922,32004148-4d08-8990-8df4-f46ca7aff75b,2020,2020,,
2022,NYJ,DB,CB,33,RES,Zane Lewis,Zane,Lewis,1998-04-06,73.0,190,Air Force,00-0036021,,,,,,,,,2,"https://static.www.nfl.com/image/private/f_auto,q_auto/league/sgs7pzznhfcwwahq0rfc",,18,REG,R04,Zane,LEW813722,52923,32004c45-5781-3722-3e88-aad1d1716acd,2020,2020,,
2022,DET,QB,QB,19,DEV,Steven Montez,Steven,Montez,1997-01-14,77.0,230,Colorado,00-0036022,3915436,d446443f-130c-4bce-a300-a15cf66f27f1,33207,14393,46465,,21809,7013,2,"https://static.www.nfl.com/image/private/f_auto,q_auto/league/tbupgx2dwrivv4xghgik",,18,REG,P01,Steven,MON409509,52924,32004d4f-4e40-9509-35da-f0de6079a6e7,2020,2020,,
2022,CIN,TE,TE,81,DEV,Thaddeus Moss,Thaddeus,Moss,1998-05-14,75.0,249,Louisiana State,00-0036023,4036189,309b8104-8407-4365-989a-f726251714a7,33208,14524,47191,,21955,6919,2,"https://static.www.nfl.com/image/private/f_auto,q_auto/league/ih7q7285lzfxt0n1bx37",,1,REG,P01,Thaddeus,MOS723035,52925,32004d4f-5372-3035-30a4-e64d97cdc93c,2020,2020,,
2022,DET,OL,T,66,DEV,Darrin Paulo,Darrin,Paulo,1997-03-05,75.0,315,Utah,00-0036024,,,,,,,,,2,"https://static.www.nfl.com/image/private/f_auto,q_auto/league/wkr1gg5buebzy6m87dai",,18,REG,P01,Darrin,PAU615581,52926,32005041-5561-5581-e4f7-3df91bf058b3,2020,2020,,
2022,HOU,RB,RB,30,RES,Darius Anderson,Darius,Anderson,1997-09-10,71.0,212,Texas Christian,00-0036027,4038533,9a5ebed1-839d-40f9-a86e-ba9c65c7c7e6,33098,14565,45958,,21792,7038,2,"https://static.www.nfl.com/image/private/f_auto,q_auto/league/sv0rtxc3iulfljgcbbir",,18,REG,R01,Darius,AND175991,52929,3200414e-4417-5991-8952-1c622018c083,2020,2020,,
2022,NE,LB,OLB,44,CUT,Ron'Dell Carter,Ron'Dell,Carter,1997-07-03,75.0,269,James Madison,00-0036029,3930024,2e9e0b4e-d7f6-4d9b-850f-e1a5a8e17a5b,33103,14920,36346,,22253,7253,2,"https://static.www.nfl.com/image/private/f_auto,q_auto/league/cc5uuhuvtvkmi1q1ii83",,9,REG,P01,Ron'Dell,CAR721714,52931,32004341-5272-1714-ca97-331a7bcd7931,2020,2020,,
2022,GB,LB,OLB,54,DEV,Ladarius Hamilton,Ladarius,Hamilton,1998-01-18,74.0,260,North Texas,00-0036030,4039075,ef978985-2123-411b-85bd-c59c04618dbd,33104,14723,50192,,21904,6962,2,"https://static.www.nfl.com/image/private/f_auto,q_auto/league/reertkarzxaguz8w1mux",,18,REG,P01,Ladarius,HAM248543,52932,32004841-4d24-8543-2480-623994881972,2020,2020,,
2022,DAL,TE,TE,84,ACT,Sean McKeon,Sean,McKeon,1997-12-28,77.0,246,Michigan,00-0036032,4036275,0f369885-8ecd-4ca0-a3dc-df8530a0db6e,33101,14478,42266,,21781,6964,2,"https://static.www.nfl.com/image/private/f_auto,q_auto/league/ovviej33huiebzvqaonw",FB,20,DIV,A01,Sean,MCK347771,52934,32004d43-4b34-7771-1f47-b2b98c9a4c48,2020,2020,,
2022,KC,WR,WR,21,CUT,Aaron Parker,Aaron,Parker,1998-05-21,75.0,191,Rhode Island,00-0036034,4032749,08df3736-14f2-465e-af74-cdcdebe19a66,33095,14642,48124,,21969,7091,2,"https://static.www.nfl.com/image/private/f_auto,q_auto/league/lpinw5giijn5y4lailxz",,1,REG,W03,Aaron,PAR132756,52936,32005041-5213-2756-fb6f-611d29b03893,2020,2020,,
2022,DAL,OL,T,78,RES,Terence Steele,Terence,Steele,1997-06-04,78.0,310,Texas Tech,00-0036036,,,,,,,,,2,"https://static.www.nfl.com/image/private/f_auto,q_auto/league/kf9bywg75db1qjkkzsfp",,20,DIV,R01,Terence,STE068762,52938,32005354-4506-8762-2112-8a35d38bedbd,2020,2020,,
2022,CAR,DB,SS,42,ACT,Sam Franklin,Sam,Franklin,1996-02-02,75.0,210,Temple,00-0036037,4044133,3b1bb0da-607a-4502-8855-8ab5095334da,33137,14931,43580,,22226,7224,2,"https://static.www.nfl.com/image/private/f_auto,q_auto/league/wdfpc9d262dfo6fqw9di",SAFETY,18,REG,A01,Sam,FRA535794,52939,32004652-4153-5794-c210-ab205b290b14,2020,2020,,
2022,NO,TE,TE,83,ACT,Juwan Johnson,Juwan,Johnson,1996-09-13,76.0,231,Oregon,00-0036040,3929645,0226b03b-f91d-4223-9813-9fcd2e9c3acc,33113,14630,28305,JohnJu02,21738,7002,2,"https://static.www.nfl.com/image/private/f_auto,q_auto/league/kew8v8rgrtbefvnxpl0a",TE,18,REG,A01,Juwan,JOH398789,52942,32004a4f-4839-8789-b667-8ea48cd31497,2020,2020,,
2022,ARI,DB,CB,39,ACT,Jace Whittaker,Jace,Whittaker,1995-07-16,71.0,185,Arizona,00-0036043,3821572,528bf5c9-1d23-40c3-adda-df21f8f0e2ab,33089,14793,50465,,22171,7169,2,"https://static.www.nfl.com/image/private/f_auto,q_auto/league/qklqzam7wwoa2g06qsf9",CB,18,REG,A01,Jace,WHI731978,52945,32005748-4973-1978-c9e1-7e8b86144cb0,2020,2020,,
2022,TB,LB,OLB,49,RES,Cam Gill,Cameron,Gill,1997-12-14,75.0,240,Wagner,00-0036045,4034496,112b95ea-d080-4aa7-bedc-5755c6c6b80c,33272,14917,33560,,22429,7451,2,"https://static.www.nfl.com/image/private/f_auto,q_auto/league/o3drcxfcxgeqhny6omgo",,19,WC,R01,Cam,GIL284053,52947,32004749-4c28-4053-402c-98d5b77b4100,2020,2020,,
2022,ARI,DB,DB,32,CUT,Javon Hagan,Javon,Hagan,1997-02-22,72.0,215,Ohio,00-0036046,,,,,,,,,2,"https://static.www.nfl.com/image/private/f_auto,q_auto/league/s2vs6tgopxphfyms4wmd",,1,REG,A01,Javon,HAG041731,52948,32004841-4704-1731-a6a4-1109adf4e3ef,2020,2020,,
2022,TB,OL,G,75,ACT,John Molchon,John,Molchon,1997-02-02,77.0,318,Boise State,00-0036048,,,,,,,,,2,"https://static.www.nfl.com/image/private/f_auto,q_auto/league/x2vp0awangqfphtywdrv",,19,WC,A01,John,MOL093253,52950,32004d4f-4c09-3253-58c2-4f99aa838f06,2020,2020,,
2022,WAS,DL,DE,79,ACT,Benning Potoa'e,Benning,Potoa'e,1996-09-17,75.0,290,Washington,00-0036050,3886826,b5e33405-ea22-4fb7-97d8-8b324d6c90b9,33277,14913,50195,,22434,7456,2,"https://static.www.nfl.com/image/private/f_auto,q_auto/league/hdmondxh6umv3osye6fj",INTERIOR_LINE,18,REG,A01,Benning,POT207457,52952,3200504f-5420-7457-d188-74492b5cb21a,2020,2020,,
2022,MIA,QB,QB,13,CUT,Reid Sinnett,Reid,Sinnett,1997-02-05,76.0,225,San Diego,00-0036052,3926936,7debccec-8ec2-443a-b4a7-a52f14464883,33279,14846,37397,,22160,7159,2,"https://static.www.nfl.com/image/private/f_auto,q_auto/league/gmuvybzns0hycbmaxrx2",,9,REG,P01,Reid,SIN700798,52954,32005349-4e70-0798-5bbd-c8158716afac,2020,2020,,
2022,CAR,DB,DB,35,DEV,Gavin Heslop,Gavin,Heslop,1997-11-13,72.0,200,Stony Brook,00-0036056,3912347,aaf9cdda-8da8-4b3d-95bf-6fea8070a537,33283,15123,34321,,22412,7433,2,"https://static.www.nfl.com/image/private/f_auto,q_auto/league/yigik9vx3eo96vrkxd4v",,18,REG,P01,Gavin,HES104068,52959,32004845-5310-4068-a62d-143f9bb3511a,2020,2020,,
2022,SEA,TE,TE,85,ACT,Tyler Mabry,Tyler,Mabry,1996-11-21,75.0,248,Maryland,00-0036059,3916587,bad1a0c1-7ea2-4898-b5d9-ad1aec45c8b1,33286,14928,25705,,22407,7427,2,"https://static.www.nfl.com/image/private/f_auto,q_auto/league/toqav9093eahyywvvpop",TE,19,WC,A01,Tyler,MAB452041,52962,32004d41-4245-2041-856b-97c758a2f2e4,2020,2020,,
2022,JAX,DL,DT,98,CUT,Auzoyah Alufohai,Auzoyah,Alufohai,1996-10-16,76.0,320,West Georgia,00-0036065,3911982,2d233d49-fca4-4ddf-a73d-21f4451ce3fc,33156,14853,79271,,22273,7276,2,"https://static.www.nfl.com/image/private/f_auto,q_auto/league/nw6m9k5akbyy0dbbkwft",,1,REG,W03,Auzoyah,ALU177981,52968,3200414c-5517-7981-bac3-e4e063ed6daa,2020,2020,,
2022,PIT,LB,OLB,48,ACT,Jamir Jones,Jamir,Jones,1998-06-14,75.0,255,Notre Dame,00-0036068,,86e5c278-2cd6-4633-ba0b-bc5e7a1c1372,33159,14852,,,22274,7277,2,"https://static.www.nfl.com/image/private/f_auto,q_auto/league/zb3wywulp967xjcoy8vf",EDGE,18,REG,A01,Jamir,JON448504,52971,32004a4f-4e44-8504-4f9c-0b8cede0807b,2020,2020,,
2022,HOU,RB,RB,27,RES,Scottie Phillips,Scott,Phillips,1997-10-06,68.0,211,Mississippi,00-0036069,4362878,26e66f79-5f08-4ee1-bbc5-85c8f5f7fddd,33161,14659,83711,,21856,7005,2,"https://static.www.nfl.com/image/private/f_auto,q_auto/league/wa1jecqwos8s5mslgvqk",,1,REG,R34,Scottie,PHI650053,52972,32005048-4965-0053-39c2-c39d6fe66506,2020,2020,,
2022,ARI,DB,FS,36,DEV,Juju Hughes,Juwuane,Hughes,1998-07-19,71.0,188,Fresno State,00-0036077,4040901,d014789f-6cc0-435b-bd18-9faaf12ffd6e,33296,15130,49545,,22335,7347,2,"https://static.www.nfl.com/image/private/f_auto,q_auto/league/nhb13pdrmatkyoouvyqk",,18,REG,P06,Juju,HUG533112,52980,32004855-4753-3112-b125-ef4edab11484,2020,2020,,
2022,LA,RB,RB,25,RES,Xavier Jones,Xavier,Jones,1997-08-24,71.0,208,Southern Methodist,00-0036078,3916209,70110b01-060d-443d-b799-5d4edc9272de,33297,14925,,,21839,7088,2,"https://static.www.nfl.com/image/private/f_auto,q_auto/league/qweguqfbp5ogimgnrvf0",,1,REG,W03,Xavier,JON824738,52981,32004a4f-4e82-4738-d683-10104f6b4e56,2020,2020,,
2022,SEA,WR,WR,80,DEV,Easop Winston,Easop,Winston,1996-12-17,72.0,190,Washington State,00-0036080,4245174,495dfd2f-adc6-4ea0-a830-0513db2c1477,33299,14817,61812,,21724,7337,2,"https://static.www.nfl.com/image/private/f_auto,q_auto/league/yq53c4pjx27exchnk7nh",,19,WC,P01,Easop,WIN619459,52983,32005749-4e61-9459-ccfb-5c2607483905,2020,2020,,
2022,BAL,DL,DT,96,ACT,Broderick Washington,Broderick,Washington,1996-12-04,74.0,305,Texas Tech,00-0036081,3915837,6f695364-f31f-420d-8baa-434539e2b12d,32840,14720,50049,WashBr01,21886,7122,2,"https://static.www.nfl.com/image/private/f_auto,q_auto/league/k99oprrf6w3qxahwhmjt",INTERIOR_LINE,19,WC,A01,Broderick,WAS067340,52578,32005741-5306-7340-c5e9-c148d07dd20b,2020,2020,BAL,170
2022,ATL,LS,LS,48,ACT,Liam McCullough,Liam,McCullough,1997-06-05,74.0,237,Ohio State,00-0036082,,,,,,,,,2,"https://static.www.nfl.com/image/private/f_auto,q_auto/league/qau5k2hdwn4erxep9wv3",,18,REG,A01,Liam,MCC769873,52986,3200474f-5204-5716-a75e-4ec8e313a651,2020,2020,,
2022,CIN,TE,TE,82,DEV,Nick Bowers,Nicholas,Bowers,1996-05-26,76.0,260,Penn State,00-0036083,3929633,bd30c0ca-196e-4f7d-b37d-d4d52dd40b62,33315,14869,36271,,21719,7308,2,"https://static.www.nfl.com/image/private/f_auto,q_auto/league/vrnpwhflfxqqynhoutya",,21,CON,P01,Nick,BOW205659,52987,3200424f-5720-5659-e68c-16f309f1f2a3,2020,2020,,
2022,CAR,DB,CB,36,DEV,Madre Harper,Madre,Harper,1997-10-13,73.0,190,Southern Illinois,00-0036084,4038440,3bed3959-22dd-4ee6-8fc9-7eda34fbeaf0,,14904,49537,,22305,7312,2,"https://static.www.nfl.com/image/private/f_auto,q_auto/league/jl9or0bkmhqbqg72sixy",,18,REG,P06,Madre,HAR273240,52988,32004841-5227-3240-81f2-f4c5391ef3cb,2020,2020,,
2022,CHI,LB,OLB,50,RES,Javin White,Javin,White,1997-02-21,74.0,205,Nevada-Las Vegas,00-0036085,3921709,3f95afdc-2140-424b-8250-7d4e273c2efc,33318,14902,28987,,22303,7311,2,"https://static.www.nfl.com/image/private/f_auto,q_auto/league/hlqkn5qdub5nq1g8en7b",,18,REG,R01,Javin,WHI285792,52989,32005748-4928-5792-72cb-6e60252f5ab0,2020,2020,,
2022,IND,LB,OLB,74,INA,Rashod Berry,Rashod,Berry,1996-10-14,76.0,255,Ohio State,00-0036086,3915508,17a17a1a-787d-46b3-94c0-8d4e1928c492,33024,14851,28071,,22436,7459,2,"https://static.www.nfl.com/image/private/f_auto,q_auto/league/fu2xopb9sal4pgfgln52",,18,REG,A01,Rashod,BER600597,52990,32004245-5260-0597-cdc3-1a343dc95213,2020,2020,,
2022,NE,DB,CB,27,ACT,Myles Bryant,Myles,Bryant,1998-01-02,69.0,180,Washington,00-0036087,4039010,7a51270b-cbdf-451e-a9e7-0f0b23435dd0,33319,14703,43336,,22047,6946,2,"https://static.www.nfl.com/image/private/f_auto,q_auto/league/jse6k5hg2szfcagc05yu",SLOT_CB,18,REG,A01,Myles,BRY504679,52991,32004252-5950-4679-6cd2-c49b21a2a5cd,2020,2020,,
2022,WAS,LB,LB,45,RES,De'Jon Harris,De'Jon,Harris,1997-11-01,72.0,244,Arkansas,00-0036090,4035577,8ca83e4e-d3a5-4dcb-a917-e58e36b77721,33321,14553,43858,,21991,7504,2,"https://static.www.nfl.com/image/private/f_auto,q_auto/league/p1qsi2bjwxtd1hoizivd",,18,REG,R01,De'Jon,HAR535185,52994,32004841-5253-5185-36c9-2b29b5bf6ffa,2020,2020,,
2022,NE,OL,G,62,DEV,Bill Murray,Bill,Murray,1997-07-03,76.0,280,William &amp; Mary,00-0036093,,,,,,,,,2,"https://static.www.nfl.com/image/private/f_auto,q_auto/league/hnqfpnavnmtnxccsl0vo",,18,REG,P01,Bill,MUR558786,52997,32004d55-5255-8786-4cf6-04dbee348030,2020,2020,,
2022,NE,RB,RB,42,DEV,J.J. Taylor,J.J.,Taylor,1998-01-04,66.0,185,Arizona,00-0036096,4039607,879325b1-c961-4c9a-a3a4-679d77a28293,33028,14459,25512,TaylJJ01,21837,6973,2,"https://static.www.nfl.com/image/private/f_auto,q_auto/league/iscorpkxfwtgcmgvmaem",,18,REG,P01,J.J.,TAY377437,53000,32005441-5937-7437-47b8-1ae4c23c7831,2020,2020,,
2022,LV,WR,WR,89,DEV,Isaiah Zuber,Isaiah,Zuber,1997-04-15,72.0,190,Mississippi State,00-0036100,3916129,e83c7957-58c7-48eb-aaf2-47e410607957,33020,14862,26884,,21749,7458,2,"https://static.www.nfl.com/image/private/f_auto,q_auto/league/fnnnosvydm195mhksb4s",,18,REG,P01,Isaiah,ZUB415291,53004,32005a55-4241-5291-c42f-5337191284c2,2020,2020,,
2022,KC,DB,CB,31,CUT,Luq Barcoo,Luqman,Barcoo,1998-07-27,73.0,175,San Diego State,00-0036101,4361499,56d8015b-aed7-4a46-868e-a85672cde790,33115,14950,83079,,22289,7293,2,"https://static.www.nfl.com/image/private/f_auto,q_auto/league/bo7cv0femdqwb2sow3zo",,1,REG,A01,Luq,BAR114623,53005,32004241-5211-4623-567e-d696655685d9,2020,2020,,
2022,HOU,OL,T,70,DEV,Jordan Steckler,Jordan,Steckler,1996-07-16,77.0,305,Northern Illinois,00-0036102,,,,,,,,,2,"https://static.www.nfl.com/image/private/f_auto,q_auto/league/mrhfplglodwgdnprx2so",,18,REG,P01,Jordan,STE017106,53006,32005354-4501-7106-8cf9-cd1467d38fe3,2020,2020,,
2022,TB,OL,G,60,INA,Nick Leverett,Nick,Leverett,1997-01-11,76.0,310,Rice,00-0036105,,,,,,,,,2,"https://static.www.nfl.com/image/private/f_auto,q_auto/league/szaokipgbuw4cwpppb2s",,19,WC,A01,Nick,LEV452663,53009,32004c45-5645-2663-e7d4-fa7e1dfad7ee,2020,2020,,
2022,CLE,DB,CB,48,CUT,Parnell Motley,Parnell,Motley,1997-10-28,72.0,175,Oklahoma,00-0036106,4037647,eaacee31-0a3c-4f9d-be85-86490ae16f6b,33293,14599,42189,,22427,7449,2,"https://static.www.nfl.com/image/private/f_auto,q_auto/league/pt80fu6d3vbvf1ihw3yw",,1,REG,A01,Parnell,MOT434754,53010,32004d4f-5443-4754-2fa7-259c10e74cb8,2020,2020,,
2022,PIT,WR,WR,84,DEV,Ja'Marcus Bradley,Ja'Marcus,Bradley,1996-12-11,73.0,195,Louisiana-Lafayette,00-0036110,3917569,f1236815-5ed7-4bab-808f-700c4516fd7d,33302,14571,27003,,22244,7244,2,"https://static.www.nfl.com/image/private/f_auto,q_auto/league/fjupkkr7eafazojkji2n",,18,REG,P01,Ja'Marcus,BRA209586,53014,32004252-4120-9586-e506-37899b56d6eb,2020,2020,,
2022,CLE,DB,CB,38,ACT,A.J. Green,Alvin,Green,1998-06-09,74.0,185,Oklahoma State,00-0036114,4038437,07dbf3ec-0d6b-42f1-a2e8-7dd437339417,33306,14716,50394,,22046,6876,2,"https://static.www.nfl.com/image/private/f_auto,q_auto/league/hbbvoa32ngbcisawtnul",SLOT_CB,18,REG,A01,A.J.,GRE036393,53018,32004752-4503-6393-4770-063e2747ebd8,2020,2020,,
2022,SEA,DB,DB,32,CUT,Jameson Houston,Jameson,Houston,,71.0,200,Baylor,00-0036116,,,,,,,,,2,"https://static.www.nfl.com/image/private/f_auto,q_auto/league/tj6hg73xhnh8essgy8tc",,1,REG,W03,Jameson,HOU469636,53020,3200484f-5546-9636-e6e3-b647b035b568,2020,2020,,
2022,ATL,DB,SS,20,RES,Jovante Moffatt,Jovante,Moffatt,1996-12-25,71.0,210,Middle Tennessee,00-0036118,3914450,bea5ccd6-b05b-43f8-975f-396399349a42,33310,15062,34207,,22251,7251,2,"https://static.www.nfl.com/image/private/f_auto,q_auto/league/njuljysbvzqip0mcppps",,18,REG,R01,Jovante,MOF133180,53022,32004d4f-4613-3180-cf83-0be83f4c1c17,2020,2020,,
2022,DAL,OL,T,69,DEV,Alex Taylor,Alex,Taylor,1997-04-21,80.0,294,South Carolina State,00-0036120,,,,,,,,,2,"https://static.www.nfl.com/image/private/f_auto,q_auto/league/ae5gueabdaal8vsajyls",,20,DIV,P01,Alex,TAY006932,53024,32005441-5900-6932-22fe-74da0f8f248d,2020,2020,,
2022,TB,OL,G,73,ACT,Brandon Walton,Brandon,Walton,1998-03-18,77.0,300,Florida Atlantic,00-0036123,,,,,,,,,2,"https://static.www.nfl.com/image/private/f_auto,q_auto/league/edoqbe5hpvqsdjofo8b3",,19,WC,A01,Brandon,WAL756673,53027,32005741-4c75-6673-f5d5-9efb0ae705fe,2020,2020,,
2022,DET,DB,CB,31,DEV,Khalil Dorsey,Khalil,Dorsey,1998-03-31,69.0,170,Northern Arizona,00-0036124,4027919,e8b1322a-6162-4535-b6af-4ca60ce8b09c,33012,15137,27819,,22202,7200,2,"https://static.www.nfl.com/image/private/f_auto,q_auto/league/awubauo51a6ozjgl9gp5",,18,REG,P01,Khalil,DOR666740,53028,3200444f-5266-6740-7b4b-7581ef8c336b,2020,2020,,
2022,JAX,WR,WR,87,DEV,Jaylon Moore,Jaylon,Moore,1997-07-01,71.0,190,Tennessee-Martin,00-0036125,,,,,,,,,2,"https://static.www.nfl.com/image/private/f_auto,q_auto/league/cxk0klbthmbxzozawoqa",,20,DIV,P01,Jaylon,MOO390748,53029,32004d4f-4f39-0748-b90d-f99a05d76bc4,2020,2020,,
2022,WAS,TE,TE,46,RES,Eli Wolf,Elijah,Wolf,1997-03-11,76.0,236,Georgia,00-0036129,3915400,71c657d6-a2d9-48f3-b6db-dd4372e910f4,33007,14375,47286,,22113,7065,2,"https://static.www.nfl.com/image/private/f_auto,q_auto/league/yi44j4tdyluo1i8uhi1h",,18,REG,R01,Eli,WOL108657,53033,3200574f-4c10-8657-8d88-ed84c18a9765,2020,2020,,
2022,BAL,DL,DT,92,ACT,Justin Madubuike,Justin,Madubuike,1997-11-17,75.0,300,Texas A&amp;M,00-0036130,4035245,904f702b-e8b1-4fef-a4a0-278d18cc15e3,32741,14380,44304,MaduJu00,21900,6818,2,"https://static.www.nfl.com/image/private/f_auto,q_auto/league/wl30gnhlqqnzq7h9izlv",INTERIOR_LINE,19,WC,A01,Justin,MAD784440,52479,32004d41-4478-4440-1c19-b2c73b1dfc59,2020,2020,BAL,71
2022,NYG,OL,G,66,RES,Solomon Kindley,Solomon,Kindley,1997-07-03,76.0,335,Georgia,00-0036131,,,,,,,,,2,"https://static.www.nfl.com/image/private/f_auto,q_auto/league/tu53sfjr4zoekygoqsbz",,20,DIV,R23,Solomon,KIN190649,52519,32004b49-4e19-0649-1d38-6abe795d5e75,2020,2020,MIA,111
2022,NYG,OL,G,68,ACT,Ben Bredeson,Ben,Bredeson,1998-02-20,77.0,325,Michigan,00-0036132,,,,,,,,,2,"https://static.www.nfl.com/image/private/f_auto,q_auto/league/rquuqhdeog0o0vq948xg",G,20,DIV,A01,Ben,BRE054642,52551,32004252-4505-4642-6b12-aa127a40c235,2020,2020,BAL,143
2022,BAL,WR,WR,3,ACT,James Proche,James,Proche,1996-09-20,71.0,193,Southern Methodist,00-0036133,3916204,c65488d4-251e-40fc-9f32-7019bbdaf75e,32871,14415,48037,ProcJa00,21723,6957,2,"https://static.www.nfl.com/image/private/f_auto,q_auto/league/esjpio5c0exxgppw2i05",SLOT_WR,19,WC,A01,James,PRO085796,52609,32005052-4f08-5796-4cb1-27dfb52239e2,2020,2020,BAL,201
2022,KC,DL,DE,93,DEV,Azur Kamara,Azur,Kamara,1998-09-26,76.0,235,Kansas,00-0036137,,fc833ad5-955b-4129-9280-63d8eda84df2,33106,14744,76843,,22016,7254,2,"https://static.www.nfl.com/image/private/f_auto,q_auto/league/u24qqjqcd9zqlvbjhsan",,12,REG,P06,Azur,KAM303385,53039,32004b41-4d30-3385-a844-9897d63a1bfe,2020,2020,,
2022,CLE,DB,DB,36,CUT,Luther Kirk,Luther,Kirk,1996-11-07,74.0,195,Illinois State,00-0036138,,,,,,,,,2,"https://static.www.nfl.com/image/private/f_auto,q_auto/league/cilckttcbrhms71garxx",,1,REG,A01,Luther,KIR371569,53040,32004b49-5237-1569-849d-74c4b9f13465,2020,2020,,
2022,DAL,RB,RB,23,RES,Rico Dowdle,Rico,Dowdle,1998-06-14,72.0,215,South Carolina,00-0036139,4038815,bba755a2-63b6-4ac1-b806-0609816135de,33100,14657,40693,,21952,7021,2,"https://static.www.nfl.com/image/private/f_auto,q_auto/league/kteczd1ubqzfkiptsaiv",,20,DIV,R01,Rico,DOW329751,53041,3200444f-5732-9751-c08c-8032929e63eb,2020,2020,,
2022,NYG,TE,TE,83,ACT,Lawrence Cager,Lawrence,Cager,1997-08-20,77.0,220,Georgia,00-0036145,3917849,2f2181f8-cb0a-42e4-9468-17f5f5a219cc,33329,14597,34914,,21728,7106,2,"https://static.www.nfl.com/image/private/f_auto,q_auto/league/z7nogo1jxtcgpjapj9fd",TE,20,DIV,A01,Lawrence,CAG158115,53047,32004341-4715-8115-bb5b-4a6b80b34c60,2020,2020,,
2022,TEN,DB,FS,36,DEV,Shyheim Carter,Shyheim,Carter,1997-12-15,70.0,191,Alabama,00-0036147,,,,,,,,,2,"https://static.www.nfl.com/image/private/f_auto,q_auto/league/nxnwj6fsz3rksf8ulr5n",,18,REG,P01,Shyheim,CAR740663,53049,32004341-5274-0663-4cdc-ee0def1151f4,2020,2020,,
2022,CIN,DL,DT,72,DEV,Domenique Davis,Domenique,Davis,1996-02-28,74.0,315,North Carolina at Pembroke,00-0036148,,,,,,,,,2,,,21,CON,P01,Domenique,DAV264341,53050,32004441-5626-4341-fb44-a3cabe48b867,2020,2020,,
2022,ATL,DB,CB,31,DEV,Javelin Guidry,Javelin,Guidry,1998-08-06,69.0,190,Utah,00-0036149,4243250,dfdf250e-0457-4008-be27-a0be2a3ae5bd,33333,14454,56262,,22081,7392,2,"https://static.www.nfl.com/image/private/f_auto,q_auto/league/w2ol2sd7wjl8i7ruca8h",,18,REG,P06,Javelin,GUI113029,53051,32004755-4911-3029-e5ed-6225f14e0e33,2020,2020,,
2022,NYJ,DL,DE,47,ACT,Bryce Huff,Bryce,Huff,1998-04-17,75.0,255,Memphis,00-0036151,4039375,07b963d4-aef7-4874-ba04-f9b1ec1142d3,33335,15035,27128,,22377,7391,2,"https://static.www.nfl.com/image/private/f_auto,q_auto/league/bcbes0y7lq38xdk8vi97",EDGE,18,REG,A01,Bryce,HUF090844,53053,32004855-4609-0844-68b1-6617441eaa57,2020,2020,,
2022,DEN,DB,CB,25,ACT,Lamar Jackson,Lamar,Jackson,1998-04-13,74.0,215,Nebraska,00-0036152,4034849,22e0f7ed-9b46-4a75-9780-d9b66c245744,33336,14583,50532,,22049,6994,2,"https://static.www.nfl.com/image/private/f_auto,q_auto/league/yt5pwzmwiqh824tjj96x",,18,REG,A01,Lamar,JAC321944,53054,32004a41-4332-1944-2c61-498a3d83a44e,2020,2020,,
2022,ATL,P,P,9,CUT,Dom Maggio,Dom,Maggio,,75.0,190,Wake Forest,00-0036156,,c7273f41-5e8b-4e0c-9606-c8c1bf6f6298,33000,15142,,,22204,7202,2,"https://static.www.nfl.com/image/private/f_auto,q_auto/league/asf8t9yrfnrvburnqvv1",,1,REG,A01,Dom,MAG313455,53058,32004d41-4731-3455-7780-bb10380d8bf1,2020,2020,,
2022,BAL,LB,ILB,57,ACT,Kristian Welch,Kristian,Welch,1998-05-24,75.0,239,Iowa,00-0036157,4036153,0782b3a2-9693-40f6-aff2-a21bc8fa4c5d,33005,15141,51283,,22199,7197,2,"https://static.www.nfl.com/image/private/f_auto,q_auto/league/xd2vkfmchfzpmnanxccs",,19,WC,A01,Kristian,WEL116744,53059,32005745-4c11-6744-5e96-0d6cce8c69e2,2020,2020,,
2022,BAL,RB,RB,27,ACT,J.K. Dobbins,Jkaylin,Dobbins,1998-12-17,70.0,214,Ohio State,00-0036158,4241985,a57b9914-4315-4295-98b4-9b348c52d6a1,32725,14418,57366,DobbJK00,21674,6806,2,"https://static.www.nfl.com/image/private/f_auto,q_auto/league/rbp5kcbx7xqlqwqjvfrw",RB,19,WC,A01,J.K.,DOB207645,52463,3200444f-4220-7645-7ee7-94f57d3eed4f,2020,2020,BAL,55
2022,NE,LB,OLB,55,ACT,Josh Uche,Josh,Uche,1998-09-18,75.0,250,Michigan,00-0036159,4046528,8738c2cc-4ac6-4288-922d-ce4590d9af42,32730,14477,27379,UcheJo00,21889,6921,2,"https://static.www.nfl.com/image/private/f_auto,q_auto/league/xactnqqrlmxweggchebg",EDGE,18,REG,A01,Josh,UCH415291,52468,32005543-4841-5291-3f1b-884a013e452e,2020,2020,NE,60
2022,BUF,K,K,2,ACT,Tyler Bass,Tyler,Bass,1997-02-14,70.0,185,Georgia Southern,00-0036162,3917232,bfccbff4-bc01-41ed-aa11-be976160504c,32858,14609,33010,BassTy00,22108,7042,2,"https://static.www.nfl.com/image/private/f_auto,q_auto/league/e0uo4q8bs1itmo0xxtce",,20,DIV,A01,Tyler,BAS555802,52596,32004241-5355-5802-e27b-153ecc1a567e,2020,2020,BUF,188
2022,LV,OL,T,71,RES,Justin Herron,Justin,Herron,1995-11-27,77.0,290,Wake Forest,00-0036163,,,,,,,,,2,"https://static.www.nfl.com/image/private/f_auto,q_auto/league/krlkwnn980aq1kd112hj",,18,REG,R01,Justin,HER692147,52603,32004845-5269-2147-27f6-7254f3199c51,2020,2020,NE,195
2022,NYG,WR,WR,18,ACT,Isaiah Hodgins,Isaiah,Hodgins,1998-10-21,75.0,209,Oregon State,00-0036165,4242540,1d1c217b-6407-40d7-aebb-ba95fa05d127,32877,14356,52130,HodgIs00,21760,6920,2,"https://static.www.nfl.com/image/private/f_auto,q_auto/league/mrmb3rdikczldkadtxxd",WR,20,DIV,A01,Isaiah,HOD537222,52615,3200484f-4453-7222-c7f0-678f7be73ebc,2020,2020,BUF,207
2022,BUF,DB,CB,30,ACT,Dane Jackson,Dane,Jackson,1996-11-29,71.0,185,Pittsburgh,00-0036166,3895791,089763ae-208d-4ad9-bb30-c97c0fcfdcd1,32909,14549,32989,JackDa02,22060,6969,2,"https://static.www.nfl.com/image/private/f_auto,q_auto/league/cyeejiomincrejqv6kto",CB,20,DIV,A01,Dane,JAC118718,52647,32004a41-4311-8718-7ddd-1f735d6a472a,2020,2020,BUF,239
2022,PIT,LB,ILB,54,INA,Tae Crowder,Dequartavious,Crowder,1997-03-12,73.0,235,Georgia,00-0036167,3915171,22f733ff-fd31-4731-acf1-97843e9eb665,32924,14839,35774,CrowTa00,22156,7155,2,"https://static.www.nfl.com/image/private/f_auto,q_auto/league/sfwj4dhe8eihhmjncd7q",,18,REG,A01,Tae,CRO702408,52663,32004352-4f70-2408-f936-6a00444528be,2020,2020,NYG,255
2022,DET,K,K,17,CUT,Dominik Eberle,Dominik,Eberle,1996-07-04,73.0,190,Utah State,00-0036168,3932960,2bd96d27-08b2-42b3-ad89-b01442c07fe2,33352,14903,,,22307,7314,2,"https://static.www.nfl.com/image/private/f_auto,q_auto/league/qpxu1wxnmlrxtg4dd2dg",,5,REG,W03,Dominik,EBE332231,53060,32004542-4533-2231-6b18-6eb69e13db5d,2020,2020,,
2022,TEN,OL,G,55,ACT,Aaron Brewer,Aaron,Brewer,1997-10-28,73.0,270,Texas State,00-0036171,,,,,,,,,2,"https://static.www.nfl.com/image/private/f_auto,q_auto/league/bonl6ztief9xwcx5cjzv",G,18,REG,A01,Aaron,BRE606310,53063,32004252-4560-6310-2786-1365a7a85628,2020,2020,,
2022,TEN,TE,TE,89,CUT,Tommy Hudson,Tommy,Hudson,1997-02-22,75.0,255,Arizona State,00-0036173,3675550,62d557bc-ee99-4703-83f8-e7b1ca0c89e7,33340,15159,47412,,22418,7439,2,"https://static.www.nfl.com/image/private/f_auto,q_auto/league/kbmzoixjoscgfd8swpi9",,5,REG,W03,Tommy,HUD766016,53065,32004855-4476-6016-8e61-c96c43f6ee04,2020,2020,,
2022,IND,OL,T,66,CUT,Brandon Kemp,Brandon,Kemp,1997-01-18,79.0,310,Valdosta State,00-0036175,,,,,,,,,2,"https://static.www.nfl.com/image/private/f_auto,q_auto/league/adpoj4k1cgdzr7klyxls",,1,REG,A01,Brandon,KEM103822,53067,32004b45-4d10-3822-2151-1fc59ea25194,2020,2020,,
2022,TEN,WR,WR,12,DEV,Mason Kinsey,Mason,Kinsey,1998-08-29,70.0,195,Berry,00-0036176,4057082,4d14a6cd-273f-4cf4-aac0-7fe041b6c650,33351,14858,115664,,22415,7436,2,"https://static.www.nfl.com/image/private/f_auto,q_auto/league/xs9eu3mjcwhbx6it2ayv",,18,REG,P01,Mason,KIN802869,53068,32004b49-4e80-2869-31cb-50b13273c8fe,2020,2020,,
2022,ATL,DL,DT,50,DEV,Kobe Smith,Kobe,Smith,1998-06-23,74.0,300,South Carolina,00-0036180,4038840,fa1bd78e-99e4-4745-9896-cfea01392038,33346,15162,28488,,22423,7444,2,"https://static.www.nfl.com/image/private/f_auto,q_auto/league/juqzah6scwug5cawh41m",,18,REG,P01,Kobe,SMI462933,53072,3200534d-4946-2933-99d1-21db455b6bcb,2020,2020,,
2022,TEN,DL,DT,93,ACT,Teair Tart,Teair,Tart,1997-02-28,74.0,290,Florida International,00-0036181,4374269,a78206af-6d78-4b4c-90e3-dc4bd62ac80b,33347,14985,82261,,22422,7443,2,"https://static.www.nfl.com/image/private/f_auto,q_auto/league/klk9vuxhrmlmqnw0ee5l",INTERIOR_LINE,18,REG,A01,Teair,TAR666268,53073,32005441-5266-6268-2109-6f339c5c6c53,2020,2020,,
2022,TEN,WR,WR,15,ACT,Nick Westbrook-Ikhine,Nicholas,Westbrook-Ikhine,1997-03-21,74.0,215,Indiana,00-0036182,3929785,5e63e674-adf3-4f4e-929e-4a0ff2cfb1df,33348,14750,47861,WestNi00,21734,7496,2,"https://static.www.nfl.com/image/private/f_auto,q_auto/league/rrpe7w9vvgasgkyemixa",SLOT_WR,18,REG,A01,Nick,WES567220,53074,32005745-5356-7220-67cc-7d57ec5c5725,2020,2020,,
2022,NE,WR,WR,17,RES,Kristian Wilkerson,Kristian,Wilkerson,1997-01-10,74.0,214,Southeast Missouri,00-0036183,3910176,b9a6720d-9c6f-46f2-bcee-b80550026437,33349,15163,28729,,22417,7438,2,"https://static.www.nfl.com/image/private/f_auto,q_auto/league/fshpijgp0cfzcj8knvnr",,18,REG,R01,Kristian,WIL078257,53075,32005749-4c07-8257-cb82-ec12fb52e2ea,2020,2020,,
2022,LV,DB,CB,46,DEV,Isiah Brown,Isiah,Brown,1998-04-25,72.0,185,Florida International,00-0036186,,,,,,,,,2,"https://static.www.nfl.com/image/private/f_auto,q_auto/league/yiy5qwpgezef7wqepnby",,18,REG,P01,Isiah,BRO474103,53078,3200474f-5204-5716-a75e-4ec8e313a651,2020,2020,,
2022,BUF,RB,FB,41,ACT,Reggie Gilliam,Reggie,Gilliam,1997-08-20,72.0,255,Toledo,00-0036187,4039505,4475bb8a-b5a6-4527-bfc7-8e7e03900984,33357,14844,40951,,22206,7204,2,"https://static.www.nfl.com/image/private/f_auto,q_auto/league/jrafmgflzb2qnj7sh4la",TE,20,DIV,A01,Reggie,GIL562234,53079,32004749-4c56-2234-f239-17e8e6a78cfb,2020,2020,,
2022,NYG,RB,RB,21,CUT,Antonio Williams,Antonio,Williams,1997-10-22,71.0,210,North Carolina,00-0036188,4040629,aae9da80-c88f-4de3-b088-42553cf351ce,33359,14884,40197,,22205,7203,2,"https://static.www.nfl.com/image/private/f_auto,q_auto/league/lrv5bhws8lzbwqernv6s",,5,REG,P01,Antonio,WIL142972,53080,32005749-4c14-2972-70c6-f910e2bab5c1,2020,2020,,
2022,ARI,DB,SS,32,ACT,Josh Thomas,Josh,Thomas,1996-11-19,72.0,205,Appalachian State,00-0036189,3917159,9c84646c-75d9-41f3-9cad-f3f002ca82a5,33358,14882,36116,,22211,7208,2,"https://static.www.nfl.com/image/private/f_auto,q_auto/league/mz9tnxvrvoxliwoobt07",SAFETY,18,REG,A01,Josh,THO264169,53081,32005448-4f26-4169-1465-90e2159c37ef,2020,2020,,
2022,LAC,DL,DT,97,DEV,Aaron Crawford,Aaron,Crawford,1997-11-04,73.0,290,North Carolina,00-0036191,3895837,1c1c956f-0f4c-4b22-98f2-6bbbd5e4a504,33008,15140,48721,,22196,7194,2,"https://static.www.nfl.com/image/private/f_auto,q_auto/league/qn55mnmerkmfvl660yiu",,19,WC,P01,Aaron,CRA538498,53083,32004352-4153-8498-754b-b4a50e55788d,2020,2020,,
2022,BUF,DL,DE,57,ACT,A.J. Epenesa,Andrew,Epenesa,1998-09-15,78.0,280,Iowa,00-0036192,4240585,3fa3a270-f8b2-4d53-a265-84bc928af5c5,32724,14501,56369,EpenAJ00,21881,6802,2,"https://static.www.nfl.com/image/private/f_auto,q_auto/league/egqgvvck91wufmzrzxrk",EDGE,20,DIV,A01,A.J.,EPE415291,52462,32004550-4541-5291-9369-b9d0c170a565,2020,2020,BUF,54
2022,NE,LB,OLB,58,ACT,Anfernee Jennings,Anfernee,Jennings,1997-09-01,75.0,259,Alabama,00-0036193,3925350,56692800-dd44-4b82-a988-398314845fd9,32757,14742,25449,JennAn00,21898,6848,2,"https://static.www.nfl.com/image/private/f_auto,q_auto/league/z2zzltjxd1ts3ywnrkrb",EDGE,18,REG,A01,Anfernee,JEN457643,52495,32004a45-4e45-7643-aa15-10fa6baa34c7,2020,2020,NE,87
2022,CIN,TE,TE,86,ACT,Devin Asiasi,Devin,Asiasi,1997-08-14,75.0,260,UCLA,00-0036194,4046522,05e15d81-6bb1-49f7-b677-63475d073961,32761,14425,40294,AsiaDe00,21771,6956,2,"https://static.www.nfl.com/image/private/f_auto,q_auto/league/ag0lglz7kkq6d29iqxl8",TE,21,CON,A01,Devin,ASI024038,52499,32004153-4902-4038-a2e4-cae6370aa967,2020,2020,NE,91
2022,HOU,OL,T,67,ACT,Charlie Heck,Charles,Heck,1996-11-20,80.0,315,North Carolina,00-0036195,,,,,,,,,2,"https://static.www.nfl.com/image/private/f_auto,q_auto/league/wkguwichqfoiuav7z9pd",,18,REG,A01,Charlie,HEC157579,52534,32004845-4315-7579-cc7c-c4b25609c704,2020,2020,HOU,126
2022,BUF,WR,WR,13,ACT,Gabe Davis,Gabriel,Davis,1999-03-01,74.0,213,Central Florida,00-0036196,4243537,dc397432-7157-4ce4-976d-b9662cc6f551,32798,14359,55410,DaviGa01,21735,6943,2,"https://static.www.nfl.com/image/private/f_auto,q_auto/league/gybdtwydpj0rggczumgg",WR,20,DIV,A01,Gabe,DAV329675,52536,32004441-5632-9675-38f5-3e009da4e98e,2020,2020,BUF,128
2022,WAS,QB,QB,17,DEV,Jake Fromm,William,Fromm,1998-07-30,74.0,222,Georgia,00-0036197,4240689,12ce10f6-7f95-42db-8ed3-36b14933484f,32837,14486,60389,FromJa00,21828,6822,2,"https://static.www.nfl.com/image/private/f_auto,q_auto/league/ckv12gsfo9541uhnpr8k",,18,REG,P01,Jake,FRO325139,52575,32004652-4f32-5139-dbcd-9c79c7f41e56,2020,2020,BUF,167
2022,NE,OL,G,71,ACT,Michael Onwenu,Michael,Onwenu,1997-12-10,75.0,350,Michigan,00-0036198,,,,,,,,,2,"https://static.www.nfl.com/image/private/f_auto,q_auto/league/j0sedrcqu0jyp0s38jzh",G,18,REG,A01,Michael,ONW415291,52590,32004f4e-5741-5291-a74a-040f32c558e0,2020,2020,NE,182
2022,BAL,DB,SS,26,ACT,Geno Stone,Geno,Stone,1999-04-19,71.0,210,Iowa,00-0036199,4240575,95f3b8ac-e10f-4f0d-8650-b464b37ded86,32889,14474,55967,StonGe00,21931,6923,2,"https://static.www.nfl.com/image/private/f_auto,q_auto/league/wfzy9125j4jxytjy2oos",,19,WC,A01,Geno,STO396630,52627,32005354-4f39-6630-4d73-2328fd2eb451,2020,2020,BAL,219
2022,CHI,OL,G,60,ACT,Dieter Eiselen,Dieter,Eiselen,1996-06-10,76.0,300,Yale,00-0036202,,,,,,,,,2,"https://static.www.nfl.com/image/private/f_auto,q_auto/league/stc22yv4bwvoxn6hxjrz",,18,REG,A01,Dieter,EIS270485,53085,32004549-5327-0485-e147-958d8b888d12,2020,2020,,
2022,CIN,LB,ILB,47,DEV,Keandre Jones,Keandre,Jones,1997-09-24,75.0,220,Maryland,00-0036203,4040621,75741cd3-8b9f-445f-b24e-47c8c51de618,33174,15066,28092,,22449,7474,2,"https://static.www.nfl.com/image/private/f_auto,q_auto/league/jbzl5vds9ueiuv8evs82",,21,CON,P01,Keandre,JON518595,53086,32004a4f-4e51-8595-eee3-39ef53f42e49,2020,2020,,
2022,CHI,DL,DT,63,CUT,Lacale London,Lacale,London,1997-08-05,77.0,280,Western Illinois,00-0036204,,,,,,,,,2,"https://static.www.nfl.com/image/private/f_auto,q_auto/league/u5lzptcsyubdgwf3nr1j",,1,REG,A01,Lacale,LON014708,53087,32004c4f-4e01-4708-990f-d62bf46aed72,2020,2020,,
2022,ATL,LB,ILB,59,CUT,Rashad Smith,Rashad,Smith,1997-04-20,73.0,220,Florida Atlantic,00-0036209,4040762,dec323b8-fb75-4182-b03d-6c412d3d51a5,33180,15096,43811,,22233,7232,2,"https://static.www.nfl.com/image/private/f_auto,q_auto/league/q1gccecrdi8ycbs9cq7v",,1,REG,A01,Rashad,SMI590351,53092,3200534d-4959-0351-f6c4-bfa762e7bb26,2020,2020,,
2022,ARI,OL,T,70,DEV,Badara Traore,Badara,Traore,1997-03-12,79.0,320,Louisiana State,00-0036210,,,,,,,,,2,"https://static.www.nfl.com/image/private/f_auto,q_auto/league/iohh2k0luvryzgmdljln",,18,REG,P01,Badara,TRA290659,53093,32005452-4129-0659-2682-be900f2a5ea7,2020,2020,,
2022,MIA,QB,QB,1,INA,Tua Tagovailoa,Tua,Tagovailoa,1998-03-02,73.0,218,Alabama,00-0036212,4241479,26ad9c27-de38-495e-913c-6fb2428e76d3,32675,14465,60326,TagoTu00,21677,6768,2,"https://static.www.nfl.com/image/private/f_auto,q_auto/league/dyrrl1knhcxqjwuvhcwm",,19,WC,A01,Tua,TAG620344,52413,32005441-4762-0344-3a46-269f5e5e854e,2020,2020,MIA,5
2022,MIA,DL,NT,98,ACT,Raekwon Davis,Raekwon,Davis,1997-06-10,79.0,310,Alabama,00-0036213,4040965,9666a6bd-4321-4acd-823e-b872943a436e,32726,14538,44582,DaviRa03,22062,6831,2,"https://static.www.nfl.com/image/private/f_auto,q_auto/league/yv6fyshac1cctao3133o",INTERIOR_LINE,19,WC,A01,Raekwon,DAV626617,52464,32004441-5662-6617-82da-e7d203db8ce8,2020,2020,MIA,56
2022,NYG,OL,T,79,ACT,Tyre Phillips,Tyre,Phillips,1997-01-29,77.0,345,Mississippi State,00-0036214,,,,,,,,,2,"https://static.www.nfl.com/image/private/f_auto,q_auto/league/kzr3gdtyeidmoh2blfw2",,20,DIV,A01,Tyre,PHI657661,52514,32005048-4965-7661-7c59-fd64f666d20f,2020,2020,BAL,106
2022,IND,OL,G,63,ACT,Danny Pinter,Daniel,Pinter,1996-06-19,76.0,300,Ball State,00-0036215,,,,,,,,,2,"https://static.www.nfl.com/image/private/f_auto,q_auto/league/nplhrwlcgslruptzg4np",TE,18,REG,A01,Danny,PIN822310,52557,32005049-4e82-2310-34ae-931c132fa606,2020,2020,IND,149
2022,CLE,DL,DE,92,CUT,Curtis Weaver,Curtis,Weaver,1998-08-03,74.0,265,Boise State,00-0036216,4048257,5f313f6e-4a5b-495b-8442-176c145f68c4,32834,14409,43751,WeavCu00,21874,6854,2,"https://static.www.nfl.com/image/private/f_auto,q_auto/league/jvaesk96t4eh2ghtsiy3",,5,REG,P01,Curtis,WEA573489,52572,32005745-4157-3489-d055-25f35fe1611b,2020,2020,MIA,164
2022,MIA,LS,LS,44,ACT,Blake Ferguson,Blake,Ferguson,1997-04-21,75.0,235,Louisiana State,00-0036217,,,,,,,,,2,"https://static.www.nfl.com/image/private/f_auto,q_auto/league/qtdiqj6dry67vp2eatmi",,19,WC,A01,Blake,FER045768,52593,32004645-5204-5768-746f-e219dd20e488,2020,2020,MIA,185
2022,NO,WR,WR,1,ACT,Marquez Callaway,Marquez,Callaway,1998-03-27,74.0,204,Tennessee,00-0036219,4035170,1364cb22-1bfa-429b-8bde-dfd0d2938163,33109,14556,42295,CallMa01,21750,6989,2,"https://static.www.nfl.com/image/private/f_auto,q_auto/league/mozocuvstzgtvoo63s6i",WR,18,REG,A01,Marquez,CAL617743,53098,32004341-4c61-7743-4446-48c992c4d138,2020,2020,,
2022,CAR,DL,DT,95,ACT,Derrick Brown,Derrick,Brown,1998-04-15,77.0,318,Auburn,00-0036220,4035495,9c8292c7-b406-4a31-a781-7c72aac6b053,32677,13852,43883,BrowDe05,22085,6784,2,"https://static.www.nfl.com/image/private/f_auto,q_auto/league/ehw7g2drjh0c64vsgduw",INTERIOR_LINE,18,REG,A01,Derrick,BRO393541,52415,32004252-4f39-3541-fadb-33b669a1b580,2020,2020,CAR,7
2022,MIA,DB,SS,29,RES,Brandon Jones,Brandon,Jones,1998-04-02,73.0,205,Texas,00-0036221,4039059,f0c60c6e-513b-40df-9794-d555ed59202f,32740,14696,43049,JoneBr06,21927,6911,2,"https://static.www.nfl.com/image/private/f_auto,q_auto/league/rsrhx2phxmxfegixntjb",,19,WC,R01,Brandon,JON102151,52478,32004a4f-4e10-2151-1cf9-666515191aa5,2020,2020,MIA,70
2022,IND,DB,CB,34,RES,Isaiah Rodgers,Isaiah,Rodgers,1998-01-07,70.0,170,Massachusetts,00-0036222,4044540,72100db3-2daa-4c17-aaa8-6c2c52bea5f3,32881,14828,27069,RodgIs00,22139,7133,2,"https://static.www.nfl.com/image/private/f_auto,q_auto/league/sksku6ccqfmm04jxccdp",,18,REG,R01,Isaiah,ROD368010,52619,3200524f-4436-8010-e65e-c67817074ab0,2020,2020,IND,211
2022,IND,RB,RB,28,RES,Jonathan Taylor,Jonathan,Taylor,1999-01-19,70.0,221,Wisconsin,00-0036223,4242335,925195a4-06ba-4e37-ae7d-a3d6a5419139,32711,14455,57488,TaylJo02,21682,6813,2,"https://static.www.nfl.com/image/private/f_auto,q_auto/league/vts6mscfg5le5zugxbtj",,18,REG,R01,Jonathan,TAY431618,52449,32005441-5943-1618-c081-5dd6b2d0b829,2020,2020,IND,41
2022,HOU,DL,DE,52,ACT,Jonathan Greenard,Jonathan,Greenard,1997-05-25,75.0,259,Florida,00-0036224,3916409,bc69c92c-58ff-44b2-a18b-07a08ee78dc6,32760,14550,48407,GreeJo04,21879,6900,2,"https://static.www.nfl.com/image/private/f_auto,q_auto/league/mdvgzef2yuneq2fyohgq",EDGE,18,REG,A01,Jonathan,GRE397948,52498,32004752-4539-7948-6c85-f4afd61fadd6,2020,2020,HOU,90
2022,PHI,TE,TE,47,RES,Dalton Keene,Dalton,Keene,1999-04-14,76.0,251,Virginia Tech,00-0036225,4240861,4da5e05d-fc5c-4e87-aa38-d9cde42dd476,32771,14559,61068,KeenDa00,21808,7082,2,"https://static.www.nfl.com/image/private/f_auto,q_auto/league/x1iwttpak1vva5enthfc",,22,SB,R23,Dalton,KEE658464,52509,32004b45-4565-8464-1166-98afe41da3cd,2020,2020,NE,101
2022,SF,QB,QB,16,CUT,Jacob Eason,Jacob,Eason,1997-11-17,78.0,227,Washington,00-0036226,4035003,060d05d6-aa31-4571-9f91-12c8050b6aaf,32792,14401,46444,EasoJa00,21820,6823,2,"https://static.www.nfl.com/image/private/f_auto,q_auto/league/e2qgyhtngjk0llvaswxe",,18,REG,P01,Jacob,EAS382386,52530,32004541-5338-2386-3401-72035bd47e1c,2020,2020,IND,122
2022,BUF,WR,WR,10,DEV,Dezmon Patmon,Dezmon,Patmon,1998-08-06,76.0,220,Washington State,00-0036228,4054085,be29caf2-9942-4e21-939a-a29407555c56,32882,14643,48329,PatmDe00,21959,6985,2,"https://static.www.nfl.com/image/private/f_auto,q_auto/league/cqnkdniat7sxcm7zcxhr",,20,DIV,P01,Dezmon,PAT162967,52620,32005041-5416-2967-3c9d-d58aabb33560,2020,2020,IND,212
2022,KC,OL,T,70,ACT,Prince Tega Wanogho,Prince Tega,Wanogho,1997-11-22,77.0,310,Auburn,00-0036230,,,,,,,,,2,"https://static.www.nfl.com/image/private/f_auto,q_auto/league/bzc5isi0jpko2p2w4ysm",,22,SB,A01,Prince Tega,WAN532090,52618,32005741-4e53-2090-9e0a-56f56bf22fa9,2020,2020,PHI,210
2022,NE,DB,FS,23,ACT,Kyle Dugger,Kyle,Dugger,1996-03-22,74.0,216,Lenoir-Rhyne,00-0036231,4401811,1d8d5c04-15e7-4346-9d1f-f128e4df3adb,32710,14542,90621,DuggKy00,21926,6872,2,"https://static.www.nfl.com/image/private/f_auto,q_auto/league/pzkcfypnqiu5vq1aum8n",SAFETY,18,REG,A01,Kyle,DUG674843,52445,32004455-4767-4843-b362-237ddcf75c1b,2020,2020,NE,37
2022,CLE,TE,TE,88,ACT,Harrison Bryant,Harrison,Bryant,1998-04-23,77.0,240,Florida Atlantic,00-0036232,4040774,f58a5899-8b78-46e8-a29a-ba6273b7d872,32785,14576,26394,BryaHa00,21783,6850,2,"https://static.www.nfl.com/image/private/f_auto,q_auto/league/rqva2z0by1veklpxnzis",TE,18,REG,A01,Harrison,BRY363372,52523,32004252-5936-3372-c05e-d19e0eddbf05,2020,2020,CLE,115
2022,CLE,WR,WR,11,ACT,Donovan Peoples-Jones,Donovan,Peoples-Jones,1999-02-19,74.0,208,Michigan,00-0036233,4258195,924edb03-29a9-42ae-92dd-ef7e8a498095,32857,14457,61439,PeopDo00,21754,6824,2,"https://static.www.nfl.com/image/private/f_auto,q_auto/league/qpppihrztbzxktstufm0",WR,18,REG,A01,Donovan,PEO604060,52595,32005045-4f60-4060-aa06-be3909ebff80,2020,2020,CLE,187
2022,DET,OL,G,71,ACT,Logan Stenberg,Logan,Stenberg,1997-03-18,78.0,320,Kentucky,00-0036234,,,,,,,,,2,"https://static.www.nfl.com/image/private/f_auto,q_auto/league/o7luh5ukzvc1iwgmniel",,18,REG,A01,Logan,STE289628,52529,32005354-4528-9628-1611-ec1e6af38d3a,2020,2020,DET,121
2022,JAX,LB,ILB,50,ACT,Shaquille Quarterman,Shaquille,Quarterman,1997-10-28,72.0,235,Miami,00-0036235,4037468,dd7218be-5eaa-4d51-94f8-a9f68d2f0af9,32810,14747,51048,QuarSh00,21974,6997,2,"https://static.www.nfl.com/image/private/f_auto,q_auto/league/nbzfijjbrtjkhzce5kzh",MLB,20,DIV,A01,Shaquille,QUA404376,52548,32005155-4140-4376-6a71-2239f66d740b,2020,2020,JAX,140
2022,CLE,OL,C,53,RES,Nick Harris,Nick,Harris,1998-11-13,73.0,302,Washington,00-0036236,,,,,,,,,2,"https://static.www.nfl.com/image/private/f_auto,q_auto/league/u9nzvqfsdcynokeb5lfs",,18,REG,R01,Nick,HAR494038,52568,32004841-5249-4038-a013-d8b883767b71,2020,2020,CLE,160
2022,LA,DL,DT,52,ACT,Larrell Murchison,Larrell,Murchison,1997-04-24,74.0,291,North Carolina State,00-0036237,4240123,ff0950aa-357f-47b4-b4dd-d4374413ffc1,32844,14718,57004,MurcLa00,21880,6887,2,"https://static.www.nfl.com/image/private/f_auto,q_auto/league/laqctwueakltgjhblryt",INTERIOR_LINE,18,REG,A01,Larrell,MUR050645,52582,32004d55-5205-0645-8ac2-0c9cf311ff55,2020,2020,TEN,174
2022,DET,DL,NT,98,RET,John Penisini,John,Penisini,1997-05-31,74.0,333,Utah,00-0036238,4243257,00a28b92-3567-45bc-9fdb-61276dc57755,32867,14719,57037,PeniJo00,21883,7128,2,"https://static.www.nfl.com/image/private/f_auto,q_auto/league/r8sjcujkhyb0hy093ru6",,18,REG,R02,John,PEN233441,52605,32005045-4e23-3441-35d4-5a5a9a967537,2020,2020,DET,197
2022,GB,LB,OLB,53,ACT,Jonathan Garvin,Jonathan,Garvin,1999-07-28,76.0,250,Miami,00-0036239,4240655,586bc34d-f368-4d82-96b1-816d08fa2837,32912,14365,56703,GarvJo00,21906,6965,2,"https://static.www.nfl.com/image/private/f_auto,q_auto/league/cqg2fyruytaexnj9p13r",,18,REG,A01,Jonathan,GAR731639,52650,32004741-5273-1639-14f1-ac687272b120,2020,2020,GB,242
2022,TEN,DB,CB,35,RES,Chris Jackson,Christopher,Jackson,1998-04-13,70.0,186,Marshall,00-0036240,4043605,099c975d-104f-4bac-9815-52346771a515,32913,14835,42512,JackCh01,22152,7150,2,"https://static.www.nfl.com/image/private/f_auto,q_auto/league/aj2syuecws0hfgk68n79",,18,REG,R01,Chris,JAC086514,52651,32004a41-4308-6514-67d6-bce2ae2ce61c,2020,2020,TEN,243
2022,NYJ,DB,CB,37,ACT,Bryce Hall,Bryce,Hall,1997-11-05,73.0,201,Virginia,00-0036241,4037584,e81fcb68-e579-455f-9278-1bc28d5d332b,32828,14445,42313,HallBr02,22076,6833,2,"https://static.www.nfl.com/image/private/f_auto,q_auto/league/epbdjsax7mcjutpmv5v8",CB,18,REG,A01,Bryce,HAL190195,52566,32004841-4c19-0195-b2dc-8ed90605a8d1,2020,2020,NYJ,158
2022,GB,DB,FS,36,RES,Vernon Scott,Vernon,Scott,1997-09-11,74.0,206,Texas Christian,00-0036243,4038538,41ff2f2c-6ddb-4bc5-9712-3664501f7af9,32906,14779,43076,ScotVe00,22148,7146,2,"https://static.www.nfl.com/image/private/f_auto,q_auto/league/kott72f3gprdsyefdseq",,18,REG,R01,Vernon,SCO719678,52644,32005343-4f71-9678-98c1-797d431d01f3,2020,2020,GB,236
2022,SEA,TE,TE,84,ACT,Colby Parkinson,Colby,Parkinson,1999-01-07,79.0,251,Stanford,00-0036244,4242557,1ea7affb-e5e7-491a-aaa3-55e200b2eb48,32803,14463,52266,ParkCo02,21807,6865,2,"https://static.www.nfl.com/image/private/f_auto,q_auto/league/htjcf1x1ohmhoke9u6is",TE,19,WC,A01,Colby,PAR483746,52541,32005041-5248-3746-b5fb-ae737ddd1142,2020,2020,SEA,133
2022,NE,RB,RB,19,RET,Malcolm Perry,Malcolm,Perry,1997-04-19,69.0,190,Navy,00-0036245,4039436,73236a66-ba10-44a6-b12f-2ca13cad33b4,32916,14504,46513,PerrMa00,21962,7109,2,"https://static.www.nfl.com/image/private/f_auto,q_auto/league/eni8pcqq0hvcat9cvirr",,18,REG,R02,Malcolm,PER631387,52654,32005045-5263-1387-f4fb-1d8566ba58d2,2020,2020,MIA,246
2022,GB,OL,G,76,ACT,Jon Runyan,Jon,Runyan,1997-08-08,76.0,321,Michigan,00-0036246,,,,,,,,,2,"https://static.www.nfl.com/image/private/f_auto,q_auto/league/urkdny9hjuxjlyalitx3",G,18,REG,A01,Jon,RUN665243,52600,32005255-4e66-5243-5999-ba8f8f093175,2020,2020,GB,192
2022,DEN,WR,WR,86,ACT,Freddie Swain,Freddie,Swain,1998-08-04,72.0,199,Florida,00-0036247,4034950,81997ce2-9e70-4014-999a-25ebb405dbf6,32884,14644,26448,SwaiFr00,21960,7135,2,"https://static.www.nfl.com/image/private/f_auto,q_auto/league/zqhgej8jcvsyic24ivqj",SLOT_WR,18,REG,A01,Freddie,SWA086661,52622,32005357-4108-6661-a1b9-6c0262d1d23d,2020,2020,SEA,214
2022,MIA,OL,T,73,RES,Austin Jackson,Austin,Jackson,1999-08-11,77.0,310,Southern California,00-0036248,,,,,,,,,2,"https://static.www.nfl.com/image/private/f_auto,q_auto/league/clvadcsjbshqrdcqp9nm",,19,WC,R01,Austin,JAC041754,52426,32004a41-4304-1754-a4d4-5902e423feaa,2020,2020,MIA,18
2022,DET,LB,OLB,99,RES,Julian Okwara,Julian,Okwara,1997-12-27,76.0,241,Notre Dame,00-0036249,4046690,e91734d9-8e7d-4e55-9027-e7c338cc809a,32737,14448,44152,OkwaJu00,21887,6851,2,"https://static.www.nfl.com/image/private/f_auto,q_auto/league/q4caf6zjiyfzdp6oixh7",,18,REG,R01,Julian,OKW029663,52475,32004f4b-5702-9663-85a0-2051a10bc13c,2020,2020,DET,67
2022,GB,TE,TE,84,ACT,Tyler Davis,Tyler,Davis,1997-04-02,76.0,250,Georgia Tech,00-0036250,3914240,e7a9186e-5e19-4f70-b45c-527c888e6fc7,32876,14827,47743,DaviTy02,22138,7131,2,"https://static.www.nfl.com/image/private/f_auto,q_auto/league/xp6jjywef1hipnbkmszr",TE,18,REG,A01,Tyler,DAV781752,52614,32004441-5678-1752-b68c-f5e2580700d9,2020,2020,JAX,206
2022,IND,RB,RB,21,ACT,Zack Moss,Zaccheus,Moss,1997-12-15,69.0,215,Utah,00-0036251,4035676,d8fef424-aa41-4c26-9bce-1265b53cd5e2,32756,14564,40341,MossZa00,21784,6845,2,"https://static.www.nfl.com/image/private/f_auto,q_auto/league/lhsxp1czwfg0thucvhtf",RB,18,REG,A01,Zack,MOS756406,52494,32004d4f-5375-6406-2efb-a60ab36c4cc4,2020,2020,BUF,86
2022,IND,WR,WR,11,ACT,Michael Pittman,Michael,Pittman,1997-10-05,76.0,220,Southern California,00-0036252,4035687,1aefd5e2-1f85-471a-91a5-4aad4cf6fe6d,32704,14378,29049,PittMi01,21744,6819,2,"https://static.www.nfl.com/image/private/f_auto,q_auto/league/mkhwsbbkzcjzp7hd8u5x",WR,18,REG,A01,Michael,PIT228050,52442,32005049-5422-8050-a8f8-f5210135a4b3,2020,2020,IND,34
2022,IND,DB,FS,32,ACT,Julian Blackmon,Julian,Blackmon,1998-08-24,72.0,204,Utah,00-0036253,4035661,c2ec4712-147c-49b1-b6ec-fdb298913080,32755,14704,49434,BlacJu01,22109,7044,2,"https://static.www.nfl.com/image/private/f_auto,q_auto/league/rudh6mxcvw1dxamkbxwc",SLOT_CB,18,REG,A01,Julian,BLA283027,52493,3200424c-4128-3027-fdc4-2c27128f84f7,2020,2020,IND,85
2022,NYG,WR,WR,15,RES,Collin Johnson,Collin,Johnson,1997-09-23,78.0,215,Texas,00-0036254,4039043,214ae0bc-d6ed-4216-a154-f253c85bb90b,32835,14545,47808,JohnCo01,21730,6857,2,"https://static.www.nfl.com/image/private/f_auto,q_auto/league/wgydxxyumf6zrskoq9ut",,20,DIV,R01,Collin,JOH137817,52573,32004a4f-4813-7817-68b3-40b44f76613d,2020,2020,JAX,165
2022,NYJ,WR,WR,11,ACT,Denzel Mims,Denzel,Mims,1997-10-10,75.0,208,Baylor,00-0036255,4035403,adfc13b3-1eb6-49f3-9ba6-d4d87fd13685,32729,14539,47800,MimsDe00,21741,6849,2,"https://static.www.nfl.com/image/private/f_auto,q_auto/league/vxqhwwsx0ngjupeajnpm",WR,18,REG,A01,Denzel,MIM624399,52467,32004d49-4d62-4399-5aee-b92ce1fc40e6,2020,2020,NYJ,59
2022,SF,OL,T,68,ACT,Colton McKivitz,Colton,McKivitz,1996-08-09,78.0,324,West Virginia,00-0036256,,,,,,,,,2,"https://static.www.nfl.com/image/private/f_auto,q_auto/league/evzpax9uqpsitmepvcc3",,21,CON,A01,Colton,MCK697746,52561,32004d43-4b69-7746-902f-ec9dd1066991,2020,2020,SF,153
2022,DET,OL,G,73,ACT,Jonah Jackson,Jonah,Jackson,1997-02-05,76.0,305,Ohio State,00-0036258,,,,,,,,,2,"https://static.www.nfl.com/image/private/f_auto,q_auto/league/wk9segxdlcwhuotjab8i",G,18,REG,A01,Jonah,JAC273114,52483,32004a41-4327-3114-31f3-a570f5dec407,2020,2020,DET,75
2022,SF,WR,WR,15,ACT,Jauan Jennings,Bennie,Jennings,1997-07-10,75.0,214,Tennessee,00-0036259,3886598,3ae9f0fa-c711-4663-80cf-4707856c07aa,32887,14376,48027,JennJa00,21717,7049,2,"https://static.www.nfl.com/image/private/f_auto,q_auto/league/rwq08rzc0xlfvsxi6mql",SLOT_WR,21,CON,A01,Jauan,JEN497457,52625,32004a45-4e49-7457-3af8-79760d0083cb,2020,2020,SF,217
2022,SF,DL,DT,99,ACT,Javon Kinlaw,Javon,Kinlaw,1997-10-03,77.0,310,South Carolina,00-0036260,4259491,1a8eff7a-1057-47c9-aa82-3dbf3f47a76c,32684,14444,56834,KinlJa00,21867,6792,2,"https://static.www.nfl.com/image/private/f_auto,q_auto/league/lwpjojsgfbi7ipmfbigq",INTERIOR_LINE,21,CON,A01,Javon,KIN708236,52422,32004b49-4e70-8236-d068-74d6202e4019,2020,2020,SF,14
2022,SF,WR,WR,11,ACT,Brandon Aiyuk,Brandon,Aiyuk,1998-03-17,72.0,206,Arizona State,00-0036261,4360438,c90471cc-fa60-4416-9388-5aebb5d877eb,32695,14386,84109,AiyuBr00,21747,6803,2,"https://static.www.nfl.com/image/private/f_auto,q_auto/league/gckbb3t2zkeczedw55zp",WR,21,CON,A01,Brandon,AIY189231,52433,32004149-5918-9231-4476-63b611051b08,2020,2020,SF,25
2022,JAX,DL,DT,52,ACT,Davon Hamilton,Davon,Hamilton,1997-02-01,76.0,310,Ohio State,00-0036262,3915520,a94f0507-44b0-4fb5-9e8c-fd21157ec1a6,32743,14714,28072,HamiDa02,21869,6972,2,"https://static.www.nfl.com/image/private/f_auto,q_auto/league/tiza1tfahnabhexwrbwj",INTERIOR_LINE,20,DIV,A01,Davon,HAM205852,52481,32004841-4d20-5852-77dc-f6d40bb66091,2020,2020,JAX,73
2022,GB,QB,QB,10,ACT,Jordan Love,Jordan,Love,1998-11-02,76.0,220,Utah State,00-0036264,4036378,e5094779-e94f-4052-8597-bdbee3719f6b,32696,14371,40306,LoveJo03,21841,6804,2,"https://static.www.nfl.com/image/private/f_auto,q_auto/league/a6i6tjhn1gmiuer38l4p",,18,REG,A01,Jordan,LOV130776,52434,32004c4f-5613-0776-be4c-ce231b05c522,2020,2020,GB,26
2022,GB,RB,RB,28,ACT,A.J. Dillon,Algiers,Dillon,1998-05-02,72.0,250,Boston College,00-0036265,4239934,e10bfeb8-ea01-47bc-bfa8-45f6dcbf71b3,32732,14370,57165,DillAJ00,21802,6828,2,"https://static.www.nfl.com/image/private/f_auto,q_auto/league/w270owegdowada3phhr2",RB,18,REG,A01,A.J.,DIL237740,52470,32004449-4c23-7740-624c-afbd67329c54,2020,2020,GB,62
2022,CLE,DL,DT,96,ACT,Jordan Elliott,Jordan,Elliott,1997-11-23,76.0,315,Missouri,00-0036266,4039052,445efcfc-1646-4823-89f7-8b6005266d13,32758,14353,56734,ElliJo02,22059,6841,2,"https://static.www.nfl.com/image/private/f_auto,q_auto/league/haqyzkxwxef0hojgyz4w",INTERIOR_LINE,18,REG,A01,Jordan,ELL323955,52496,3200454c-4c32-3955-163f-c80cea1e03d4,2020,2020,CLE,88
2022,CLE,OL,T,71,ACT,Jedrick Wills,Jedrick,Wills,1999-05-17,76.0,320,Alabama,00-0036267,,,,,,,,,2,"https://static.www.nfl.com/image/private/f_auto,q_auto/league/yb2yk8uqsoakf8yyrlf9",T,18,REG,A01,Jedrick,WIL626320,52418,32005749-4c62-6320-8b63-20c37d057bf8,2020,2020,CLE,10
2022,CAR,WR,WR,15,ACT,Laviska Shenault,Laviska,Shenault,1998-10-05,73.0,220,Colorado,00-0036268,4243160,131d3b1a-5746-499e-98ee-4bbf67cd377e,32712,14358,61220,ShenLa00,21697,6814,2,"https://static.www.nfl.com/image/private/f_auto,q_auto/league/yohlrvcnnibrtfsc15t5",SLOT_WR,18,REG,A01,Laviska,SHE458893,52450,32005348-4545-8893-4e8b-5724302de088,2020,2020,JAX,42
2022,KC,RB,RB,33,DEV,La'Mical Perine,La'Mical,Perine,1998-01-30,71.0,220,Florida,00-0036269,4034952,f86e291f-d678-463c-93cb-beedab9a309a,32790,14427,26408,PeriLa00,21797,6908,2,"https://static.www.nfl.com/image/private/f_auto,q_auto/league/jle700dormwjrkxkabg9",,22,SB,P06,La'Mical,PER094283,52528,32005045-5209-4283-5343-0dc17857704e,2020,2020,NYJ,120
2022,CAR,LB,LB,47,CUT,Kamal Martin,Kamal,Martin,1998-06-17,75.0,245,Minnesota,00-0036270,4034781,e1917291-e27c-4221-b62e-36b5d9df254c,32845,14385,12744,MartKa01,22007,6890,2,"https://static.www.nfl.com/image/private/f_auto,q_auto/league/lqrmecpafdqcn7npwvd8",,1,REG,A01,Kamal,MAR664643,52583,32004d41-5266-4643-218e-20795551544b,2020,2020,GB,175
2022,PHI,WR,WR,16,ACT,Quez Watkins,Terrance,Watkins,1998-06-09,72.0,190,Southern Mississippi,00-0036271,4050373,ca85137c-205c-458e-8b77-8457849f614c,32870,14464,61664,WatkQu00,21957,6927,2,"https://static.www.nfl.com/image/private/f_auto,q_auto/league/rmjnzisldujzafokljfa",SLOT_WR,22,SB,A01,Quez,WAT256754,52608,32005741-5425-6754-e1b1-afc9abed8980,2020,2020,PHI,200
2022,JAX,OL,G,78,RES,Ben Bartch,Benjamin,Bartch,1998-07-22,78.0,305,"St. John's, Minn.",00-0036272,,,,,,,,,2,"https://static.www.nfl.com/image/private/f_auto,q_auto/league/sualbvmzkxtcdlfnd87a",,20,DIV,R01,Ben,BAR720314,52524,32004241-5272-0314-6867-3573699ef57d,2020,2020,JAX,116
2022,GB,OL,C,67,RES,Jake Hanson,Jake,Hanson,1997-04-29,76.0,297,Oregon,00-0036273,,,,,,,,,2,"https://static.www.nfl.com/image/private/f_auto,q_auto/league/eyx2otnvdueuquekklia",,18,REG,R01,Jake,HAN668143,52616,32004841-4e66-8143-8a03-3cf5355d3153,2020,2020,GB,208
2022,DET,DB,CB,1,INA,Jeff Okudah,Jeffrey,Okudah,1999-02-02,73.0,200,Ohio State,00-0036274,4241984,790ae305-a3ea-4a98-a13a-31dacadec04e,32673,14424,55674,OkudJe00,22044,6785,2,"https://static.www.nfl.com/image/private/f_auto,q_auto/league/t3zheidpjec5ijnhf5xz",,18,REG,A01,Jeff,OKU192813,52411,32004f4b-5519-2813-7f59-b79efab52dd1,2020,2020,DET,3
2022,DET,RB,RB,32,ACT,D'Andre Swift,D'Andre,Swift,1999-01-14,69.0,211,Georgia,00-0036275,4259545,cc4b5f58-a11c-4450-a1df-617ad88336e4,32705,14394,57212,SwifDA00,21684,6790,2,"https://static.www.nfl.com/image/private/f_auto,q_auto/league/dtyenl0mb55yvh90ttoz",RB,18,REG,A01,D'Andre,SWI228476,52443,32005357-4922-8476-53db-e64aaf6e01f5,2020,2020,DET,35
2022,CLE,LB,MLB,50,RES,Jacob Phillips,Jacob,Phillips,1999-04-01,75.0,233,Louisiana State,00-0036276,4242206,894c783a-ddcd-4dba-b337-06d7db037a6e,32767,14517,57942,PhilJa01,21979,7006,2,"https://static.www.nfl.com/image/private/f_auto,q_auto/league/ndttzxnmi6yw9zujrpsj",,18,REG,R01,Jacob,PHI254322,52505,32005048-4925-4322-4ff5-33f36c969da0,2020,2020,CLE,97
2022,DET,WR,WR,87,RES,Quintez Cephus,Quintez,Cephus,1998-04-01,73.0,205,Wisconsin,00-0036277,4035793,3bd012f5-1fdf-4ed7-b660-5013122df93f,32836,14466,29614,CephQu00,21729,6895,2,"https://static.www.nfl.com/image/private/f_auto,q_auto/league/uzgkdl4kf200rcr5pdl2",,18,REG,R01,Quintez,CEP422041,52574,32004345-5042-2041-b441-60bc9cb55ad1,2020,2020,DET,166
2022,PIT,RB,RB,33,DEV,Jason Huntley,Jason,Huntley,1998-04-20,69.0,193,New Mexico State,00-0036278,4040790,632f863e-ad20-424f-a468-7ee40c098c2c,32842,14796,45693,HuntJa01,21764,7107,2,"https://static.www.nfl.com/image/private/f_auto,q_auto/league/gbnyqxaymlji05bnflc5",,18,REG,P01,Jason,HUN820991,52580,32004855-4e82-0991-c24d-2b6b3dad0477,2020,2020,DET,172
2022,MIN,QB,QB,14,CUT,Nate Stanley,Nathan,Stanley,1997-08-26,76.0,243,Iowa,00-0036279,4036149,fa781bd3-04ed-4536-8d48-af9742c8aa13,32914,14566,,StanNa00,21812,6892,2,"https://static.www.nfl.com/image/private/f_auto,q_auto/league/cjbtyh7pscewjkcutymu",,1,REG,A01,Nate,STA455349,52652,32005354-4145-5349-7970-b78efc9c00c7,2020,2020,MIN,244
2022,BAL,LB,OLB,40,ACT,Malik Harrison,Malik,Harrison,1998-03-05,75.0,245,Ohio State,00-0036280,4040615,32575119-3aca-47cb-aaaf-162c48b7d372,32768,14648,28081,HarrMa06,21996,6867,2,"https://static.www.nfl.com/image/private/f_auto,q_auto/league/usjuugcyfuxxobefwhsj",SLOT_CB,19,WC,A01,Malik,HAR605109,52506,32004841-5260-5109-5b0d-c966f8ba7e71,2020,2020,BAL,98
2022,CAR,DB,CB,24,ACT,C.J. Henderson,Christopher,Henderson,1998-09-30,73.0,191,Florida,00-0036281,4240596,afbc5ac8-8e3f-4cb6-a96d-3b28b039bde9,32679,14367,55593,HendCJ00,22052,6791,2,"https://static.www.nfl.com/image/private/f_auto,q_auto/league/jtheqxtgw3b0zwqp18me",CB,18,REG,A01,C.J.,HEN053672,52417,32004845-4e05-3672-fd87-85ca08961509,2020,2020,JAX,9
2022,CLE,DB,SS,22,ACT,Grant Delpit,Grant,Delpit,1998-09-20,75.0,203,Louisiana State,00-0036282,4242208,1bbe7ce0-3707-4d4d-b8f6-7577008f1763,32714,14507,60685,DelpGr00,21918,6799,2,"https://static.www.nfl.com/image/private/f_auto,q_auto/league/vykazy1sgcvpmhwd7xjs",SAFETY,18,REG,A01,Grant,DEL678942,52452,32004445-4c67-8942-a373-bb1e9a2b7718,2020,2020,CLE,44
2022,CAR,DB,FS,27,DEV,Kenny Robinson,Kenny,Robinson,1999-01-08,74.0,202,West Virginia,00-0036283,4241889,0d226e62-3a43-4a9f-a985-05214182146f,32822,14787,60789,RobiKe02,22133,7119,2,"https://static.www.nfl.com/image/private/f_auto,q_auto/league/xlk75exvuse05wmh6o1g",,18,REG,P06,Kenny,ROB593026,50756,3200524f-4259-3026-59d3-c48f66d6bb7c,2020,2020,CAR,152
2022,NYJ,OL,T,77,RES,Mekhi Becton,Mekhi,Becton,1999-04-18,79.0,355,Louisville,00-0036284,,,,,,,,,2,"https://static.www.nfl.com/image/private/f_auto,q_auto/league/alob5zfotjhiwifyepcw",,18,REG,R01,Mekhi,BEC814547,52419,32004245-4381-4547-3cf4-9d445d134d9a,2020,2020,NYJ,11
2022,ATL,DB,CB,24,ACT,A.J. Terrell,A.J.,Terrell,1998-09-23,73.0,190,Clemson,00-0036285,4239995,1eae2610-be1d-4f53-82a2-28cf4a2db352,32686,14526,55586,TerrAJ00,22075,6836,2,"https://static.www.nfl.com/image/private/f_auto,q_auto/league/eb8u2ml8s1dfduscttff",CB,18,REG,A01,A.J.,TER272956,52424,32005445-5227-2956-3d70-15eacafe6b00,2020,2020,ATL,16
2022,JAX,LB,OLB,45,ACT,K'Lavon Chaisson,K'Lavon,Chaisson,1999-07-25,75.0,250,Louisiana State,00-0036286,4242205,74439c42-a6db-4a9a-be25-559f3e03ef59,32690,14523,57945,ChaiKL00,21888,6800,2,"https://static.www.nfl.com/image/private/f_auto,q_auto/league/f5wku16ni4o2mafug0nf",EDGE,20,DIV,A01,K'Lavon,CHA031652,52428,32004348-4103-1652-cb42-0c501912b1a9,2020,2020,JAX,20
2022,MIA,DB,CB,9,INA,Noah Igbinoghene,Noah,Igbinoghene,1999-11-27,71.0,196,Auburn,00-0036287,4242516,b4b346b6-6175-407c-a6cd-103368a1609f,32700,14713,61155,IgbiNo00,22072,6817,2,"https://static.www.nfl.com/image/private/f_auto,q_auto/league/kxecnnautjli2ltl2blf",,19,WC,A01,Noah,IGB148318,52438,32004947-4214-8318-2536-3aa44c8f7f41,2020,2020,MIA,30
2022,CAR,DL,DE,97,ACT,Yetur Gross-Matos,Yetur,Gross-Matos,1998-02-26,77.0,264,Penn State,00-0036288,4259594,d96afcfe-32fb-4a59-b75c-94a6184d3136,32707,14355,56444,GrosYe00,21896,6812,2,"https://static.www.nfl.com/image/private/f_auto,q_auto/league/fez7bs07mskvupiwqmvs",EDGE,18,REG,A01,Yetur,GRO610423,52446,32004752-4f61-0423-9bac-e2b343fce23e,2020,2020,CAR,38
2022,MIN,DL,DT,96,INA,Ross Blacklock,Ross,Blacklock,1998-07-09,77.0,305,Texas Christian,00-0036289,4038557,7e2046da-1bdb-49b6-abb1-c35e725d84a3,32709,14406,44526,BlacRo00,22054,6795,2,"https://static.www.nfl.com/image/private/f_auto,q_auto/league/bhfz75verrtkscghgjjz",,19,WC,A01,Ross,BLA246567,52448,3200424c-4124-6567-64a2-94c97f8f8038,2020,2020,HOU,40
2022,CHI,TE,TE,85,ACT,Cole Kmet,Cole,Kmet,1999-03-10,78.0,258,Notre Dame,00-0036290,4258595,036feeb6-9a22-43c5-a8e3-7ac611d8ff49,32713,14436,60995,KmetCo00,21772,6826,2,"https://static.www.nfl.com/image/private/f_auto,q_auto/league/nhm40cko3e3njtfytqro",TE,18,REG,A01,Cole,KME200895,52451,32004b4d-4520-0895-f027-61d779beeff4,2020,2020,CHI,43
2022,ATL,DL,DT,90,CUT,Marlon Davidson,Marlon,Davidson,1998-05-11,75.0,279,Auburn,00-0036291,4035494,73afc75b-68f0-4cb0-823d-5bfe33969766,32717,14540,48741,DaviMa01,21884,6838,2,"https://static.www.nfl.com/image/private/f_auto,q_auto/league/xvicmjslfd53rzjdriub",,8,REG,W03,Marlon,DAV093525,52455,32004441-5609-3525-2777-dfbcb1d4d28c,2020,2020,ATL,47
2022,CHI,DB,CB,33,RES,Jaylon Johnson,Jaylon,Johnson,1999-04-19,72.0,195,Utah,00-0036292,4243253,99b81b41-fb3b-4650-940b-9cb3770021ba,32720,14627,56259,JohnJa13,22056,6839,2,"https://static.www.nfl.com/image/private/f_auto,q_auto/league/tu92hqh8ghl3ordqh3re",,18,REG,R01,Jaylon,JOH341277,52458,32004a4f-4834-1277-a78d-0224e4072abc,2020,2020,CHI,50
2022,CAR,DB,FS,21,ACT,Jeremy Chinn,Jeremy,Chinn,1998-02-26,75.0,212,Southern Illinois,00-0036293,4043169,5f623fbc-415e-4035-b423-7850cf1153b4,32734,14623,43179,ChinJe00,21921,7016,2,"https://static.www.nfl.com/image/private/f_auto,q_auto/league/mqaamvkc6w43v9t8s1g7",SLOT_CB,18,REG,A01,Jeremy,CHI650621,52472,32004348-4965-0621-179b-1e6fa9b75e74,2020,2020,CAR,64
2022,CIN,LB,ILB,55,ACT,Logan Wilson,Logan,Wilson,1996-07-08,74.0,250,Wyoming,00-0036294,3918330,05cb1d47-3517-4410-a61b-75adabbfb910,32735,14647,29623,WilsLo00,22003,6880,2,"https://static.www.nfl.com/image/private/f_auto,q_auto/league/m2fw42j8ytsq57wn3cmx",MLB,21,CON,A01,Logan,WIL747370,52473,32005749-4c74-7370-743f-2000a41bbeba,2020,2020,CIN,65
2022,ATL,OL,C,61,ACT,Matt Hennessy,Matthew,Hennessy,1997-11-17,75.0,290,Temple,00-0036295,,,,,,,,,2,"https://static.www.nfl.com/image/private/f_auto,q_auto/league/keuxgdkrc0twtc4ya3cq",G,18,REG,A01,Matt,HEN536731,52486,32004845-4e53-6731-faa4-c650075e5d1a,2020,2020,ATL,78
2022,NO,DL,DE,69,DEV,Jabari Zuniga,Jabari,Zuniga,1997-08-14,75.0,264,Florida,00-0036296,3915123,2160ed45-4a2a-4d3b-9da4-d18446dfa292,32749,14734,26449,ZuniJa00,21910,6897,2,"https://static.www.nfl.com/image/private/f_auto,q_auto/league/kwwf0l0vd74wyxcnacwk",,18,REG,P06,Jabari,ZUN207645,52487,32005a55-4e20-7645-bad6-222cbc88c769,2020,2020,NYJ,79
2022,CHI,RB,RB,21,INA,Darrynton Evans,Darrynton,Evans,1998-07-09,70.0,200,Appalachian State,00-0036297,4036431,eb3c219d-6489-4f2f-a542-bdbf7423a325,32763,14400,40692,EvanDa02,21845,7064,2,"https://static.www.nfl.com/image/private/f_auto,q_auto/league/ogaebs1gcx4ntobmwerb",,18,REG,A01,Darrynton,EVA116537,52501,32004556-4111-6537-4adc-98552053123e,2020,2020,TEN,93
2022,CIN,LB,OLB,59,ACT,Akeem Davis-Gaither,Akeem,Davis-Gaither,1997-09-21,74.0,215,Appalachian State,00-0036298,3917142,d152b2d5-402d-47f4-a6d1-7870e5a32df5,32777,14661,34788,DaviAk01,21999,6860,2,"https://static.www.nfl.com/image/private/f_auto,q_auto/league/y0olktcm76f2cl5xl5ki",INTERIOR_LINE,21,CON,A01,Akeem,DAV816473,52515,32004441-5681-6473-4bbb-eb231ca69181,2020,2020,CIN,107
2022,ATL,LB,ILB,3,ACT,Mykal Walker,Mykal,Walker,1997-08-28,75.0,219,Fresno State,00-0036300,4243009,86d7dd69-9957-4853-b069-5ad7e35edc64,32789,14754,57834,WalkMy00,21989,7012,2,"https://static.www.nfl.com/image/private/f_auto,q_auto/league/zipgerabisno2nimhpku",EDGE,18,REG,A01,Mykal,WAL280175,52527,32005741-4c28-0175-924f-5d081f632663,2020,2020,ATL,119
2022,ARI,QB,QB,9,CUT,James Morgan,James,Morgan,1997-02-28,76.0,213,Florida International,00-0036301,3914395,d0b866b8-6221-492c-a80b-4a12bbd13e64,32795,14531,,MorgJa00,21965,7081,2,"https://static.www.nfl.com/image/private/f_auto,q_auto/league/rp3euc21iwidtifjb08z",,18,REG,P01,James,MOR163437,52533,32004d4f-5216-3437-2fdf-965084d7442b,2020,2020,NYJ,125
2022,ATL,DB,FS,32,ACT,Jaylinn Hawkins,Jaylinn,Hawkins,1997-08-27,73.0,210,California,00-0036302,3858276,c588e277-fc9e-4187-9358-2b9e1a2b0cd9,32804,14697,51423,HawkJa00,21933,7058,2,"https://static.www.nfl.com/image/private/f_auto,q_auto/league/cuxroqzrc9vjxjib2fi7",SAFETY,18,REG,A01,Jaylinn,HAW416901,52542,32004841-5741-6901-ca8d-82f5580f7a66,2020,2020,ATL,134
2022,PHI,DB,CB,33,INA,Josiah Scott,Josiah,Scott,1999-04-05,69.0,175,Michigan State,00-0036303,4241977,72d2a51c-7f02-4db8-8cce-19c45820f170,32807,14413,55634,ScotJo00,22057,6935,2,"https://static.www.nfl.com/image/private/f_auto,q_auto/league/ipbeexqbves8rgdqttsw",,22,SB,A01,Josiah,SCO426818,52545,32005343-4f42-6818-5881-c2c3131f23ff,2020,2020,JAX,137
2022,ATL,DB,CB,23,DEV,John Reid,John,Reid,1996-05-15,70.0,181,Penn State,00-0036304,3929653,f113cf01-5a86-4ed9-ae34-dcdbac9e11a6,32811,14710,49381,ReidJo00,22061,7052,2,"https://static.www.nfl.com/image/private/f_auto,q_auto/league/sxc8vmfhrfish4e6nbtk",,18,REG,P06,John,REI288723,52549,32005245-4928-8723-84fa-0982f72e04e5,2020,2020,HOU,141
2022,CHI,LB,OLB,99,ACT,Trevis Gipson,Trevis,Gipson,1997-06-13,76.0,268,Tulsa,00-0036305,3917016,2814f1e7-dca6-4bd9-80a9-9af480d10546,32825,14680,35241,GipsTr00,21890,7120,2,"https://static.www.nfl.com/image/private/f_auto,q_auto/league/nqabc8l1ouclhfxaj2fe",EDGE,18,REG,A01,Trevis,GIP564972,52563,32004749-5056-4972-92bf-717d307ebaac,2020,2020,CHI,155
2022,JAX,DB,SS,20,ACT,Daniel Thomas,Daniel,Thomas,1998-07-01,70.0,209,Auburn,00-0036306,4035505,15a6249f-f4cf-47c2-8251-8a3a802b3db0,32827,14687,42544,ThomDa07,21928,7053,2,"https://static.www.nfl.com/image/private/f_auto,q_auto/league/ktmglwbftiplky5xtnmq",,20,DIV,A01,Daniel,THO091876,52565,32005448-4f09-1876-a61f-71eebb43a299,2020,2020,JAX,157
2022,CHI,DB,CB,22,RES,Kindle Vildor,Kindle,Vildor,1997-12-11,71.0,190,Georgia Southern,00-0036307,4036651,e1072f9a-86f7-4d01-89a6-33fe0186f232,32833,14706,49346,VildKi00,22079,6928,2,"https://static.www.nfl.com/image/private/f_auto,q_auto/league/bkjbgek6y7d7tmo1gnya",,18,REG,R01,Kindle,VIL069215,52571,32005649-4c06-9215-f779-0561e1953584,2020,2020,CHI,163
2022,BUF,WR,WR,82,RES,Isaiah Coulter,Isaiah,Coulter,1998-09-18,74.0,190,Rhode Island,00-0036308,4248504,0063fe36-d8c2-43e6-8ab1-af890eb58cea,32841,14537,55307,CoulIs00,21967,7085,2,"https://static.www.nfl.com/image/private/f_auto,q_auto/league/wpkz05jnbitkowfmxaso",,20,DIV,R23,Isaiah,COU160662,52579,3200434f-5516-0662-8b6d-a1ee4723ab0a,2020,2020,HOU,171
2022,CHI,WR,WR,11,RES,Darnell Mooney,Darnell,Mooney,1997-10-29,71.0,172,Tulane,00-0036309,4040655,bafe8df1-66b5-4200-8fb3-ff188c25a4e2,32843,14510,48236,MoonDa00,21961,7090,2,"https://static.www.nfl.com/image/private/f_auto,q_auto/league/fdnosrx5gylbgeuf6m4r",,18,REG,R01,Darnell,MOO076900,52581,32004d4f-4f07-6900-2883-f3ddae0181d4,2020,2020,CHI,173
2022,CIN,OL,G,77,ACT,Hakeem Adeniji,Hakeem,Adeniji,1997-12-08,76.0,300,Kansas,00-0036310,,,,,,,,,2,"https://static.www.nfl.com/image/private/f_auto,q_auto/league/sukikmwfvyjsysfjrept",T,21,CON,A01,Hakeem,ADE451329,52588,32004144-4545-1329-dcd7-27e4940351c6,2020,2020,CIN,180
2022,CAR,DL,DT,93,ACT,Bravvion Roy,Bravvion,Roy,1996-10-18,73.0,333,Baylor,00-0036311,4035407,47dedc0e-a2fd-415c-8619-5a46867d83e2,32854,14824,25644,RoyxBr00,22135,7124,2,"https://static.www.nfl.com/image/private/f_auto,q_auto/league/yahohmgmpgysfvgrt9ef",INTERIOR_LINE,18,REG,A01,Bravvion,ROY062465,52592,3200524f-5906-2465-1403-d384e5bf09a4,2020,2020,CAR,184
2022,NO,QB,QB,16,DEV,Jake Luton,Jake,Luton,1996-04-11,78.0,236,Oregon State,00-0036312,3124900,c81ae6df-f87f-4197-b68f-a460321b48b4,32859,14562,17287,LutoJa00,21814,7084,2,"https://static.www.nfl.com/image/private/f_auto,q_auto/league/nxsvpqsrlqzlvkn8egcs",,18,REG,P01,Jake,LUT387063,52597,32004c55-5438-7063-68d9-75cbeff57a11,2020,2020,JAX,189
2022,NYJ,P,P,7,ACT,Braden Mann,Braden,Mann,1997-11-24,71.0,190,Texas A&amp;M,00-0036313,4035239,85eaaf9f-59cf-4150-943c-c1abdaa78eb1,32861,14654,,MannBr01,22094,6950,2,"https://static.www.nfl.com/image/private/f_auto,q_auto/league/sf6zijlmdfctrpfm1lxs",,18,REG,A01,Braden,MAN389317,52599,32004d41-4e38-9317-816e-74ec32669a1c,2020,2020,NYJ,191
2022,CIN,LB,ILB,51,ACT,Markus Bailey,Markus,Bailey,1997-03-07,72.0,240,Purdue,00-0036314,3917992,cbe52cf7-a9fe-495c-bd77-3a22a7f7208f,32885,14736,49681,BailMa01,21911,6891,2,"https://static.www.nfl.com/image/private/f_auto,q_auto/league/cuvvbeis3u87ecrbr6hc",,21,CON,A01,Markus,BAI557328,52623,32004241-4955-7328-a2e1-9433ac97ac10,2020,2020,CIN,215
2022,CAR,DB,CB,23,RES,Stantley Thomas-Oliver,Stantley,Thomas-Oliver,1998-06-04,72.0,184,Florida International,00-0036315,4046353,6c162e60-0d39-46b4-bd8d-d2f3c6d6c7e5,32891,14707,,ThomSt00,22088,7137,2,"https://static.www.nfl.com/image/private/f_auto,q_auto/league/ahgm0nyubq3bugfx34ta",,18,REG,R01,Stantley,THO421309,52629,32005448-4f42-1309-4f2d-70068c496959,2020,2020,CAR,221
2022,JAX,DB,CB,6,ACT,Chris Claybrooks,Chris,Claybrooks,1997-07-17,69.0,176,Memphis,00-0036316,4371737,039d817f-17a4-471d-8949-197335dcd1ad,32893,14829,76692,ClayCh02,22141,7138,2,"https://static.www.nfl.com/image/private/f_auto,q_auto/league/yiayltrr7rrcointxjiw",,20,DIV,A01,Chris,CLA776181,52631,3200434c-4177-6181-8ba5-32c4f77d5e4d,2020,2020,JAX,223
2022,IND,OL,G,64,DEV,Arlington Hambright,Arlington,Hambright,1996-01-30,77.0,300,Colorado,00-0036317,,,,,,,,,2,"https://static.www.nfl.com/image/private/f_auto,q_auto/league/dznmjxy8s6phamtf82wl",,18,REG,P06,Arlington,HAM124009,52634,32004841-4d12-4009-d04e-355d55b6dd7e,2020,2020,CHI,226
2022,ARI,OL,G,73,DEV,Lachavious Simmons,Lachavious,Simmons,1996-09-26,77.0,315,Tennessee State,00-0036318,,,,,,,,,2,"https://static.www.nfl.com/image/private/f_auto,q_auto/league/lzaywkrjlwkwmhm0tqku",,18,REG,P06,Lachavious,SIM257068,52635,32005349-4d25-7068-5879-00d2183df807,2020,2020,CHI,227
2022,TB,P,P,6,CUT,Sterling Hofrichter,Sterling,Hofrichter,1996-12-05,69.0,199,Syracuse,00-0036319,3916449,aecf0860-27aa-49ac-b133-69fe2c4c63e1,32898,14653,33541,HofrSt00,22144,7141,2,"https://static.www.nfl.com/image/private/f_auto,q_auto/league/wukofzljcs438xiuuqfd",,1,REG,A01,Sterling,HOF798120,52636,3200484f-4679-8120-af07-1961d77415d4,2020,2020,ATL,228
2022,CLE,P,P,8,CUT,Joseph Charlton,Joseph,Charlton,1997-04-07,77.0,190,South Carolina,00-0036320,3924357,9a76c690-1946-4860-9564-a0b7b9bbaf0a,33360,14652,33672,,22093,6936,2,"https://static.www.nfl.com/image/private/f_auto,q_auto/league/rfkwyjmsjc28dm2oosbe",,1,REG,A01,Joseph,CHA640375,53146,32004348-4164-0375-7741-f837e8c9bd89,2020,2020,,
2022,WAS,DL,DE,99,ACT,Chase Young,Chase,Young,1999-04-14,77.0,265,Ohio State,00-0036321,4241986,9947409c-4a34-45f5-99a1-aa6daa13c430,32672,14452,56436,YounCh04,22092,6782,2,"https://static.www.nfl.com/image/private/f_auto,q_auto/league/x3ll0b6vt1wnpstjo1h7",EDGE,18,REG,A01,Chase,YOU146550,52410,3200594f-5514-6550-d662-263c81d981b1,2020,2020,WAS,2
2022,MIN,WR,WR,18,ACT,Justin Jefferson,Justin,Jefferson,1999-06-16,73.0,192,Louisiana State,00-0036322,4262921,4131d4ee-0318-4bb5-832a-4dec80668a4f,32692,14509,61398,JeffJu00,21685,6794,2,"https://static.www.nfl.com/image/private/f_auto,q_auto/league/zdstmm4sloqnichybgja",WR,19,WC,A01,Justin,JEF269287,52430,32004a45-4626-9287-c454-479b942cbd26,2020,2020,MIN,22
2022,BAL,LB,ILB,6,ACT,Patrick Queen,Patrick,Queen,1999-08-13,72.0,227,Louisiana State,00-0036323,4242207,bc4c0c7d-a6f4-4cff-95ec-a4d0523c2232,32698,14508,57941,QueePa00,21982,6807,2,"https://static.www.nfl.com/image/private/f_auto,q_auto/league/okfhcgduk6lvpsjnufto",MLB,19,WC,A01,Patrick,QUE308806,52436,32005155-4530-8806-168a-7e9ee3bd3f96,2020,2020,BAL,28
2022,MIA,OL,G,68,ACT,Robert Hunt,Robert,Hunt,1996-08-25,78.0,322,Louisiana-Lafayette,00-0036325,,,,,,,,,2,"https://static.www.nfl.com/image/private/f_auto,q_auto/league/atqzjqmb82adp0mpfr5m",T,19,WC,A01,Robert,HUN360894,52447,32004855-4e36-0894-8461-dd1b950e2536,2020,2020,MIA,39
2022,CHI,WR,WR,10,ACT,Chase Claypool,Chase,Claypool,1998-07-07,76.0,227,Notre Dame,00-0036326,4046692,53ed110c-f022-4759-afd3-1cd3436dbba7,32719,14433,42312,ClayCh01,21752,6886,2,"https://static.www.nfl.com/image/private/f_auto,q_auto/league/ijst9lplsspmwidhaepp",WR,18,REG,A01,Chase,CLA781009,52457,3200434c-4178-1009-34a1-bfb9899e5d84,2020,2020,PIT,49
2022,MIN,OL,G,72,ACT,Ezra Cleveland,Ezra,Cleveland,1998-05-08,78.0,310,Boise State,00-0036327,,,,,,,,,2,"https://static.www.nfl.com/image/private/f_auto,q_auto/league/bqzx3mpnoqvjdvtz6tns",G,19,WC,A01,Ezra,CLE670117,52466,3200434c-4567-0117-4b64-f3ef088b9fb5,2020,2020,MIN,58
2022,WAS,RB,RB,24,RES,Antonio Gibson,Antonio,Gibson,1998-06-23,74.0,221,Memphis,00-0036328,4360294,c0a8a5d0-583f-457a-9d96-70027d3f69e7,32736,14639,78050,GibsAn00,21861,6945,2,"https://static.www.nfl.com/image/private/f_auto,q_auto/league/f5ttgwsx8z2kqygdczj9",,18,REG,R01,Antonio,GIB415285,52474,32004749-4241-5285-a215-d633ff9a6f70,2020,2020,WAS,66
2022,NYJ,DB,SS,21,ACT,Ashtyn Davis,Ashtyn,Davis,1996-10-10,73.0,200,California,00-0036329,3858271,7d491979-7d1b-4b55-9f3a-f68db22d8bb1,32738,14447,49560,DaviAs00,21925,6855,2,"https://static.www.nfl.com/image/private/f_auto,q_auto/league/ajgtcgkfvw2qvxor77ov",,18,REG,A01,Ashtyn,DAV163785,52476,32004441-5616-3785-71b6-36de3d91d151,2020,2020,NYJ,68
2022,MIN,DB,CB,3,INA,Cameron Dantzler,Cameron,Dantzler,1998-09-03,74.0,185,Mississippi State,00-0036330,4035385,c10aceb5-abcc-4e42-a399-cce8e5832671,32759,14363,42472,DantCa00,22048,6871,2,"https://static.www.nfl.com/image/private/f_auto,q_auto/league/ax7tihgxm8xuubatynsy",,19,WC,A01,Cameron,DAN764982,52497,32004441-4e76-4982-6dbf-ebb6876de452,2020,2020,MIN,89
2022,BAL,WR,WR,13,RES,Devin Duvernay,Devin,Duvernay,1997-09-12,71.0,210,Texas,00-0036331,4039050,d93dbc83-e604-4823-a24e-d162cbd8d4d9,32762,14636,40006,DuveDe00,21721,6847,2,"https://static.www.nfl.com/image/private/f_auto,q_auto/league/rvj5nmfasxafutemnvyx",,19,WC,R01,Devin,DUV459005,52500,32004455-5645-9005-cfce-f0b0bb8205b8,2020,2020,BAL,92
2022,GB,TE,TE,81,ACT,Josiah Deguara,Josiah,Deguara,1997-02-14,74.0,240,Cincinnati,00-0036332,3914151,7874d188-0fcd-4af9-9289-27c27e2bbd16,32764,14629,47034,DeguJo00,21798,7050,2,"https://static.www.nfl.com/image/private/f_auto,q_auto/league/ytgijlfni4cyqs0zozhz",FB,18,REG,A01,Josiah,DEG703400,52502,32004445-4770-3400-9fe2-3240dc1a9dab,2020,2020,GB,94
2022,PIT,LB,OLB,56,ACT,Alex Highsmith,Alex,Highsmith,1997-08-07,76.0,242,North Carolina-Charlotte,00-0036333,4037333,3f4025d1-5782-43e4-9f42-8eee2da66a95,32772,14724,43507,HighAl02,21897,7113,2,"https://static.www.nfl.com/image/private/f_auto,q_auto/league/h9sxdpkk3aeae6aysplk",EDGE,18,REG,A01,Alex,HIG595832,52510,32004849-4759-5832-21ce-07274900b330,2020,2020,PIT,102
2022,WAS,OL,T,77,RES,Saahdiq Charles,Saahdiq,Charles,1999-07-26,76.0,295,Louisiana State,00-0036334,,,,,,,,,2,"https://static.www.nfl.com/image/private/f_auto,q_auto/league/sylkyxpzca207awrcl76",,18,REG,R01,Saahdiq,CHA596597,52516,32004348-4159-6597-92df-2c5eba7d2e50,2020,2020,WAS,108
2022,MIN,LB,OLB,98,ACT,D.J. Wonnum,Dennis,Wonnum,1997-10-31,77.0,260,South Carolina,00-0036335,4038849,68356887-b59e-4210-9726-828ea7f83928,32787,14612,44550,WonnDJ00,21909,6868,2,"https://static.www.nfl.com/image/private/f_auto,q_auto/league/sfttjezd13wd8k2ngjaq",EDGE,19,WC,A01,D.J.,WON272160,52525,3200574f-4e27-2160-1623-df369bc69f58,2020,2020,MIN,117
2022,PIT,RB,RB,26,DEV,Anthony McFarland,Anthony,McFarland,1999-03-04,68.0,198,Maryland,00-0036336,4241941,30487ab2-836d-4e4b-a46a-89e31b414374,32794,14357,57289,McFaAn00,21854,6878,2,"https://static.www.nfl.com/image/private/f_auto,q_auto/league/kkobzrypvpvjnedqde6o",,18,REG,P06,Anthony,MCF509831,52532,32004d43-4650-9831-455d-4f5daa13de76,2020,2020,PIT,124
2022,MIN,DL,NT,92,ACT,James Lynch,James,Lynch,1999-01-20,76.0,295,Baylor,00-0036337,4259181,ce8b21f7-6f93-40e6-8068-0432e10d855f,32800,14499,56962,LyncJa00,21894,6858,2,"https://static.www.nfl.com/image/private/f_auto,q_auto/league/dpdbr9of2igwbtofupaa",INTERIOR_LINE,19,WC,A01,James,LYN203895,52538,32004c59-4e20-3895-d596-bf65d3020e46,2020,2020,MIN,130
2022,MIN,LB,ILB,45,ACT,Troy Dye,Troy,Dye,1996-09-18,75.0,225,Oregon,00-0036338,4038946,f070d4ef-1904-47f2-87d3-b9e2788789ed,32802,14740,28251,DyexTr00,21994,6941,2,"https://static.www.nfl.com/image/private/f_auto,q_auto/league/pnlkoafgjqti4bjvsupo",,19,WC,A01,Troy,DYE305092,52540,32004459-4530-5092-a5b4-c72f08356d17,2020,2020,MIN,132
2022,PIT,OL,G,69,ACT,Kevin Dotson,Kevin,Dotson,1996-09-18,76.0,321,Louisiana-Lafayette,00-0036339,,,,,,,,,2,"https://static.www.nfl.com/image/private/f_auto,q_auto/league/wx2hlb31za8lnviisamr",G,18,REG,A01,Kevin,DOT283423,52543,3200444f-5428-3423-3491-152dde48c604,2020,2020,PIT,135
2022,WAS,WR,WR,18,RET,Antonio Gandy-Golden,Antonio,Gandy-Golden,1998-04-11,76.0,220,Liberty,00-0036340,4029893,7bb0744a-c93f-401b-9091-2a34072a40c2,32812,14568,39993,GandAn00,21742,6906,2,"https://static.www.nfl.com/image/private/f_auto,q_auto/league/cudxhx7a5uqtedmlwtvg",,18,REG,R02,Antonio,GAN139028,52550,32004741-4e13-9028-ffdd-34109916cfd5,2020,2020,WAS,142
2022,IND,DL,DE,55,ACT,Khalid Kareem,Khalid,Kareem,1998-04-28,76.0,265,Notre Dame,00-0036341,4039029,3f4fe254-f18f-4b56-83e0-c37cfc72c7f7,32817,14684,42993,KareKh00,21876,6864,2,"https://static.www.nfl.com/image/private/f_auto,q_auto/league/ividdypxgovbqeizhvj6",EDGE,18,REG,A01,Khalid,KAR259489,52555,32004b41-5225-9489-fd0c-044abf6bbb38,2020,2020,CIN,147
2022,SF,OL,C,60,DEV,Keith Ismael,Keith,Ismael,1998-07-25,75.0,310,San Diego State,00-0036342,,,,,,,,,2,"https://static.www.nfl.com/image/private/f_auto,q_auto/league/oh8twspmyzlguhivkjt9",,21,CON,P06,Keith,ISM022913,52564,32004953-4d02-2913-6d8c-8800a2eb45b0,2020,2020,WAS,156
2022,WAS,LB,MLB,47,ACT,Khaleke Hudson,Khaleke,Hudson,1997-12-06,72.0,220,Michigan,00-0036343,4046525,5c52edd1-7566-483d-9564-03c21438fb29,32832,14480,49073,HudsKh00,22017,6937,2,"https://static.www.nfl.com/image/private/f_auto,q_auto/league/opk0az7dapvdepwp87k0",MLB,18,REG,A01,Khaleke,HUD448091,52570,32004855-4444-8091-9618-834bc38fda6c,2020,2020,WAS,162
2022,CHI,DB,CB,30,ACT,Harrison Hand,Benjamin,Hand,1998-11-12,71.0,192,Temple,00-0036344,4259170,ef3475dd-30bc-4f1a-9c44-4a8ecaca476e,32839,14522,55576,HandHa00,22053,6961,2,"https://static.www.nfl.com/image/private/f_auto,q_auto/league/uyfbpuvgz4k9tjw30i4j",CB,18,REG,A01,Harrison,HAN087670,52577,32004841-4e08-7670-8c75-613df27ebdb4,2020,2020,MIN,169
2022,MIN,WR,WR,17,ACT,K.J. Osborn,K.J.,Osborn,1997-06-10,71.0,200,Miami,00-0036345,3916566,3bf5c049-9daa-43ba-9758-c6c895a9d462,32846,14641,23503,OsboKJ00,21714,7066,2,"https://static.www.nfl.com/image/private/f_auto,q_auto/league/p44nhjopxr4mwncbdx5l",WR,19,WC,A01,K.J.,OSB109755,52584,32004f53-4210-9755-4136-372d9f443611,2020,2020,MIN,176
2022,MIN,OL,T,64,ACT,Blake Brandel,Blake,Brandel,1997-01-23,79.0,307,Oregon State,00-0036347,,,,,,,,,2,"https://static.www.nfl.com/image/private/f_auto,q_auto/league/ivkir8uvjcded6rtngve",TE,19,WC,A01,Blake,BRA545703,52611,32004252-4154-5703-706f-b393317eb315,2020,2020,MIN,203
2022,MIN,DB,SS,44,ACT,Josh Metellus,Joshua,Metellus,1998-01-21,71.0,210,Michigan,00-0036348,4046537,e135eaa4-1688-487a-a924-4d83b16977df,32875,14479,43395,MeteJo00,21929,6901,2,"https://static.www.nfl.com/image/private/f_auto,q_auto/league/ekinywwnf0prcppnldc7",SLOT_CB,19,WC,A01,Josh,MET383442,52613,32004d45-5438-3442-2fcb-95bf95b52581,2020,2020,MIN,205
2022,WAS,DB,SS,31,INA,Kamren Curl,Kamren,Curl,1999-03-03,74.0,203,Arkansas,00-0036349,4242154,eff8e3ec-98e4-49c8-b865-436e3abb0870,32886,14381,55800,CurlKa00,21923,7136,2,"https://static.www.nfl.com/image/private/f_auto,q_auto/league/uf3wvo3chxy3imkybe6a",,18,REG,A01,Kamren,CUR156872,52624,32004355-5215-6872-6685-585f8c8e4ff9,2020,2020,WAS,216
2022,MIN,DL,DE,79,RES,Kenny Willekes,Kenny,Willekes,1997-07-22,75.0,250,Michigan State,00-0036350,3929833,3a10616d-e6bd-4328-ac4d-db423b0abbdb,32895,14732,35624,WillKe06,21893,6874,2,"https://static.www.nfl.com/image/private/f_auto,q_auto/league/yhxk5d6vg5nhbk3gpgo7",,19,WC,R01,Kenny,WIL117123,52633,32005749-4c11-7123-5026-0468d1042a12,2020,2020,MIN,225
2022,WAS,DL,DE,96,INA,James Smith-Williams,James,Smith-Williams,1997-07-30,75.0,265,North Carolina State,00-0036351,3686690,63758554-7225-48de-a553-c43c03419c49,32899,14729,48455,SmitJa08,21875,7024,2,"https://static.www.nfl.com/image/private/f_auto,q_auto/league/y4tzcso2i7wssx7j6xwh",,18,REG,A01,James,SMI841542,52637,3200534d-4984-1542-2bc0-161ee81572aa,2020,2020,WAS,229
2022,PIT,DL,DT,73,DEV,Carlos Davis,Carlos,Davis,1996-08-22,74.0,320,Nebraska,00-0036352,3699462,1dada1ff-5475-425e-8f38-0728d50c91c5,32902,14681,48662,DaviCa03,22067,6995,2,"https://static.www.nfl.com/image/private/f_auto,q_auto/league/ayibnyol34jyimtsgdcf",,18,REG,P01,Carlos,DAV218046,52640,32004441-5621-8046-9f05-53d9afce5cde,2020,2020,PIT,232
2022,MIN,OL,G,68,DEV,Kyle Hinton,Kyle,Hinton,1998-02-27,74.0,310,Washburn,00-0036354,,,,,,,,,2,"https://static.www.nfl.com/image/private/f_auto,q_auto/league/y2yraquebzdwua0asts0",,19,WC,P01,Kyle,HIN747075,52661,32004849-4e74-7075-3c6e-e34f0cbaa74a,2020,2020,MIN,253
2022,LAC,QB,QB,10,ACT,Justin Herbert,Justin,Herbert,1998-03-10,78.0,237,Oregon,00-0036355,4038941,f0a8f8e3-b9e9-46ed-85e4-eec6452a8a44,32676,14446,28237,HerbJu00,21681,6797,2,"https://static.www.nfl.com/image/private/f_auto,q_auto/league/qknkhe4w6liovjubzmnh",QB,19,WC,A01,Justin,HER031169,52414,32004845-5203-1169-a699-ce41d700202a,2020,2020,LAC,6
2022,ARI,LB,ILB,9,ACT,Isaiah Simmons,Isaiah,Simmons,1998-07-26,76.0,225,Clemson,00-0036356,4035462,b87d80b7-f129-4f3d-938a-1272f8122589,32678,14525,42451,SimmIs00,22004,6781,2,"https://static.www.nfl.com/image/private/f_auto,q_auto/league/tokwyrvdimlmivqyw2iq",SAFETY,18,REG,A01,Isaiah,SIM182419,52416,32005349-4d18-2419-c53f-8beeda539963,2020,2020,ARI,8
2022,DAL,WR,WR,88,ACT,CeeDee Lamb,Cedarian,Lamb,1999-04-08,74.0,189,Oklahoma,00-0036358,4241389,a72ea15b-5199-4101-a300-846e1c655add,32687,14411,61570,LambCe00,21679,6786,2,"https://static.www.nfl.com/image/private/f_auto,q_auto/league/f8elvw51jgvzf95weg1o",SLOT_WR,20,DIV,A01,CeeDee,LAM138457,52425,32004c41-4d13-8457-fcbe-d37fdbd87233,2020,2020,DAL,17
2022,KC,RB,RB,25,INA,Clyde Edwards-Helaire,Clyde,Edwards-Helaire,1999-04-11,67.0,209,Louisiana State,00-0036360,4242214,8aa01565-4481-443a-9951-642c98ded113,32702,14514,57279,EdwaCl00,21769,6820,2,"https://static.www.nfl.com/image/private/f_auto,q_auto/league/wjii8ls1n8e5gjf9ytnm",,22,SB,A01,Clyde,EDW815562,52440,32004544-5781-5562-8963-df06e680f700,2020,2020,KC,32
2022,DAL,DB,CB,7,ACT,Trevon Diggs,Trevon,Diggs,1998-09-20,74.0,207,Alabama,00-0036361,4040966,02753dc9-52ac-4ed1-8086-7894d35a3bd1,32721,14389,41817,DiggTr00,22051,6809,2,"https://static.www.nfl.com/image/private/f_auto,q_auto/league/efdtoarudlojmfnfsbbz",CB,20,DIV,A01,Trevon,DIG224895,52459,32004449-4722-4895-603b-f1bc2ff73964,2020,2020,DAL,51
2022,KC,LB,OLB,50,ACT,Willie Gay,Willie,Gay,1998-02-15,73.0,235,Mississippi State,00-0036362,4259804,9b2d5497-738b-47bc-bd96-2c550b4649ee,32733,14520,57987,GayJWi00,21984,7023,2,"https://static.www.nfl.com/image/private/f_auto,q_auto/league/seaj34aw44jmekiyvspw",MLB,22,SB,A01,Willie,GAY616560,52471,32004741-5961-6560-4c22-a878a997faab,2020,2020,KC,63
2022,ARI,OL,G,79,ACT,Josh Jones,Josh,Jones,1997-06-22,77.0,310,Houston,00-0036363,,,,,,,,,2,"https://static.www.nfl.com/image/private/f_auto,q_auto/league/fyxfaf2kvnepop5kemia",T,18,REG,A01,Josh,JON506329,52480,32004a4f-4e50-6329-4716-1f544b2c7ee9,2020,2020,ARI,72
2022,NE,RB,RB,86,DEV,Lynn Bowden,Lynn,Bowden,1997-10-14,71.0,201,Kentucky,00-0036364,4259979,bd783f2e-b931-4d3e-ab71-60fa1431f598,32750,14460,61361,BowdLy00,21743,6909,2,"https://static.www.nfl.com/image/private/f_auto,q_auto/league/w0plx8ke5p384q9rsnpl",,18,REG,P06,Lynn,BOW068668,52488,3200424f-5706-8668-b439-a993ac0e9d5d,2020,2020,LV,80
2022,KC,WR,WR,89,CUT,Bryan Edwards,Bryan,Edwards,1998-11-13,75.0,215,South Carolina,00-0036365,4038818,5abee27b-2710-46ed-b110-fece5c2654e8,32751,14577,28486,EdwaBr01,21736,6870,2,"https://static.www.nfl.com/image/private/f_auto,q_auto/league/hgluubcedtu0vmxjxrcf",,18,REG,P06,Bryan,EDW157935,52489,32004544-5715-7935-d52c-2e0bf57adf37,2020,2020,LV,81
2022,DAL,DL,DT,96,ACT,Neville Gallimore,Neville,Gallimore,1997-01-17,74.0,302,Oklahoma,00-0036366,3892883,fda10175-38e3-4678-a94c-ccd6008d40ec,32752,14451,28094,GallNe00,22078,6825,2,"https://static.www.nfl.com/image/private/f_auto,q_auto/league/mbcprh7yhwhtgkapbglo",INTERIOR_LINE,20,DIV,A01,Neville,GAL636611,52490,32004741-4c63-6611-9d1e-0291de0dd367,2020,2020,DAL,82
2022,KC,OL,T,67,ACT,Lucas Niang,Lucas,Niang,1998-08-19,78.0,328,Texas Christian,00-0036367,,,,,,,,,2,"https://static.www.nfl.com/image/private/f_auto,q_auto/league/sq7gub8kin12ktocnqoq",T,22,SB,A01,Lucas,NIA415291,52504,32004e49-4141-5291-d7fb-bf2caffb3446,2020,2020,KC,96
2022,SEA,LB,LB,58,ACT,Tanner Muse,Tanner,Muse,1996-09-06,74.0,225,Clemson,00-0036368,3728263,b9f364a0-5553-4475-8388-6dfd1d7a2e62,32770,14690,35997,MuseTa00,21932,6990,2,"https://static.www.nfl.com/image/private/f_auto,q_auto/league/y50ezdhws6dfsv6f4mfi",MLB,19,WC,A01,Tanner,MUS095608,52508,32004d55-5309-5608-cf11-ed8e106f171c,2020,2020,LV,100
2022,BAL,OL,G,76,DEV,John Simpson,John,Simpson,1997-08-19,76.0,330,Clemson,00-0036369,,,,,,,,,2,"https://static.www.nfl.com/image/private/f_auto,q_auto/league/ddai6ctcstoibvqp0frw",,19,WC,P06,John,SIM535559,52517,32005349-4d53-5559-6e58-1567c1c85840,2020,2020,LV,109
2022,LAC,RB,RB,25,ACT,Joshua Kelley,Joshua,Kelley,1997-11-20,71.0,219,UCLA,00-0036370,3910544,62542e04-3c44-4b75-8165-be674c8be75f,32782,14494,13750,KellJo01,21776,7045,2,"https://static.www.nfl.com/image/private/f_auto,q_auto/league/pkmbetcbkpd4gikkpa38",RB,19,WC,A01,Joshua,KEL272420,52520,32004b45-4c27-2420-b6d2-7125878e440b,2020,2020,LAC,112
2022,ARI,DL,DT,95,ACT,Leki Fotu,George,Fotu,1998-08-23,77.0,335,Utah,00-0036371,4035666,2040899a-0b04-4de7-900b-f9e6861c6150,32784,14712,44614,FotuLe00,22083,6948,2,"https://static.www.nfl.com/image/private/f_auto,q_auto/league/maadihxt99lt06ctco1n",INTERIOR_LINE,18,REG,A01,Leki,FOT415291,52522,3200464f-5441-5291-4884-ed536a47d096,2020,2020,ARI,114
2022,CLE,DB,CB,31,CUT,Reggie Robinson,Reginald,Robinson,1997-04-14,73.0,197,Tulsa,00-0036372,3917006,e44308c4-2505-4b79-855a-18d83d407fc5,32793,14708,13094,RobiRe00,22087,7114,2,"https://static.www.nfl.com/image/private/f_auto,q_auto/league/mlpa1aiadnpxrrtebmrq",,1,REG,A01,Reggie,ROB736176,52531,3200524f-4273-6176-83a6-25be1b8cd671,2020,2020,DAL,123
2022,ARI,DL,NT,90,RES,Rashard Lawrence,Ronald,Lawrence,1998-08-27,74.0,308,Louisiana State,00-0036373,4035452,6e9763f5-2f5c-45d4-b50b-d7bbf91e1a65,32801,14717,44515,LawrRa01,21885,7004,2,"https://static.www.nfl.com/image/private/f_auto,q_auto/league/aqxkxovelybcyjqekr7d",,18,REG,R01,Rashard,LAW494873,52539,32004c41-5749-4873-c7c3-250e8db8cc3b,2020,2020,ARI,131
2022,KC,DB,CB,38,ACT,L'Jarius Sneed,L'Jarius,Sneed,1997-01-21,73.0,193,Louisiana Tech,00-0036374,4040432,92b059b3-6b1b-4db4-a535-ceba629176d1,32808,14688,40588,SneeLJ00,21934,7117,2,"https://static.www.nfl.com/image/private/f_auto,q_auto/league/sqj1dalpw8scgmmu2zlm",CB,22,SB,A01,L'Jarius,SNE237684,52546,3200534e-4523-7684-351f-445a251aa795,2020,2020,KC,138
2022,LV,DB,CB,21,ACT,Amik Robertson,Amik,Robertson,1998-07-06,68.0,183,Louisiana Tech,00-0036375,4239694,23525664-b547-413b-9221-b09091b90edf,32809,14709,55619,RobeAm00,22089,6896,2,"https://static.www.nfl.com/image/private/f_auto,q_auto/league/qq59emouoararrdzx7yv",CB,18,REG,A01,Amik,ROB303302,52547,3200524f-4230-3302-958f-f13960f24fcd,2020,2020,LV,139
2022,DAL,OL,C,63,ACT,Tyler Biadasz,Tyler,Biadasz,1997-11-20,76.0,320,Wisconsin,00-0036376,,,,,,,,,2,"https://static.www.nfl.com/image/private/f_auto,q_auto/league/dqbnhxsgwhwongxleave",C,20,DIV,A01,Tyler,BIA083057,52554,32004249-4108-3057-953e-8ece7a00c9d8,2020,2020,DAL,146
2022,LAC,WR,WR,80,DEV,Joe Reed,Joseph,Reed,1998-01-04,72.0,215,Virginia,00-0036377,4037591,4c449f2b-a566-4c9c-882c-a70991d1aa54,32821,14428,40221,ReedJo03,21718,6913,2,"https://static.www.nfl.com/image/private/f_auto,q_auto/league/fa4giqm0tlvowg979etj",,19,WC,P06,Joe,REE278280,52559,32005245-4527-8280-a5c5-79f0b7e26e35,2020,2020,LAC,151
2022,KC,DL,DE,51,ACT,Michael Danna,Michael,Danna,1997-12-01,74.0,255,Michigan,00-0036378,3915487,9e9d2934-a273-4e39-a413-d991d083297b,32847,14823,48415,DannMi00,22095,6958,2,"https://static.www.nfl.com/image/private/f_auto,q_auto/league/orl2jmx9zbcb4wki78bi",INTERIOR_LINE,22,SB,A01,Michael,DAN721566,52585,32004441-4e72-1566-ca4f-95bfe6dc7be6,2020,2020,KC,177
2022,NYJ,DL,DE,50,INA,Bradlee Anae,Bradlee,Anae,1998-01-17,75.0,265,Utah,00-0036379,4035660,854d07f2-11cc-4dc1-bdaf-e8cce2c89a75,32849,14582,43982,AnaeBr00,21870,6827,2,"https://static.www.nfl.com/image/private/f_auto,q_auto/league/t9ur7k9cqwiq3opgu3mp",,18,REG,A01,Bradlee,ANA166115,52587,3200414e-4116-6115-7bc0-5ac560a62693,2020,2020,DAL,179
2022,LAC,DB,SS,32,ACT,Alohi Gilman,Alohi,Gilman,1997-09-17,70.0,202,Notre Dame,00-0036380,4039413,f3a7ab39-ead2-4dbf-b760-d652b8a26853,32856,14521,41662,GilmAl00,21939,7069,2,"https://static.www.nfl.com/image/private/f_auto,q_auto/league/gobrwc4wztzry3o5q9qs",SAFETY,19,WC,A01,Alohi,GIL754579,52594,32004749-4c75-4579-21aa-da0012a654dd,2020,2020,LAC,186
2022,NO,RB,RB,31,ACT,Eno Benjamin,Eno,Benjamin,1999-04-13,69.0,210,Arizona State,00-0036383,4242873,aebf7b65-da15-4499-b1af-6687fa50b2e4,32892,14372,57136,BenjEn00,21773,6951,2,"https://static.www.nfl.com/image/private/f_auto,q_auto/league/xvtbawgh0kycl6caxrb5",RB,18,REG,A01,Eno,BEN131505,52630,32004245-4e13-1505-4267-e7260b30dd7d,2020,2020,ARI,222
2022,DAL,QB,QB,17,CUT,Ben DiNucci,Benjamin,DiNucci,1996-11-24,75.0,210,James Madison,00-0036384,3895785,c744ade6-bce2-4c71-8f1b-742cb183c8eb,32901,14832,34311,DiNuBe00,22146,7143,2,"https://static.www.nfl.com/image/private/f_auto,q_auto/league/srbmwsnupgw3gzsjksew",,1,REG,W03,Ben,DIN696076,52639,32004449-4e69-6076-c776-132bd8bc99d5,2020,2020,DAL,231
2022,BAL,DB,CB,26,DEV,Thakarius Keyes,Thakarius,Keyes,1997-11-09,73.0,200,Tulane,00-0036385,4040652,04401033-2785-4a87-b19a-312f45a53502,32907,14579,43467,KeyeTh00,22149,7147,2,"https://static.www.nfl.com/image/private/f_auto,q_auto/league/wkdmvf8vilmyvzsjgylh",,19,WC,P01,Thakarius,KEY169574,52645,32004b45-5916-9574-6829-569abc3bbf02,2020,2020,KC,237
2022,NYG,OL,T,78,ACT,Andrew Thomas,Andrew,Thomas,1999-01-22,77.0,326,Georgia,00-0036386,,,,,,,,,2,"https://static.www.nfl.com/image/private/f_auto,q_auto/league/yaizc4qhvvnd9mdw3uni",T,20,DIV,A01,Andrew,THO025763,52412,32005448-4f02-5763-1c5b-1459b2c5ddf0,2020,2020,NYG,4
2022,MIN,WR,WR,5,ACT,Jalen Reagor,Jalen,Reagor,1999-01-02,71.0,195,Texas Christian,00-0036387,4241802,06ff7f42-5fe7-4899-84a5-9ba5349d17e8,32691,14421,61697,ReagJa00,21686,6798,2,"https://static.www.nfl.com/image/private/f_auto,q_auto/league/zfubpbpgf0lhhhixkotn",,19,WC,A01,Jalen,REA338982,52429,32005245-4133-8982-9a32-957d59a1e153,2020,2020,PHI,21
2022,NYG,DB,FS,29,ACT,Xavier McKinney,Xavier,McKinney,1999-08-09,72.0,197,Alabama,00-0036388,4241470,dbeff2ee-8d26-48f3-b345-3cd88c374c87,32706,14617,55775,McKiXa00,21936,6788,2,"https://static.www.nfl.com/image/private/f_auto,q_auto/league/ocf7fzc3gmicmi0rxgnb",SAFETY,20,DIV,A01,Xavier,MCK548765,52444,32004d43-4b54-8765-a6d9-55ca05502e6b,2020,2020,NYG,36
2022,PHI,QB,QB,1,ACT,Jalen Hurts,Jalen,Hurts,1998-08-07,73.0,218,Oklahoma,00-0036389,4040715,64bd0f02-6a5d-407e-98f1-fd02048ea21d,32723,14416,40291,HurtJa00,21831,6904,2,"https://static.www.nfl.com/image/private/f_auto,q_auto/league/iv04omcunr78zezpnf8t",QB,22,SB,A01,Jalen,HUR767022,52461,32004855-5276-7022-85cf-a74490936f42,2020,2020,PHI,53
2022,CHI,DB,CB,26,ACT,Michael Ojemudia,Michael,Ojemudia,1997-09-12,73.0,200,Iowa,00-0036390,3894830,bc399631-6a3c-4515-9f8b-acc9a08bc434,32747,14711,50327,OjemMi00,22080,6983,2,"https://static.www.nfl.com/image/private/f_auto,q_auto/league/lsdacncg3llktpdnufiq",,18,REG,A01,Michael,OJE426541,52485,32004f4a-4542-6541-d072-0ac2f5e57c64,2020,2020,DEN,77
2022,DEN,OL,C,79,RES,Lloyd Cushenberry,Lloyd,Cushenberry,1997-11-22,76.0,315,Louisiana State,00-0036391,,,,,,,,,2,"https://static.www.nfl.com/image/private/f_auto,q_auto/league/ilo2xcjscqbc7fxf8guq",,18,REG,R01,Lloyd,CUS181630,52491,32004355-5318-1630-6286-472cca057e78,2020,2020,DEN,83
2022,NYG,OL,T,74,ACT,Matt Peart,Matthew,Peart,1997-06-11,79.0,303,Connecticut,00-0036392,,,,,,,,,2,"https://static.www.nfl.com/image/private/f_auto,q_auto/league/rzaxt3z2whltkq8jdi1a",,20,DIV,A01,Matt,PEA634229,52507,32005045-4163-4229-79fd-743221e3c286,2020,2020,NYG,99
2022,PHI,LB,OLB,52,DEV,Davion Taylor,Davion,Taylor,1998-08-05,73.0,225,Colorado,00-0036393,4360645,423b3b98-da9a-4786-84c9-0662ec0ce11f,32773,14751,81991,TaylDa01,21987,6912,2,"https://static.www.nfl.com/image/private/f_auto,q_auto/league/gppzwavl8lhckyfrfw18",,22,SB,P06,Davion,TAY156787,52511,32005441-5915-6787-d731-c26019207f64,2020,2020,PHI,103
2022,NYG,DB,CB,30,ACT,Darnay Holmes,Darnay,Holmes,1998-06-23,70.0,198,UCLA,00-0036394,4242973,8e19d167-cee8-4048-8f28-d476b11ec330,32780,14535,56247,HolmDa01,22050,6882,2,"https://static.www.nfl.com/image/private/f_auto,q_auto/league/htf1psdjyjgrqkoiebsf",SLOT_CB,20,DIV,A01,Darnay,HOL519082,52518,3200484f-4c51-9082-f3ad-ff2c44591d4c,2020,2020,NYG,110
2022,PHI,DB,SS,42,ACT,K'Von Wallace,K'Von,Wallace,1997-07-25,71.0,208,Clemson,00-0036395,4035463,789af1aa-253e-4fda-a93b-cef346bd91b3,32797,14686,42467,WallKV00,21938,6947,2,"https://static.www.nfl.com/image/private/f_auto,q_auto/league/xcxd6llmovk6zp0foijw",,22,SB,A01,K'Von,WAL463687,52535,32005741-4c46-3687-512c-7a9d39cff37d,2020,2020,PHI,127
2022,PHI,OL,T,63,ACT,Jack Driscoll,Jack,Driscoll,1997-04-01,77.0,296,Auburn,00-0036396,,,,,,,,,2,"https://static.www.nfl.com/image/private/f_auto,q_auto/league/wfkb6t1heopq9c7uafi4",,22,SB,A01,Jack,DRI130825,52553,32004452-4913-0825-3c00-b5c649ba2c22,2020,2020,PHI,145
2022,NYG,OL,G,66,RES,Shane Lemieux,Shane,Lemieux,1997-05-12,76.0,317,Oregon,00-0036397,,,,,,,,,2,"https://static.www.nfl.com/image/private/f_auto,q_auto/league/kto4s271hald5ftv9czn",,20,DIV,R01,Shane,LEM289885,52558,32004c45-4d28-9885-7e91-71edd7d31c9a,2020,2020,NYG,150
2022,LAC,WR,WR,84,DEV,John Hightower,John,Hightower,1996-05-31,74.0,172,Boise State,00-0036398,4373673,58e217cd-53c0-40e7-b40b-62f53d246751,32838,14567,84142,HighJo00,21731,7086,2,"https://static.www.nfl.com/image/private/f_auto,q_auto/league/ov8vehr0hojqxls6q7wr",,19,WC,P06,John,HIG772208,52576,32004849-4777-2208-dbaa-36c5bd7d164f,2020,2020,PHI,168
2022,LV,OL,G,54,INA,Netane Muti,Netane,Muti,1999-03-27,75.0,307,Fresno State,00-0036399,,,,,,,,,2,"https://static.www.nfl.com/image/private/f_auto,q_auto/league/pmdp7imc1bugeauk73zf",,18,REG,A01,Netane,MUT204002,52589,32004d55-5420-4002-6769-0457c1bd7e5e,2020,2020,DEN,181
2022,NYG,LB,ILB,47,ACT,Cam Brown,Cameron,Brown,1998-04-01,77.0,233,Penn State,00-0036400,4045165,65533cd0-792b-42cb-808f-18cbac2e51cb,32852,14596,42516,BrowCa01,21978,7020,2,"https://static.www.nfl.com/image/private/f_auto,q_auto/league/hmhexcsxnbozgcin1a9d",,20,DIV,A01,Cam,BRO287602,52591,32004252-4f28-7602-da68-e57df3d46cdb,2020,2020,NYG,183
2022,PHI,LB,ILB,54,RES,Shaun Bradley,Shaun,Bradley,1997-04-08,73.0,230,Temple,00-0036401,4038902,a004c949-7097-4faf-bac9-0edc5b1b2b67,32866,14737,42632,BradSh00,21914,7127,2,"https://static.www.nfl.com/image/private/f_auto,q_auto/league/vrkrhkkg054q4q4gfrqi",,22,SB,R01,Shaun,BRA229070,52604,32004252-4122-9070-a6a1-e304176ebfc0,2020,2020,PHI,196
2022,NYG,LB,ILB,52,ACT,Carter Coughlin,Carter,Coughlin,1997-07-20,75.0,245,Minnesota,00-0036402,4034766,d2f9e776-11e2-47ce-82fd-60908aeb2769,32888,14580,43498,CougCa00,21902,7011,2,"https://static.www.nfl.com/image/private/f_auto,q_auto/league/uby3h9up50bbkzhon1sx",,20,DIV,A01,Carter,COU057248,52626,3200434f-5505-7248-98b5-e1e661c55f10,2020,2020,NYG,218
2022,WAS,DL,DE,95,ACT,Casey Toohill,Casey,Toohill,1996-08-21,77.0,247,Stanford,00-0036403,3931408,8d617c67-6e6a-4afd-b5c8-f98dd744c36d,32903,14753,38472,ToohCa00,22104,7030,2,"https://static.www.nfl.com/image/private/f_auto,q_auto/league/du6wacjpgvjov3kzzmkn",EDGE,18,REG,A01,Casey,TOO260938,52641,3200544f-4f26-0938-ca59-565da861a195,2020,2020,PHI,233
2022,NYG,LB,ILB,35,CUT,T.J. Brunson,Tremari,Brunson,1997-12-03,73.0,230,South Carolina,00-0036404,4038811,8969d7bd-b4c8-4cdc-84c0-a78eab2c2b2b,32908,14834,44198,BrunTJ00,22150,7148,2,,,1,REG,W03,T.J.,BRU784749,52646,32004252-5578-4749-c734-73d7fda7ee15,2020,2020,NYG,238
2022,TEN,DB,CB,29,CUT,Chris Williamson,Chris,Williamson,1997-05-19,72.0,205,Minnesota,00-0036405,3915122,25396df1-3597-468c-b1d7-ce40edb0f7f2,32917,14836,49490,WillCh07,22153,7151,2,"https://static.www.nfl.com/image/private/f_auto,q_auto/league/yq8ail7bozqqz8xhna8e",,1,REG,A01,Chris,WIL578752,52655,32005749-4c57-8752-93c8-2cfc6b89e4bb,2020,2020,NYG,247
2022,TB,OL,T,78,ACT,Tristan Wirfs,Tristan,Wirfs,1999-01-24,77.0,322,Iowa,00-0036406,,,,,,,,,2,"https://static.www.nfl.com/image/private/f_auto,q_auto/league/vsn2k7c1nhoye2chobl0",T,19,WC,A01,Tristan,WIR370129,52421,32005749-5237-0129-a756-9a5ceb881ea0,2020,2020,TB,13
2022,DEN,WR,WR,10,ACT,Jerry Jeudy,Jerry,Jeudy,1999-04-24,73.0,192,Alabama,00-0036407,4241463,eaaa4a61-c2a7-4926-8e9b-3ec71be2f991,32685,14458,61103,JeudJe00,21692,6783,2,"https://static.www.nfl.com/image/private/f_auto,q_auto/league/by7fgv4x0iunsyx5ah2i",WR,18,REG,A01,Jerry,JEU415291,52423,32004a45-5541-5291-9f8b-8595dc100c90,2020,2020,DEN,15
2022,NO,OL,G,51,RES,Cesar Ruiz,Cesar,Ruiz,1999-06-14,76.0,319,Michigan,00-0036408,,,,,,,,,2,"https://static.www.nfl.com/image/private/f_auto,q_auto/league/vcprcawoe1urfowbzo4o",,18,REG,R01,Cesar,RUI415291,52432,32005255-4941-5291-5447-fa1de6f9c62b,2020,2020,NO,24
2022,SEA,LB,ILB,56,RES,Jordyn Brooks,Jordyn,Brooks,1997-10-21,72.0,245,Texas Tech,00-0036409,4043130,ef422c88-b74f-4720-a831-947010c44ebe,32697,14739,50851,BrooJo01,22005,6949,2,"https://static.www.nfl.com/image/private/f_auto,q_auto/league/dqpczddxon4ctkw29i8i",,19,WC,R01,Jordyn,BRO131962,52435,32004252-4f13-1962-2c2e-fdb174b58eaf,2020,2020,SEA,27
2022,CIN,WR,WR,85,ACT,Tee Higgins,Tamaurice,Higgins,1999-01-18,76.0,210,Clemson,00-0036410,4239993,7963b029-5de4-4541-b00a-44eefe4349af,32703,14506,61211,HiggTe00,21690,6801,2,"https://static.www.nfl.com/image/private/f_auto,q_auto/league/m8i5zbmmhqku4zsul3vj",WR,21,CON,A01,Tee,HIG387791,52441,32004849-4738-7791-9f89-d556c4b59b9a,2020,2020,CIN,33
2022,TB,DB,FS,31,ACT,Antoine Winfield,Antoine,Winfield,1998-08-16,69.0,205,Minnesota,00-0036411,4034790,27732f2b-2009-4954-a0a0-d29f5ce1abdf,32715,14484,42475,WinfAn00,21940,6888,2,"https://static.www.nfl.com/image/private/f_auto,q_auto/league/ebd5ijvlgr6p8vejupdr",SLOT_CB,19,WC,A01,Antoine,WIN159348,52453,32005749-4e15-9348-98c8-23be07463b71,2020,2020,TB,45
2022,DEN,WR,WR,1,RES,K.J. Hamler,Kahlee,Hamler,1999-07-08,69.0,176,Penn State,00-0036412,4240380,89338a12-65a8-4670-ac99-97281732ff79,32716,14462,61590,HamlKJ00,21759,6805,2,"https://static.www.nfl.com/image/private/f_auto,q_auto/league/t3lqvv3d2tn6syqqtrat",,18,REG,R01,K.J.,HAM386186,52454,32004841-4d38-6186-eea5-110d32b9644c,2020,2020,DEN,46
2022,SEA,LB,OLB,52,ACT,Darrell Taylor,Darrell,Taylor,1997-03-24,76.0,253,Tennessee,00-0036413,3915396,5670f3dd-822d-4d13-a6c9-f981354441fc,32718,14649,36001,TaylDa00,21882,6910,2,"https://static.www.nfl.com/image/private/f_auto,q_auto/league/rrrbcen1jk8j6fktbxnr",EDGE,19,WC,A01,Darrell,TAY146193,52456,32005441-5914-6193-6988-dd442dbf7f65,2020,2020,SEA,48
2022,LA,RB,RB,3,ACT,Cam Akers,Cam,Akers,1999-06-22,70.0,212,Florida State,00-0036414,4240021,74980532-8158-4b56-91db-5053878737b4,32722,14383,57206,AkerCa00,21688,6938,2,"https://static.www.nfl.com/image/private/f_auto,q_auto/league/mxqasyvni1bgyvxxhx4i",RB,18,REG,A01,Cam,AKE415291,52460,3200414b-4541-5291-73e4-84e805a9ffce,2020,2020,LA,52
2022,LA,WR,WR,12,ACT,Van Jefferson,Vanchii,Jefferson,1996-07-26,73.0,197,Florida,00-0036415,3930066,8e1285f7-6e4c-41e4-aac9-92e09f9f32b2,32727,14430,47447,JeffVa00,21739,6853,2,"https://static.www.nfl.com/image/private/f_auto,q_auto/league/hlz2zw242l2f5u3pb1ft",WR,18,REG,A01,Van,JEF436716,52465,32004a45-4643-6716-6cf6-1dcc41075f1f,2020,2020,LA,57
2022,TEN,DB,CB,26,ACT,Kristian Fulton,Kristian,Fulton,1998-09-03,71.0,200,Louisiana State,00-0036416,4035433,c87aaf5b-e1e9-4d18-b0f1-f328b646031d,32731,14443,42894,FultKr00,22084,6829,2,"https://static.www.nfl.com/image/private/f_auto,q_auto/league/fxnzer4vpw7p6sbms8wl",CB,18,REG,A01,Kristian,FUL733491,52469,32004655-4c73-3491-274a-7b3b8a1d4f92,2020,2020,TEN,61
2022,SEA,OL,G,68,ACT,Damien Lewis,Damien,Lewis,1997-03-21,74.0,332,Louisiana State,00-0036417,,,,,,,,,2,"https://static.www.nfl.com/image/private/f_auto,q_auto/league/mfdg2fp0zdvujttsj5ea",G,19,WC,A01,Damien,LEW128690,52477,32004c45-5712-8690-897d-9ea24308df66,2020,2020,SEA,69
2022,NO,LB,OLB,53,RES,Zack Baun,Zack,Baun,1996-12-30,75.0,235,Wisconsin,00-0036418,3917657,719a7e8e-8286-453e-8aee-d2487c45e53f,32744,14374,34632,BaunZa00,21907,6815,2,"https://static.www.nfl.com/image/private/f_auto,q_auto/league/dwo4w6ixtbmjaxujvagn",,18,REG,R01,Zack,BAU677316,52482,32004241-5567-7316-c31c-c66079e71b79,2020,2020,NO,74
2022,CHI,LB,OLB,52,INA,Terrell Lewis,Terrell,Lewis,1998-08-25,77.0,252,Alabama,00-0036419,4040968,a0ebc174-02ad-4bf4-8c0f-517d04a29a95,32754,14390,42845,LewiTe00,21903,6837,2,"https://static.www.nfl.com/image/private/f_auto,q_auto/league/so2vxzo4a3qqrtgpezki",,18,REG,A01,Terrell,LEW729970,52492,32004c45-5772-9970-70f8-fe95f5aaea05,2020,2020,LA,84
2022,IND,DL,DE,95,DEV,McTelvin Agim,McTelvin,Agim,1997-09-25,75.0,300,Arkansas,00-0036420,4035566,ea01fa3b-cebd-40c3-9de8-3dc7f5e44e58,32765,14602,43069,AgimMc00,22082,7111,2,"https://static.www.nfl.com/image/private/f_auto,q_auto/league/wqzyiuh6l8fv2hxnyy30",,18,REG,P06,McTelvin,AGI415291,52503,32004147-4941-5291-22cd-e746827ff201,2020,2020,DEN,95
2022,NYG,DB,FS,34,DEV,Terrell Burgess,Terrell,Burgess,1998-11-12,71.0,198,Utah,00-0036421,4035663,b222de39-0a5e-4bbe-b239-083a500194bb,32774,14702,45255,BurgTe00,21922,7036,2,"https://static.www.nfl.com/image/private/f_auto,q_auto/league/fppabgb521wgox1fegmh",,20,DIV,P06,Terrell,BUR102577,52512,32004255-5210-2577-4960-9b8e33e83c2a,2020,2020,LA,104
2022,NO,TE,TE,82,ACT,Adam Trautman,Adam,Trautman,1997-02-05,77.0,253,Dayton,00-0036422,3911853,4e14183b-f974-4745-9d7f-8f5eb2a92a7d,32775,14541,109795,TrauAd00,21786,6869,2,"https://static.www.nfl.com/image/private/f_auto,q_auto/league/gwsufkwa0p0mjw4fzgdq",TE,18,REG,A01,Adam,TRA447732,52513,32005452-4144-7732-6999-8ca51b1f74be,2020,2020,NO,105
2022,DEN,TE,TE,85,ACT,Albert Okwuegbunam,Albert,Okwuegbunam,1998-04-25,77.0,255,Missouri,00-0036423,4035115,617aee8a-70be-4bdf-9a71-2e2b74e647e6,32788,14369,41933,OkwuAl00,21794,6843,2,"https://static.www.nfl.com/image/private/f_auto,q_auto/league/gjgfncu6hvkvp0on89tz",SLOT_WR,18,REG,A01,Albert,OKW485869,52526,32004f4b-5748-5869-ee3e-85d5399ce937,2020,2020,DEN,118
2022,LA,TE,TE,88,ACT,Brycen Hopkins,Brycen,Hopkins,1997-03-27,76.0,245,Purdue,00-0036424,3918003,39cb1520-dda8-4167-95c4-4947c8383bc4,32806,14586,47338,HopkBr01,21678,6926,2,"https://static.www.nfl.com/image/private/f_auto,q_auto/league/agzychtsya1dteoz1khu",TE,18,REG,A01,Brycen,HOP149965,52544,3200484f-5014-9965-c4b6-d7a521f0ac0b,2020,2020,LA,136
2022,SEA,RB,RB,31,ACT,DeeJay Dallas,Demetrius,Dallas,1998-09-16,70.0,214,Miami,00-0036425,4240631,48ef5bfa-7b91-4ed1-ad12-e94c0bc101c2,32814,14410,55632,DallDe00,21804,6931,2,"https://static.www.nfl.com/image/private/f_auto,q_auto/league/sucmoxhzh003g8uwwol5",RB,19,WC,A01,DeeJay,DAL415290,52552,32004441-4c41-5290-528d-2115c573d8ed,2020,2020,SEA,144
2022,SEA,DL,DE,98,RES,Alton Robinson,Alton,Robinson,1998-06-02,75.0,260,Syracuse,00-0036426,4254276,fc116de9-ceb8-409b-b322-60659c73e943,32818,14727,56857,RobiAl03,21901,6915,2,"https://static.www.nfl.com/image/private/f_auto,q_auto/league/ikmscezcmj4qxxhreeea",,19,WC,R01,Alton,ROB366049,52556,3200524f-4236-6049-a307-9754fad75565,2020,2020,SEA,148
2022,TB,WR,WR,14,DEV,Tyler Johnson,Tyler,Johnson,1998-08-25,73.0,205,Minnesota,00-0036427,2310331,93c17735-5275-45cf-b3ef-620351c62313,32831,14432,48054,JohnTy00,21675,6960,2,"https://static.www.nfl.com/image/private/f_auto,q_auto/league/d6e5mwllmmwixl01o93g",,19,WC,P06,Tyler,JOH711094,52569,32004a4f-4871-1094-58d9-ca4ef7922f8c,2020,2020,TB,161
2022,DEN,LB,ILB,40,ACT,Justin Strnad,Justin,Strnad,1996-08-21,75.0,235,Wake Forest,00-0036428,3919548,f8f0760e-8f04-45bf-9371-fa33c945bc1c,32848,14757,42659,StrnJu00,22000,6977,2,"https://static.www.nfl.com/image/private/f_auto,q_auto/league/f6j3cz5mioeot87warwh",,18,REG,A01,Justin,STR527447,52586,32005354-5252-7447-7939-62e0ed643953,2020,2020,DEN,178
2022,SF,TE,TE,89,ACT,Charlie Woerner,Charlie,Woerner,1997-10-16,77.0,245,Georgia,00-0036429,4035020,527dfee0-a242-4dc7-830a-ab7028308259,32860,14608,42257,WoerCh00,22119,7075,2,"https://static.www.nfl.com/image/private/f_auto,q_auto/league/wdcd0m0nbt4p7qiq7exa",,21,CON,A01,Charlie,WOE138430,52598,3200574f-4513-8430-be36-5db8fe66161b,2020,2020,SF,190
2022,LA,DL,DT,59,DEV,Khalil Davis,Khalil,Davis,1996-08-22,73.0,315,Nebraska,00-0036430,3699530,2f471656-9ecc-42ea-977f-0c56756d0557,32864,14682,48988,DaviKh00,22070,7125,2,"https://static.www.nfl.com/image/private/f_auto,q_auto/league/yikg5vl10u5s6skhxuea",,18,REG,P01,Khalil,DAV513989,52602,32004441-5651-3989-7351-5eea67197c67,2020,2020,TB,194
2022,LA,DB,SS,4,RES,Jordan Fuller,Jordan,Fuller,1998-03-04,74.0,205,Ohio State,00-0036431,4040613,c72cb618-fb6b-4327-8ced-91088c936c81,32869,14698,45326,FullJo01,21937,6968,2,"https://static.www.nfl.com/image/private/f_auto,q_auto/league/mebzgtom8zkzimyluj58",,18,REG,R01,Jordan,FUL337423,52607,32004655-4c33-7423-403a-432f7075ed42,2020,2020,LA,199
2022,CIN,LB,OLB,44,ACT,Clay Johnston,Clay,Johnston,1996-08-08,73.0,232,Baylor,00-0036432,3928928,d6ce86bc-7c3c-42c5-82eb-c8bc51e7e94d,32904,14743,25685,JohnCl00,21980,7144,2,"https://static.www.nfl.com/image/private/f_auto,q_auto/league/l1wwpqwhrzbfn5zhvwdp",,21,CON,A01,Clay,JOH804643,52642,32004a4f-4880-4643-e839-9677436ad230,2020,2020,LA,234
2022,PIT,LB,MLB,49,DEV,Chapelle Russell,Chapelle,Russell,1997-01-20,74.0,230,Temple,00-0036434,3923413,6a2ee9da-4df9-4486-8060-8362a20bbb40,32911,14755,38876,RussCh00,22006,7000,2,"https://static.www.nfl.com/image/private/f_auto,q_auto/league/yxrrkctrvawmvpsak0ot",,18,REG,P06,Chapelle,RUS410409,52649,32005255-5341-0409-713f-9521e5e18cf6,2020,2020,TB,241
2022,LA,RB,RB,30,CUT,Raymond Calais,Raymond,Calais,1998-04-02,69.0,185,Louisiana-Lafayette,00-0036435,,748d5fdf-8a06-4cc1-a8b1-257f4377236a,32915,14625,45828,CalaRa00,21855,6988,2,"https://static.www.nfl.com/image/private/f_auto,q_auto/league/ocsyhsupc4mh0mi6xtpg",,1,REG,A01,Raymond,CAL048278,52653,32004341-4c04-8278-3ab4-d7a50c7dc4ce,2020,2020,TB,245
2022,SF,K,K,16,CUT,Sam Sloman,Sam,Sloman,1997-09-19,68.0,205,"Miami, O.",00-0036436,4038994,e44cc736-fe98-4b80-a138-4ebc5f087335,32918,14837,,SlomSa00,22154,7152,2,"https://static.www.nfl.com/image/private/f_auto,q_auto/league/uirs3p2smuz6equvi7e6",,7,REG,P01,Sam,SLO315313,52656,3200534c-4f31-5313-35e1-26509b9ae0ec,2020,2020,LA,248
2022,LA,OL,T,72,RES,Tremayne Anchrum,Tremayne,Anchrum,1998-06-24,74.0,315,Clemson,00-0036437,,,,,,,,,2,"https://static.www.nfl.com/image/private/f_auto,q_auto/league/xqqyrvoorv6n7ebit215",,18,REG,R01,Tremayne,ANC237308,52658,3200414e-4323-7308-5fd8-f38ac1e8e110,2020,2020,LA,250
2022,CAR,TE,TE,84,ACT,Stephen Sullivan,Stephen,Sullivan,1996-11-28,77.0,242,Louisiana State,00-0036438,4035426,a41b8454-0326-4c56-87a2-f2aac3814961,32921,14570,40411,SullSt00,21865,6970,2,"https://static.www.nfl.com/image/private/f_auto,q_auto/league/oanvj5mgpf6ezn12qpl3",TE,18,REG,A01,Stephen,SUL654841,52659,32005355-4c65-4841-66b1-7427b1ac895d,2020,2020,SEA,251
2022,PHI,WR,WR,16,DEV,Tyrie Cleveland,Tyrie,Cleveland,1997-09-20,74.0,205,Florida,00-0036439,4034964,8cd3d1bb-5b04-4351-bd03-4b4f9b9e33e4,32922,14621,42134,ClevTy00,21737,7032,2,"https://static.www.nfl.com/image/private/f_auto,q_auto/league/mb5r0bpgswz3szbrz0ej",,22,SB,P06,Tyrie,CLE701617,52660,3200434c-4570-1617-f5ae-6da3bdb088ac,2020,2020,DEN,252
2022,LAC,LB,OLB,59,ACT,Derrek Tuszka,Derrek,Tuszka,1996-07-11,76.0,246,North Dakota State,00-0036440,3930915,abbfa41c-ccb6-4378-b75b-28ec7d54e277,32923,14731,37724,TuszDe00,21873,7154,2,"https://static.www.nfl.com/image/private/f_auto,q_auto/league/wiwut7roauqr83n1vrxp",,19,WC,A01,Derrek,TUS415291,52662,32005455-5341-5291-bd94-f042de383126,2020,2020,DEN,254
2022,LAC,LB,ILB,9,ACT,Kenneth Murray,Kenneth,Murray,1998-11-16,74.0,234,Oklahoma,00-0036441,4241394,79bf0ca5-a8db-4c39-a40b-67674ccb60d0,32693,14434,58099,MurrKe00,21985,6811,2,"https://static.www.nfl.com/image/private/f_auto,q_auto/league/uwyzzrjzfhx6olv05bj0",MLB,19,WC,A01,Kenneth,MUR563490,52431,32004d55-5256-3490-574a-1b8a86aa691f,2020,2020,LAC,23
2022,CIN,QB,QB,9,ACT,Joe Burrow,Joe,Burrow,1996-12-10,76.0,216,Louisiana State,00-0036442,3915511,3023ac10-4e7f-425f-9fc5-2b8e6332c92e,32671,14442,28022,BurrJo01,21693,6770,2,"https://static.www.nfl.com/image/private/f_auto,q_auto/league/pbl27kxsr5ulgxmvtvfn",QB,21,CON,A01,Joe,BUR679731,52409,32004255-5267-9731-81c8-48673dcec5e2,2020,2020,CIN,1
2022,DET,DL,DE,96,RES,Jashon Cornell,Jashon,Cornell,,75.0,285,Ohio State,00-0036444,3873928,564fdf8b-c21e-4889-b371-e8ca079ae9b7,32905,14833,28074,CornJa01,22147,7145,2,"https://static.www.nfl.com/image/private/f_auto,q_auto/league/uboiamcxmxvubr4nes3q",,1,REG,W03,Jashon,COR479071,52643,3200434f-5247-9071-b05d-05b18add8ce3,2020,2020,DET,235
2022,PHI,DL,DE,66,DEV,Matt Leo,Matt,Leo,1992-05-08,79.0,275,Iowa State,00-0036446,,,,,,,,,2,"https://static.www.nfl.com/image/private/f_auto,q_auto/league/ybfo04hpisbmu9gfj7p2",,22,SB,P03,Matt,LEO173037,52955,32004c45-4f17-3037-e7bd-1eed3179e8f6,2020,2020,,
2022,WAS,DL,DT,64,ACT,David Bada,David,Bada,1995-04-24,76.0,292,No College,00-0036447,4686421,4faa0d20-a129-4bb4-9fb1-10690c00641c,33185,14947,117753,,22393,7410,2,"https://static.www.nfl.com/image/private/f_auto,q_auto/league/nyuvfjp1alace89fb1xh",INTERIOR_LINE,18,REG,A01,David,BAD083058,53147,32004241-4408-3058-31dd-ab878c057e57,2020,2020,,
2022,DAL,OL,T,60,DEV,Isaac Alarcon,Isaac,Alarcon,1998-07-27,78.0,301,No College,00-0036448,,,,,,,,,2,"https://static.www.nfl.com/image/private/f_auto,q_auto/league/awad6wpkytwruhdxtyhc",,20,DIV,P03,Isaac,ALA456204,53148,3200414c-4145-6204-bef7-5135953bdfff,2020,2020,,
2022,NYG,RB,RB,34,DEV,Sandro Platzgummer,Sandro,Platzgummer,1997-03-10,72.0,197,No College,00-0036449,4683485,a75efc5b-a4fc-4da4-8684-d170a0c40b81,33188,14949,,,22395,7412,2,"https://static.www.nfl.com/image/private/f_auto,q_auto/league/r0zkomi6wrpbnn0pbzpm",,20,DIV,P03,Sandro,PLA745295,53149,3200504c-4174-5295-bd98-6d6c2beb93c6,2020,2020,,
2022,TB,RB,RB,21,ACT,Ke'Shawn Vaughn,Ke'Shawn,Vaughn,1997-05-04,70.0,215,Vanderbilt,00-0036450,3917612,4b0a90db-f007-4ac1-8542-b531342b9da5,32746,14557,45866,VaugKe00,21788,6885,2,"https://static.www.nfl.com/image/private/f_auto,q_auto/league/to1j3eftgyobffvygini",RB,19,WC,A01,Ke'Shawn,VAU458202,52484,32005641-5545-8202-856a-988711b103bf,2020,2020,TB,76
2022,HOU,RB,FB,40,DEV,Paul Quessenberry,Paul,Quessenberry,1992-01-08,74.0,251,Navy,00-0036453,2575891,362244ff-545a-4123-8b4d-6a4bc6f24ce1,33364,15179,14811,,22475,7499,2,"https://static.www.nfl.com/image/private/f_auto,q_auto/league/tphvxkcxomqimzajpdk6",,1,REG,P01,Paul,QUE601359,53168,32005155-4560-1359-ed93-1702824af91e,2020,2020,,
2022,IND,TE,TE,84,CUT,Dominique Dafney,Dominique,Dafney,1997-06-03,74.0,235,Indiana State,00-0036456,4036129,921d49c2-64d1-4108-a3a3-0c237e17748a,33367,15181,62825,DafnDo00,22477,7502,2,"https://static.www.nfl.com/image/private/f_auto,q_auto/league/iualxf5bff0nuttmxkut",,17,REG,P06,Dominique,DAF632824,53172,32004441-4663-2824-ae6e-e3f23d8bb792,2020,2020,,
2022,ARI,RB,RB,22,ACT,Ty'Son Williams,Ty'Son,Williams,1996-09-04,72.0,220,Brigham Young,00-0036457,3895827,9e31f935-1e60-437d-9859-e1f2bb936aa5,33006,14404,38287,WillTy01,22126,7098,2,"https://static.www.nfl.com/image/private/f_auto,q_auto/league/ucxy1zbyppgm62iyvrdr",RB,18,REG,A01,Ty'Son,WIL549673,53180,32005749-4c54-9673-99c6-3057efe2b9a6,2020,2020,,
2022,DEN,OL,T,49,DEV,Hunter Thedford,Hunter,Thedford,1997-04-15,78.0,260,Utah,00-0036460,,,,,,,,,2,,,18,REG,P01,Hunter,THE158016,53156,32005448-4515-8016-dd73-451c9371bf7f,2020,2021,,
2022,GB,DB,SS,38,ACT,Innis Gaines,Innis,Gaines,1998-08-29,73.0,207,Texas Christian,00-0036462,,3acd2909-ef8a-4a20-a859-001e6244d57f,,15377,44443,,,7520,2,"https://static.www.nfl.com/image/private/f_auto,q_auto/league/fo9pggmejsbntujv3o3d",SLOT_CB,18,REG,A01,Innis,GAI338622,53187,32004741-4933-8622-fc1b-e7517573ffc8,2020,2021,,
2022,DEN,LB,OLB,94,RES,Aaron Patrick,Aaron,Patrick,1996-12-21,76.0,245,Eastern Kentucky,00-0036465,3908943,fedf6815-1c7e-443c-8d99-633c72e81179,,15053,48558,,,7519,2,"https://static.www.nfl.com/image/private/f_auto,q_auto/league/gak8znmf8pc8lhpi9kaa",,18,REG,R01,Aaron,PAT290303,53315,32005041-5429-0303-d03a-0173b1f08398,2020,2021,,
2022,GB,K,K,15,DEV,Matt Ammendola,Matt,Ammendola,1996-12-11,69.0,195,Oklahoma State,00-0036469,3919602,f6d943d7-3ddb-4054-8796-9febf6026898,33381,15543,,,,7617,1,"https://static.www.nfl.com/image/private/f_auto,q_auto/league/rlkhhx2jkjxrftwju1hb",,18,REG,P06,Matt,AMM426541,53406,3200414d-4d42-6541-ea63-3db2699790f1,2021,2021,,
2022,KC,WR,WR,5,CUT,Mathew Sexton,Mathew,Sexton,,71.0,175,Eastern Michigan,00-0036471,,,,,,,,,1,,,1,REG,A01,Mathew,"",53182,32005345-5843-2166-fbdb-bd913240c154,2021,2021,,
2022,CHI,DL,DE,59,DEV,Sammis Reyes,Sammis,Reyes,1995-10-19,79.0,264,Tulane,00-0036474,,3610560c-c2c1-4649-9554-ceca409ae27f,33386,15586,143769,,,7622,1,"https://static.www.nfl.com/image/private/f_auto,q_auto/league/hyvwh8kijwomfikvqbga",,18,REG,P06,Sammis,REY026142,53415,32005245-5902-6142-1cb9-d69009483fd6,2021,2021,,
2022,IND,DL,DE,51,ACT,Kwity Paye,Kwity,Paye,1998-11-19,74.0,265,Michigan,00-0036479,4258194,4c52a12f-6745-468e-86d9-977ffa512c4b,33409,15264,56713,PayeKw00,,7633,1,"https://static.www.nfl.com/image/private/f_auto,q_auto/league/kxgtkwvum1rsxoujqcil",EDGE,18,REG,A01,Kwity,PAY168986,53450,32005041-5916-8986-d9fb-d5cb1d17eb42,2021,2021,IND,21
2022,IND,DL,DE,54,ACT,Dayo Odeyingbo,Dayo,Odeyingbo,1999-09-24,78.0,280,Vanderbilt,00-0036480,4242659,994f3d7b-1f01-45fe-ba66-4d853d4b09fb,,15227,,OdeyDa00,,7649,1,"https://static.www.nfl.com/image/private/f_auto,q_auto/league/bzjmmqwsdbhy6te5mjem",EDGE,18,REG,A01,Dayo,ODE707589,53483,32004f44-4570-7589-a1e8-0c8ad4945469,2021,2021,IND,54
2022,GB,DB,SS,30,CUT,Shawn Davis,Shawn,Davis,,71.0,205,Florida,00-0036481,4240602,b9aaf941-b081-4566-ad9a-72acbbeea4eb,,15301,,DaviSh02,,7825,1,"https://static.www.nfl.com/image/private/f_auto,q_auto/league/zm8t7evy51sqam6jraq5",,1,REG,W03,Shawn,DAV746631,53594,32004441-5674-6631-5a1f-23c8ff59246b,2021,2021,IND,165
2022,IND,WR,WR,17,ACT,Mike Strachan,Mike,Strachan,1997-08-13,77.0,205,"Charleston, W. Va.",00-0036482,4589245,f847b563-8a08-46ca-bb57-aee8431a87fd,33620,15570,143358,StraMi03,,7944,1,"https://static.www.nfl.com/image/private/f_auto,q_auto/league/f0eepzx0zweaaoch5xfj",WR,18,REG,A01,Mike,STR010557,53658,32005354-5201-0557-35f2-fc34c550734d,2021,2021,IND,229
2022,IND,OL,G,75,ACT,Will Fries,Will,Fries,1998-04-04,78.0,306,Penn State,00-0036483,,,,,,,,,1,"https://static.www.nfl.com/image/private/f_auto,q_auto/league/qhxrofjgc3kkvvwviqpj",G,18,REG,A01,Will,FRI357860,53677,32004652-4935-7860-44ad-9ec492a0e5fc,2021,2021,IND,248
2022,CLE,DL,DT,60,CUT,David Moore,David,Moore,1998-05-12,74.0,320,Grambling,00-0036486,,,,,,,,,1,"https://static.www.nfl.com/image/private/f_auto,q_auto/league/nsz6ivpzsjw6rsw2rjro",,6,REG,P01,David,MOO250165,53696,32004d4f-4f25-0165-14fe-c5b761e30013,2021,2021,,
2022,NE,K,K,47,RES,Quinn Nordin,Quinn,Nordin,1998-08-16,73.0,215,Michigan,00-0036488,,15dcfb8e-ef29-40f4-a924-f3ce4150c563,33787,15537,,,,8040,1,"https://static.www.nfl.com/image/private/f_auto,q_auto/league/bksl6ppqtiql48qvb6gt",,18,REG,R05,Quinn,NOR106530,53698,32004e4f-5210-6530-75e9-3b46614d1fe3,2021,2021,,
2022,GB,TE,TE,89,DEV,Nick Guggemos,Nick,Guggemos,1995-12-17,77.0,231,"St. Thomas, Minn.",00-0036489,,,,,,,,,1,,,18,REG,P01,Nick,GUG415291,53699,32004755-4741-5291-1391-ffab17000abc,2021,2021,,
2022,BAL,WR,WR,14,DEV,Tarik Black,Tarik,Black,1998-02-10,75.0,217,Texas,00-0036491,,89de9ce0-3b8e-424a-b9b5-d747692ea5f7,,15519,61442,,,8005,1,"https://static.www.nfl.com/image/private/f_auto,q_auto/league/irog1nrdyhz3vdxdhp45",,19,WC,P01,Tarik,BLA168704,53701,3200424c-4116-8704-e28e-1cc6bcb3a853,2021,2021,,
2022,IND,RB,RB,35,ACT,Deon Jackson,Deon,Jackson,1999-02-18,72.0,220,Duke,00-0036493,4240455,3833681f-0164-4dbf-bfae-ea33115daafb,,15635,57189,,,7551,1,"https://static.www.nfl.com/image/private/f_auto,q_auto/league/baws2kukxj8wwdoskidg",RB,18,REG,A01,Deon,JAC126714,53703,32004a41-4312-6714-526c-5f2fe97ca0c1,2021,2021,,
2022,PIT,WR,WR,80,CUT,Tyler Vaughns,Tyler,Vaughns,,74.0,185,Southern California,00-0036495,,eec927ed-221c-413c-a91c-ab1ed1bb038a,,15419,,,,7548,1,,,1,REG,W03,Tyler,VAU705993,53705,32005641-5570-5993-b0a5-e6c411cc41d4,2021,2021,,
2022,JAX,WR,WR,15,ACT,Tim Jones,Tim,Jones,1998-05-15,73.0,202,Southern Mississippi,00-0036497,,b4dadef6-a938-4b34-b83c-b64d4a297e02,,15464,,,,8013,1,"https://static.www.nfl.com/image/private/f_auto,q_auto/league/cey4dkuhkbiiznsfoij1",SLOT_WR,20,DIV,A01,Tim,JON759314,53707,32004a4f-4e75-9314-53c1-a930735b2243,2021,2021,,
2022,NYJ,LB,ILB,44,ACT,Jamien Sherwood,Jamien,Sherwood,2000-01-12,74.0,220,Auburn,00-0036500,4361331,0e9ea316-700d-4368-86c1-d1181fc64f52,,15316,83175,SherJa00,,7841,1,"https://static.www.nfl.com/image/private/f_auto,q_auto/league/lnsbtykxpl6k5hpk4p7z",MLB,18,REG,A01,Jamien,SHE806239,53575,32005348-4580-6239-250b-dfa910f6272d,2021,2021,NYJ,146
2022,NYJ,DB,CB,30,ACT,Michael Carter,Michael,Carter,1999-03-08,70.0,190,Duke,00-0036501,4240657,117d2769-60b3-47f0-be7f-f47fe36e0ac9,33495,15621,60644,CartMi02,,7835,1,"https://static.www.nfl.com/image/private/f_auto,q_auto/league/admwfoo0pgl2z2zvqcp2",SLOT_CB,18,REG,A01,Michael,CAR786800,53583,32004341-5278-6800-6ad9-7bbb260d017a,2021,2021,NYJ,154
2022,NYG,DB,FS,27,ACT,Jason Pinnock,Jason,Pinnock,1999-06-30,72.0,205,Pittsburgh,00-0036502,4240706,8ca53dc6-9a7f-41a6-9b69-d199a6784013,,15532,56144,,,7816,1,"https://static.www.nfl.com/image/private/f_auto,q_auto/league/fboie1ilpssssyjiiocf",SAFETY,20,DIV,A01,Jason,PIN757046,53604,32005049-4e75-7046-17a6-92c57382f4b9,2021,2021,NYJ,175
2022,NYJ,LB,ILB,45,ACT,Hamsah Nasirildeen,Hamsah,Nasirildeen,1999-01-17,75.0,215,Florida State,00-0036503,4240030,d2bbcec8-7163-4d6a-b356-9002a16eebe6,33574,15453,55898,NasiHa00,,7806,1,"https://static.www.nfl.com/image/private/f_auto,q_auto/league/halpcwcnruhiup3qtmjw",,18,REG,A01,Hamsah,NAS635310,53615,32004e41-5363-5310-e2a7-39ad93df1412,2021,2021,NYJ,186
2022,NYJ,DB,CB,26,RES,Brandin Echols,Brandin,Echols,1997-10-16,70.0,178,Kentucky,00-0036504,4567979,7c023589-734d-489f-ac09-577d48f772f3,,15626,98900,,,7796,1,"https://static.www.nfl.com/image/private/f_auto,q_auto/league/upbwzizjyqgjdocghwt8",,18,REG,R01,Brandin,ECH142755,53629,32004543-4814-2755-6b48-2645e72bb35a,2021,2021,NYJ,200
2022,PIT,DL,DT,91,INA,Jonathan Marshall,Jonathan,Marshall,1997-09-16,75.0,317,Arkansas,00-0036505,4035590,99f82a33-5622-4f22-95ff-05d8bd3a6521,,15428,44173,,,7791,1,"https://static.www.nfl.com/image/private/f_auto,q_auto/league/sevc4mnfloam4ndwi82u",,18,REG,A01,Jonathan,MAR429045,53636,32004d41-5242-9045-4a88-041c23082c36,2021,2021,NYJ,207
2022,SEA,DB,CB,24,RES,Isaiah Dunn,Isaiah,Dunn,1999-01-31,72.0,193,Oregon State,00-0036506,,97357c21-9d25-4a8a-a066-be6dad0e8a7f,,15548,52129,,,8044,1,"https://static.www.nfl.com/image/private/f_auto,q_auto/league/k6jkdnic8t9ong0v6mle",,19,WC,R48,Isaiah,DUN549157,53711,32004455-4e54-9157-2fde-48bfb1b8fd71,2021,2021,,
2022,SF,DL,DT,50,DEV,Michael Dwumfour,Michael,Dwumfour,1998-01-01,73.0,282,Rutgers,00-0036507,,426048d5-8634-4df9-a0cc-b92f2c76a03d,,15697,27376,,,7876,1,"https://static.www.nfl.com/image/private/f_auto,q_auto/league/fpg05opzplhxnwrt2i7y",,21,CON,P01,Michael,DWU415291,53712,32004457-5541-5291-7ce1-d9e414d4eae7,2021,2021,,
2022,NYJ,TE,TE,88,ACT,Kenny Yeboah,Kenny,Yeboah,1998-10-30,76.0,240,Mississippi,00-0036510,,990c2825-ca25-4da9-9966-269363a9bb91,33705,15339,42196,,,7597,1,"https://static.www.nfl.com/image/private/f_auto,q_auto/league/pyyu2tii1s4lbys5734k",TE,18,REG,A01,Kenny,YEB415291,53715,32005945-4241-5291-cc6e-c371135db900,2021,2021,,
2022,WAS,LB,OLB,46,ACT,Milo Eifler,Camilo,Eifler,1998-02-13,74.0,225,Illinois,00-0036511,,c75717d2-be1d-4305-9bae-5a18d9cedca6,,15388,43421,,,7878,1,"https://static.www.nfl.com/image/private/f_auto,q_auto/league/if5ecmi0zv7bn2xppfei",,18,REG,A01,Milo,EIF273217,53716,32004549-4627-3217-22fe-eedf03e4fc84,2021,2021,,
2022,DEN,OL,G,65,DEV,Parker Ferguson,Parker,Ferguson,1999-05-16,76.0,290,Air Force,00-0036512,,,,,,,,,1,"https://static.www.nfl.com/image/private/f_auto,q_auto/league/wfkujfzemjxyvnnyxarj",,18,REG,P01,Parker,FER293179,53717,32004645-5229-3179-40ee-0de29ce0f91a,2021,2021,,
2022,TB,OL,T,74,DEV,Grant Hermanns,Grant,Hermanns,1998-03-05,79.0,305,Purdue,00-0036513,,,,,,,,,1,"https://static.www.nfl.com/image/private/f_auto,q_auto/league/jg3iqd49fnkvxbpm7vuq",,19,WC,P01,Grant,HER265857,53718,32004845-5226-5857-27c3-921bfc51970c,2021,2021,,
2022,TB,DL,DE,46,DEV,Hamilcar Rashed,Hamilcar,Rashed,1998-01-02,74.0,203,Oregon State,00-0036517,,,,,,,,,1,"https://static.www.nfl.com/image/private/f_auto,q_auto/league/blfsydswt1fg26qdgigw",,19,WC,P01,Hamilcar,"",53722,32005241-5325-4236-e29d-7b415d5dae84,2021,2021,,
2022,KC,TE,TE,89,DEV,Matt Bushman,Matt,Bushman,1995-11-03,77.0,234,Brigham Young,00-0036519,,380b6bd1-1ef3-4cc2-bf3f-c992ba1151e7,,15203,52008,,,7992,1,"https://static.www.nfl.com/image/private/f_auto,q_auto/league/ptrrzsvtzxyoae4uhvss",,22,SB,P01,Matt,BUS348229,53724,32004255-5334-8229-ae00-6d2b2a980622,2021,2021,,
2022,NYG,OL,T,62,DEV,Devery Hamilton,Devery,Hamilton,1998-04-19,78.0,310,Duke,00-0036522,,,,,,,,,1,"https://static.www.nfl.com/image/private/f_auto,q_auto/league/thibrr8x6rr07dds0xxr",,20,DIV,P01,Devery,HAM214394,53727,32004841-4d21-4394-dbe2-e6061de11d3b,2021,2021,,
2022,LA,RB,RB,32,CUT,Trey Ragas,Trey,Ragas,1996-11-07,70.0,230,Louisiana-Lafayette,00-0036523,,3b4fbc3b-3481-4117-9b27-32fd31d02aef,,15463,42174,,,7993,1,"https://static.www.nfl.com/image/private/f_auto,q_auto/league/dxx9omigqswqm8irxgzh",,3,REG,P02,Trey,RAG069215,53728,32005241-4706-9215-2e52-6e4a812a510d,2021,2021,,
2022,LV,WR,WR,16,DEV,Dillon Stoner,Dillon,Stoner,1998-02-06,72.0,198,Oklahoma State,00-0036526,4038460,977bcabb-f79b-4e96-91f9-c8e44f73c3e8,,15333,48304,,,7996,1,"https://static.www.nfl.com/image/private/f_auto,q_auto/league/v9nlqa52g6s7cn1aillm",,18,REG,P02,Dillon,STO486066,53731,32005354-4f48-6066-cab8-a815e745ede8,2021,2021,,
2022,LV,WR,WR,19,DEV,D.J. Turner,Darryl,Turner,1997-01-18,69.0,205,Pittsburgh,00-0036527,,1624b5cf-0032-4093-af56-e4dea4f64149,,15533,47663,,,7989,1,"https://static.www.nfl.com/image/private/f_auto,q_auto/league/fptw86cnrekzdfabaomj",,18,REG,P01,D.J.,TUR283150,53732,32005455-5228-3150-bd8b-375f08e09a66,2021,2021,,
2022,PIT,DB,CB,31,DEV,Mark Gilbert,Mark,Gilbert,1997-06-01,73.0,175,Duke,00-0036530,,7de23fa9-4c27-4dcf-bfd6-caf571065cb8,,15202,26144,,,8084,1,"https://static.www.nfl.com/image/private/f_auto,q_auto/league/keudtdkoghssq5iyuzib",,18,REG,P01,Mark,GIL117153,53735,32004749-4c11-7153-6787-8da3d8fffcf6,2021,2021,,
2022,DET,TE,TE,84,ACT,Shane Zylstra,Shane,Zylstra,1996-11-16,76.0,215,Minn. State-Mankato,00-0036534,,0cafaac9-20fb-4e5a-9362-158d8a4e7904,,15701,,,,8041,1,"https://static.www.nfl.com/image/private/f_auto,q_auto/league/wnpvpyefzoozhiih8rwo",TE,18,REG,A01,Shane,ZYL604524,53739,32005a59-4c60-4524-a5a7-87ceda797ebb,2021,2021,,
2022,DEN,OL,G,78,ACT,William Sherman,William,Sherman,1999-05-27,76.0,305,Colorado,00-0036535,,,,,,,,,1,"https://static.www.nfl.com/image/private/f_auto,q_auto/league/aa402vusertco55dujl7",,18,REG,A01,William,SHE745716,53626,32005348-4574-5716-cc95-7b392e228b70,2021,2021,NE,197
2022,NE,WR,WR,82,DEV,Tre Nixon,Tre,Nixon,1998-01-26,74.0,190,Central Florida,00-0036536,4047648,c552a87b-4612-49f2-a6a4-55a5e26787c7,,15525,40445,NixoTr01,,7546,1,"https://static.www.nfl.com/image/private/f_auto,q_auto/league/jxfsinugbmhu1fyqosce",,18,REG,P01,Tre,NIX753522,53671,32004e49-5875-3522-7910-89ba0c9911be,2021,2021,NE,242
2022,MIA,DL,DT,95,DEV,Josiah Bronson,Josiah,Bronson,1997-07-03,75.0,300,Washington,00-0036537,,12b626e4-28f9-4f67-bf0f-d8d665f1de28,,15607,36668,,,8037,1,"https://static.www.nfl.com/image/private/f_auto,q_auto/league/mtzkglfhf5bfo6tqjs0z",,19,WC,P01,Josiah,BRO106916,53740,32004252-4f10-6916-1070-bbd830231d92,2021,2021,,
2022,ARI,P,P,15,INA,Nolan Cooney,Nolan,Cooney,1996-09-18,75.0,202,Syracuse,00-0036539,,8db0f2a4-42bd-40a3-996f-f6364716b8a4,,15685,,,,7909,1,"https://static.www.nfl.com/image/private/f_auto,q_auto/league/wu3omhleeh9heanwbu1o",,9,REG,A01,Nolan,COO465974,53742,3200434f-4f46-5974-205d-0eecb0f20bf2,2021,2021,,
2022,NO,TE,TE,40,RES,Dylan Soehner,Dylan,Soehner,1997-11-08,78.0,272,Iowa State,00-0036540,,,,,,,,,1,,,13,REG,R04,Dylan,SOE326300,53743,3200534f-4532-6300-ae9b-f47f6e46d65c,2021,2021,,
2022,PIT,DB,FS,37,CUT,Donovan Stiner,Donovan,Stiner,,74.0,210,Florida,00-0036542,,,,,,,,,1,"https://static.www.nfl.com/image/private/f_auto,q_auto/league/ppjhrmfqlnp13j6m2vta",,1,REG,A01,Donovan,STI561461,53745,32005354-4956-1461-c66b-c00f37bf1554,2021,2021,,
2022,CAR,RB,RB,41,DEV,Spencer Brown,Spencer,Brown,1998-11-13,72.0,220,Alabama-Birmingham,00-0036543,,0fe5d2c8-9cf4-4983-b160-468362c1a23c,,15580,57441,BrowSp01,,7867,1,"https://static.www.nfl.com/image/private/f_auto,q_auto/league/vaef2uc9r6y6pxxslqej",,18,REG,P01,Spencer,BRO690603,53746,32004252-4f69-0603-d5ae-fd4c5f3c0572,2021,2021,,
2022,MIA,DB,CB,6,RES,Trill Williams,Trill,Williams,1999-12-29,73.0,200,Syracuse,00-0036546,,aa1debbf-691e-481a-a004-9e25e2e80660,,15597,76643,,,7912,1,"https://static.www.nfl.com/image/private/f_auto,q_auto/league/vgrcozcod4gsznap01sf",,19,WC,R01,Trill,WIL547634,53751,32005749-4c54-7634-1d63-8b072938ccaf,2021,2021,,
2022,BAL,WR,WR,7,RES,Rashod Bateman,Rashod,Bateman,1999-11-29,73.0,210,Minnesota,00-0036550,4360939,d9f8b92b-69d4-4d83-9bf2-106ee523efed,,15210,,BateRa00,,7571,1,"https://static.www.nfl.com/image/private/f_auto,q_auto/league/rxkbjfe1pdmlvp1vd6i5",,19,WC,R01,Rashod,BAT103884,53456,32004241-5410-3884-8ac5-165a4f1f770e,2021,2021,BAL,27
2022,SF,OL,G,65,ACT,Aaron Banks,Aaron,Banks,1997-09-03,77.0,330,Notre Dame,00-0036551,,,,,,,,,1,"https://static.www.nfl.com/image/private/f_auto,q_auto/league/jgjwb4iua1eoindzkpdu",G,21,CON,A01,Aaron,BAN394046,53477,32004241-4e39-4046-1bac-1be9e6b0650e,2021,2021,SF,48
2022,NYG,LB,OLB,51,ACT,Azeez Ojulari,Azeez,Ojulari,2000-06-16,75.0,250,Georgia,00-0036552,4379409,78af6ab8-1003-423d-b29b-111d8f4d45ad,,15355,81959,OjulAz00,,7653,1,"https://static.www.nfl.com/image/private/f_auto,q_auto/league/zcrlioblrrkgyukcdqbe",EDGE,20,DIV,A01,Azeez,OJU415291,53479,32004f4a-5541-5291-d003-ed4598630587,2021,2021,NYG,50
2022,BUF,DL,DE,55,ACT,Carlos Basham,Carlos,Basham,1997-12-16,75.0,273,Wake Forest,00-0036553,4037239,18eae132-a14e-4de6-bae2-77c9ce8f5864,33449,15260,44320,BashCa00,,7646,1,"https://static.www.nfl.com/image/private/f_auto,q_auto/league/c3f39wokidtacmi8wadr",EDGE,20,DIV,A01,Carlos,BAS141481,53490,32004241-5314-1481-9904-6347892079b0,2021,2021,BUF,61
2022,HOU,WR,WR,12,RES,Nico Collins,Nico,Collins,1999-03-19,76.0,222,Michigan,00-0036554,4258173,bd56a50c-5fae-4ee2-8363-f74ae07b6887,,15200,61441,CollNi00,,7569,1,"https://static.www.nfl.com/image/private/f_auto,q_auto/league/mo63xdi05pkyzyggozwg",,18,REG,R01,Nico,COL654119,53518,3200434f-4c65-4119-2a51-095ba724d414,2021,2021,HOU,89
2022,CAR,RB,RB,30,ACT,Chuba Hubbard,Chuba,Hubbard,1999-06-11,73.0,207,Oklahoma State,00-0036555,4241416,32205e74-b23f-420a-b312-465b29260745,33514,15242,57373,HubbCh01,,7594,1,"https://static.www.nfl.com/image/private/f_auto,q_auto/league/t4fgherebb4wc3mtyfrk",RB,18,REG,A01,Chuba,HUB179324,53555,32004855-4217-9324-a63d-319921de85bb,2021,2021,CAR,126
2022,HOU,TE,TE,9,ACT,Brevin Jordan,Brevin,Jordan,2000-07-16,75.0,245,Miami,00-0036556,4362504,8ffb5c07-4aa1-4796-b1ab-30c1ab0ccc4c,33535,15369,77887,JordBr00,,7568,1,"https://static.www.nfl.com/image/private/f_auto,q_auto/league/jq0vmujycrgmnqlevj4b",TE,18,REG,A01,Brevin,JOR035760,53576,32004a4f-5203-5760-5721-234f0b7d2f1c,2021,2021,HOU,147
2022,SF,OL,T,76,ACT,Jaylon Moore,Jaylon,Moore,1998-01-09,76.0,315,Western Michigan,00-0036557,,,,,,,,,1,"https://static.www.nfl.com/image/private/f_auto,q_auto/league/aokc5iztkwxpl4zv8qeh",T,21,CON,A01,Jaylon,MOO391469,53584,32004d4f-4f39-1469-aeab-566a99739b64,2021,2021,SF,155
2022,SEA,DL,DT,94,CUT,Daviyon Nixon,Daviyon,Nixon,1998-12-13,75.0,305,Iowa,00-0036558,4360484,a938a2b4-753b-47bc-ab25-61842c78571e,33546,15320,82488,NixoDa00,,7832,1,"https://static.www.nfl.com/image/private/f_auto,q_auto/league/cnqhpb8cuqfiladbnj0l",,17,REG,W03,Daviyon,NIX575406,53587,32004e49-5857-5406-6d9c-635ad06e3c70,2021,2021,CAR,158
2022,NE,DB,CB,26,INA,Shaun Wade,Shaun,Wade,1998-09-16,73.0,195,Ohio State,00-0036559,4241995,6dbc1c10-83ed-40ba-b747-365ef1c0623a,,15193,55673,WadeSh00,,7830,1,"https://static.www.nfl.com/image/private/f_auto,q_auto/league/lwnfr6biadnkg2lw1lex",,18,REG,A01,Shaun,WAD596170,53589,32005741-4459-6170-aa09-3015114daffa,2021,2021,BAL,160
2022,BUF,OL,T,72,RES,Tommy Doyle,Thomas,Doyle,1998-05-06,80.0,315,"Miami, O.",00-0036560,,,,,,,,,1,"https://static.www.nfl.com/image/private/f_auto,q_auto/league/tungpq5kctpw6hz8doin",,20,DIV,R01,Tommy,DOY686038,53590,3200444f-5968-6038-2474-c99b0bbd9816,2021,2021,BUF,161
2022,CAR,DB,CB,28,ACT,Keith Taylor,Keith,Taylor,1999-05-03,77.0,195,Washington,00-0036561,4243332,a72561d6-fd30-4910-ac44-eb9416e792ea,,15486,56289,TaylKe03,,7824,1,,SLOT_CB,18,REG,A01,Keith,TAY455531,53595,32005441-5945-5531-e5e8-cc6eb217c550,2021,2021,CAR,166
2022,BAL,LB,OLB,59,RES,Daelin Hayes,Daelin,Hayes,1998-05-16,76.0,258,Notre Dame,00-0036562,4039028,72bae032-79e6-4a3d-b74c-37c7a0973e99,,15482,43449,HayeDa00,,7820,1,"https://static.www.nfl.com/image/private/f_auto,q_auto/league/i598ypkenkp5spidslmw",,19,WC,R01,Daelin,HAY095167,53600,32004841-5909-5167-6a9b-178f7455596b,2021,2021,BAL,171
2022,SF,DB,CB,38,ACT,Deommodore Lenoir,Deommodore,Lenoir,1999-10-06,70.0,202,Oregon,00-0036563,4242488,d24bbe70-baba-4337-822e-c166a156f92e,33560,15192,55686,LenoDe00,,7819,1,"https://static.www.nfl.com/image/private/f_auto,q_auto/league/gu3ubdetwrtu7chilbxt",CB,21,CON,A01,Deommodore,LEN391302,53601,32004c45-4e39-1302-184b-0cbaae3a7007,2021,2021,SF,172
2022,SF,DB,SS,29,ACT,Talanoa Hufanga,Sione Leti,Hufanga,2000-02-01,72.0,215,Southern California,00-0036564,4360853,a1a2f797-77ac-4f13-8456-50a10a7fd61a,,15317,83903,HufaTa00,,7811,1,"https://static.www.nfl.com/image/private/f_auto,q_auto/league/zmstzjydeukpbvwybmip",SAFETY,21,CON,A01,Talanoa,HUF025955,53609,32004855-4602-5955-8b3f-87d05b378712,2021,2021,SF,180
2022,BAL,TE,TE,38,DEV,Ben Mason,Ben,Mason,1999-05-25,75.0,254,Michigan,00-0036565,,ae900153-c5cb-477f-86e0-e5e1378c30cf,,15469,57070,,,7808,1,"https://static.www.nfl.com/image/private/f_auto,q_auto/league/eapvwvttlr2sdlyb7ynq",,19,WC,P01,Ben,MAS064506,53613,32004d41-5306-4506-17b5-c673fc78719b,2021,2021,BAL,184
2022,CAR,OL,G,77,DEV,Deonte Brown,Deonte,Brown,1998-01-15,76.0,350,Alabama,00-0036566,,,,,,,,,1,"https://static.www.nfl.com/image/private/f_auto,q_auto/league/wigkp3khska80dkwpqid",,18,REG,P01,Deonte,BRO390022,53622,32004252-4f39-0022-a3c9-a9993b5cf6ac,2021,2021,CAR,193
2022,SF,RB,RB,25,INA,Elijah Mitchell,Elijah,Mitchell,1998-05-02,70.0,221,Louisiana-Lafayette,00-0036567,4241555,8ba68abf-e9d2-4927-bf8d-476f271d840c,33582,15379,57272,MitcEl00,,7561,1,"https://static.www.nfl.com/image/private/f_auto,q_auto/league/pylj2udt3klrdmskh3qi",,21,CON,A01,Elijah,MIT257014,53623,32004d49-5425-7014-1099-952db785e3db,2021,2021,SF,194
2022,HOU,DL,DT,91,ACT,Roy Lopez,Roy,Lopez,1997-08-07,74.0,318,Arizona,00-0036568,4040805,23a30b80-1549-4ae8-afac-0fa99636c71e,,15610,48676,,,7799,1,"https://static.www.nfl.com/image/private/f_auto,q_auto/league/fznv2qiirufj0vcl6rtq",INTERIOR_LINE,18,REG,A01,Roy,LOP508807,53624,32004c4f-5050-8807-55d8-2ccd7384f6f5,2021,2021,HOU,195
2022,NYG,RB,RB,23,ACT,Gary Brightwell,Gary,Brightwell,1998-02-28,73.0,218,Arizona,00-0036569,4245645,94bde2c7-7229-4bf0-a545-5950cf3c7927,33584,15343,57133,BrigGa00,,7529,1,"https://static.www.nfl.com/image/private/f_auto,q_auto/league/wf0idj3nougncioq7zff",RB,20,DIV,A01,Gary,BRI306021,53625,32004252-4930-6021-4b99-ec388b94f0eb,2021,2021,NYG,196
2022,NYG,DB,CB,25,INA,Rodarius Williams,Rodarius,Williams,1996-09-12,72.0,190,Oklahoma State,00-0036570,4038430,4c291418-b408-4886-a87e-2022ce5747bc,,15487,44160,WillRo07,,7795,1,"https://static.www.nfl.com/image/private/f_auto,q_auto/league/jiidr0m42cdrywl4raqn",,20,DIV,A01,Rodarius,WIL506648,53630,32005749-4c50-6648-4e60-3e5913e2e410,2021,2021,NYG,201
2022,CLE,WR,WR,15,DEV,Marquez Stevenson,Marquez,Stevenson,1998-03-26,70.0,180,Houston,00-0036571,4039307,e6f6dd1f-536f-41be-bf56-7ea6999d5b2c,,15436,41838,StevMa00,,7556,1,"https://static.www.nfl.com/image/private/f_auto,q_auto/league/kemavlwid32vr5ptpxd8",,18,REG,P01,Marquez,STE684255,53632,32005354-4568-4255-a2f1-959b8ce40c3b,2021,2021,BUF,203
2022,CAR,WR,WR,12,ACT,Shi Smith,Shiyun,Smith,1998-10-26,70.0,190,South Carolina,00-0036572,4259499,1e664071-60d0-47da-94c8-e5c8617e11f6,33592,15226,61643,SmitSh03,,7603,1,"https://static.www.nfl.com/image/private/f_auto,q_auto/league/dreb8ikx3agnwicj9woi",SLOT_WR,18,REG,A01,Shi,SMI717460,53633,3200534d-4971-7460-a844-45bf4b371484,2021,2021,CAR,204
2022,WAS,DB,CB,37,ACT,Rachad Wildgoose,Rachad,Wildgoose,2000-06-20,70.0,197,Wisconsin,00-0036573,,59f781db-3955-451b-9b17-31b5a1823aa2,,15215,83111,WildRa00,,7786,1,"https://static.www.nfl.com/image/private/f_auto,q_auto/league/sutwms6itklalahpqzvh",SLOT_CB,18,REG,A01,Rachad,WIL047202,53642,32005749-4c04-7202-2f39-a2f7aa33f5cc,2021,2021,BUF,213
2022,CAR,LS,LS,46,RES,Thomas Fletcher,Thomas,Fletcher,,74.0,231,Alabama,00-0036574,,,,,,,,,1,"https://static.www.nfl.com/image/private/f_auto,q_auto/league/a9pt1kgtrwsa0gaggyyq",,1,REG,A01,Thomas,FLE731067,53651,3200464c-4573-1067-d83c-68262a1389f6,2021,2021,CAR,222
2022,CAR,OL,T,74,INA,Larnel Coleman,Larnel,Coleman,1998-06-22,78.0,315,Massachusetts,00-0036575,,,,,,,,,1,"https://static.www.nfl.com/image/private/f_auto,q_auto/league/vden4z3ctjcodchhqlft",,18,REG,A01,Larnel,COL296981,53660,3200434f-4c29-6981-8da0-eb2a705b0aa8,2021,2021,MIA,231
2022,KC,DL,DT,71,DEV,Phil Hoskins,Phil,Hoskins,1997-01-02,77.0,280,Kentucky,00-0036576,4259989,38acce95-f677-4045-bd2e-4580b772adb6,,15653,56672,,,7772,1,"https://static.www.nfl.com/image/private/f_auto,q_auto/league/dp0hcvnpdovdguhogzv4",,22,SB,P01,Phil,HOS205770,53661,3200484f-5320-5770-50c5-31df19c3c29c,2021,2021,CAR,232
2022,NYG,OL,G,77,INA,Jack Anderson,Jack,Anderson,1998-10-11,76.0,315,Texas Tech,00-0036577,,,,,,,,,1,"https://static.www.nfl.com/image/private/f_auto,q_auto/league/dyaeixchodwq4pj0plcg",,20,DIV,A01,Jack,AND289427,53665,3200414e-4428-9427-be89-74958f0d8809,2021,2021,BUF,236
2022,HOU,RB,RB,23,DEV,Gerrid Doaks,Gerrid,Doaks,1998-06-09,71.0,230,Cincinnati,00-0036578,,7d4333b3-8979-4920-9cfc-13fce89b7a3f,,15331,40903,,,7539,1,"https://static.www.nfl.com/image/private/f_auto,q_auto/league/azeidk1d1hycdvbur5gn",,18,REG,P01,Gerrid,DOA400459,53673,3200444f-4140-0459-f3d8-8ab62922b0eb,2021,2021,MIA,244
2022,PIT,OL,T,72,CUT,Adrian Ealy,Adrian,Ealy,,78.0,328,Oklahoma,00-0036580,,,,,,,,,1,"https://static.www.nfl.com/image/private/f_auto,q_auto/league/orbx2rvgtcrnndtvhqhy",,1,REG,W03,Adrian,EAL415291,53812,32004541-4c41-5291-9f40-516f29f64302,2021,2021,,
2022,CAR,RB,RB,37,CUT,Nate McCrary,Nate,McCrary,1999-04-09,72.0,225,Saginaw Valley State,00-0036582,,8f5392ce-36c3-4613-967c-abcec98f591c,,15667,,,,8058,1,"https://static.www.nfl.com/image/private/f_auto,q_auto/league/u7ojryxtg9zjwkshxmai",,15,REG,P01,Nate,MCC661285,53814,32004d43-4366-1285-84a5-03b0ecb458a7,2021,2021,,
2022,BAL,TE,TE,83,CUT,Tony Poljan,Tony,Poljan,,79.0,257,Virginia,00-0036583,,b9bcdb7f-2db2-4bf1-843c-9733f6fe8474,33791,15506,40148,,,7972,1,"https://static.www.nfl.com/image/private/f_auto,q_auto/league/yjofj806rk1z0lskjibr",,1,REG,W03,Tony,POL117540,53815,3200504f-4c11-7540-947e-61f99e54ee59,2021,2021,,
2022,LAC,OL,T,73,ACT,Foster Sarell,Foster,Sarell,1998-08-28,78.0,315,Stanford,00-0036584,,,,,,,,,1,"https://static.www.nfl.com/image/private/f_auto,q_auto/league/cydajj5ojuouxcumgdzm",T,19,WC,A01,Foster,SAR340150,53816,32005341-5234-0150-eba7-1e1fe48c39ef,2021,2021,,
2022,DEN,LB,ILB,54,CUT,Barrington Wade,Barrington,Wade,,73.0,236,Iowa,00-0036586,,cc69eb61-a6f3-4d24-970d-c31e4dfcf6b8,,15707,,,,8059,1,"https://static.www.nfl.com/image/private/f_auto,q_auto/league/lvdwrvqvgwbe0jyn53jh",,1,REG,W03,Barrington,WAD325857,53818,32005741-4432-5857-25d3-1ca20c44931c,2021,2021,,
2022,BAL,DB,FS,29,ACT,Ar'Darius Washington,Ar'Darius,Washington,1999-11-02,68.0,178,Texas Christian,00-0036587,,76647249-62a0-4038-a597-8d0aad1ef3b5,,15415,77848,,,7970,1,"https://static.www.nfl.com/image/private/f_auto,q_auto/league/vw2tmtkj6pdneoax1l2n",,19,WC,A01,Ar'Darius,WAS049867,53819,32005741-5304-9867-cbf8-485ef22c746c,2021,2021,,
2022,NYG,DB,CB,35,CUT,Olaijah Griffin,Olaijah,Griffin,1999-03-10,71.0,175,Southern California,00-0036588,,,,,,,,,1,"https://static.www.nfl.com/image/private/f_auto,q_auto/league/wmsjhzmbztq2i6yhrj5s",,10,REG,P01,Olaijah,GRI238309,53853,32004752-4923-8309-b5e5-edac44319965,2021,2021,,
2022,NYG,DB,CB,44,ACT,Nick McCloud,Nick,McCloud,1998-07-09,73.0,190,Notre Dame,00-0036589,,09dc5222-9669-4aba-9b67-dc87dfcf01fc,,15509,49535,,,7974,1,"https://static.www.nfl.com/image/private/f_auto,q_auto/league/tbmnwfijakdx36tdxgtx",OLB,20,DIV,A01,Nick,MCC416703,53854,32004d43-4341-6703-c290-a4711dbcb94e,2021,2021,,
2022,BUF,TE,TE,85,ACT,Quintin Morris,Quintin,Morris,1999-01-21,74.0,251,Bowling Green,00-0036590,,eab74cbc-ed11-46b3-bd16-1d4c997adc22,,15460,61182,,,7536,1,"https://static.www.nfl.com/image/private/f_auto,q_auto/league/bwv0s4bswhqpszhqpio2",SLOT_WR,20,DIV,A01,Quintin,MOR489431,53855,32004d4f-5248-9431-3daa-d300b23a42bc,2021,2021,,
2022,MIA,OL,G,65,ACT,Robert Jones,Robert,Jones,1999-01-28,76.0,330,Middle Tennessee,00-0036596,,,,,,,,,1,"https://static.www.nfl.com/image/private/f_auto,q_auto/league/nycqabkmpjos16ffdrav",G,19,WC,A01,Robert,JON666061,53861,32004a4f-4e66-6061-ac8c-f08314a992f8,2021,2021,,
2022,LA,WR,WR,84,CUT,Landen Akers,Landen,Akers,,72.0,191,Iowa State,00-0036598,,cdfce34c-8220-4074-9ea3-70c5593cd38b,,15731,42212,,,7915,1,"https://static.www.nfl.com/image/private/f_auto,q_auto/league/a3htstn0d8p9s0wcndvy",,1,REG,W03,Landen,AKE667433,53863,3200414b-4566-7433-cb82-eaa4539d1b5f,2021,2021,,
2022,LA,OL,T,77,RES,Alaric Jackson,Alaric,Jackson,1998-07-14,79.0,315,Iowa,00-0036603,,,,,,,,,1,"https://static.www.nfl.com/image/private/f_auto,q_auto/league/h9puxecubqlxn0yrouq2",,18,REG,R01,Alaric,JAC015008,53868,32004a41-4301-5008-2385-0392a24d89a5,2021,2021,,
2022,LV,OL,G,61,DEV,Jordan Meredith,Jordan,Meredith,1998-01-04,74.0,300,Western Kentucky,00-0036604,,,,,,,,,1,"https://static.www.nfl.com/image/private/f_auto,q_auto/league/eenqkyq01v35cpi6nlxt",,18,REG,P01,Jordan,MER143815,53869,32004d45-5214-3815-bbf5-bef15541a8ac,2021,2021,,
2022,LA,OL,T,66,DEV,Max Pircher,Max,Pircher,1999-09-07,79.0,315,No College,00-0036605,,,,,,,,,1,"https://static.www.nfl.com/image/private/f_auto,q_auto/league/v3nb6qxr9icftuo0vp5p",,18,REG,P03,Max,PIR069214,53870,32005049-5206-9214-7e00-4d72ab7e672a,2021,2021,,
2022,TB,DB,DB,33,CUT,Troy Warner,Troy,Warner,,73.0,200,Brigham Young,00-0036608,,,,,,,,,1,,,1,REG,A01,Troy,WAR514164,53873,32005741-5251-4164-c758-d275aa285b27,2021,2021,,
2022,CIN,DL,DE,69,DEV,Raymond Johnson,Raymond,Johnson,1997-12-02,75.0,270,Georgia Southern,00-0036611,,e5e154c3-df07-4b7f-8bef-2f2d3642374f,,15290,56356,,,7930,1,"https://static.www.nfl.com/image/private/f_auto,q_auto/league/qcmwspi2zhcrxct1txdh",,21,CON,P06,Raymond,JOH789803,53876,32004a4f-4878-9803-e19e-a9c0e9fa10bf,2021,2021,,
2022,MIA,WR,WR,17,ACT,Jaylen Waddle,Jaylen,Waddle,1998-11-25,70.0,182,Alabama,00-0036613,4372016,0ff9a975-669d-4851-a95d-ab28d9fc29c4,33394,15404,84088,WaddJa00,,7526,1,"https://static.www.nfl.com/image/private/f_auto,q_auto/league/nlneyg7usy4pn9psbnru",WR,19,WC,A01,Jaylen,WAD088683,53435,32005741-4408-8683-c826-c882ad6fd5c2,2021,2021,MIA,6
2022,WAS,LB,OLB,52,RES,Jamin Davis,Jamin,Davis,1998-12-12,76.0,234,Kentucky,00-0036614,4240778,6484ba1b-2145-46fb-83f7-c38baa3080c0,,15375,57905,DaviJa11,,7634,1,"https://static.www.nfl.com/image/private/f_auto,q_auto/league/caxztwry2fh7f18mzapc",,18,REG,R01,Jamin,DAV428592,53448,32004441-5642-8592-9936-07896f5591cc,2021,2021,WAS,19
2022,TEN,DB,CB,3,RES,Caleb Farley,Caleb,Farley,1998-11-02,74.0,207,Virginia Tech,00-0036615,4240859,f063865f-624c-45ae-9433-4f9565890665,,15169,61803,FarlCa00,,7632,1,"https://static.www.nfl.com/image/private/f_auto,q_auto/league/rqyzwejo8elbfr7yzqam",,18,REG,R01,Caleb,FAR122365,53451,32004641-5212-2365-40b4-9ee5bfc899a7,2021,2021,TEN,22
2022,MIN,OL,T,71,ACT,Christian Darrisaw,Christian,Darrisaw,1999-06-02,77.0,314,Virginia Tech,00-0036616,,,,,,,,,1,"https://static.www.nfl.com/image/private/f_auto,q_auto/league/sd55s8v5eiaq9i3sr9gk",T,19,WC,A01,Christian,DAR682260,53452,32004441-5268-2260-1da4-71998bd16533,2021,2021,MIN,23
2022,LAC,DB,CB,26,ACT,Asante Samuel,Asante,Samuel,1999-10-03,70.0,180,Florida State,00-0036617,4363034,02b08a8b-a3bd-44d1-8930-e6f51b029a22,33435,15218,76625,SamuAs00,,7655,1,"https://static.www.nfl.com/image/private/f_auto,q_auto/league/bzamndntzw9apsucdzee",CB,19,WC,A01,Asante,SAM686324,53476,32005341-4d68-6324-bbab-7eb56ff0b915,2021,2021,LAC,47
2022,WAS,OL,T,76,ACT,Samuel Cosmi,Samuel,Cosmi,1999-02-16,78.0,295,Texas,00-0036618,,,,,,,,,1,"https://static.www.nfl.com/image/private/f_auto,q_auto/league/f5i1u3vhz8k5o4gww0zy",T,18,REG,A01,Samuel,COS196802,53480,3200434f-5319-6802-cc94-36bf0ee8edce,2021,2021,WAS,51
2022,TEN,OL,T,75,RES,Dillon Radunz,Dillon,Radunz,1998-03-28,78.0,299,North Dakota State,00-0036619,,,,,,,,,1,"https://static.www.nfl.com/image/private/f_auto,q_auto/league/v40jhdxjne4uvd2kuiep",,18,REG,R01,Dillon,RAD746980,53482,32005241-4474-6980-c89b-244c397a20de,2021,2021,TEN,53
2022,SEA,WR,WR,1,RES,D'Wayne Eskridge,D'Wayne,Eskridge,1997-03-23,69.0,190,Western Michigan,00-0036620,4043016,4a76219c-34b8-4cfe-81ab-2bb011368367,,15461,29573,EskrDW00,,7612,1,"https://static.www.nfl.com/image/private/f_auto,q_auto/league/lwg4cpbjcdcgoru2emht",,19,WC,R48,D'Wayne,ESK561172,53485,32004553-4b56-1172-624e-54a9e23a1557,2021,2021,SEA,56
2022,KC,LB,ILB,32,ACT,Nick Bolton,Nicholas,Bolton,2000-03-10,71.0,232,Missouri,00-0036621,4362759,83ad043c-d1e6-45b3-9e06-3f148538db46,,15286,81322,BoltNi00,,7648,1,"https://static.www.nfl.com/image/private/f_auto,q_auto/league/hicuemxs3nah7mrexddl",MLB,22,SB,A01,Nick,BOL678301,53487,3200424f-4c67-8301-cd66-2b7e4543922a,2021,2021,KC,58
2022,GB,OL,C,71,ACT,Josh Myers,Josh,Myers,1998-07-16,77.0,312,Ohio State,00-0036622,,,,,,,,,1,"https://static.www.nfl.com/image/private/f_auto,q_auto/league/ouwbjgmxquzezcaymrpa",C,18,REG,A01,Josh,MYE420232,53491,32004d59-4542-0232-84be-468f30564845,2021,2021,GB,62
2022,KC,OL,C,52,ACT,Creed Humphrey,Creed,Humphrey,1999-06-28,76.0,316,Oklahoma,00-0036623,,,,,,,,,1,"https://static.www.nfl.com/image/private/f_auto,q_auto/league/i3yc7ow14trxuf4e4hhs",C,22,SB,A01,Creed,HUM473083,53492,32004855-4d47-3083-2500-dde1ebaa729d,2021,2021,KC,63
2022,DET,DL,NT,54,ACT,Alim McNeill,Alim,McNeill,2000-05-11,74.0,315,North Carolina State,00-0036624,4361662,865d4bf9-5d13-42a6-a8f9-a4e9a93c7375,33460,15522,76996,McNeAl00,,7679,1,"https://static.www.nfl.com/image/private/f_auto,q_auto/league/msvsqchn8aiqr9usuefn",INTERIOR_LINE,18,REG,A01,Alim,MCN611247,53501,32004d43-4e61-1247-5b50-75dcdd3e2757,2021,2021,DET,72
2022,WAS,DB,CB,25,RES,Benjamin St-Juste,Benjamin,St-Juste,1997-09-08,75.0,205,Minnesota,00-0036625,4258206,19dd3c47-6da2-4baa-8f4d-c44c152924f2,,15479,56061,StJuBe00,,7671,1,"https://static.www.nfl.com/image/private/f_auto,q_auto/league/yssfqma2avs9gn6gqgbm",,18,REG,R01,Benjamin,STJ615310,53503,32005354-4a61-5310-ff81-e57e99306a29,2021,2021,WAS,74
2022,WAS,WR,WR,2,ACT,Dyami Brown,Dyami,Brown,1999-11-01,72.0,185,North Carolina,00-0036626,4361577,0fb60ada-bdd3-4d74-8c98-058303a1649a,33470,15274,77986,BrowDy00,,7587,1,"https://static.www.nfl.com/image/private/f_auto,q_auto/league/bqy38ftosae4u9lnixjx",WR,18,REG,A01,Dyami,BRO408220,53511,32004252-4f40-8220-1974-8f5000372de2,2021,2021,WAS,82
2022,TEN,WR,WR,10,DEV,Dez Fitzpatrick,Dez,Fitzpatrick,1997-12-17,74.0,202,Louisville,00-0036627,4036026,e1d69406-4bcf-46d3-b35f-5ef170e5258b,,15466,42349,FitzDe00,,7729,1,"https://static.www.nfl.com/image/private/f_auto,q_auto/league/ohrow0huwxzxann0j3sh",,18,REG,P01,Dez,FIT767415,53538,32004649-5476-7415-860a-435592f8fb73,2021,2021,TEN,109
2022,WAS,TE,TE,87,ACT,John Bates,John,Bates,1997-11-06,78.0,256,Boise State,00-0036628,4048228,3208880b-949f-4926-85eb-1940770550ea,33512,15289,42275,BateJo00,,7716,1,"https://static.www.nfl.com/image/private/f_auto,q_auto/league/dgrrhom6vtuvuemqwpss",TE,18,REG,A01,John,BAT109191,53553,32004241-5410-9191-4912-a52aed715316,2021,2021,WAS,124
2022,MIN,DB,FS,24,ACT,Camryn Bynum,Camryn,Bynum,1998-07-19,72.0,195,California,00-0036629,4035861,450f301e-e19b-4111-a6be-4bb20fbf7f2a,,15478,38408,BynuCa00,,7715,1,"https://static.www.nfl.com/image/private/f_auto,q_auto/league/as4uy9fe8ffwgxeh2egp",SAFETY,19,WC,A01,Camryn,BYN532388,53554,32004259-4e53-2388-56f8-c8cf0da3bc7b,2021,2021,MIN,125
2022,BAL,WR,WR,16,RES,Tylan Wallace,Tylan,Wallace,1999-05-13,71.0,190,Oklahoma State,00-0036630,4241424,29269863-13cf-4c66-ac3c-5d9a47e2040a,33519,15310,61577,WallTy00,,7595,1,"https://static.www.nfl.com/image/private/f_auto,q_auto/league/oqnsfzjlifv4ds6sgwew",,19,WC,R01,Tylan,WAL505238,53560,32005741-4c50-5238-e142-218e3028b910,2021,2021,BAL,131
2022,GB,OL,T,70,ACT,Royce Newman,Royce,Newman,1997-08-17,77.0,305,Mississippi,00-0036631,,,,,,,,,1,"https://static.www.nfl.com/image/private/f_auto,q_auto/league/scxoypd97t9zc7r1axue",,18,REG,A01,Royce,NEW463853,53571,32004e45-5746-3853-b19f-2eb725a7349f,2021,2021,GB,142
2022,KC,DL,DE,59,INA,Joshua Kaindoh,Joshua,Kaindoh,1998-12-27,78.0,265,Florida State,00-0036632,4240026,8d70fb9f-48a2-4c2b-a4c5-50b233ff0710,,15588,56353,KainJo00,,7700,1,"https://static.www.nfl.com/image/private/f_auto,q_auto/league/zsv90ibeahib22nsy2hd",,22,SB,A01,Joshua,KAI420988,53573,32004b41-4942-0988-6feb-dbb26b7d659f,2021,2021,KC,144
2022,DEN,DB,FS,30,RES,Caden Sterns,Caden,Sterns,1999-11-02,73.0,205,Texas,00-0036633,4362077,5c1cb09e-be4b-43e7-b35d-98db06cea707,,15220,76725,SterCa00,,7837,1,"https://static.www.nfl.com/image/private/f_auto,q_auto/league/yixu3kh0ttqjsyjjgxc9",,18,REG,R01,Caden,STE569819,53581,32005354-4556-9819-8045-ee676cf6baa3,2021,2021,DEN,152
2022,CLE,LB,OLB,42,ACT,Tony Fields,Tony,Fields,1999-06-18,72.0,217,West Virginia,00-0036634,4245655,d40b2cf6-59e1-4af6-a91c-f2206303564c,,15237,,FielTo00,,7836,1,,MLB,18,REG,A01,Tony,FIE823499,53582,32004649-4582-3499-ef09-e1ca0d751c1f,2021,2021,CLE,153
2022,KC,WR,WR,82,DEV,Ihmir Smith-Marsette,Ihmir,Smith-Marsette,1999-08-29,73.0,179,Iowa,00-0036635,4240573,39156891-0d05-470b-8b64-751602820bb1,33545,15287,61324,SmitIh00,,7559,1,"https://static.www.nfl.com/image/private/f_auto,q_auto/league/ghg3rz4z8hbz9ljf0mt3",,22,SB,P01,Ihmir,SMI829563,53586,3200534d-4982-9563-32f4-e8f3bd64568e,2021,2021,MIN,157
2022,LAC,OL,G,64,ACT,Brenden Jaimes,Brenden,Jaimes,1999-05-28,77.0,300,Nebraska,00-0036636,,,,,,,,,1,"https://static.www.nfl.com/image/private/f_auto,q_auto/league/bng6pbaumt5y2yqdxxu5",,19,WC,A01,Brenden,JAI415291,53588,32004a41-4941-5291-9b91-3ac894ebfcd1,2021,2021,LAC,159
2022,KC,TE,TE,83,ACT,Noah Gray,Noah,Gray,1999-04-30,75.0,240,Duke,00-0036637,4240472,c97dfcb6-b999-476f-8487-f3848e92df17,33550,15459,60878,GrayNo00,,7828,1,"https://static.www.nfl.com/image/private/f_auto,q_auto/league/rspbrsndlngbhc78ldow",TE,22,SB,A01,Noah,GRA757316,53591,32004752-4175-7316-bcb6-64b110cf2e59,2021,2021,KC,162
2022,WAS,DB,SS,22,ACT,Darrick Forrest,Darrick,Forrest,1999-05-22,72.0,200,Cincinnati,00-0036638,4239088,6c582650-e297-470b-bb43-f9a1cee68417,,15598,55087,ForrDa00,,7827,1,"https://static.www.nfl.com/image/private/f_auto,q_auto/league/kedptswszglbtiwiecq0",SAFETY,18,REG,A01,Darrick,FOR485545,53592,3200464f-5248-5545-c56f-5beae4773c4c,2021,2021,WAS,163
2022,DEN,DB,FS,41,CUT,Jamar Johnson,Jamar,Johnson,,73.0,197,Indiana,00-0036639,4371949,a2f1a595-4454-465e-a190-0312a2ea3acc,,15382,83243,JohnJa15,,7826,1,"https://static.www.nfl.com/image/private/f_auto,q_auto/league/yissucgrb0yrtnssec8b",,1,REG,A01,Jamar,JOH321931,53593,32004a4f-4832-1931-a344-d3dd62155ec3,2021,2021,DEN,164
2022,BUF,TE,TE,84,DEV,Zach Davidson,Zach,Davidson,1998-07-15,79.0,245,Central Missouri,00-0036640,,cb5e14e8-87a7-4bad-9fd4-abdd50628abb,33556,15567,143780,,,7943,1,"https://static.www.nfl.com/image/private/f_auto,q_auto/league/fjd4wpq1nkussskywy60",,20,DIV,P01,Zach,DAV104903,53597,32004441-5610-4903-d81a-69e2bea869a8,2021,2021,MIN,168
2022,LA,DB,FS,26,DEV,Richard LeCounte,Richard,LeCounte,1998-09-11,71.0,192,Georgia,00-0036641,4240686,ff01b89c-fe58-46a9-bc86-0bec8671f428,,15363,55910,LeCoRi00,,7822,1,"https://static.www.nfl.com/image/private/f_auto,q_auto/league/gifkoliioye2xx1j7bhf",,18,REG,P06,Richard,LEC748385,53598,32004c45-4374-8385-e2f7-575cfecd29d7,2021,2021,CLE,169
2022,GB,DL,DT,93,ACT,Tedarrell Slaton,Tedarrell,Slaton,1997-10-03,76.0,340,Florida,00-0036642,,855efef2-4393-4959-9712-3fd144a03110,,15604,56597,SlatTe00,,7818,1,"https://static.www.nfl.com/image/private/f_auto,q_auto/league/sflua3citokbuxwiphs5",INTERIOR_LINE,18,REG,A01,Tedarrell,SLA560348,53602,3200534c-4156-0348-8601-dbafa8b71b38,2021,2021,GB,173
2022,TB,LB,ILB,52,ACT,K.J. Britt,K.J.,Britt,1999-06-04,72.0,228,Auburn,00-0036643,4242521,2784acd6-85b1-4411-a00a-094a5fc01930,,15408,57727,BritKJ00,,7815,1,"https://static.www.nfl.com/image/private/f_auto,q_auto/league/bgvvs24epwbjrn8vmhcs",EDGE,19,WC,A01,K.J.,BRI711435,53605,32004252-4971-1435-f641-23ae851c3192,2021,2021,TB,176
2022,IND,LB,LB,59,ACT,Cameron McGrone,Cameron,McGrone,2000-06-22,73.0,236,Michigan,00-0036644,4372085,b498432e-01a4-49ef-8f4d-cda153c7cdd5,,15601,,McGrCa00,,7814,1,"https://static.www.nfl.com/image/private/f_auto,q_auto/league/g2yv0sbbirr3uwdspxsl",,18,REG,A01,Cameron,MCG776638,53606,32004d43-4777-6638-4366-e17d67496eeb,2021,2021,NE,177
2022,GB,DB,CB,22,INA,Shemar Jean-Charles,Shemar,Jean-Charles,1998-06-20,70.0,190,Appalachian State,00-0036645,4036430,dc9d65a1-f955-4ef4-9b36-807c3ec73821,,15636,42496,,,7813,1,"https://static.www.nfl.com/image/private/f_auto,q_auto/league/rsbrftptjvypg75rsscg",,18,REG,A01,Shemar,JEA416791,53607,32004a45-4141-6791-9104-d5dbad16f37c,2021,2021,GB,178
2022,DAL,WR,WR,81,RES,Simi Fehoko,Simione,Fehoko,1997-11-05,75.0,227,Stanford,00-0036646,4360739,3860693c-99a2-4484-99db-1d43e3ff7fd4,33567,15559,84424,FehoSi00,,7812,1,"https://static.www.nfl.com/image/private/f_auto,q_auto/league/ua8ymzpfwsoibof6cpwp",,20,DIV,R48,Simi,FEH556867,53608,32004645-4855-6867-28d1-9272a231323b,2021,2021,DAL,179
2022,KC,WR,WR,14,DEV,Cornell Powell,Cornell,Powell,1997-10-30,72.0,210,Clemson,00-0036647,,bc25629f-1501-4f58-ae46-c6cf502a4b13,,15446,40689,PoweCo00,,7541,1,"https://static.www.nfl.com/image/private/f_auto,q_auto/league/l2r4l2tpnsp3t1cz1jzz",,22,SB,P02,Cornell,POW205105,53610,3200504f-5720-5105-106d-25522eca9d23,2021,2021,KC,181
2022,LAC,LB,ILB,31,ACT,Nick Niemann,Nick,Niemann,1997-12-02,75.0,235,Iowa,00-0036648,4036141,30bfd566-e867-4ee7-bf19-d36794ed39f1,,15603,43500,,,7807,1,"https://static.www.nfl.com/image/private/f_auto,q_auto/league/vgptkzqzxougku0ojrer",,19,WC,A01,Nick,NIE548472,53614,32004e49-4554-8472-5f07-4daead847661,2021,2021,LAC,185
2022,DAL,DL,DT,98,INA,Quinton Bohanna,Quinton,Bohanna,1999-03-16,76.0,355,Kentucky,00-0036649,4259978,22c50029-dccc-464e-81fe-236c34b167cd,,15605,56673,,,7801,1,"https://static.www.nfl.com/image/private/f_auto,q_auto/league/dh9hr0tsf4iykwhsg4kr",,20,DIV,A01,Quinton,BOH051911,53621,3200424f-4805-1911-a9de-495f5d65c4f0,2021,2021,DAL,192
2022,LAC,RB,RB,34,ACT,Larry Rountree,Larry,Rountree,1999-02-13,70.0,210,Missouri,00-0036650,4241205,21e671a3-1260-4e1a-954c-005a290cf06b,33586,15432,57308,RounLa00,,7574,1,"https://static.www.nfl.com/image/private/f_auto,q_auto/league/m40kbqrmtagssdl2nyx0",,19,WC,A01,Larry,ROU219270,53627,3200524f-5521-9270-d2da-db59468a403c,2021,2021,LAC,198
2022,MIA,DL,DT,97,DEV,Jaylen Twyman,Jaylen,Twyman,1999-07-19,74.0,290,Pittsburgh,00-0036651,4240716,a091c7f3-468a-4ee8-aa1f-b8bc4cca00da,,15171,,TwymJa00,,7797,1,"https://static.www.nfl.com/image/private/f_auto,q_auto/league/abgcz7bfhgsb2agu38yi",,19,WC,P01,Jaylen,TWY430123,53628,32005457-5943-0123-fc3b-ed1775019dff,2021,2021,MIN,199
2022,TEN,WR,WR,13,ACT,Racey McMath,Racey,McMath,1999-06-14,75.0,224,Louisiana State,00-0036652,4242231,2a977d56-5e34-48dc-986a-e862e6886112,,15454,61401,McMaRa00,,7793,1,"https://static.www.nfl.com/image/private/f_auto,q_auto/league/lbtykbuuockttrls7xcw",WR,18,REG,A01,Racey,MCM268811,53634,32004d43-4d26-8811-13f5-811cd5c8ea46,2021,2021,TEN,205
2022,SEA,OL,T,78,ACT,Stone Forsythe,Stone,Forsythe,1997-12-29,80.0,332,Florida,00-0036653,,,,,,,,,1,"https://static.www.nfl.com/image/private/f_auto,q_auto/league/zabj0m3uw2zbjgkolijb",TE,19,WC,A01,Stone,FOR594051,53637,3200464f-5259-4051-69a5-9f094df3af62,2021,2021,SEA,208
2022,CLE,RB,RB,25,INA,Demetric Felton,Demetric,Felton,1998-07-16,69.0,185,UCLA,00-0036654,4035826,0752f1c9-fc3e-44bc-b6ad-03f8f7f4191c,33599,15266,40568,FeltDe00,,7609,1,"https://static.www.nfl.com/image/private/f_auto,q_auto/league/pfjsjpzj2f9cn39xqde2",,18,REG,A01,Demetric,FEL569539,53640,32004645-4c56-9539-149a-39f02c09d484,2021,2021,CLE,211
2022,JAX,OL,G,70,ACT,Cole Van Lanen,Cole,Van Lanen,1998-04-23,76.0,312,Wisconsin,00-0036655,,,,,,,,,1,"https://static.www.nfl.com/image/private/f_auto,q_auto/league/grjllfoazaepev9lfsad",,20,DIV,A01,Cole,VAN623866,53643,32005641-4e62-3866-b693-005f6c94944d,2021,2021,GB,214
2022,DET,DB,DB,35,DEV,Brady Breeze,Brady,Breeze,1997-10-09,72.0,200,Oregon,00-0036656,4038944,195083b0-4c73-44a3-a33d-4839b6196e27,,15599,43073,BreeBr00,,7784,1,"https://static.www.nfl.com/image/private/f_auto,q_auto/league/s5y6yjiujvsuon538uhj",,18,REG,P06,Brady,BRE234962,53644,32004252-4523-4962-505c-c56ca0346429,2021,2021,TEN,215
2022,JAX,WR,WR,81,DEV,Seth Williams,Seth,Williams,2000-04-10,75.0,211,Auburn,00-0036657,4371974,f3debe3e-27e4-4c4a-867a-ec537b5a7826,,15405,84137,WillSe00,,7534,1,"https://static.www.nfl.com/image/private/f_auto,q_auto/league/fuopjgeastxwcgc7hei1",,20,DIV,P01,Seth,WIL521263,53648,32005749-4c52-1263-5c33-d4d14ef18b01,2021,2021,DEN,219
2022,GB,LB,ILB,58,ACT,Isaiah McDuffie,Stevenson,McDuffie,1999-07-21,73.0,224,Boston College,00-0036658,4239947,92e24ebb-25e5-413a-95d4-26936bdb6a70,,15255,57754,McDuIs00,,7782,1,"https://static.www.nfl.com/image/private/f_auto,q_auto/league/p3gqrosbblw54lbmy3yr",EDGE,18,REG,A01,Isaiah,MCD814431,53649,32004d43-4481-4431-6d49-3bf354c84128,2021,2021,GB,220
2022,WAS,LS,LS,54,ACT,Camaron Cheeseman,Camaron,Cheeseman,1998-04-26,76.0,230,Michigan,00-0036659,,,,,,,,,1,"https://static.www.nfl.com/image/private/f_auto,q_auto/league/hvqkm4xsfqpf5agdlo3m",,18,REG,A01,Camaron,CHE189637,53654,32004348-4518-9637-63dc-9c9dc3dbe3b2,2021,2021,WAS,225
2022,KC,OL,G,65,ACT,Trey Smith,Trey,Smith,1999-06-16,78.0,325,Tennessee,00-0036660,,,,,,,,,1,"https://static.www.nfl.com/image/private/f_auto,q_auto/league/whvwyrg2bkugfnipgrkk",G,22,SB,A01,Trey,SMI764701,53655,3200534d-4976-4701-9935-2cd0c0d35dd1,2021,2021,KC,226
2022,DAL,DB,SS,24,ACT,Israel Mukuamu,Israel,Mukuamu,1999-11-28,76.0,205,South Carolina,00-0036661,4362855,7111b5cc-d74b-416b-9c93-c2fdf7ad193e,,15216,83377,MukuIs00,,7776,1,"https://static.www.nfl.com/image/private/f_auto,q_auto/league/o3uqpxe8vygjd8yfu2x5",SLOT_CB,20,DIV,A01,Israel,MUK415291,53656,32004d55-4b41-5291-35f7-8fbab1ac3646,2021,2021,DAL,227
2022,SF,DB,CB,34,CUT,Kary Vincent,Kary,Vincent,1999-02-27,70.0,185,Louisiana State,00-0036662,4242211,9f006140-21a8-4980-ba48-4c2ca940936c,,15184,55631,VincKa00,,7767,1,,,3,REG,P01,Kary,VIN435447,53666,32005649-4e43-5447-4127-1ba2d0b8cf99,2021,2021,DEN,237
2022,DAL,OL,G,68,RES,Matt Farniok,Matt,Farniok,1997-09-26,77.0,330,Nebraska,00-0036663,,,,,,,,,1,"https://static.www.nfl.com/image/private/f_auto,q_auto/league/puajbcrpexczztnpr6lh",,20,DIV,R48,Matt,FAR432276,53667,32004641-5243-2276-8352-5ca3904d0162,2021,2021,DAL,238
2022,WAS,DL,DE,56,DEV,William Bradley-King,William,Bradley-King,1997-12-22,76.0,248,Baylor,00-0036664,,16913d50-4fcd-401e-abb8-3a9fdfd24de5,,15480,44184,BradWi00,,7764,1,"https://static.www.nfl.com/image/private/f_auto,q_auto/league/gsdw5bz6fjnxmpfshj32",,18,REG,P01,William,BRA251763,53669,32004252-4125-1763-b355-50a878860b16,2021,2021,WAS,240
2022,LAC,DB,FS,29,DEV,Mark Webb,Mark,Webb,1998-09-10,73.0,200,Georgia,00-0036665,4259570,fb888bc6-7899-4fbc-b520-52bad1547ee5,,15433,61274,WebbMa01,,7763,1,"https://static.www.nfl.com/image/private/f_auto,q_auto/league/x7xi4osjtpuvgr8yfomd",,19,WC,P01,Mark,WEB246455,53670,32005745-4224-6455-c8b0-b4e7cc745fcb,2021,2021,LAC,241
2022,WAS,DL,DE,58,ACT,Shaka Toney,Shaka,Toney,1998-01-07,74.0,252,Penn State,00-0036666,4045169,8b497077-73c5-4e3c-a1b6-348b579ec02c,,15312,42806,ToneSh00,,7760,1,"https://static.www.nfl.com/image/private/f_auto,q_auto/league/evf5ko42ckcuosa4yaiu",,18,REG,A01,Shaka,TON606812,53675,3200544f-4e60-6812-6fcf-c48d8c87261c,2021,2021,WAS,246
2022,ARI,DB,CB,40,DEV,Chris Wilcox,Chris,Wilcox,1997-10-30,74.0,195,Brigham Young,00-0036667,,1e9a3d33-62b1-4fab-9b06-b4d61ef1accf,,15649,43308,WilcCh00,,7755,1,"https://static.www.nfl.com/image/private/f_auto,q_auto/league/nb7jcs7r0zvqnlu2otub",,18,REG,P01,Chris,WIL020193,53680,32005749-4c02-0193-8329-c0c39fd7be5a,2021,2021,TB,251
2022,NYJ,DL,DE,51,DEV,Marquiss Spencer,Marquiss,Spencer,1997-07-16,76.0,295,Mississippi State,00-0036668,,440bf3a1-d373-4f11-b702-26fb8f62c035,,15608,50306,SpenMa00,,7754,1,"https://static.www.nfl.com/image/private/f_auto,q_auto/league/tzgvsrahbirsgzergdcz",,18,REG,P01,Marquiss,SPE570569,53682,32005350-4557-0569-e3dd-86dd8400ca87,2021,2021,DEN,253
2022,GB,RB,RB,32,CUT,Kylin Hill,Kylin,Hill,1998-08-18,70.0,215,Mississippi State,00-0036669,4259805,0f5abff3-bb58-43bc-a915-daa341bf3a67,33643,14379,57306,HillKy00,,7572,1,"https://static.www.nfl.com/image/private/f_auto,q_auto/league/kqcnlnwoumzvotkzu841",,11,REG,W03,Kylin,HIL480153,53685,32004849-4c48-0153-173d-a74e02af6a78,2021,2021,GB,256
2022,DET,RB,RB,28,INA,Jermar Jefferson,Jermar,Jefferson,2000-04-15,70.0,209,Oregon State,00-0036670,,de456390-b27b-4146-87b9-0267f1ea8db4,33644,15296,83740,JeffJe00,,7599,1,"https://static.www.nfl.com/image/private/f_auto,q_auto/league/zkzaj56j3j3zu5zycjjo",,18,REG,A01,Jermar,JEF237349,53686,32004a45-4623-7349-2ea9-d13151c3df59,2021,2021,DET,257
2022,WAS,WR,WR,15,ACT,Dax Milne,Dax,Milne,1999-06-23,73.0,190,Brigham Young,00-0036671,4373642,cab3a948-e9a2-4b3d-b893-020836be00d2,33645,15569,84147,MilnDa00,,7751,1,"https://static.www.nfl.com/image/private/f_auto,q_auto/league/q7itvdcrt3ny6s5ysskq",SLOT_WR,18,REG,A01,Dax,MIL755745,53687,32004d49-4c75-5745-8754-e10630234ec7,2021,2021,WAS,258
2022,IND,LB,MLB,41,ACT,Grant Stuard,Grant,Stuard,1998-10-15,71.0,225,Houston,00-0036672,4240255,f9dbd390-b1c7-41a2-9e96-6f5de2848efc,,15247,55933,,,7750,1,"https://static.www.nfl.com/image/private/f_auto,q_auto/league/diyhbl9fyylucj8iako2",,18,REG,A01,Grant,STU014150,53688,32005354-5501-4150-49bd-b5e4a0e6f4f3,2021,2021,TB,259
2022,KC,LB,ILB,46,CUT,Justin Hilliard,Justin,Hilliard,1997-03-25,73.0,231,Ohio State,00-0036673,,77b90860-a321-42ce-b505-32216dc40276,,15493,28079,,,7732,1,"https://static.www.nfl.com/image/private/f_auto,q_auto/league/fiisfx97sdwp8aielcby",,18,REG,P01,Justin,HIL718507,53878,32004849-4c71-8507-5624-5557cf9b41f1,2021,2021,,
2022,KC,DB,CB,39,DEV,Zayne Anderson,Zayne,Anderson,1997-01-03,74.0,210,Brigham Young,00-0036677,,6fd330e6-8cab-4351-b9e8-bc6ffb125b1c,,15711,34622,,,8000,1,"https://static.www.nfl.com/image/private/f_auto,q_auto/league/gzefiualywwpg8kiot8g",,22,SB,P01,Zayne,AND626731,53882,3200414e-4462-6731-d434-d36c7dd7abed,2021,2021,,
2022,KC,DB,CB,30,DEV,Dicaprio Bootle,Dicaprio,Bootle,1997-09-17,70.0,195,Nebraska,00-0036678,,475db95a-f1d0-4bd2-8974-9e5d71d91412,,15712,42913,,,8003,1,"https://static.www.nfl.com/image/private/f_auto,q_auto/league/vskx8m6nntu4wjzywi2u",,22,SB,P01,Dicaprio,BOO663917,53883,3200424f-4f66-3917-f50c-ed831d5de183,2021,2021,,
2022,KC,QB,QB,12,INA,Shane Buechele,Shane,Buechele,1998-01-08,72.0,205,Southern Methodist,00-0036679,,d7c63db7-dfe8-4cd6-a684-90342d12fa26,33879,15262,12659,,,8002,1,"https://static.www.nfl.com/image/private/f_auto,q_auto/league/n2dkdkzajkozm5giyrhu",,22,SB,A01,Shane,BUE133180,53884,32004255-4513-3180-19c0-87196ba1f81a,2021,2021,,
2022,KC,DL,DE,94,INA,Malik Herring,Malik,Herring,1997-11-09,75.0,277,Georgia,00-0036682,,96d1c6e6-a450-476e-987b-c1e469c43f1b,,15361,,,,8001,1,"https://static.www.nfl.com/image/private/f_auto,q_auto/league/yzhgzw2ckueassuejrqw",,22,SB,A01,Malik,HER564752,53887,32004845-5256-4752-3f1a-38971faac140,2021,2021,,
2022,DEN,DB,DB,38,DEV,Devon Key,Devon,Key,1997-10-28,72.0,210,Western Kentucky,00-0036683,4037559,83b719f1-e6ac-4611-8235-c2f6bd198fa3,,15713,56307,,,8004,1,"https://static.www.nfl.com/image/private/f_auto,q_auto/league/pyike8xvql4z3gmdfctg",,18,REG,P01,Devon,KEY108787,53888,32004b45-5910-8787-aed2-6e503c194202,2021,2021,,
2022,GB,DB,CB,43,DEV,Kiondre Thomas,Kiondre,Thomas,1998-02-07,72.0,185,Kansas State,00-0036688,,7ca47182-01e0-4eee-9590-de9af571488c,,15517,,,,8031,1,"https://static.www.nfl.com/image/private/f_auto,q_auto/league/l9x6bevbaqkr942ikgbj",,18,REG,P01,Kiondre,THO279988,53893,32005448-4f27-9988-ca8b-1af1a7a35c59,2021,2021,,
2022,PHI,DL,DT,73,DEV,Marvin Wilson,Marvin,Wilson,1998-09-05,76.0,311,Florida State,00-0036689,,19601aa2-b4de-460c-9b4c-ed661007053b,,15219,56977,,,8029,1,"https://static.www.nfl.com/image/private/f_auto,q_auto/league/mhncj9h5uhnukc7szrqf",,22,SB,P01,Marvin,WIL751005,53894,32005749-4c75-1005-91cf-7b70740d6180,2021,2021,,
2022,MIA,OL,G,61,CUT,Cole Banwart,Cole,Banwart,,76.0,296,Iowa,00-0036690,,,,,,,,,1,"https://static.www.nfl.com/image/private/f_auto,q_auto/league/phx7zagrwviqu5lhwdxb",,1,REG,A01,Cole,BAN820979,53895,32004241-4e82-0979-299b-7fcc92cce7b3,2021,2021,,
2022,TEN,RB,FB,44,CUT,Tory Carter,Tory,Carter,1999-03-16,72.0,244,Louisiana State,00-0036691,,1e8324fc-540c-4a95-855a-8c0afcb4957e,,15562,57063,,,7852,1,"https://static.www.nfl.com/image/private/f_auto,q_auto/league/tfdqi690jeasaaiqm2pm",,14,REG,W03,Tory,CAR748433,53896,32004341-5274-8433-7886-1afc06251583,2021,2021,,
2022,CLE,TE,TE,86,DEV,Miller Forristall,Miller,Forristall,1998-03-11,77.0,244,Alabama,00-0036692,4040714,ab6618ed-8500-40ed-993b-7d3507dc52dd,,15539,47378,,,7854,1,"https://static.www.nfl.com/image/private/f_auto,q_auto/league/avkv1zg4q6jxsacoan8q",,18,REG,P01,Miller,FOR521589,53897,3200464f-5252-1589-f614-49072ff30e76,2021,2021,,
2022,TEN,DL,DT,90,INA,Naquan Jones,Naquan,Jones,1998-02-05,75.0,340,Michigan State,00-0036695,4046716,728571c3-6651-4534-ad27-d86d72dc7d16,,15243,44363,,,7853,1,"https://static.www.nfl.com/image/private/f_auto,q_auto/league/ugq04hh7xrgqkfweqigg",,18,REG,A01,Naquan,JON636371,53900,32004a4f-4e63-6371-cfb0-98e8051563bb,2021,2021,,
2022,TEN,TE,TE,82,CUT,Briley Moore,Briley,Moore,1998-01-13,76.0,250,Kansas State,00-0036696,,7656034d-8647-49e5-b0d4-b708423042ee,,15561,,,,7903,1,"https://static.www.nfl.com/image/private/f_auto,q_auto/league/sztxzdhtmfuxtbxrfy6t",,1,REG,A01,Briley,"",53901,32004d4f-4f20-9071-f342-0b7b988801fc,2021,2021,,
2022,JAX,RB,RB,36,DEV,Mekhi Sargent,Mekhi,Sargent,1997-10-08,68.0,209,Iowa,00-0036698,4379504,47b995cb-8e6f-49ef-a6a9-4ba8cd649c78,,15367,83684,SargMe00,,8085,1,"https://static.www.nfl.com/image/private/f_auto,q_auto/league/vkjbw0dck6obsojugiya",,20,DIV,P01,Mekhi,SAR423277,53903,32005341-5242-3277-4c39-681fb368f8c8,2021,2021,,
2022,PIT,DL,DT,61,RET,Daniel Archibong,Daniel,Archibong,,78.0,301,Temple,00-0036700,,eb8e3dbc-e840-497f-9a77-62e45d3393ff,,15365,,,,8054,1,,,18,REG,R02,Daniel,ARC596623,53905,32004152-4359-6623-3e06-31e2d4f768a2,2021,2021,,
2022,WAS,K,K,16,CUT,Brian Johnson,Brian,Johnson,,73.0,185,Virginia Tech,00-0036703,,ebc1fb19-90ac-4a76-a878-d1760e7f3636,,15723,,,,8055,1,"https://static.www.nfl.com/image/private/f_auto,q_auto/league/chpdthcaocrvpj7b6i3a",,1,REG,A01,Brian,JOH083595,53908,32004a4f-4808-3595-d605-fb86f41744af,2021,2021,,
2022,JAX,LB,ILB,57,ACT,Caleb Johnson,Caleb,Johnson,1998-07-28,74.0,220,Houston Baptist,00-0036704,4051069,8cbac569-6612-41fe-ae95-beb9e4771ed3,,15724,12488,,,7846,1,"https://static.www.nfl.com/image/private/f_auto,q_auto/league/sggk5mhgfgqbcwzci9ul",,20,DIV,A01,Caleb,JOH088336,53909,32004a4f-4808-8336-3207-1e7c188b9146,2021,2021,,
2022,CLE,LB,OLB,92,ACT,Sam Kamara,Sam,Kamara,1997-12-21,74.0,275,Stony Brook,00-0036705,4033855,7b2e9dfa-96c6-4bbf-80c4-094f9683b217,,15725,24176,,,7844,1,"https://static.www.nfl.com/image/private/f_auto,q_auto/league/hcggr5vnynnhx8tbybiz",EDGE,18,REG,A01,Sam,KAM329673,53910,32004b41-4d32-9673-e268-ec24780e5f0c,2021,2021,,
2022,TB,LB,OLB,49,DEV,Charles Snowden,Charles,Snowden,1998-03-27,79.0,235,Virginia,00-0036711,,e5ea211c-bcd2-4a7b-b6ef-911e7e796266,,15270,62775,,,7849,1,"https://static.www.nfl.com/image/private/f_auto,q_auto/league/oajbeaw89vheo8gxjste",,19,WC,P01,Charles,SNO598145,53916,3200534e-4f59-8145-ad87-6029d564930a,2021,2021,,
2022,LAC,LB,ILB,57,ACT,Amen Ogbongbemiga,Amen,Ogbongbemiga,1998-09-04,72.0,235,Oklahoma State,00-0036716,4038432,c0ef478c-d387-40ac-b35d-4bc034f24a12,,15378,42449,,,7936,1,"https://static.www.nfl.com/image/private/f_auto,q_auto/league/s7zprcv3yld0wzsblxvi",,19,WC,A01,Amen,OGB481369,53921,32004f47-4248-1369-e9de-868aa366e0be,2021,2021,,
2022,GB,TE,TE,80,CUT,Shaun Beyer,Shaun,Beyer,1996-11-11,77.0,248,Iowa,00-0036718,,5d0fe7a9-51a2-4e72-b2ea-54721b44db71,,15564,40860,,,8018,1,"https://static.www.nfl.com/image/private/f_auto,q_auto/league/lee6cubljgqiwtrbbjsq",,8,REG,P01,Shaun,BEY376795,53923,32004245-5937-6795-3e83-b81e7ce9703f,2021,2021,,
2022,LA,WR,WR,83,CUT,Warren Jackson,Warren,Jackson,,77.0,220,Colorado State,00-0036721,,7f39a9fe-319b-48e4-8882-ac817ed8ce30,,15173,52050,,,7550,1,"https://static.www.nfl.com/image/private/f_auto,q_auto/league/hsaqckd7kijoiacr4fmp",,1,REG,W03,Warren,JAC635345,53926,32004a41-4363-5345-6421-8351927b3015,2021,2021,,
2022,WAS,OL,G,74,DEV,Nolan Laufenberg,Nolan,Laufenberg,1999-03-25,75.0,315,Air Force,00-0036722,,,,,,,,,1,"https://static.www.nfl.com/image/private/f_auto,q_auto/league/oc1udv9wjbqldzl7tous",,18,REG,P01,Nolan,LAU339700,53927,32004c41-5533-9700-9c97-5ee3a23e9493,2021,2021,,
2022,PHI,DB,CB,37,DEV,Mac McCain,Franklin,McCain,1998-02-06,72.0,175,North Carolina A&amp;T,00-0036724,,239ed12d-2946-496f-9d7a-9b4df266b324,,15743,79072,,,7895,1,"https://static.www.nfl.com/image/private/f_auto,q_auto/league/mn17vthfjxrekwuqnkim",,22,SB,P01,Mac,MCC055020,53929,32004d43-4305-5020-2eb3-f77b50bc0536,2021,2021,,
2022,NO,RB,FB,46,ACT,Adam Prentice,Adam,Prentice,1997-01-16,72.0,245,South Carolina,00-0036727,3929914,e5870f5e-f9b2-48a3-97ec-8d12fbc91f3f,,15744,35639,,,8025,1,"https://static.www.nfl.com/image/private/f_auto,q_auto/league/ycgj7fnemaqu0wpr8mu4",RB,18,REG,A01,Adam,PRE226147,53932,32005052-4522-6147-2079-055f099032bc,2021,2021,,
2022,SF,LB,ILB,59,DEV,Curtis Robinson,Curtis,Robinson,1998-06-02,75.0,240,Stanford,00-0036728,,4c1b3190-50e2-4918-8e3b-7bb012f8b304,,15338,,,,8020,1,"https://static.www.nfl.com/image/private/f_auto,q_auto/league/prpq3bkafmi65ekn6x7p",,21,CON,P01,Curtis,ROB384888,53933,3200524f-4238-4888-65bb-bd7a23217dd3,2021,2021,,
2022,CIN,P,P,4,ACT,Drue Chrisman,Drue,Chrisman,1997-06-30,75.0,222,Ohio State,00-0036729,,53d7b565-4811-4641-a54d-369312591457,,15623,,,,7984,1,"https://static.www.nfl.com/image/private/f_auto,q_auto/league/ggvcxfrya89lky9aezkh",,21,CON,A01,Drue,CHR063951,53934,32004348-5206-3951-a686-c393ae1ce723,2021,2021,,
2022,MIA,DL,DE,41,RES,Darius Hodge,Darius,Hodge,,74.0,245,Marshall,00-0036730,4370351,cd15f1c7-fe18-48a6-928a-fa9336accb5b,,15761,82319,,,7987,1,"https://static.www.nfl.com/image/private/f_auto,q_auto/league/vzmaempidlopeuirzovh",,1,REG,W03,Darius,HOD175574,53935,3200484f-4417-5574-e530-b004e097e299,2021,2021,,
2022,CIN,RB,RB,12,CUT,Pooka Williams,Anthony,Williams,,70.0,170,Kansas,00-0036734,,5bf3aeab-9430-4b76-a4fc-e973a0c8b3b1,,15223,,,,7560,1,,,1,REG,A01,Pooka,WIL577955,53939,32005749-4c57-7955-f764-b9b760ac2bf0,2021,2021,,
2022,DET,OL,T,74,INA,Kayode Awosika,Kayode,Awosika,1998-10-27,75.0,315,Buffalo,00-0036736,,,,,,,,,1,,,18,REG,A01,Kayode,AWO426541,53941,32004157-4f42-6541-ac72-1f7296caeb65,2021,2021,,
2022,PHI,TE,TE,89,ACT,Jack Stoll,Jack,Stoll,1998-01-28,76.0,260,Nebraska,00-0036741,4034862,0560d134-d316-4cda-9d48-34d32267af68,33891,15510,42058,StolJa00,,7946,1,"https://static.www.nfl.com/image/private/f_auto,q_auto/league/gilnvualxnouve8ryhdu",TE,22,SB,A01,Jack,STO341471,53946,32005354-4f34-1471-7264-756feb973283,2021,2021,,
2022,WAS,TE,TE,49,CUT,Jake Hausmann,Jake,Hausmann,,76.0,255,Ohio State,00-0036746,,165b19ca-3ced-4c87-9f87-e6f71f1a4dd9,,15680,,,,8061,1,,,1,REG,W03,Jake,HAU658222,53951,32004841-5565-8222-4805-60aeb6390841,2021,2021,,
2022,DET,DB,CB,39,ACT,Jerry Jacobs,Jerry,Jacobs,1997-09-26,71.0,198,Arkansas,00-0036748,4373578,5cb6a7f0-892e-413a-a4fc-a7dbc60ff478,,15682,83025,,,7889,1,"https://static.www.nfl.com/image/private/f_auto,q_auto/league/iphzifsi0qi3jtjivkgi",CB,18,REG,A01,Jerry,JAC741021,53953,32004a41-4374-1021-efa8-4ea50654613b,2021,2021,,
2022,DET,OL,G,78,RES,Tommy Kraemer,Tommy,Kraemer,1998-04-16,78.0,319,Notre Dame,00-0036749,,,,,,,,,1,"https://static.www.nfl.com/image/private/f_auto,q_auto/league/yhf7kgbglim6iwquqzic",,18,REG,R01,Tommy,KRA118510,53954,32004b52-4111-8510-6f64-a671adc4240b,2021,2021,,
2022,SF,DB,CB,41,RES,A.J. Parker,A.J.,Parker,1998-02-15,71.0,178,Kansas State,00-0036752,4046592,91fbc46e-2757-4169-bdfb-9a87522cba02,,15762,55983,,,7892,1,"https://static.www.nfl.com/image/private/f_auto,q_auto/league/tsgua6lcqdb7nobidicc",,21,CON,R23,A.J.,PAR134458,53957,32005041-5213-4458-c145-d0f45ef1c62d,2021,2021,,
2022,LAC,WR,WR,41,CUT,Sage Surratt,Sage,Surratt,,75.0,215,Wake Forest,00-0036753,,,,,,,,,1,"https://static.www.nfl.com/image/private/f_auto,q_auto/league/tkac1akcoc584qrwr8hm",,1,REG,W03,Sage,SUR482700,53958,32005355-5248-2700-a151-38019dd9cc2e,2021,2021,,
2022,DET,TE,TE,89,ACT,Brock Wright,Brock,Wright,1998-11-27,77.0,255,Notre Dame,00-0036754,4242392,8f182089-7730-499e-8f2e-87bda32debfb,,15681,60994,,,7891,1,"https://static.www.nfl.com/image/private/f_auto,q_auto/league/do3qhrowbdb5o1jxuffb",TE,18,REG,A01,Brock,WRI121125,53959,32005752-4912-1125-aa03-c813d709a6cd,2021,2021,,
2022,WAS,RB,RB,32,ACT,Jaret Patterson,Jaret,Patterson,1999-12-23,69.0,195,Buffalo,00-0036755,4362452,82996e3b-b72d-41ca-8eb1-91e462ceff85,33706,15315,77745,PattJa01,,7537,1,"https://static.www.nfl.com/image/private/f_auto,q_auto/league/uobzjdfwt2bbrpikmuso",RB,18,REG,A01,Jaret,PAT456375,53960,32005041-5445-6375-4c14-9b0e9f7438ee,2021,2021,,
2022,TB,K,K,19,CUT,Jose Borregales,Jose,Borregales,,70.0,205,Miami,00-0036757,,42a287f6-9a56-4699-8c63-bc54625ff6eb,33867,15617,,,,7961,1,"https://static.www.nfl.com/image/private/f_auto,q_auto/league/aytsouqf1welfjcmy9md",,1,REG,W03,Jose,BOR545220,53962,3200424f-5254-5220-df5a-618c1881cee0,2021,2021,,
2022,TB,OL,G,61,CUT,Sadarius Hutcherson,Sadarius,Hutcherson,,76.0,320,South Carolina,00-0036759,,,,,,,,,1,"https://static.www.nfl.com/image/private/f_auto,q_auto/league/mxjoju2rx8zpjmpaqeo7",,1,REG,W03,Sadarius,HUT068058,53964,32004855-5406-8058-e4da-248d0c18a406,2021,2021,,
2022,TB,LB,OLB,44,CUT,Elijah Ponder,Elijah,Ponder,,75.0,275,Cincinnati,00-0036761,,,,,,,,,1,"https://static.www.nfl.com/image/private/f_auto,q_auto/league/o2tu4jsxjnk979uqf6pk",,1,REG,W03,Elijah,PON416978,53966,3200504f-4e41-6978-af98-e8e88b996c23,2021,2021,,
2022,DAL,DB,FS,31,DEV,Tyler Coyle,Tyler,Coyle,1998-11-15,73.0,215,Purdue,00-0036764,,dfccabc2-00ba-4eef-9686-1e1aff2f1dbc,,14362,42631,,,7942,1,"https://static.www.nfl.com/image/private/f_auto,q_auto/league/dknnelw4jfex7fk52e4y",,20,DIV,P01,Tyler,COY431706,53975,3200434f-5943-1706-59c1-5106246e524f,2021,2021,,
2022,HOU,TE,TE,86,DEV,Nick Eubanks,Nick,Eubanks,1996-11-21,77.0,256,Michigan,00-0036766,,,,,,,,,1,"https://static.www.nfl.com/image/private/f_auto,q_auto/league/pn2awsksstuwanmxwtap",,5,REG,P01,Nick,EUB081076,53977,32004555-4208-1076-193c-e62b9305beda,2021,2021,,
2022,DAL,DL,DT,58,CUT,Austin Faoliu,Austin,Faoliu,,75.0,295,Oregon,00-0036767,,e627dd8c-8b33-4a26-829f-5aeceefe57f9,,15611,56800,,,7866,1,,,1,REG,A01,Austin,FAO070576,53978,32004641-4f07-0576-4d88-4c2cace290a2,2021,2021,,
2022,DEN,RB,RB,41,CUT,Jaquan Hardy,Jaquan,Hardy,,70.0,225,Tiffin,00-0036768,,3ea081e8-a3c6-42c8-8deb-42a9bde10e98,,15660,143793,,,7863,1,"https://static.www.nfl.com/image/private/f_auto,q_auto/league/mgwe4bpzdc7wvox8razh",,1,REG,W03,Jaquan,HAR109188,53979,32004841-5210-9188-e77f-3e9690dd9c91,2021,2021,,
2022,LA,LB,LB,57,CUT,Anthony Hines,Anthony,Hines,,75.0,226,Texas A&amp;M,00-0036769,,,,,,,,,1,"https://static.www.nfl.com/image/private/f_auto,q_auto/league/dwuf0flfzafcau8dnbce",,1,REG,W03,Anthony,HIN237212,53980,32004849-4e23-7212-9271-abddfc331132,2021,2021,,
2022,DAL,OL,C,62,CUT,Braylon Jones,Braylon,Jones,,76.0,315,Houston,00-0036770,,,,,,,,,1,"https://static.www.nfl.com/image/private/f_auto,q_auto/league/q1kxsbgxnf1hnu0foq1h",,1,REG,W03,Braylon,JON104643,53981,32004a4f-4e10-4643-c445-865941a9beff,2021,2021,,
2022,GB,WR,WR,82,CUT,Osirus Mitchell,Osirus,Mitchell,1997-09-15,77.0,210,Mississippi State,00-0036773,,09903f88-830a-4db2-8de7-1647c1f2eb6c,,15577,,,,7860,1,"https://static.www.nfl.com/image/private/f_auto,q_auto/league/om2yhkg9dhplfjqdtfry",,3,REG,W03,Osirus,MIT597116,53984,32004d49-5459-7116-45fd-7671190af41d,2021,2021,,
2022,DAL,RB,FB,46,CUT,Nick Ralston,Nick,Ralston,,73.0,240,Louisiana-Lafayette,00-0036774,,c4e6f302-b6a0-431d-a1f0-25efa2e7a8c7,,15661,36101,,,7941,1,"https://static.www.nfl.com/image/private/f_auto,q_auto/league/c6mxeetitkc77hijys5y",,1,REG,A01,Nick,RAL539802,53985,32005241-4c53-9802-23dd-bc51f801c802,2021,2021,,
2022,DAL,WR,WR,80,DEV,Brandon Smith,Brandon,Smith,1998-12-10,73.0,215,Iowa,00-0036775,,,,,,,,,1,"https://static.www.nfl.com/image/private/f_auto,q_auto/league/gtxmio8zkn17hcwvuhcc",,20,DIV,P01,Brandon,SMI082514,53986,3200534d-4908-2514-6354-091f5928deef,2021,2021,,
2022,DAL,WR,WR,16,CUT,T.J. Vasher,Tariq,Vasher,,78.0,215,Texas Tech,00-0036776,4043158,3bedede2-77a8-4dd7-bc43-137c0ff08153,,15244,,,,7862,1,,,1,REG,W03,T.J.,VAS197262,53987,32005641-5319-7262-1249-8161d5dd5ead,2021,2021,,
2022,LAC,DB,DB,46,CUT,Ben DeLuca,Stephen,DeLuca,,73.0,215,North Carolina-Charlotte,00-0036777,,,,,,,,,1,"https://static.www.nfl.com/image/private/f_auto,q_auto/league/tntdv33jgjtqz6wuceoy",,1,REG,W03,Ben,DEL746270,53988,32004445-4c74-6270-f563-753a52c2a0e6,2021,2021,,
2022,LAC,TE,TE,87,DEV,Hunter Kampmoyer,Hunter,Kampmoyer,1998-02-06,76.0,244,Oregon,00-0036779,,,,,,,,,1,"https://static.www.nfl.com/image/private/f_auto,q_auto/league/hux34syot653s48zpiwk",,19,WC,P01,Hunter,KAM773224,53990,32004b41-4d77-3224-c3e4-1b3f7bc7ca1f,2021,2021,,
2022,LAC,DL,DT,91,RES,Forrest Merrill,Forrest,Merrill,1996-08-15,72.0,320,Arkansas State,00-0036780,,1a8230ec-fc21-4aff-9624-0f87add5f952,,15609,,,,7931,1,"https://static.www.nfl.com/image/private/f_auto,q_auto/league/ovgwpbknwsjcsz4cju55",,19,WC,R01,Forrest,MER459317,53991,32004d45-5245-9317-2439-c3d274843fd5,2021,2021,,
2022,TEN,OL,T,62,CUT,Carson Green,Carson,Green,,78.0,320,Texas A&amp;M,00-0036781,,,,,,,,,1,"https://static.www.nfl.com/image/private/f_auto,q_auto/league/hxs3xnevfmnhdrghgfrk",,1,REG,A01,Carson,GRE110972,53992,32004752-4511-0972-92b6-15ccf47ad2b0,2021,2021,,
2022,PIT,OL,C,62,DEV,Ryan McCollum,Ryan,McCollum,1998-03-04,77.0,300,Texas A&amp;M,00-0036783,,,,,,,,,1,"https://static.www.nfl.com/image/private/f_auto,q_auto/league/a73wbsznls1mszwwkzq6",,18,REG,P06,Ryan,MCC494147,53994,32004d43-4349-4147-d8e2-37cdb0c1dc58,2021,2021,,
2022,BUF,OL,G,66,CUT,Jacob Capra,Jacob,Capra,,77.0,315,San Diego State,00-0036784,,,,,,,,,1,"https://static.www.nfl.com/image/private/f_auto,q_auto/league/qfjhhrqxj6iemhqpbdqp",,1,REG,W03,Jacob,CAP664105,53995,32004341-5066-4105-af3a-1a0f24844031,2021,2021,,
2022,JAX,OL,T,64,ACT,Coy Cronk,Coy,Cronk,1998-01-18,76.0,314,Iowa,00-0036785,,,,,,,,,1,"https://static.www.nfl.com/image/private/f_auto,q_auto/league/hlkfbgquvlxs4qchahhd",,20,DIV,A01,Coy,CRO296185,53996,32004352-4f29-6185-6e8b-eccc2d037f34,2021,2021,,
2022,BAL,WR,WR,87,DEV,Bailey Gaither,Bailey,Gaither,1997-01-11,73.0,182,San Jose State,00-0036787,,,,,,,,,1,"https://static.www.nfl.com/image/private/f_auto,q_auto/league/bd2xkexfejwaquxpszbn",,5,REG,P01,Bailey,GAI773442,53998,32004741-4977-3442-a5b5-db5ffe61bd64,2021,2021,,
2022,NYG,DL,DT,69,CUT,Jack Heflin,Jack,Heflin,1998-03-08,75.0,312,Iowa,00-0036788,,00ba8fa0-93ee-4e40-823a-d03a2639fce1,,15613,44570,,,7880,1,"https://static.www.nfl.com/image/private/f_auto,q_auto/league/akagyewqfuhiv7ef0tcn",,19,WC,P01,Jack,HEF347575,53999,32004845-4634-7575-401b-c8721474fb01,2021,2021,,
2022,LAC,DL,DE,54,DEV,Carlo Kemp,Carlo,Kemp,1998-01-01,75.0,286,Michigan,00-0036789,,,,,,,,,1,"https://static.www.nfl.com/image/private/f_auto,q_auto/league/teqackw91apgoohodgo0",,19,WC,P01,Carlo,KEM109590,54000,32004b45-4d10-9590-3706-f5eee86d7261,2021,2021,,
2022,NO,DB,DB,31,CUT,Bryce Thompson,Bryce,Thompson,1999-09-20,71.0,190,Tennessee,00-0036792,,743bf29c-a420-4e79-be70-3f2049cc38c7,,15409,,,,7907,1,"https://static.www.nfl.com/image/private/f_auto,q_auto/league/qyu7dg9pdfkao3r5sudk",,12,REG,W03,Bryce,THO497300,54003,32005448-4f49-7300-485b-b07d476803ef,2021,2021,,
2022,SEA,OL,T,74,ACT,Jake Curhan,Jake,Curhan,1998-02-09,78.0,330,California,00-0036795,,,,,,,,,1,"https://static.www.nfl.com/image/private/f_auto,q_auto/league/athk5dhhsfcauelyoffo",TE,19,WC,A01,Jake,CUR141470,54006,32004355-5214-1470-5995-0e1aa3754699,2021,2021,,
2022,SEA,OL,G,75,DEV,Greg Eiland,Greg,Eiland,1998-02-01,80.0,335,Mississippi State,00-0036796,,,,,,,,,1,"https://static.www.nfl.com/image/private/f_auto,q_auto/league/tpvxb03qftscgj8kmhzb",,19,WC,P01,Greg,EIL276860,54008,32004549-4c27-6860-9e43-91375dc4a262,2021,2021,,
2022,JAX,OL,G,70,CUT,Jared Hocker,Jared,Hocker,,77.0,325,Texas A&amp;M,00-0036798,,,,,,,,,1,,,1,REG,A01,Jared,HOC426091,54010,3200484f-4342-6091-ea25-b5e9981e32cb,2021,2021,,
2022,SEA,RB,RB,34,RES,Josh Johnson,Josh,Johnson,,69.0,208,Louisiana-Monroe,00-0036799,,c6938e95-e8cd-4975-a0e0-ef6aa9b207f6,,15581,88760,,,8051,1,"https://static.www.nfl.com/image/private/f_auto,q_auto/league/y0ewkkqqt9ufs3q49yuo",,1,REG,W03,Josh,JOH398671,54011,32004a4f-4839-8671-bac9-0319c8491357,2021,2021,,
2022,SEA,OL,G,62,CUT,Pier-Olivier Lestage,Pier-Olivier,Lestage,,75.0,295,"Montreal, Can.",00-0036800,,,,,,,,,1,,,1,REG,A01,Pier-Olivier,LES270484,54012,32004c45-5327-0484-6d05-b80fad713a46,2021,2021,,
2022,SEA,LB,OLB,59,ACT,Jon Rhattigan,Jon,Rhattigan,1999-02-02,72.0,245,Army,00-0036802,,5e21c974-4168-4d6d-9b6c-97c16a96fb01,,15770,57718,,,7957,1,"https://static.www.nfl.com/image/private/f_auto,q_auto/league/w6b1ac3i9m5iflbgwfgl",,19,WC,A01,Jon,RHA456205,54014,32005248-4145-6205-2bcd-5fb9865f785c,2021,2021,,
2022,SEA,WR,WR,82,DEV,Connor Wedington,Connor,Wedington,1999-05-28,72.0,197,Stanford,00-0036804,,,,,,,,,1,"https://static.www.nfl.com/image/private/f_auto,q_auto/league/gf0tdhqccqmyuiha9pyx",,19,WC,P01,Connor,WED629229,54016,32005745-4462-9229-4a3d-e3f35518af0f,2021,2021,,
2022,SEA,DL,DT,62,DEV,Jarrod Hewitt,Jarrod,Hewitt,1997-11-03,73.0,280,Virginia Tech,00-0036805,,,,,,,,,1,"https://static.www.nfl.com/image/private/f_auto,q_auto/league/ojirrhfhi9kdhvdukst5",,19,WC,P01,Jarrod,HEW199206,54017,32004845-5719-9206-f5fc-3daa50c09bf5,2021,2021,,
2022,SEA,WR,WR,88,ACT,Cade Johnson,Cade,Johnson,1998-04-10,70.0,180,South Dakota State,00-0036810,,597f6a8c-6a64-463e-93f8-f46cb8a7e592,,15427,42109,,,7956,1,"https://static.www.nfl.com/image/private/f_auto,q_auto/league/sk7fd9nxylo2oyzrshja",SLOT_WR,19,WC,A01,Cade,JOH088033,54023,32004a4f-4808-8033-f780-264cbbc9a6c6,2021,2021,,
2022,PHI,LB,LB,53,ACT,Christian Elliss,Christian,Elliss,1999-01-02,75.0,233,Idaho,00-0036813,,c3ef92f7-29f7-43db-bbef-4e9875d756e9,,15673,,,,7921,1,"https://static.www.nfl.com/image/private/f_auto,q_auto/league/uc0dlr3wdwf6ipkorbpe",,22,SB,A01,Christian,ELL748057,54026,3200454c-4c74-8057-8358-0c0b1c28c8d1,2021,2021,,
2022,MIN,WR,WR,87,CUT,Myron Mitchell,Myron,Mitchell,,73.0,180,Alabama-Birmingham,00-0036815,,,,,,,,,1,"https://static.www.nfl.com/image/private/f_auto,q_auto/league/wwlp3olkwpoxs9lpwia2",,1,REG,W03,Myron,MIT590382,54028,32004d49-5459-0382-cd54-64ea11a35ad5,2021,2021,,
2022,JAX,K,K,10,ACT,Riley Patterson,Riley,Patterson,1999-09-07,72.0,190,Memphis,00-0036816,,deac735c-af0a-4f01-ada8-379ef66917ba,33781,15512,,,,7922,1,"https://static.www.nfl.com/image/private/f_auto,q_auto/league/etm8syiv9cdzgcwhtldp",,20,DIV,A01,Riley,PAT498920,54029,32005041-5449-8920-c215-c757ffb0f19e,2021,2021,,
2022,MIN,WR,WR,13,DEV,Blake Proehl,Christian,Proehl,1999-01-12,73.0,186,East Carolina,00-0036818,,b4a3566b-d533-4860-9133-c7e6ac22ab65,,15230,,,,7552,1,"https://static.www.nfl.com/image/private/f_auto,q_auto/league/sjdx3lnnlq9gck2vrabx",,19,WC,P01,Blake,PRO185673,54031,32005052-4f18-5673-8855-010c26175a1d,2021,2021,,
2022,ATL,LB,ILB,48,DEV,Dorian Etheridge,Dorian,Etheridge,1998-11-21,75.0,230,Louisville,00-0036824,,ccb8931d-221c-41d3-9b9b-a4c4efa56edd,,15753,57937,,,7982,1,"https://static.www.nfl.com/image/private/f_auto,q_auto/league/hpubzye4nl3iv3lmlzcy",,18,REG,P01,Dorian,ETH272762,54037,32004554-4827-2762-84a8-c39a5e022f11,2021,2021,,
2022,ATL,TE,TE,15,INA,Feleipe Franks,Feleipe,Franks,1997-12-22,78.0,245,Arkansas,00-0036825,,79a849be-0552-4da9-89ff-11d20a7a764a,33729,15324,40217,,,7531,1,"https://static.www.nfl.com/image/private/f_auto,q_auto/league/ruhmck3qguzcsekaludn",,18,REG,A01,Feleipe,FRA593646,54038,32004652-4159-3646-921f-5b52f2f03a61,2021,2021,,
2022,ATL,RB,RB,42,RES,Caleb Huntley,Caleb,Huntley,1998-09-15,70.0,229,Ball State,00-0036829,,77921652-c664-4511-91c7-77027bbb2647,,15239,57156,,,7741,1,"https://static.www.nfl.com/image/private/f_auto,q_auto/league/xzzb2fcp1ovzekumnjga",,18,REG,R01,Caleb,HUN820721,54042,32004855-4e82-0721-43b8-53d8acbdba2a,2021,2021,,
2022,CAR,DL,DE,91,DEV,Kobe Jones,Kobe,Jones,1998-05-10,76.0,260,Mississippi State,00-0036831,,,,,,,,,1,"https://static.www.nfl.com/image/private/f_auto,q_auto/league/dhuqslt27ujx7fbuygj6",,18,REG,P01,Kobe,JON527179,54044,32004a4f-4e52-7179-cc29-676b3d04c5ad,2021,2021,,
2022,ATL,OL,G,64,ACT,Ryan Neuzil,Ryan,Neuzil,1997-07-31,75.0,290,Appalachian State,00-0036833,,,,,,,,,1,"https://static.www.nfl.com/image/private/f_auto,q_auto/league/jwxcgirblt4owl9wsxb5",G,18,REG,A01,Ryan,NEU758774,54046,32004e45-5575-8774-9970-30ba8dbea532,2021,2021,,
2022,ATL,TE,TE,41,DEV,John Raine,John,Raine,1998-03-27,74.0,230,Northwestern,00-0036837,,,,,,,,,1,"https://static.www.nfl.com/image/private/f_auto,q_auto/league/lod2ztzdgn7vwefazyl0",,18,REG,P01,John,RAI534318,54050,32005241-4953-4318-7be3-0ee1c57805ae,2021,2021,,
2022,MIA,OL,T,76,DEV,Kion Smith,Kion,Smith,1998-10-07,77.0,295,Fayetteville State,00-0036839,,,,,,,,,1,"https://static.www.nfl.com/image/private/f_auto,q_auto/league/fjsforbzzninybr02x8q",,19,WC,P01,Kion,SMI462908,54052,3200534d-4946-2908-24d5-8bb4cb21bcdb,2021,2021,,
2022,LA,WR,WR,81,ACT,Austin Trammell,Austin,Trammell,1998-07-04,70.0,185,Rice,00-0036841,,c1d52f55-4c65-4b37-8457-f0dc028c85bc,,15663,52195,,,7746,1,"https://static.www.nfl.com/image/private/f_auto,q_auto/league/hljfjpcyscrhkyca58b0",TE,18,REG,A01,Austin,TRA262930,54054,32005452-4126-2930-1777-1ca2b2e12147,2021,2021,,
2022,MIN,RB,RB,26,ACT,Kene Nwangwu,Kene,Nwangwu,1998-02-09,73.0,205,Iowa State,00-0036842,4035537,482c1032-765a-48d3-b46e-b47a809dbee4,,15579,,,,7720,1,"https://static.www.nfl.com/image/private/f_auto,q_auto/league/crilttxgrgoz1gahfwoy",,19,WC,A01,Kene,NWA456204,53548,32004e57-4145-6204-644d-024f399464aa,2021,2021,MIN,119
2022,PIT,DL,DE,92,ACT,Isaiahh Loudermilk,Isaiahh,Loudermilk,1997-10-10,79.0,293,Wisconsin,00-0036843,4035798,ff28a5cc-3780-4f94-8c40-d713ff75cd0d,,15347,44416,LoudIs00,,7833,1,"https://static.www.nfl.com/image/private/f_auto,q_auto/league/u06e74agu5tdb3lmfmdr",INTERIOR_LINE,18,REG,A01,Isaiahh,LOU563605,53585,32004c4f-5556-3605-510d-c8e7f408c030,2021,2021,PIT,156
2022,HOU,LB,OLB,32,ACT,Garret Wallow,Garret,Wallow,1999-01-25,74.0,230,Texas Christian,00-0036844,4241807,f50c9bb7-2782-4390-a84f-b47e71d6018f,,15602,60761,WallGa00,,7821,1,"https://static.www.nfl.com/image/private/f_auto,q_auto/league/sy6pbcethslfetpflhrb",,18,REG,A01,Garret,WAL527275,53599,32005741-4c52-7275-96e8-979862ce6849,2021,2021,HOU,170
2022,NYG,LB,OLB,95,DEV,Quincy Roche,Quincy,Roche,1998-02-10,75.0,232,Miami,00-0036845,4044145,eec6be4d-4c1b-49be-87ae-a697d61789ea,,15271,43734,RochQu00,,7783,1,"https://static.www.nfl.com/image/private/f_auto,q_auto/league/tehfnbwkohaoj9nncdwd",,20,DIV,P06,Quincy,ROC122287,53645,3200524f-4312-2287-a7d1-e8f121e0e1b3,2021,2021,PIT,216
2022,PIT,DB,FS,21,INA,Tre Norwood,Tre,Norwood,1999-04-19,72.0,180,Oklahoma,00-0036846,4241396,3e7d2a40-88e6-46af-b2ca-aded3a3b942c,33633,15475,55675,NorwTr00,,7761,1,"https://static.www.nfl.com/image/private/f_auto,q_auto/league/tmlbydx3kivawdsbgs2e",,18,REG,A01,Tre,NOR817036,53674,32004e4f-5281-7036-4fe4-9251096ee77f,2021,2021,PIT,245
2022,PIT,P,P,6,ACT,Pressley Harvin,Pressley,Harvin,1998-09-17,72.0,250,Georgia Tech,00-0036847,4240485,0405bc2d-8e9c-4537-9238-111c4ccd88ae,,15614,,,,7753,1,"https://static.www.nfl.com/image/private/f_auto,q_auto/league/hwshwvpedy2bdkznmi6d",,18,REG,A01,Pressley,HAR829592,53683,32004841-5282-9592-8c7b-77464f98f883,2021,2021,PIT,254
2022,LA,WR,WR,15,ACT,Tutu Atwell,Chatarius,Atwell,1999-10-07,69.0,153,Louisville,00-0036849,4360797,7dc49535-f9dd-44b0-94f2-08ac6470130b,33445,15229,77965,AtweTu00,,7562,1,"https://static.www.nfl.com/image/private/f_auto,q_auto/league/in2kbm5hsnkjsfbteoee",WR,18,REG,A01,Tutu,ATW460468,53486,32004154-5746-0468-3028-a14cc41f9cf3,2021,2021,LA,57
2022,CIN,DL,DE,96,ACT,Cam Sample,Cameron,Sample,1999-09-20,75.0,280,Tulane,00-0036850,4243923,2f1b4df5-a65b-4b13-8a86-81c03259e822,,15318,56462,,,7727,1,"https://static.www.nfl.com/image/private/f_auto,q_auto/league/m2rr9cyu6t7uedgzwnu6",EDGE,21,CON,A01,Cam,SAM062951,53540,32005341-4d06-2951-186e-cb95f4914a26,2021,2021,CIN,111
2022,CIN,DL,NT,99,CUT,Tyler Shelvin,Tyler,Shelvin,1998-07-22,74.0,346,Louisiana State,00-0036851,4242228,58359280-c012-46af-8b1a-358a24159421,,15185,58438,ShelTy00,,7718,1,"https://static.www.nfl.com/image/private/f_auto,q_auto/league/sz8jhhjyayfyqez9fumo",,14,REG,P01,Tyler,SHE456684,53551,32005348-4545-6684-4da6-4d9633769e66,2021,2021,CIN,122
2022,CIN,OL,G,70,ACT,D'Ante Smith,D'Ante,Smith,1998-06-08,77.0,274,East Carolina,00-0036852,,,,,,,,,1,"https://static.www.nfl.com/image/private/f_auto,q_auto/league/tn4zhknousks7h0vtrs8",TE,21,CON,A01,D'Ante,SMI158485,53568,3200534d-4915-8485-38aa-6f1227a1aeea,2021,2021,CIN,139
2022,JAX,DB,SS,27,DEV,Tyree Gillespie,Tyree,Gillespie,1997-09-05,72.0,210,Missouri,00-0036853,4241195,959bc1bc-f0f4-4f57-8d9a-3325344781ca,,15473,60692,GillTy00,,7701,1,"https://static.www.nfl.com/image/private/f_auto,q_auto/league/qlzgpagydfo4lqzgtazz",,20,DIV,P06,Tyree,GIL424531,53572,32004749-4c42-4531-769f-6293248aa803,2021,2021,LV,143
2022,CIN,K,K,2,ACT,Evan McPherson,Evan,McPherson,1999-07-21,71.0,185,Florida,00-0036854,4360234,acc143ed-53b2-49c9-81bc-16e6c98ffcae,33537,15383,,,,7839,1,"https://static.www.nfl.com/image/private/f_auto,q_auto/league/qxyqg1xibovrlkhebks2",,21,CON,A01,Evan,MCP571021,53578,32004d43-5057-1021-94d9-4d594be79c9e,2021,2021,CIN,149
2022,LA,DL,DE,90,ACT,Earnest Brown,Earnest,Brown,1999-01-08,77.0,270,Northwestern,00-0036855,,58643249-5d94-48a2-8ea2-13cab4ca2a89,,15616,56428,,,7817,1,"https://static.www.nfl.com/image/private/f_auto,q_auto/league/hgmehcvwhxtnr4n6vuro",INTERIOR_LINE,18,REG,A01,Earnest,BRO823765,53603,32004252-4f82-3765-be2d-5cc53c3415f5,2021,2021,LA,174
2022,CIN,OL,C,63,ACT,Trey Hill,Trey,Hill,2000-01-23,76.0,330,Georgia,00-0036856,,,,,,,,,1,"https://static.www.nfl.com/image/private/f_auto,q_auto/league/yju1qba3chsswxhagncy",,21,CON,A01,Trey,HIL623828,53619,32004849-4c62-3828-2b4b-8f177f08ab12,2021,2021,CIN,190
2022,CIN,RB,RB,25,INA,Chris Evans,Chris,Evans,1997-10-05,71.0,216,Michigan,00-0036857,4046530,f7397b71-3756-4b1b-9f61-8618164a4098,33590,15304,27303,EvanCh02,,7794,1,"https://static.www.nfl.com/image/private/f_auto,q_auto/league/rvjls9pnn6jris3lg66p",,21,CON,A01,Chris,EVA105967,53631,32004556-4110-5967-b1b8-845c260e1531,2021,2021,CIN,202
2022,HOU,WR,WR,17,DEV,Jalen Camp,Jalen,Camp,1998-07-10,74.0,220,Georgia Tech,00-0036858,,a7bee0dc-2f5a-4073-a785-85a34c60dda1,,15248,,,,7789,1,"https://static.www.nfl.com/image/private/f_auto,q_auto/league/eexr6oeqtk6sisybg8cg",,18,REG,P02,Jalen,CAM124778,53638,32004341-4d12-4778-9047-56d3a484e7d7,2021,2021,JAX,209
2022,HOU,OL,C,79,INA,Jimmy Morrissey,Jimmy,Morrissey,1998-06-09,75.0,305,Pittsburgh,00-0036859,,,,,,,,,1,"https://static.www.nfl.com/image/private/f_auto,q_auto/league/ugvqwlgsstinjkmc1ril",,18,REG,A01,Jimmy,MOR678529,53659,32004d4f-5267-8529-eed0-324fedfd2f1c,2021,2021,LV,230
2022,IND,RB,RB,37,ACT,Jake Funk,Jake,Funk,1998-01-11,70.0,205,Maryland,00-0036860,4036224,8da63045-f139-4422-9bd7-efe46c7fcf13,33621,15285,45835,FunkJa00,,7771,1,"https://static.www.nfl.com/image/private/f_auto,q_auto/league/usql5tnx3qhuk3mubmfs",,18,REG,A01,Jake,FUN622936,53662,32004655-4e62-2936-cb7f-8938f7705e8a,2021,2021,LA,233
2022,CIN,DL,DE,56,RET,Wyatt Hubert,Wyatt,Hubert,,75.0,270,Kansas State,00-0036861,4241344,f94e5435-8cfe-411d-97c4-b5324f7f3a54,,15457,,HubeWy00,,7769,1,"https://static.www.nfl.com/image/private/f_auto,q_auto/league/w3soi0kzrknpqbtvv8kw",,21,CON,R02,Wyatt,HUB724408,53664,32004855-4272-4408-ac91-9d2177a621a0,2021,2021,CIN,235
2022,LA,WR,WR,18,INA,Ben Skowronek,Ben,Skowronek,1997-06-27,75.0,220,Notre Dame,00-0036862,4035656,5521ba64-e615-4d50-b9bf-490498571ac7,,15467,27948,,,7757,1,"https://static.www.nfl.com/image/private/f_auto,q_auto/league/hud5c4tf8corgoehrvc1",,18,REG,A01,Ben,SKO738004,53678,3200534b-4f73-8004-e74f-6a0e3fb2f31f,2021,2021,LA,249
2022,SEA,LB,LB,48,DEV,Chris Garrett,Christopher,Garrett,1998-06-12,76.0,245,"Concordia, St. Paul",00-0036863,4820589,2ceadd29-bdc5-4143-b4a7-0533050e0f53,,15628,136106,,,7945,1,"https://static.www.nfl.com/image/private/f_auto,q_auto/league/ptbq02rc5gxksa1jsjfo",,19,WC,P01,Chris,GAR415281,53681,32004741-5241-5281-6f33-7a6405deabf9,2021,2021,LA,252
2022,CIN,OL,G,79,ACT,Jackson Carman,Jackson,Carman,2000-01-22,77.0,345,Clemson,00-0036865,,,,,,,,,1,"https://static.www.nfl.com/image/private/f_auto,q_auto/league/pgwn0sotdhi6g6tfdtzh",T,21,CON,A01,Jackson,CAR198645,53475,32004341-5219-8645-d8f8-13f7e39c03a5,2021,2021,CIN,46
2022,CLE,OL,T,66,ACT,James Hudson,James,Hudson,1999-05-13,77.0,310,Cincinnati,00-0036866,,,,,,,,,1,"https://static.www.nfl.com/image/private/f_auto,q_auto/league/snl68cl2kwhivavcf4h0",T,18,REG,A01,James,HUD394582,53539,32004855-4439-4582-be26-af32eeb2bc71,2021,2021,CLE,110
2022,LAC,LB,OLB,94,ACT,Chris Rumph,Chris,Rumph,1998-10-19,74.0,235,Duke,00-0036867,4240475,dcbf373f-7336-457f-888f-02596a391d89,,15311,56345,RumpCh00,,7721,1,"https://static.www.nfl.com/image/private/f_auto,q_auto/league/ijwtdg7an8ux1dvxl6tn",EDGE,19,WC,A01,Chris,RUM515532,53547,32005255-4d51-5532-67a7-050f048d78f1,2021,2021,LAC,118
2022,JAX,LB,OLB,92,RES,Jordan Smith,Jordan,Smith,1998-04-10,78.0,255,Alabama-Birmingham,00-0036868,4034957,8f5245fb-27ed-4a5d-93ea-ca354e670731,,15439,43427,SmitJo03,,7719,1,"https://static.www.nfl.com/image/private/f_auto,q_auto/league/bycpto5ud1uyyegvz29e",,20,DIV,R01,Jordan,SMI443087,53550,3200534d-4944-3087-812a-0dec70b60ff6,2021,2021,JAX,121
2022,PIT,OL,T,65,ACT,Dan Moore,Dan,Moore,1998-09-28,77.0,315,Texas A&amp;M,00-0036869,,,,,,,,,1,"https://static.www.nfl.com/image/private/f_auto,q_auto/league/lop2sfbk1kvbxquzwvdm",T,18,REG,A01,Dan,MOO788885,53557,32004d4f-4f78-8885-a285-ff2e4eb4db91,2021,2021,PIT,128
2022,HOU,LB,ILB,45,DEV,Buddy Johnson,Buddy,Johnson,1999-02-27,74.0,240,Texas A&amp;M,00-0036870,4240900,11e6adfb-8144-4990-adc2-bfcfe905889b,,15374,58189,JohnBu01,,7704,1,"https://static.www.nfl.com/image/private/f_auto,q_auto/league/nrn5zxnfpvrtpvmalwyl",,18,REG,P01,Buddy,JOH086666,53569,32004a4f-4808-6666-f32e-28959e6114ac,2021,2021,PIT,140
2022,LV,DB,CB,39,ACT,Nate Hobbs,Nate,Hobbs,1999-06-24,73.0,195,Illinois,00-0036871,4240542,b34aa9fb-3f93-481b-8f68-7330c39e6e20,,15387,55948,,,7823,1,"https://static.www.nfl.com/image/private/f_auto,q_auto/league/tbjqbgb8pchuobrqoerc",CB,18,REG,A01,Nate,HOB298253,53596,3200484f-4229-8253-a672-c462bcac7773,2021,2021,LV,167
2022,NE,DB,FS,24,INA,Joshuah Bledsoe,Joshuah,Bledsoe,1998-12-30,71.0,198,Missouri,00-0036872,4241199,8a6825e8-2657-487b-ac69-620a89d7a0cd,,15471,,BledJo00,,7805,1,"https://static.www.nfl.com/image/private/f_auto,q_auto/league/suurblktyvzqaxzcti3s",,18,REG,A01,Joshuah,BLE246092,53617,3200424c-4524-6092-cb3b-25750a4fbaa0,2021,2021,NE,188
2022,JAX,K,K,14,RES,Jake Verity,Jake,Verity,,73.0,201,East Carolina,00-0036873,,e0710cfd-f7fc-4514-a99d-f5144fce08a9,,15771,,,,8056,1,"https://static.www.nfl.com/image/private/f_auto,q_auto/league/fw7bssrk9y8dxdrvr0d7",,1,REG,W03,Jake,VER558336,54097,32005645-5255-8336-9595-4ca1266a6d7d,2021,2021,,
2022,DEN,DB,CB,2,ACT,Patrick Surtain,Patrick,Surtain,2000-04-14,74.0,203,Alabama,00-0036874,4372012,5c753156-6ba2-4e25-9fbd-492c69e06ff0,,15403,83119,SurtPa01,,7641,1,"https://static.www.nfl.com/image/private/f_auto,q_auto/league/d3pthcn8gkdsdkb25bmf",CB,18,REG,A01,Patrick,SUR634187,53438,32005355-5263-4187-d85c-9784fc0a886b,2021,2021,DEN,9
2022,NE,RB,RB,38,ACT,Rhamondre Stevenson,Rhamondre,Stevenson,1998-02-23,72.0,246,Oklahoma,00-0036875,4569173,6260e78a-64e2-4f7e-9bf8-39948a17a370,33508,15372,98689,StevRh00,,7611,1,"https://static.www.nfl.com/image/private/f_auto,q_auto/league/ro2fqabc4qndtnxykvm7",RB,18,REG,A01,Rhamondre,STE703131,53549,32005354-4570-3131-4f2a-53760868c1d8,2021,2021,NE,120
2022,IND,TE,TE,83,INA,Kylen Granson,Kylen,Granson,1998-03-27,75.0,235,Southern Methodist,00-0036876,4039160,bcc0167c-05fd-4b23-981e-60b8784ceb33,33515,15245,40630,GranKy00,,7602,1,"https://static.www.nfl.com/image/private/f_auto,q_auto/league/t3lbs3ss6y4mto2lkjjh",,18,REG,A01,Kylen,GRA367521,53556,32004752-4136-7521-12e0-76f6488826b0,2021,2021,IND,127
2022,CLE,WR,WR,16,ACT,Jaelon Darden,Jaelon,Darden,1999-01-14,68.0,174,North Texas,00-0036877,4243830,ada174f6-9300-46ba-833f-018d007f20ce,,15240,61522,DardJa00,,7713,1,"https://static.www.nfl.com/image/private/f_auto,q_auto/league/mflnzqdp8mfwkoahmwgq",SLOT_WR,18,REG,A01,Jaelon,DAR261346,53558,32004441-5226-1346-8f45-8d0ab7618a99,2021,2021,TB,129
2022,PHI,DL,DE,59,RES,Janarius Robinson,Janarius,Robinson,1998-05-04,77.0,260,Florida State,00-0036878,4035604,e97a02d1-666b-4df9-bfd4-c375002965c3,,15444,42447,RobiJa04,,7710,1,"https://static.www.nfl.com/image/private/f_auto,q_auto/league/airulfyxvgw5a2ykppht",,22,SB,R01,Janarius,ROB527009,53563,3200524f-4252-7009-8ff9-37432993ea17,2021,2021,MIN,134
2022,IND,QB,QB,4,ACT,Sam Ehlinger,Samuel,Ehlinger,1998-09-30,73.0,235,Texas,00-0036879,,59f4acd0-971a-4470-ab8d-17900a4b128a,33606,15328,60555,EhliSa00,,7583,1,"https://static.www.nfl.com/image/private/f_auto,q_auto/league/vxk188efnro9zonnihdo",QB,18,REG,A01,Sam,EHL426541,53647,32004548-4c42-6541-a2ef-ab82d9f8abe9,2021,2021,IND,218
2022,DET,OL,T,58,ACT,Penei Sewell,Penei,Sewell,2000-10-09,77.0,325,Oregon,00-0036880,,,,,,,,,1,"https://static.www.nfl.com/image/private/f_auto,q_auto/league/hczzzenftvfj903lme2x",T,18,REG,A01,Penei,SEW478214,53436,32005345-5747-8214-9180-519633263ceb,2021,2021,DET,7
2022,CIN,DL,DT,97,INA,Jay Tufele,Jay,Tufele,1999-07-25,75.0,305,Southern California,00-0036881,4259647,79a2bcb9-b390-4486-b64a-db81b246bf68,,15421,56913,TufeJa00,,7731,1,"https://static.www.nfl.com/image/private/f_auto,q_auto/league/mfzaltdiwf4vglulxs9t",,21,CON,A01,Jay,TUF103822,53535,32005455-4610-3822-e3e9-dc3d8ed22b4d,2021,2021,JAX,106
2022,DAL,LB,MLB,14,INA,Jabril Cox,Jabril,Cox,1998-04-16,75.0,233,Louisiana State,00-0036882,4040940,4a78d325-99ee-424c-bf79-33dc1bdada74,,15346,30669,CoxxJa00,,7724,1,"https://static.www.nfl.com/image/private/f_auto,q_auto/league/wwzikalidgrfwdrrs3np",,20,DIV,A01,Jabril,COX315503,53544,3200434f-5831-5503-5fb9-edf18e12b912,2021,2021,DAL,115
2022,CLE,DL,DT,93,ACT,Tommy Togiai,Tommy,Togiai,1999-09-19,74.0,300,Ohio State,00-0036883,4361366,4a4f2ec4-b750-417c-8fa3-f1ec6386f032,,15590,82501,TogiTo00,,7711,1,"https://static.www.nfl.com/image/private/f_auto,q_auto/league/go13hdfp4ckq8cpit909",INTERIOR_LINE,18,REG,A01,Tommy,TOG319136,53561,3200544f-4731-9136-e0d4-c4b70b445fea,2021,2021,CLE,132
2022,ARI,DB,CB,20,INA,Marco Wilson,Marco,Wilson,1999-03-03,71.0,191,Florida,00-0036884,4240595,409f6cf2-cfd2-4712-80a2-9a62e0ad75c4,33524,15313,55592,WilsMa04,,7708,1,"https://static.www.nfl.com/image/private/f_auto,q_auto/league/dppahjivtao5uuxbbrhm",,18,REG,A01,Marco,WIL749995,53565,32005749-4c74-9995-14dd-2c0bb7452094,2021,2021,ARI,136
2022,SEA,DB,DB,22,ACT,Tre Brown,Tre,Brown,1997-09-24,70.0,186,Oklahoma,00-0036885,4241373,0589b224-bfc7-47a5-b89d-ff58ef2dcf21,,15477,55677,BrowTr03,,7707,1,"https://static.www.nfl.com/image/private/f_auto,q_auto/league/zv6xrcgchaxcxrywxo50",,19,WC,A01,Tre,BRO739157,53566,32004252-4f73-9157-4a37-cb5e8ead60d1,2021,2021,SEA,137
2022,DAL,OL,T,75,ACT,Josh Ball,Josh,Ball,1998-05-15,80.0,309,Marshall,00-0036886,,,,,,,,,1,"https://static.www.nfl.com/image/private/f_auto,q_auto/league/trgtm3smdjlknies6cs4",,20,DIV,A01,Josh,BAL501948,53567,32004241-4c50-1948-d003-0543c0165523,2021,2021,DAL,138
2022,JAX,TE,TE,89,ACT,Luke Farrell,Luke,Farrell,1997-10-14,77.0,258,Ohio State,00-0036887,4040612,8a1f0e8e-6521-4a94-9934-ad4f76a25fd9,33533,15566,42353,FarrLu00,,7842,1,"https://static.www.nfl.com/image/private/f_auto,q_auto/league/ysywvap5ytmowtzrkwoc",TE,20,DIV,A01,Luke,FAR615740,53574,32004641-5261-5740-50b8-305db0b7e238,2021,2021,JAX,145
2022,BUF,DB,SS,3,RES,Damar Hamlin,Damar,Hamlin,1998-03-24,72.0,195,Pittsburgh,00-0036888,4036060,3a6b8eac-9a76-47e0-b791-b6ee245ae924,,15233,43291,HamlDa00,,7787,1,"https://static.www.nfl.com/image/private/f_auto,q_auto/league/ib86rzhcyetk48ewjnkj",,20,DIV,R01,Damar,HAM401130,53641,32004841-4d40-1130-e55c-c458b6bff7bf,2021,2021,BUF,212
2022,KC,DB,FS,38,CUT,James Wiggins,James,Wiggins,1997-04-26,71.0,205,Cincinnati,00-0036889,,ba7e7289-6b7f-4db1-85aa-514d4fa0d367,,15342,,WiggJa00,,7762,1,"https://static.www.nfl.com/image/private/f_auto,q_auto/league/mvnndh53rmgvoh8pvpvk",,2,REG,P01,James,WIG183928,53672,32005749-4718-3928-a5b0-7d61455c3980,2021,2021,ARI,243
2022,GB,OL,C,65,DEV,Michal Menet,Michal,Menet,1997-08-08,76.0,305,Penn State,00-0036890,,,,,,,,,1,"https://static.www.nfl.com/image/private/f_auto,q_auto/league/svtweivs0lsemyqfw25p",,18,REG,P01,Michal,MEN764183,53676,32004d45-4e76-4183-7771-7bd4d96c9487,2021,2021,ARI,247
2022,CHI,OL,T,72,ACT,Alex Leatherwood,Alex,Leatherwood,1999-01-05,77.0,305,Alabama,00-0036892,,,,,,,,,1,"https://static.www.nfl.com/image/private/f_auto,q_auto/league/ynohet2yfunyunrv4ogg",G,18,REG,A01,Alex,LEA732379,53446,32004c45-4173-2379-61f9-b62d58f5c85e,2021,2021,LV,17
2022,PIT,RB,RB,22,ACT,Najee Harris,Najee,Harris,1998-03-09,73.0,230,Alabama,00-0036893,4241457,48ec58c3-ec26-4434-b005-8d34035e6667,33412,15468,57121,HarrNa00,,7528,1,"https://static.www.nfl.com/image/private/f_auto,q_auto/league/lj0qlwa2pvyrihyiriox",RB,18,REG,A01,Najee,HAR493163,53453,32004841-5249-3163-f8f5-73c55f8a5c0d,2021,2021,PIT,24
2022,PIT,TE,TE,88,ACT,Pat Freiermuth,Pat,Freiermuth,1998-10-25,77.0,258,Penn State,00-0036894,4361411,04f0fefe-9d9d-44f5-94ea-6df2a42df3c6,33443,15267,84085,FreiPa00,,7600,1,"https://static.www.nfl.com/image/private/f_auto,q_auto/league/nx6quzjf2cfaeullln5c",TE,18,REG,A01,Pat,FRE439769,53484,32004652-4543-9769-d771-bdf1de25cd8b,2021,2021,PIT,55
2022,NYG,LB,OLB,94,RES,Elerson Smith,Elerson,Smith,1998-07-17,79.0,255,Northern Iowa,00-0036895,4030924,d20386b3-f260-40eb-92c3-f0a95211fab6,,15589,,SmitEl00,,7723,1,"https://static.www.nfl.com/image/private/f_auto,q_auto/league/nmpcgvpsuyzunjq5ymjc",,20,DIV,R01,Elerson,SMI252880,53545,3200534d-4925-2880-8ea6-bc381ac064de,2021,2021,NYG,116
2022,ARI,LB,OLB,52,ACT,Victor Dimukeje,Victor,Dimukeje,1999-11-18,74.0,265,Duke,00-0036896,4240464,0e6f6610-0276-4229-9cf1-66f0d011c1a9,,15625,56347,DimuVi00,,7788,1,,EDGE,18,REG,A01,Victor,DIM738004,53639,32004449-4d73-8004-ff0c-7c95536d5f01,2021,2021,ARI,210
2022,MIN,DB,CB,31,DEV,Tay Gowan,Quent,Gowan,1998-01-07,73.0,185,Central Florida,00-0036897,4568981,f59cbb36-23cc-4caf-bceb-edd7b1ff99e3,,15187,42465,GowaTa00,,7780,1,"https://static.www.nfl.com/image/private/f_auto,q_auto/league/gn3efl1w9qqfs4whrsl0",,19,WC,P01,Tay,GOW207645,53652,3200474f-5720-7645-ca9b-1de45c2e866f,2021,2021,ARI,223
2022,HOU,QB,QB,10,ACT,Davis Mills,Davis,Mills,1998-10-21,76.0,225,Stanford,00-0036898,4242546,7d51fab7-2d52-4d19-a021-19a123af0d10,33455,15542,52269,MillDa02,,7585,1,"https://static.www.nfl.com/image/private/f_auto,q_auto/league/objv34ak0xhzjvixm5sr",QB,18,REG,A01,Davis,MIL678397,53496,32004d49-4c67-8397-4c7b-81c6636ba80e,2021,2021,HOU,67
2022,NYG,DB,CB,33,RES,Aaron Robinson,Aaron,Robinson,1997-11-10,72.0,193,Central Florida,00-0036899,4040979,e63d2781-66d7-4e29-ae56-292fb282a5ed,,15445,,RobiAa00,,7668,1,"https://static.www.nfl.com/image/private/f_auto,q_auto/league/xhkdtezepj98xymkgfol",,20,DIV,R01,Aaron,ROB365069,53500,3200524f-4236-5069-9008-8d8382cf0cb0,2021,2021,NYG,71
2022,CIN,WR,WR,1,ACT,Ja'Marr Chase,Ja'Marr,Chase,2000-03-01,72.0,200,Louisiana State,00-0036900,4362628,fa99e984-d63b-4ef4-a164-407f68a7eeaf,33393,15183,84270,ChasJa00,,7564,1,"https://static.www.nfl.com/image/private/f_auto,q_auto/league/hwrzdfsng9bh4tba7uoe",WR,21,CON,A01,Ja'Marr,CHA694469,53434,32004348-4169-4469-b021-d2c20a7d7cf5,2021,2021,CIN,5
2022,GB,DB,CB,21,RES,Eric Stokes,Eric,Stokes,1999-03-01,72.0,190,Georgia,00-0036901,4259561,35e016e2-c6cd-49c5-b1b5-73f03b81ff4d,33417,15297,55912,StokEr00,,7628,1,"https://static.www.nfl.com/image/private/f_auto,q_auto/league/nzeihinuvb4h9lwtkqy3",,18,REG,R01,Eric,STO214699,53458,32005354-4f21-4699-ce5b-ed6694ff1e45,2021,2021,GB,29
2022,CIN,DL,DE,58,ACT,Joseph Ossai,Joseph,Ossai,2000-04-13,76.0,253,Texas,00-0036902,4362094,f46bc3a8-dbcc-4d96-8d6e-50034429de29,,15507,77205,OssaJo00,,7678,1,"https://static.www.nfl.com/image/private/f_auto,q_auto/league/xxby0uemzgmuntjsq5n8",EDGE,21,CON,A01,Joseph,OSS029663,53498,32004f53-5302-9663-dacb-d6922d4bb6a0,2021,2021,CIN,69
2022,LA,DL,NT,95,ACT,Bobby Brown,Bobby,Brown,2000-08-07,76.0,325,Texas A&amp;M,00-0036903,4372518,17bb3390-5232-402b-b229-c478b22dd200,,15591,82429,BrowBo04,,7722,1,"https://static.www.nfl.com/image/private/f_auto,q_auto/league/w6klkwja86cw2dxzplbp",INTERIOR_LINE,18,REG,A01,Bobby,BRO802918,53546,32004252-4f80-2918-2bd2-89c8d04d0f41,2021,2021,LA,117
2022,LA,DB,CB,31,ACT,Robert Rochell,Robert,Rochell,1998-04-26,74.0,195,Central Arkansas,00-0036904,4032200,170d9d12-0595-4636-9b42-822ff93a6d94,,15443,33693,RochRo00,,7712,1,"https://static.www.nfl.com/image/private/f_auto,q_auto/league/qvxjhufvohvtxwzm0kzh",,18,REG,A01,Robert,ROC174205,53559,3200524f-4317-4205-2ef5-3842925c4c60,2021,2021,LA,130
2022,CHI,OL,T,75,ACT,Larry Borom,Larry,Borom,1999-03-30,77.0,332,Missouri,00-0036905,,,,,,,,,1,"https://static.www.nfl.com/image/private/f_auto,q_auto/league/hqtzb3dvkudxvrwz5d5z",G,18,REG,A01,Larry,BOR519659,53580,3200424f-5251-9659-4669-5f1b59001f4a,2021,2021,CHI,151
2022,CHI,RB,RB,24,ACT,Khalil Herbert,Khalil,Herbert,1998-04-21,69.0,212,Virginia Tech,00-0036906,4035886,02af99e0-3c84-4d4e-937a-a9f29a02323b,33605,15281,41668,HerbKh00,,7608,1,"https://static.www.nfl.com/image/private/f_auto,q_auto/league/dua1pjsu1lyxcfvymslq",RB,18,REG,A01,Khalil,HER034169,53646,32004845-5203-4169-7d1a-e33edb9fea8e,2021,2021,CHI,217
2022,SF,WR,WR,83,DEV,Dazz Newsome,Dazz,Newsome,1999-05-15,70.0,190,North Carolina,00-0036907,,00a63233-ecb5-4415-94ef-723c6556b85e,,15560,61510,NewsDa00,,7586,1,"https://static.www.nfl.com/image/private/f_auto,q_auto/league/cwp4qiumv4yzxg0hsbvj",,21,CON,P01,Dazz,NEW556353,53650,32004e45-5755-6353-3b58-0786107557cf,2021,2021,CHI,221
2022,CLE,DB,CB,31,INA,Thomas Graham,Thomas,Graham,1999-06-26,71.0,197,Oregon,00-0036908,4242485,f817da48-83fb-4172-b4cf-0bacc532b4d7,,15191,55685,GrahTh00,,7775,1,,,18,REG,A01,Thomas,GRA267685,53657,32004752-4126-7685-e5f4-bd0a9e979238,2021,2021,CHI,228
2022,MIN,DL,NT,95,ACT,Khyiris Tonga,Khyiris,Tonga,1996-07-07,76.0,340,Brigham Young,00-0036909,4256074,253afa4e-a404-41e5-82bc-4c41508498f5,,15325,52000,TongKh00,,7756,1,"https://static.www.nfl.com/image/private/f_auto,q_auto/league/jh1hyregwcvwcqvkciwj",INTERIOR_LINE,19,WC,A01,Khyiris,TON626509,53679,3200544f-4e62-6509-9c30-e571694eee90,2021,2021,CHI,250
2022,CAR,WR,WR,81,DEV,C.J. Saunders,Charles,Saunders,1996-09-15,70.0,190,Ohio State,00-0036910,,2da353f0-5570-4539-bd42-1b0a7c017210,,15775,,,,8068,1,"https://static.www.nfl.com/image/private/f_auto,q_auto/league/x23pz9ztbyw2adbkj5xw",,18,REG,P01,C.J.,SAU672520,54190,32005341-5567-2520-c7ba-ffcf183a506f,2021,2021,,
2022,PHI,WR,WR,6,ACT,DeVonta Smith,DeVonta,Smith,1998-11-14,72.0,165,Alabama,00-0036912,4241478,3555d07e-57ae-43de-97d5-b1b5bf055f17,33398,15406,61100,SmitDe07,,7525,1,"https://static.www.nfl.com/image/private/f_auto,q_auto/league/hzgzhf2omiobrvqdifqr",WR,22,SB,A01,DeVonta,SMI206016,53439,3200534d-4920-6016-573c-fcc767bafc4d,2021,2021,PHI,10
2022,KC,WR,WR,19,ACT,Kadarius Toney,Kadarius,Toney,1999-01-27,72.0,193,Florida,00-0036913,4240600,b4af6462-3e3a-49d5-9d96-482ad9f3c0c8,33408,15336,61245,ToneKa00,,7606,1,"https://static.www.nfl.com/image/private/f_auto,q_auto/league/fcyq6suxvrfizcohaor3",WR,22,SB,A01,Kadarius,TON593115,53449,3200544f-4e59-3115-b817-44100e7d8fff,2021,2021,NYG,20
2022,BUF,DL,DE,50,ACT,Gregory Rousseau,Gregory,Rousseau,2000-04-05,78.0,253,Miami,00-0036914,4362506,c47a2147-d70d-4874-91b3-8548b26fb3ec,,15283,76889,RousGr00,,7627,1,"https://static.www.nfl.com/image/private/f_auto,q_auto/league/insb9f4qznbgcfyreogp",EDGE,20,DIV,A01,Gregory,ROU617685,53459,3200524f-5561-7685-7a57-00bd6b5af7ea,2021,2021,BUF,30
2022,CLE,LB,OLB,28,RES,Jeremiah Owusu-Koramoah,Jeremiah,Owusu-Koramoah,1999-11-04,74.0,215,Notre Dame,00-0036915,4258599,513aad03-6d8b-45cd-96ed-ad0d56e942f4,,15505,58089,OwusJe00,,7651,1,"https://static.www.nfl.com/image/private/f_auto,q_auto/league/mw7hvtqvuq7ruiqnk7zk",,18,REG,R01,Jeremiah,OWU604524,53481,32004f57-5560-4524-4478-5c5967f00096,2021,2021,CLE,52
2022,PHI,DL,DT,93,ACT,Milton Williams,Milton,Williams,1999-04-06,75.0,278,Louisiana Tech,00-0036916,4239699,ebabfa18-7713-4002-8ac4-cf30cd4566fc,,15291,56682,WillMi08,,7696,1,"https://static.www.nfl.com/image/private/f_auto,q_auto/league/kufiuozevgqnjoeqelbo",INTERIOR_LINE,22,SB,A01,Milton,WIL454157,53502,32005749-4c45-4157-cbf6-f99ade2bc77d,2021,2021,PHI,73
2022,PHI,DB,CB,27,ACT,Zech McPhearson,Zech,McPhearson,1998-03-21,71.0,195,Texas Tech,00-0036917,4045161,34786359-962b-44e4-8882-d387d1a8ed42,,15558,45464,,,7717,1,"https://static.www.nfl.com/image/private/f_auto,q_auto/league/bracjkyrac4hjuf6uxgp",,22,SB,A01,Zech,MCP405444,53552,32004d43-5040-5444-e8f6-7dfc8699f28b,2021,2021,PHI,123
2022,LA,WR,WR,87,RES,Jacob Harris,Jacob,Harris,1997-04-16,77.0,211,Central Florida,00-0036918,3932144,bdbb1693-3509-494c-8308-ae26a415fc96,33529,15322,34255,HarrJa03,,7703,1,"https://static.www.nfl.com/image/private/f_auto,q_auto/league/xusudkb2fwmvizh0bzcn",,18,REG,R01,Jacob,HAR419165,53570,32004841-5241-9165-d518-2ff0633c22cd,2021,2021,LA,141
2022,PHI,RB,RB,14,ACT,Kenneth Gainwell,Kenneth,Gainwell,1999-03-14,69.0,191,Memphis,00-0036919,4371733,e2a5882a-dcc1-4800-889f-3b957b21834f,33538,15222,77737,GainKe00,,7567,1,"https://static.www.nfl.com/image/private/f_auto,q_auto/league/jufq7kyl2tynrtfsvxu1",RB,22,SB,A01,Kenneth,GAI606964,53579,32004741-4960-6964-7702-692656fad861,2021,2021,PHI,150
2022,PHI,DL,DT,95,RES,Marlon Tuipulotu,Marlon,Tuipulotu,1999-05-31,74.0,305,Southern California,00-0036920,4243218,ca5028b1-d96f-4444-9855-46e1661b9d62,,15329,57035,TuipMa00,,7804,1,"https://static.www.nfl.com/image/private/f_auto,q_auto/league/qeo97d7wi8diclcdkdhj",,22,SB,R01,Marlon,TUI688947,53618,32005455-4968-8947-be40-2c3c836698ff,2021,2021,PHI,189
2022,PHI,DL,DE,75,DEV,Tarron Jackson,Tarron,Jackson,1998-06-22,74.0,260,Coastal Carolina,00-0036921,4052031,e7e7dbae-02ea-4295-8e14-136c65fdd591,,15483,54410,JackTa02,,7802,1,"https://static.www.nfl.com/image/private/f_auto,q_auto/league/mqxysk2vrikxvh3me8xh",,22,SB,P06,Tarron,JAC565942,53620,32004a41-4356-5942-cb86-2a6be875c18a,2021,2021,PHI,191
2022,PHI,LB,ILB,48,ACT,Patrick Johnson,Patrick,Johnson,1998-01-10,74.0,251,Tulane,00-0036922,4243916,1693934a-76eb-4cf9-a5cf-e0bb6df92ace,,15639,56460,JohnPa02,,7770,1,"https://static.www.nfl.com/image/private/f_auto,q_auto/league/zpxcfizbd9x0np4nh6xp",,22,SB,A01,Patrick,JOH569856,53663,32004a4f-4856-9856-969b-ee69c538f4d0,2021,2021,PHI,234
2022,NYJ,RB,RB,32,ACT,Michael Carter,Michael,Carter,1999-05-07,68.0,200,North Carolina,00-0036924,4240456,7f119181-4c9f-4a9f-bccc-357277b64a8d,33495,15273,57337,CartMi03,,7607,1,"https://static.www.nfl.com/image/private/f_auto,q_auto/league/jiinzvhox07m9uijmz5m",RB,18,REG,A01,Michael,CAR716520,53536,32004341-5271-6520-cf4c-d6916bc87e00,2021,2021,NYJ,107
2022,PHI,LB,LB,30,CUT,JaCoby Stevens,JaCoby,Stevens,,73.0,228,Louisiana State,00-0036925,,2a527ffc-edd3-4415-9662-6158d0ad612e,,15437,61402,StevJa00,,7779,1,"https://static.www.nfl.com/image/private/f_auto,q_auto/league/gortk2qygtzwzkd5y2jc",,1,REG,W03,JaCoby,STE614413,53653,32005354-4561-4413-4a75-1dc60ec50ada,2021,2021,PHI,224
2022,NO,DL,DE,98,INA,Payton Turner,Payton,Turner,1999-01-07,78.0,270,Houston,00-0036926,4240269,91e004b5-8a40-45cc-8246-a34faca1ee64,33416,15435,56624,TurnPa02,,7629,1,"https://static.www.nfl.com/image/private/f_auto,q_auto/league/ovrpbe0on402xslor7po",,18,REG,A01,Payton,TUR646253,53457,32005455-5264-6253-7d03-4daa88bd4dd4,2021,2021,NO,28
2022,NO,LB,OLB,20,ACT,Pete Werner,Pete,Werner,1999-06-05,75.0,242,Ohio State,00-0036927,4241993,09bdc469-0d82-4bce-8d49-810a44a550da,,15600,58093,WernPe00,,7647,1,"https://static.www.nfl.com/image/private/f_auto,q_auto/league/i358ajnspgb5weyqxxnm",MLB,18,REG,A01,Pete,WER545065,53489,32005745-5254-5065-73d0-7fd60f2aedaa,2021,2021,NO,60
2022,TB,QB,QB,2,INA,Kyle Trask,Kyle,Trask,1998-03-06,77.0,240,Florida,00-0036928,,13038760-a019-4e2a-9aea-f13d7dce5bda,33452,15335,39987,TrasKy00,,7605,1,"https://static.www.nfl.com/image/private/f_auto,q_auto/league/a8kcgbnwglblzuhfenqk",,19,WC,A01,Kyle,TRA389332,53493,32005452-4138-9332-1a15-4c69635ccf01,2021,2021,TB,64
2022,PHI,QB,QB,19,INA,Ian Book,Ian,Book,1998-03-30,72.0,212,Notre Dame,00-0036929,,0d3113f7-2a82-4fba-a0ab-bfe068746a8a,33521,15368,40216,BookIa00,,7589,1,"https://static.www.nfl.com/image/private/f_auto,q_auto/league/uzyny2kubma4lipehkfk",,22,SB,A01,Ian,BOO005015,53562,3200424f-4f00-5015-50d0-d01856521a5c,2021,2021,NO,133
2022,NO,OL,T,67,ACT,Landon Young,Landon,Young,1997-08-21,79.0,305,Kentucky,00-0036930,,,,,,,,,1,"https://static.www.nfl.com/image/private/f_auto,q_auto/league/cuxkna2ovbf9cabtkc5k",T,18,REG,A01,Landon,YOU358650,53635,3200594f-5535-8650-3d56-03854ce012ea,2021,2021,NO,206
2022,MIN,WR,WR,82,CUT,Travis Toivonen,Travis,Toivonen,1998-04-22,76.0,212,North Dakota,00-0036931,,,,,,,,,1,"https://static.www.nfl.com/image/private/f_auto,q_auto/league/wcfmcwey6dqrpjkulrzi",,5,REG,P01,Travis,TOI592658,54269,3200544f-4959-2658-27e4-343636dc0b08,2021,2021,,
2022,DAL,LB,OLB,11,ACT,Micah Parsons,Micah,Parsons,1999-05-26,75.0,245,Penn State,00-0036932,4361423,b4eab0bf-9e1f-43f8-912f-d33ac517bc46,,15182,81360,ParsMi00,,7640,1,"https://static.www.nfl.com/image/private/f_auto,q_auto/league/nxqcqdpzez6j7c1r0o48",EDGE,20,DIV,A01,Micah,PAR753418,53441,32005041-5275-3418-9a2d-9826287ee445,2021,2021,DAL,12
2022,ARI,LB,ILB,25,INA,Zaven Collins,Zaven,Collins,1999-05-19,76.0,260,Tulsa,00-0036933,4244606,61fda7fc-a8d7-435f-9397-5657662cd6b2,,15288,77190,CollZa00,,7637,1,"https://static.www.nfl.com/image/private/f_auto,q_auto/league/xzrw0npkxeb2idyiipb7",,18,REG,A01,Zaven,COL712276,53445,3200434f-4c71-2276-ee5d-d6185f3c66ad,2021,2021,ARI,16
2022,MIA,LB,OLB,15,ACT,Jaelan Phillips,Jaelan,Phillips,1999-05-28,77.0,266,Miami,00-0036934,4242975,2e0122de-812b-44fa-8bf9-084695be95e3,33406,15263,56902,PhilJa02,,7635,1,"https://static.www.nfl.com/image/private/f_auto,q_auto/league/lks3wtrsaxtlp5btyftt",EDGE,19,WC,A01,Jaelan,PHI254734,53447,32005048-4925-4734-953b-176f711c1e6f,2021,2021,MIA,18
2022,DAL,DB,CB,1,ACT,Kelvin Joseph,Kelvin,Joseph,1999-11-11,73.0,195,Kentucky,00-0036935,4362629,3efde273-cfbe-4485-9ef1-d40ea147f99f,,15557,83051,JoseKe02,,7658,1,"https://static.www.nfl.com/image/private/f_auto,q_auto/league/xtftz0ql9f0eohf9jnut",,20,DIV,A01,Kelvin,JOS221287,53473,32004a4f-5322-1287-71cd-7df2402d9452,2021,2021,DAL,44
2022,ARI,WR,WR,4,RES,Rondale Moore,Rondale,Moore,2000-06-09,67.0,180,Purdue,00-0036936,4372485,975555d0-fe82-4e88-90f4-d690f5000671,33437,15514,62890,MoorRo02,,7601,1,"https://static.www.nfl.com/image/private/f_auto,q_auto/league/qj5xzxtbrpp2el7iosgk",,18,REG,R01,Rondale,MOO672093,53478,32004d4f-4f67-2093-7b5b-808e901606a0,2021,2021,ARI,49
2022,NO,DB,CB,29,INA,Paulson Adebo,Saiid,Adebo,1999-07-03,73.0,193,Stanford,00-0036937,4242547,054cf859-2cf7-4621-a98e-b440e66508a5,33464,15399,52280,AdebPa00,,7669,1,"https://static.www.nfl.com/image/private/f_auto,q_auto/league/ajzwnlrqrvkkthlvb9rj",,18,REG,A01,Paulson,ADE042937,53505,32004144-4504-2937-5d43-1392b15dc292,2021,2021,NO,76
2022,TEN,LB,OLB,99,ACT,Rashad Weaver,Rashad,Weaver,1997-11-10,76.0,270,Pittsburgh,00-0036938,4036076,28558bf5-c09f-49ec-8cad-0154971728a0,,15277,42495,WeavRa00,,7709,1,"https://static.www.nfl.com/image/private/f_auto,q_auto/league/asdwuixxsxda3ghhfuvt",EDGE,18,REG,A01,Rashad,WEA680064,53564,32005745-4168-0064-d477-a4e56657a67d,2021,2021,TEN,135
2022,NO,WR,WR,82,DEV,Kawaan Baker,Kawaan,Baker,1998-08-24,73.0,215,South Alabama,00-0036939,,ed8d8820-4343-43cc-b41f-b98439923bef,,15573,61639,,,7752,1,"https://static.www.nfl.com/image/private/f_auto,q_auto/league/woh43xxpokfihjdlkwqy",,18,REG,P01,Kawaan,BAK405700,53684,32004241-4b40-5700-b4ef-99fd573adc57,2021,2021,NO,255
2022,BAL,LB,OLB,99,ACT,Odafe Oweh,Odafe,Oweh,1998-12-15,77.0,252,Penn State,00-0036940,4361422,232b1ab6-7a50-48a3-b213-681e782d6daa,33419,15305,82161,OwehJa00,,7626,1,"https://static.www.nfl.com/image/private/f_auto,q_auto/league/wgbtrwvgp9ei6eren7fa",EDGE,19,WC,A01,Odafe,OWE012098,53460,32004f57-4501-2098-d88c-b6118c47c2f5,2021,2021,BAL,31
2022,JAX,DB,SS,5,ACT,Andre Cisco,Andre,Cisco,2000-03-23,72.0,203,Syracuse,00-0036941,4361939,250da6c8-2222-4438-9800-60d7bbb449d7,,15199,76641,CiscAn00,,7698,1,"https://static.www.nfl.com/image/private/f_auto,q_auto/league/hrieggehbybtry9k1aij",SAFETY,20,DIV,A01,Andre,CIS207645,53494,32004349-5320-7645-d990-4be4e62d11a3,2021,2021,JAX,65
2022,DAL,DL,DT,97,ACT,Osa Odighizuwa,Osa,Odighizuwa,1998-08-13,74.0,280,UCLA,00-0036942,4035840,5bc24739-494e-4d0c-beae-e15231743bcf,33463,15284,42754,OdigOs00,,7695,1,"https://static.www.nfl.com/image/private/f_auto,q_auto/league/zpqeezw4kgnlusknco9w",INTERIOR_LINE,20,DIV,A01,Osa,ODI118654,53504,32004f44-4911-8654-a883-7963338320c8,2021,2021,DAL,75
2022,DEN,LS,LS,48,RES,Mitchell Fraboni,Mitchell,Fraboni,1996-10-28,74.0,223,Arizona State,00-0036943,,,,,,,,,1,"https://static.www.nfl.com/image/private/f_auto,q_auto/league/n6v7yjoscv78z00ny0gz",,18,REG,R01,Mitchell,FRA004231,53291,32004652-4100-4231-4488-c66c402fc93f,2021,2021,,
2022,CAR,DB,CB,8,RES,Jaycee Horn,Jaycee,Horn,1999-11-26,73.0,200,South Carolina,00-0036944,4362847,90b71985-5235-4d5a-b95a-405129be496f,33396,15209,83375,HornJa00,,7642,1,"https://static.www.nfl.com/image/private/f_auto,q_auto/league/nly3ypi0yz5i5cwjvcwz",,18,REG,R01,Jaycee,HOR123595,53437,3200484f-5212-3595-eabf-6f6f3cdddc40,2021,2021,CAR,8
2022,CHI,QB,QB,1,INA,Justin Fields,Justin,Fields,1999-03-05,75.0,223,Ohio State,00-0036945,4362887,cf15be8f-9117-4531-a517-2b9c7cb3e9e1,33399,15416,82118,FielJu00,,7591,1,"https://static.www.nfl.com/image/private/f_auto,q_auto/league/wllk6sizrqmxhcjavard",,18,REG,A01,Justin,FIE769504,53440,32004649-4576-9504-963d-c33127e80752,2021,2021,CHI,11
2022,CLE,QB,QB,8,INA,Kellen Mond,Kellen,Mond,1999-06-22,75.0,217,Texas A&amp;M,00-0036946,4240904,631e6ad5-0a97-4b3a-a45e-6179b0ec6c4e,33454,15470,60556,MondKe00,,7581,1,"https://static.www.nfl.com/image/private/f_auto,q_auto/league/nuqz3i6n9ir8odeeffa4",,18,REG,A01,Kellen,MON123285,53495,32004d4f-4e12-3285-1175-3fa51a447047,2021,2021,MIN,66
2022,ATL,OL,G,77,RES,Jalen Mayfield,Jalen,Mayfield,2000-05-23,77.0,320,Michigan,00-0036947,,,,,,,,,1,"https://static.www.nfl.com/image/private/f_auto,q_auto/league/zoqskb6ykqwufamxsu2e",,18,REG,R01,Jalen,MAY488697,53497,32004d41-5948-8697-50a8-55254b30dba6,2021,2021,ATL,68
2022,ATL,DL,DE,95,RES,Ta'Quon Graham,Ta'Quon,Graham,1998-12-01,76.0,285,Texas,00-0036948,4262197,f5510376-f94b-470c-94ce-88098635c4ff,,15236,56868,GrahTa00,,7840,1,"https://static.www.nfl.com/image/private/f_auto,q_auto/league/rfexjm8yluacbngdfrvp",,18,REG,R01,Ta'Quon,GRA243423,53577,32004752-4124-3423-e1fe-b9074b8c2c6c,2021,2021,ATL,148
2022,ATL,LB,OLB,92,ACT,Adetokunbo Ogundeji,Adetokunbo,Ogundeji,1998-10-09,76.0,268,Notre Dame,00-0036949,4046693,b0501e9c-4f03-4bd8-baae-1e39b3ef751e,,15484,44047,OgunAd01,,7810,1,"https://static.www.nfl.com/image/private/f_auto,q_auto/league/mkikvvel2l4lrucglgto",EDGE,18,REG,A01,Adetokunbo,OGU424705,53611,32004f47-5542-4705-373a-12b265e7d6f4,2021,2021,ATL,182
2022,ATL,RB,RB,35,ACT,Avery Williams,Avery,Williams,1998-07-15,69.0,195,Boise State,00-0036950,4048259,6b2ee61f-463f-478a-9bfa-e43c8e9b0c2e,,15294,42873,WillAv02,,7809,1,"https://static.www.nfl.com/image/private/f_auto,q_auto/league/vklxheixuozmpqk2emyw",RB,18,REG,A01,Avery,WIL145932,53612,32005749-4c14-5932-c5ba-f059c1055afd,2021,2021,ATL,183
2022,ATL,WR,WR,88,ACT,Frank Darby,Frank,Darby,1997-09-08,73.0,200,Arizona State,00-0036951,,52f8f4a4-3d70-4d43-9a3d-9f7356033f2f,,15465,40988,DarbFr00,,7530,1,"https://static.www.nfl.com/image/private/f_auto,q_auto/league/s4ihtoxjcfdnfsz4o7bs",WR,18,REG,A01,Frank,DAR139841,53616,32004441-5213-9841-7f25-6d00ea8a39ff,2021,2021,ATL,187
2022,DEN,LB,OLB,53,ACT,Jonathon Cooper,Jonathon,Cooper,1998-01-08,76.0,257,Ohio State,00-0036952,4040608,74ee9029-96c6-4a9b-bd20-1b2ba18c14b5,,15481,43021,CoopJo02,,7765,1,"https://static.www.nfl.com/image/private/f_auto,q_auto/league/bno54l2ynmcbx6vnenmc",EDGE,18,REG,A01,Jonathon,COO617139,53668,3200434f-4f61-7139-8fe8-37197ea670fa,2021,2021,DEN,239
2022,CHI,OL,T,76,RES,Teven Jenkins,Teven,Jenkins,1998-03-03,78.0,310,Oklahoma State,00-0036953,,,,,,,,,1,"https://static.www.nfl.com/image/private/f_auto,q_auto/league/gjgr5q0rglfoedhf2r8e",,18,REG,R01,Teven,JEN431338,53468,32004a45-4e43-1338-2486-cd0aff9cba87,2021,2021,CHI,39
2022,DET,DL,DE,91,RES,Levi Onwuzurike,Levi,Onwuzurike,1998-03-02,75.0,293,Washington,00-0036954,4039020,0670801f-0ef3-46b6-ad6b-62475db6b787,33429,15195,43679,OnwuLe00,,7661,1,"https://static.www.nfl.com/image/private/f_auto,q_auto/league/weahflgxu5lkdpetbin6",,18,REG,R01,Levi,ONW663851,53470,32004f4e-5766-3851-849b-723ab5947059,2021,2021,DET,41
2022,CAR,WR,WR,88,ACT,Terrace Marshall,Terrace,Marshall,2000-06-09,74.0,200,Louisiana State,00-0036955,4362630,69388223-d1e7-46c3-9106-e10edb7073e9,33447,15214,84271,MarsTe00,,7565,1,"https://static.www.nfl.com/image/private/f_auto,q_auto/league/azlfs3xbnfr3deksqvua",WR,18,REG,A01,Terrace,MAR482288,53488,32004d41-5248-2288-c0d9-2d0813ce7c88,2021,2021,CAR,59
2022,ATL,DB,CB,34,ACT,Darren Hall,Darren,Hall,2000-05-02,72.0,190,San Diego State,00-0036956,4261606,e2aa4576-83a6-4b81-ab95-49126a0cf1d4,,15474,60742,HallDa03,,7730,1,"https://static.www.nfl.com/image/private/f_auto,q_auto/league/r17jijjeucctrvsrdvlk",CB,18,REG,A01,Darren,HAL251071,53537,32004841-4c25-1071-f00b-bb48b41590b9,2021,2021,ATL,108
2022,ATL,OL,C,67,ACT,Drew Dalman,Drew,Dalman,1998-10-15,75.0,300,Stanford,00-0036957,,,,,,,,,1,"https://static.www.nfl.com/image/private/f_auto,q_auto/league/v7q4kq4atasjbi35qhxg",C,18,REG,A01,Drew,DAL530648,53543,32004441-4c53-0648-a520-9ac92792168f,2021,2021,ATL,114
2022,LAC,WR,WR,83,ACT,Michael Bandy,Michael,Bandy,1997-12-05,70.0,190,San Diego,00-0036959,,ec7af934-a7f3-40f5-9fc0-210022dd6180,,15786,,,,8076,1,"https://static.www.nfl.com/image/private/f_auto,q_auto/league/bvuio4shczwa5ae4lyam",WR,19,WC,A01,Michael,BAN237409,53244,32004241-4e23-7409-2b74-cd1f834aa884,2021,2021,,
2022,ATL,DB,SS,27,ACT,Richie Grant,Richie,Grant,1997-11-09,72.0,194,Central Florida,00-0036961,4042119,3beaed67-ca01-4603-be1f-78abfb6037b5,,15452,43196,GranRi00,,7662,1,"https://static.www.nfl.com/image/private/f_auto,q_auto/league/vheynuivdvqs3hrfovjd",SAFETY,18,REG,A01,Richie,GRA479686,53469,32004752-4147-9686-c8f8-f55c7614f68b,2021,2021,ATL,40
2022,LV,DB,FS,25,ACT,Trevon Moehrig,Trevon,Moehrig,1999-06-16,74.0,202,Texas Christian,00-0036962,4362487,c8f74b89-065c-4857-be4e-4fcf897a5bc0,33431,15340,77847,MoehTr00,,7659,1,"https://static.www.nfl.com/image/private/f_auto,q_auto/league/fibh0u1czerezl2opoiz",SAFETY,18,REG,A01,Trevon,MOE643641,53472,32004d4f-4564-3641-45c8-b595868c0420,2021,2021,LV,43
2022,DET,WR,WR,14,ACT,Amon-Ra St. Brown,Amon-Ra,St. Brown,1999-10-24,72.0,195,Southern California,00-0036963,4374302,26ef0447-29b8-4dd1-9831-dcbf8132bb74,33500,15332,84470,StxxAm00,,7547,1,"https://static.www.nfl.com/image/private/f_auto,q_auto/league/tlas9vqczunxkpb2jlz1",WR,18,REG,A01,Amon-Ra,STB415291,53541,32005354-4241-5291-a564-57e98d35161d,2021,2021,DET,112
2022,DET,LB,ILB,55,ACT,Derrick Barnes,Derrick,Barnes,1999-05-29,72.0,245,Purdue,00-0036964,4260409,16c53e66-de15-43da-931c-bf3a3e056505,,15489,58120,BarnDe02,,7726,1,"https://static.www.nfl.com/image/private/f_auto,q_auto/league/ewpvriiydexsdxz69wyo",MLB,18,REG,A01,Derrick,BAR270415,53542,32004241-5227-0415-c343-163ac0ff5d48,2021,2021,DET,113
2022,LAC,LB,ILB,53,RES,Damon Lloyd,Damon,Lloyd,1998-05-08,72.0,228,"Indiana, Pa.",00-0036965,,,,,,,,,1,"https://static.www.nfl.com/image/private/f_auto,q_auto/league/jsnc35c5wzzbr2sloeyj",,19,WC,R01,Damon,LLO160116,54148,32004c4c-4f16-0116-62a4-7f6e7f7a9fe7,2021,2021,,
2022,CLE,OL,T,79,DEV,Tyrone Wheatley,Tyrone,Wheatley,1997-02-04,78.0,265,Morgan State,00-0036966,,,,,,,,,1,"https://static.www.nfl.com/image/private/f_auto,q_auto/league/uoluf00kacxkp0myxxe7",,18,REG,P01,Tyrone,WHE088340,54279,32005748-4508-8340-4ae9-e361efe8ad13,2021,2021,,
2022,TB,LB,OLB,9,ACT,Joe Tryon,Joseph,Tryon,1999-04-30,77.0,262,Washington,00-0036967,4243333,933edc6a-9617-4957-8f64-62a11bc43e6c,,15585,58272,TryoJo00,,7625,1,"https://static.www.nfl.com/image/private/f_auto,q_auto/league/phtvj1ak3aw7zuddvdnc",EDGE,19,WC,A01,Joe,TRY409291,53461,32005452-5940-9291-23cc-7e463c7acd2e,2021,2021,TB,32
2022,CAR,OL,T,70,ACT,Brady Christensen,Brady,Christensen,1996-09-27,78.0,297,Brigham Young,00-0036968,,,,,,,,,1,"https://static.www.nfl.com/image/private/f_auto,q_auto/league/jbenaaks6gbxv1ldmsue",G,18,REG,A01,Brady,CHR065609,53499,32004348-5206-5609-6e2c-c835b62c353f,2021,2021,CAR,70
2022,ATL,TE,TE,8,RES,Kyle Pitts,Kyle,Pitts,2000-10-06,78.0,250,Florida,00-0036970,4360248,1f3deb24-9ff8-4769-8f42-825eff7742f6,33392,15265,83964,PittKy00,,7553,1,"https://static.www.nfl.com/image/private/f_auto,q_auto/league/a7cd9grdzdnocrreecja",,18,REG,R01,Kyle,PIT516805,53433,32005049-5451-6805-5aec-d4afcbd52e25,2021,2021,ATL,4
2022,JAX,QB,QB,16,ACT,Trevor Lawrence,Trevor,Lawrence,1999-10-06,78.0,220,Clemson,00-0036971,4360310,aaa8b42c-4d87-45f6-bfd2-e31cfed9a736,33389,15357,77632,LawrTr00,,7523,1,"https://static.www.nfl.com/image/private/f_auto,q_auto/league/nel2x2crpaasltsb6vwj",QB,20,DIV,A01,Trevor,LAW514099,53430,32004c41-5751-4099-56fc-f565c8d26c06,2021,2021,JAX,1
2022,NE,QB,QB,10,ACT,Mac Jones,Michael,Jones,1998-09-05,75.0,214,Alabama,00-0036972,4241464,1fd00ec3-b758-46d2-a2c1-cca521ea8a54,33403,15402,60323,JoneMa05,,7527,1,"https://static.www.nfl.com/image/private/f_auto,q_auto/league/hhexcwf5oe7onhlemzq9",QB,18,REG,A01,Mac,JON586540,53444,32004a4f-4e58-6540-bb7f-c07b995d57a4,2021,2021,NE,15
2022,JAX,RB,RB,1,ACT,Travis Etienne,Travis,Etienne,1999-01-26,70.0,200,Clemson,00-0036973,4239996,970693f0-0af4-4627-ac0c-bf519f7433ee,33413,15385,57185,EtieTr00,,7543,1,"https://static.www.nfl.com/image/private/f_auto,q_auto/league/d8xhoicgjybtyvttcxhu",RB,20,DIV,A01,Travis,ETI426541,53454,32004554-4942-6541-8c54-a69299f0a040,2021,2021,JAX,25
2022,JAX,DB,CB,32,ACT,Tyson Campbell,Tyson,Campbell,2000-03-17,73.0,185,Georgia,00-0036974,4379397,a887ad59-0e4b-4a9a-a7e4-cfd9f42fe7fb,33421,15359,83217,CampTy01,,7667,1,"https://static.www.nfl.com/image/private/f_auto,q_auto/league/x7n9putdqwoaxb0c75pz",CB,20,DIV,A01,Tyson,CAM668992,53462,32004341-4d66-8992-591f-77156a42c890,2021,2021,JAX,33
2022,JAX,OL,T,72,ACT,Walker Little,Walker,Little,1999-04-01,79.0,325,Stanford,00-0036975,,,,,,,,,1,"https://static.www.nfl.com/image/private/f_auto,q_auto/league/ieqczq1mp7sjf3vroxtd",T,20,DIV,A01,Walker,LIT741587,53474,32004c49-5474-1587-dfff-71780dbf1ffe,2021,2021,JAX,45
2022,BUF,OL,T,79,ACT,Spencer Brown,Spencer,Brown,1998-02-28,80.0,321,Northern Iowa,00-0036976,,,,,,,,,1,"https://static.www.nfl.com/image/private/f_auto,q_auto/league/r9usf2csdhfxiygqlztp",T,20,DIV,A01,Spencer,BRO690310,53522,32004252-4f69-0310-bf53-14b54a182555,2021,2021,BUF,93
2022,BAL,OL,G,66,ACT,Ben Cleveland,Ben,Cleveland,1998-08-25,78.0,344,Georgia,00-0036977,,,,,,,,,1,"https://static.www.nfl.com/image/private/f_auto,q_auto/league/j6b8ya4ebzf2vu9ejxop",G,19,WC,A01,Ben,CLE668992,53523,3200434c-4566-8992-a761-c9e0d86e0668,2021,2021,BAL,94
2022,NE,DL,DE,51,RES,Ronnie Perkins,Ronnie,Perkins,1999-09-29,75.0,247,Oklahoma,00-0036978,4360274,416e8e41-9e8f-4bc9-9d26-babb37bec884,,15587,76830,PerkRo00,,7688,1,"https://static.www.nfl.com/image/private/f_auto,q_auto/league/erguhvfqisdj3irf1iiz",,18,REG,R01,Ronnie,PER238147,53525,32005045-5223-8147-5638-2104880c86b1,2021,2021,NE,96
2022,NYJ,OL,G,75,RES,Alijah Vera-Tucker,Alijah,Vera-Tucker,1999-06-17,77.0,310,Southern California,00-0036979,,,,,,,,,1,"https://static.www.nfl.com/image/private/f_auto,q_auto/league/suum5g1ogvpdnftm5kcd",,18,REG,R01,Alijah,VER027685,53443,32005645-5202-7685-ef25-bd9d5bb57329,2021,2021,NYJ,14
2022,NYJ,WR,WR,8,ACT,Elijah Moore,Elijah,Moore,2000-03-27,70.0,184,Mississippi,00-0036980,4372414,b1935e20-6bd6-4863-8d7e-702ec403491f,33422,15280,84302,MoorEl00,,7596,1,"https://static.www.nfl.com/image/private/f_auto,q_auto/league/i9dejsp00evr6l5gyijh",SLOT_WR,18,REG,A01,Elijah,MOO279723,53463,32004d4f-4f27-9723-3c75-0e082bc200c9,2021,2021,NYJ,34
2022,NE,DL,DT,90,ACT,Christian Barmore,Christian,Barmore,1999-07-28,77.0,310,Alabama,00-0036981,4372030,39017237-0575-4984-b784-954a79c2bba2,33426,15395,82198,BarmCh00,,7664,1,"https://static.www.nfl.com/image/private/f_auto,q_auto/league/fyt2b1wakucseewkjqpl",INTERIOR_LINE,18,REG,A01,Christian,BAR221986,53467,32004241-5222-1986-2e4d-591c93c5c3cf,2021,2021,NE,38
2022,DAL,DL,DE,99,ACT,Chauncey Golston,Chauncey,Golston,1998-02-10,77.0,270,Iowa,00-0036982,4036132,b7f8bf4e-a1e5-443e-8deb-3916c817a1a8,,15321,42718,GolsCh00,,7693,1,"https://static.www.nfl.com/image/private/f_auto,q_auto/league/kabi7w1ivl2x2jqte3my",INTERIOR_LINE,20,DIV,A01,Chauncey,GOL699429,53513,3200474f-4c69-9429-32f5-7aaacc30c4d1,2021,2021,DAL,84
2022,PIT,OL,C,53,INA,Kendrick Green,Kendrick,Green,1998-12-22,76.0,310,Illinois,00-0036983,,,,,,,,,1,"https://static.www.nfl.com/image/private/f_auto,q_auto/league/oyeslxeuvbp8ch1vmjjw",,18,REG,A01,Kendrick,GRE298269,53516,32004752-4529-8269-4ea7-3aa53f8dbd0d,2021,2021,PIT,87
2022,PHI,RB,RB,34,INA,Trey Sermon,Trey,Sermon,1999-01-30,72.0,215,Ohio State,00-0036984,4241401,b7146193-fcd1-4b02-a6da-625fe467f60e,33476,15413,57372,SermTr00,,7593,1,"https://static.www.nfl.com/image/private/f_auto,q_auto/league/v2igdor3vf1ijb0qyyp1",,22,SB,A01,Trey,SER440716,53517,32005345-5244-0716-5cc1-b1699fcf5156,2021,2021,SF,88
2022,TB,OL,C,70,ACT,Robert Hainsey,Robert,Hainsey,1998-08-12,76.0,295,Notre Dame,00-0036985,,,,,,,,,1,"https://static.www.nfl.com/image/private/f_auto,q_auto/league/tddx8cf1udqqjw0ly8nd",,19,WC,A01,Robert,HAI619935,53524,32004841-4961-9935-6113-d4e0f935c505,2021,2021,TB,95
2022,DAL,DB,CB,25,INA,Nahshon Wright,Nahshon,Wright,1998-09-23,76.0,188,Oregon State,00-0036986,4570470,884b6094-1ebd-4b72-b957-ad33a3ab984f,,15549,100412,WrigNa00,,7687,1,"https://static.www.nfl.com/image/private/f_auto,q_auto/league/velfzh1jcqtzdf83qplf",,20,DIV,A01,Nahshon,WRI575740,53528,32005752-4957-5740-9eb8-6dfd95c71177,2021,2021,DAL,99
2022,BAL,DB,FS,21,INA,Brandon Stephens,Brandon,Stephens,1997-12-29,73.0,206,Southern Methodist,00-0036987,4035824,c30da9e4-f0d5-472f-9c20-45f2bc7eaa54,33492,15644,45644,,,7685,1,"https://static.www.nfl.com/image/private/f_auto,q_auto/league/mcrjlvjigzmy9gtuudu5",,19,WC,A01,Brandon,STE356284,53533,32005354-4535-6284-a974-7b8553e53cd0,2021,2021,BAL,104
2022,LAC,WR,WR,5,ACT,Josh Palmer,Josh,Palmer,1999-09-22,73.0,210,Tennessee,00-0036988,4242433,857fcc59-10e8-4194-bd7d-41bc5f72a47f,,15447,62979,PalmJo00,,7670,1,"https://static.www.nfl.com/image/private/f_auto,q_auto/league/jwagrm3bpslarha2w5db",WR,19,WC,A01,Josh,PAL451625,53506,32005041-4c45-1625-eb93-c2c9b11c4006,2021,2021,LAC,77
2022,LV,DL,DE,51,ACT,Malcolm Koonce,Malcolm,Koonce,1998-06-06,74.0,250,Buffalo,00-0036989,4239719,83436be9-f646-4cb6-94e0-99a939298e3f,,15303,55015,KoonMa00,,7676,1,"https://static.www.nfl.com/image/private/f_auto,q_auto/league/yf23g2h4elpzsreaaqtp",EDGE,18,REG,A01,Malcolm,KOO195832,53508,32004b4f-4f19-5832-4741-b46b13efc6b2,2021,2021,LV,79
2022,LV,LB,OLB,5,RES,Divine Deablo,Divine,Deablo,1998-08-17,75.0,223,Virginia Tech,00-0036990,4037626,f50ae8f1-aebd-4e3d-bbf9-f92921044e72,,15472,42208,DeabDi00,,7677,1,"https://static.www.nfl.com/image/private/f_auto,q_auto/league/brudbhvcbut10yngun5k",,18,REG,R01,Divine,DEA016067,53509,32004445-4101-6067-e931-261a8c6e804e,2021,2021,LV,80
2022,HOU,WR,WR,19,ACT,Amari Rodgers,Amari,Rodgers,1999-09-23,69.0,215,Clemson,00-0036991,4239992,e47ca6ed-c988-4cad-b4a4-181c67463748,33473,15441,61212,RodgAm00,,7540,1,"https://static.www.nfl.com/image/private/f_auto,q_auto/league/g85ohsk2pgbf7xz2f1a8",SLOT_WR,18,REG,A01,Amari,ROD342823,53514,3200524f-4434-2823-8e97-2d93985ad418,2021,2021,GB,85
2022,TEN,DB,CB,24,RES,Elijah Molden,Elijah,Molden,1999-01-30,70.0,190,Washington,00-0036992,4243328,0224c851-7e91-4e93-9bf8-89a8d72c55ef,,15530,56290,MoldEl00,,7682,1,"https://static.www.nfl.com/image/private/f_auto,q_auto/league/h3guckrndsxeyhbfckm3",,18,REG,R01,Elijah,MOL133930,53529,32004d4f-4c13-3930-d65b-e9f65d0cbd65,2021,2021,TEN,100
2022,DET,DB,CB,26,ACT,Ifeatu Melifonwu,Ifeatu,Melifonwu,1999-05-02,75.0,213,Syracuse,00-0036993,4240401,8c348caf-34d8-44a8-a781-fee8064ae258,,15261,56203,MeliIf00,,7680,1,"https://static.www.nfl.com/image/private/f_auto,q_auto/league/fuukxefqtbbwr5thbyup",,18,REG,A01,Ifeatu,MEL074151,53530,32004d45-4c07-4151-7404-66cf8eab0e1f,2021,2021,DET,101
2022,LA,LB,ILB,53,ACT,Ernest Jones,Ernest,Jones,1999-11-22,74.0,230,South Carolina,00-0036994,4362851,42c12021-abf6-40fa-b989-7ea52d0e7070,,15228,81399,JoneEr01,,7672,1,"https://static.www.nfl.com/image/private/f_auto,q_auto/league/fd8ahai61qpreujbbhri",MLB,18,REG,A01,Ernest,JON293997,53532,32004a4f-4e29-3997-86e4-8e62c948066a,2021,2021,LA,103
2022,DEN,LB,ILB,56,ACT,Baron Browning,Baron,Browning,1999-02-19,75.0,240,Ohio State,00-0036995,4241987,faf72326-5e36-4bdd-9843-5d2a6b4ee6b4,,15422,58095,BrowBa01,,7681,1,"https://static.www.nfl.com/image/private/f_auto,q_auto/league/of8ipwc1hja5bt2tz6rm",EDGE,18,REG,A01,Baron,BRO806290,53534,32004252-4f80-6290-9866-45f3dae63918,2021,2021,DEN,105
2022,CLE,DB,CB,20,ACT,Greg Newsome,Greg,Newsome,2000-05-18,72.0,188,Northwestern,00-0036996,4361266,2303e1eb-fa31-4cfe-b93d-7c2e1b683baa,33414,15275,83341,NewsGr00,,7630,1,"https://static.www.nfl.com/image/private/f_auto,q_auto/league/vnzji51ny0rycaa1aqii",CB,18,REG,A01,Greg,NEW673012,53455,32004e45-5767-3012-fb28-d7fdd1b7e482,2021,2021,CLE,26
2022,DEN,RB,RB,33,RES,Javonte Williams,Javonte,Williams,2000-04-25,70.0,220,North Carolina,00-0036997,4361579,889dcdc5-3d88-45df-9677-5ad7ff87c011,33423,15306,77803,WillJa10,,7588,1,"https://static.www.nfl.com/image/private/f_auto,q_auto/league/lxqhhqj4n9dh6s5z2zlx",,18,REG,R01,Javonte,WIL351486,53464,32005749-4c35-1486-bb3e-8b9e35992111,2021,2021,DEN,35
2022,MIA,DB,FS,8,ACT,Jevon Holland,Jevon,Holland,2000-03-03,73.0,196,Oregon,00-0036998,4373809,30915dd4-f19f-48cd-8425-f2cf29246b66,33424,15196,83873,HollJe02,,7666,1,"https://static.www.nfl.com/image/private/f_auto,q_auto/league/bmlayrtvfalpw2catmdb",SAFETY,19,WC,A01,Jevon,HOL131928,53465,3200484f-4c13-1928-b996-94eefba2d73c,2021,2021,MIA,36
2022,CLE,WR,WR,10,RES,Anthony Schwartz,Anthony,Schwartz,2000-09-05,72.0,179,Auburn,00-0036999,4371986,98374ffa-8c40-49ce-bc85-745ad7d74f91,33479,15334,84135,SchwAn00,,7533,1,"https://static.www.nfl.com/image/private/f_auto,q_auto/league/d3fevlbhovuxq07tivu9",,18,REG,R01,Anthony,SCH747837,53520,32005343-4874-7837-9a73-10f9bfd9d62c,2021,2021,CLE,91
2022,TEN,LB,ILB,56,ACT,Monty Rice,Monty,Rice,1999-01-08,72.0,233,Georgia,00-0037000,4240692,587fc996-b54f-48ce-8261-adb50b872ec7,,15253,57839,RiceMo00,,7683,1,"https://static.www.nfl.com/image/private/f_auto,q_auto/league/p7dvupsnteqyagy1bds7",MLB,18,REG,A01,Monty,RIC150359,53521,32005249-4315-0359-a09a-e3c931acc534,2021,2021,TEN,92
2022,DEN,OL,G,77,ACT,Quinn Meinerz,Quinn,Meinerz,1998-11-15,75.0,320,Wisconsin-Whitewater,00-0037001,,,,,,,,,1,"https://static.www.nfl.com/image/private/f_auto,q_auto/league/dqvcedbs2gxsetxnyjk9",G,18,REG,A01,Quinn,MEI296635,53527,32004d45-4929-6635-31d1-e2d93d19a986,2021,2021,DEN,98
2022,PHI,OL,G,69,ACT,Landon Dickerson,Landon,Dickerson,1998-09-30,78.0,325,Alabama,00-0037002,,,,,,,,,1,"https://static.www.nfl.com/image/private/f_auto,q_auto/league/eqtdj02aogzsf5gzweva",G,22,SB,A01,Landon,DIC281359,53466,32004449-4328-1359-550c-3144f603cda4,2021,2021,PHI,37
2022,NYJ,LB,OLB,55,DEV,Chazz Surratt,Chazz,Surratt,1997-02-16,74.0,228,North Carolina,00-0037003,4037521,0c9102ea-9fe8-4900-9d33-8eab299cf9ce,,15276,40313,SurrCh00,,7673,1,"https://static.www.nfl.com/image/private/f_auto,q_auto/league/cy5eecoidlt16zxhfng3",,18,REG,P06,Chazz,SUR448995,53507,32005355-5244-8995-3b9b-f6b486d5e327,2021,2021,MIN,78
2022,MIA,TE,TE,84,ACT,Hunter Long,Hunter,Long,1998-08-19,77.0,253,Boston College,00-0037004,4239944,ebc576d0-a98b-4f82-aaf9-901a3911487d,33469,15246,60859,LongHu00,,7535,1,"https://static.www.nfl.com/image/private/f_auto,q_auto/league/dev6jytrhnypyajqtgk6",TE,19,WC,A01,Hunter,LON317078,53510,32004c4f-4e31-7078-2c2a-6aecda5dccae,2021,2021,MIA,81
2022,CAR,TE,TE,82,ACT,Tommy Tremble,Tommy,Tremble,2000-06-02,76.0,248,Notre Dame,00-0037005,4372780,cbee2fd3-e5f2-4316-bffd-531f1873f032,33471,15371,84025,TremTo00,,7694,1,"https://static.www.nfl.com/image/private/f_auto,q_auto/league/vpqlvxfayuc7fprrywd1",TE,18,REG,A01,Tommy,TRE718453,53512,32005452-4571-8453-70e3-0b6033f56aec,2021,2021,CAR,83
2022,NYG,OL,G,67,INA,Wyatt Davis,Wyatt,Davis,1999-02-17,76.0,310,Ohio State,00-0037006,,,,,,,,,1,"https://static.www.nfl.com/image/private/f_auto,q_auto/league/cjvnelkwfh1ziztzmrpf",,20,DIV,A01,Wyatt,DAV814602,53515,32004441-5681-4602-9757-9e8cd641cf0d,2021,2021,MIN,86
2022,MIN,LB,OLB,91,ACT,Patrick Jones,Patrick,Jones,1998-09-29,76.0,260,Pittsburgh,00-0037007,4036063,74013f08-f920-4de7-9740-cc461d84beec,33478,15232,43974,JonePa00,,7674,1,"https://static.www.nfl.com/image/private/f_auto,q_auto/league/jjgphyrwzgjjbw3ta9a0",EDGE,19,WC,A01,Patrick,JON826250,53519,32004a4f-4e82-6250-ea6a-1df1567c082f,2021,2021,MIN,90
2022,SF,DB,CB,20,INA,Ambry Thomas,Ambry,Thomas,1999-09-09,72.0,182,Michigan,00-0037008,4258209,7da672ef-7d6f-4162-b3ee-7faa37b0ed95,,15176,56058,ThomAm00,,7686,1,"https://static.www.nfl.com/image/private/f_auto,q_auto/league/uiob88u1pdetrbflhlmx",,21,CON,A01,Ambry,THO021217,53531,32005448-4f02-1217-3985-ccf716f6a559,2021,2021,SF,102
2022,LAC,OL,T,70,RES,Rashawn Slater,Rashawn,Slater,1999-03-26,76.0,305,Northwestern,00-0037009,,,,,,,,,1,"https://static.www.nfl.com/image/private/f_auto,q_auto/league/xjbe632caj7mdynyfnin",,19,WC,R48,Rashawn,SLA441272,53442,3200534c-4144-1272-10c5-fd1a6fe0f889,2021,2021,LAC,13
2022,MIA,OL,T,74,INA,Liam Eichenberg,Liam,Eichenberg,1998-01-19,78.0,308,Notre Dame,00-0037010,,,,,,,,,1,"https://static.www.nfl.com/image/private/f_auto,q_auto/league/dcjixkmhz9uafbxtqrrb",,19,WC,A01,Liam,EIC207645,53471,32004549-4320-7645-4976-bd415010c029,2021,2021,MIA,42
2022,LAC,TE,TE,88,ACT,Tre' McKitty,Tre',McKitty,1999-01-12,76.0,245,Georgia,00-0037011,4240023,2ac90a86-c585-4c12-894d-a805a0c94cc3,33485,15252,60896,McKiTr00,,7554,1,"https://static.www.nfl.com/image/private/f_auto,q_auto/league/xtswy0ttye0zttnzxgbr",TE,19,WC,A01,Tre',MCK695163,53526,32004d43-4b69-5163-39c5-fe0c0b2d93d8,2021,2021,LAC,97
2022,SF,QB,QB,5,RES,Trey Lance,Trey,Lance,2000-05-09,76.0,226,North Dakota State,00-0037012,4383351,676a508c-c65f-404a-a2b0-f861a4bfd072,33391,15198,91399,LancTr00,,7610,1,"https://static.www.nfl.com/image/private/f_auto,q_auto/league/q4iahwof4dq9xf3vqdcb",,21,CON,R01,Trey,LAN016787,53432,32004c41-4e01-6787-f7d5-ee3cea053121,2021,2021,SF,3
2022,NYJ,QB,QB,2,ACT,Zach Wilson,Zachary,Wilson,1999-08-03,74.0,208,Brigham Young,00-0037013,4361259,17bb63b1-1b0e-48e1-baf7-55cd314d0e62,33390,15330,82096,WilsZa00,,7538,1,"https://static.www.nfl.com/image/private/f_auto,q_auto/league/gr2wm3rg1bcgtpj58i7l",,18,REG,A01,Zach,WIL827119,53431,32005749-4c82-7119-d27e-724ec33f130b,2021,2021,NYJ,2
2022,GB,TE,TE,80,CUT,Sal Cannella,Sal,Cannella,,77.0,228,Auburn,00-0037015,,,,,,,,,1,,,1,REG,W03,Sal,CAN562944,53219,32004341-4e56-2944-5759-3a354ee1e5c2,2021,2021,,
2022,SF,OL,T,77,DEV,Alfredo Gutierrez,Alfredo,Gutierrez,1995-12-29,81.0,335,No College,00-0037018,,,,,,,,,1,"https://static.www.nfl.com/image/private/f_auto,q_auto/league/rg4enberqugy9dhs87tb",,21,CON,P03,Alfredo,GUT305181,53877,32004755-5430-5181-d657-84b212a3fad1,2021,2021,,
2022,SEA,LB,OLB,43,DEV,Aaron Donkor,Aaron,Donkor,1995-03-21,73.0,234,Arkansas State,00-0037019,,,,,,,,,1,"https://static.www.nfl.com/image/private/f_auto,q_auto/league/jntbnthuhadyvaitoass",,19,WC,P03,Aaron,DON390270,54007,3200444f-4e39-0270-3356-910ba3ab47a2,2021,2021,,
2022,ARI,TE,TE,80,DEV,Bernhard Seikovits,Bernhard,Seikovits,1997-07-24,77.0,262,No College,00-0037020,,,,,,,,,1,,,18,REG,P03,Bernhard,SEI577844,54022,32005345-4957-7844-37c0-7f661b87396e,2021,2021,,
2022,IND,TE,TE,49,CUT,Michael Jacobson,Michael,Jacobson,,81.0,240,Iowa State,00-0037022,,,,,,,,,1,"https://static.www.nfl.com/image/private/f_auto,q_auto/league/cefnjsnl2jiz3dpdaycn",,1,REG,W03,Michael,JAC788659,54327,32004a41-4378-8659-1e4e-854b21c96a49,2021,2021,,
2022,SEA,LB,LB,46,CUT,Lakiem Williams,Lakiem,Williams,,72.0,225,Syracuse,00-0037025,,,,,,,,,1,,,1,REG,W03,Lakiem,WIL415486,54283,32005749-4c41-5486-cedf-9af73c7653fc,2021,2021,,
2022,SEA,DL,DE,48,CUT,Alex Tchangam,Alex,Tchangam,,75.0,245,Colorado,00-0037027,,,,,,,,,1,,,1,REG,A01,Alex,TCH415291,53255,32005443-4841-5291-45aa-1f72faeb4801,2021,2021,,
2022,MIA,WR,WR,83,CUT,Devonte Dedmon,Devonte,Dedmon,,70.0,195,William &amp; Mary,00-0037029,,,,,,,,,0,,,1,REG,A01,Devonte,DED377545,49089,32004445-4437-7545-de11-ec41c7c3d600,2022,2022,,
2022,NO,OL,G,61,DEV,Drew Desjarlais,Drew,Desjarlais,1997-04-24,74.0,313,"Windsor, Can.",00-0037030,,,,,,,,,0,"https://static.www.nfl.com/image/private/f_auto,q_auto/league/bkm6l0ygv5wgxsmwop75",,18,REG,P01,Drew,DES401447,49279,32004445-5340-1447-158d-cfb7b35d9f2a,2022,2022,,
2022,IND,TE,TE,48,ACT,Nikola Kalinic,Nikola,Kalinic,1997-01-21,76.0,245,"York, Can.",00-0037031,,6aed0540-7ec8-11ec-8905-19cf1c3e187f,,15869,,,,8107,0,"https://static.www.nfl.com/image/private/f_auto,q_auto/league/caqwj7resnqfcqvwqc3o",TE,18,REG,A01,Nikola,KAL340075,49287,32004b41-4c34-0075-e38c-bdc711042337,2022,2022,,
2022,ATL,TE,TE,81,CUT,Brayden Lenius,Brayden,Lenius,,,,New Mexico,00-0037032,,,,,,,,,3,,,1,REG,A01,Brayden,,49941,,2019,2022,,
2022,KC,DB,CB,34,CUT,Brandin Dandridge,Brandin,Dandridge,,70.0,180,Missouri Western,00-0037033,,,,,,,,,0,,,1,REG,A01,Brandin,DAN057102,49944,32004441-4e05-7102-b39c-f1d87518097b,2022,2022,,
2022,ATL,DB,CB,37,ACT,Dee Alford,DeAundre,Alford,1997-11-05,71.0,170,Tusculum,00-0037034,,,,,,,,,2,"https://static.www.nfl.com/image/private/f_auto,q_auto/league/lwqyphqmut1tftefhbsg",SLOT_CB,18,REG,A01,Dee,FOR111115,52272,3200464f-5211-1115-b3a3-c74caf0d3064,2020,2022,,
2022,IND,OL,T,71,DEV,Jordan Murray,Jordan,Murray,1997-05-17,81.0,323,North Texas,00-0037035,,,,,,,,,2,"https://static.www.nfl.com/image/private/f_auto,q_auto/league/hek2hgb6czsqhuowk82m",,18,REG,P01,Jordan,MUR658385,53287,32004d55-5265-8385-41ca-454614428569,2020,2022,,
2022,KC,TE,TE,80,CUT,Mark Vital,Mark,Vital,,77.0,250,Baylor,00-0037036,,,,,,,,,1,,,1,REG,A01,Mark,VIT313230,54098,,2021,2022,,
2022,PHI,WR,WR,82,DEV,Devon Allen,Devon,Allen,1994-12-12,73.0,185,Oregon,00-0037039,,e6f45e70-b764-11ec-a4d3-55a371b2b89a,,16178,,,,8411,4,"https://static.www.nfl.com/image/private/f_auto,q_auto/league/lmm8fzyw0c5smahhzy1t",,22,SB,P01,Devon,ALL108991,54445,3200414c-4c10-8991-2955-b5b6288c9afe,2018,2022,,
2022,NYG,OL,T,61,CUT,Roy Mbaeteka,Roy,Mbaeteka,2000-02-13,79.0,309,No College,00-0037040,,,,,,,,,1,"https://static.www.nfl.com/image/private/f_auto,q_auto/league/kucytvyqgovs9nef3mkr",,15,REG,P01,Roy,MBA415291,54446,32004d42-4141-5291-7c79-10b4c4b4163c,2021,2022,,
2022,ARI,OL,T,69,CUT,Haggai Chisom Ndubuisi,Haggai Chisom,Ndubuisi,,78.0,298,No College,00-0037041,,,,,,,,,1,,,1,REG,A01,Haggai Chisom,NDU172357,54452,32004e44-5517-2357-7dae-2e3982bae7a6,2021,2022,,
2022,NO,WR,WR,84,CUT,Dai'Jean Dixon,Dai'Jean,Dixon,1998-10-16,76.0,199,Nicholls State,00-0037042,,,,,,,,,0,,,2,REG,P01,Dai'Jean,DIX117466,54728,32004449-5811-7466-e32b-6122fe050ef2,2022,2022,,
2022,CAR,DL,DE,90,ACT,Amare Barno,Amare,Barno,1999-04-26,78.0,245,Virginia Tech,00-0037043,,,,,,,,,0,"https://static.www.nfl.com/image/private/f_auto,q_auto/league/xbvgepqg2bcyav3lopqi",EDGE,18,REG,A01,Amare,BAR528318,54654,32004241-5252-8318-d916-3dca75b4afab,2022,2022,CAR,189
2022,CLE,TE,TE,87,CUT,Marcus Santos-Silva,Marcus,Santos-Silva,,79.0,250,Texas Tech,00-0037044,,,,,,,,,1,,,1,REG,A01,Marcus,SAN805410,54729,32005341-4e80-5410-bbc1-20cbe29ad190,2021,2022,,
2022,PIT,OL,T,67,CUT,Jake Dixon,Jake,Dixon,,78.0,290,Duquesne,00-0037045,,,,,,,,,0,,,1,REG,A01,Jake,DIX351400,54732,32004449-5835-1400-60ce-22eb1012eb51,2022,2022,,
2022,WAS,DL,NT,91,CUT,Donovan Jeter,Donovan,Jeter,1998-12-07,75.0,325,Michigan,00-0037046,,,,,,,,,0,,,7,REG,P01,Donovan,JET181277,54733,32004a45-5418-1277-7e48-1c40272124ec,2022,2022,,
2022,PIT,LB,LB,46,INA,T.D. Moultry,T.D.,Moultry,,74.0,253,Auburn,00-0037047,,,,,,,,,0,,,1,REG,A01,T.D.,MOU392854,54734,,2022,2022,,
2022,PIT,OL,C,79,CUT,Chris Owens,Chris,Owens,,76.0,320,Alabama,00-0037048,,,,,,,,,0,,,1,REG,A01,Chris,OWE271034,54735,32004f57-4527-1034-eb3c-9cb5ebb9aaab,2022,2022,,
2022,SEA,DB,DB,36,DEV,Chris Steele,Chris,Steele,2000-09-27,73.0,190,Southern California,00-0037049,,,,,,,,,0,,,19,WC,P01,Chris,STE033033,54736,32005354-4503-3033-aa08-1fb3ba205d4b,2022,2022,,
2022,DEN,DL,DT,95,ACT,Elijah Garcia,Elijah,Garcia,1998-03-11,77.0,302,Rice,00-0037051,,,,,,,,,0,"https://static.www.nfl.com/image/private/f_auto,q_auto/league/i17gtgvmbknnjb41exop",INTERIOR_LINE,18,REG,A01,Elijah,GAR070519,54744,32004741-5207-0519-5208-9791c3b6f091,2022,2022,,
2022,LA,DB,DB,20,ACT,T.J. Carter,Terrell,Carter,1999-04-03,71.0,193,Texas Christian,00-0037052,,,,,,,,,0,,SAFETY,18,REG,A01,T.J.,CAR748215,54745,32004341-5274-8215-dd0b-9e740f009515,2022,2022,,
2022,LA,DB,DB,41,CUT,Daniel Isom,Daniel,Isom,1997-12-28,72.0,194,Washington State,00-0037054,,,,,,,,,0,,,3,REG,P02,Daniel,ISO132055,54747,32004953-4f13-2055-b326-9d633b161327,2022,2022,,
2022,LA,WR,WR,82,ACT,Lance McCutcheon,Lance,McCutcheon,1999-02-28,75.0,200,Montana State,00-0037055,,fb2a4c20-d207-11ec-ab20-b37737d70cc4,,16406,,,,8745,0,"https://static.www.nfl.com/image/private/f_auto,q_auto/league/hgdrapcqsatwtkto28ur",WR,18,REG,A01,Lance,MCC821675,54748,32004d43-4382-1675-6916-02eb4ccaee11,2022,2022,,
2022,LA,LB,OLB,96,ACT,Keir Thomas,Keir,Thomas,1998-01-25,74.0,275,Florida State,00-0037057,,60ffacb0-d209-11ec-ab20-b37737d70cc4,,16416,,,,8739,0,"https://static.www.nfl.com/image/private/f_auto,q_auto/league/tslwopchvnmonm3bmy66",EDGE,18,REG,A01,Keir,THO266349,54750,32005448-4f26-6349-aec0-af203ab75a36,2022,2022,,
2022,LA,DB,DB,35,CUT,Caesar Williams,Caesar,Williams,,72.0,188,Wisconsin,00-0037058,,,,,,,,,0,,,1,REG,A01,Caesar,DAN046720,54751,32004441-4e04-6720-6117-b71bdaad3a06,2022,2022,,
2022,LA,TE,TE,81,CUT,Jamal Pettigrew,Jamal,Pettigrew,,,,McNeese State,00-0037059,,,,,,,,,0,,,1,REG,A01,Jamal,PET720255,54752,32005045-5472-0255-5bc4-43955d0177ae,2022,2022,,
2022,PIT,DL,DE,44,INA,Tyree Johnson,Tyree,Johnson,,76.0,250,Texas A&amp;M,00-0037060,,,,,,,,,0,,,1,REG,A01,Tyree,,54753,,2022,2022,,
2022,JAX,LB,OLB,47,INA,De'Shaan Dixon,De'Shaan,Dixon,1998-12-16,77.0,250,Norfolk State,00-0037061,,,,,,,,,0,"https://static.www.nfl.com/image/private/f_auto,q_auto/league/qsphzk2qwdptbvpbcb0o",,20,DIV,A01,De'Shaan,DIX123909,54758,32004449-5812-3909-242a-7aa1d0794f21,2022,2022,,
2022,GB,DB,DB,41,CUT,Benjie Franklin,Benjie,Franklin,1996-10-22,72.0,185,Tarleton State,00-0037062,,,,,,,,,0,"https://static.www.nfl.com/image/private/f_auto,q_auto/league/v8zkzcar54m6oong3t4f",,7,REG,P01,Benjie,FRA401257,54759,32004652-4140-1257-67a1-3fe0fcb4f77d,2022,2022,,
2022,JAX,TE,TE,,CUT,Grayson Gunter,Grayson,Gunter,,77.0,247,Southern Mississippi,00-0037063,,,,,,,,,0,,,1,REG,A01,Grayson,GUN617307,54760,32004755-4e61-7307-d5aa-caa0abc779d9,2022,2022,,
2022,JAX,K,K,,CUT,Andrew Mevis,Andrew,Mevis,,70.0,195,Iowa State,00-0037065,,,,,,,,,0,,,1,REG,A01,Andrew,,54762,,2022,2022,,
2022,JAX,LB,LB,55,DEV,Grant Morgan,Grant,Morgan,1998-01-23,71.0,222,Arkansas,00-0037066,,,,,,,,,0,"https://static.www.nfl.com/image/private/f_auto,q_auto/league/zqsrpsf0vbcwfoxi9dar",,1,REG,P01,Grant,MOR162554,54763,32004d4f-5216-2554-4889-928763492c3b,2022,2022,,
2022,JAX,QB,QB,4,DEV,E.J. Perry,Ernest,Perry,1998-08-16,74.0,210,Brown,00-0037068,,,,,,,,,0,"https://static.www.nfl.com/image/private/f_auto,q_auto/league/yfyq8swc5hv8odqlvl6n",,20,DIV,P01,E.J.,PER556525,54765,32005045-5255-6525-55d9-15c1ccbd72f3,2022,2022,,
2022,TEN,DB,DB,29,ACT,Josh Thompson,Josh,Thompson,1998-10-20,72.0,191,Texas,00-0037070,,,,,,,,,0,"https://static.www.nfl.com/image/private/f_auto,q_auto/league/occkdrfqfwqdmjops6q5",,18,REG,A01,Josh,THO609162,54767,32005448-4f60-9162-c107-88fbda771391,2022,2022,,
2022,JAX,WR,WR,,CUT,Lujuan Winningham,Lujuan,Winningham,,75.0,195,Central Arkansas,00-0037071,,,,,,,,,0,,,1,REG,A01,Lujuan,WIN473217,54768,32005749-4e47-3217-2d65-2745ef35ebbb,2022,2022,,
2022,JAX,DB,DB,,CUT,Shabari Davis,Shabari,Davis,,71.0,170,Southeast Missouri,00-0037072,,,,,,,,,0,,,1,REG,A01,Shabari,DAV746590,54769,32004441-5674-6590-c2e6-b61b00e815f5,2022,2022,,
2022,PHI,DL,DT,90,ACT,Jordan Davis,Jordan,Davis,2000-01-12,78.0,340,Georgia,00-0037073,,,,,,,,,0,"https://static.www.nfl.com/image/private/f_auto,q_auto/league/dlm3pm9cslssspkbtham",INTERIOR_LINE,22,SB,A01,Jordan,DAV487265,54478,32004441-5648-7265-ac02-99b487d4f3e4,2022,2022,PHI,13
2022,GB,LB,ILB,7,ACT,Quay Walker,Quay,Walker,2000-05-08,76.0,240,Georgia,00-0037074,4379416,f05149f9-c13f-4af8-858f-ad1e380961cd,,16131,,,,8266,0,"https://static.www.nfl.com/image/private/f_auto,q_auto/league/c67gecqnmddwbhynxty0",MLB,18,REG,A01,Quay,WAL293485,54487,32005741-4c29-3485-e96f-d2f0f1223e1d,2022,2022,GB,22
2022,GB,DL,DT,95,ACT,Devonte Wyatt,Devonte,Wyatt,1998-03-31,75.0,315,Georgia,00-0037075,,,,,,,,,0,"https://static.www.nfl.com/image/private/f_auto,q_auto/league/a00h5zaxa7jkmi9pk0fh",INTERIOR_LINE,18,REG,A01,Devonte,WYA279831,54493,32005759-4127-9831-2d20-bf805b3c7879,2022,2022,GB,28
2022,GB,OL,G,75,RES,Sean Rhyan,Sean,Rhyan,2000-09-15,77.0,320,UCLA,00-0037076,,,,,,,,,0,"https://static.www.nfl.com/image/private/f_auto,q_auto/league/eolexjr10cmocy8qkkhw",,18,REG,R40,Sean,RHY207645,54557,32005248-5920-7645-8b92-d9da8819216a,2022,2022,GB,92
2022,WAS,QB,QB,14,ACT,Sam Howell,Sam,Howell,2000-11-16,73.0,225,North Carolina,00-0037077,4426875,7d85e9c2-f464-4654-9200-acfcffd7dfaf,,15825,,,,8162,0,"https://static.www.nfl.com/image/private/f_auto,q_auto/league/isnhunoyyk2agpiqgxuj",QB,18,REG,A01,Sam,HOW692969,54609,3200484f-5769-2969-b928-41cea02da32b,2022,2022,WAS,144
2022,WAS,TE,TE,85,ACT,Cole Turner,Cole,Turner,2000-03-16,78.0,240,Nevada,00-0037078,4361438,fc78ba73-7ef3-4dda-9a06-b5101f7ff7b1,,15923,,,,8214,0,"https://static.www.nfl.com/image/private/f_auto,q_auto/league/qidaunq2scfnpylrnpc7",TE,18,REG,A01,Cole,TUR239242,54614,32005455-5223-9242-1b2c-c892afe4722e,2022,2022,WAS,149
2022,SEA,DB,CB,27,ACT,Tariq Woolen,Tariq,Woolen,1999-05-02,76.0,205,Texas-San Antonio,00-0037079,,,,,,,,,0,"https://static.www.nfl.com/image/private/f_auto,q_auto/league/ug8uyinz3e2ypwr4saqc",CB,19,WC,A01,Tariq,WOO713124,54618,3200574f-4f71-3124-55f0-e6f0816e959a,2022,2022,SEA,153
2022,SEA,LB,LB,92,RES,Tyreke Smith,Tyreke,Smith,2000-02-14,75.0,267,Ohio State,00-0037080,,,,,,,,,0,"https://static.www.nfl.com/image/private/f_auto,q_auto/league/asy82mzycomoankoty6n",,19,WC,R01,Tyreke,SMI766470,54623,3200534d-4976-6470-1b88-87c8583e4086,2022,2022,SEA,158
2022,CHI,OL,T,70,ACT,Braxton Jones,Braxton,Jones,1999-03-27,77.0,310,Southern Utah,00-0037081,,,,,,,,,0,"https://static.www.nfl.com/image/private/f_auto,q_auto/league/kjkynxfvyeyx39792yb3",T,18,REG,A01,Braxton,JON103812,54633,32004a4f-4e10-3812-6017-fb2a329c4c5b,2022,2022,CHI,168
2022,CHI,DL,DE,91,ACT,Dominique Robinson,Dominique,Robinson,1998-07-02,77.0,256,"Miami, O.",00-0037082,,,,,,,,,0,"https://static.www.nfl.com/image/private/f_auto,q_auto/league/nhaokgnlnhfundyktig2",EDGE,18,REG,A01,Dominique,ROB404567,54639,3200524f-4240-4567-d940-a5c388777ffe,2022,2022,CHI,174
2022,GB,LB,OLB,55,ACT,Kingsley Enagbare,Kingsley,Enagbare,2000-01-18,76.0,270,South Carolina,00-0037083,4362840,6a4c3e31-0fcc-47c6-9022-bdc26b083009,,15879,,,,8382,0,"https://static.www.nfl.com/image/private/f_auto,q_auto/league/n5srtjntdbkkm1ljyabn",EDGE,18,REG,A01,Kingsley,ENA040912,54644,3200454e-4104-0912-811c-67db1204d680,2022,2022,GB,179
2022,PHI,LB,OLB,58,INA,Kyron Johnson,Kyron,Johnson,1998-07-24,72.0,235,Kansas,00-0037084,,a26f0a44-350b-44fb-8051-a9415afefbc6,,15966,,,,8483,0,"https://static.www.nfl.com/image/private/f_auto,q_auto/league/duljbk3aswejblgezfok",,22,SB,A01,Kyron,JOH399463,54646,32004a4f-4839-9463-5a91-e9248bbfbea0,2022,2022,PHI,181
2022,DEN,RB,RB,36,ACT,Tyler Badie,Tyler,Badie,1999-02-07,68.0,194,Missouri,00-0037085,4362748,e62678b9-9816-420f-bf86-398e7fea7063,,15893,,,,8208,0,"https://static.www.nfl.com/image/private/f_auto,q_auto/league/fdypdomxjrtx9zwybhnn",RB,18,REG,A01,Tyler,BAD685229,54661,32004241-4468-5229-8c1d-59265ee103fc,2022,2022,BAL,196
2022,PHI,TE,TE,81,ACT,Grant Calcaterra,Grant,Calcaterra,1998-12-04,76.0,221,Southern Methodist,00-0037086,4241374,f6988cfa-2dcf-490b-ac80-9af8e4292efa,,16039,,,,8177,0,"https://static.www.nfl.com/image/private/f_auto,q_auto/league/zjvhj0rjpz9fcjrtzjlv",TE,22,SB,A01,Grant,CAL069215,54663,32004341-4c06-9215-cbbd-0f05f10e4bfa,2022,2022,PHI,198
2022,CHI,RB,RB,25,ACT,Trestan Ebner,Trestan,Ebner,1999-01-02,71.0,205,Baylor,00-0037087,4259169,17533bb8-99e4-4cb7-bd9c-268b62efac48,,15988,,,,8189,0,"https://static.www.nfl.com/image/private/f_auto,q_auto/league/c7caisxuupzlxa0vxlln",RB,18,REG,A01,Trestan,EBN189231,54668,32004542-4e18-9231-4f25-d77f6f5c137d,2022,2022,CHI,203
2022,CHI,OL,C,68,RES,Doug Kramer,Doug,Kramer,1998-06-04,74.0,305,Illinois,00-0037088,,,,,,,,,0,"https://static.www.nfl.com/image/private/f_auto,q_auto/league/ooewma4hwrqv6xdohah2",,18,REG,R01,Doug,KRA320904,54672,32004b52-4132-0904-e3c0-ee2b85d0a1a3,2022,2022,CHI,207
2022,CHI,OL,T,69,ACT,Ja'Tyre Carter,Ja'Tyre,Carter,1999-01-15,75.0,275,Southern U.,00-0037089,,,,,,,,,0,"https://static.www.nfl.com/image/private/f_auto,q_auto/league/ovobjo1zge3x5yvogp1a",G,18,REG,A01,Ja'Tyre,CAR663013,54691,32004341-5266-3013-5b76-1ba44a51a3aa,2022,2022,CHI,226
2022,GB,DB,SS,24,ACT,Tariq Carpenter,Tariq,Carpenter,1998-12-28,75.0,225,Georgia Tech,00-0037090,,,,,,,,,0,"https://static.www.nfl.com/image/private/f_auto,q_auto/league/s5ccmgafd4uvjd46bu8a",,18,REG,A01,Tariq,CAR339436,54693,32004341-5233-9436-9d30-582137af380a,2022,2022,GB,228
2022,GB,WR,WR,80,INA,Bo Melton,Bo,Melton,1999-05-18,71.0,195,Rutgers,00-0037091,4259305,36953df8-fbc3-4505-b5b3-dec8433620dc,,15935,,,,8204,0,"https://static.www.nfl.com/image/private/f_auto,q_auto/league/kivbnhcdmnsy6vo8w35u",,18,REG,A01,Bo,MEL575431,54694,32004d45-4c57-5431-1061-b314a42762bf,2022,2022,SEA,229
2022,WAS,OL,G,75,ACT,Chris Paul,Chris,Paul,1998-11-19,76.0,324,Tulsa,00-0037092,,,,,,,,,0,"https://static.www.nfl.com/image/private/f_auto,q_auto/league/elkuspgctzvbrzgdgfa8",G,18,REG,A01,Chris,PAU076683,54695,32005041-5507-6683-511f-990ce345703c,2022,2022,WAS,230
2022,SEA,WR,WR,83,ACT,Dareke Young,Dareke,Young,1999-06-04,74.0,210,Lenoir-Rhyne,00-0037093,,2da144c9-7845-4199-bcc1-48405c14d436,,15922,,,,8527,0,"https://static.www.nfl.com/image/private/f_auto,q_auto/league/slpnlauyeacwftazlryk",WR,19,WC,A01,Dareke,YOU169842,54698,3200594f-5516-9842-1172-589382099327,2022,2022,SEA,233
2022,GB,DL,DT,99,INA,Jonathan Ford,Jonathan,Ford,1998-09-29,77.0,305,Miami,00-0037094,,,,,,,,,0,"https://static.www.nfl.com/image/private/f_auto,q_auto/league/eea7ss4ffercsxzeqhb8",,18,REG,A01,Jonathan,FOR256596,54699,3200464f-5225-6596-8618-ffea8d51b3cf,2022,2022,GB,234
2022,WAS,DB,CB,34,ACT,Christian Holmes,Christian,Holmes,1997-11-14,73.0,201,Oklahoma State,00-0037095,,,,,,,,,0,"https://static.www.nfl.com/image/private/f_auto,q_auto/league/zuphn8ja8iz7kcqphdgo",CB,18,REG,A01,Christian,HOL513870,54705,3200484f-4c51-3870-961d-3bdfdb443b01,2022,2022,WAS,240
2022,CHI,DB,FS,37,ACT,Elijah Hicks,Elijah,Hicks,1999-10-16,71.0,200,California,00-0037096,,,,,,,,,0,"https://static.www.nfl.com/image/private/f_auto,q_auto/league/zro4z680s92qe1si7mge",SAFETY,18,REG,A01,Elijah,HIC441890,54719,32004849-4344-1890-2244-3e3ca04c5508,2022,2022,CHI,254
2022,CHI,P,P,16,ACT,Trenton Gill,Trenton,Gill,1999-01-01,76.0,219,North Carolina State,00-0037097,,,,,,,,,0,"https://static.www.nfl.com/image/private/f_auto,q_auto/league/ihzhc60zpmcx31ujp43f",,18,REG,A01,Trenton,GIL359729,54720,32004749-4c35-9729-cdd6-323853b2bf60,2022,2022,CHI,255
2022,GB,WR,WR,83,ACT,Samori Toure,Samori,Toure,1998-03-24,73.0,190,Nebraska,00-0037098,4027873,02c808d8-6074-43db-b0d9-f69fab78f6d9,,15917,,,,8235,0,"https://static.www.nfl.com/image/private/f_auto,q_auto/league/gw9ewixqr2hi0ttpfq4i",TE,18,REG,A01,Samori,TOU392758,54723,3200544f-5539-2758-4e4c-bbaa2bb8b9f5,2022,2022,GB,258
2022,CHI,TE,TE,87,DEV,Chase Allen,Chase,Allen,1997-07-09,78.0,240,Iowa State,00-0037100,,,,,,,,,0,"https://static.www.nfl.com/image/private/f_auto,q_auto/league/jgeqpoapdavscxpbnovg",,18,REG,P01,Chase,ALL081182,54772,3200414c-4c08-1182-aecf-faa5e2918941,2022,2022,,
2022,CHI,LB,LB,47,ACT,C.J. Avery,C.J.,Avery,,71.0,227,Louisville,00-0037101,,,,,,,,,0,,,1,REG,A01,C.J.,AVE412290,54773,,2022,2022,,
2022,GB,OL,T,62,DEV,Jean Delance,Jean,Delance,1998-01-14,77.0,307,Florida,00-0037103,,,,,,,,,0,"https://static.www.nfl.com/image/private/f_auto,q_auto/league/khrmv0jh9or26j5th8wp",,18,REG,P01,Jean,DEL073640,54775,32004445-4c07-3640-9622-ed04594313c9,2022,2022,,
2022,CHI,DB,DB,31,ACT,Allie Green,Allie,Green,,74.0,215,Missouri,00-0037104,,,,,,,,,0,,,1,REG,A01,Allie,,54776,,2022,2022,,
2022,CHI,DB,CB,31,INA,Jaylon Jones,Jaylon,Jones,1997-10-14,71.0,183,Mississippi,00-0037106,,,,,,,,,0,"https://static.www.nfl.com/image/private/f_auto,q_auto/league/smbiwylhojezhpovz0sg",,18,REG,A01,Jaylon,JON449715,54778,32004a4f-4e44-9715-dc83-f5eb77c43e5c,2022,2022,,
2022,CHI,LB,ILB,57,RES,Jack Sanborn,Jack,Sanborn,2000-07-29,74.0,232,Wisconsin,00-0037109,,506e9f50-ce08-11ec-9598-03840dd5f387,,15914,,,,8363,0,"https://static.www.nfl.com/image/private/f_auto,q_auto/league/fdamxapyuk3kkwdl5lin",,18,REG,R01,Jack,SAN047762,54781,32005341-4e04-7762-4775-97edb77192d7,2022,2022,,
2022,PIT,RB,RB,33,CUT,Master Teague,Master,Teague,2000-05-19,71.0,225,Ohio State,00-0037111,,,,,,,,,0,,,14,REG,P01,Master,TEA203519,54783,32005445-4120-3519-a122-51b457314fd9,2022,2022,,
2022,CHI,TE,TE,81,DEV,Jake Tonges,Jake,Tonges,1999-07-08,76.0,240,California,00-0037112,,8d9236c0-ce09-11ec-9598-03840dd5f387,,16418,,,,8698,0,"https://static.www.nfl.com/image/private/f_auto,q_auto/league/vnxv7xwav7kc0lotgjly",,18,REG,P01,Jake,TON644321,54784,3200544f-4e64-4321-5756-c03d2476b6de,2022,2022,,
2022,HOU,DL,DT,98,CUT,Micah Dew-Treadway,Micah,Dew-Treadway,1997-01-19,76.0,312,Minnesota,00-0037113,,,,,,,,,0,"https://static.www.nfl.com/image/private/f_auto,q_auto/league/opeaqmwpxiqkwfwb8evm",,9,REG,P01,Micah,DEW676177,54785,32004445-5767-6177-28b1-1311fb5277a7,2022,2022,,
2022,CHI,WR,WR,81,CUT,Kevin Shaa,Kevin,Shaa,,70.0,160,Liberty,00-0037114,,,,,,,,,0,"https://static.www.nfl.com/image/private/f_auto,q_auto/league/jjndusbjtzu4dvh9cy8k",,1,REG,W03,Kevin,SHA003992,54787,32005348-4100-3992-36c8-f0fb48f5dd22,2022,2022,,
2022,ATL,RB,RB,35,DEV,B.J. Baylor,Benjamin,Baylor,1998-09-08,71.0,205,Oregon State,00-0037115,,81b98a40-ca69-11ec-a83a-8732d3d5a7e3,,15816,,,,8240,0,,,18,REG,P01,B.J.,BAY400458,54793,32004241-5940-0458-ba2a-58b61a2b57e7,2022,2022,,
2022,GB,LB,LB,,CUT,Caliph Brice,Caliph,Brice,,74.0,233,Florida Atlantic,00-0037116,,,,,,,,,0,,,1,REG,A01,Caliph,,54794,,2022,2022,,
2022,GB,LB,LB,,CUT,Ellis Brooks,Ellis,Brooks,,73.0,233,Penn State,00-0037117,,,,,,,,,0,,,1,REG,A01,Ellis,BRO123164,54795,32004252-4f12-3164-767e-108160593c77,2022,2022,,
2022,GB,DL,DT,98,CUT,Akial Byers,Akial,Byers,,75.0,300,Missouri,00-0037118,,,,,,,,,0,"https://static.www.nfl.com/image/private/f_auto,q_auto/league/pw5hve03ihcrlycyqiro",,1,REG,W03,Akial,BYE223040,54796,32004259-4522-3040-97a7-dfac226459b2,2022,2022,,
2022,GB,WR,WR,20,CUT,Danny Davis,Danny,Davis,,72.0,196,Wisconsin,00-0037119,,,,,,,,,0,"https://static.www.nfl.com/image/private/f_auto,q_auto/league/odbwm8wpvetusnppvr2s",,1,REG,W03,Danny,DAV252146,54797,32004441-5625-2146-96cc-1a0e55b1de8e,2022,2022,,
2022,GB,RB,RB,39,DEV,Tyler Goodson,Tyler,Goodson,2000-11-10,69.0,199,Iowa,00-0037120,,3fec8370-ca72-11ec-a83a-8732d3d5a7e3,,15990,,,,8207,0,"https://static.www.nfl.com/image/private/f_auto,q_auto/league/qsvxzje5gru8aac0tzzi",,18,REG,P01,Tyler,GOO586750,54798,3200474f-4f58-6750-ad87-11b65bf232e0,2022,2022,,
2022,GB,OL,T,72,INA,Caleb Jones,Caleb,Jones,1999-02-10,81.0,362,Indiana,00-0037122,,,,,,,,,0,"https://static.www.nfl.com/image/private/f_auto,q_auto/league/fvl4y2mhrem1ompvegod",,18,REG,A01,Caleb,JON142638,54800,32004a4f-4e14-2638-85a0-eb85c762ffc6,2022,2022,,
2022,GB,LB,LB,,CUT,Chauncey Manac,Chauncey,Manac,,75.0,252,Louisiana-Lafayette,00-0037123,,,,,,,,,0,,,1,REG,A01,Chauncey,MAN003992,54801,32004d41-4e00-3992-549b-e54be8ea0fb0,2022,2022,,
2022,DEN,OL,T,61,DEV,George Moore,George,Moore,1996-07-31,78.0,310,Oregon,00-0037124,,,,,,,,,0,"https://static.www.nfl.com/image/private/f_auto,q_auto/league/oykocykfqchtokbxqllz",,18,REG,P01,George,MOO348933,54802,32004d4f-4f34-8933-9f63-ba9fff2a8606,2022,2022,,
2022,GB,DL,DT,,CUT,Hauati Pututau,Hauati,Pututau,,75.0,309,Utah,00-0037125,,,,,,,,,0,,,1,REG,A01,Hauati,,54803,,2022,2022,,
2022,GB,OL,G,,CUT,Cole Schneider,Cole,Schneider,,76.0,312,Central Florida,00-0037126,,,,,,,,,0,,,1,REG,A01,Cole,SCH378590,54804,32005343-4837-8590-4350-4d81f302e4d5,2022,2022,,
2022,GB,DB,DB,,CUT,Tre Sterling,Tre,Sterling,,71.0,205,Oklahoma State,00-0037127,,,,,,,,,0,,,1,REG,A01,Tre,,54805,,2022,2022,,
2022,GB,DB,DB,,CUT,Raleigh Texada,Raleigh,Texada,,70.0,180,Baylor,00-0037128,,,,,,,,,0,,,1,REG,A01,Raleigh,,54806,,2022,2022,,
2022,CHI,DB,CB,39,RES,Josh Blackwell,Josh,Blackwell,1999-04-05,71.0,175,Duke,00-0037129,,,,,,,,,0,"https://static.www.nfl.com/image/private/f_auto,q_auto/league/yoelolqafoy79oagbxbt",,18,REG,R01,Josh,BLA350385,54807,3200424c-4135-0385-1bfd-b61dfb5f22f3,2022,2022,,
2022,PHI,DB,SS,32,ACT,Reed Blankenship,Reed,Blankenship,1999-03-02,73.0,200,Middle Tennessee,00-0037130,,,,,,,,,0,"https://static.www.nfl.com/image/private/f_auto,q_auto/league/tqrnrmumsvo9fioeozy5",SAFETY,22,SB,A01,Reed,BLA735451,54808,3200424c-4173-5451-f5c6-520ce2fbefa3,2022,2022,,
2022,PHI,RB,RB,30,RES,Kennedy Brooks,Kennedy,Brooks,1998-10-08,71.0,210,Oklahoma,00-0037131,,,,,,,,,0,"https://static.www.nfl.com/image/private/f_auto,q_auto/league/teojoefe637gzq4zbvya",,22,SB,R23,Kennedy,BRO133135,54809,32004252-4f13-3135-fa87-3bdf7374c476,2022,2022,,
2022,PHI,WR,WR,18,ACT,Britain Covey,Britain,Covey,1997-03-18,68.0,170,Utah,00-0037132,,75774350-ce18-11ec-bebb-4fec1e38b0e5,,16337,,,,8414,0,"https://static.www.nfl.com/image/private/f_auto,q_auto/league/af6cv34ttrx3dbtpdhxl",,22,SB,A01,Britain,COV404041,54810,3200434f-5640-4041-7900-8506d07905c3,2022,2022,,
2022,PIT,OL,G,68,DEV,William Dunkle,William,Dunkle,1999-12-30,77.0,330,San Diego State,00-0037133,,,,,,,,,0,,,18,REG,P01,William,DUN469925,54811,32004455-4e46-9925-5310-1f61d3cc9fb1,2022,2022,,
2022,PHI,DL,DT,53,RES,Noah Elliss,Noah,Elliss,1999-03-31,76.0,367,Idaho,00-0037134,,,,,,,,,0,,,22,SB,R05,Noah,ELL761367,54812,3200454c-4c76-1367-9665-fc061bf42c99,2022,2022,,
2022,PHI,DL,DE,,CUT,Ali Fayad,Ali,Fayad,,73.0,255,Western Michigan,00-0037135,,,,,,,,,0,,,1,REG,A01,Ali,FAY124587,54813,32004641-5912-4587-99a6-834075e9fa96,2022,2022,,
2022,PHI,DB,DB,31,DEV,Mario Goodrich,Mario,Goodrich,2000-01-12,72.0,186,Clemson,00-0037136,,,,,,,,,0,"https://static.www.nfl.com/image/private/f_auto,q_auto/league/jvht6xnmxlkrjljbbntc",,22,SB,P01,Mario,GOO524865,54814,3200474f-4f52-4865-aff0-b808ff33df60,2022,2022,,
2022,PHI,DB,CB,28,ACT,Josh Jobe,Josh,Jobe,1998-04-09,71.0,189,Alabama,00-0037137,,,,,,,,,0,"https://static.www.nfl.com/image/private/f_auto,q_auto/league/lj7drmjfsitufb9qqhzh",,22,SB,A01,Josh,JOB207645,54815,32004a4f-4220-7645-a3a9-4ea63cef951c,2022,2022,,
2022,PHI,OL,G,61,EXE,Josh Sills,Josh,Sills,1998-01-26,78.0,335,Oklahoma State,00-0037138,,,,,,,,,0,"https://static.www.nfl.com/image/private/f_auto,q_auto/league/zxqh9wmkktvvb8t6uduy",,22,SB,E02,Josh,SIL611360,54816,32005349-4c61-1360-f196-39c64c352d6c,2022,2022,,
2022,ARI,QB,QB,8,CUT,Carson Strong,Carson,Strong,1999-09-14,76.0,215,Nevada,00-0037139,,,,,,,,,0,,,16,REG,P01,Carson,STR606190,54817,32005354-5260-6190-8574-8df4e803866b,2022,2022,,
2022,PHI,OL,T,67,RES,Jarrid Williams,Jarrid,Williams,1997-07-02,78.0,308,Miami,00-0037140,,,,,,,,,0,,,22,SB,R23,Jarrid,WIL346928,54818,32005749-4c34-6928-a83c-57ecc79ecb7a,2022,2022,,
2022,SEA,DB,FS,35,RES,Joey Blount,Joey,Blount,1998-11-16,73.0,205,Virginia,00-0037141,,,,,,,,,0,"https://static.www.nfl.com/image/private/f_auto,q_auto/league/tias77kmbqnun7fktksy",,19,WC,R01,Joey,BLO578781,54819,3200424c-4f57-8781-bfd2-074996ef6b46,2022,2022,,
2022,CLE,DB,DB,36,DEV,Bubba Bolden,Bubba,Bolden,1999-05-28,75.0,200,Miami,00-0037142,,,,,,,,,0,"https://static.www.nfl.com/image/private/f_auto,q_auto/league/fjpg0rc6vyflbtmr1e9e",,18,REG,P01,Bubba,BOL170509,54820,3200424f-4c17-0509-1b01-a3c3f33ebb62,2022,2022,,
2022,SEA,TE,TE,47,CUT,Cade Brewer,Cade,Brewer,,76.0,243,Texas,00-0037143,,,,,,,,,0,,,1,REG,W03,Cade,BRE625415,54821,32004252-4562-5415-69bc-307eb64c83b3,2022,2022,,
2022,SEA,OL,G,65,CUT,Shamarious Gilmore,Shamarious,Gilmore,,75.0,299,Georgia State,00-0037144,,,,,,,,,0,,,1,REG,A01,Shamarious,GIL800637,54822,32004749-4c80-0637-6491-6d45eb865710,2022,2022,,
2022,PIT,DB,DB,41,DEV,Scott Nelson,Scott,Nelson,1999-07-20,74.0,205,Wisconsin,00-0037148,,,,,,,,,0,"https://static.www.nfl.com/image/private/f_auto,q_auto/league/g9ycfcrymnebojxogx7g",,18,REG,P01,Scott,NEL710884,54826,32004e45-4c71-0884-58f5-97ef71ae8eec,2022,2022,,
2022,SEA,DL,DE,49,INA,Joshua Onujiogu,Joshua,Onujiogu,1998-03-03,75.0,250,Framingham State,00-0037149,,,,,,,,,0,"https://static.www.nfl.com/image/private/f_auto,q_auto/league/bw5kdp86m4hrtol003tz",,19,WC,A01,Joshua,ONU207645,54827,32004f4e-5520-7645-e297-db9f33425eef,2022,2022,,
2022,SEA,DB,DB,38,CUT,Josh Valentine-Turner,Josh,Valentine-Turner,,72.0,188,Florida International,00-0037151,,,,,,,,,0,,,1,REG,A01,Josh,VAL501723,54829,32005641-4c50-1723-bed7-434f5dcf636a,2022,2022,,
2022,SEA,DL,DT,73,CUT,Matthew Gotel,Matthew,Gotel,,74.0,300,West Florida,00-0037152,,,,,,,,,0,,,1,REG,A01,Matthew,GOT103822,54830,3200474f-5410-3822-5a1b-2831f0daa70a,2022,2022,,
2022,SEA,LB,LB,50,INA,Vi Jones,Levi,Jones,1998-05-05,74.0,220,North Carolina State,00-0037153,,94af02a0-cda8-11ec-b94f-57e6927758e6,,16648,,,,8691,0,"https://static.www.nfl.com/image/private/f_auto,q_auto/league/bq52idcmwrabszjl4pw7",,19,WC,A01,Vi,JON579938,54831,32004a4f-4e57-9938-a557-9a859930c1bb,2022,2022,,
2022,SEA,DB,DB,40,CUT,Tay Williams,Deontai,Williams,,71.0,191,Nebraska,00-0037154,,,,,,,,,0,,,1,REG,W03,Tay,WIL230208,54832,32005749-4c23-0208-4f98-d8fc204fd141,2022,2022,,
2022,NYJ,DB,FS,22,ACT,Tony Adams,Tony,Adams,1999-01-24,72.0,205,Illinois,00-0037155,,,,,,,,,0,"https://static.www.nfl.com/image/private/f_auto,q_auto/league/qjysbjkx6c9ltkfphx7f",SAFETY,18,REG,A01,Tony,ADA679550,54833,32004144-4167-9550-1d54-314c28732948,2022,2022,,
2022,NYJ,WR,WR,82,INA,Irvin Charles,Irvin,Charles,1997-04-13,76.0,219,"Indiana, Pa.",00-0037156,,f8578e10-d3bd-11ec-96a0-c3471a31202c,,16430,,,,8861,0,"https://static.www.nfl.com/image/private/f_auto,q_auto/league/x17dsbhtk62wki6ekut6",,18,REG,A01,Irvin,CHA559017,54834,32004348-4155-9017-807b-e2f00a489961,2022,2022,,
2022,NYJ,RB,RB,27,ACT,Zonovan Knight,Zonovan,Knight,2001-04-11,71.0,210,North Carolina State,00-0037157,,53df5e30-d3bd-11ec-96a0-c3471a31202c,,16105,,,,8122,0,"https://static.www.nfl.com/image/private/f_auto,q_auto/league/r035yqzubidox8tyvjwo",RB,18,REG,A01,Zonovan,KNI764772,54835,32004b4e-4976-4772-52fc-5e9b627ab7bb,2022,2022,,
2022,GB,LB,LB,48,DEV,D.Q. Thomas,D.Q.,Thomas,1998-12-04,74.0,216,Middle Tennessee,00-0037158,,,,,,,,,0,"https://static.www.nfl.com/image/private/f_auto,q_auto/league/cuz6l95syzww5dsv0ify",,18,REG,P01,D.Q.,THO118966,54836,32005448-4f11-8966-39da-8b16fa6a6708,2022,2022,,
2022,NYJ,WR,WR,86,CUT,Keshunn Abram,Keshunn,Abram,,73.0,185,Kent State,00-0037159,,,,,,,,,0,,,1,REG,A01,Keshunn,ABR162928,54837,32004142-5216-2928-749f-140bc68c5daa,2022,2022,,
2022,GB,DB,DB,35,CUT,De'Vante Cross,De'Vante,Cross,,74.0,215,Virginia,00-0037160,,,,,,,,,0,,,1,REG,W03,De'Vante,CRO399239,54838,32004352-4f39-9239-56c3-6ade6b854522,2022,2022,,
2022,WAS,DB,DB,38,CUT,Josh Drayden,Josh,Drayden,,70.0,180,California,00-0037161,,,,,,,,,0,,,1,REG,W03,Josh,DRA639259,54839,32004452-4163-9259-9355-38c14d1e248f,2022,2022,,
2022,WAS,WR,WR,84,CUT,Jequez Ezzard,Jequez,Ezzard,,69.0,190,Sam Houston State,00-0037162,,,,,,,,,0,,,1,REG,A01,Jequez,EZZ415291,54840,,2022,2022,,
2022,WAS,LB,LB,48,DEV,Ferrod Gardner,Ferrod,Gardner,1997-03-26,73.0,215,Louisiana-Lafayette,00-0037163,,,,,,,,,0,"https://static.www.nfl.com/image/private/f_auto,q_auto/league/qjcktpqj46wwnf71n8gb",,18,REG,P01,Ferrod,GAR177528,54841,32004741-5217-7528-d7ab-ddb4d946df39,2022,2022,,
2022,WAS,TE,TE,80,RES,Curtis Hodges,Curtis,Hodges,1999-07-03,80.0,240,Arizona State,00-0037164,,,,,,,,,0,"https://static.www.nfl.com/image/private/f_auto,q_auto/league/cjfuaur2qetvgenncyej",,18,REG,R48,Curtis,HOD360710,54842,3200484f-4436-0710-29e9-cbfbba59f27a,2022,2022,,
2022,WAS,QB,QB,12,CUT,Cole Kelley,Cole,Kelley,,79.0,260,Southeastern Louisiana,00-0037165,,,,,,,,,0,,,1,REG,A01,Cole,KEL203484,54843,,2022,2022,,
2022,WAS,DL,DE,91,CUT,Jacub Panasiuk,Jacub,Panasiuk,,75.0,250,Michigan State,00-0037166,,,,,,,,,0,,,1,REG,W03,Jacub,PAN086433,54844,32005041-4e08-6433-ff8e-cda5e481a05f,2022,2022,,
2022,PHI,OL,G,79,DEV,Tyrese Robinson,Tyrese,Robinson,1999-08-21,75.0,326,Oklahoma,00-0037167,,,,,,,,,0,"https://static.www.nfl.com/image/private/f_auto,q_auto/league/rcrqdihbtihsbttaje0o",,22,SB,P01,Tyrese,ROB713023,54845,3200524f-4271-3023-4ac1-72d3ea38076a,2022,2022,,
2022,WAS,TE,TE,88,ACT,Armani Rogers,Armani,Rogers,1997-12-04,77.0,227,Ohio,00-0037168,,6a3edb00-ca63-11ec-bdda-4fe5bed84950,,16362,,,,8665,0,"https://static.www.nfl.com/image/private/f_auto,q_auto/league/vws1frul8px5bn9qzbuq",TE,18,REG,A01,Armani,ROG119107,54846,3200524f-4711-9107-27c3-41d4e088a1fe,2022,2022,,
2022,WAS,DB,DB,37,CUT,Devin Taylor,Devin,Taylor,,73.0,200,Bowling Green,00-0037169,,,,,,,,,0,,,1,REG,A01,Devin,,54847,,2022,2022,,
2022,WAS,LB,LB,41,CUT,Tre Walker,Tre,Walker,,73.0,240,Idaho,00-0037170,,,,,,,,,0,,,1,REG,W03,Tre,WAL337058,54848,32005741-4c33-7058-4436-8e96b4f454d8,2022,2022,,
2022,WAS,LB,LB,50,RES,Drew White,Drew,White,1998-09-15,72.0,228,Notre Dame,00-0037171,,,,,,,,,0,"https://static.www.nfl.com/image/private/f_auto,q_auto/league/akygqzoklazrncc3kyma",,18,REG,R01,Drew,WHI157478,54849,32005748-4915-7478-4d82-b955b2a96467,2022,2022,,
2022,WAS,WR,WR,83,DEV,Kyric Mcgowan,Kyric,Mcgowan,1999-11-01,71.0,200,Georgia Tech,00-0037172,,c1ebe1f0-ca62-11ec-bdda-4fe5bed84950,,16360,,,,8595,0,"https://static.www.nfl.com/image/private/f_auto,q_auto/league/nonwewas20qagyyttso8",,18,REG,P01,Kyric,MCG533065,54850,32004d43-4753-3065-a9a8-a4a852d3b3b6,2022,2022,,
2022,BAL,WR,WR,82,CUT,Slade Bolden,Slade,Bolden,1999-01-26,71.0,191,Alabama,00-0037173,,,,,,,,,0,"https://static.www.nfl.com/image/private/f_auto,q_auto/league/kxu6nqxzkgtgrrrghx2g",,7,REG,W03,Slade,BOL277627,54851,3200424f-4c27-7627-bf00-79314cde8c66,2022,2022,,
2022,BAL,WR,WR,85,DEV,Shemar Bridges,Shemar,Bridges,1997-12-26,77.0,210,Fort Valley State,00-0037174,,51305d20-d083-11ec-8cbe-f58fdd592020,,16437,,,,8731,0,"https://static.www.nfl.com/image/private/f_auto,q_auto/league/dessm36uuqxhh9abrqnr",,19,WC,P01,Shemar,BRI128036,54852,32004252-4912-8036-922d-4ec91050acef,2022,2022,,
2022,BAL,QB,QB,12,ACT,Anthony Brown,Anthony,Brown,1998-07-27,73.0,226,Oregon,00-0037175,,16f9e1a0-c97e-11ec-a1a0-57a82b503f37,,16232,,,,8241,0,"https://static.www.nfl.com/image/private/f_auto,q_auto/league/b6mtqp6vtv5tgsxesv9w",,19,WC,A01,Anthony,BRO260218,54853,32004252-4f26-0218-8fe2-72824b3fcbdd,2022,2022,,
2022,BAL,WR,WR,,CUT,Trevon Clark,Trevon,Clark,,76.0,195,California,00-0037176,,,,,,,,,0,,,1,REG,A01,Trevon,,54854,,2022,2022,,
2022,BAL,LB,LB,49,CUT,Zakoby McClain,Zakoby,McClain,,72.0,219,Auburn,00-0037178,,,,,,,,,0,"https://static.www.nfl.com/image/private/f_auto,q_auto/league/ckwa7kfdrnwpkttenx87",,1,REG,W03,Zakoby,MCC344916,54856,32004d43-4334-4916-cfa9-7e98180e6733,2022,2022,,
2022,BAL,LB,LB,48,DEV,Jeremiah Moon,Jeremiah,Moon,1998-08-18,77.0,245,Florida,00-0037179,,,,,,,,,0,"https://static.www.nfl.com/image/private/f_auto,q_auto/league/vhy7uxelcniludii7jjo",,19,WC,P01,Jeremiah,MOO060557,54857,32004d4f-4f06-0557-cd94-c172c9223944,2022,2022,,
2022,BAL,DL,DT,91,DEV,Rayshad Nichols,Rayshad,Nichols,1999-07-09,74.0,307,Stephen F. Austin,00-0037181,,,,,,,,,0,"https://static.www.nfl.com/image/private/f_auto,q_auto/league/vx3ewnkgxwth471mbw4i",,19,WC,P01,Rayshad,NIC386640,54859,32004e49-4338-6640-199a-23022299c77f,2022,2022,,
2022,BAL,RB,RB,31,RES,Ricky Person,Ricky,Person,,73.0,220,North Carolina State,00-0037182,,,,,,,,,0,,,19,WC,R06,Ricky,PER827717,54860,,2022,2022,,
2022,NYG,WR,WR,87,INA,Makai Polk,Makai,Polk,2001-08-04,75.0,200,Mississippi State,00-0037183,,,,,,,,,0,"https://static.www.nfl.com/image/private/f_auto,q_auto/league/hopapgetl0ren9hanlvh",,20,DIV,A01,Makai,POL144180,54861,3200504f-4c14-4180-5ebd-6610be47bf99,2022,2022,,
2022,BAL,LB,ILB,51,RES,Josh Ross,Josh,Ross,1999-10-31,72.0,224,Michigan,00-0037184,,82546a90-c980-11ec-a1a0-57a82b503f37,,16189,,,,8285,0,"https://static.www.nfl.com/image/private/f_auto,q_auto/league/cnzjmadtktuyj81yvmc4",,19,WC,R01,Josh,ROS616463,54862,3200524f-5361-6463-ca66-56f9292ac1df,2022,2022,,
2022,NE,WR,WR,44,ACT,Raleigh Webb,Raleigh,Webb,1997-12-28,74.0,215,Citadel,00-0037185,,7cb3d1f0-d085-11ec-8cbe-f58fdd592020,,16439,,,,8732,0,"https://static.www.nfl.com/image/private/f_auto,q_auto/league/ukg7dmvz0gcrrzxi2ruj",,18,REG,A01,Raleigh,WEB259180,54863,32005745-4225-9180-3456-7687533b562c,2022,2022,,
2022,NYG,LB,LB,57,CUT,Charles Wiley,Charles,Wiley,1998-05-18,75.0,245,Texas-San Antonio,00-0037186,,,,,,,,,0,"https://static.www.nfl.com/image/private/f_auto,q_auto/league/wcp4apcwq8hhiocjyuux",,4,REG,P01,Charles,WIL052619,54864,32005749-4c05-2619-d088-cbdbe90efc26,2022,2022,,
2022,BAL,WR,WR,,CUT,Devon Williams,Devon,Williams,,77.0,207,Oregon,00-0037187,,,,,,,,,0,,,1,REG,A01,Devon,WIL235459,54865,32005749-4c23-5459-4c42-e74248b17a0a,2022,2022,,
2022,IND,DB,DB,33,DEV,David Vereen,David,Vereen,1997-10-09,71.0,186,Newberry,00-0037188,,,,,,,,,0,"https://static.www.nfl.com/image/private/f_auto,q_auto/league/j8fett0ancm6xlldbcl9",,18,REG,P01,David,VER279342,54866,32005645-5227-9342-24eb-0e3d8dacbec7,2022,2022,,
2022,BAL,DB,DB,,CUT,Denzel Williams,Denzel,Williams,,70.0,190,Villanova,00-0037189,,,,,,,,,0,,,1,REG,A01,Denzel,WIL230127,54867,32005749-4c23-0127-b3ed-9561e5ca5321,2022,2022,,
2022,NYJ,DB,CB,1,ACT,Ahmad Gardner,Ahmad,Gardner,2000-08-31,75.0,200,Cincinnati,00-0037190,,,,,,,,,0,"https://static.www.nfl.com/image/private/f_auto,q_auto/league/wuijnrfo8hrjtncdimpc",CB,18,REG,A01,Ahmad,GAR152629,54469,32004741-5215-2629-6c74-87ce99a3689f,2022,2022,NYJ,4
2022,KC,DB,CB,21,ACT,Trent McDuffie,Trent,McDuffie,2000-09-13,71.0,195,Washington,00-0037191,,,,,,,,,0,"https://static.www.nfl.com/image/private/f_auto,q_auto/league/abupetnolzmt099lsta0",SLOT_CB,22,SB,A01,Trent,MCD824296,54486,32004d43-4482-4296-793c-79be74c0e9fd,2022,2022,KC,21
2022,KC,DL,DE,56,ACT,George Karlaftis,George,Karlaftis,2001-04-03,76.0,275,Purdue,00-0037192,,,,,,,,,0,"https://static.www.nfl.com/image/private/f_auto,q_auto/league/iv5mebvrgm9ktuuziq6l",EDGE,22,SB,A01,George,KAR303382,54495,32004b41-5230-3382-e405-41205d323076,2022,2022,KC,30
2022,KC,DB,SS,6,ACT,Bryan Cook,Bryan,Cook,1999-09-07,73.0,210,Cincinnati,00-0037193,,,,,,,,,0,"https://static.www.nfl.com/image/private/f_auto,q_auto/league/mocrtgg7gpyjfrg5yr2y",SAFETY,22,SB,A01,Bryan,COO016900,54527,3200434f-4f01-6900-8a81-c01952fe3f0f,2022,2022,KC,62
2022,KC,OL,T,75,INA,Darian Kinnard,Darian,Kinnard,1999-12-29,77.0,345,Kentucky,00-0037194,,,,,,,,,0,"https://static.www.nfl.com/image/private/f_auto,q_auto/league/h7qzlzkwz5vhqvb6iijo",,22,SB,A01,Darian,KIN720128,54610,32004b49-4e72-0128-6203-4ab65ad6ed51,2022,2022,KC,145
2022,KC,DB,CB,35,ACT,Jaylen Watson,Jaylen,Watson,1998-09-17,74.0,204,Washington State,00-0037195,,,,,,,,,0,"https://static.www.nfl.com/image/private/f_auto,q_auto/league/m5nuagpa4bdqo617aj67",CB,22,SB,A01,Jaylen,WAT411506,54708,32005741-5441-1506-d620-e1195b6dd067,2022,2022,KC,243
2022,GB,OL,T,63,INA,Rasheed Walker,Rasheed,Walker,2000-02-13,78.0,325,Penn State,00-0037196,,,,,,,,,0,"https://static.www.nfl.com/image/private/f_auto,q_auto/league/cabxkemljhgeclyzkvva",,18,REG,A01,Rasheed,WAL308460,54714,32005741-4c30-8460-fec4-8041f42b9950,2022,2022,GB,249
2022,KC,RB,RB,10,ACT,Isiah Pacheco,Isiah,Pacheco,1999-03-02,70.0,215,Rutgers,00-0037197,4361529,3a25c037-fa30-4740-b742-ec8e4f1a2a25,,16104,,,,8205,0,"https://static.www.nfl.com/image/private/f_auto,q_auto/league/s9suhdxobh0p5nbwxq8t",RB,22,SB,A01,Isiah,PAC576791,54716,32005041-4357-6791-9031-d5a8938af2e4,2022,2022,KC,251
2022,KC,DB,DB,13,ACT,Nazeeh Johnson,Nazeeh,Johnson,1998-07-17,70.0,189,Marshall,00-0037198,,,,,,,,,0,"https://static.www.nfl.com/image/private/f_auto,q_auto/league/jwdyx3rjycild85a2dni",,22,SB,A01,Nazeeh,JOH551616,54724,32004a4f-4855-1616-2498-d10364740482,2022,2022,KC,259
2022,NE,P,P,,CUT,Jake Julien,Jacob,Julien,,74.0,217,Eastern Michigan,00-0037200,,,,,,,,,0,,,1,REG,A01,Jake,JUL422041,54869,32004a55-4c42-2041-efcc-19fbf2040bb5,2022,2022,,
2022,CAR,QB,QB,,CUT,D'Eriq King,D'Eriq,King,1997-08-24,71.0,195,Miami,00-0037201,,,,,,,,,0,,,12,REG,P01,D'Eriq,KIN385176,54870,32004b49-4e38-5176-d53b-f3808bd169bf,2022,2022,,
2022,NE,DL,DE,97,ACT,DaMarcus Mitchell,DaMarcus,Mitchell,1998-12-13,75.0,265,Purdue,00-0037202,,,,,,,,,0,"https://static.www.nfl.com/image/private/f_auto,q_auto/league/v2uubqbbyfibrih8e6bs",,18,REG,A01,DaMarcus,MIT203806,54871,32004d49-5420-3806-6354-9591c76726d0,2022,2022,,
2022,NE,DL,DE,74,DEV,LaBryan Ray,LaBryan,Ray,1997-12-05,76.0,292,Alabama,00-0037203,,,,,,,,,0,"https://static.www.nfl.com/image/private/f_auto,q_auto/league/jjmgr0jhazgtsvqoeq1s",,18,REG,P02,LaBryan,RAY370566,54872,32005241-5937-0566-d50a-656421064d2d,2022,2022,,
2022,NE,OL,C,66,ACT,Kody Russey,Kody,Russey,1998-05-14,74.0,292,Houston,00-0037204,,,,,,,,,0,"https://static.www.nfl.com/image/private/f_auto,q_auto/league/wevoqkgfhlut7uhsgyp4",,18,REG,A01,Kody,RUS777318,54873,32005255-5377-7318-882f-37b72763a040,2022,2022,,
2022,NE,DB,SS,41,INA,Brenden Schooler,Brenden,Schooler,1997-05-30,73.0,206,Texas,00-0037205,,,,,,,,,0,"https://static.www.nfl.com/image/private/f_auto,q_auto/league/ceyg0cdhsclngzmnxqqc",,18,REG,A01,Brenden,SCH469730,54874,32005343-4846-9730-87cd-10bdd7cd6cc3,2022,2022,,
2022,KC,OL,G,66,DEV,Mike Caliendo,Mike,Caliendo,1997-10-21,76.0,300,Western Michigan,00-0037207,,,,,,,,,0,"https://static.www.nfl.com/image/private/f_auto,q_auto/league/ow2delrfrhzscb7kmndq",,22,SB,P01,Mike,CAL446522,54876,32004341-4c44-6522-1a56-ed303c87635a,2022,2022,,
2022,KC,LB,LB,43,ACT,Jack Cochrane,Jack,Cochrane,1999-02-09,75.0,225,South Dakota,00-0037208,,6971dfd0-ce0d-11ec-8f7c-f5226825ea6a,,16325,,,,8710,0,"https://static.www.nfl.com/image/private/f_auto,q_auto/league/wnyy6engf3h0g6ibzdhk",,22,SB,A01,Jack,COC365102,54877,3200434f-4336-5102-400d-a6028e7ae2da,2022,2022,,
2022,KC,QB,QB,13,CUT,Dustin Crum,Dustin,Crum,,75.0,207,Kent State,00-0037209,,,,,,,,,0,"https://static.www.nfl.com/image/private/f_auto,q_auto/league/jnc4jxppaf4v2gl2wpw1",,1,REG,W03,Dustin,CRU153424,54878,32004352-5515-3424-b47e-7b5e4fc29d9e,2022,2022,,
2022,KC,RB,RB,80,DEV,Jerrion Ealy,Jerrion,Ealy,2000-08-19,68.0,185,Mississippi,00-0037210,,,,,,,,,0,"https://static.www.nfl.com/image/private/f_auto,q_auto/league/teuekclea61bi3iq6bmr",,22,SB,P01,Jerrion,EAL777631,54879,32004541-4c77-7631-b85e-9a1468b5259f,2022,2022,,
2022,KC,RB,RB,31,CUT,Tayon Fleet-Davis,Tayon,Fleet-Davis,,72.0,215,Maryland,00-0037211,,,,,,,,,0,"https://static.www.nfl.com/image/private/f_auto,q_auto/league/oqf2oangizkn6clzxehp",,1,REG,W03,Tayon,FLE098128,54880,3200464c-4509-8128-8b85-b834242f1cd8,2022,2022,,
2022,KC,DB,DB,40,CUT,Nasir Greer,Nasir,Greer,,72.0,190,Wake Forest,00-0037212,,,,,,,,,0,,,1,REG,A01,Nasir,GRE662969,54881,32004752-4566-2969-7e89-0ef6c790efd9,2022,2022,,
2022,KC,TE,TE,72,CUT,Kehinde Oginni,Kehinde,Oginni,,77.0,215,No College,00-0037213,,,,,,,,,0,,,1,REG,W03,Kehinde,OGI396877,54882,32004f47-4939-6877-d2a5-2a5dd954e3f4,2022,2022,,
2022,KC,LB,LB,48,CUT,Mike Rose,Mike,Rose,,76.0,245,Iowa State,00-0037215,,,,,,,,,0,"https://static.www.nfl.com/image/private/f_auto,q_auto/league/d4cyxekzryocuv3u7ofh",,1,REG,W03,Mike,ROS273961,54884,3200524f-5327-3961-e07b-ce00ebbf78ad,2022,2022,,
2022,KC,WR,WR,8,RES,Justyn Ross,Justyn,Ross,1999-12-15,76.0,205,Clemson,00-0037216,,cce91700-ce0c-11ec-8f7c-f5226825ea6a,,15910,,,,8140,0,,,22,SB,R01,Justyn,ROS616476,54885,3200524f-5361-6476-f4fb-50f09e437079,2022,2022,,
2022,CHI,LB,LB,,ACT,Christian Albright,Christian,Albright,,73.0,235,Ball State,00-0037217,,,,,,,,,0,,,1,REG,A01,Christian,ALB618669,54886,,2022,2022,,
2022,CHI,DB,DB,17,CUT,Jon Alexander,Jonathan,Alexander,,74.0,210,North Carolina-Charlotte,00-0037218,,,,,,,,,0,"https://static.www.nfl.com/image/private/f_auto,q_auto/league/vrjdp4zbatyjwwwvdyvt",,1,REG,W03,Jon,ALE396988,54887,3200414c-4539-6988-bff0-90c4e3896ae0,2022,2022,,
2022,CHI,LS,LS,,ACT,Antonio Ortiz,Antonio,Ortiz,,76.0,245,Texas Christian,00-0037219,,,,,,,,,0,,,1,REG,A01,Antonio,,54888,,2022,2022,,
2022,CHI,RB,RB,30,CUT,De'Montre Tuggle,De'Montre,Tuggle,,70.0,198,Ohio,00-0037220,,,,,,,,,0,"https://static.www.nfl.com/image/private/f_auto,q_auto/league/pquunxwt8xkw0vehmxs9",,1,REG,W03,De'Montre,TUG311467,54889,32005455-4731-1467-920c-ced7c99e7a2c,2022,2022,,
2022,MIA,WR,WR,87,DEV,Calvin Jackson,Calvin,Jackson,1997-05-07,70.0,185,Washington State,00-0037221,,,,,,,,,0,"https://static.www.nfl.com/image/private/f_auto,q_auto/league/jr1pe84d61fywbmvfonl",,19,WC,P01,Calvin,JAC056142,54890,32004a41-4305-6142-8923-5a156d4a936a,2022,2022,,
2022,CHI,DB,DB,38,ACT,A.J. Thomas,A.J.,Thomas,1999-09-18,74.0,220,Western Michigan,00-0037222,,,,,,,,,0,,SAFETY,18,REG,A01,A.J.,THO017634,54891,32005448-4f01-7634-f373-b4ac337648b5,2022,2022,,
2022,CHI,DL,DE,,CUT,Carson Taylor,Carson,Taylor,,75.0,235,Northern Arizona,00-0037223,,,,,,,,,0,,,1,REG,A01,Carson,TAY065681,54892,32005441-5906-5681-5cee-e474427c2db2,2022,2022,,
2022,LAC,P,P,15,ACT,Cameron Dicker,Cameron,Dicker,2000-05-06,73.0,216,Texas,00-0037224,,,,,,,,,0,"https://static.www.nfl.com/image/private/f_auto,q_auto/league/pxjdcxnyc1virgehftos",,19,WC,A01,Cameron,DIC147658,54900,32004449-4314-7658-769e-ef70b4b4ddb7,2022,2022,,
2022,NYJ,OL,G,64,DEV,Chris Glaser,Chris,Glaser,1999-10-01,76.0,300,Virginia,00-0037225,,,,,,,,,0,,,18,REG,P01,Chris,GLA324046,54902,3200474c-4132-4046-897b-819b78933aa1,2022,2022,,
2022,PIT,RB,RB,40,CUT,Mataeo Durant,Mataeo,Durant,,73.0,195,Duke,00-0037226,,,,,,,,,0,,,1,REG,A01,Mataeo,DUR130095,54903,32004455-5213-0095-88f2-09dd1112711b,2022,2022,,
2022,PIT,OL,T,72,CUT,Jordan Tucker,Jordan,Tucker,,79.0,335,North Carolina,00-0037227,,,,,,,,,0,,,1,REG,A01,Jordan,TUC217993,54904,32005455-4321-7993-a7c9-4c379780479d,2022,2022,,
2022,PIT,RB,RB,30,ACT,Jaylen Warren,Jaylen,Warren,1998-11-01,68.0,225,Oklahoma State,00-0037228,4569987,7e397190-ca24-11ec-9f1c-b7114d38a85b,,15984,,,,8228,0,"https://static.www.nfl.com/image/private/f_auto,q_auto/league/q6zstqy99al3sghrufey",RB,18,REG,A01,Jaylen,WAR659612,54905,32005741-5265-9612-2e68-f9e5f43ac527,2022,2022,,
2022,CAR,OL,T,79,ACT,Ikem Ekwonu,Ikem,Ekwonu,2000-10-31,76.0,320,North Carolina State,00-0037229,,,,,,,,,0,"https://static.www.nfl.com/image/private/f_auto,q_auto/league/lytdi7r7gmecefc9mmca",T,18,REG,A01,Ikem,EKW415291,54471,3200454b-5741-5291-c575-71e78a1d7951,2022,2022,CAR,6
2022,JAX,DL,DT,93,CUT,Israel Antwine,Israel,Antwine,2000-03-27,75.0,300,Oklahoma State,00-0037230,,,,,,,,,0,"https://static.www.nfl.com/image/private/f_auto,q_auto/league/pmger6bb28zubcy6qlvo",,6,REG,P01,Israel,ANT738004,54910,3200414e-5473-8004-ebd8-98a5b79e8bb9,2022,2022,,
2022,JAX,WR,WR,80,DEV,Kevin Austin,Kevin,Austin,2000-03-30,74.0,215,Notre Dame,00-0037231,,,,,,,,,0,"https://static.www.nfl.com/image/private/f_auto,q_auto/league/zjvxwdx8hfbiqtb6elk2",,20,DIV,P01,Kevin,AUS749254,54911,32004155-5374-9254-94ca-870bbdf22344,2022,2022,,
2022,JAX,OL,G,77,DEV,Nick Ford,Nick,Ford,1999-10-08,77.0,317,Utah,00-0037232,,,,,,,,,0,"https://static.www.nfl.com/image/private/f_auto,q_auto/league/avtwylcchpqyrcveutsy",,1,REG,P01,Nick,FOR306222,54912,3200464f-5230-6222-5354-59e360bd79f1,2022,2022,,
2022,JAX,TE,TE,86,DEV,Gerrit Prince,Gerrit,Prince,1997-08-25,77.0,240,Alabama-Birmingham,00-0037233,,2760d080-cbb8-11ec-88c8-199e5defa0d2,,15888,,,,8247,0,"https://static.www.nfl.com/image/private/f_auto,q_auto/league/bbc2ugnyhcaymqg5zyz0",,20,DIV,P01,Gerrit,PRI483210,54913,32005052-4948-3210-488c-d2dd23f90e8d,2022,2022,,
2022,CAR,RB,RB,37,CUT,John Lovett,John,Lovett,1999-08-28,72.0,209,Penn State,00-0037234,,,,,,,,,0,"https://static.www.nfl.com/image/private/f_auto,q_auto/league/brod1gne9trhogzwrye1",,9,REG,P01,John,LOV557546,54914,32004c4f-5655-7546-7745-688b76713027,2022,2022,,
2022,JAX,LB,OLB,44,ACT,Travon Walker,Travon,Walker,2000-12-18,77.0,275,Georgia,00-0037235,,,,,,,,,0,"https://static.www.nfl.com/image/private/f_auto,q_auto/league/qkyhhzbv4efzqq7qa47x",EDGE,20,DIV,A01,Travon,WAL335860,54466,32005741-4c33-5860-fba3-6bbb26e956a0,2022,2022,JAX,1
2022,DET,DL,DE,97,ACT,Aidan Hutchinson,Aidan,Hutchinson,2000-08-09,79.0,265,Michigan,00-0037236,,,,,,,,,0,"https://static.www.nfl.com/image/private/f_auto,q_auto/league/ff9gifhtjaluenwaeuwn",EDGE,18,REG,A01,Aidan,HUT099869,54467,32004855-5409-9869-e552-bb07ce41f012,2022,2022,DET,2
2022,HOU,DB,CB,24,RES,Derek Stingley,Derek,Stingley,2001-06-20,72.0,195,Louisiana State,00-0037237,,,,,,,,,0,"https://static.www.nfl.com/image/private/f_auto,q_auto/league/byf0kl7vphu3w3psx8sc",,18,REG,R01,Derek,STI601420,54468,32005354-4960-1420-a38e-b73a2b4cd5a6,2022,2022,HOU,3
2022,ATL,WR,WR,5,ACT,Drake London,Drake,London,2001-07-24,76.0,210,Southern California,00-0037238,4426502,5053f9ae-15d9-4730-833d-484886b6f890,,15868,,,,8112,0,"https://static.www.nfl.com/image/private/f_auto,q_auto/league/rrwzcsvsfqq9xptp8o48",WR,18,REG,A01,Drake,LON013463,54473,32004c4f-4e01-3463-a3e9-f95e800c8bba,2022,2022,ATL,8
2022,NO,WR,WR,12,ACT,Chris Olave,Chris,Olave,2000-06-27,73.0,185,Ohio State,00-0037239,4361370,2375d572-a36c-4365-bb3f-87e156526e2f,,15895,,,,8144,0,"https://static.www.nfl.com/image/private/f_auto,q_auto/league/fh4mzrgbiqemhomzpukt",WR,18,REG,A01,Chris,OLA659325,54476,32004f4c-4165-9325-c259-01a521202e2f,2022,2022,NO,11
2022,DET,WR,WR,9,ACT,Jameson Williams,Jameson,Williams,2001-03-26,73.0,189,Alabama,00-0037240,4426388,590adb00-5598-47ad-b6d4-16a6c5519847,,15849,,,,8148,0,"https://static.www.nfl.com/image/private/f_auto,q_auto/league/kfieht3mru8nd2itoi4a",WR,18,REG,A01,Jameson,WIL344909,54477,32005749-4c34-4909-bc5e-bde59d1a8826,2022,2022,DET,12
2022,NO,OL,T,70,ACT,Trevor Penning,Trevor,Penning,1999-05-15,79.0,321,Northern Iowa,00-0037241,,,,,,,,,0,"https://static.www.nfl.com/image/private/f_auto,q_auto/league/tzdopcx7xh6onrbbfwxf",T,18,REG,A01,Trevor,PEN368721,54484,32005045-4e36-8721-c716-03d03a853c33,2022,2022,NO,19
2022,BUF,DB,CB,24,ACT,Kaiir Elam,Kaiir,Elam,2001-05-05,73.0,196,Florida,00-0037242,,,,,,,,,0,"https://static.www.nfl.com/image/private/f_auto,q_auto/league/d89tkvebapdips8vc2qh",CB,20,DIV,A01,Kaiir,ELA550002,54488,3200454c-4155-0002-a198-92eda6859fa9,2022,2022,BUF,23
2022,DAL,OL,T,73,ACT,Tyler Smith,Tyler,Smith,2001-04-03,78.0,332,Tulsa,00-0037243,,,,,,,,,0,"https://static.www.nfl.com/image/private/f_auto,q_auto/league/ins6wpe18qy0bn1flkpw",T,20,DIV,A01,Tyler,SMI765890,54489,3200534d-4976-5890-507b-4d662371e33a,2022,2022,DAL,24
2022,JAX,LB,ILB,33,ACT,Devin Lloyd,Devin,Lloyd,1998-09-30,75.0,235,Utah,00-0037244,4243256,95490459-68e2-4c72-bb60-eae1aab0ecb3,,16006,,,,8329,0,"https://static.www.nfl.com/image/private/f_auto,q_auto/league/ltvsuxhodwjzfyxrwxhw",MLB,20,DIV,A01,Devin,LLO339464,54492,32004c4c-4f33-9464-66e8-761a50bda0c2,2022,2022,JAX,27
2022,MIN,DB,FS,6,RES,Lewis Cine,Lewis,Cine,1999-10-05,74.0,200,Georgia,00-0037245,,,,,,,,,0,"https://static.www.nfl.com/image/private/f_auto,q_auto/league/yfhzscazraql2jjmsbt4",,19,WC,R01,Lewis,CIN668075,54497,32004349-4e66-8075-a009-a60b6f3b4838,2022,2022,MIN,32
2022,HOU,DB,FS,5,ACT,Jalen Pitre,Jalen,Pitre,1999-06-03,71.0,200,Baylor,00-0037246,,,,,,,,,0,"https://static.www.nfl.com/image/private/f_auto,q_auto/league/hesmomevvik2h1xsd9ep",SAFETY,18,REG,A01,Jalen,PIT083599,54502,32005049-5408-3599-b04a-4c2328e5af83,2022,2022,HOU,37
2022,PIT,WR,WR,14,ACT,George Pickens,George,Pickens,2001-03-04,75.0,200,Georgia,00-0037247,4426354,018e8f25-54e5-44f1-967a-7ff237f1c52f,,15853,,,,8137,0,"https://static.www.nfl.com/image/private/f_auto,q_auto/league/weaecvrxrfflsqm8kvpt",WR,18,REG,A01,George,PIC576156,54517,32005049-4357-6156-653f-e3c2b6d1b9bc,2022,2022,PIT,52
2022,BUF,RB,RB,28,ACT,James Cook,James,Cook,1999-09-25,71.0,190,Georgia,00-0037248,4379399,ce5de0e5-9f76-42ee-b93a-3ef88af9b0a7,,15876,,,,8138,0,"https://static.www.nfl.com/image/private/f_auto,q_auto/league/hh0bnf0lr6lzwyceorwj",RB,20,DIV,A01,James,COO151970,54528,3200434f-4f15-1970-d2e5-e575c819187c,2022,2022,BUF,63
2022,DEN,LB,OLB,42,ACT,Nik Bonitto,Nik,Bonitto,1999-09-26,75.0,238,Oklahoma,00-0037249,4360259,784f8433-0379-46bc-b9ed-6c5a1783513d,,16090,,,,8280,0,"https://static.www.nfl.com/image/private/f_auto,q_auto/league/ucbusrnaui7cqx92r9yb",EDGE,18,REG,A01,Nik,BON490179,54529,3200424f-4e49-0179-eaad-5763d16ae6ae,2022,2022,DEN,64
2022,CLE,DB,CB,23,ACT,Martin Emerson,Martin,Emerson,2000-09-27,74.0,200,Mississippi State,00-0037250,,,,,,,,,0,"https://static.www.nfl.com/image/private/f_auto,q_auto/league/bnizyjp9enorj6vgeazw",CB,18,REG,A01,Martin,EME404215,54533,3200454d-4540-4215-97fb-3728b8869883,2022,2022,CLE,68
2022,CLE,DL,DE,94,ACT,Alex Wright,Alex,Wright,2000-09-05,77.0,270,Alabama-Birmingham,00-0037251,,,,,,,,,0,"https://static.www.nfl.com/image/private/f_auto,q_auto/league/tgtm7eaxylkjq3smtbqq",EDGE,18,REG,A01,Alex,WRI062922,54543,32005752-4906-2922-b5b0-18513ba02e8e,2022,2022,CLE,78
2022,DEN,TE,TE,80,RES,Greg Dulcich,Greg,Dulcich,2000-03-26,76.0,250,UCLA,00-0037252,4367209,b9e4a022-d15c-4cef-9879-170277f17207,,15891,,,,8172,0,"https://static.www.nfl.com/image/private/f_auto,q_auto/league/jtnydhekjp1aznekq0cq",,18,REG,R01,Greg,DUL269681,54545,32004455-4c26-9681-69d0-93e30ab63839,2022,2022,DEN,80
2022,NE,DB,CB,25,ACT,Marcus Jones,Marcus,Jones,1998-10-22,68.0,185,Houston,00-0037253,,,,,,,,,0,"https://static.www.nfl.com/image/private/f_auto,q_auto/league/nui4lxpqydrnzfu4zujr",CB,18,REG,A01,Marcus,JON587578,54550,32004a4f-4e58-7578-6b87-c99102b3d30d,2022,2022,NE,85
2022,BUF,LB,OLB,43,INA,Terrel Bernard,Terrel,Bernard,1999-05-07,73.0,222,Baylor,00-0037254,4259166,5978e634-af6b-4317-bcc3-1ad024421d13,,16187,,,,8311,0,"https://static.www.nfl.com/image/private/f_auto,q_auto/league/atnloclebbxmox8w3xdb",,20,DIV,A01,Terrel,BER236424,54554,32004245-5223-6424-136f-901f81674ee9,2022,2022,BUF,89
2022,LV,OL,G,66,ACT,Dylan Parham,Dylan,Parham,1999-08-24,75.0,285,Memphis,00-0037255,,,,,,,,,0,"https://static.www.nfl.com/image/private/f_auto,q_auto/league/d7wccc3mjovnyo8c5gab",G,18,REG,A01,Dylan,PAR061324,54555,32005041-5206-1324-7c3a-da01e660f29f,2022,2022,LV,90
2022,TB,RB,RB,29,ACT,Rachaad White,Rachaad,White,1999-01-12,72.0,210,Arizona State,00-0037256,4697815,4d3f2f57-215c-4cb4-bf75-a7ecdcdded70,,15802,,,,8136,0,"https://static.www.nfl.com/image/private/f_auto,q_auto/league/hls9krnjkudneprlkqxh",RB,19,WC,A01,Rachaad,WHI393110,54556,32005748-4939-3110-903e-6b6c868dd3ab,2022,2022,TB,91
2022,CLE,WR,WR,18,ACT,David Bell,David,Bell,2000-12-14,73.0,205,Purdue,00-0037257,4570409,169faab3-b52b-40ab-93ea-a08139f3fadb,,15803,,,,8118,0,"https://static.www.nfl.com/image/private/f_auto,q_auto/league/u5kz6ek80wxrl3s3ewxn",SLOT_WR,18,REG,A01,David,BEL269820,54564,32004245-4c26-9820-eec2-961722ae3742,2022,2022,CLE,99
2022,HOU,RB,RB,31,RES,Dameon Pierce,Dameon,Pierce,2000-02-19,70.0,215,Florida,00-0037258,4360238,5d4ef6da-a6b5-4d9c-adc0-28dfdbe9315e,,15875,,,,8129,0,"https://static.www.nfl.com/image/private/f_auto,q_auto/league/ha8dflxsj1egza1sxbzb",,18,REG,R01,Dameon,PIE245478,54572,32005049-4524-5478-115c-8ae11dbeefa6,2022,2022,HOU,107
2022,NYG,LB,ILB,41,INA,Micah McFadden,Micah,McFadden,2000-01-03,74.0,232,Indiana,00-0037259,4371961,7642bafd-0974-46f5-9516-fe0c46fedb97,,16186,,,,8396,0,"https://static.www.nfl.com/image/private/f_auto,q_auto/league/tz7egri9qootpejhh5ql",,20,DIV,A01,Micah,MCF189074,54611,32004d43-4618-9074-1d3b-5835bc5ff315,2022,2022,NYG,146
2022,NYG,DL,DT,98,RES,D.J. Davidson,D.J.,Davidson,1999-09-19,75.0,325,Arizona State,00-0037260,,,,,,,,,0,"https://static.www.nfl.com/image/private/f_auto,q_auto/league/mcernx61jienlfnrzauw",,20,DIV,R01,D.J.,DAV056115,54612,32004441-5605-6115-9c7c-7f852f624e18,2022,2022,NYG,147
2022,BUF,WR,WR,10,ACT,Khalil Shakir,Khalil,Shakir,2000-02-03,72.0,190,Boise State,00-0037261,4373678,0ce9ddce-bdf6-469c-8a32-9cf0ed3714a4,,15892,,,,8134,0,"https://static.www.nfl.com/image/private/f_auto,q_auto/league/qoltpowkukxjs5xtpn8a",SLOT_WR,20,DIV,A01,Khalil,SHA107427,54613,32005348-4110-7427-f34a-bb0aa1d8e556,2022,2022,BUF,148
2022,HOU,DL,DT,56,INA,Thomas Booker,Thomas,Booker,1999-11-11,75.0,310,Stanford,00-0037262,,,,,,,,,0,"https://static.www.nfl.com/image/private/f_auto,q_auto/league/e0mchifocftkwxx5lloa",,18,REG,A01,Thomas,BOO053215,54615,3200424f-4f05-3215-dd8a-6e430613f1b9,2022,2022,HOU,150
2022,ATL,RB,RB,25,ACT,Tyler Allgeier,Tyler,Allgeier,2000-04-15,70.0,220,Brigham Young,00-0037263,4373626,f4529909-1a02-4f4b-a1f3-315cad100683,,15976,,,,8132,0,"https://static.www.nfl.com/image/private/f_auto,q_auto/league/osk8e6vpyxuzkrsalopb",RB,18,REG,A01,Tyler,ALL702582,54616,3200414c-4c70-2582-4cca-1a2070c9a090,2022,2022,ATL,151
2022,DEN,DB,SS,32,ACT,Delarrin Turner-Yell,Delarrin,Turner-Yell,1999-12-16,71.0,190,Oklahoma,00-0037264,,,,,,,,,0,"https://static.www.nfl.com/image/private/f_auto,q_auto/league/trjnec4lub0iscbvzufb",,18,REG,A01,Delarrin,TUR764277,54617,32005455-5276-4277-1af5-7da4355bb14a,2022,2022,DEN,152
2022,JAX,RB,RB,24,ACT,Snoop Conner,Jarod,Conner,2000-08-01,70.0,220,Mississippi,00-0037265,4567246,2b7f2ddb-f70a-4c67-a10f-967fc873e7d8,,15897,,,,8179,0,"https://static.www.nfl.com/image/private/f_auto,q_auto/league/ejtzpixjtthszwyiutxo",RB,20,DIV,A01,Snoop,CON474976,54619,3200434f-4e47-4976-67fa-3e11b58a8850,2022,2022,JAX,154
2022,DAL,OL,T,79,RES,Matt Waletzko,Matt,Waletzko,1999-12-15,80.0,305,North Dakota,00-0037266,,,,,,,,,0,"https://static.www.nfl.com/image/private/f_auto,q_auto/league/ml3onj4rhtt6gbuffkgz",,20,DIV,R01,Matt,WAL062140,54620,32005741-4c06-2140-fce3-61ae5ec8a242,2022,2022,DAL,155
2022,CLE,RB,RB,34,ACT,Jerome Ford,Jerome,Ford,1999-09-12,70.0,220,Cincinnati,00-0037267,4372019,cdc61676-6592-43f9-a4a6-d29ce52ac8f4,,15989,,,,8143,0,"https://static.www.nfl.com/image/private/f_auto,q_auto/league/j432yi9rlivxd95zur4r",,18,REG,A01,Jerome,FOR234027,54621,3200464f-5223-4027-cb9f-9f2ae803ccd5,2022,2022,CLE,156
2022,TB,DB,CB,27,ACT,Zyon McCollum,Zyon,McCollum,1999-05-03,74.0,200,Sam Houston State,00-0037268,,,,,,,,,0,"https://static.www.nfl.com/image/private/f_auto,q_auto/league/kqhz2mqocrm9sqvbbzbo",,19,WC,A01,Zyon,MCC496223,54622,32004d43-4349-6223-dfc9-cd33beb7fa6f,2022,2022,TB,157
2022,IND,DL,DT,93,ACT,Eric Johnson,Eric,Johnson,1998-07-16,76.0,298,Missouri State,00-0037269,,,,,,,,,0,,INTERIOR_LINE,18,REG,A01,Eric,JOH227083,54624,32004a4f-4822-7083-8c6a-4071956ca3b3,2022,2022,IND,159
2022,LAC,DL,DT,93,RES,Otito Ogbonnia,Otito,Ogbonnia,2000-08-25,76.0,320,UCLA,00-0037270,,,,,,,,,0,"https://static.www.nfl.com/image/private/f_auto,q_auto/league/scu1l1sbsyckw225cruk",,19,WC,R01,Otito,OGB573735,54625,32004f47-4257-3735-a031-5296cebb42ec,2022,2022,LAC,160
2022,NO,LB,LB,52,RES,D'Marco Jackson,D'Marco,Jackson,1998-07-20,73.0,230,Appalachian State,00-0037271,,64326335-69b6-4dff-9e02-42b8e2a5bd8d,,16215,,,,8367,0,,,18,REG,R01,D'Marco,JAC133001,54626,32004a41-4313-3001-24a4-1923581d0f43,2022,2022,NO,161
2022,DEN,WR,WR,12,INA,Montrell Washington,Montrell,Washington,1999-03-14,70.0,170,Samford,00-0037272,4248822,90785e41-84ca-41b8-a7f8-47f20086275b,,16272,,,,8475,0,"https://static.www.nfl.com/image/private/f_auto,q_auto/league/rur1cbn1mnmy25s4allp",,18,REG,A01,Montrell,WAS581408,54627,32005741-5358-1408-3dd4-fb0fc5753c22,2022,2022,DEN,162
2022,TEN,WR,WR,18,RES,Kyle Philips,Kyle,Philips,1999-06-17,71.0,191,UCLA,00-0037273,4367175,d32dad06-4e96-4a95-8db4-3a63948dc685,,15830,,,,8171,0,"https://static.www.nfl.com/image/private/f_auto,q_auto/league/qaoyndksyhf0bxoylwj2",,18,REG,R01,Kyle,PHI112884,54628,32005048-4911-2884-28b7-4ae8758410d5,2022,2022,TEN,163
2022,MIN,DL,DE,90,INA,Esezi Otomewo,Esezi,Otomewo,1999-03-09,77.0,285,Minnesota,00-0037274,,,,,,,,,0,"https://static.www.nfl.com/image/private/f_auto,q_auto/league/vurccz1uflfgjby95chn",,19,WC,A01,Esezi,OTO207645,54630,32004f54-4f20-7645-aebd-58df974e1ca7,2022,2022,MIN,165
2022,DAL,DB,CB,26,ACT,Daron Bland,Daron,Bland,1999-07-12,72.0,206,Fresno State,00-0037275,,,,,,,,,0,"https://static.www.nfl.com/image/private/f_auto,q_auto/league/cnyrygvnn5roohzgxbqa",CB,20,DIV,A01,Daron,BLA662271,54632,3200424c-4166-2271-c6f7-23b05759f9e1,2022,2022,DAL,167
2022,MIN,RB,RB,32,INA,Ty Chandler,Ty,Chandler,1998-05-12,71.0,210,North Carolina,00-0037276,4242431,a0833a94-60ce-4a3a-a32a-d067fe7b253d,,15979,,,,8230,0,"https://static.www.nfl.com/image/private/f_auto,q_auto/league/t1y5zzx01rocfxfubgam",,19,WC,A01,Ty,CHA336645,54634,32004348-4133-6645-66e1-215e9c59ff5f,2022,2022,MIN,169
2022,HOU,TE,TE,84,ACT,Teagan Quitoriano,Teagan,Quitoriano,2000-03-15,78.0,259,Oregon State,00-0037277,4374045,06cb6aff-c81e-4553-95ba-467187f408d4,,16034,,,,8227,0,"https://static.www.nfl.com/image/private/f_auto,q_auto/league/clbbp0xybwyxnueakzxv",TE,18,REG,A01,Teagan,QUI815277,54635,32005155-4981-5277-f216-e0cb1124852e,2022,2022,HOU,170
2022,DEN,OL,C,60,ACT,Luke Wattenberg,Luke,Wattenberg,1997-09-10,77.0,300,Washington,00-0037278,,,,,,,,,0,"https://static.www.nfl.com/image/private/f_auto,q_auto/league/xdqn6aaewuo1qvnenrc7",,18,REG,A01,Luke,WAT622924,54636,32005741-5462-2924-7a08-38e55cf9dafc,2022,2022,DEN,171
2022,NYG,OL,G,60,RES,Marcus McKethan,Marcus,McKethan,2000-05-19,79.0,330,North Carolina,00-0037279,,,,,,,,,0,"https://static.www.nfl.com/image/private/f_auto,q_auto/league/cgjqhwgpbcesr4ywkgi6",,20,DIV,R01,Marcus,MCK359274,54638,32004d43-4b35-9274-1b0f-8987c7afb6f8,2022,2022,NYG,173
2022,LV,DL,DT,94,INA,Matthew Butler,Matthew,Butler,1999-06-10,76.0,290,Tennessee,00-0037280,,,,,,,,,0,"https://static.www.nfl.com/image/private/f_auto,q_auto/league/dembzv1xpserfseq559n",,18,REG,A01,Matthew,BUT490520,54640,32004255-5449-0520-967e-567796450b28,2022,2022,LV,175
2022,DAL,LB,LB,33,ACT,Damone Clark,Damone,Clark,2000-06-28,74.0,239,Louisiana State,00-0037281,,9976d1c8-b52f-4eba-8f95-7ee288c7b730,,16017,,,,8309,0,"https://static.www.nfl.com/image/private/f_auto,q_auto/league/bbzsamszsne34wjq12ei",,20,DIV,A01,Damone,CLA239010,54641,3200434c-4123-9010-bfbd-6f575fb561ea,2022,2022,DAL,176
2022,DET,TE,TE,82,ACT,James Mitchell,James,Mitchell,1999-08-11,76.0,255,Virginia Tech,00-0037282,4361988,f461da0c-f764-414c-9e0d-2f02e22a68d8,,16035,,,,8170,0,"https://static.www.nfl.com/image/private/f_auto,q_auto/league/clnj6alb8tmjjbhdbqcb",TE,18,REG,A01,James,MIT332595,54642,32004d49-5433-2595-1036-880278848904,2022,2022,DET,177
2022,WAS,DL,DT,91,ACT,John Ridgeway,John,Ridgeway,1999-05-07,77.0,320,Arkansas,00-0037283,,,,,,,,,0,"https://static.www.nfl.com/image/private/f_auto,q_auto/league/uashkoz2rfyz4erjqnx4",INTERIOR_LINE,18,REG,A01,John,RID334254,54643,32005249-4433-4254-703d-fca6e7bb2ee9,2022,2022,DAL,178
2022,BUF,P,P,19,CUT,Matt Araiza,Matt,Araiza,,74.0,200,San Diego State,00-0037284,,,,,,,,,0,"https://static.www.nfl.com/image/private/f_auto,q_auto/league/ygbvxn5qergrracu3n1p",,1,REG,W03,Matt,ARA317575,54645,32004152-4131-7575-504d-a8b693e6a7b6,2022,2022,BUF,180
2022,NYG,LB,LB,43,RES,Darrian Beavers,Darrian,Beavers,1999-07-05,76.0,255,Cincinnati,00-0037285,4239121,89b3b267-3cc6-4b0d-93c0-867b91dcfeaa,,15877,,,,8292,0,"https://static.www.nfl.com/image/private/f_auto,q_auto/league/gbjnap916sarbwtxcgsb",,20,DIV,R01,Darrian,BEA794435,54647,32004245-4179-4435-46df-ffda0df989a5,2022,2022,NYG,182
2022,NE,RB,RB,36,INA,Kevin Harris,Kevin,Harris,2000-11-17,70.0,220,South Carolina,00-0037286,4570674,b29ae83e-ccfb-4219-b39a-70a1c94a2414,,15991,,,,8174,0,"https://static.www.nfl.com/image/private/f_auto,q_auto/league/isfikgczofoxj0keesxv",,18,REG,A01,Kevin,HAR457260,54648,32004841-5245-7260-8be0-ef52c1ce6dea,2022,2022,NE,183
2022,MIN,OL,T,63,ACT,Vederian Lowe,Vederian,Lowe,1999-04-17,78.0,320,Illinois,00-0037287,,,,,,,,,0,"https://static.www.nfl.com/image/private/f_auto,q_auto/league/slqlqnovvtagitkxsm8y",,19,WC,A01,Vederian,LOW394481,54649,32004c4f-5739-4481-d1d4-6711a6aecbb4,2022,2022,MIN,184
2022,BUF,DB,CB,47,INA,Christian Benford,Christian,Benford,2000-09-21,73.0,205,Villanova,00-0037288,,,,,,,,,0,"https://static.www.nfl.com/image/private/f_auto,q_auto/league/pgsvpdi8s0zwsu6ptdod",,20,DIV,A01,Christian,BEN036336,54650,32004245-4e03-6336-12b7-d48d86b2de58,2022,2022,BUF,185
2022,DET,LB,ILB,44,ACT,Malcolm Rodriguez,Malcolm,Rodriguez,1999-03-29,71.0,225,Oklahoma State,00-0037289,4241411,654b6b85-44e3-4a6e-a7ff-ebcdaa49fe51,,16052,,,,8334,0,"https://static.www.nfl.com/image/private/f_auto,q_auto/league/or9rc8pytggcruiyvykd",MLB,18,REG,A01,Malcolm,ROD688025,54653,3200524f-4468-8025-e312-d977094cdc1f,2022,2022,DET,188
2022,ATL,OL,G,75,DEV,Justin Shaffer,Justin,Shaffer,1998-06-20,76.0,330,Georgia,00-0037290,,,,,,,,,0,"https://static.www.nfl.com/image/private/f_auto,q_auto/league/dtffyyeg1lf2x75hhrt6",,18,REG,P01,Justin,SHA072409,54655,32005348-4107-2409-4bfa-f9b2b9d5d1a0,2022,2022,ATL,190
2022,MIN,WR,WR,83,ACT,Jalen Nailor,Jalen,Nailor,1999-03-02,72.0,191,Michigan State,00-0037291,4382466,3f9e3634-54d7-46a4-bf26-67274500c907,,16025,,,,8180,0,"https://static.www.nfl.com/image/private/f_auto,q_auto/league/ccak4uwqxkpae0n71pdd",,19,WC,A01,Jalen,NAI067484,54656,32004e41-4906-7484-dbfb-80032db5a1ba,2022,2022,MIN,191
2022,IND,TE,TE,85,RES,Andrew Ogletree,Andrew,Ogletree,1998-07-28,77.0,250,Youngstown State,00-0037292,,59f460a8-b5af-40e6-840c-429762b278b3,,16277,,,,8489,0,,,18,REG,R01,Andrew,OGL659589,54657,32004f47-4c65-9589-92c7-47c2c9086ad6,2022,2022,IND,192
2022,DAL,LB,MLB,50,RES,Devin Harper,Devin,Harper,1998-05-13,72.0,238,Oklahoma State,00-0037293,,04b3ee50-da8c-4917-a6fd-9d11d6d81887,,16276,,,,8498,0,"https://static.www.nfl.com/image/private/f_auto,q_auto/league/obttrqlndcq1gm8hnwvx",,20,DIV,R48,Devin,HAR256419,54658,32004841-5225-6419-642e-8535c2f8bdff,2022,2022,DAL,193
2022,NO,DL,DT,59,DEV,Jordan Jackson,Jordan,Jackson,1998-01-30,76.0,285,Air Force,00-0037294,,,,,,,,,0,"https://static.www.nfl.com/image/private/f_auto,q_auto/league/fgrklq4y2is4yod2ivlc",,18,REG,P01,Jordan,JAC277405,54659,32004a41-4327-7405-7338-34e0e3962b29,2022,2022,NO,194
2022,LAC,OL,G,68,ACT,Jamaree Salyer,Jamaree,Salyer,2000-07-13,76.0,325,Georgia,00-0037295,,,,,,,,,0,"https://static.www.nfl.com/image/private/f_auto,q_auto/league/fymeautevwko09yt7y2v",T,19,WC,A01,Jamaree,SAL810806,54660,32005341-4c81-0806-8b3f-dafba9b9dbf5,2022,2022,LAC,195
2022,JAX,DB,DB,34,INA,Gregory Junior,Gregory,Junior,1999-06-21,72.0,190,Ouachita Baptist,00-0037296,,,,,,,,,0,"https://static.www.nfl.com/image/private/f_auto,q_auto/league/kgy3lobytg5efkpipijg",,20,DIV,A01,Gregory,JUN171741,54662,32004a55-4e17-1741-8e96-21072271a5c7,2022,2022,JAX,197
2022,CAR,OL,G,64,ACT,Cade Mays,Cade,Mays,1999-04-26,78.0,320,Tennessee,00-0037297,,,,,,,,,0,"https://static.www.nfl.com/image/private/f_auto,q_auto/league/tbubgvhdgt8zdromfljy",G,18,REG,A01,Cade,MAY714011,54664,32004d41-5971-4011-5dbe-c433b4d05a42,2022,2022,CAR,199
2022,NE,DL,DT,96,INA,Sam Roberts,Samuel,Roberts,1998-04-14,77.0,292,Northwest Missouri State,00-0037298,,,,,,,,,0,"https://static.www.nfl.com/image/private/f_auto,q_auto/league/gpnvlda1vj7qvpbweeoz",,18,REG,A01,Sam,ROB240088,54665,3200524f-4224-0088-b0b9-2cc054ba717d,2022,2022,NE,200
2022,ARI,RB,RB,30,ACT,Keaontay Ingram,Keaontay,Ingram,1999-10-26,72.0,215,Southern California,00-0037299,4362087,9b212b70-ccc3-4c77-ba73-09afeb929225,,15847,,,,8221,0,"https://static.www.nfl.com/image/private/f_auto,q_auto/league/bgdtcid9jk1tcnu9zylb",RB,18,REG,A01,Keaontay,ING566419,54666,3200494e-4756-6419-28c3-9e84e33efb7c,2022,2022,ARI,201
2022,CLE,WR,WR,12,ACT,Mike Woods,Michael,Woods,2000-03-19,73.0,196,Oklahoma,00-0037300,,,,,,,,,0,"https://static.www.nfl.com/image/private/f_auto,q_auto/league/qlps63mn8jfsvqgf7cub",WR,18,REG,A01,Mike,WOO545683,54667,3200574f-4f54-5683-661d-2c7b56b7d9fb,2022,2022,CLE,202
2022,MIN,DB,DB,25,ACT,Theo Jackson,Theo,Jackson,1998-10-02,73.0,203,Tennessee,00-0037301,,,,,,,,,0,"https://static.www.nfl.com/image/private/f_auto,q_auto/league/mv5djthxcl8tnzdc7xhi",,19,WC,A01,Theo,JAC576663,54669,32004a41-4357-6663-cb92-851bb551532a,2022,2022,TEN,204
2022,HOU,OL,T,76,ACT,Austin Deculus,Austin,Deculus,1999-03-12,77.0,330,Louisiana State,00-0037302,,,,,,,,,0,"https://static.www.nfl.com/image/private/f_auto,q_auto/league/nuu7vop1llmhxhdfdeqn",,18,REG,A01,Austin,DEC713964,54670,32004445-4371-3964-2fc8-58ad6c573272,2022,2022,HOU,205
2022,DEN,DL,DE,91,ACT,Matt Henningsen,Matt,Henningsen,1999-07-09,75.0,291,Wisconsin,00-0037303,,,,,,,,,0,"https://static.www.nfl.com/image/private/f_auto,q_auto/league/pqrpixwrhkkm3b8oanqx",INTERIOR_LINE,18,REG,A01,Matt,HEN588886,54671,32004845-4e58-8886-15fe-0b7cdc21b57b,2022,2022,DEN,206
2022,PIT,TE,TE,83,ACT,Connor Heyward,Connor,Heyward,1999-01-22,72.0,230,Michigan State,00-0037304,4241961,62e96d7c-e4dd-4a90-8c3a-8017eb69120d,,15916,,,,8181,0,"https://static.www.nfl.com/image/private/f_auto,q_auto/league/zulggzj8lfpvz1vozqto",TE,18,REG,A01,Connor,HEY274236,54673,32004845-5927-4236-2cd3-ccab57204d8c,2022,2022,PIT,208
2022,GB,OL,T,78,ACT,Luke Tenuta,Luke,Tenuta,1999-09-01,80.0,322,Virginia Tech,00-0037305,,,,,,,,,0,"https://static.www.nfl.com/image/private/f_auto,q_auto/league/l0xenqg77qmm6rhxi5d3",,18,REG,A01,Luke,TEN675714,54674,32005445-4e67-5714-49e8-18b876a064eb,2022,2022,BUF,209
2022,ATL,TE,TE,87,RES,John FitzPatrick,John,FitzPatrick,2000-03-09,79.0,250,Georgia,00-0037306,4379401,b221f4da-3c7c-4f51-b3f0-d2c68d5d9369,,16170,,,,8500,0,"https://static.www.nfl.com/image/private/f_auto,q_auto/league/fk7rrhbxhg16jszy9va6",,18,REG,R48,John,FIT782415,54678,32004649-5478-2415-2f25-2d9d951e0360,2022,2022,ATL,213
2022,LAC,DB,FS,36,ACT,Ja'Sir Taylor,Ja'Sir,Taylor,1999-01-08,70.0,185,Wake Forest,00-0037307,,,,,,,,,0,,CB,19,WC,A01,Ja'Sir,TAY336112,54679,32005441-5933-6112-1646-dede62ea9c84,2022,2022,LAC,214
2022,ARI,OL,C,54,INA,Lecitus Smith,Lecitus,Smith,1998-07-13,75.0,315,Virginia Tech,00-0037308,,,,,,,,,0,"https://static.www.nfl.com/image/private/f_auto,q_auto/league/tdzggyirserhxwtmbmev",,18,REG,A01,Lecitus,SMI480241,54680,3200534d-4948-0241-5f4f-e1409b85fa3d,2022,2022,ARI,215
2022,TEN,DL,DT,97,DEV,Curtis Brooks,Curtis,Brooks,1998-02-06,74.0,285,Cincinnati,00-0037309,,,,,,,,,0,"https://static.www.nfl.com/image/private/f_auto,q_auto/league/q8wavdq3oa2beguelts4",,18,REG,P01,Curtis,BRO122222,54681,32004252-4f12-2222-1e61-2d410945f2b9,2022,2022,IND,216
2022,DET,LB,LB,59,ACT,James Houston,James,Houston,1998-11-16,73.0,225,Jackson State,00-0037310,4240608,6f9be289-1bfa-46b8-b246-57adb586c641,,16281,,,,8494,0,"https://static.www.nfl.com/image/private/f_auto,q_auto/league/o4dbyhaw2t3potudmnvv",EDGE,18,REG,A01,James,HOU460710,54682,3200484f-5546-0710-2211-95488cd5c2bb,2022,2022,DET,217
2022,TB,TE,TE,41,ACT,Ko Kieft,Ko,Kieft,1998-01-20,77.0,265,Minnesota,00-0037311,4034779,f96b8338-4ffb-4612-8c29-58dc3b12db69,,16282,,,,8484,0,"https://static.www.nfl.com/image/private/f_auto,q_auto/league/dr5ri01zgjv8mfxplf4o",TE,19,WC,A01,Ko,KIE106484,54683,32004b49-4510-6484-951d-66586a88866f,2022,2022,TB,218
2022,TEN,LB,LB,45,RES,Chance Campbell,Chance,Campbell,1999-10-08,74.0,235,Mississippi,00-0037312,,abcd55e3-48da-4d45-8252-2131153e2906,,16260,,,,8369,0,"https://static.www.nfl.com/image/private/f_auto,q_auto/league/dbyajtsahohnbhgxeowt",,18,REG,R01,Chance,CAM214668,54684,32004341-4d21-4668-7130-d64cff5809a1,2022,2022,TEN,219
2022,JAX,DB,CB,30,INA,Montaric Brown,Montaric,Brown,1999-08-24,72.0,190,Arkansas,00-0037313,,,,,,,,,0,"https://static.www.nfl.com/image/private/f_auto,q_auto/league/jzlpffrzhpxs9uxp0ztt",,20,DIV,A01,Montaric,BRO565972,54687,32004252-4f56-5972-2e0a-45f2ccf2023c,2022,2022,JAX,222
2022,CLE,DL,DE,58,INA,Isaiah Thomas,Isaiah,Thomas,1998-12-03,77.0,272,Oklahoma,00-0037314,,,,,,,,,0,"https://static.www.nfl.com/image/private/f_auto,q_auto/league/nosbtflnnnkmlfp2sxy5",,18,REG,A01,Isaiah,THO203380,54688,32005448-4f20-3380-956c-20a822995517,2022,2022,CLE,223
2022,MIA,LB,LB,53,DEV,Cameron Goode,Cameron,Goode,1998-04-15,75.0,240,California,00-0037315,,505c57f9-9912-467f-8572-4266536ef680,,16283,,,,8526,0,"https://static.www.nfl.com/image/private/f_auto,q_auto/league/r8kmtbsz20ku9pshbdg0",,19,WC,P01,Cameron,GOO086516,54689,3200474f-4f08-6516-3a38-7f8486d00ff9,2022,2022,MIA,224
2022,PIT,LB,ILB,93,ACT,Mark Robinson,Mark,Robinson,1999-08-14,71.0,235,Mississippi,00-0037316,4249342,2f31b19a-2e9c-4bb8-ae27-4cf0e61fbec5,,16284,,,,8525,0,"https://static.www.nfl.com/image/private/f_auto,q_auto/league/kixiquaz4accnmrto4fd",MLB,18,REG,A01,Mark,ROB629703,54690,3200524f-4262-9703-a37e-65f4ef7b8ee7,2022,2022,PIT,225
2022,MIN,TE,TE,34,DEV,Nick Muse,Nick,Muse,1998-11-25,77.0,250,South Carolina,00-0037317,4249624,6b5dd4bc-9959-4e0f-94f6-74e2577a022a,,16286,,,,8523,0,"https://static.www.nfl.com/image/private/f_auto,q_auto/league/nk9tsflonm4dwqkmvb2n",,19,WC,P01,Nick,MUS093892,54692,32004d55-5309-3892-ad16-ee33e3febfba,2022,2022,MIN,227
2022,BUF,LB,OLB,54,INA,Baylon Spector,Baylon,Spector,1998-10-20,72.0,235,Clemson,00-0037318,,bde43579-bb08-4711-8f59-3a7d52e525fd,,15954,,,,8299,0,"https://static.www.nfl.com/image/private/f_auto,q_auto/league/kcbsqynpgf8ahdlinsto",,20,DIV,A01,Baylon,SPE159114,54696,32005350-4515-9114-fba7-7065114ee5c1,2022,2022,BUF,231
2022,DEN,DB,DB,29,DEV,Faion Hicks,Faion,Hicks,1998-09-02,70.0,185,Wisconsin,00-0037319,,,,,,,,,0,"https://static.www.nfl.com/image/private/f_auto,q_auto/league/g2ib0842ovdvpttgqw8t",,18,REG,P01,Faion,HIC465822,54697,32004849-4346-5822-7f92-6bb6a3ca60e4,2022,2022,DEN,232
2022,LAC,DB,SS,33,ACT,Deane Leonard,Deane,Leonard,1999-11-20,72.0,195,Mississippi,00-0037320,,,,,,,,,0,"https://static.www.nfl.com/image/private/f_auto,q_auto/league/torbrzaani8s40oqexi6",,19,WC,A01,Deane,LEO454412,54701,32004c45-4f45-4412-b920-3b8a143d7076,2022,2022,LAC,236
2022,DET,DB,CB,36,RES,Chase Lucas,Chase,Lucas,1997-03-04,71.0,176,Arizona State,00-0037321,,,,,,,,,0,"https://static.www.nfl.com/image/private/f_auto,q_auto/league/cdmgwzanv9v8rurb8zvq",,18,REG,R48,Chase,LUC052326,54702,32004c55-4305-2326-cf66-8cd5e58ec23e,2022,2022,DET,237
2022,LV,OL,T,77,ACT,Thayer Munford,Thayer,Munford,1999-09-18,78.0,315,Ohio State,00-0037322,,,,,,,,,0,"https://static.www.nfl.com/image/private/f_auto,q_auto/league/mqu2ydylp0fzpolewmnw",TE,18,REG,A01,Thayer,MUN379894,54703,32004d55-4e37-9894-7fee-7f1a4b803ab9,2022,2022,LV,238
2022,IND,DB,FS,25,ACT,Rodney Thomas,Rodney,Thomas,1998-06-26,73.0,201,Yale,00-0037323,,,,,,,,,0,,SAFETY,18,REG,A01,Rodney,THO359931,54704,32005448-4f35-9931-a171-67505fb32097,2022,2022,IND,239
2022,KC,QB,QB,19,DEV,Chris Oladokun,Chris,Oladokun,1997-09-03,74.0,195,South Dakota State,00-0037324,,7078cdfc-032b-4f85-8b4b-720f926ba1cb,,16291,,,,8413,0,,,22,SB,P01,Chris,OLA166115,54706,32004f4c-4116-6115-589e-83a6fa13f48d,2022,2022,PIT,241
2022,MIN,DB,DB,27,ACT,Kalon Barnes,Kalon,Barnes,1998-12-16,72.0,186,Baylor,00-0037325,,,,,,,,,0,"https://static.www.nfl.com/image/private/f_auto,q_auto/league/k6hjz5mcp40z6gxhpug6",,19,WC,A01,Kalon,BAR320985,54707,32004241-5232-0985-a7f5-303ee16a025f,2022,2022,CAR,242
2022,CLE,OL,G,52,RES,Dawson Deaton,Dawson,Deaton,1999-05-06,73.0,310,Texas Tech,00-0037326,,,,,,,,,0,"https://static.www.nfl.com/image/private/f_auto,q_auto/league/evdaruwbimcuangbebfq",,18,REG,R01,Dawson,DEA745845,54711,32004445-4174-5845-2cb5-86c125500ebf,2022,2022,CLE,246
2022,MIA,QB,QB,19,ACT,Skylar Thompson,Skylar,Thompson,1997-06-04,74.0,221,Kansas State,00-0037327,,5ba2c367-a293-4d83-9268-a0e392ebca1a,,15974,,,,8206,0,"https://static.www.nfl.com/image/private/f_auto,q_auto/league/kpyt5qpi4rh9bguzuorm",QB,19,WC,A01,Skylar,THO688036,54712,32005448-4f68-8036-e585-25fef5e651b9,2022,2022,MIA,247
2022,CHI,LB,LB,46,DEV,Andre Anthony,Andre,Anthony,1996-11-21,76.0,251,Louisiana State,00-0037328,,0748e4da-adfd-4072-8122-02d22409d00e,,16293,,,,8512,0,"https://static.www.nfl.com/image/private/f_auto,q_auto/league/otu735tncowxi30pwlup",,18,REG,P02,Andre,ANT092384,54713,3200414e-5409-2384-d11e-26be2a809543,2022,2022,TB,248
2022,LV,RB,RB,38,INA,Brittain Brown,Brittain,Brown,1997-10-10,73.0,205,UCLA,00-0037329,,387c8819-5892-4528-ac33-0ec72b24cc2f,,16294,,,,8423,0,"https://static.www.nfl.com/image/private/f_auto,q_auto/league/hwdeawvyao3vsps3pakj",,18,REG,A01,Brittain,BRO277743,54715,32004252-4f27-7743-fcbe-008b65b9b8ef,2022,2022,LV,250
2022,ARI,LB,LB,43,ACT,Jesse Luketa,Jesse,Luketa,1999-01-15,75.0,242,Penn State,00-0037330,,0def3077-a774-45d7-aa2d-2a6d42f5a54b,,15960,,,,8322,0,"https://static.www.nfl.com/image/private/f_auto,q_auto/league/lyrm9sipu0fvrycageta",EDGE,18,REG,A01,Jesse,LUK662948,54721,32004c55-4b66-2948-8ef4-cc7583bab190,2022,2022,ARI,256
2022,LAC,RB,RB,40,ACT,Zander Horvath,Alexander,Horvath,1998-12-10,75.0,230,Purdue,00-0037331,,754eb3a7-d14a-4e54-ba31-c1f80e02ae08,,16298,,,,8428,0,"https://static.www.nfl.com/image/private/f_auto,q_auto/league/e1sx0c4mtcm09gavjs7s",,19,WC,A01,Zander,HOR756772,54725,3200484f-5275-6772-4a62-86ddcae71d2f,2022,2022,LAC,260
2022,CLE,DB,FS,37,ACT,D'Anthony Bell,D'Anthony,Bell,1996-10-17,73.0,200,West Florida,00-0037332,,,,,,,,,0,"https://static.www.nfl.com/image/private/f_auto,q_auto/league/xhpy1f07l1iolbeqqt2c",OLB,18,REG,A01,D'Anthony,BEL269769,54915,32004245-4c26-9769-4c00-4395bf50c775,2022,2022,,
2022,CLE,WR,WR,82,DEV,Mike Harley,Mike,Harley,1997-12-13,70.0,182,Miami,00-0037334,,,,,,,,,0,"https://static.www.nfl.com/image/private/f_auto,q_auto/league/wch4fatbyhylrgfkgcw7",,18,REG,P01,Mike,HAR185673,54917,32004841-5218-5673-fcb2-5a81ab460027,2022,2022,,
2022,CLE,WR,WR,83,CUT,Travell Harris,Travell,Harris,,69.0,185,Washington State,00-0037335,,,,,,,,,0,,,1,REG,A01,Travell,HAR549672,54918,32004841-5254-9672-8f00-aeae7967a22b,2022,2022,,
2022,DAL,OL,C,67,ACT,Brock Hoffman,Brock,Hoffman,1999-07-02,76.0,317,Virginia Tech,00-0037336,,,,,,,,,0,"https://static.www.nfl.com/image/private/f_auto,q_auto/league/sqyefww4rtv2t0zaaexv",,20,DIV,A01,Brock,HOF323482,54919,3200484f-4632-3482-13c2-2a55c5fef879,2022,2022,,
2022,LA,DB,DB,38,INA,Shaun Jolly,Shaun,Jolly,1998-10-17,69.0,183,Appalachian State,00-0037337,,,,,,,,,0,"https://static.www.nfl.com/image/private/f_auto,q_auto/league/ek5fu0avyolankq1w7aw",,18,REG,A01,Shaun,JOL717924,54920,32004a4f-4c71-7924-fe61-7bbd5658cf02,2022,2022,,
2022,CLE,LB,LB,51,CUT,Silas Kelly,Silas,Kelly,,76.0,230,Coastal Carolina,00-0037338,,,,,,,,,0,,,1,REG,A01,Silas,KEL738892,54921,,2022,2022,,
2022,CLE,DL,DT,63,CUT,Glen Logan,Glen,Logan,,77.0,303,Louisiana State,00-0037339,,,,,,,,,0,"https://static.www.nfl.com/image/private/f_auto,q_auto/league/xpxckimnwehsgce090im",,1,REG,W03,Glen,LOG345886,54922,32004c4f-4734-5886-7854-29d54a280671,2022,2022,,
2022,CLE,TE,TE,83,DEV,Zaire Mitchell-Paden,Zaire,Mitchell-Paden,1999-08-20,77.0,267,Florida Atlantic,00-0037340,,,,,,,,,0,"https://static.www.nfl.com/image/private/f_auto,q_auto/league/gns7kvjoeldrmabildao",,18,REG,P01,Zaire,MIT781005,54923,32004d49-5478-1005-fb4b-79ee2b0c17a2,2022,2022,,
2022,CLE,DL,DT,64,DEV,Roderick Perry,Roderick,Perry,1997-12-03,73.0,315,Illinois,00-0037341,,,,,,,,,0,,,18,REG,P01,Roderick,PER773343,54924,32005045-5277-3343-a04c-e351d4233969,2022,2022,,
2022,CLE,OL,T,67,CUT,Ben Petrula,Ben,Petrula,,77.0,315,Boston College,00-0037342,,,,,,,,,0,"https://static.www.nfl.com/image/private/f_auto,q_auto/league/crcsuumnmt0stxdskx2y",,1,REG,W03,Ben,PET658352,54925,32005045-5465-8352-2059-7d59a6ac1692,2022,2022,,
2022,CLE,WR,WR,17,RES,Isaiah Weston,Isaiah,Weston,1997-10-25,76.0,210,Northern Iowa,00-0037343,,cefa3a60-d307-11ec-8b77-45b1765fd110,,16028,,,,8229,0,"https://static.www.nfl.com/image/private/f_auto,q_auto/league/xvg6tiug2zcppxe8j1ta",,18,REG,R01,Isaiah,WES733679,54926,32005745-5373-3679-5418-3d4dbbc6013e,2022,2022,,
2022,MIA,OL,T,71,CUT,Blaise Andries,Blaise,Andries,,78.0,335,Minnesota,00-0037345,,,,,,,,,0,"https://static.www.nfl.com/image/private/f_auto,q_auto/league/pkftmscpav3kaymuswr5",,1,REG,W03,Blaise,AND764739,54928,3200414e-4476-4739-e903-566dfd3eded2,2022,2022,,
2022,CIN,LB,LB,93,DEV,Owen Carney,Owen,Carney,1999-02-08,75.0,252,Illinois,00-0037346,,,,,,,,,0,"https://static.www.nfl.com/image/private/f_auto,q_auto/league/rieubl6ahcko3rtuvtle",,21,CON,P01,Owen,CAR246750,54929,32004341-5224-6750-9b1f-15772033e9df,2022,2022,,
2022,MIA,WR,WR,80,INA,Tanner Conner,Tanner,Conner,1998-03-20,75.0,223,Idaho State,00-0037348,,,,,,,,,0,"https://static.www.nfl.com/image/private/f_auto,q_auto/league/ghof8mgpkyk6r58gxe6n",,19,WC,A01,Tanner,CON474977,54931,3200434f-4e47-4977-61d5-70937df6e5f5,2022,2022,,
2022,CHI,OL,T,78,DEV,Kellen Diesch,Kellen,Diesch,1997-08-23,79.0,300,Arizona State,00-0037349,,,,,,,,,0,"https://static.www.nfl.com/image/private/f_auto,q_auto/league/pryvpnkqsrry7mtdgbsx",,18,REG,P01,Kellen,DIE513487,54932,32004449-4551-3487-3639-16a473769ccf,2022,2022,,
2022,MIA,DB,DB,33,CUT,Elijah Hamilton,Elijah,Hamilton,,74.0,205,Louisiana Tech,00-0037350,,,,,,,,,0,"https://static.www.nfl.com/image/private/f_auto,q_auto/league/gltadzre5c1hf9q2ftre",,1,REG,W03,Elijah,HAM221467,54933,32004841-4d22-1467-8d91-1266c4be490b,2022,2022,,
2022,MIA,P,P,59,CUT,Tommy Heatherly,Tommy,Heatherly,,71.0,210,Florida International,00-0037351,,,,,,,,,0,,,1,REG,A01,Tommy,HEA785203,54934,,2022,2022,,
2022,MIA,LB,LB,56,CUT,Deandre Johnson,Deandre,Johnson,,75.0,260,Miami,00-0037352,,,,,,,,,0,,,1,REG,A01,Deandre,JOH181036,54935,32004a4f-4818-1036-396d-5cd36907a034,2022,2022,,
2022,MIA,DB,CB,28,ACT,Kader Kohou,Kader,Kohou,1998-11-28,70.0,187,Texas A&amp;M-Commerce,00-0037353,,,,,,,,,0,"https://static.www.nfl.com/image/private/f_auto,q_auto/league/e9acco0vrodhjp5gayze",SLOT_CB,19,WC,A01,Kader,KOH461435,54936,32004b4f-4846-1435-3190-0e6a8cdde7a0,2022,2022,,
2022,MIA,DB,SS,32,ACT,Verone McKinley,Verone,McKinley,1999-06-29,70.0,194,Oregon,00-0037354,,,,,,,,,0,"https://static.www.nfl.com/image/private/f_auto,q_auto/league/ltpflosgojcxtez7d29y",SAFETY,19,WC,A01,Verone,MCK429926,54937,32004d43-4b42-9926-d001-90026a32892c,2022,2022,,
2022,MIA,WR,WR,86,DEV,Braylon Sanders,Braylon,Sanders,1999-01-21,73.0,185,Mississippi,00-0037355,,011ab650-d3b2-11ec-96a0-c3471a31202c,,16013,,,,8178,0,"https://static.www.nfl.com/image/private/f_auto,q_auto/league/nkmwdieb7qwtipigcktc",,19,WC,P01,Braylon,SAN203847,54938,32005341-4e20-3847-fb9d-a498b128c066,2022,2022,,
2022,CLE,DL,DT,57,INA,Ben Stille,Ben,Stille,1997-11-12,76.0,293,Nebraska,00-0037356,,,,,,,,,0,"https://static.www.nfl.com/image/private/f_auto,q_auto/league/eq3kp4pcztnrveuixshn",,18,REG,A01,Ben,STI399952,54939,32005354-4939-9952-cb4a-e35a8aabba15,2022,2022,,
2022,MIA,RB,RB,47,DEV,Zaquandre White,Zaquandre,White,1998-12-21,73.0,215,South Carolina,00-0037357,,,,,,,,,0,"https://static.www.nfl.com/image/private/f_auto,q_auto/league/seqiesgetgtlptwp86ii",,6,REG,P01,Zaquandre,WHI604756,54940,32005748-4960-4756-c542-753ded6907e7,2022,2022,,
2022,MIA,DL,DT,97,CUT,Jordan Williams,Jordan,Williams,,73.0,290,Virginia Tech,00-0037358,,,,,,,,,0,,,1,REG,A01,Jordan,WIL385834,54941,32005749-4c38-5834-9b12-23ae56cc8989,2022,2022,,
2022,GB,TE,TE,49,CUT,Josh Babicz,Josh,Babicz,1999-04-23,78.0,255,North Dakota State,00-0037359,,,,,,,,,0,"https://static.www.nfl.com/image/private/f_auto,q_auto/league/idv77loy6o1nwpvtsf3g",,12,REG,P01,Josh,BAB668468,54944,32004241-4266-8468-248f-8bd426d3660a,2022,2022,,
2022,CAR,QB,QB,4,DEV,Davis Cheek,Davis,Cheek,1999-02-26,75.0,210,Elon,00-0037360,,,,,,,,,0,"https://static.www.nfl.com/image/private/f_auto,q_auto/league/rdzkgmreas3pyeknexv8",,18,REG,P01,Davis,CHE108754,54945,32004348-4510-8754-c5f5-5f95e72cc1db,2022,2022,,
2022,CAR,LB,LB,52,CUT,Isaiah Graham-Mobley,Isaiah,Graham-Mobley,1998-07-29,73.0,230,Boston College,00-0037361,,,,,,,,,0,,,2,REG,W03,Isaiah,GRA267686,54946,32004752-4126-7686-910a-7493e014f1a0,2022,2022,,
2022,ATL,WR,WR,13,DEV,Ra'Shaun Henry,Ra'shaun,Henry,1998-02-04,75.0,190,Virginia,00-0037362,,,,,,,,,0,"https://static.www.nfl.com/image/private/f_auto,q_auto/league/mittg7zw5gvhd6vka29r",,18,REG,P01,Ra'Shaun,HEN645776,54947,32004845-4e64-5776-4ec8-c70fb276c3fd,2022,2022,,
2022,CAR,DL,NT,78,ACT,Marquan McCall,Marquan,McCall,1999-03-26,75.0,379,Kentucky,00-0037363,,,,,,,,,0,"https://static.www.nfl.com/image/private/f_auto,q_auto/league/fu847oklg5zl7qapu9tl",INTERIOR_LINE,18,REG,A01,Marquan,MCC079416,54948,32004d43-4307-9416-c159-672b80dc370d,2022,2022,,
2022,CAR,LB,OLB,46,DEV,Arron Mosby,Arron,Mosby,1999-04-13,76.0,230,Fresno State,00-0037364,,573375f0-ca1f-11ec-aeb5-1b91b32ddede,,16509,,,,8569,0,"https://static.www.nfl.com/image/private/f_auto,q_auto/league/wgg1dyb7bbkzy00dhxut",,18,REG,P01,Arron,MOS008081,54949,32004d4f-5300-8081-aad8-2b0095b8cdc4,2022,2022,,
2022,CAR,WR,WR,,CUT,Andrew Parchment,Andrew,Parchment,,73.0,180,Florida State,00-0037365,,,,,,,,,0,,,1,REG,A01,Andrew,PAR012653,54950,,2022,2022,,
2022,CAR,WR,WR,85,CUT,Charleston Rambo,Charleston,Rambo,,73.0,175,Miami,00-0037366,,,,,,,,,0,"https://static.www.nfl.com/image/private/f_auto,q_auto/league/n1pgyjxgt8mfprf7sl0z",,1,REG,W03,Charleston,RAM023792,54951,32005241-4d02-3792-1250-594032a8b1e0,2022,2022,,
2022,CAR,LB,LB,,CUT,Khalan Tolson,Khalan,Tolson,,72.0,235,Illinois,00-0037367,,,,,,,,,0,,,1,REG,A01,Khalan,TOL780240,54952,3200544f-4c78-0240-cc93-6486f46f6901,2022,2022,,
2022,CAR,WR,WR,83,DEV,Derek Wright,Derek,Wright,1998-08-13,73.0,186,Utah State,00-0037368,,,,,,,,,0,"https://static.www.nfl.com/image/private/f_auto,q_auto/league/vmf9kjww0inud1sktzid",,18,REG,P01,Derek,WRI161295,54953,32005752-4916-1295-d50b-102abce51c88,2022,2022,,
2022,GB,TE,TE,46,DEV,Austin Allen,Austin,Allen,1998-11-10,80.0,260,Nebraska,00-0037369,,,,,,,,,0,,,18,REG,P01,Austin,ALL061490,54954,3200414c-4c06-1490-4c63-89f2f6bc36a0,2022,2022,,
2022,CIN,DB,DB,21,DEV,Yusuf Corker,Yusuf,Corker,1998-12-26,72.0,197,Kentucky,00-0037370,,,,,,,,,0,"https://static.www.nfl.com/image/private/f_auto,q_auto/league/hdqgxdcw7wfo7b8lcxqb",,21,CON,P01,Yusuf,COR346076,54955,3200434f-5234-6076-41b9-ff7f75716ebd,2022,2022,,
2022,NYG,DL,DT,,CUT,Jabari Ellis,Jabari,Ellis,,75.0,278,South Carolina,00-0037371,,,,,,,,,0,,,1,REG,A01,Jabari,,54956,,2022,2022,,
2022,LV,DB,DB,37,DEV,Darren Evans,Darren,Evans,1998-02-21,75.0,174,Louisiana State,00-0037372,,,,,,,,,0,"https://static.www.nfl.com/image/private/f_auto,q_auto/league/npglfehvtc7pfxiwnhsf",,5,REG,P01,Darren,EVA115480,54957,32004556-4111-5480-f705-0542458cfa83,2022,2022,,
2022,NYG,DB,DB,38,INA,Zyon Gilbert,Zyon,Gilbert,1999-02-04,72.0,174,Florida Atlantic,00-0037373,,,,,,,,,0,"https://static.www.nfl.com/image/private/f_auto,q_auto/league/vowlqts2tdjnrdakdsga",,20,DIV,A01,Zyon,GIL144859,54958,32004749-4c14-4859-6e4a-327bb4fcec5a,2022,2022,,
2022,NYG,TE,TE,,CUT,Jeremiah Hall,Jeremiah,Hall,,74.0,253,Oklahoma,00-0037374,,,,,,,,,0,,,1,REG,A01,Jeremiah,HAL358710,54959,32004841-4c35-8710-5c77-ef29851ae68d,2022,2022,,
2022,LAC,DL,DT,91,ACT,Christopher Hinton,Christopher,Hinton,2000-09-14,76.0,310,Michigan,00-0037375,,,,,,,,,0,,INTERIOR_LINE,19,WC,A01,Christopher,HIN633853,54960,32004849-4e63-3853-c125-7451f478a08b,2022,2022,,
2022,NYG,OL,G,67,CUT,Josh Rivas,Josh,Rivas,,78.0,317,Kansas State,00-0037376,,,,,,,,,0,"https://static.www.nfl.com/image/private/f_auto,q_auto/league/hglxj5ww3mekc1n7t0vh",,1,REG,W03,Josh,RIV052524,54961,32005249-5605-2524-d1b4-4014f4fb3f6e,2022,2022,,
2022,NYG,DB,DB,39,DEV,Trenton Thompson,Trenton,Thompson,1997-12-18,73.0,200,San Diego State,00-0037377,,,,,,,,,0,"https://static.www.nfl.com/image/private/f_auto,q_auto/league/cv0gnwoeqxl5rjrsc5fh",,20,DIV,P01,Trenton,THO717010,54962,32005448-4f71-7010-135d-8334b6a5eeba,2022,2022,,
2022,DEN,LB,LB,45,RES,Christopher Allen,Christopher,Allen,1998-08-12,76.0,250,Alabama,00-0037379,,,,,,,,,0,"https://static.www.nfl.com/image/private/f_auto,q_auto/league/ezxpwd5df8e9qobp7asv",,18,REG,R01,Christopher,ALL081786,54964,3200414c-4c08-1786-432e-04be8beb941e,2022,2022,,
2022,DEN,WR,WR,13,DEV,Kaden Davis,Kaden,Davis,1998-09-25,73.0,190,Northwest Missouri State,00-0037380,,,,,,,,,0,"https://static.www.nfl.com/image/private/f_auto,q_auto/league/qid40jgfmmber4mckman",,18,REG,P01,Kaden,DAV499575,54965,32004441-5649-9575-a7d8-d9da3c3bbb64,2022,2022,,
2022,LV,OL,T,70,DEV,Sebastian Gutierrez,Sebastian,Gutierrez,1998-07-06,78.0,295,Minot State,00-0037381,,,,,,,,,0,"https://static.www.nfl.com/image/private/f_auto,q_auto/league/wsib4wmgk5lrmpwefe5a",,18,REG,P01,Sebastian,GUT373646,54966,32004755-5437-3646-16df-3cc620b8fc48,2022,2022,,
2022,DEN,WR,WR,89,ACT,Brandon Johnson,Brandon,Johnson,1998-07-26,74.0,186,Central Florida,00-0037382,,d90f8660-d251-11ec-b16e-cf7159baf83d,,16473,,,,8756,0,"https://static.www.nfl.com/image/private/f_auto,q_auto/league/xlkmz9czqm75g72altta",SLOT_WR,18,REG,A01,Brandon,JOH078015,54967,32004a4f-4807-8015-649f-8b4cc0b56234,2022,2022,,
2022,LV,LB,LB,43,DEV,Kana'i Mauga,Kana'i,Mauga,2000-01-08,74.0,245,Southern California,00-0037383,,,,,,,,,0,"https://static.www.nfl.com/image/private/f_auto,q_auto/league/nfewvsmflgwym8jlnvxb",,18,REG,P01,Kana'i,MAU219218,54968,32004d41-5521-9218-12e7-1a7197685528,2022,2022,,
2022,DEN,DB,DB,35,ACT,Ja'Quan McMillian,Ja'Quan,McMillian,2000-06-04,70.0,183,East Carolina,00-0037384,,,,,,,,,0,"https://static.www.nfl.com/image/private/f_auto,q_auto/league/sebvxvaelddh8dwyju4e",CB,18,REG,A01,Ja'Quan,MCM604014,54969,32004d43-4d60-4014-636e-033cb359aa32,2022,2022,,
2022,CHI,OL,T,63,DEV,Michael Niese,Michael,Niese,1998-01-13,77.0,295,Temple,00-0037385,,,,,,,,,0,"https://static.www.nfl.com/image/private/f_auto,q_auto/league/qjtjy3owuyc32rbgnixr",,18,REG,P01,Michael,NIE744064,54970,32004e49-4574-4064-49f7-9089d0e1714f,2022,2022,,
2022,DEN,TE,TE,48,CUT,Dylan Parham,Dylan,Parham,1998-05-31,77.0,245,North Carolina State,00-0037386,,,,,,,,,0,"https://static.www.nfl.com/image/private/f_auto,q_auto/league/ygvwgubkki5j4ugwgzc8",,2,REG,P01,Dylan,PAR061404,54971,32005041-5206-1404-57b7-5054f2004cdc,2022,2022,,
2022,DEN,WR,WR,15,ACT,Jalen Virgil,Jalen,Virgil,1998-07-13,73.0,210,Appalachian State,00-0037387,,aa8d3730-d254-11ec-b16e-cf7159baf83d,,16332,,,,8416,0,"https://static.www.nfl.com/image/private/f_auto,q_auto/league/xdnc27pjumsn6o35idnf",WR,18,REG,A01,Jalen,VIR259235,54972,32005649-5225-9235-8e5a-b6a7fbe4b64c,2022,2022,,
2022,DEN,LB,LB,,CUT,Kadofi Wright,Kadofi,Wright,,75.0,230,Buffalo,00-0037388,,,,,,,,,0,,,1,REG,A01,Kadofi,,54973,,2022,2022,,
2022,PIT,RB,RB,38,CUT,Max Borghi,Max,Borghi,,70.0,198,Washington State,00-0037389,,,,,,,,,0,,,1,REG,W03,Max,BOR417143,54974,3200424f-5241-7143-6122-139e830d7c66,2022,2022,,
2022,IND,QB,QB,3,CUT,Jack Coan,Jack,Coan,,75.0,223,Notre Dame,00-0037390,,,,,,,,,0,"https://static.www.nfl.com/image/private/f_auto,q_auto/league/merir7tc1d7grpvqhq7d",,1,REG,W03,Jack,COA575781,54975,3200434f-4157-5781-fd08-bec7b15a9bc4,2022,2022,,
2022,IND,WR,WR,,CUT,Kekoa Crawford,Kekoa,Crawford,,73.0,195,California,00-0037391,,,,,,,,,0,,,1,REG,A01,Kekoa,CRA684647,54976,32004352-4168-4647-cf01-d35ac1fd4d6d,2022,2022,,
2022,IND,DB,DB,43,ACT,Trevor Denbow,Trevor,Denbow,1998-08-26,70.0,225,Southern Methodist,00-0037392,,,,,,,,,0,"https://static.www.nfl.com/image/private/f_auto,q_auto/league/tqai8ugtqo5gnlsfnuoe",,18,REG,A01,Trevor,DEN013689,54977,32004445-4e01-3689-d72a-9aa042477317,2022,2022,,
2022,IND,LB,OLB,57,ACT,JoJo Domann,JoJo,Domann,1997-07-28,73.0,230,Nebraska,00-0037393,,6b29c060-d39c-11ec-96a0-c3471a31202c,,16200,,,,8340,0,"https://static.www.nfl.com/image/private/f_auto,q_auto/league/x2for9cy1dbxxeplojbw",,18,REG,A01,JoJo,DOM098878,54978,3200444f-4d09-8878-c48d-137fcd7efd10,2022,2022,,
2022,IND,WR,WR,84,DEV,Ethan Fernea,Ethan,Fernea,1998-03-02,71.0,190,UCLA,00-0037394,,,,,,,,,0,"https://static.www.nfl.com/image/private/f_auto,q_auto/league/tokvm7ueu5foiflbuysc",,18,REG,P01,Ethan,FER537394,54979,32004645-5253-7394-c739-1244e590ceb1,2022,2022,,
2022,IND,DB,CB,33,ACT,Dallis Flowers,Dallis,Flowers,1997-06-04,73.0,190,Pittsburg State,00-0037395,,,,,,,,,0,"https://static.www.nfl.com/image/private/f_auto,q_auto/league/kc3kei6lnekprva7upe5",CB,18,REG,A01,Dallis,FLO320115,54980,3200464c-4f32-0115-6211-30fcc43a9886,2022,2022,,
2022,IND,OL,C,62,INA,Wesley French,Wesley,French,1996-11-30,76.0,310,Western Michigan,00-0037396,,,,,,,,,0,"https://static.www.nfl.com/image/private/f_auto,q_auto/league/g01bplmyunijdad63asb",,18,REG,A01,Wesley,FRE664198,54981,32004652-4566-4198-1446-1116dfb2f28d,2022,2022,,
2022,IND,WR,WR,86,CUT,Samson Nacua,Samson,Nacua,,75.0,191,Brigham Young,00-0037398,,,,,,,,,0,"https://static.www.nfl.com/image/private/f_auto,q_auto/league/avdsedoumnhpjqznlusu",,1,REG,W03,Samson,NAC564972,54983,32004e41-4356-4972-f276-13c7da63b744,2022,2022,,
2022,IND,DL,DE,,CUT,Scott Patchan,Scott,Patchan,,78.0,270,Colorado State,00-0037399,,,,,,,,,0,,,1,REG,A01,Scott,PAT020006,54984,32005041-5402-0006-7f9b-9f125b543b1b,2022,2022,,
2022,IND,RB,RB,27,DEV,D'vonte Price,D'vonte,Price,1999-06-02,73.0,215,Florida International,00-0037400,,c37a9020-d395-11ec-96a0-c3471a31202c,,15981,,,,8184,0,"https://static.www.nfl.com/image/private/f_auto,q_auto/league/h9e3dma8tme9j9xj0fej",,18,REG,P02,D'vonte,PRI123979,54985,32005052-4912-3979-868b-9822859403ed,2022,2022,,
2022,IND,LB,LB,47,DEV,Forrest Rhyne,Forrest,Rhyne,1999-05-29,73.0,235,Villanova,00-0037401,,cc44c2a0-d39c-11ec-96a0-c3471a31202c,,16550,,,,8836,0,"https://static.www.nfl.com/image/private/f_auto,q_auto/league/jpvb9krxq7pigorhvmqm",,18,REG,P01,Forrest,RHY426541,54986,32005248-5942-6541-2d46-fd54b855553e,2022,2022,,
2022,IND,OL,G,60,CUT,Josh Seltzner,Josh,Seltzner,,76.0,310,Wisconsin,00-0037402,,,,,,,,,0,"https://static.www.nfl.com/image/private/f_auto,q_auto/league/uehlgq21cbqbmswn40av",,1,REG,W03,Josh,SEL765857,54987,32005345-4c76-5857-9488-a6700d9fa79a,2022,2022,,
2022,IND,LB,LB,48,CUT,James Skalski,James,Skalski,,72.0,240,Clemson,00-0037403,,,,,,,,,0,"https://static.www.nfl.com/image/private/f_auto,q_auto/league/oisfk729b6dkrp3f9bia",,1,REG,W03,James,SKA316717,54988,3200534b-4131-6717-fe82-c2bcf572a761,2022,2022,,
2022,BUF,OL,T,74,DEV,Ryan Van Demark,Ryan,Van Demark,1998-03-22,77.0,300,Connecticut,00-0037404,,,,,,,,,0,"https://static.www.nfl.com/image/private/f_auto,q_auto/league/kj7dtt5emhribfy0z9jv",,20,DIV,P01,Ryan,VAN358786,54989,32005641-4e35-8786-8134-e52f551c2fe2,2022,2022,,
2022,IND,RB,RB,,CUT,C.J. Verdell,C.J.,Verdell,,69.0,210,Oregon,00-0037405,,,,,,,,,0,,,1,REG,A01,C.J.,VER078443,54990,32005645-5207-8443-738b-40073bae59fe,2022,2022,,
2022,CHI,LB,OLB,50,INA,Sterling Weatherford,Sterling,Weatherford,1999-01-26,76.0,215,"Miami, O.",00-0037406,,552def50-d39e-11ec-96a0-c3471a31202c,,16164,,,,8403,0,"https://static.www.nfl.com/image/private/f_auto,q_auto/league/eptvgvmjwwjpyo0vxeuv",,18,REG,A01,Sterling,WEA123653,54991,32005745-4112-3653-39b2-047175ec2973,2022,2022,,
2022,IND,DL,DE,,CUT,Cullen Wick,Cullen,Wick,,75.0,270,Tulsa,00-0037407,,,,,,,,,0,,,1,REG,W03,Cullen,,54992,,2022,2022,,
2022,HOU,WR,WR,84,CUT,Michael Young,Michael,Young,1999-02-11,70.0,195,Cincinnati,00-0037409,,,,,,,,,0,"https://static.www.nfl.com/image/private/f_auto,q_auto/league/vtgjvylh838yry7khn4b",,11,REG,P01,Michael,YOU790010,54994,3200594f-5579-0010-25d0-7bcc06b5d930,2022,2022,,
2022,NYG,RB,RB,35,DEV,Jashaun Corbin,Jashaun,Corbin,2000-08-20,71.0,221,Florida State,00-0037410,,,,,,,,,0,"https://static.www.nfl.com/image/private/f_auto,q_auto/league/npsghhibhhzhv9qnltyf",,20,DIV,P01,Jashaun,COR070841,54995,3200434f-5207-0841-ce96-125ad28fb5f4,2022,2022,,
2022,CIN,LS,LS,48,ACT,Cal Adomitis,Cal,Adomitis,1998-07-09,74.0,250,Pittsburgh,00-0037412,,,,,,,,,0,"https://static.www.nfl.com/image/private/f_auto,q_auto/league/oin0cjek6juvevzi6cdv",,21,CON,A01,Cal,ADO207645,54997,32004144-4f20-7645-b843-7a0947c8068c,2022,2022,,
2022,CIN,OL,C,62,RES,Ben Brown,Ben,Brown,1998-05-19,77.0,315,Mississippi,00-0037413,,,,,,,,,0,"https://static.www.nfl.com/image/private/f_auto,q_auto/league/dcj1jwdfwa1wxkyyxkua",,21,CON,R01,Ben,BRO268400,54998,32004252-4f26-8400-a074-e05dc53a590f,2022,2022,,
2022,CIN,OL,T,76,DEV,Devin Cochran,Devin,Cochran,1998-07-17,79.0,314,Georgia Tech,00-0037414,,,,,,,,,0,"https://static.www.nfl.com/image/private/f_auto,q_auto/league/kilb69v4jk9reikprtjd",,21,CON,P01,Devin,COC112236,54999,3200434f-4311-2236-7121-ee2139cd5202,2022,2022,,
2022,CIN,DB,DB,42,ACT,Allan George,Darian,George,1999-07-16,73.0,195,Vanderbilt,00-0037415,,,,,,,,,0,"https://static.www.nfl.com/image/private/f_auto,q_auto/league/lktm1tf8rwvek0bbuohg",,21,CON,A01,Allan,GEO024768,55000,32004745-4f02-4768-b2fc-660a22987f30,2022,2022,,
2022,CIN,WR,WR,,CUT,Jaivon Heiligh,Jaivon,Heiligh,,74.0,200,Coastal Carolina,00-0037416,,,,,,,,,0,,,1,REG,A01,Jaivon,HEI228752,55001,32004845-4922-8752-c1f5-9dbb9c55c560,2022,2022,,
2022,CIN,LB,LB,50,CUT,Clarence Hicks,Clarence,Hicks,,73.0,225,Texas-San Antonio,00-0037417,,,,,,,,,0,"https://static.www.nfl.com/image/private/f_auto,q_auto/league/crzjcetowltf24sx8yuf",,1,REG,W03,Clarence,HIC352959,55002,32004849-4335-2959-c786-815bf9d43e3b,2022,2022,,
2022,DEN,DB,DB,13,DEV,Delonte Hood,Delonte,Hood,2000-10-17,72.0,185,Peru State,00-0037418,,,,,,,,,0,"https://static.www.nfl.com/image/private/f_auto,q_auto/league/bwhtksmtg4uqussldovw",,18,REG,P01,Delonte,HOO040202,55003,3200484f-4f04-0202-7faf-14cf94d8f22a,2022,2022,,
2022,CIN,RB,RB,,CUT,Shermari Jones,Shermari,Jones,,73.0,220,Coastal Carolina,00-0037419,,,,,,,,,0,,,1,REG,A01,Shermari,JON719700,55004,32004a4f-4e71-9700-8769-be21b336e9e1,2022,2022,,
2022,CIN,WR,WR,18,DEV,Kwamie Lassiter,Kwamie,Lassiter,1998-01-21,71.0,175,Kansas,00-0037420,,,,,,,,,0,"https://static.www.nfl.com/image/private/f_auto,q_auto/league/emeqage9tq2mlpnlkzl9",,21,CON,P01,Kwamie,LAS663730,55005,32004c41-5366-3730-37f2-484a2e7d6024,2022,2022,,
2022,CIN,OL,G,60,CUT,Desmond Noel,Desmond,Noel,1998-02-12,76.0,305,Florida Atlantic,00-0037421,,,,,,,,,0,"https://static.www.nfl.com/image/private/f_auto,q_auto/league/gkjfojde9mact6lvmrlm",,4,REG,W03,Desmond,NOE376462,55006,32004e4f-4537-6462-a7c4-fd4e21d70e2d,2022,2022,,
2022,JAX,WR,WR,14,INA,Kendric Pryor,Kendric,Pryor,1998-01-06,71.0,189,Wisconsin,00-0037422,,73f7ecc0-d2ee-11ec-96a0-c3471a31202c,,16519,,,,8783,0,"https://static.www.nfl.com/image/private/f_auto,q_auto/league/pvp7jse6x3cjfnmhf5gy",,20,DIV,A01,Kendric,PRY454541,55007,32005052-5945-4541-ee77-b97156739109,2022,2022,,
2022,CIN,DB,DB,,CUT,Brendan Radley-Hiles,Brendan,Radley-Hiles,,69.0,180,Washington,00-0037423,,,,,,,,,0,,,1,REG,A01,Brendan,RAD444952,55008,32005241-4444-4952-5871-e971d79adab8,2022,2022,,
2022,PIT,TE,TE,87,CUT,Justin Rigg,Justin,Rigg,1998-03-13,78.0,263,Kentucky,00-0037424,,,,,,,,,0,"https://static.www.nfl.com/image/private/f_auto,q_auto/league/foe4f1oosqm1fge0vusw",,2,REG,P01,Justin,RIG071377,55009,32005249-4707-1377-d8ea-8f5b76471f2f,2022,2022,,
2022,CIN,WR,WR,,CUT,Jack Sorenson,Jack,Sorenson,,72.0,195,"Miami, O.",00-0037425,,,,,,,,,0,,,1,REG,A01,Jack,SOR209859,55010,3200534f-5220-9859-5bf2-779657d4a1ec,2022,2022,,
2022,CIN,DL,DE,97,CUT,Tariqious Tisdale,Tariqious,Tisdale,,77.0,290,Mississippi,00-0037426,,,,,,,,,0,"https://static.www.nfl.com/image/private/f_auto,q_auto/league/wfpuuw7ripar9v9qqmul",,1,REG,W03,Tariqious,TIS170067,55011,32005449-5317-0067-c8c7-95b1cd7e80a0,2022,2022,,
2022,CIN,LB,LB,,CUT,Carson Wells,Carson,Wells,,76.0,245,Colorado,00-0037427,,,,,,,,,0,,,1,REG,A01,Carson,WEL346074,55012,32005745-4c34-6074-52da-a4a634687ab0,2022,2022,,
2022,BUF,OL,T,70,DEV,Alec Anderson,Alec,Anderson,1999-10-03,77.0,305,UCLA,00-0037428,,,,,,,,,0,"https://static.www.nfl.com/image/private/f_auto,q_auto/league/gbhtzrwtpf7dwmoijark",,20,DIV,P02,Alec,AND037350,55013,3200414e-4403-7350-a2bc-767713a88532,2022,2022,,
2022,CAR,RB,RB,20,ACT,Raheem Blackshear,Raheem,Blackshear,1998-06-05,69.0,194,Virginia Tech,00-0037429,,f64a23e0-d457-11ec-9026-65785f74dc2a,,16355,,,,8255,0,"https://static.www.nfl.com/image/private/f_auto,q_auto/league/mzzwqnu6q0jthsi7nanq",RB,18,REG,A01,Raheem,BLA323565,55014,3200424c-4132-3565-e1e9-9bf6ddfec0af,2022,2022,,
2022,BUF,DB,DB,32,CUT,Travon Fuller,Travon,Fuller,,73.0,180,Tulsa,00-0037430,,,,,,,,,0,,,1,REG,A01,Travon,,55015,,2022,2022,,
2022,BUF,DL,DE,59,ACT,Kingsley Jonathan,Kingsley,Jonathan,1998-04-28,76.0,260,Syracuse,00-0037431,,,,,,,,,0,"https://static.www.nfl.com/image/private/f_auto,q_auto/league/bjmtthbz2biyz7whzv9y",EDGE,20,DIV,A01,Kingsley,JON024084,55016,32004a4f-4e02-4084-905e-1310874b820e,2022,2022,,
2022,BUF,OL,T,63,CUT,Derek Kerstetter,Derek,Kerstetter,,77.0,310,Texas,00-0037432,,,,,,,,,0,,,1,REG,A01,Derek,KER793602,55017,32004b45-5279-3602-fdac-de94964a5c8b,2022,2022,,
2022,NO,OL,T,60,DEV,Tanner Owen,Tanner,Owen,1996-09-16,77.0,290,Northwest Missouri State,00-0037433,,,,,,,,,0,,,1,REG,P01,Tanner,OWE082870,55018,32004f57-4508-2870-65bd-0c8dee084cce,2022,2022,,
2022,BUF,WR,WR,82,CUT,Neil Pau'u,Neil,Pau'u,,76.0,215,Brigham Young,00-0037434,,,,,,,,,0,,,1,REG,W03,Neil,PAU766399,55019,32005041-5576-6399-9d62-f06f9464425b,2022,2022,,
2022,IND,TE,TE,88,DEV,Jalen Wydermyer,Jalen,Wydermyer,2000-12-20,77.0,255,Texas A&amp;M,00-0037436,,,,,,,,,0,"https://static.www.nfl.com/image/private/f_auto,q_auto/league/ithsa4dsmoz6ngajsmtw",,18,REG,P01,Jalen,WYD207645,55021,32005759-4420-7645-e2fb-d732d109ac25,2022,2022,,
2022,DET,RB,RB,29,RES,Greg Bell,Greg,Bell,1998-06-16,72.0,200,San Diego State,00-0037437,,,,,,,,,0,"https://static.www.nfl.com/image/private/f_auto,q_auto/league/pwgknv82lzyx06iotxmw",,18,REG,R01,Greg,BEL354198,55022,32004245-4c35-4198-8949-6e09713e2d96,2022,2022,,
2022,DET,DB,DB,35,CUT,Cedric Boswell,Cedric,Boswell,,70.0,180,"Miami, O.",00-0037438,,,,,,,,,0,"https://static.www.nfl.com/image/private/f_auto,q_auto/league/cufevhrre5dtoxwll7c4",,1,REG,W03,Cedric,BOS738105,55023,3200424f-5373-8105-7ecd-ba19fcafce94,2022,2022,,
2022,DET,TE,TE,48,DEV,Derrick Deese,Derrick,Deese,,76.0,235,San Jose State,00-0037439,,,,,,,,,0,"https://static.www.nfl.com/image/private/f_auto,q_auto/league/edjvhi33wh1as03crrah",,1,REG,P01,Derrick,DEE740900,55024,32004445-4574-0900-caa8-8d4a0b3deb5e,2022,2022,,
2022,DET,OL,T,65,DEV,Obinna Eze,Obinna,Eze,1998-06-12,80.0,315,Texas Christian,00-0037440,,,,,,,,,0,"https://static.www.nfl.com/image/private/f_auto,q_auto/league/vykz1djc4rt8833vc4qx",,18,REG,P02,Obinna,EZE021856,55025,3200455a-4502-1856-b560-fea5bd73174c,2022,2022,,
2022,DET,OL,G,75,RES,Kevin Jarvis,Kevin,Jarvis,,76.0,321,Michigan State,00-0037441,,,,,,,,,0,"https://static.www.nfl.com/image/private/f_auto,q_auto/league/tnmc9hvdgzved0p7tvca",,1,REG,W03,Kevin,JAR571021,55026,32004a41-5257-1021-826c-0e35294cd117,2022,2022,,
2022,DET,WR,WR,80,CUT,Joshua Johnson,Joshua,Johnson,1999-08-10,71.0,179,Tulsa,00-0037442,,,,,,,,,0,"https://static.www.nfl.com/image/private/f_auto,q_auto/league/ltortesvvgkkc16c0lae",,13,REG,P01,Joshua,JOH398673,55027,32004a4f-4839-8673-1474-111925ac5001,2022,2022,,
2022,NYG,WR,WR,81,DEV,Kalil Pimpleton,Kalil,Pimpleton,1998-12-09,69.0,175,Central Michigan,00-0037443,,,,,,,,,0,"https://static.www.nfl.com/image/private/f_auto,q_auto/league/ipmtors0zn1qb4noevah",,20,DIV,P01,Kalil,PIM189231,55028,32005049-4d18-9231-fb1d-280fdba8cf4d,2022,2022,,
2022,DET,WR,WR,,RET,Corey Sutton,Corey,Sutton,,74.0,195,Appalachian State,00-0037444,,,,,,,,,0,,,18,REG,R02,Corey,,55029,,2022,2022,,
2022,DET,DL,DT,52,DEV,Demetrius Taylor,Demetrius,Taylor,1999-05-27,73.0,295,Appalachian State,00-0037445,,,,,,,,,0,"https://static.www.nfl.com/image/private/f_auto,q_auto/league/jmck8fk0ntrr0qg419gl",,18,REG,P01,Demetrius,TAY165968,55030,32005441-5916-5968-b7b9-e7553a85fdfc,2022,2022,,
2022,DET,DB,DB,,RET,Jermaine Waller,Jermaine,Waller,,73.0,180,Virginia Tech,00-0037446,,,,,,,,,0,,,18,REG,R02,Jermaine,,55031,,2022,2022,,
2022,NYG,LB,OLB,49,ACT,Tomon Fox,Tomon,Fox,1998-03-16,75.0,260,North Carolina,00-0037447,,9880c110-d3bc-11ec-96a0-c3471a31202c,,16562,,,,8854,0,"https://static.www.nfl.com/image/private/f_auto,q_auto/league/mqamg0l2ompqs5mq3qmz",EDGE,20,DIV,A01,Tomon,FOX718674,55032,3200464f-5871-8674-6e49-2a3d0e25ce8b,2022,2022,,
2022,NYG,WR,WR,43,DEV,Dre Miller,Andre,Miller,1998-04-18,75.0,215,Maine,00-0037448,,,,,,,,,0,,,20,DIV,P01,Dre,MIL140004,55033,32004d49-4c14-0004-d264-23ad04fe3ccf,2022,2022,,
2022,DEN,RB,RB,39,DEV,Tyreik McAllister,Tyreik,McAllister,1998-04-07,71.0,174,"Charleston, W. Va.",00-0037450,,,,,,,,,0,,,18,REG,P01,Tyreik,MCA654810,55035,32004d43-4165-4810-7fca-9784813aa8b1,2022,2022,,
2022,PIT,TE,TE,86,DEV,Rod Williams,Rod,Williams,2000-04-10,76.0,235,Tennessee-Martin,00-0037451,,,,,,,,,0,"https://static.www.nfl.com/image/private/f_auto,q_auto/league/fhx1avwx9a4ohksxz2rn",,18,REG,P01,Rod,WIL506729,55036,32005749-4c50-6729-e5da-0244dc363828,2022,2022,,
2022,CLE,OL,T,67,DEV,Myron Cunningham,Myron,Cunningham,1997-10-21,78.0,325,Arkansas,00-0037452,,,,,,,,,0,"https://static.www.nfl.com/image/private/f_auto,q_auto/league/qgcfe48z8bsg5eugekgt",,18,REG,P01,Myron,CUN581406,55038,32004355-4e58-1406-60ad-404b83e736d1,2022,2022,,
2022,HOU,DL,DT,,CUT,Damion Daniels,Damion,Daniels,,75.0,335,Nebraska,00-0037453,,,,,,,,,0,,,1,REG,A01,Damion,DAN520752,55039,32004441-4e52-0752-669b-b04188139f65,2022,2022,,
2022,HOU,WR,WR,81,DEV,Drew Estrada,Drew,Estrada,1997-07-24,72.0,190,Baylor,00-0037454,,,,,,,,,0,"https://static.www.nfl.com/image/private/f_auto,q_auto/league/yiwuzwdivlhuhdcpnwhh",,18,REG,P02,Drew,EST736043,55040,32004553-5473-6043-6fc4-e1d4b996c17e,2022,2022,,
2022,DAL,TE,TE,47,CUT,Seth Green,Seth,Green,1998-02-14,76.0,235,Houston,00-0037455,,,,,,,,,0,"https://static.www.nfl.com/image/private/f_auto,q_auto/league/rllphsnf1y3oyz8nbxwe",,16,REG,P01,Seth,GRE358720,55041,32004752-4535-8720-63f0-34282865953a,2022,2022,,
2022,HOU,RB,FB,34,ACT,Troy Hairston,Troy,Hairston,1998-12-08,71.0,245,Central Michigan,00-0037456,,c4ae1ed0-d32c-11ec-a99e-3305165b8d4a,,16543,,,,8820,0,"https://static.www.nfl.com/image/private/f_auto,q_auto/league/kja7vbsm7kdrgfzacdzv",FB,18,REG,A01,Troy,HAI761344,55042,32004841-4976-1344-85f3-927f662c8365,2022,2022,,
2022,HOU,LB,OLB,49,ACT,Jake Hansen,Jake,Hansen,1998-06-19,73.0,230,Illinois,00-0037457,,4d83cae0-c967-11ec-89b7-476565ea032f,,15314,,,,8349,0,,MLB,18,REG,A01,Jake,HAN576361,55043,32004841-4e57-6361-59e4-2dd889e0de91,2022,2022,,
2022,HOU,DL,DT,93,ACT,Kurt Hinish,Kurt,Hinish,1999-04-27,74.0,296,Notre Dame,00-0037459,,,,,,,,,0,"https://static.www.nfl.com/image/private/f_auto,q_auto/league/krgltdptl9a42lvunwcv",INTERIOR_LINE,18,REG,A01,Kurt,HIN240815,55045,32004849-4e24-0815-f351-f95701767e9e,2022,2022,,
2022,HOU,WR,WR,89,ACT,Johnny Johnson,Johnny,Johnson,1999-05-14,73.0,199,Oregon,00-0037460,,ef986840-c967-11ec-89b7-476565ea032f,,16031,,,,8185,0,"https://static.www.nfl.com/image/private/f_auto,q_auto/league/dxirxctnbi1l0dwjr0lp",WR,18,REG,A01,Johnny,JOH790030,55046,32004a4f-4879-0030-19d7-74056ac526ef,2022,2022,,
2022,PHI,DB,DB,39,RES,Tristin McCollum,Tristin,McCollum,1999-05-03,75.0,195,Sam Houston State,00-0037461,,,,,,,,,0,"https://static.www.nfl.com/image/private/f_auto,q_auto/league/piiixupzy97ha2mnhhe4",,22,SB,R23,Tristin,MCC495185,55047,32004d43-4349-5185-16e1-ac82a2fc5651,2022,2022,,
2022,DET,TE,TE,,CUT,Nolan Givan,Nolan,Givan,,74.0,245,Southeastern Louisiana,00-0037462,,,,,,,,,0,,,1,REG,A01,Nolan,GIV097681,55048,32004749-5609-7681-6b61-fdf8334dec68,2022,2022,,
2022,DET,OL,T,,RET,Zein Obeid,Zein,Obeid,,,0,Ferris State,00-0037463,,,,,,,,,0,,,18,REG,R02,Zein,OBE398070,55049,,2022,2022,,
2022,HOU,DB,DB,38,ACT,Jacobi Francis,Jacobi,Francis,1998-09-06,71.0,179,Memphis,00-0037464,,,,,,,,,0,"https://static.www.nfl.com/image/private/f_auto,q_auto/league/hpddgc5txiehg0bcdpd0",,18,REG,A01,Jacobi,FRA112055,55050,32004652-4111-2055-5eaf-2fff78a48129,2022,2022,,
2022,LAC,WR,WR,86,CUT,Trevon Bradford,Trevon,Bradford,,72.0,184,Oregon State,00-0037465,,,,,,,,,0,"https://static.www.nfl.com/image/private/f_auto,q_auto/league/fzaxi98bwbehk8qfvkpd",,1,REG,W03,Trevon,BRA102035,55051,32004252-4110-2035-91bd-abe70aef45bc,2022,2022,,
2022,LAC,RB,RB,35,CUT,Leddie Brown,Leddie,Brown,,71.0,216,West Virginia,00-0037466,,,,,,,,,0,"https://static.www.nfl.com/image/private/f_auto,q_auto/league/rcngyleogf7ndso4u4l3",,1,REG,W03,Leddie,BRO543769,55052,32004252-4f54-3769-559c-9e8f577e1557,2022,2022,,
2022,LAC,TE,TE,84,CUT,Erik Krommenhoek,Erik,Krommenhoek,,77.0,258,Southern California,00-0037467,,,,,,,,,0,"https://static.www.nfl.com/image/private/f_auto,q_auto/league/ipfrtbff4ruwzy2w9jnj",,1,REG,W03,Erik,KRO437257,55053,32004b52-4f43-7257-6f8e-1ac4f9f0e94e,2022,2022,,
2022,LAC,DB,DB,41,ACT,Raheem Layne,Raheem,Layne,1999-07-02,71.0,200,Indiana,00-0037468,,,,,,,,,0,"https://static.www.nfl.com/image/private/f_auto,q_auto/league/tfklit4zw8wnntbliebo",,19,WC,A01,Raheem,LAY553130,55054,32004c41-5955-3130-c4cb-17782af043c8,2022,2022,,
2022,LAC,LB,LB,58,DEV,Tyreek Maddox-Williams,Tyreek,Maddox-Williams,1997-10-28,72.0,235,Rutgers,00-0037469,,,,,,,,,0,"https://static.www.nfl.com/image/private/f_auto,q_auto/league/yzimbxorxslxjf3zjuo4",,19,WC,P01,Tyreek,MAD479435,55055,32004d41-4447-9435-f38a-ee957d5fae6b,2022,2022,,
2022,LAC,RB,RB,39,CUT,Kevin Marks,Kevin,Marks,,72.0,205,Buffalo,00-0037470,,,,,,,,,0,"https://static.www.nfl.com/image/private/f_auto,q_auto/league/zqv7beavgboksrqxp1rp",,1,REG,W03,Kevin,MAR263217,55056,32004d41-5226-3217-4a9c-21907f3ebe05,2022,2022,,
2022,JAX,K,K,12,DEV,James McCourt,James,McCourt,1997-11-09,73.0,216,Illinois,00-0037471,,,,,,,,,0,"https://static.www.nfl.com/image/private/f_auto,q_auto/league/wtj346kepvhqffiflncn",,20,DIV,P01,James,MCC600221,55057,32004d43-4360-0221-9093-eb8cde543ee8,2022,2022,,
2022,LAC,QB,QB,1,CUT,Brandon Peters,Brandon,Peters,,77.0,220,Illinois,00-0037472,,,,,,,,,0,,,1,REG,A01,Brandon,PET094591,55058,32005045-5409-4591-62b4-6231b81df4e1,2022,2022,,
2022,LAC,DB,DB,38,CUT,Brandon Sebastian,Brandon,Sebastian,,72.0,179,Boston College,00-0037473,,,,,,,,,0,,,1,REG,W03,Brandon,SEB094003,55059,32005345-4209-4003-495d-fc5d387ceefe,2022,2022,,
2022,LAC,DL,DE,59,CUT,Ty Shelby,Ty,Shelby,,76.0,260,Louisiana-Monroe,00-0037474,,,,,,,,,0,"https://static.www.nfl.com/image/private/f_auto,q_auto/league/zs1r2jsb5wwxash9aptj",,1,REG,W03,Ty,SHE242976,55060,32005348-4524-2976-dded-00373106b002,2022,2022,,
2022,LAC,TE,TE,48,INA,Stone Smartt,Stone,Smartt,1998-10-04,76.0,232,Old Dominion,00-0037475,,6ee105f0-ca2e-11ec-be96-e90abdfa0fef,,16321,,,,8583,0,"https://static.www.nfl.com/image/private/f_auto,q_auto/league/o5m7dkasks11bqfc2hss",,19,WC,A01,Stone,SMA808525,55061,3200534d-4180-8525-cede-38f1c8c069ec,2022,2022,,
2022,LAC,DB,DB,48,CUT,Skyler Thomas,Skyler,Thomas,,68.0,185,Liberty,00-0037476,,,,,,,,,0,,,1,REG,A01,Skyler,THO380389,55062,32005448-4f38-0389-1b5f-3dc156395798,2022,2022,,
2022,LAC,OL,T,62,RES,Andrew Trainer,Andrew,Trainer,1997-12-18,79.0,320,William &amp; Mary,00-0037477,,,,,,,,,0,"https://static.www.nfl.com/image/private/f_auto,q_auto/league/lxn9dfivnjhplrzswjq3",,19,WC,R01,Andrew,TRA216079,55063,32005452-4121-6079-35a8-550bbe241d26,2022,2022,,
2022,LAC,OL,C,60,RES,Isaac Weaver,Isaac,Weaver,1998-02-14,78.0,303,Old Dominion,00-0037478,,,,,,,,,0,"https://static.www.nfl.com/image/private/f_auto,q_auto/league/mswsu1mhokoiimnda2ek",,19,WC,R01,Isaac,WEA652404,55064,32005745-4165-2404-408d-274e997ed1af,2022,2022,,
2022,TB,OL,T,62,CUT,Curtis Blackwell,Curtis,Blackwell,,77.0,310,Ball State,00-0037479,,,,,,,,,0,,,1,REG,A01,Curtis,BLA333700,55067,3200424c-4133-3700-55f4-ba4727c6ce4e,2022,2022,,
2022,TB,OL,T,65,DEV,Dylan Cook,Dylan,Cook,1998-01-11,78.0,280,Montana,00-0037480,,,,,,,,,0,"https://static.www.nfl.com/image/private/f_auto,q_auto/league/bezqtc4ppgqrfw8akg1c",,19,WC,P01,Dylan,COO070016,55068,3200434f-4f07-0016-f5c0-0f1cc8bb7592,2022,2022,,
2022,DEN,LB,ILB,51,DEV,Olakunle Fatukasi,Olakunle,Fatukasi,1999-06-11,74.0,230,Rutgers,00-0037481,,d9e949d0-d3ec-11ec-8afa-57d9afd0ecba,,16570,,,,8870,0,"https://static.www.nfl.com/image/private/f_auto,q_auto/league/ujbmc0ooe37jwfl5qtsl",,18,REG,P01,Olakunle,FAT663851,55069,32004641-5466-3851-f29e-937133376c79,2022,2022,,
2022,TB,DB,DB,36,DEV,Don Gardner,Donald,Gardner,1997-12-09,73.0,185,South Dakota State,00-0037482,,,,,,,,,0,"https://static.www.nfl.com/image/private/f_auto,q_auto/league/jtyrr2cjejz9ubjub5tv",,19,WC,P01,Don,GAR170422,55070,32004741-5217-0422-6284-6582b3a2bbf4,2022,2022,,
2022,TB,WR,WR,80,DEV,Kaylon Geiger,Kaylon,Geiger,1997-11-01,70.0,180,Texas Tech,00-0037483,,,,,,,,,0,"https://static.www.nfl.com/image/private/f_auto,q_auto/league/oy2rozo8qkumhmkixptb",,19,WC,P01,Kaylon,GEI316412,55071,32004745-4931-6412-b1ea-5435134e59c3,2022,2022,,
2022,BUF,DB,DB,31,DEV,Kyler McMichael,Kyler,McMichael,2000-03-22,72.0,210,North Carolina,00-0037484,,,,,,,,,0,,,20,DIV,P01,Kyler,MCM283951,55072,32004d43-4d28-3951-44a1-9800507f1403,2022,2022,,
2022,TB,DL,DE,59,CUT,Joe Ozougwu,Joe,Ozougwu,1997-08-05,74.0,238,Arkansas State,00-0037485,,,,,,,,,0,"https://static.www.nfl.com/image/private/f_auto,q_auto/league/uma56qxh1iinmwlpkt6c",,10,REG,P01,Joe,OZO663851,55073,32004f5a-4f66-3851-21d7-2eb81ef02bb6,2022,2022,,
2022,LA,WR,WR,9,DEV,Jerreth Sterns,Jerreth,Sterns,1999-07-01,69.0,195,Western Kentucky,00-0037486,,50ff9b30-d3db-11ec-8afa-57d9afd0ecba,,15813,,,,8236,0,"https://static.www.nfl.com/image/private/f_auto,q_auto/league/edmfzcitmvvwhprmq332",,18,REG,P01,Jerreth,STE570409,55074,32005354-4557-0409-204d-92b6b6714bff,2022,2022,,
2022,TB,WR,WR,83,ACT,Deven Thompkins,Deven,Thompkins,1999-12-23,68.0,155,Utah State,00-0037487,,4c6f79d0-d3dd-11ec-8afa-57d9afd0ecba,,16333,,,,8253,0,"https://static.www.nfl.com/image/private/f_auto,q_auto/league/lc8sogrc4jughefgxwwr",WR,19,WC,A01,Deven,THO444975,55075,32005448-4f44-4975-bda4-0a62a66e799f,2022,2022,,
2022,TB,DB,DB,34,DEV,Nolan Turner,Nolan,Turner,1997-11-29,73.0,200,Clemson,00-0037488,,,,,,,,,0,"https://static.www.nfl.com/image/private/f_auto,q_auto/league/zja76swfcjnoaysxdfyw",,19,WC,P01,Nolan,TUR626317,55076,32005455-5262-6317-7af7-4707163d97e9,2022,2022,,
2022,TB,LB,LB,57,CUT,Jordan Young,Jordan,Young,,75.0,230,Old Dominion,00-0037489,,,,,,,,,0,,,1,REG,W03,Jordan,YOU310116,55077,3200594f-5531-0116-3612-073365c002bf,2022,2022,,
2022,TB,TE,TE,89,CUT,Ben Beise,Ben,Beise,,75.0,235,Wisconsin-River Falls,00-0037490,,,,,,,,,0,,,1,REG,A01,Ben,BEI616185,55078,32004245-4961-6185-cee8-0c7f135a6090,2022,2022,,
2022,TB,LB,LB,51,CUT,J.J. Russell,Javarius,Russell,1998-10-12,73.0,225,Memphis,00-0037491,,5396bba0-d3ed-11ec-8afa-57d9afd0ecba,,16573,,,,8869,0,,,19,WC,A01,J.J.,RUS568154,55079,32005255-5356-8154-c2da-042f9c7494cc,2022,2022,,
2022,GB,K,K,45,CUT,Gabe Brkic,Gabe,Brkic,2000-02-16,74.0,198,Oklahoma,00-0037492,,,,,,,,,0,,,3,REG,W03,Gabe,BRK415291,55080,32004252-4b41-5291-fb63-8d7fc8a3fadb,2022,2022,,
2022,TEN,DB,DB,44,INA,Mike Brown,Michael,Brown,1999-04-07,73.0,222,"Miami, O.",00-0037493,,,,,,,,,0,"https://static.www.nfl.com/image/private/f_auto,q_auto/league/cqf60oreolcymvfk7srx",,18,REG,A01,Mike,BRO564946,55081,32004252-4f56-4946-6dec-36a737b329e4,2022,2022,,
2022,MIN,WR,WR,89,RES,Thomas Hennigan,Thomas,Hennigan,1998-08-18,73.0,210,Appalachian State,00-0037494,,,,,,,,,0,"https://static.www.nfl.com/image/private/f_auto,q_auto/league/pwjrtq1sf2krc4sdrmrg",,19,WC,R01,Thomas,HEN556320,55082,32004845-4e55-6320-c570-5990cc7d05dc,2022,2022,,
2022,MIN,RB,RB,38,DEV,Bryant Koback,Bryant,Koback,1998-04-06,72.0,210,Toledo,00-0037495,,7b816ca0-c957-11ec-b1d2-d334745b4f4f,,16240,,,,8246,0,"https://static.www.nfl.com/image/private/f_auto,q_auto/league/gvzhayfderfgdox5indz",,19,WC,P01,Bryant,KOB043259,55083,32004b4f-4204-3259-3d16-01b738831704,2022,2022,,
2022,TEN,LB,LB,51,DEV,Zach McCloud,Zach,McCloud,1998-04-22,74.0,235,Miami,00-0037496,,,,,,,,,0,"https://static.www.nfl.com/image/private/f_auto,q_auto/league/jvqbscoiccs8yknyoiwr",,18,REG,P01,Zach,MCC418364,55084,32004d43-4341-8364-50cb-53de52d45126,2022,2022,,
2022,MIN,OL,C,60,DEV,Josh Sokol,Josh,Sokol,1997-12-01,75.0,290,Sacred Heart,00-0037497,,,,,,,,,0,"https://static.www.nfl.com/image/private/f_auto,q_auto/league/agax3f0ousdords3ivgu",,19,WC,P01,Josh,SOK392978,55085,3200534f-4b39-2978-215f-0de3e3e6a644,2022,2022,,
2022,MIN,DL,DT,,CUT,Tyarise Stevenson,Tyarise,Stevenson,,75.0,365,Tulsa,00-0037498,,,,,,,,,0,,,1,REG,A01,Tyarise,STE716108,55086,32005354-4571-6108-7cf8-aba143c7e09f,2022,2022,,
2022,MIN,LB,OLB,43,INA,Luiji Vilain,Luiji,Vilain,1998-03-10,76.0,252,Wake Forest,00-0037499,,aa7f57a0-c958-11ec-b1d2-d334745b4f4f,,16305,,,,8530,0,"https://static.www.nfl.com/image/private/f_auto,q_auto/league/bpryqmz7y33c1o9gfq6w",,19,WC,A01,Luiji,VIL034607,55087,32005649-4c03-4607-380d-0f06f5d40c34,2022,2022,,
2022,MIN,P,P,14,ACT,Ryan Wright,Ryan,Wright,2000-06-01,75.0,245,Tulane,00-0037500,,,,,,,,,0,"https://static.www.nfl.com/image/private/f_auto,q_auto/league/esxuxvro6v1fookqa9eu",,19,WC,A01,Ryan,WRI649809,55088,32005752-4964-9809-84ff-393d1a4d4491,2022,2022,,
2022,SEA,WR,WR,86,DEV,Kevin Kassis,Kevin,Kassis,1997-09-19,72.0,202,Montana State,00-0037501,,,,,,,,,2,"https://static.www.nfl.com/image/private/f_auto,q_auto/league/awlmxrmgqjwsvbkxrtgo",,10,REG,P01,Kevin,KAS605229,55089,32004b41-5360-5229-828c-125e5943dc2a,2020,2022,,
2022,CIN,DB,DB,,CUT,Abu Daramy-Swaray,Abu,Daramy-Swaray,,70.0,190,Colgate,00-0037502,,,,,,,,,2,,,1,REG,A01,Abu,DAR016163,55090,32004441-5201-6163-5167-53075d5b4006,2020,2022,,
2022,LV,LB,MLB,58,INA,Darien Butler,Darien,Butler,2000-02-29,70.0,225,Arizona State,00-0037503,,a0de0720-d3a6-11ec-96a0-c3471a31202c,,15938,,,,8263,0,"https://static.www.nfl.com/image/private/f_auto,q_auto/league/ywcrleuefpxkw4zrcfos",,18,REG,A01,Darien,BUT139902,55091,32004255-5413-9902-71a1-059266e00d94,2022,2022,,
2022,LV,DB,DB,42,CUT,Qwynnterrio Cole,Qwynnterrio,Cole,,75.0,190,Louisville,00-0037504,,,,,,,,,0,"https://static.www.nfl.com/image/private/f_auto,q_auto/league/isil55bjmkgeii2xnw30",,1,REG,W03,Qwynnterrio,COL158937,55092,3200434f-4c15-8937-5270-bcda49daa13b,2022,2022,,
2022,LV,DB,DB,44,DEV,Bryce Cosby,Bryce,Cosby,1999-03-22,69.0,188,Ball State,00-0037505,,,,,,,,,0,"https://static.www.nfl.com/image/private/f_auto,q_auto/league/bh9vlzkuzv91taxtlqom",,18,REG,P01,Bryce,COS062122,55093,3200434f-5306-2122-672c-a3ccdbcf2c58,2022,2022,,
2022,LV,TE,TE,85,DEV,Cole Fotheringham,Cole,Fotheringham,1997-10-11,76.0,243,Utah,00-0037506,,,,,,,,,0,"https://static.www.nfl.com/image/private/f_auto,q_auto/league/xth0gz3unntd1gyfh5ou",,18,REG,P01,Cole,FOT207645,55094,3200464f-5420-7645-743f-0fd87376eb28,2022,2022,,
2022,LV,QB,QB,15,ACT,Chase Garbers,Chase,Garbers,1999-06-06,74.0,225,California,00-0037507,,f0a26520-d3a2-11ec-96a0-c3471a31202c,,16436,,,,8431,0,"https://static.www.nfl.com/image/private/f_auto,q_auto/league/zaudilovj1on5cmstpmy",,18,REG,A01,Chase,GAR036238,55095,32004741-5203-6238-6789-1451be5e9793,2022,2022,,
2022,LV,WR,WR,12,CUT,Justin Hall,Justin,Hall,,69.0,190,Ball State,00-0037508,,,,,,,,,0,"https://static.www.nfl.com/image/private/f_auto,q_auto/league/h5vesumpp5vrsnuqznkg",,1,REG,W03,Justin,HAL406415,55096,32004841-4c40-6415-8fb4-5ad8f912a345,2022,2022,,
2022,LV,RB,RB,36,RES,Sincere McCormick,Sincere,McCormick,2000-09-10,69.0,205,Texas-San Antonio,00-0037509,,2e808f70-d3a3-11ec-96a0-c3471a31202c,,16107,,,,8220,0,"https://static.www.nfl.com/image/private/f_auto,q_auto/league/u46q2tpmfkjwgbwzcirw",,18,REG,R01,Sincere,MCC594638,55097,32004d43-4359-4638-6f2a-4110341e4bba,2022,2022,,
2022,LV,DB,DB,,RET,Malkelm Morrison,Malkelm,Morrison,,70.0,190,Army,00-0037510,,,,,,,,,0,,,18,REG,R02,Malkelm,,55098,,2022,2022,,
2022,LV,OL,T,79,DEV,Bam Olaseni,Bamidele,Olaseni,,80.0,330,Utah,00-0037511,,,,,,,,,0,"https://static.www.nfl.com/image/private/f_auto,q_auto/league/upqgeva6v1l21k5fryuo",,1,REG,P01,Bam,OLA519204,55099,32004f4c-4151-9204-416f-260511e7dea7,2022,2022,,
2022,LV,DB,FS,20,ACT,Isaiah Pola-Mao,Isaiah,Pola-Mao,1999-06-30,76.0,205,Southern California,00-0037512,,,,,,,,,0,"https://static.www.nfl.com/image/private/f_auto,q_auto/league/z9t6ngvcsyik102v7p6m",MLB,18,REG,A01,Isaiah,POL045247,55100,3200504f-4c04-5247-89ab-94b9194abd7b,2022,2022,,
2022,LV,DL,DT,69,DEV,Myron Tagovailoa-Amosa,Myron,Tagovailoa-Amosa,1999-05-09,74.0,282,Notre Dame,00-0037513,,,,,,,,,0,"https://static.www.nfl.com/image/private/f_auto,q_auto/league/nmps2nyng6jkkphyqm5x",,18,REG,P02,Myron,TAG631594,55101,32005441-4763-1594-5f4c-87d70717ffc7,2022,2022,,
2022,LA,DL,DE,51,DEV,Zach VanValkenburg,Zach,VanValkenburg,1998-02-17,76.0,267,Iowa,00-0037515,,,,,,,,,0,"https://static.www.nfl.com/image/private/f_auto,q_auto/league/cfzv74ni2iuopv4a24cz",,18,REG,P01,Zach,VAN795032,55103,32005641-4e79-5032-3851-4034ec0e6922,2022,2022,,
2022,LV,DB,CB,27,ACT,Sam Webb,Sam,Webb,1998-05-19,72.0,195,Missouri Western,00-0037516,,,,,,,,,0,"https://static.www.nfl.com/image/private/f_auto,q_auto/league/hslsurcissx0wgbke6cq",,18,REG,A01,Sam,WEB273833,55104,32005745-4227-3833-1439-6554f40cc633,2022,2022,,
2022,LV,LB,OLB,59,ACT,Luke Masterson,Luke,Masterson,1998-01-07,73.0,220,Wake Forest,00-0037517,,103ff970-d3a7-11ec-96a0-c3471a31202c,,16557,,,,8839,0,"https://static.www.nfl.com/image/private/f_auto,q_auto/league/yonk7wqlkqkrz12da7u8",MLB,18,REG,A01,Luke,MAS690565,55105,32004d41-5369-0565-639a-efcac2fd70d3,2022,2022,,
2022,WAS,DB,DB,,CUT,Will Adams,Will,Adams,,75.0,195,Virginia State,00-0037518,,,,,,,,,0,,,1,REG,A01,Will,,55106,,2022,2022,,
2022,SF,DL,DT,77,CUT,Kevin Atkins,Kevin,Atkins,,73.0,310,Fresno State,00-0037519,,,,,,,,,0,,,1,REG,W03,Kevin,ATK314061,55107,32004154-4b31-4061-8e08-f0f00c2b7fb3,2022,2022,,
2022,DEN,LB,LB,51,CUT,Jeremiah Gemmel,Jeremiah,Gemmel,,73.0,225,North Carolina,00-0037520,,,,,,,,,0,,,1,REG,W03,Jeremiah,GEM444955,55108,32004745-4d44-4955-ac81-ab519eb69d75,2022,2022,,
2022,SF,DB,DB,41,DEV,Tayler Hawkins,Tayler,Hawkins,1997-12-27,73.0,205,San Diego State,00-0037521,,,,,,,,,0,"https://static.www.nfl.com/image/private/f_auto,q_auto/league/vmkmrnj2end8mqvf7knh",,21,CON,P01,Tayler,HAW585891,55109,32004841-5758-5891-e9c0-3f8f220d5e11,2022,2022,,
2022,SF,DB,DB,43,DEV,Qwuantrezz Knight,Qwuantrezz,Knight,1997-10-10,72.0,199,UCLA,00-0037522,,,,,,,,,0,"https://static.www.nfl.com/image/private/f_auto,q_auto/league/si1tid4u9gf083smhip9",,21,CON,P01,Qwuantrezz,KNI617685,55110,32004b4e-4961-7685-598b-fd1f6e0fb28b,2022,2022,,
2022,SF,WR,WR,,ACT,Taysir Mack,Taysir,Mack,,74.0,190,Pittsburgh,00-0037523,,,,,,,,,0,,,1,REG,A01,Taysir,MAC370788,55111,,2022,2022,,
2022,SF,WR,WR,86,DEV,Tay Martin,Dovontavean,Martin,1997-12-14,75.0,186,Oklahoma State,00-0037524,,8d74f600-ca80-11ec-97ae-e1573849d1a6,,15918,,,,8250,0,"https://static.www.nfl.com/image/private/f_auto,q_auto/league/etcdhd5sqz4jlrfbw4q6",,21,CON,P01,Tay,MAR735708,55112,32004d41-5273-5708-d1c2-bd53e5450702,2022,2022,,
2022,SF,RB,RB,24,ACT,Jordan Mason,Jordan,Mason,1999-05-24,71.0,218,Georgia Tech,00-0037525,,af9f7390-ca80-11ec-97ae-e1573849d1a6,,16163,,,,8408,0,"https://static.www.nfl.com/image/private/f_auto,q_auto/league/siy6cm1nrvftegskwnnr",RB,21,CON,A01,Jordan,MAS125056,55113,32004d41-5312-5056-fafb-b3b690e395a1,2022,2022,,
2022,SF,LB,ILB,40,DEV,Marcelino McCrary-Ball,Marcelino,McCrary-Ball,1999-03-23,72.0,222,Indiana,00-0037526,,,,,,,,,0,"https://static.www.nfl.com/image/private/f_auto,q_auto/league/b5qoabi361a8abfsvsz7",,21,CON,P01,Marcelino,MCC661804,55114,32004d43-4366-1804-33a5-7fdeaa9353cd,2022,2022,,
2022,IND,LB,LB,50,DEV,Segun Olubi,Segun,Olubi,1999-11-01,74.0,220,San Diego State,00-0037527,,,,,,,,,0,,,18,REG,P01,Segun,OLU118654,55115,32004f4c-5511-8654-e618-818cbfa5d0c2,2022,2022,,
2022,SF,DB,DB,,ACT,Leon O'Neal,Leon,O'Neal,,73.0,210,Texas A&amp;M,00-0037528,,,,,,,,,0,,,1,REG,A01,Leon,ONE296635,55116,,2022,2022,,
2022,SF,OL,G,62,DEV,Jason Poe,Jason,Poe,1998-07-27,73.0,295,Mercer,00-0037529,,,,,,,,,0,"https://static.www.nfl.com/image/private/f_auto,q_auto/league/sy2usck4lxgdb2swf2ik",,21,CON,P01,Jason,POE449899,55117,3200504f-4544-9899-c86b-b901f8fed4b9,2022,2022,,
2022,NYJ,OL,T,78,DEV,Sam Schlueter,Sam,Schlueter,1997-08-11,78.0,325,Minnesota,00-0037530,,,,,,,,,0,,,18,REG,P01,Sam,SCH249159,55118,32005343-4824-9159-b037-8bc0d2a1cdcb,2022,2022,,
2022,SF,OL,C,61,CUT,Dohnovan West,Dohnovan,West,,76.0,300,Arizona State,00-0037531,,,,,,,,,0,,,1,REG,W03,Dohnovan,WES214625,55119,32005745-5321-4625-8519-88c716b6bfab,2022,2022,,
2022,NO,OL,T,63,DEV,Sage Doxtater,Sage,Doxtater,1998-10-20,79.0,330,New Mexico State,00-0037533,,,,,,,,,0,"https://static.www.nfl.com/image/private/f_auto,q_auto/league/vdhtljnttjhyhyqkpjkc",,18,REG,P01,Sage,DOX415291,55121,3200444f-5841-5291-70e6-6a59ea392306,2022,2022,,
2022,SEA,LB,LB,48,CUT,Joel Dublanko,Joel,Dublanko,,74.0,240,Cincinnati,00-0037534,,,,,,,,,0,,,1,REG,W03,Joel,DUB226217,55122,32004455-4222-6217-8c82-15ea8039d7d3,2022,2022,,
2022,WAS,DB,DB,39,DEV,DaMarcus Fields,DaMarcus,Fields,1998-03-11,72.0,200,Texas Tech,00-0037535,,,,,,,,,0,"https://static.www.nfl.com/image/private/f_auto,q_auto/league/rfnctndnzvyrymev2gun",,18,REG,P01,DaMarcus,FIE484543,55123,32004649-4548-4543-73ca-b0707dedd244,2022,2022,,
2022,NO,DB,DB,35,DEV,Vincent Gray,Vincent,Gray,1999-12-28,74.0,192,Michigan,00-0037536,,,,,,,,,0,"https://static.www.nfl.com/image/private/f_auto,q_auto/league/akvabv6ljnsf3dm5tsjp",,18,REG,P01,Vincent,GRA790975,55124,32004752-4179-0975-cbed-d5ba8e7d2719,2022,2022,,
2022,NO,OL,G,66,ACT,Lewis Kidd,Lewis,Kidd,1997-09-15,78.0,311,Montana State,00-0037537,,,,,,,,,0,"https://static.www.nfl.com/image/private/f_auto,q_auto/league/iuzokljyixtvnclk2irp",TE,18,REG,A01,Lewis,KID311467,55125,32004b49-4431-1467-f1d1-46e9bbb9041d,2022,2022,,
2022,NO,TE,TE,87,DEV,Lucas Krull,Lucas,Krull,1998-07-11,78.0,260,Pittsburgh,00-0037539,,767b4820-cc9f-11ec-952e-a10f2c98fc4d,,16259,,,,8249,0,"https://static.www.nfl.com/image/private/f_auto,q_auto/league/cbjn3nqh6yyeo4ihkgss",,18,REG,P01,Lucas,KRU507134,55127,32004b52-5550-7134-95a7-3950c4ae4b6b,2022,2022,,
2022,NO,DB,DB,38,RES,Smoke Monday,Smoke,Monday,1999-02-19,75.0,200,Auburn,00-0037540,,,,,,,,,0,"https://static.www.nfl.com/image/private/f_auto,q_auto/league/kyczvvutv48k8oxciwrk",,18,REG,R01,Smoke,MON123542,55128,32004d4f-4e12-3542-b318-1cc40a6d4d96,2022,2022,,
2022,NO,DB,DB,44,CUT,Isaiah Pryor,Isaiah,Pryor,,73.0,217,Notre Dame,00-0037541,,,,,,,,,0,"https://static.www.nfl.com/image/private/f_auto,q_auto/league/oozasryatqccscsenfmo",,1,REG,W03,Isaiah,PRY444541,55129,32005052-5944-4541-fe7b-2415ee25728d,2022,2022,,
2022,NO,K,K,15,CUT,John Parker Romo,John Parker,Romo,,71.0,175,Virginia Tech,00-0037542,,,,,,,,,0,,,1,REG,A01,John Parker,ROM799231,55130,3200524f-4d79-9231-60ed-5712a49c4159,2022,2022,,
2022,NO,OL,G,64,CUT,Derek Schweiger,Derek,Schweiger,,75.0,325,Iowa State,00-0037543,,,,,,,,,0,"https://static.www.nfl.com/image/private/f_auto,q_auto/league/ymwhjoaokixtzrzkcrny",,1,REG,W03,Derek,SCH816988,55131,32005343-4881-6988-2229-b9b417a0706d,2022,2022,,
2022,NO,LB,LB,45,DEV,Nephi Sewell,Nephi,Sewell,1998-12-19,72.0,228,Utah,00-0037544,,,,,,,,,0,"https://static.www.nfl.com/image/private/f_auto,q_auto/league/dzvv9pmdorg7abxietb7",,18,REG,P01,Nephi,SEW440460,55132,32005345-5744-0460-78e0-ad2f28ed6cef,2022,2022,,
2022,NO,WR,WR,89,ACT,Rashid Shaheed,Rashid,Shaheed,1998-08-31,72.0,180,Weber State,00-0037545,,e1ecc660-cc9f-11ec-952e-a10f2c98fc4d,,16560,,,,8676,0,"https://static.www.nfl.com/image/private/f_auto,q_auto/league/rjgvutxutdp8l4jgfofo",WR,18,REG,A01,Rashid,SHA089447,55133,32005348-4108-9447-3491-eb73ad07ef30,2022,2022,,
2022,NO,RB,RB,33,CUT,Abram Smith,Abram,Smith,,71.0,221,Baylor,00-0037546,,,,,,,,,0,"https://static.www.nfl.com/image/private/f_auto,q_auto/league/ppkdc6afdqqzy8qxzuvt",,1,REG,W03,Abram,SMI019878,55134,3200534d-4901-9878-f2cd-c3c2fd1dbde5,2022,2022,,
2022,NO,P,P,19,CUT,Daniel Whelan,Daniel,Whelan,,77.0,210,California-Davis,00-0037547,,,,,,,,,0,,,1,REG,A01,Daniel,WHE755365,55135,32005748-4575-5365-e941-5af46ce1f2d1,2022,2022,,
2022,IND,DB,DB,39,ACT,Darrell Baker,Darrell,Baker,1998-03-27,73.0,200,Georgia Southern,00-0037549,,,,,,,,,0,"https://static.www.nfl.com/image/private/f_auto,q_auto/league/bjwxl8bgghmzepitopga",,18,REG,A01,Darrell,BAK785445,55137,32004241-4b78-5445-4d43-3ee85cdf8080,2022,2022,,
2022,ARI,DL,DE,96,ACT,Manny Jones,Emmanuel,Jones,1999-06-06,76.0,290,Colorado State,00-0037551,,,,,,,,,0,"https://static.www.nfl.com/image/private/f_auto,q_auto/league/ep5ov956i52mqpj5z3rv",INTERIOR_LINE,18,REG,A01,Manny,JON586955,55139,32004a4f-4e58-6955-e5ec-6f370df23422,2022,2022,,
2022,ARI,WR,WR,31,DEV,Jontre Kirklin,Jontre,Kirklin,,71.0,180,Louisiana State,00-0037553,,,,,,,,,0,"https://static.www.nfl.com/image/private/f_auto,q_auto/league/umarkd6lnlkj7nbzbwfv",,1,REG,P01,Jontre,KIR584889,55141,32004b49-5258-4889-6a24-88293ce4a4e2,2022,2022,,
2022,ARI,WR,WR,32,DEV,JaVonta Payton,JaVonta,Payton,,73.0,180,Tennessee,00-0037555,,,,,,,,,0,"https://static.www.nfl.com/image/private/f_auto,q_auto/league/kob7lo8tinwfhoyzcz2f",,2,REG,P01,JaVonta,PAY606647,55143,32005041-5960-6647-4f47-40ec450bce13,2022,2022,,
2022,ARI,TE,TE,49,DEV,Chris Pierce,Chris,Pierce,1998-11-02,76.0,235,Vanderbilt,00-0037556,,,,,,,,,0,"https://static.www.nfl.com/image/private/f_auto,q_auto/league/olkr27fwvs34jjiuwmel",,18,REG,P01,Chris,PIE240435,55144,32005049-4524-0435-178b-724b3ccb29a3,2022,2022,,
2022,LA,RB,RB,30,ACT,Ronnie Rivers,Ronnie,Rivers,1999-01-31,69.0,190,Fresno State,00-0037557,,246db560-cb4e-11ec-a667-6354702e3fca,,16108,,,,8195,0,"https://static.www.nfl.com/image/private/f_auto,q_auto/league/fd20isppszv9cfubzs7y",,18,REG,A01,Ronnie,RIV673384,55145,32005249-5667-3384-6c78-b7eef7619467,2022,2022,,
2022,CAR,LB,LB,50,INA,Chandler Wooten,Chandler,Wooten,1999-04-25,75.0,232,Auburn,00-0037560,,a46e9c10-cb4f-11ec-a667-6354702e3fca,,15855,,,,8635,0,"https://static.www.nfl.com/image/private/f_auto,q_auto/league/angqnvilysrybiosrwgk",,18,REG,A01,Chandler,WOO783191,55148,3200574f-4f78-3191-4f7c-e1aaab509b07,2022,2022,,
2022,DAL,DB,FS,41,ACT,Markquese Bell,Markquese,Bell,1999-01-06,75.0,205,Florida A&amp;M,00-0037561,,,,,,,,,0,"https://static.www.nfl.com/image/private/f_auto,q_auto/league/pe2nbgeuocnejjfsevpd",SAFETY,20,DIV,A01,Markquese,BEL508906,55149,32004245-4c50-8906-cda2-e5c5f66a61bd,2022,2022,,
2022,MIA,DL,DE,56,CUT,Big Kat Bryant,Markaviest,Bryant,1999-01-04,77.0,250,Central Florida,00-0037562,,,,,,,,,0,"https://static.www.nfl.com/image/private/f_auto,q_auto/league/kwuuuua6dcjfa9xzesbi",,10,REG,P01,Big Kat,BRY215314,55150,32004252-5921-5314-db2e-d7507bdbe6f9,2022,2022,,
2022,DAL,RB,RB,34,ACT,Malik Davis,Malik,Davis,1998-11-26,70.0,207,Florida,00-0037563,,7caf1f90-d30d-11ec-8b77-45b1765fd110,,15828,,,,8800,0,"https://static.www.nfl.com/image/private/f_auto,q_auto/league/qbzjqef19zuesy4iqv50",RB,20,DIV,A01,Malik,DAV533325,55151,32004441-5653-3325-351e-1ba69c909b9a,2022,2022,,
2022,DAL,WR,WR,16,DEV,Dontario Drummond,Dontario,Drummond,1997-08-22,73.0,220,Mississippi,00-0037564,,,,,,,,,0,"https://static.www.nfl.com/image/private/f_auto,q_auto/league/c7snegwasjgrxxxjvcxi",,20,DIV,P01,Dontario,DRU357804,55152,32004452-5535-7804-69a2-6723d9ae5e80,2022,2022,,
2022,MIA,OL,C,62,DEV,James Empey,James,Empey,1996-10-27,76.0,300,Brigham Young,00-0037565,,,,,,,,,0,"https://static.www.nfl.com/image/private/f_auto,q_auto/league/xqhmfm2jwesqd97vwj9h",,19,WC,P01,James,EMP415291,55153,3200454d-5041-5291-5579-69eafd53321f,2022,2022,,
2022,KC,WR,WR,14,RES,Ty Fryfogle,Ty,Fryfogle,,73.0,215,Indiana,00-0037566,,,,,,,,,0,"https://static.www.nfl.com/image/private/f_auto,q_auto/league/kwobzvs1vlmvsjtvvew8",,22,SB,R23,Ty,FRY782342,55154,32004652-5978-2342-44c7-e795db4904cd,2022,2022,,
2022,DAL,K,K,1,CUT,Jonathan Garibay,Jonathan,Garibay,,73.0,215,Texas Tech,00-0037567,,,,,,,,,0,,,1,REG,A01,Jonathan,GAR217557,55155,,2022,2022,,
2022,DAL,LB,LB,43,CUT,Aaron Hansford,Aaron,Hansford,,74.0,240,Texas A&amp;M,00-0037568,,,,,,,,,0,,,1,REG,A01,Aaron,,55156,,2022,2022,,
2022,DAL,TE,TE,89,INA,Peyton Hendershot,Peyton,Hendershot,1999-04-23,76.0,245,Indiana,00-0037569,,944893b0-d30e-11ec-8b77-45b1765fd110,,16041,,,,8197,0,"https://static.www.nfl.com/image/private/f_auto,q_auto/league/c4755isxqphddzmqbejm",,20,DIV,A01,Peyton,HEN032321,55157,32004845-4e03-2321-1253-31d8ad3d25d1,2022,2022,,
2022,DAL,WR,WR,17,DEV,Dennis Houston,Dennis,Houston,1999-04-24,73.0,205,Western Illinois,00-0037570,,2fb00370-d30e-11ec-8b77-45b1765fd110,,16356,,,,8801,0,"https://static.www.nfl.com/image/private/f_auto,q_auto/league/ntwyweqyunzbfxtaa3ue",,20,DIV,P01,Dennis,HOU444022,55158,3200484f-5544-4022-c14e-f5c0289837cf,2022,2022,,
2022,CLE,LB,LB,49,ACT,Storey Jackson,Storey,Jackson,1998-04-08,74.0,210,Liberty,00-0037571,,,,,,,,,0,"https://static.www.nfl.com/image/private/f_auto,q_auto/league/a16ji9i19jsneq8gxfff",,18,REG,A01,Storey,JAC564532,55159,32004a41-4356-4532-823c-c237816106c8,2022,2022,,
2022,DAL,OL,C,65,DEV,Alec Lindstrom,Alec,Lindstrom,1997-07-07,75.0,298,Boston College,00-0037572,,,,,,,,,0,"https://static.www.nfl.com/image/private/f_auto,q_auto/league/t81hilwezdbc3kuoyrk4",,20,DIV,P02,Alec,LIN436760,55160,32004c49-4e43-6760-551e-6f2e1eaba861,2022,2022,,
2022,NE,DB,DB,34,DEV,Quandre Mosely,Quandre,Mosely,1999-05-18,74.0,185,Kentucky,00-0037573,,,,,,,,,0,"https://static.www.nfl.com/image/private/f_auto,q_auto/league/bvjmffjbggzz2tlx4w2f",,18,REG,P01,Quandre,MOS127483,55161,32004d4f-5312-7483-d636-d6156facd5c6,2022,2022,,
2022,LA,WR,WR,84,DEV,Jaquarii Roberson,Jaquarii,Roberson,1998-07-29,73.0,185,Wake Forest,00-0037574,,,,,,,,,0,"https://static.www.nfl.com/image/private/f_auto,q_auto/league/v3d6tzojkw7hixw6ces0",,18,REG,P01,Jaquarii,ROB081816,55162,3200524f-4208-1816-2e61-67a80dd43408,2022,2022,,
2022,DAL,OL,T,61,CUT,Amon Simon,Amon,Simon,,77.0,279,Texas A&amp;M-Commerce,00-0037575,,,,,,,,,0,"https://static.www.nfl.com/image/private/f_auto,q_auto/league/txc08xpuuy7soubcqnqe",,1,REG,W03,Amon,SIM360472,55163,32005349-4d36-0472-4442-82fcc4861a8f,2022,2022,,
2022,PIT,DL,DE,52,DEV,Mika Tafua,Mika,Tafua,1996-11-30,75.0,250,Utah,00-0037576,,,,,,,,,0,"https://static.www.nfl.com/image/private/f_auto,q_auto/league/g7xjhqth0m21ay61g4zy",,18,REG,P01,Mika,TAF604523,55164,32005441-4660-4523-cb84-fff84f879595,2022,2022,,
2022,DAL,DB,DB,36,RES,Isaac Taylor-Stuart,Isaac,Taylor-Stuart,1999-10-25,74.0,200,Southern California,00-0037577,,,,,,,,,0,"https://static.www.nfl.com/image/private/f_auto,q_auto/league/xumfbpdjx45hfjzzgwb9",,20,DIV,R01,Isaac,TAY813070,55165,32005441-5981-3070-1df9-d78107443686,2022,2022,,
2022,DAL,DB,DB,40,DEV,Juanyeh Thomas,Juanyeh,Thomas,2000-06-24,73.0,217,Georgia Tech,00-0037578,,,,,,,,,0,"https://static.www.nfl.com/image/private/f_auto,q_auto/league/ji16hqwyif8g0ncul3vq",,20,DIV,P02,Juanyeh,THO265117,55166,32005448-4f26-5117-754c-f755f2a31494,2022,2022,,
2022,ATL,WR,WR,83,RES,Jared Bernhardt,Jared,Bernhardt,1997-09-12,73.0,195,Ferris State,00-0037580,,dcdfde40-cc7d-11ec-8d55-87af3a9174bd,,16489,,,,8663,0,"https://static.www.nfl.com/image/private/f_auto,q_auto/league/t66tbsq2errhbartgdhx",,18,REG,R48,Jared,BER295498,55168,32004245-5229-5498-c535-b57f6b16755c,2022,2022,,
2022,DET,WR,WR,83,DEV,Stanley Berryhill,Stanley,Berryhill,1998-06-09,71.0,190,Arizona,00-0037581,,18be19e0-cc7e-11ec-8d55-87af3a9174bd,,16490,,,,8419,0,"https://static.www.nfl.com/image/private/f_auto,q_auto/league/hznztzp6rmnyt2aqlwyo",,18,REG,P01,Stanley,BER686341,55169,32004245-5268-6341-8b42-ac376772bda4,2022,2022,,
2022,CHI,LB,LB,52,DEV,Kuony Deng,Kuony,Deng,1998-08-17,78.0,225,California,00-0037582,,,,,,,,,0,"https://static.www.nfl.com/image/private/f_auto,q_auto/league/smsukfrjv2stikjlup79",,18,REG,P01,Kuony,DEN041167,55170,32004445-4e04-1167-fd31-76221c54a856,2022,2022,,
2022,ATL,DB,DB,43,DEV,Matt Hankins,Matt,Hankins,1999-02-22,73.0,185,Iowa,00-0037583,,,,,,,,,0,"https://static.www.nfl.com/image/private/f_auto,q_auto/league/mmfivfafvpjbt08ci4xt",,18,REG,P01,Matt,HAN170108,55171,32004841-4e17-0108-eadb-12e433431d8e,2022,2022,,
2022,NE,DB,DB,29,DEV,Brad Hawkins,Brad,Hawkins,1998-07-26,73.0,218,Michigan,00-0037584,,,,,,,,,0,,,18,REG,P01,Brad,HAW158170,55172,32004841-5715-8170-7294-5902a827bf2c,2022,2022,,
2022,ATL,DL,DT,93,ACT,Timmy Horne,Timmy,Horne,1997-10-25,76.0,321,Kansas State,00-0037585,,,,,,,,,0,,INTERIOR_LINE,18,REG,A01,Timmy,HOR341124,55173,3200484f-5234-1124-e6c0-2c7a6ea3af65,2022,2022,,
2022,ATL,WR,WR,85,CUT,Tyshaun James,Tyshaun,James,,74.0,206,Central Connecticut State,00-0037586,,,,,,,,,0,,,1,REG,A01,Tyshaun,JAM656032,55174,32004a41-4d65-6032-c673-d1b16c2ce131,2022,2022,,
2022,ATL,LB,ILB,55,DEV,Nate Landman,Nate,Landman,1998-11-19,75.0,230,Colorado,00-0037587,,7fe2ddd0-cc7f-11ec-8d55-87af3a9174bd,,15904,,,,8659,0,,,18,REG,P01,Nate,LAN108404,55175,32004c41-4e10-8404-7773-9eee03d2b855,2022,2022,,
2022,ATL,DL,DT,98,CUT,Bryce Rodgers,Bryce,Rodgers,,74.0,290,California-Davis,00-0037588,,,,,,,,,0,,,1,REG,A01,Bryce,ROD348104,55176,,2022,2022,,
2022,ATL,DL,DT,99,DEV,Derrick Tangelo,Derrick,Tangelo,1999-05-14,73.0,305,Penn State,00-0037589,,,,,,,,,0,"https://static.www.nfl.com/image/private/f_auto,q_auto/league/ul6mo8ieuenxl9jlrwrf",,18,REG,P02,Derrick,TAN187394,55177,32005441-4e18-7394-ab2b-373e2b30da1c,2022,2022,,
2022,ATL,OL,T,73,DEV,Tyler Vrabel,Tyler,Vrabel,2000-06-24,78.0,307,Boston College,00-0037590,,,,,,,,,0,"https://static.www.nfl.com/image/private/f_auto,q_auto/league/nytacoir68if2vqa0rsr",,18,REG,P02,Tyler,VRA095740,55178,32005652-4109-5740-f2a2-eee56cc4a166,2022,2022,,
2022,SF,OL,T,72,DEV,Leroy Watson,Leroy,Watson,1998-06-10,77.0,260,Texas-San Antonio,00-0037591,,,,,,,,,0,"https://static.www.nfl.com/image/private/f_auto,q_auto/league/j0b0jjtu6r8sg8jxdjvi",,21,CON,P01,Leroy,WAT458313,55179,32005741-5445-8313-edef-c03fa6cef6ed,2022,2022,,
2022,ATL,LB,OLB,59,INA,David Anenih,David,Anenih,1999-08-15,74.0,249,Houston,00-0037592,,,,,,,,,0,"https://static.www.nfl.com/image/private/f_auto,q_auto/league/hdivpncrququjnukvyoq",,18,REG,A01,David,ANE712660,55180,3200414e-4571-2660-15eb-d8f04d267466,2022,2022,,
2022,TEN,DB,CB,30,ACT,Tre Avery,Tre,Avery,1997-02-26,71.0,190,Rutgers,00-0037593,,,,,,,,,0,"https://static.www.nfl.com/image/private/f_auto,q_auto/league/v6qi4hxc6pccjjuigu8e",CB,18,REG,A01,Tre,AVE669655,55181,32004156-4566-9655-96b4-fbb3818be672,2022,2022,,
2022,TEN,RB,RB,36,ACT,Julius Chestnut,Julius,Chestnut,2000-10-26,71.0,215,Sacred Heart,00-0037594,4367567,873860f0-cca2-11ec-9e80-cff885fdbae7,,15921,,,,8254,0,"https://static.www.nfl.com/image/private/f_auto,q_auto/league/hmny7aommqkhjgqsay3r",,18,REG,A01,Julius,CHE603251,55182,32004348-4560-3251-9278-3d0ccaa1d9cb,2022,2022,,
2022,TEN,DL,DT,,CUT,Haskell Garrett,Haskell,Garrett,,74.0,300,Ohio State,00-0037595,,,,,,,,,0,,,1,REG,A01,Haskell,GAR443684,55183,32004741-5244-3684-c6f4-4959ba1721da,2022,2022,,
2022,TEN,LB,LB,50,ACT,Jack Gibbens,Jack,Gibbens,1998-11-24,76.0,245,Minnesota,00-0037596,,aa030100-cca0-11ec-80d0-652593cc1bb6,,16576,,,,8680,0,"https://static.www.nfl.com/image/private/f_auto,q_auto/league/tcehw5d7vu86991n5drd",MLB,18,REG,A01,Jack,GIB027551,55184,32004749-4202-7551-796e-53bccf3bf6b8,2022,2022,,
2022,TEN,DB,DB,,CUT,Michael Griffin,Michael,Griffin,,72.0,215,South Dakota State,00-0037597,,,,,,,,,0,,,1,REG,A01,Michael,GRI230837,55185,,2022,2022,,
2022,NE,OL,G,61,DEV,Hayden Howerton,Hayden,Howerton,1999-02-11,76.0,292,Southern Methodist,00-0037598,,,,,,,,,0,"https://static.www.nfl.com/image/private/f_auto,q_auto/league/uatw0gvnd1q8m5kaaefc",,18,REG,P01,Hayden,HOW748880,55186,3200484f-5774-8880-67a9-18196e5a47fd,2022,2022,,
2022,TEN,WR,WR,,CUT,Brandon Lewis,Brandon,Lewis,,69.0,0,Air Force,00-0037599,,,,,,,,,0,,,1,REG,A01,Brandon,LEW086874,55187,32004c45-5708-6874-feb8-061d2de8e7e8,2022,2022,,
2022,SEA,OL,T,76,DEV,Jalen McKenzie,Jalen,McKenzie,1999-07-10,77.0,315,Southern California,00-0037600,,,,,,,,,0,,,19,WC,P01,Jalen,MCK251993,55188,32004d43-4b25-1993-fe18-339e9619beab,2022,2022,,
2022,TEN,OL,G,67,ACT,Xavier Newman-Johnson,Xavier,Newman-Johnson,1999-08-04,74.0,310,Baylor,00-0037601,,,,,,,,,0,"https://static.www.nfl.com/image/private/f_auto,q_auto/league/kxxmay0tgojfcvfcerh2",,18,REG,A01,Xavier,NEW501295,55189,32004e45-5750-1295-56ca-e2e2aa6b55de,2022,2022,,
2022,TEN,DL,DE,59,DEV,Sam Okuayinonu,Sam,Okuayinonu,1998-05-01,73.0,285,Maryland,00-0037602,,,,,,,,,0,"https://static.www.nfl.com/image/private/f_auto,q_auto/league/g1hkqb4cumovcqwfpzzj",,18,REG,P01,Sam,OKU096406,55190,32004f4b-5509-6406-9914-99a25cfb1ae8,2022,2022,,
2022,TEN,DL,DT,72,DEV,Jayden Peevy,Jayden,Peevy,1999-09-03,77.0,315,Texas A&amp;M,00-0037603,,,,,,,,,0,"https://static.www.nfl.com/image/private/f_auto,q_auto/league/bqe2ao3yx5jhujqllptr",,18,REG,P01,Jayden,PEE689214,55191,32005045-4568-9214-fd31-f91b793dc1b1,2022,2022,,
2022,TEN,WR,WR,86,DEV,Reggie Roberson,Reggie,Roberson,1998-10-14,73.0,197,Southern Methodist,00-0037604,,,,,,,,,0,"https://static.www.nfl.com/image/private/f_auto,q_auto/league/o70g4tpexoe59prw35uw",,18,REG,P01,Reggie,ROB092538,55192,3200524f-4209-2538-8e68-cd818ce66bf5,2022,2022,,
2022,TEN,OL,T,76,DEV,Andrew Rupcich,Andrew,Rupcich,1999-04-01,78.0,323,Culver-Stockton,00-0037605,,,,,,,,,0,"https://static.www.nfl.com/image/private/f_auto,q_auto/league/f2ev0vd6oxoteigxc8kw",,18,REG,P01,Andrew,RUP103822,55193,32005255-5010-3822-b2f3-444644b86e76,2022,2022,,
2022,TEN,K,K,11,DEV,Caleb Shudak,Caleb,Shudak,1997-11-19,67.0,178,Iowa,00-0037606,,,,,,,,,0,"https://static.www.nfl.com/image/private/f_auto,q_auto/league/javtxrrrakqqfcsy5cix",,18,REG,P01,Caleb,SHU034606,55194,32005348-5503-4606-3d41-4217b8e15eb3,2022,2022,,
2022,TEN,P,P,4,ACT,Ryan Stonehouse,Ryan,Stonehouse,1999-05-11,70.0,178,Colorado State,00-0037607,,,,,,,,,0,"https://static.www.nfl.com/image/private/f_auto,q_auto/league/uwnco2j4l2jz51mrjiqh",,18,REG,A01,Ryan,STO483324,55195,32005354-4f48-3324-7c76-62c0c5932800,2022,2022,,
2022,SF,DB,DB,31,CUT,Tre Swilling,Tre,Swilling,1999-03-26,72.0,196,Georgia Tech,00-0037608,,,,,,,,,0,"https://static.www.nfl.com/image/private/f_auto,q_auto/league/thbnz4inownxjzakphb6",,17,REG,P01,Tre,SWI366875,55196,32005357-4936-6875-6227-6e327c97c933,2022,2022,,
2022,IND,RB,RB,32,DEV,Aaron Shampklin,Aaron,Shampklin,1999-10-18,70.0,194,Harvard,00-0037609,,,,,,,,,0,"https://static.www.nfl.com/image/private/f_auto,q_auto/league/rtspa8hjdcsu9o36begl",,18,REG,P01,Aaron,SHA110921,55198,32005348-4111-0921-1337-9070b65aeb4d,2022,2022,,
2022,ATL,P,P,,CUT,Seth Vernon,Seth,Vernon,,76.0,225,Portland State,00-0037610,,,,,,,,,0,,,1,REG,A01,Seth,VER619218,55199,32005645-5261-9218-e4da-ab29485dfb3a,2022,2022,,
2022,NYG,LB,OLB,5,ACT,Kayvon Thibodeaux,Kayvon,Thibodeaux,2000-12-15,77.0,250,Oregon,00-0037611,4426326,47b9a4ca-aad6-41a0-a1b1-d6b2091f0296,,15854,,,,8355,0,"https://static.www.nfl.com/image/private/f_auto,q_auto/league/glplbdmjwp4usb2jgkhy",EDGE,20,DIV,A01,Kayvon,THI172866,54470,32005448-4917-2866-684f-218d97d743dd,2022,2022,NYG,5
2022,NYG,OL,T,73,ACT,Evan Neal,Evan,Neal,2000-09-19,79.0,360,Alabama,00-0037612,,,,,,,,,0,"https://static.www.nfl.com/image/private/f_auto,q_auto/league/tmsrrfxbzhvf4tnoxdiy",T,20,DIV,A01,Evan,NEA162928,54472,32004e45-4116-2928-ef52-cc385312d2f6,2022,2022,NYG,7
2022,HOU,OL,G,59,ACT,Kenyon Green,Kenyon,Green,2001-03-15,76.0,325,Texas A&amp;M,00-0037613,,,,,,,,,0,"https://static.www.nfl.com/image/private/f_auto,q_auto/league/c4wwi0ws9znmnjelbp8c",G,18,REG,A01,Kenyon,GRE298290,54480,32004752-4529-8290-1f10-faef00b12bc2,2022,2022,HOU,15
2022,HOU,WR,WR,8,RES,John Metchie,John,Metchie,2000-07-18,71.0,195,Alabama,00-0037614,,2995df34-ee81-4320-be1e-1c497b83c927,,16069,,,,8147,0,"https://static.www.nfl.com/image/private/f_auto,q_auto/league/udib7dxnmzhtatnildxp",,18,REG,R27,John,MET373452,54509,32004d45-5437-3452-4786-13bd57b6dd0c,2022,2022,HOU,44
2022,PHI,LB,ILB,17,ACT,Nakobe Dean,Nakobe,Dean,2000-12-13,71.0,225,Georgia,00-0037615,4426340,119e79fa-0453-4253-9b3d-9a8ef03a48ec,,15931,,,,8267,0,"https://static.www.nfl.com/image/private/f_auto,q_auto/league/rztcbyge4sawnx72qcfg",,22,SB,A01,Nakobe,DEA441776,54548,32004445-4144-1776-3253-6360a938918f,2022,2022,PHI,83
2022,IND,DB,SS,20,INA,Nick Cross,Nicolas,Cross,2001-09-10,72.0,215,Maryland,00-0037616,,,,,,,,,0,"https://static.www.nfl.com/image/private/f_auto,q_auto/league/h3qbvs6uqxo9wp0bmzt1",,18,REG,A01,Nick,CRO453765,54561,32004352-4f45-3765-23e6-2cd9c4c4be6b,2022,2022,IND,96
2022,TEN,RB,RB,25,ACT,Hassan Haskins,Hassan,Haskins,1999-11-26,74.0,220,Michigan,00-0037617,4372071,f3a50b5d-0197-4ae8-b5a5-bb54484b8941,,15992,,,,8123,0,"https://static.www.nfl.com/image/private/f_auto,q_auto/league/e5zzcfxaefvjba4fnclm",RB,18,REG,A01,Hassan,HAS288544,54596,32004841-5328-8544-d8b7-95875ddb3ea1,2022,2022,TEN,131
2022,LA,OL,T,57,ACT,Zachary Thomas,Zachary,Thomas,1998-05-26,77.0,300,San Diego State,00-0037618,,,,,,,,,0,,,18,REG,A01,Zachary,THO410700,54651,32005448-4f41-0700-de26-4c02b0aacfb3,2022,2022,CHI,186
2022,NE,OL,G,63,RES,Chasen Hines,Chasen,Hines,2000-04-03,75.0,349,Louisiana State,00-0037619,,,,,,,,,0,"https://static.www.nfl.com/image/private/f_auto,q_auto/league/fyrvdgvpuaujrr6pxqql",,18,REG,R01,Chasen,HIN143891,54675,32004849-4e14-3891-f270-b3e303b50533,2022,2022,NE,210
2022,NE,OL,T,64,RES,Andrew Stueber,Andrew,Stueber,1999-07-01,78.0,338,Michigan,00-0037620,,,,,,,,,0,,,18,REG,R47,Andrew,STU494387,54710,32005354-5549-4387-a5a3-e4b30b6368d8,2022,2022,NE,245
2022,NYG,DL,DT,90,ACT,Ryder Anderson,Ryder,Anderson,1998-10-15,78.0,266,Indiana,00-0037621,,,,,,,,,0,"https://static.www.nfl.com/image/private/f_auto,q_auto/league/woc0rzydossiv9xjxe3j",INTERIOR_LINE,20,DIV,A01,Ryder,AND490583,55200,3200414e-4449-0583-df36-6bf7ff57ee76,2022,2022,,
2022,WAS,DB,DB,,CUT,Nijuel Hill,Nijuel,Hill,,70.0,185,Delaware,00-0037623,,,,,,,,,0,,,1,REG,A01,Nijuel,,55202,,2022,2022,,
2022,WAS,LB,LB,,CUT,Bryce Notree,Bryce,Notree,,75.0,225,Southern Illinois,00-0037624,,,,,,,,,0,,,1,REG,A01,Bryce,NOT182925,55203,,2022,2022,,
2022,LV,OL,T,76,DEV,Vitaliy Gurman,Vitaliy,Gurman,1998-08-04,76.0,305,Toledo,00-0037625,,,,,,,,,0,"https://static.www.nfl.com/image/private/f_auto,q_auto/league/z9pqkecbgnhdbuemplst",,18,REG,P01,Vitaliy,GUR306710,55204,32004755-5230-6710-14db-d2f778c9bd18,2022,2022,,
2022,TB,WR,WR,,CUT,Kameron Brown,Kameron,Brown,,74.0,225,Coastal Carolina,00-0037626,,,,,,,,,0,,,1,REG,A01,Kameron,BRO502743,55205,32004252-4f50-2743-6634-e72a1bc1f985,2022,2022,,
2022,TB,DL,DT,91,DEV,Mike Greene,Michael,Greene,1999-05-03,75.0,285,James Madison,00-0037627,,,,,,,,,0,"https://static.www.nfl.com/image/private/f_auto,q_auto/league/yxawgqbqbep0luplfoab",,19,WC,P01,Mike,GRE497414,55206,32004752-4549-7414-9c95-f3bb02b999f7,2022,2022,,
2022,IND,TE,TE,86,CUT,Jared Scott,Jared,Scott,1999-05-10,78.0,240,Idaho State,00-0037629,,,,,,,,,0,"https://static.www.nfl.com/image/private/f_auto,q_auto/league/egzc2jlhfs1pilp9w6y2",,3,REG,P01,Jared,SCO372747,55208,32005343-4f37-2747-9096-c6178ab2c283,2022,2022,,
2022,PHI,WR,WR,,CUT,Keric Wheatfall,Keric,Wheatfall,,74.0,185,Fresno State,00-0037630,,,,,,,,,0,,,1,REG,A01,Keric,WHE072402,55209,32005748-4507-2402-6d31-a11fd52145fd,2022,2022,,
2022,TB,TE,TE,82,CUT,J.J. Howland,J.J.,Howland,1997-10-15,78.0,255,Yale,00-0037631,,,,,,,,,0,,,2,REG,P01,J.J.,HOW773459,55210,3200484f-5777-3459-641f-ceebc37941df,2022,2022,,
2022,LA,TE,TE,49,DEV,Roger Carter,Roger,Carter,1999-03-31,74.0,255,Georgia State,00-0037632,,,,,,,,,0,"https://static.www.nfl.com/image/private/f_auto,q_auto/league/kjvxtte829d4qviqywoj",,18,REG,P01,Roger,CAR720066,55211,32004341-5272-0066-2a81-0d664a88db7b,2022,2022,,
2022,LA,LB,ILB,35,RES,Jake Hummel,Jake,Hummel,1999-01-04,73.0,230,Iowa State,00-0037633,,0c7ceb00-d207-11ec-ab20-b37737d70cc4,,16270,,,,8733,0,"https://static.www.nfl.com/image/private/f_auto,q_auto/league/mlfo46ec7co1xpoc0seo",,18,REG,R01,Jake,HUM243174,55212,32004855-4d24-3174-5f1c-e6d317cf4f4b,2022,2022,,
2022,TB,DB,DB,38,DEV,Duron Lowe,Duron,Lowe,1997-11-29,70.0,180,Liberty,00-0037634,,,,,,,,,0,"https://static.www.nfl.com/image/private/f_auto,q_auto/league/vgdbalilu1wfasixinvo",,19,WC,P01,Duron,LOW132055,55213,32004c4f-5713-2055-ef99-e4430391245f,2022,2022,,
2022,LA,DB,DB,40,CUT,Jairon McVea,Jairon,McVea,,68.0,185,Baylor,00-0037635,,,,,,,,,0,,,1,REG,A01,Jairon,MCV190573,55214,32004d43-5619-0573-7c13-716d9341f480,2022,2022,,
2022,LA,OL,G,64,CUT,Jack Snyder,Jackson,Snyder,,76.0,295,San Jose State,00-0037636,,,,,,,,,0,"https://static.www.nfl.com/image/private/f_auto,q_auto/league/wsyxyu7kgwyoyb7ruo2z",,1,REG,W03,Jack,SNY222467,55215,3200534e-5922-2467-27dc-222219180b62,2022,2022,,
2022,LA,DL,DE,40,DEV,Brayden Thomas,Brayden,Thomas,1998-03-20,75.0,265,North Dakota State,00-0037637,,,,,,,,,0,"https://static.www.nfl.com/image/private/f_auto,q_auto/league/gtt7dmr6i9bl5de0byop",,18,REG,P01,Brayden,THO044707,55216,32005448-4f04-4707-e21d-7d91fa81e941,2022,2022,,
2022,MIN,DL,DE,51,DEV,Benton Whitley,Benton,Whitley,1999-02-12,76.0,250,Holy Cross,00-0037638,,,,,,,,,0,"https://static.www.nfl.com/image/private/f_auto,q_auto/league/dfd8dti7sil2jqtcveb9",,19,WC,P01,Benton,WHI664905,55217,32005748-4966-4905-2560-36bcd3e2e369,2022,2022,,
2022,MIN,LB,LB,47,ACT,William Kwenkeu,William,Kwenkeu,1997-01-08,73.0,235,Temple,00-0037639,,,,,,,,,0,"https://static.www.nfl.com/image/private/f_auto,q_auto/league/rarun6hcrudt5aglrzi1",,19,WC,A01,William,KWE415291,55218,32004b57-4541-5291-b99b-887da4d3f670,2022,2022,,
2022,JAX,WR,WR,81,RES,Willie Johnson,Willie,Johnson,1996-12-23,72.0,178,Marshall,00-0037641,,,,,,,,,0,"https://static.www.nfl.com/image/private/f_auto,q_auto/league/xkkoworfshgfjx7is8ld",,20,DIV,R01,Willie,JOH789198,55220,32004a4f-4878-9198-d18b-54ad77271077,2022,2022,,
2022,JAX,TE,TE,,CUT,Naz Bohannon,Naz,Bohannon,,78.0,232,Clemson,00-0037642,,,,,,,,,1,,,1,REG,A01,Naz,,55221,,2021,2022,,
2022,PIT,DB,DB,30,RES,Carlins Platel,Carlins,Platel,1999-08-15,73.0,205,South Carolina,00-0037644,,,,,,,,,0,"https://static.www.nfl.com/image/private/f_auto,q_auto/league/ry3dzrdtuj1s4ts6wnod",,18,REG,R01,Carlins,PLA672968,55223,3200504c-4167-2968-3c86-447afd1eb45d,2022,2022,,
2022,PIT,K,K,4,CUT,Nick Sciba,Nick,Sciba,1999-11-02,69.0,191,Wake Forest,00-0037645,,,,,,,,,0,,,10,REG,P01,Nick,SCI311467,55224,32005343-4931-1467-759b-050c1abbfe83,2022,2022,,
2022,PIT,WR,WR,84,CUT,Tyler Snead,Tyler,Snead,,67.0,174,East Carolina,00-0037646,,,,,,,,,0,,,1,REG,W03,Tyler,SNE108134,55225,3200534e-4510-8134-f9d2-0cb0a753abb0,2022,2022,,
2022,TEN,DB,DB,,CUT,Kenneth George,Kenneth,George,,71.0,203,Tennessee,00-0037647,,,,,,,,,0,,,1,REG,A01,Kenneth,GEO744296,55226,,2022,2022,,
2022,JAX,WR,WR,,CUT,Ryan McDaniel,Ryan,McDaniel,,74.0,215,North Carolina Central,00-0037648,,,,,,,,,0,,,1,REG,A01,Ryan,MCD128537,55227,32004d43-4412-8537-35a5-c2c52b5b154c,2022,2022,,
2022,ARI,DB,DB,48,RES,Tae Daley,Tae,Daley,1998-10-08,71.0,203,Virginia Tech,00-0037649,,,,,,,,,0,"https://static.www.nfl.com/image/private/f_auto,q_auto/league/uyiwhpw6w1rpurer4duf",,12,REG,R01,Tae,DAL290158,55228,32004441-4c29-0158-408e-cd602690683b,2022,2022,,
2022,DEN,QB,QB,11,INA,Jarrett Guarantano,Jarrett,Guarantano,1997-11-14,76.0,207,Washington State,00-0037650,,,,,,,,,0,"https://static.www.nfl.com/image/private/f_auto,q_auto/league/xlit1g4sqlwomvkuecfr",,18,REG,A01,Jarrett,GUA194520,55229,32004755-4119-4520-46b8-93821fb5f3e5,2022,2022,,
2022,ARI,OL,G,65,CUT,Greg Long,Greg,Long,,76.0,300,Purdue,00-0037651,,,,,,,,,0,"https://static.www.nfl.com/image/private/f_auto,q_auto/league/soicrwgtj2kvwz1qwduv",,1,REG,W03,Greg,LON290421,55230,32004c4f-4e29-0421-a67f-be84253c9bd3,2022,2022,,
2022,ARI,RB,RB,21,CUT,T.J. Pledger,T.J.,Pledger,,69.0,196,Utah,00-0037652,,,,,,,,,0,,,1,REG,A01,T.J.,PLE693215,55231,3200504c-4569-3215-35f4-41f8cd04507d,2022,2022,,
2022,ARI,WR,WR,38,CUT,Jared Smart,Jared,Smart,,72.0,190,Hawaii,00-0037653,,,,,,,,,0,,,1,REG,A01,Jared,,55232,,2022,2022,,
2022,ATL,TE,TE,43,CUT,Tucker Fisk,Tucker,Fisk,1999-01-19,76.0,285,Stanford,00-0037654,,,,,,,,,0,"https://static.www.nfl.com/image/private/f_auto,q_auto/league/chitgodohhmt0wmugjjj",,17,REG,P01,Tucker,FIS705543,55233,32004649-5370-5543-ee4e-633d1cb94d93,2022,2022,,
2022,ATL,DB,DB,33,CUT,Tre Webb,Tre,Webb,,74.0,202,Montana State,00-0037655,,,,,,,,,0,,,1,REG,A01,Tre,WEB286396,55234,32005745-4228-6396-1dd0-dbd5702b62c9,2022,2022,,
2022,NE,LS,LS,,CUT,Ross Reiter,Ross,Reiter,,72.0,235,Colorado State,00-0037656,,,,,,,,,0,,,1,REG,A01,Ross,,55235,,2022,2022,,
2022,SEA,DB,DB,37,CUT,Elijah Jones,Elijah,Jones,,74.0,1794,Oregon State,00-0037657,,,,,,,,,0,,,1,REG,A01,Elijah,JON272404,55236,32004a4f-4e27-2404-97a0-37298aa258e7,2022,2022,,
2022,SEA,OL,T,70,CUT,Liam Ryan,Liam,Ryan,1997-10-29,77.0,293,Washington State,00-0037658,,,,,,,,,0,"https://static.www.nfl.com/image/private/f_auto,q_auto/league/krqdkpteixz1v1wu2kun",,6,REG,P01,Liam,RYA236652,55237,32005259-4123-6652-cdda-ab4796e7f8ff,2022,2022,,
2022,NO,DL,DT,94,DEV,Prince Emili,Prince,Emili,1998-09-18,74.0,300,Pennsylvania,00-0037660,,,,,,,,,0,"https://static.www.nfl.com/image/private/f_auto,q_auto/league/trxv8wragonu8q9m23ra",,18,REG,P01,Prince,EMI415291,55239,3200454d-4941-5291-9038-7082e5700b9f,2022,2022,,
2022,BUF,DB,DB,46,DEV,Ja'Marcus Ingram,Ja'Marcus,Ingram,1997-09-02,74.0,185,Buffalo,00-0037661,,,,,,,,,0,"https://static.www.nfl.com/image/private/f_auto,q_auto/league/pimohrgoaccljmexe0zk",,20,DIV,P01,Ja'Marcus,ING545433,55240,3200494e-4754-5433-6702-5b4c59aca3a8,2022,2022,,
2022,BUF,DL,DT,98,CUT,C.J. Brewer,C.J.,Brewer,1997-11-22,74.0,280,Coastal Carolina,00-0037662,,,,,,,,,0,"https://static.www.nfl.com/image/private/f_auto,q_auto/league/y0dqod3yvx4xywpd9mxl",,15,REG,W03,C.J.,BRE637131,55241,32004252-4563-7131-3073-6bbfcf080e26,2022,2022,,
2022,NYJ,DL,DE,52,ACT,Jermaine Johnson,Jermaine,Johnson,1999-01-08,77.0,260,Florida State,00-0037663,,,,,,,,,0,"https://static.www.nfl.com/image/private/f_auto,q_auto/league/ybks6cwoynxq4xgq6xij",EDGE,18,REG,A01,Jermaine,JOH789955,54491,32004a4f-4878-9955-894a-a70b7162607a,2022,2022,NYJ,26
2022,IND,WR,WR,14,ACT,Alec Pierce,Alec,Pierce,2000-05-02,75.0,213,Cincinnati,00-0037664,4360078,a67ee8f8-e9de-4fb9-90b6-edca2f83f6d8,,16022,,,,8142,0,"https://static.www.nfl.com/image/private/f_auto,q_auto/league/em0lm1sfdslmnfyu8ykh",WR,18,REG,A01,Alec,PIE185673,54518,32005049-4518-5673-88cc-339d3b35d4c9,2022,2022,IND,53
2022,DAL,DL,DE,54,ACT,Sam Williams,Sam,Williams,1999-03-31,76.0,265,Mississippi,00-0037665,,,,,,,,,0,"https://static.www.nfl.com/image/private/f_auto,q_auto/league/jsgvul09vncjre9pftsu",EDGE,20,DIV,A01,Sam,WIL515041,54521,32005749-4c51-5041-55e2-aa34560a7119,2022,2022,DAL,56
2022,DAL,WR,WR,18,INA,Jalen Tolbert,Jalen,Tolbert,1999-02-27,73.0,195,South Alabama,00-0037666,4249417,c6fb9f3a-f8ff-4224-a5f6-4d2d09501c9c,,16010,,,,8117,0,"https://static.www.nfl.com/image/private/f_auto,q_auto/league/r7xuuveve7vkbjiknb3g",,20,DIV,A01,Jalen,TOL148914,54553,3200544f-4c14-8914-de91-cd54d59de2a2,2022,2022,DAL,88
2022,DET,DB,SS,31,ACT,Kerby Joseph,Kerby,Joseph,2000-11-14,73.0,200,Illinois,00-0037667,,,,,,,,,0,"https://static.www.nfl.com/image/private/f_auto,q_auto/league/n1zovyvom16sywwdmqwj",SAFETY,18,REG,A01,Kerby,JOS223092,54562,32004a4f-5322-3092-7893-b61e9a57cf3b,2022,2022,DET,97
2022,BUF,DL,DE,96,CUT,Daniel Joseph,Daniel,Joseph,,75.0,265,North Carolina State,00-0037668,,,,,,,,,0,"https://static.www.nfl.com/image/private/f_auto,q_auto/league/pg7x2rz5inwainnxsxlf",,1,REG,W03,Daniel,JOS170546,55242,32004a4f-5317-0546-e039-6954d8aec7ad,2022,2022,,
2022,NE,LS,LS,46,ACT,Tucker Addington,Tucker,Addington,1997-07-16,74.0,230,Sam Houston State,00-0037686,,,,,,,,,1,,,18,REG,A01,Tucker,ADD477723,54137,32004144-4447-7723-b52f-c3f0998f4e43,2021,2021,,
2022,DET,WR,WR,15,DEV,Maurice Alexander,Maurice,Alexander,1997-01-10,71.0,180,Florida International,00-0037708,,8261c380-132b-11ed-86b5-f9dfd114f830,,16641,,,,8921,2,,,18,REG,P01,Maurice,ALE514921,54428,3200414c-4551-4921-1759-b577ec18fab0,2020,2022,,
2022,NE,DL,DE,70,DEV,Jeremiah Pharms,Jeremiah,Pharms,1996-10-16,75.0,270,Friends,00-0037711,,,,,,,,,2,,,18,REG,P01,Jeremiah,PHA415666,54432,32005048-4141-5666-95e6-9b0926d3d507,2020,2022,,
2022,NYJ,WR,WR,17,ACT,Garrett Wilson,Garrett,Wilson,2000-07-22,72.0,192,Ohio State,00-0037740,4569618,68d72fe0-79b2-4fdb-afd5-6c79676e77f3,,15829,,,,8146,0,"https://static.www.nfl.com/image/private/f_auto,q_auto/league/gqdfigo9nzji4e6nshpk",WR,18,REG,A01,Garrett,WIL691962,54475,32005749-4c69-1962-4085-d9c826d8709c,2022,2022,NYJ,10
2022,WAS,WR,WR,1,ACT,Jahan Dotson,Jahan,Dotson,2000-03-22,71.0,182,Penn State,00-0037741,4361409,d4a7917d-f327-431b-9b87-83af341c3e21,,15850,,,,8119,0,"https://static.www.nfl.com/image/private/f_auto,q_auto/league/ejqlekhhbiox5x2767hp",WR,18,REG,A01,Jahan,DOT282798,54481,3200444f-5428-2798-d9f2-9e8608edcb8a,2022,2022,WAS,16
2022,TEN,WR,WR,16,ACT,Treylon Burks,Treylon,Burks,2000-03-23,74.0,225,Arkansas,00-0037742,4567156,45763342-0208-46ab-a5d2-6c6e4ff66b66,,15896,,,,8135,0,"https://static.www.nfl.com/image/private/f_auto,q_auto/league/lg8k1ii67cspylp6przv",WR,18,REG,A01,Treylon,BUR321327,54483,32004255-5232-1327-f36e-987913d19348,2022,2022,TEN,18
2022,CIN,DB,FS,23,ACT,Dax Hill,Daxton,Hill,2000-09-29,72.0,192,Michigan,00-0037743,,,,,,,,,0,"https://static.www.nfl.com/image/private/f_auto,q_auto/league/ekareh0z0pyqnvsya6qg",SAFETY,21,CON,A01,Dax,HIL164994,54496,32004849-4c16-4994-7b99-e93ebbf2d838,2022,2022,CIN,31
2022,ARI,TE,TE,85,ACT,Trey McBride,Trey,McBride,1999-11-22,75.0,245,Colorado State,00-0037744,4361307,734d54cc-c869-4e2f-a60f-c59c493f5110,,15902,,,,8130,0,"https://static.www.nfl.com/image/private/f_auto,q_auto/league/qawwcnmfggwgsemqwwki",TE,18,REG,A01,Trey,MCB743360,54520,32004d43-4274-3360-cc50-43990383247d,2022,2022,ARI,55
2022,CHI,WR,WR,12,ACT,Velus Jones,Velus,Jones,1997-05-11,72.0,200,Tennessee,00-0037745,4035693,318b263d-8910-4e46-afe3-5860092ab260,,15846,,,,8223,0,"https://static.www.nfl.com/image/private/f_auto,q_auto/league/iudiizlyxzdmr4yfqmvm",WR,18,REG,A01,Velus,JON826251,54536,32004a4f-4e82-6251-6347-ca9076d159e9,2022,2022,CHI,71
2022,WAS,RB,RB,8,INA,Brian Robinson,Brian,Robinson,1999-03-22,73.0,228,Alabama,00-0037746,4241474,795f636e-6f7f-4bc7-a346-2862272abead,,15907,,,,8154,0,"https://static.www.nfl.com/image/private/f_auto,q_auto/league/gxcfbuvmooytbn45kvxf",,18,REG,A01,Brian,ROB736177,54563,3200524f-4273-6177-6c0d-d79eb9d007d1,2022,2022,WAS,98
2022,ARI,DB,CB,35,ACT,Christian Matthew,Christian,Matthew,1996-10-26,74.0,200,Valdosta State,00-0037747,,,,,,,,,0,"https://static.www.nfl.com/image/private/f_auto,q_auto/league/duzwzraxsm03ujpjnpvs",CB,18,REG,A01,Christian,MAT476006,54709,32004d41-5447-6006-81de-641aea95b3bd,2022,2022,ARI,244
2022,ARI,OL,G,78,RES,Marquis Hayes,Marquis,Hayes,1999-02-14,77.0,324,Oklahoma,00-0037748,,,,,,,,,0,"https://static.www.nfl.com/image/private/f_auto,q_auto/league/i2urftzrngmaxfsflqne",,18,REG,R01,Marquis,HAY323815,54722,32004841-5932-3815-9ea9-e4ca926aef08,2022,2022,ARI,257
2022,GB,LS,LS,56,ACT,Jack Coco,Jack,Coco,1998-10-09,74.0,248,Georgia Tech,00-0037749,,,,,,,,,0,"https://static.www.nfl.com/image/private/f_auto,q_auto/league/a8hkagrmgvb884jrf0kx",,18,REG,A01,Jack,COC627171,55253,3200434f-4362-7171-1a52-512d22dbd988,2022,2022,,
2022,NO,DL,DT,57,CUT,Josh Black,Josh,Black,,75.0,290,Syracuse,00-0037750,,,,,,,,,0,"https://static.www.nfl.com/image/private/f_auto,q_auto/league/ctjrr2y1ljuhqzo3cvwv",,1,REG,W03,Josh,BLA097047,55269,3200424c-4109-7047-9956-3dd06445dc50,2022,2022,,
2022,ARI,LB,OLB,41,ACT,Myjai Sanders,Myjai,Sanders,1998-07-12,77.0,240,Cincinnati,00-0037751,4360080,143f11a6-ed07-4581-8aec-fd75a9723310,,15881,,,,8291,0,"https://static.www.nfl.com/image/private/f_auto,q_auto/league/c7eha7xqwkjrhufnalv2",EDGE,18,REG,A01,Myjai,SAN414183,54565,32005341-4e41-4183-3082-c8bc882b9d0e,2022,2022,ARI,100
2022,CIN,DB,DB,26,RES,Tycen Anderson,Tycen,Anderson,1999-06-13,74.0,200,Toledo,00-0037752,,,,,,,,,0,"https://static.www.nfl.com/image/private/f_auto,q_auto/league/nfhwra7kwjqxosrbtlbn",,21,CON,R48,Tycen,AND524004,54631,3200414e-4452-4004-7bac-78ca1684b30d,2022,2022,CIN,166
2022,CIN,DB,DB,29,ACT,Cam Taylor-Britt,Cam,Taylor-Britt,1999-10-15,71.0,205,Nebraska,00-0037753,,,,,,,,,0,"https://static.www.nfl.com/image/private/f_auto,q_auto/league/kcfeohobn3gouyzt5gim",CB,21,CON,A01,Cam,TAY812541,54525,32005441-5981-2541-8e25-9068e8a2d286,2022,2022,CIN,60
2022,TEN,OL,T,78,ACT,Nicholas Petit-Frere,Nicholas,Petit-Frere,1999-09-15,77.0,310,Ohio State,00-0037754,,,,,,,,,0,"https://static.www.nfl.com/image/private/f_auto,q_auto/league/l1m33touvnbnoiv5wlcy",T,18,REG,A01,Nicholas,PET517308,54534,32005045-5451-7308-20b9-a04a397749a8,2022,2022,TEN,69
2022,IND,TE,TE,80,ACT,Jelani Woods,Jelani,Woods,1998-10-09,79.0,265,Virginia,00-0037755,4241410,321af8f8-b4de-4ed2-a86f-7f97a85a13d4,,15821,,,,8219,0,"https://static.www.nfl.com/image/private/f_auto,q_auto/league/qij1hvr17cgbcgmgxsdm",TE,18,REG,A01,Jelani,WOO500422,54538,3200574f-4f50-0422-b6bf-870b499f48cd,2022,2022,IND,73
2022,BAL,DL,DT,98,ACT,Travis Jones,Travis,Jones,1999-10-15,76.0,336,Connecticut,00-0037756,,,,,,,,,0,"https://static.www.nfl.com/image/private/f_auto,q_auto/league/p6t83nbwjpojx2vf16zb",INTERIOR_LINE,19,WC,A01,Travis,JON768782,54541,32004a4f-4e76-8782-163c-8d9db29f5ca9,2022,2022,BAL,76
2022,IND,OL,T,79,ACT,Bernhard Raimann,Bernhard,Raimann,1997-09-23,78.0,305,Central Michigan,00-0037757,,,,,,,,,0,"https://static.www.nfl.com/image/private/f_auto,q_auto/league/nv1sklsfbedagnz9aitu",T,18,REG,A01,Bernhard,RAI432239,54542,32005241-4943-2239-8f3e-a0d59931430f,2022,2022,IND,77
2022,NYG,DB,CB,28,ACT,Cordale Flott,Cordale,Flott,2001-08-24,73.0,170,Louisiana State,00-0037758,,,,,,,,,0,"https://static.www.nfl.com/image/private/f_auto,q_auto/league/i916j3tae2q9whunx7aa",,20,DIV,A01,Cordale,FLO224635,54546,3200464c-4f22-4635-a9c1-7923c6eb212a,2022,2022,NYG,81
2022,PIT,DL,DE,98,ACT,DeMarvin Leal,DeMarvin,Leal,2000-07-01,76.0,290,Texas A&amp;M,00-0037759,,,,,,,,,0,"https://static.www.nfl.com/image/private/f_auto,q_auto/league/nz84kgacxkkgtc9ahvwm",INTERIOR_LINE,18,REG,A01,DeMarvin,LEA477581,54549,32004c45-4147-7581-9665-c345b9ebfc64,2022,2022,PIT,84
2022,CIN,DL,DE,93,INA,Jeff Gunter,Jeffrey,Gunter,1999-06-01,76.0,260,Coastal Carolina,00-0037760,,,,,,,,,0,"https://static.www.nfl.com/image/private/f_auto,q_auto/league/avgrdamq739wwfvsvf5r",,21,CON,A01,Jeff,GUN666191,54717,32004755-4e66-6191-8e0e-ccda0e5629ed,2022,2022,CIN,252
2022,DAL,WR,WR,9,ACT,Kavontae Turpin,Kavontae,Turpin,1996-08-02,69.0,153,Texas Christian,00-0037801,,2dfd63d0-0e8a-11ed-a8f4-191ad3c6932a,,13894,,,,8917,3,"https://static.www.nfl.com/image/private/f_auto,q_auto/league/ebtthgjn0pwtgljhtcua",FB,20,DIV,A01,Kavontae,TUR785436,53117,32005455-5278-5436-f08f-3e4ec71654f2,2019,2022,,
2022,CIN,DL,DT,95,ACT,Zach Carter,Zachary,Carter,1999-04-07,76.0,290,Florida,00-0037804,,,,,,,,,0,,INTERIOR_LINE,21,CON,A01,Zach,CAR786801,54560,32004341-5278-6801-508d-115b8e175a05,2022,2022,CIN,95
2022,NYJ,TE,TE,89,ACT,Jeremy Ruckert,Jeremy,Ruckert,2000-08-11,77.0,250,Ohio State,00-0037805,4361372,28f3732b-0910-4d09-9fd4-e43b821dc5bb,,15996,,,,8145,0,"https://static.www.nfl.com/image/private/f_auto,q_auto/league/ajtyf3wrqt4e7ktjiegi",TE,18,REG,A01,Jeremy,RUC675714,54566,32005255-4367-5714-abff-3837157fa528,2022,2022,NYJ,101
2022,BAL,LB,LB,,CUT,Diego Fagot,Diego,Fagot,,75.0,240,Navy,00-0037806,,,,,,,,,0,,,1,REG,A01,Diego,FAG634185,55304,32004641-4763-4185-a55d-4abe128a0fdf,2022,2022,,
2022,NYG,OL,G,75,RES,Joshua Ezeudu,Joshua,Ezeudu,1999-09-19,76.0,325,North Carolina,00-0037807,,,,,,,,,0,"https://static.www.nfl.com/image/private/f_auto,q_auto/league/u38icci7lwrhqgb8vbup",,20,DIV,R01,Joshua,EZE426541,54532,3200455a-4542-6541-4b5c-8ae0c567f895,2022,2022,NYG,67
2022,ATL,LB,OLB,51,ACT,DeAngelo Malone,DeAngelo,Malone,1999-07-12,76.0,240,Western Kentucky,00-0037808,4243457,18f1a22d-08c6-441e-8a7b-e8d02a047b81,,16094,,,,8372,0,"https://static.www.nfl.com/image/private/f_auto,q_auto/league/lvxbaxqmt5lvzhnxhzc4",EDGE,18,REG,A01,DeAngelo,MAL647494,54547,32004d41-4c64-7494-8610-7b97b8dcaab5,2022,2022,ATL,82
2022,TEN,TE,TE,85,ACT,Chigoziem Okonkwo,Chigoziem,Okonkwo,1999-09-08,75.0,250,Maryland,00-0037809,4360635,14e11f9b-58c8-437f-abc0-a4e4df9a7c47,,16042,,,,8210,0,"https://static.www.nfl.com/image/private/f_auto,q_auto/league/sxuawjrgawwilhceso3d",TE,18,REG,A01,Chigoziem,OKO283611,54608,32004f4b-4f28-3611-fc64-d952b8d6cb17,2022,2022,TEN,143
2022,ATL,LB,ILB,44,ACT,Troy Andersen,Troy,Andersen,1999-04-23,76.0,230,Montana State,00-0037810,4247807,60ef79af-d62b-4e4b-a1f9-1b0a0dfe0cad,,15911,,,,8388,0,"https://static.www.nfl.com/image/private/f_auto,q_auto/league/qb1urtdfzbzoelm4ptxq",MLB,18,REG,A01,Troy,AND032919,54523,3200414e-4403-2919-d53c-a916ee67b720,2022,2022,ATL,58
2022,JAX,LB,ILB,48,ACT,Chad Muma,Chad,Muma,1999-08-18,75.0,242,Wyoming,00-0037811,4361707,9cf316c7-3850-4dc6-b094-2ed11737ebdb,,15903,,,,8371,0,"https://static.www.nfl.com/image/private/f_auto,q_auto/league/pr7fykdxmttvhe3bital",MLB,20,DIV,A01,Chad,MUM069215,54535,32004d55-4d06-9215-fcf3-825af014060d,2022,2022,JAX,70
2022,SEA,OL,T,72,ACT,Abraham Lucas,Abraham,Lucas,1998-10-15,78.0,319,Washington State,00-0037812,,,,,,,,,0,"https://static.www.nfl.com/image/private/f_auto,q_auto/league/l7nrnmjpbh5tgsuby0fc",T,19,WC,A01,Abraham,LUC027057,54537,32004c55-4302-7057-e67b-e5e8accdbf7f,2022,2022,SEA,72
2022,MIA,LB,ILB,41,ACT,Channing Tindall,Channing,Tindall,2000-03-28,74.0,230,Georgia,00-0037813,4379414,ba1414b9-f50f-4dac-b721-010a28f7c1a2,,15883,,,,8272,0,"https://static.www.nfl.com/image/private/f_auto,q_auto/league/nnhoevaa2mdmbb6hucdb",,19,WC,A01,Channing,TIN074983,54567,32005449-4e07-4983-b163-e2096b42985b,2022,2022,MIA,102
2022,JAX,OL,C,79,ACT,Luke Fortner,Luke,Fortner,1998-05-15,78.0,300,Kentucky,00-0037814,,,,,,,,,0,"https://static.www.nfl.com/image/private/f_auto,q_auto/league/vnidxf898zo0cabpzqqz",C,20,DIV,A01,Luke,FOR713383,54530,3200464f-5271-3383-dcdf-69c7a1e12725,2022,2022,JAX,65
2022,ARI,LB,OLB,97,ACT,Cameron Thomas,Cameron,Thomas,2000-07-01,77.0,270,San Diego State,00-0037815,,,,,,,,,0,"https://static.www.nfl.com/image/private/f_auto,q_auto/league/psphnap6soh4dwyhov8j",EDGE,18,REG,A01,Cameron,THO063745,54552,32005448-4f06-3745-1011-bed0041e27a2,2022,2022,ARI,87
2022,GB,WR,WR,87,ACT,Romeo Doubs,Romeo,Doubs,2000-04-13,74.0,200,Nevada,00-0037816,4361432,5f559fde-3a5f-4df6-99a2-cd1a4b103c68,,16027,,,,8121,0,"https://static.www.nfl.com/image/private/f_auto,q_auto/league/wciz0bsjd4bedpiwggog",WR,18,REG,A01,Romeo,DOU043165,54597,3200444f-5504-3165-5639-a63528da6f6e,2022,2022,GB,132
2022,GB,OL,T,50,ACT,Zach Tom,Zach,Tom,1999-03-26,76.0,295,Wake Forest,00-0037817,,,,,,,,,0,"https://static.www.nfl.com/image/private/f_auto,q_auto/league/ogczhvpdw6pwyfu2fhmk",T,18,REG,A01,Zach,TOM131680,54605,3200544f-4d13-1680-d84b-a813971a836d,2022,2022,GB,140
2022,LAC,OL,G,77,ACT,Zion Johnson,Zion,Johnson,1999-11-18,75.0,305,Boston College,00-0037818,,,,,,,,,0,"https://static.www.nfl.com/image/private/f_auto,q_auto/league/zr1v1nqoz6qqgw4zi07o",G,19,WC,A01,Zion,JOH789880,54482,32004a4f-4878-9880-ba7d-3f2f57808705,2022,2022,LAC,17
2022,KC,LB,OLB,54,ACT,Leo Chenal,Leo,Chenal,2000-10-26,75.0,261,Wisconsin,00-0037819,4426901,c7929fb3-5437-42cc-a3c2-10b73ebb1fa0,,15913,,,,8362,0,"https://static.www.nfl.com/image/private/f_auto,q_auto/league/xcsusuwpwddsqmbkjjsy",EDGE,22,SB,A01,Leo,CHE215722,54568,32004348-4521-5722-54f9-454a4bab0b83,2022,2022,KC,103
2022,CAR,DL,DE,91,DEV,Drew Jordan,Drew,Jordan,,75.0,255,Michigan State,00-0037820,,,,,,,,,0,,,1,REG,P01,Drew,JOR185074,55347,32004a4f-5218-5074-e1f6-2880326ae607,2022,2022,,
2022,SEA,OL,T,67,ACT,Charles Cross,Charles,Cross,2000-11-25,77.0,310,Mississippi State,00-0037821,,,,,,,,,0,"https://static.www.nfl.com/image/private/f_auto,q_auto/league/caorkv2xwo4i6z0fuebt",T,19,WC,A01,Charles,CRO398747,54474,32004352-4f39-8747-10cd-e041e76a72ff,2022,2022,SEA,9
2022,MIN,LB,ILB,33,ACT,Brian Asamoah,Brian,Asamoah,2000-03-29,72.0,230,Oklahoma,00-0037822,4360255,b6a3e040-ad0b-4242-82a4-871ba158644b,,15993,,,,8283,0,"https://static.www.nfl.com/image/private/f_auto,q_auto/league/lzbatujalctb7dsj79iq",,19,WC,A01,Brian,ASA586824,54531,32004153-4158-6824-4e3e-99c858dd3af6,2022,2022,MIN,66
2022,HOU,LB,LB,48,ACT,Christian Harris,Christian,Harris,2001-01-16,73.0,232,Alabama,00-0037823,4567099,54bd7952-4bec-4b5a-beb0-d65421408293,,16130,,,,8278,0,"https://static.www.nfl.com/image/private/f_auto,q_auto/league/mltspp4w8g89opp6x1yg",MLB,18,REG,A01,Christian,HAR349887,54540,32004841-5234-9887-7149-d178bdfff431,2022,2022,HOU,75
2022,NO,OL,T,65,CUT,Khalique Washington,Khalique,Washington,,77.0,339,Southern Mississippi,00-0037824,,,,,,,,,0,"https://static.www.nfl.com/image/private/f_auto,q_auto/league/afbfpln6klrxkbye6piw",,1,REG,W03,Khalique,WAS493280,55358,32005741-5349-3280-dff6-6e78b058b1a2,2022,2022,,
2022,BAL,OL,C,64,ACT,Tyler Linderbaum,Tyler,Linderbaum,2000-04-07,74.0,290,Iowa,00-0037825,,,,,,,,,0,"https://static.www.nfl.com/image/private/f_auto,q_auto/league/evqustaaflh5z3fpg9ae",C,19,WC,A01,Tyler,LIN177976,54490,32004c49-4e17-7976-f831-6fbe52def617,2022,2022,BAL,25
2022,SF,DL,DE,95,INA,Drake Jackson,Drake,Jackson,2001-04-12,76.0,250,Southern California,00-0037826,,,,,,,,,0,"https://static.www.nfl.com/image/private/f_auto,q_auto/league/yufp8tqpmt4bbh5tn2vc",,21,CON,A01,Drake,JAC142755,54526,32004a41-4314-2755-8963-72263ab16ddf,2022,2022,SF,61
2022,SF,RB,RB,32,INA,Tyrion Davis-Price,Tyrion,Davis-Price,2000-10-23,73.0,223,Louisiana State,00-0037827,4426475,052cdbeb-f758-4110-ac1a-675cd0335db9,,15986,,,,8211,0,"https://static.www.nfl.com/image/private/f_auto,q_auto/league/oor9ikpohxt5hjy3g0op",,21,CON,A01,Tyrion,DAV822552,54558,32004441-5682-2552-baf3-6579c14749f1,2022,2022,SF,93
2022,SF,WR,WR,6,ACT,Danny Gray,Danny,Gray,1999-04-01,72.0,199,Southern Methodist,00-0037828,4689546,7ec60efe-5dd3-43c3-b76f-f0d00589fdc3,,15804,,,,8176,0,"https://static.www.nfl.com/image/private/f_auto,q_auto/league/ylas2cnqa8gclhlpuubp",WR,21,CON,A01,Danny,GRA634809,54570,32004752-4163-4809-531b-babc7b7cfc27,2022,2022,SF,105
2022,SF,OL,G,74,ACT,Spencer Burford,Spencer,Burford,2000-07-19,76.0,295,Texas-San Antonio,00-0037829,,,,,,,,,0,"https://static.www.nfl.com/image/private/f_auto,q_auto/league/g1prsmlt78x8ifet9uyv",G,21,CON,A01,Spencer,BUR054996,54599,32004255-5205-4996-13f9-5da6af74dbe3,2022,2022,SF,134
2022,SF,DB,CB,26,ACT,Samuel Womack,Samuel,Womack,1999-07-07,70.0,187,Toledo,00-0037830,,,,,,,,,0,"https://static.www.nfl.com/image/private/f_auto,q_auto/league/wfsgs6kcwxiwnth8otrj",,21,CON,A01,Samuel,WOM575781,54637,3200574f-4d57-5781-f3e0-5ebe948d2726,2022,2022,SF,172
2022,SF,OL,G,63,INA,Nick Zakelj,Nick,Zakelj,1999-06-22,78.0,325,Fordham,00-0037831,,,,,,,,,0,"https://static.www.nfl.com/image/private/f_auto,q_auto/league/cswylykq9g5qc40wfdxo",,21,CON,A01,Nick,ZAK415291,54652,32005a41-4b41-5291-1379-49d89d7d5d61,2022,2022,SF,187
2022,SF,DL,DT,93,RES,Kalia Davis,Kalia,Davis,1998-10-02,74.0,310,Central Florida,00-0037832,,,,,,,,,0,"https://static.www.nfl.com/image/private/f_auto,q_auto/league/p4uarmsnacg65acoc9gd",,21,CON,R05,Kalia,DAV499582,54685,32004441-5649-9582-57b7-60e9bb6e636d,2022,2022,SF,220
2022,WAS,DB,CB,40,RES,Tariq Castro-Fields,Tariq,Castro-Fields,1999-01-14,73.0,195,Penn State,00-0037833,,,,,,,,,0,,,18,REG,R48,Tariq,CAS813723,54686,32004341-5381-3723-4278-00f731f5952b,2022,2022,SF,221
2022,SF,QB,QB,13,ACT,Brock Purdy,Brock,Purdy,1999-12-27,73.0,212,Iowa State,00-0037834,,d5aef708-ad61-4ab8-a637-62ff96e92040,,15834,,,,8183,0,"https://static.www.nfl.com/image/private/f_auto,q_auto/league/hdwbdlyiose4znenx5ed",QB,21,CON,A01,Brock,PUR243289,54727,32005055-5224-3289-b108-8aab5e23b748,2022,2022,SF,262
2022,TB,OL,G,67,ACT,Luke Goedeke,Luke,Goedeke,1998-11-21,77.0,310,Central Michigan,00-0037835,,,,,,,,,0,"https://static.www.nfl.com/image/private/f_auto,q_auto/league/ljbny4thfqvap3itkkrv",G,19,WC,A01,Luke,GOE594395,54522,3200474f-4559-4395-107c-2bd9a4a78094,2022,2022,TB,57
2022,LA,OL,G,60,RES,Logan Bruss,Logan,Bruss,1998-10-06,77.0,310,Wisconsin,00-0037836,,,,,,,,,0,"https://static.www.nfl.com/image/private/f_auto,q_auto/league/llqhcifqywoahltuqcyh",,18,REG,R01,Logan,BRU813072,54569,32004252-5581-3072-7020-8fc2225cd6fb,2022,2022,LA,104
2022,PIT,WR,WR,19,RES,Calvin Austin,Calvin,Austin,1999-03-24,69.0,162,Memphis,00-0037837,4243389,a95271f7-6dae-4b43-94fd-3ff04b15d4c4,,15874,,,,8125,0,"https://static.www.nfl.com/image/private/f_auto,q_auto/league/xxdaunjs446jwx9izdp1",,18,REG,R01,Calvin,AUS738004,54603,32004155-5373-8004-5ff3-52f1c2b4fb0b,2022,2022,PIT,138
2022,BAL,TE,TE,80,ACT,Isaiah Likely,Isaiah,Likely,2000-04-18,76.0,240,Coastal Carolina,00-0037838,4361050,f9279edb-cfa7-4f7d-91df-b81cbf3e133e,,16033,,,,8131,0,"https://static.www.nfl.com/image/private/f_auto,q_auto/league/yim14kgskufmu8sfowvg",SLOT_WR,19,WC,A01,Isaiah,LIK088990,54604,32004c49-4b08-8990-7695-dc4768035012,2022,2022,BAL,139
2022,LA,DB,CB,14,ACT,Cobie Durant,Decobie,Durant,1998-02-09,71.0,175,South Carolina State,00-0037839,,,,,,,,,0,"https://static.www.nfl.com/image/private/f_auto,q_auto/league/bnxe1uab3diwqjt5g5jy",SLOT_CB,18,REG,A01,Cobie,DUR101849,54607,32004455-5210-1849-241d-bd57a0845029,2022,2022,LA,142
2022,LA,RB,RB,23,ACT,Kyren Williams,Kyren,Williams,2000-08-26,69.0,199,Notre Dame,00-0037840,4430737,19d44771-8f1d-4127-9b7d-230da137f15d,,15807,,,,8150,0,"https://static.www.nfl.com/image/private/f_auto,q_auto/league/vpmtbmdlas24gkccaffk",,18,REG,A01,Kyren,WIL415359,54629,32005749-4c41-5359-809b-caeaa1db84d0,2022,2022,LA,164
2022,LA,DB,DB,37,ACT,Quentin Lake,Quentin,Lake,1999-01-29,73.0,205,UCLA,00-0037841,,,,,,,,,0,"https://static.www.nfl.com/image/private/f_auto,q_auto/league/q9blqsyrho2cwshqvah8",SAFETY,18,REG,A01,Quentin,LAK415666,54676,32004c41-4b41-5666-ff9b-b066db8a2f2e,2022,2022,LA,211
2022,LA,DB,CB,6,ACT,Derion Kendrick,Derion,Kendrick,2000-08-24,72.0,190,Georgia,00-0037842,,,,,,,,,0,"https://static.www.nfl.com/image/private/f_auto,q_auto/league/jbsryyp8tuswsp2ismee",,18,REG,A01,Derion,KEN059344,54677,32004b45-4e05-9344-2576-7ccf3101d997,2022,2022,LA,212
2022,LA,LB,LB,44,ACT,Daniel Hardy,Daniel,Hardy,1998-12-15,75.0,240,Montana State,00-0037843,,a4ff5690-ba65-4edf-b97b-b001667e1bc5,,16287,,,,8520,0,"https://static.www.nfl.com/image/private/f_auto,q_auto/league/hrb9puq5ouqelvrfq4sd",EDGE,18,REG,A01,Daniel,HAR091976,54700,32004841-5209-1976-1e8c-a0462f3fbfcd,2022,2022,LA,235
2022,LA,DB,FS,21,ACT,Russ Yeast,Craig,Yeast,1999-05-08,70.0,195,Kansas State,00-0037844,,,,,,,,,0,"https://static.www.nfl.com/image/private/f_auto,q_auto/league/di1tiho90vzo9tgtmhdb",SAFETY,18,REG,A01,Russ,YEA525112,54718,32005945-4152-5112-3001-0e8ff46b01f3,2022,2022,LA,253
2022,LA,OL,T,61,ACT,A.J. Arcuri,A.J.,Arcuri,1997-08-13,79.0,320,Michigan State,00-0037845,,,,,,,,,0,,T,18,REG,A01,A.J.,ARC716900,54726,32004152-4371-6900-5185-8cdd66b2ad11,2022,2022,LA,261
2022,BAL,DB,CB,22,INA,Damarion Williams,Damarion,Williams,1998-07-15,70.0,180,Houston,00-0037984,,,,,,,,,0,"https://static.www.nfl.com/image/private/f_auto,q_auto/league/p11ij0ukitsmrk1vvvxk",,19,WC,A01,Damarion,WIL464456,54606,32005749-4c46-4456-6514-9bad7b078f8d,2022,2022,BAL,141
2022,BAL,DB,FS,14,ACT,Kyle Hamilton,Kyle,Hamilton,2001-03-16,76.0,220,Notre Dame,00-0038038,,,,,,,,,0,"https://static.www.nfl.com/image/private/f_auto,q_auto/league/gmkgxvjai1dyfsu9t8t8",SLOT_CB,19,WC,A01,Kyle,HAM246970,54479,32004841-4d24-6970-5c23-1fbf7506b4a0,2022,2022,BAL,14
2022,NE,DB,CB,13,RES,Jack Jones,Jack,Jones,1997-12-20,71.0,170,Arizona State,00-0038039,,,,,,,,,0,"https://static.www.nfl.com/image/private/f_auto,q_auto/league/vvpqtujrb8ftfnjpwqgi",,18,REG,R33,Jack,JON403934,54586,32004a4f-4e40-3934-31a5-290d0def1a4b,2022,2022,NE,121
2022,LV,RB,RB,35,ACT,Zamir White,Zamir,White,1999-09-18,72.0,215,Georgia,00-0038040,4361777,440d7750-672e-4293-8eb0-89b241a498eb,,15852,,,,8139,0,"https://static.www.nfl.com/image/private/f_auto,q_auto/league/lrfhqlmlwvxziwmwvf9k",RB,18,REG,A01,Zamir,WHI603663,54587,32005748-4960-3663-61e2-3aa5c09bf289,2022,2022,LV,122
2022,DAL,TE,TE,87,ACT,Jake Ferguson,Jake,Ferguson,1999-01-18,77.0,250,Wisconsin,00-0038041,4242355,f46eab3d-d7dd-4420-b3f9-6da9ac1308ab,,15947,,,,8110,0,"https://static.www.nfl.com/image/private/f_auto,q_auto/league/i4rpp2rgrajl3az3j2kz",TE,20,DIV,A01,Jake,FER146119,54594,32004645-5214-6119-2797-33878db83d5a,2022,2022,DAL,129
2022,TB,P,P,5,ACT,Jake Camarda,Jake,Camarda,1999-04-20,73.0,180,Georgia,00-0038042,,,,,,,,,0,"https://static.www.nfl.com/image/private/f_auto,q_auto/league/qytmlvppc8gbnoaen0yz",,19,WC,A01,Jake,CAM013278,54598,32004341-4d01-3278-6483-bc919efd064d,2022,2022,TB,133
2022,KC,DB,CB,23,ACT,Joshua Williams,Joshua,Williams,1999-10-17,75.0,197,Fayetteville State,00-0038043,,,,,,,,,0,"https://static.www.nfl.com/image/private/f_auto,q_auto/league/bezcein7tqy08fvvshdk",CB,22,SB,A01,Joshua,WIL390045,54600,32005749-4c39-0045-26bc-da18b5af59e0,2022,2022,KC,135
2022,IND,DL,DT,,CUT,Caeveon Patton,Caeveon,Patton,,72.0,289,Texas State,00-0038044,,,,,,,,,0,,,1,REG,A01,Caeveon,PAT588045,55364,32005041-5458-8045-7cbc-5003104672a7,2022,2022,,
2022,LAC,RB,RB,28,INA,Isaiah Spiller,Isaiah,Spiller,2001-08-09,73.0,215,Texas A&amp;M,00-0038045,4426891,c77e2eb3-ae90-4819-afb1-c6f88e558717,,15908,,,,8153,0,"https://static.www.nfl.com/image/private/f_auto,q_auto/league/h5tla3qphh2b3ocr9p1b",,19,WC,A01,Isaiah,SPI358127,54588,32005350-4935-8127-e160-a345616324a2,2022,2022,LAC,123
2022,BAL,TE,TE,88,INA,Charlie Kolar,Charlie,Kolar,1999-02-10,78.0,255,Iowa State,00-0038046,4241263,3c048ac9-2c0f-4bf0-9ddc-ce99c9387ac8,,15924,,,,8127,0,"https://static.www.nfl.com/image/private/f_auto,q_auto/league/nzsrfh5cm1eyxmynqgyw",,19,WC,A01,Charlie,KOL030762,54593,32004b4f-4c03-0762-5d66-fe5bd3776993,2022,2022,BAL,128
2022,WAS,OL,T,62,ACT,Alex Akingbulu,Alexander,Akingbulu,1997-12-28,77.0,300,Fresno State,00-0038073,,,,,,,,,0,,,18,REG,A01,Alex,AKI360621,55350,3200414b-4936-0621-3f02-4a6666bf5db1,2022,2022,,
2022,KC,WR,WR,24,ACT,Skyy Moore,Skyy,Moore,2000-09-10,70.0,195,Western Michigan,00-0038090,4430191,1c8a4510-786c-4bc2-a9e9-e491b688206f,,16005,,,,8168,0,"https://static.www.nfl.com/image/private/f_auto,q_auto/league/nkvb3cfmw6kzzwvu5egh",WR,22,SB,A01,Skyy,MOO678505,54519,32004d4f-4f67-8505-ee46-18aa406b13ff,2022,2022,KC,54
2022,LAC,DB,FS,22,INA,J.T. Woods,J.T.,Woods,2000-06-10,74.0,193,Baylor,00-0038091,,,,,,,,,0,"https://static.www.nfl.com/image/private/f_auto,q_auto/league/mg899qgnuea0gaswlayh",,19,WC,A01,J.T.,WOO516814,54544,3200574f-4f51-6814-68e6-23f4de50c215,2022,2022,LAC,79
2022,MIA,WR,WR,18,ACT,Erik Ezukanma,Erik,Ezukanma,2000-01-25,74.0,220,Texas Tech,00-0038092,4362186,7934c2db-a5f1-404c-a313-74a8aacd5946,,15815,,,,8114,0,"https://static.www.nfl.com/image/private/f_auto,q_auto/league/qrevp2mnmtifjj4oamka",,19,WC,A01,Erik,EZU415291,54590,3200455a-5541-5291-fee6-830dca8a2c2a,2022,2022,MIA,125
2022,LV,DL,DT,92,ACT,Neil Farrell,Neil,Farrell,1998-09-09,76.0,325,Louisiana State,00-0038093,,,,,,,,,0,"https://static.www.nfl.com/image/private/f_auto,q_auto/league/oyyposelqxsabgwwqrxv",INTERIOR_LINE,18,REG,A01,Neil,FAR641809,54591,32004641-5264-1809-148a-81c578ef7528,2022,2022,LV,126
2022,BAL,P,P,11,ACT,Jordan Stout,Jordan,Stout,1998-08-04,75.0,209,Penn State,00-0038094,,,,,,,,,0,"https://static.www.nfl.com/image/private/f_auto,q_auto/league/uarj6jgp0uj6dvllwp1l",,19,WC,A01,Jordan,STO727243,54595,32005354-4f72-7243-90d9-b44242223591,2022,2022,BAL,130
2022,CIN,OL,G,67,ACT,Cordell Volson,Cordell,Volson,1998-07-20,78.0,310,North Dakota State,00-0038095,,,,,,,,,0,"https://static.www.nfl.com/image/private/f_auto,q_auto/league/wowrrev7s1o0tpxlx2zf",G,21,CON,A01,Cordell,VOL525986,54601,3200564f-4c52-5986-6322-2a4e76aa5d7a,2022,2022,CIN,136
2022,DET,DL,DT,93,ACT,Josh Paschal,Joshua,Paschal,1999-12-17,75.0,278,Kentucky,00-0038096,,,,,,,,,0,"https://static.www.nfl.com/image/private/f_auto,q_auto/league/aeluzuvf32wqvshtdzxk",INTERIOR_LINE,18,REG,A01,Josh,PAS068486,54511,32005041-5306-8486-93fc-0cae1c9cca7f,2022,2022,DET,46
2022,CLE,K,K,3,ACT,Cade York,Cade,York,2001-01-27,73.0,198,Louisiana State,00-0038097,,,,,,,,,0,"https://static.www.nfl.com/image/private/f_auto,q_auto/league/hjhrkw2yys3w12fr6txt",,18,REG,A01,Cade,YOR189231,54589,3200594f-5218-9231-4f07-a8c61570ffb2,2022,2022,CLE,124
2022,NE,RB,RB,35,ACT,Pierre Strong,Pierre,Strong,1998-12-10,71.0,205,South Dakota State,00-0038098,4249836,8a9a3c7f-57a1-4064-9bda-2c7fad7b5c01,,16102,,,,8116,0,"https://static.www.nfl.com/image/private/f_auto,q_auto/league/axh4mfownlejilhvuula",RB,18,REG,A01,Pierre,STR658099,54592,32005354-5265-8099-4e5a-fedfdfa80694,2022,2022,NE,127
2022,WAS,DL,DT,98,RES,Phidarian Mathis,Phidarian,Mathis,1998-04-26,76.0,312,Alabama,00-0038099,,,,,,,,,0,"https://static.www.nfl.com/image/private/f_auto,q_auto/league/pkvtchj2ekmmgaxxzhja",,18,REG,R01,Phidarian,MAT207640,54512,32004d41-5420-7640-f14c-a7c721d10460,2022,2022,WAS,47
2022,WAS,DB,FS,35,ACT,Percy Butler,Percy,Butler,2000-05-05,72.0,191,Louisiana-Lafayette,00-0038100,,,,,,,,,0,"https://static.www.nfl.com/image/private/f_auto,q_auto/league/ltfhgwwgurxe3od1rnoo",SAFETY,18,REG,A01,Percy,BUT505144,54578,32004255-5450-5144-be69-4944f2b68871,2022,2022,WAS,113
2022,MIN,DB,CB,21,RES,Akayleb Evans,Akayleb,Evans,1999-06-22,74.0,193,Missouri,00-0038101,,,,,,,,,0,"https://static.www.nfl.com/image/private/f_auto,q_auto/league/sa3sn1idasijydb3du3w",,19,WC,R01,Akayleb,EVA006904,54583,32004556-4100-6904-e210-44afe72b61e1,2022,2022,MIN,118
2022,PIT,QB,QB,8,ACT,Kenny Pickett,Kenny,Pickett,1998-06-06,75.0,220,Pittsburgh,00-0038102,4240703,ef7ae1f1-4ebe-4759-bbb3-32bd177ace08,,15841,,,,8160,0,"https://static.www.nfl.com/image/private/f_auto,q_auto/league/vbabaquryx2jw1uahay2",QB,18,REG,A01,Kenny,PIC777233,54485,32005049-4377-7233-6101-772adaebe15c,2022,2022,PIT,20
2022,NE,OL,G,69,ACT,Cole Strange,Devin,Strange,1998-07-31,77.0,301,Chattanooga,00-0038103,,,,,,,,,0,"https://static.www.nfl.com/image/private/f_auto,q_auto/league/py8dsktpdewirv9hpcpw",G,18,REG,A01,Cole,STR191447,54494,32005354-5219-1447-a46e-56c3beaaebab,2022,2022,NE,29
2022,NE,WR,WR,11,ACT,Tyquan Thornton,Tyquan,Thornton,2000-08-07,74.0,180,Baylor,00-0038104,4362921,74cda487-2026-42e0-ae32-77f3502cfb11,,15831,,,,8188,0,"https://static.www.nfl.com/image/private/f_auto,q_auto/league/bcmm5vukl8h6ow6ioemv",WR,18,REG,A01,Tyquan,THO797153,54515,32005448-4f79-7153-e52f-fb28090a0034,2022,2022,NE,50
2022,DEN,DB,CB,27,INA,Damarri Mathis,Damarri,Mathis,1999-04-12,71.0,195,Pittsburgh,00-0038105,,,,,,,,,0,"https://static.www.nfl.com/image/private/f_auto,q_auto/league/mk5qdrzyvna7p8khqqhk",,18,REG,A01,Damarri,MAT195642,54580,32004d41-5419-5642-6636-1e4cc21e742d,2022,2022,DEN,115
2022,DEN,DL,DE,96,ACT,Eyioma Uwazurike,Eyioma,Uwazurike,1998-05-06,78.0,285,Iowa State,00-0038106,,,,,,,,,0,"https://static.www.nfl.com/image/private/f_auto,q_auto/league/i3fvaifk3z2oyee49px0",INTERIOR_LINE,18,REG,A01,Eyioma,UWA189231,54581,32005557-4118-9231-ead9-e9cc16e8088b,2022,2022,DEN,116
2022,NYJ,DL,DE,72,ACT,Micheal Clemons,Micheal,Clemons,1997-08-21,77.0,270,Texas A&amp;M,00-0038107,,,,,,,,,0,,EDGE,18,REG,A01,Micheal,CLE454836,54582,3200434c-4545-4836-3238-6d06b8f5a940,2022,2022,NYJ,117
2022,NE,QB,QB,4,ACT,Bailey Zappe,Bailey,Zappe,1999-04-26,73.0,220,Western Kentucky,00-0038108,,14926860-abef-45a9-b8f6-e66103ca6029,,15975,,,,8157,0,"https://static.www.nfl.com/image/private/f_auto,q_auto/league/iwpeibkv4p0ad6mxgjrq",,18,REG,A01,Bailey,ZAP470663,54602,32005a41-5047-0663-6fb0-6258fe542390,2022,2022,NE,137
2022,CHI,DB,CB,6,INA,Kyler Gordon,Kyler,Gordon,1999-12-17,72.0,195,Washington,00-0038111,,,,,,,,,0,"https://static.www.nfl.com/image/private/f_auto,q_auto/league/r5ronrf0eupityoearxh",,18,REG,A01,Kyler,GOR198616,54504,3200474f-5219-8616-e177-4605181465d0,2022,2022,CHI,39
2022,PHI,OL,C,51,ACT,Cam Jurgens,Cameron,Jurgens,1999-08-21,75.0,290,Nebraska,00-0038112,,,,,,,,,0,"https://static.www.nfl.com/image/private/f_auto,q_auto/league/t1zjgg4munuighc8a8xs",,22,SB,A01,Cam,JUR103822,54516,32004a55-5210-3822-9dbb-b91dcd3e365e,2022,2022,PHI,51
2022,CAR,LB,OLB,40,RES,Brandon Smith,Brandon,Smith,2001-04-12,75.0,241,Penn State,00-0038113,4575416,7a981b1c-91ea-4c7a-8933-3ca98fc03020,,15961,,,,8324,0,"https://static.www.nfl.com/image/private/f_auto,q_auto/league/vcldxcv2gunblcojvbwp",,18,REG,R01,Brandon,SMI082518,54585,3200534d-4908-2518-1db4-6398f06dce75,2022,2022,CAR,120
2022,NYJ,OL,T,61,RES,Max Mitchell,Max,Mitchell,1999-10-12,78.0,299,Louisiana-Lafayette,00-0038114,,,,,,,,,0,,,18,REG,R27,Max,MIT531653,54576,32004d49-5453-1653-6099-c800c0271a83,2022,2022,NYJ,111
2022,NYG,TE,TE,82,ACT,Daniel Bellinger,Daniel,Bellinger,2000-09-22,77.0,255,San Diego State,00-0038115,4361516,42a1c03e-790e-46ba-b0d5-d304e44c02c7,,16036,,,,8225,0,"https://static.www.nfl.com/image/private/f_auto,q_auto/league/hqu8d9tlejqvfhexn56r",SLOT_WR,20,DIV,A01,Daniel,BEL680916,54577,32004245-4c68-0916-b0c0-d672685a6961,2022,2022,NYG,112
2022,ATL,LB,OLB,47,ACT,Arnold Ebiketie,Arnold,Ebiketie,1999-01-23,75.0,256,Penn State,00-0038116,4257591,e8eb7f50-9331-49d8-a992-4d2804caf4fd,,15951,,,,8325,0,"https://static.www.nfl.com/image/private/f_auto,q_auto/league/vamg9mcbikhbwuzenfut",EDGE,18,REG,A01,Arnold,EBI415291,54503,32004542-4941-5291-2f5f-b9168e0c96c0,2022,2022,ATL,38
2022,NYG,WR,WR,17,RES,Wan'Dale Robinson,Charles,Robinson,2001-01-05,68.0,185,Kentucky,00-0038117,4569587,582dfe0e-98f3-48a5-8a2d-a52baa926b05,,15838,,,,8126,0,"https://static.www.nfl.com/image/private/f_auto,q_auto/league/znfhw1ep920xdrmiwy5t",,20,DIV,R01,Wan'Dale,ROB717726,54508,3200524f-4271-7726-8cbf-ec8b4c6b1627,2022,2022,NYG,43
2022,BAL,OL,T,77,ACT,Daniel Faalele,Daniel,Faalele,1999-11-09,80.0,380,Minnesota,00-0038118,,,,,,,,,0,"https://static.www.nfl.com/image/private/f_auto,q_auto/league/rs9xgfqdbg8cppzeluin",TE,19,WC,A01,Daniel,FAA285512,54575,32004641-4128-5512-32d8-b85043c109b6,2022,2022,BAL,110
2022,BAL,DB,CB,5,RES,Jalyn Armour-Davis,Jalyn,Armour-Davis,1999-09-03,73.0,192,Alabama,00-0038119,,,,,,,,,0,"https://static.www.nfl.com/image/private/f_auto,q_auto/league/bageg3vo6izvdbxzuiab",,19,WC,R01,Jalyn,ARM046414,54584,32004152-4d04-6414-93f6-f7dc9dcb5422,2022,2022,BAL,119
2022,NYJ,RB,RB,20,RES,Breece Hall,Breece,Hall,2001-05-31,73.0,220,Iowa State,00-0038120,4427366,db1053d7-3343-43a3-9aab-8353f10f1221,,15810,,,,8155,0,"https://static.www.nfl.com/image/private/f_auto,q_auto/league/xcuixhewoo00o7frboye",,18,REG,R01,Breece,HAL189796,54501,32004841-4c18-9796-85f0-25933f010ae8,2022,2022,NYJ,36
2022,NO,DB,CB,27,ACT,Alontae Taylor,Alontae,Taylor,1998-12-03,72.0,195,Tennessee,00-0038121,,,,,,,,,0,"https://static.www.nfl.com/image/private/f_auto,q_auto/league/v1cz6uywf4lmpwpe4eqv",CB,18,REG,A01,Alontae,TAY007703,54514,32005441-5900-7703-7352-ba6d35ffd615,2022,2022,NO,49
2022,ATL,QB,QB,4,ACT,Desmond Ridder,Desmond,Ridder,1999-08-31,75.0,215,Cincinnati,00-0038122,4239086,6bf35760-217c-401d-b80b-2ae7cc5d7564,,15928,,,,8159,0,"https://static.www.nfl.com/image/private/f_auto,q_auto/league/rebdm2dseuoscrqpzbpv",QB,18,REG,A01,Desmond,RID080474,54539,32005249-4408-0474-6bc7-b6ac95881989,2022,2022,ATL,74
2022,NYG,DB,FS,24,ACT,Dane Belton,Dane,Belton,2000-12-07,73.0,205,Iowa,00-0038123,,,,,,,,,0,"https://static.www.nfl.com/image/private/f_auto,q_auto/league/elpfubqebspe1qzjokr5",,20,DIV,A01,Dane,BEL779644,54579,32004245-4c77-9644-30b4-fa0c97f77e59,2022,2022,NYG,114
2022,GB,WR,WR,9,ACT,Christian Watson,Christian,Watson,1999-05-12,77.0,208,North Dakota State,00-0038124,4248528,47d97f44-b4aa-46d2-816c-5b5a1fe48d46,,15946,,,,8167,0,"https://static.www.nfl.com/image/private/f_auto,q_auto/league/gvusv3krvdk69c1zyac9",WR,18,REG,A01,Christian,WAT316591,54499,32005741-5431-6591-b680-d3a3d3536d62,2022,2022,GB,34
2022,TEN,DB,CB,21,ACT,Roger McCreary,Roger,McCreary,2000-02-10,71.0,188,Auburn,00-0038125,,,,,,,,,0,"https://static.www.nfl.com/image/private/f_auto,q_auto/league/tsny4nspmalglebiupwh",CB,18,REG,A01,Roger,MCC700734,54500,32004d43-4370-0734-eba8-250c4b4f71dd,2022,2022,TEN,35
2022,CLE,DL,DT,97,ACT,Perrion Winfrey,Perrion,Winfrey,2000-08-15,76.0,290,Oklahoma,00-0038126,,,,,,,,,0,"https://static.www.nfl.com/image/private/f_auto,q_auto/league/otpoa93doqyioj8dyjj4",INTERIOR_LINE,18,REG,A01,Perrion,WIN183492,54573,32005749-4e18-3492-38d6-6dddd2e4f230,2022,2022,CLE,108
2022,TB,DL,DE,90,ACT,Logan Hall,Logan,Hall,2000-04-22,78.0,275,Houston,00-0038127,,,,,,,,,0,"https://static.www.nfl.com/image/private/f_auto,q_auto/league/qvrvvxy9rgmsrakw6lvg",INTERIOR_LINE,19,WC,A01,Logan,HAL437521,54498,32004841-4c43-7521-4ad9-174728809134,2022,2022,TB,33
2022,TEN,QB,QB,7,ACT,Malik Willis,Malik,Willis,1999-05-25,73.0,215,Liberty,00-0038128,4242512,55aefcf9-4dfb-4994-883f-4d537a6f1ddb,,15872,,,,8161,0,"https://static.www.nfl.com/image/private/f_auto,q_auto/league/mbxvnzx6azveir76pbbu",,18,REG,A01,Malik,WIL614428,54551,32005749-4c61-4428-8345-922a57c28423,2022,2022,TEN,86
2022,TB,TE,TE,88,ACT,Cade Otton,Cade,Otton,1999-04-15,77.0,250,Washington,00-0038129,4243331,f23517bd-ae85-484a-8ecb-1f7a2d851e48,,16032,,,,8111,0,"https://static.www.nfl.com/image/private/f_auto,q_auto/league/hqxroxrpcxjttwnuuqw7",SLOT_WR,19,WC,A01,Cade,OTT712400,54571,32004f54-5471-2400-c87d-346814f25b06,2022,2022,TB,106
2022,MIN,DB,CB,23,RES,Andrew Booth,Andrew,Booth,2000-09-28,72.0,200,Clemson,00-0038130,,,,,,,,,0,"https://static.www.nfl.com/image/private/f_auto,q_auto/league/wyockvapnnfmu81tifbo",,19,WC,R01,Andrew,BOO655801,54507,3200424f-4f65-5801-ad70-1602d1a77627,2022,2022,MIN,42
2022,MIN,OL,G,67,ACT,Ed Ingram,Edward,Ingram,1999-02-11,75.0,295,Louisiana State,00-0038131,,,,,,,,,0,"https://static.www.nfl.com/image/private/f_auto,q_auto/league/rliozrcaonpbjlmcc5dh",G,19,WC,A01,Ed,ING508806,54524,3200494e-4750-8806-aab4-5fcd1d2432de,2022,2022,MIN,59
2022,CAR,QB,QB,9,RES,Matt Corral,Matt,Corral,1999-01-31,74.0,205,Mississippi,00-0038132,4362874,d7f4a7fe-86b6-44d8-8944-58271f1299b1,,15865,,,,8164,0,"https://static.www.nfl.com/image/private/f_auto,q_auto/league/idekdcxkpymz5exvnkc6",,18,REG,R01,Matt,COR644234,54559,3200434f-5264-4234-3a2e-d0d8c1f80e47,2022,2022,CAR,94
2022,SEA,LB,OLB,53,ACT,Boye Mafe,Boye,Mafe,1998-11-30,76.0,265,Minnesota,00-0038133,,,,,,,,,0,"https://static.www.nfl.com/image/private/f_auto,q_auto/league/fe1daindcovej6yt9p7u",EDGE,19,WC,A01,Boye,MAF415291,54505,32004d41-4641-5291-9981-cb7520c897a8,2022,2022,SEA,40
2022,SEA,RB,RB,9,ACT,Kenneth Walker,Kenneth,Walker,2000-10-20,69.0,210,Michigan State,00-0038134,4567048,22ee9bac-a64c-4d44-94fc-51d775465b3b,,15909,,,,8151,0,"https://static.www.nfl.com/image/private/f_auto,q_auto/league/rwdj1bljth8fyojof5dp",RB,19,WC,A01,Kenneth,WAL391813,54506,32005741-4c39-1813-7d3e-48047712136d,2022,2022,SEA,41
2022,CHI,DB,SS,9,ACT,Jaquan Brisker,Jaquan,Brisker,1999-04-20,73.0,202,Penn State,00-0038135,,,,,,,,,0,"https://static.www.nfl.com/image/private/f_auto,q_auto/league/ngeeqeuv0xggyp7v6vv7",SAFETY,18,REG,A01,Jaquan,BRI510710,54513,32004252-4951-0710-8404-b0ee093c3ade,2022,2022,CHI,48
2022,SEA,DB,CB,8,ACT,Coby Bryant,Coby,Bryant,1999-03-29,73.0,198,Cincinnati,00-0038136,,,,,,,,,0,"https://static.www.nfl.com/image/private/f_auto,q_auto/league/bn6yv07vx1qmhntf289d",SLOT_CB,19,WC,A01,Coby,BRY315524,54574,32004252-5931-5524-34ba-e97d65e0393c,2022,2022,SEA,109
2022,JAX,DB,DB,35,DEV,Ayo Oyelola,Ayo,Oyelola,1998-10-19,71.0,272,No College,00-0038141,,,,,,,,,1,"https://static.www.nfl.com/image/private/f_auto,q_auto/league/bpeyu3nuvuhhratekssr",,20,DIV,P03,Ayo,OYE415291,54151,32004f59-4541-5291-ad67-7ba19b79016e,2021,2022,,
2022,BAL,LB,LB,90,ACT,David Ojabo,David,Ojabo,2000-05-17,76.0,250,Michigan,00-0038142,,6f19e499-48e5-495d-b889-523fbba45608,,15927,,,,8287,0,"https://static.www.nfl.com/image/private/f_auto,q_auto/league/sldmrjskelz8ehlnyndd",EDGE,19,WC,A01,David,OJA415291,54510,32004f4a-4141-5291-9c6d-849217a312b3,2022,2022,BAL,45
2022,IND,DB,DB,42,DEV,Marcel Dabo,Marcel,Dabo,2000-01-10,72.0,208,No College,00-0038143,,,,,,,,,0,"https://static.www.nfl.com/image/private/f_auto,q_auto/league/wedhqw5j58mtl9qpu457",,18,REG,P03,Marcel,DAB431263,55065,32004441-4243-1263-fdb5-55eefce68ed1,2022,2022,,
2022,HOU,DL,DE,75,DEV,Adedayo Odeleye,Adedayo,Odeleye,1997-10-17,77.0,272,No College,00-0038144,,,,,,,,,0,"https://static.www.nfl.com/image/private/f_auto,q_auto/league/eykdpl1qxg7kqwawptgu",,18,REG,P03,Adedayo,ODE237549,55066,32004f44-4523-7549-5550-3dcc973b376e,2022,2022,,
2022,TEN,TE,TE,49,DEV,Thomas Odukoya,Thomas,Odukoya,1997-05-05,78.0,260,Eastern Michigan,00-0038145,,,,,,,,,0,"https://static.www.nfl.com/image/private/f_auto,q_auto/league/mb7oru5v9lxr3mpiegx0",,18,REG,P03,Thomas,ODU200895,55197,32004f44-5520-0895-249c-72e3f2b54c5b,2022,2022,,
2022,NE,LB,LB,59,CUT,Nate Wieland,Nate,Wieland,,76.0,234,Grand View,00-0038146,,,,,,,,,0,,,1,REG,W03,Nate,WIE401495,55432,32005749-4540-1495-e89d-28c87c2a4dca,2022,2022,,
2022,CLE,WR,WR,17,DEV,Daylen Baldwin,Daylen,Baldwin,1999-11-24,74.0,219,Michigan,00-0038147,,bdfc7130-1351-11ed-9aaa-89106bfa2f85,,16169,,,,8928,0,,,18,REG,P01,Daylen,BAL305182,55503,32004241-4c30-5182-cce9-a43158f7cd58,2022,2022,,
2022,CHI,OL,C,59,CUT,Corey Dublin,Corey,Dublin,,74.0,299,Tulane,00-0038148,,,,,,,,,0,,,1,REG,W03,Corey,DUB247039,55548,32004455-4224-7039-763d-a7e376e99a18,2022,2022,,
2022,ATL,WR,WR,80,ACT,Josh Ali,Josh,Ali,1999-03-03,72.0,193,Kentucky,00-0038149,,,,,,,,,0,,WR,18,REG,A01,Josh,ALI103821,55557,3200414c-4910-3821-d8c6-6a2f067ca6cc,2022,2022,,
2022,JAX,QB,QB,,RES,Nathan Rourke,Nathan,Rourke,,,210,,,,,,,,,,,2,,,20,DIV,R23,Nathan,,54152,,2020,,,
